{"type": "FeatureCollection", "features": [{"type": "Feature", "geometry": {"type": "LineString", "coordinates": [[-55.7672023, -26.752401], [-55.7664817, -26.7534373]]}, "properties": {"osmid": "160086696", "oneway": "True", "lanes": "2", "ref": NaN, "name": NaN, "highway": "tertiary", "length": 135.638, "maxspeed": NaN, "bridge": NaN, "access": NaN, "tunnel": NaN, "junction": NaN, "width": NaN, "service": NaN, "roughness": 5.0}}, {"type": "Feature", "geometry": {"type": "LineString", "coordinates": [[-55.7664817, -26.7534373], [-55.7659381, -26.7542506]]}, "properties": {"osmid": "160086696", "oneway": "True", "lanes": "2", "ref": NaN, "name": NaN, "highway": "tertiary", "length": 105.317, "maxspeed": NaN, "bridge": NaN, "access": NaN, "tunnel": NaN, "junction": NaN, "width": NaN, "service": NaN, "roughness": 5.0}}, {"type": "Feature", "geometry": {"type": "LineString", "coordinates": [[-55.7659381, -26.7542506], [-55.7658076, -26.7543523]]}, "properties": {"osmid": "160086696", "oneway": "True", "lanes": "2", "ref": NaN, "name": NaN, "highway": "tertiary", "length": 17.198, "maxspeed": NaN, "bridge": NaN, "access": NaN, "tunnel": NaN, "junction": NaN, "width": NaN, "service": NaN, "roughness": 5.0}}, {"type": "Feature", "geometry": {"type": "LineString", "coordinates": [[-55.7658076, -26.7543523], [-55.7655525, -26.7546938]]}, "properties": {"osmid": "160090709", "oneway": "False", "lanes": "2", "ref": NaN, "name": NaN, "highway": "tertiary", "length": 45.646, "maxspeed": NaN, "bridge": NaN, "access": NaN, "tunnel": NaN, "junction": NaN, "width": NaN, "service": NaN, "roughness": 5.0}}, {"type": "Feature", "geometry": {"type": "LineString", "coordinates": [[-55.7655525, -26.7546938], [-55.7651867, -26.755228]]}, "properties": {"osmid": "160090709", "oneway": "False", "lanes": "2", "ref": NaN, "name": NaN, "highway": "tertiary", "length": 69.625, "maxspeed": NaN, "bridge": NaN, "access": NaN, "tunnel": NaN, "junction": NaN, "width": NaN, "service": NaN, "roughness": 5.0}}, {"type": "Feature", "geometry": {"type": "LineString", "coordinates": [[-55.7651867, -26.755228], [-55.7651751, -26.7552514]]}, "properties": {"osmid": "160090709", "oneway": "False", "lanes": "2", "ref": NaN, "name": NaN, "highway": "tertiary", "length": 2.845, "maxspeed": NaN, "bridge": NaN, "access": NaN, "tunnel": NaN, "junction": NaN, "width": NaN, "service": NaN, "roughness": 5.0}}, {"type": "Feature", "geometry": {"type": "LineString", "coordinates": [[-55.7651751, -26.7552514], [-55.7647606, -26.7558584]]}, "properties": {"osmid": "160090709", "oneway": "False", "lanes": "2", "ref": NaN, "name": NaN, "highway": "tertiary", "length": 79.053, "maxspeed": NaN, "bridge": NaN, "access": NaN, "tunnel": NaN, "junction": NaN, "width": NaN, "service": NaN, "roughness": 5.0}}]}