{"type": "FeatureCollection", "features": [{"type": "Feature", "geometry": {"type": "LineString", "coordinates": [[-57.1584956, -25.1963343], [-57.1595256, -25.2003048]]}, "properties": {"osmid": "411099144", "oneway": "False", "lanes": NaN, "ref": NaN, "name": NaN, "highway": "unclassified", "length": 453.5, "maxspeed": NaN, "bridge": NaN, "access": NaN, "tunnel": NaN, "junction": NaN, "width": NaN, "service": NaN, "roughness": 5.0}}, {"type": "Feature", "geometry": {"type": "LineString", "coordinates": [[-57.1595256, -25.2003048], [-57.1596575, -25.2004665]]}, "properties": {"osmid": "411099144", "oneway": "False", "lanes": NaN, "ref": NaN, "name": NaN, "highway": "unclassified", "length": 22.347, "maxspeed": NaN, "bridge": NaN, "access": NaN, "tunnel": NaN, "junction": NaN, "width": NaN, "service": NaN, "roughness": 5.0}}, {"type": "Feature", "geometry": {"type": "LineString", "coordinates": [[-57.1596575, -25.2004665], [-57.1607496, -25.2027714]]}, "properties": {"osmid": "411099144", "oneway": "False", "lanes": NaN, "ref": NaN, "name": NaN, "highway": "unclassified", "length": 278.854, "maxspeed": NaN, "bridge": NaN, "access": NaN, "tunnel": NaN, "junction": NaN, "width": NaN, "service": NaN, "roughness": 5.0}}, {"type": "Feature", "geometry": {"type": "LineString", "coordinates": [[-57.1607496, -25.2027714], [-57.1620788, -25.2054509]]}, "properties": {"osmid": "411099144", "oneway": "False", "lanes": NaN, "ref": NaN, "name": NaN, "highway": "unclassified", "length": 326.582, "maxspeed": NaN, "bridge": NaN, "access": NaN, "tunnel": NaN, "junction": NaN, "width": NaN, "service": NaN, "roughness": 5.0}}, {"type": "Feature", "geometry": {"type": "LineString", "coordinates": [[-57.1620788, -25.2054509], [-57.1630115, -25.2073392]]}, "properties": {"osmid": "411099144", "oneway": "False", "lanes": NaN, "ref": NaN, "name": NaN, "highway": "unclassified", "length": 229.984, "maxspeed": NaN, "bridge": NaN, "access": NaN, "tunnel": NaN, "junction": NaN, "width": NaN, "service": NaN, "roughness": 5.0}}, {"type": "Feature", "geometry": {"type": "LineString", "coordinates": [[-57.1630115, -25.2073392], [-57.163303, -25.2085523]]}, "properties": {"osmid": "411099144", "oneway": "False", "lanes": NaN, "ref": NaN, "name": NaN, "highway": "unclassified", "length": 138.042, "maxspeed": NaN, "bridge": NaN, "access": NaN, "tunnel": NaN, "junction": NaN, "width": NaN, "service": NaN, "roughness": 5.0}}, {"type": "Feature", "geometry": {"type": "LineString", "coordinates": [[-57.163303, -25.2085523], [-57.1634696, -25.2091731]]}, "properties": {"osmid": "411099144", "oneway": "False", "lanes": NaN, "ref": NaN, "name": NaN, "highway": "unclassified", "length": 71.036, "maxspeed": NaN, "bridge": NaN, "access": NaN, "tunnel": NaN, "junction": NaN, "width": NaN, "service": NaN, "roughness": 5.0}}, {"type": "Feature", "geometry": {"type": "LineString", "coordinates": [[-57.1634696, -25.2091731], [-57.1636627, -25.2099424]]}, "properties": {"osmid": "411099144", "oneway": "False", "lanes": NaN, "ref": NaN, "name": NaN, "highway": "unclassified", "length": 87.721, "maxspeed": NaN, "bridge": NaN, "access": NaN, "tunnel": NaN, "junction": NaN, "width": NaN, "service": NaN, "roughness": 5.0}}, {"type": "Feature", "geometry": {"type": "LineString", "coordinates": [[-57.1636627, -25.2099424], [-57.1641079, -25.2118449]]}, "properties": {"osmid": "411099144", "oneway": "False", "lanes": NaN, "ref": NaN, "name": NaN, "highway": "unclassified", "length": 216.238, "maxspeed": NaN, "bridge": NaN, "access": NaN, "tunnel": NaN, "junction": NaN, "width": NaN, "service": NaN, "roughness": 5.0}}, {"type": "Feature", "geometry": {"type": "LineString", "coordinates": [[-57.1641079, -25.2118449], [-57.1644633, -25.2134404]]}, "properties": {"osmid": "411099144", "oneway": "False", "lanes": NaN, "ref": NaN, "name": NaN, "highway": "unclassified", "length": 180.979, "maxspeed": NaN, "bridge": NaN, "access": NaN, "tunnel": NaN, "junction": NaN, "width": NaN, "service": NaN, "roughness": 5.0}}, {"type": "Feature", "geometry": {"type": "LineString", "coordinates": [[-57.1644633, -25.2134404], [-57.1645076, -25.2136491]]}, "properties": {"osmid": "411099144", "oneway": "False", "lanes": NaN, "ref": NaN, "name": NaN, "highway": "unclassified", "length": 23.63, "maxspeed": NaN, "bridge": NaN, "access": NaN, "tunnel": NaN, "junction": NaN, "width": NaN, "service": NaN, "roughness": 5.0}}, {"type": "Feature", "geometry": {"type": "LineString", "coordinates": [[-57.1645076, -25.2136491], [-57.1645272, -25.2138056]]}, "properties": {"osmid": "462401342", "oneway": "False", "lanes": NaN, "ref": NaN, "name": NaN, "highway": "unclassified", "length": 17.513, "maxspeed": NaN, "bridge": NaN, "access": NaN, "tunnel": NaN, "junction": NaN, "width": NaN, "service": NaN, "roughness": 5.0}}, {"type": "Feature", "geometry": {"type": "LineString", "coordinates": [[-57.1645272, -25.2138056], [-57.1650169, -25.2156727]]}, "properties": {"osmid": "462401342", "oneway": "False", "lanes": NaN, "ref": NaN, "name": NaN, "highway": "unclassified", "length": 213.377, "maxspeed": NaN, "bridge": NaN, "access": NaN, "tunnel": NaN, "junction": NaN, "width": NaN, "service": NaN, "roughness": 5.0}}, {"type": "Feature", "geometry": {"type": "LineString", "coordinates": [[-57.1650169, -25.2156727], [-57.1657048, -25.2184364]]}, "properties": {"osmid": "462401342", "oneway": "False", "lanes": NaN, "ref": NaN, "name": NaN, "highway": "unclassified", "length": 315.005, "maxspeed": NaN, "bridge": NaN, "access": NaN, "tunnel": NaN, "junction": NaN, "width": NaN, "service": NaN, "roughness": 5.0}}, {"type": "Feature", "geometry": {"type": "LineString", "coordinates": [[-57.1657048, -25.2184364], [-57.1656582, -25.2188161]]}, "properties": {"osmid": "462401342", "oneway": "False", "lanes": NaN, "ref": NaN, "name": NaN, "highway": "unclassified", "length": 42.48, "maxspeed": NaN, "bridge": NaN, "access": NaN, "tunnel": NaN, "junction": NaN, "width": NaN, "service": NaN, "roughness": 5.0}}, {"type": "Feature", "geometry": {"type": "LineString", "coordinates": [[-57.1656582, -25.2188161], [-57.1658914, -25.2196388]]}, "properties": {"osmid": "462401342", "oneway": "False", "lanes": NaN, "ref": NaN, "name": NaN, "highway": "unclassified", "length": 94.44, "maxspeed": NaN, "bridge": NaN, "access": NaN, "tunnel": NaN, "junction": NaN, "width": NaN, "service": NaN, "roughness": 5.0}}, {"type": "Feature", "geometry": {"type": "LineString", "coordinates": [[-57.1658914, -25.2196388], [-57.1661298, -25.2204866]]}, "properties": {"osmid": "462401342", "oneway": "False", "lanes": NaN, "ref": NaN, "name": NaN, "highway": "unclassified", "length": 97.274, "maxspeed": NaN, "bridge": NaN, "access": NaN, "tunnel": NaN, "junction": NaN, "width": NaN, "service": NaN, "roughness": 5.0}}, {"type": "Feature", "geometry": {"type": "LineString", "coordinates": [[-57.1661298, -25.2204866], [-57.1666443, -25.2225324]]}, "properties": {"osmid": "164600433", "oneway": "False", "lanes": "2", "ref": NaN, "name": NaN, "highway": "unclassified", "length": 233.296, "maxspeed": NaN, "bridge": NaN, "access": NaN, "tunnel": NaN, "junction": NaN, "width": NaN, "service": NaN, "roughness": 5.0}}, {"type": "Feature", "geometry": {"type": "LineString", "coordinates": [[-57.1666443, -25.2225324], [-57.1668111, -25.222981]]}, "properties": {"osmid": "164600433", "oneway": "False", "lanes": "2", "ref": NaN, "name": NaN, "highway": "unclassified", "length": 52.629, "maxspeed": NaN, "bridge": NaN, "access": NaN, "tunnel": NaN, "junction": NaN, "width": NaN, "service": NaN, "roughness": 5.0}}, {"type": "Feature", "geometry": {"type": "LineString", "coordinates": [[-57.1668111, -25.222981], [-57.1674226, -25.2254657]]}, "properties": {"osmid": "164600433", "oneway": "False", "lanes": "2", "ref": NaN, "name": NaN, "highway": "unclassified", "length": 283.051, "maxspeed": NaN, "bridge": NaN, "access": NaN, "tunnel": NaN, "junction": NaN, "width": NaN, "service": NaN, "roughness": 5.0}}, {"type": "Feature", "geometry": {"type": "LineString", "coordinates": [[-57.1674226, -25.2254657], [-57.1679824, -25.2277492]]}, "properties": {"osmid": "164600433", "oneway": "False", "lanes": "2", "ref": NaN, "name": NaN, "highway": "unclassified", "length": 260.083, "maxspeed": NaN, "bridge": NaN, "access": NaN, "tunnel": NaN, "junction": NaN, "width": NaN, "service": NaN, "roughness": 5.0}}, {"type": "Feature", "geometry": {"type": "LineString", "coordinates": [[-57.1679824, -25.2277492], [-57.1685218, -25.2299475]]}, "properties": {"osmid": "164600433", "oneway": "False", "lanes": "2", "ref": NaN, "name": NaN, "highway": "unclassified", "length": 250.389, "maxspeed": NaN, "bridge": NaN, "access": NaN, "tunnel": NaN, "junction": NaN, "width": NaN, "service": NaN, "roughness": 5.0}}, {"type": "Feature", "geometry": {"type": "LineString", "coordinates": [[-57.1685218, -25.2299475], [-57.1690046, -25.2318982]]}, "properties": {"osmid": "164600433", "oneway": "False", "lanes": "2", "ref": NaN, "name": NaN, "highway": "unclassified", "length": 222.278, "maxspeed": NaN, "bridge": NaN, "access": NaN, "tunnel": NaN, "junction": NaN, "width": NaN, "service": NaN, "roughness": 5.0}}, {"type": "Feature", "geometry": {"type": "LineString", "coordinates": [[-57.1690046, -25.2318982], [-57.1698259, -25.2347925]]}, "properties": {"osmid": "164600433", "oneway": "False", "lanes": "2", "ref": NaN, "name": NaN, "highway": "unclassified", "length": 332.265, "maxspeed": NaN, "bridge": NaN, "access": NaN, "tunnel": NaN, "junction": NaN, "width": NaN, "service": NaN, "roughness": 5.0}}, {"type": "Feature", "geometry": {"type": "LineString", "coordinates": [[-57.1698259, -25.2347925], [-57.1703194, -25.2364424]]}, "properties": {"osmid": "164600433", "oneway": "False", "lanes": "2", "ref": NaN, "name": NaN, "highway": "unclassified", "length": 190.057, "maxspeed": NaN, "bridge": NaN, "access": NaN, "tunnel": NaN, "junction": NaN, "width": NaN, "service": NaN, "roughness": 5.0}}, {"type": "Feature", "geometry": {"type": "LineString", "coordinates": [[-57.1703194, -25.2364424], [-57.1705233, -25.2372333]]}, "properties": {"osmid": "164600433", "oneway": "False", "lanes": "2", "ref": NaN, "name": NaN, "highway": "unclassified", "length": 90.304, "maxspeed": NaN, "bridge": NaN, "access": NaN, "tunnel": NaN, "junction": NaN, "width": NaN, "service": NaN, "roughness": 5.0}}, {"type": "Feature", "geometry": {"type": "LineString", "coordinates": [[-57.1705233, -25.2372333], [-57.1707593, -25.238097]]}, "properties": {"osmid": "164600433", "oneway": "False", "lanes": "2", "ref": NaN, "name": NaN, "highway": "unclassified", "length": 98.929, "maxspeed": NaN, "bridge": NaN, "access": NaN, "tunnel": NaN, "junction": NaN, "width": NaN, "service": NaN, "roughness": 5.0}}, {"type": "Feature", "geometry": {"type": "LineString", "coordinates": [[-57.1707593, -25.238097], [-57.1712738, -25.240128]]}, "properties": {"osmid": "164600433", "oneway": "False", "lanes": "2", "ref": NaN, "name": NaN, "highway": "unclassified", "length": 231.69, "maxspeed": NaN, "bridge": NaN, "access": NaN, "tunnel": NaN, "junction": NaN, "width": NaN, "service": NaN, "roughness": 5.0}}, {"type": "Feature", "geometry": {"type": "LineString", "coordinates": [[-57.1712738, -25.240128], [-57.1718268, -25.2422409]]}, "properties": {"osmid": "164600433", "oneway": "False", "lanes": "2", "ref": NaN, "name": NaN, "highway": "unclassified", "length": 241.438, "maxspeed": NaN, "bridge": NaN, "access": NaN, "tunnel": NaN, "junction": NaN, "width": NaN, "service": NaN, "roughness": 5.0}}, {"type": "Feature", "geometry": {"type": "LineString", "coordinates": [[-57.1718268, -25.2422409], [-57.1722662, -25.2440291]]}, "properties": {"osmid": "164600433", "oneway": "False", "lanes": "2", "ref": NaN, "name": NaN, "highway": "unclassified", "length": 203.691, "maxspeed": NaN, "bridge": NaN, "access": NaN, "tunnel": NaN, "junction": NaN, "width": NaN, "service": NaN, "roughness": 5.0}}, {"type": "Feature", "geometry": {"type": "LineString", "coordinates": [[-57.1722662, -25.2440291], [-57.1723686, -25.244206]]}, "properties": {"osmid": "164600433", "oneway": "False", "lanes": "2", "ref": NaN, "name": NaN, "highway": "unclassified", "length": 22.203, "maxspeed": NaN, "bridge": NaN, "access": NaN, "tunnel": NaN, "junction": NaN, "width": NaN, "service": NaN, "roughness": 5.0}}, {"type": "Feature", "geometry": {"type": "LineString", "coordinates": [[-57.1723686, -25.244206], [-57.1725564, -25.2450745]]}, "properties": {"osmid": "164600435", "oneway": "False", "lanes": "2", "ref": NaN, "name": NaN, "highway": "unclassified", "length": 98.403, "maxspeed": NaN, "bridge": NaN, "access": NaN, "tunnel": NaN, "junction": NaN, "width": NaN, "service": NaN, "roughness": 5.0}}, {"type": "Feature", "geometry": {"type": "LineString", "coordinates": [[-57.1725564, -25.2450745], [-57.1725778, -25.2452637]]}, "properties": {"osmid": "164600435", "oneway": "False", "lanes": "2", "ref": NaN, "name": NaN, "highway": "unclassified", "length": 21.148, "maxspeed": NaN, "bridge": NaN, "access": NaN, "tunnel": NaN, "junction": NaN, "width": NaN, "service": NaN, "roughness": 5.0}}, {"type": "Feature", "geometry": {"type": "LineString", "coordinates": [[-57.1725778, -25.2452637], [-57.1731191, -25.2471053]]}, "properties": {"osmid": "164600435", "oneway": "False", "lanes": "2", "ref": NaN, "name": NaN, "highway": "unclassified", "length": 211.89, "maxspeed": NaN, "bridge": NaN, "access": NaN, "tunnel": NaN, "junction": NaN, "width": NaN, "service": NaN, "roughness": 5.0}}, {"type": "Feature", "geometry": {"type": "LineString", "coordinates": [[-57.1731191, -25.2471053], [-57.173323, -25.2479205]]}, "properties": {"osmid": "164600435", "oneway": "False", "lanes": "2", "ref": NaN, "name": NaN, "highway": "unclassified", "length": 92.937, "maxspeed": NaN, "bridge": NaN, "access": NaN, "tunnel": NaN, "junction": NaN, "width": NaN, "service": NaN, "roughness": 5.0}}, {"type": "Feature", "geometry": {"type": "LineString", "coordinates": [[-57.173323, -25.2479205], [-57.1735697, -25.2490704]]}, "properties": {"osmid": "164600435", "oneway": "False", "lanes": "2", "ref": NaN, "name": NaN, "highway": "unclassified", "length": 130.248, "maxspeed": NaN, "bridge": NaN, "access": NaN, "tunnel": NaN, "junction": NaN, "width": NaN, "service": NaN, "roughness": 5.0}}, {"type": "Feature", "geometry": {"type": "LineString", "coordinates": [[-57.1735697, -25.2490704], [-57.1737628, -25.249672]]}, "properties": {"osmid": "164600435", "oneway": "False", "lanes": "2", "ref": NaN, "name": NaN, "highway": "unclassified", "length": 69.657, "maxspeed": NaN, "bridge": NaN, "access": NaN, "tunnel": NaN, "junction": NaN, "width": NaN, "service": NaN, "roughness": 5.0}}, {"type": "Feature", "geometry": {"type": "LineString", "coordinates": [[-57.1737628, -25.249672], [-57.1739989, -25.2505599]]}, "properties": {"osmid": "164600435", "oneway": "False", "lanes": "2", "ref": NaN, "name": NaN, "highway": "unclassified", "length": 101.545, "maxspeed": NaN, "bridge": NaN, "access": NaN, "tunnel": NaN, "junction": NaN, "width": NaN, "service": NaN, "roughness": 5.0}}, {"type": "Feature", "geometry": {"type": "LineString", "coordinates": [[-57.1739989, -25.2505599], [-57.1744876, -25.2523473]]}, "properties": {"osmid": "164600435", "oneway": "False", "lanes": "2", "ref": NaN, "name": NaN, "highway": "unclassified", "length": 204.737, "maxspeed": NaN, "bridge": NaN, "access": NaN, "tunnel": NaN, "junction": NaN, "width": NaN, "service": NaN, "roughness": 5.0}}, {"type": "Feature", "geometry": {"type": "LineString", "coordinates": [[-57.1744876, -25.2523473], [-57.1748792, -25.2531867]]}, "properties": {"osmid": "164600435", "oneway": "False", "lanes": "2", "ref": NaN, "name": NaN, "highway": "unclassified", "length": 101.306, "maxspeed": NaN, "bridge": NaN, "access": NaN, "tunnel": NaN, "junction": NaN, "width": NaN, "service": NaN, "roughness": 5.0}}, {"type": "Feature", "geometry": {"type": "LineString", "coordinates": [[-57.1748792, -25.2531867], [-57.1718001, -25.2541425]]}, "properties": {"osmid": "164600445", "oneway": "False", "lanes": "2", "ref": NaN, "name": NaN, "highway": "unclassified", "length": 327.39, "maxspeed": NaN, "bridge": NaN, "access": NaN, "tunnel": NaN, "junction": NaN, "width": NaN, "service": NaN, "roughness": 5.0}}, {"type": "Feature", "geometry": {"type": "LineString", "coordinates": [[-57.1718001, -25.2541425], [-57.170496, -25.2545481]]}, "properties": {"osmid": "164600445", "oneway": "False", "lanes": "2", "ref": NaN, "name": NaN, "highway": "unclassified", "length": 138.688, "maxspeed": NaN, "bridge": NaN, "access": NaN, "tunnel": NaN, "junction": NaN, "width": NaN, "service": NaN, "roughness": 5.0}}, {"type": "Feature", "geometry": {"type": "LineString", "coordinates": [[-57.170496, -25.2545481], [-57.1694016, -25.2548974]]}, "properties": {"osmid": "164600445", "oneway": "False", "lanes": "2", "ref": NaN, "name": NaN, "highway": "unclassified", "length": 116.713, "maxspeed": NaN, "bridge": NaN, "access": NaN, "tunnel": NaN, "junction": NaN, "width": NaN, "service": NaN, "roughness": 5.0}}, {"type": "Feature", "geometry": {"type": "LineString", "coordinates": [[-57.1694016, -25.2548974], [-57.1691554, -25.2549964]]}, "properties": {"osmid": "164600445", "oneway": "False", "lanes": "2", "ref": NaN, "name": NaN, "highway": "unclassified", "length": 27.096, "maxspeed": NaN, "bridge": NaN, "access": NaN, "tunnel": NaN, "junction": NaN, "width": NaN, "service": NaN, "roughness": 5.0}}, {"type": "Feature", "geometry": {"type": "LineString", "coordinates": [[-57.1691554, -25.2549964], [-57.1690803, -25.2550352]]}, "properties": {"osmid": "164600445", "oneway": "False", "lanes": "2", "ref": NaN, "name": NaN, "highway": "unclassified", "length": 8.698, "maxspeed": NaN, "bridge": NaN, "access": NaN, "tunnel": NaN, "junction": NaN, "width": NaN, "service": NaN, "roughness": 5.0}}, {"type": "Feature", "geometry": {"type": "LineString", "coordinates": [[-57.1690803, -25.2550352], [-57.16901, -25.2551157]]}, "properties": {"osmid": "164600445", "oneway": "False", "lanes": "2", "ref": NaN, "name": NaN, "highway": "unclassified", "length": 11.406, "maxspeed": NaN, "bridge": NaN, "access": NaN, "tunnel": NaN, "junction": NaN, "width": NaN, "service": NaN, "roughness": 5.0}}, {"type": "Feature", "geometry": {"type": "LineString", "coordinates": [[-57.16901, -25.2551157], [-57.1689569, -25.2551953]]}, "properties": {"osmid": "164600431", "oneway": "False", "lanes": "1", "ref": NaN, "name": NaN, "highway": "unclassified", "length": 10.337, "maxspeed": NaN, "bridge": "yes", "access": NaN, "tunnel": NaN, "junction": NaN, "width": NaN, "service": NaN, "roughness": 5.0}}, {"type": "Feature", "geometry": {"type": "LineString", "coordinates": [[-57.1689569, -25.2551953], [-57.1685653, -25.2558211]]}, "properties": {"osmid": "164600442", "oneway": "False", "lanes": "2", "ref": NaN, "name": NaN, "highway": "unclassified", "length": 79.957, "maxspeed": NaN, "bridge": NaN, "access": NaN, "tunnel": NaN, "junction": NaN, "width": NaN, "service": NaN, "roughness": 5.0}}, {"type": "Feature", "geometry": {"type": "LineString", "coordinates": [[-57.1685653, -25.2558211], [-57.1685398, -25.255853]]}, "properties": {"osmid": "164600442", "oneway": "False", "lanes": "2", "ref": NaN, "name": NaN, "highway": "unclassified", "length": 4.377, "maxspeed": NaN, "bridge": NaN, "access": NaN, "tunnel": NaN, "junction": NaN, "width": NaN, "service": NaN, "roughness": 5.0}}, {"type": "Feature", "geometry": {"type": "LineString", "coordinates": [[-57.1685398, -25.255853], [-57.1684736, -25.2559356]]}, "properties": {"osmid": "164600442", "oneway": "False", "lanes": "2", "ref": NaN, "name": NaN, "highway": "unclassified", "length": 11.344, "maxspeed": NaN, "bridge": NaN, "access": NaN, "tunnel": NaN, "junction": NaN, "width": NaN, "service": NaN, "roughness": 5.0}}, {"type": "Feature", "geometry": {"type": "LineString", "coordinates": [[-57.1684736, -25.2559356], [-57.168377, -25.2560278]]}, "properties": {"osmid": "164600442", "oneway": "False", "lanes": "2", "ref": NaN, "name": NaN, "highway": "unclassified", "length": 14.124, "maxspeed": NaN, "bridge": NaN, "access": NaN, "tunnel": NaN, "junction": NaN, "width": NaN, "service": NaN, "roughness": 5.0}}, {"type": "Feature", "geometry": {"type": "LineString", "coordinates": [[-57.168377, -25.2560278], [-57.1682644, -25.2560909]]}, "properties": {"osmid": "164600442", "oneway": "False", "lanes": "2", "ref": NaN, "name": NaN, "highway": "unclassified", "length": 13.321, "maxspeed": NaN, "bridge": NaN, "access": NaN, "tunnel": NaN, "junction": NaN, "width": NaN, "service": NaN, "roughness": 5.0}}, {"type": "Feature", "geometry": {"type": "LineString", "coordinates": [[-57.1682644, -25.2560909], [-57.1659469, -25.257168]]}, "properties": {"osmid": "164600442", "oneway": "False", "lanes": "2", "ref": NaN, "name": NaN, "highway": "unclassified", "length": 262.034, "maxspeed": NaN, "bridge": NaN, "access": NaN, "tunnel": NaN, "junction": NaN, "width": NaN, "service": NaN, "roughness": 5.0}}, {"type": "Feature", "geometry": {"type": "LineString", "coordinates": [[-57.1659469, -25.257168], [-57.165862, -25.2572084]]}, "properties": {"osmid": "164600442", "oneway": "False", "lanes": "2", "ref": NaN, "name": NaN, "highway": "unclassified", "length": 9.648, "maxspeed": NaN, "bridge": NaN, "access": NaN, "tunnel": NaN, "junction": NaN, "width": NaN, "service": NaN, "roughness": 5.0}}, {"type": "Feature", "geometry": {"type": "LineString", "coordinates": [[-57.165862, -25.2572084], [-57.1651889, -25.2575289]]}, "properties": {"osmid": "164600442", "oneway": "False", "lanes": "2", "ref": NaN, "name": NaN, "highway": "unclassified", "length": 76.499, "maxspeed": NaN, "bridge": NaN, "access": NaN, "tunnel": NaN, "junction": NaN, "width": NaN, "service": NaN, "roughness": 5.0}}, {"type": "Feature", "geometry": {"type": "LineString", "coordinates": [[-57.1651889, -25.2575289], [-57.1645223, -25.2578463]]}, "properties": {"osmid": "164600442", "oneway": "False", "lanes": "2", "ref": NaN, "name": NaN, "highway": "unclassified", "length": 75.759, "maxspeed": NaN, "bridge": NaN, "access": NaN, "tunnel": NaN, "junction": NaN, "width": NaN, "service": NaN, "roughness": 5.0}}, {"type": "Feature", "geometry": {"type": "LineString", "coordinates": [[-57.1645223, -25.2578463], [-57.1638422, -25.2581659]]}, "properties": {"osmid": "164600442", "oneway": "False", "lanes": "2", "ref": NaN, "name": NaN, "highway": "unclassified", "length": 77.076, "maxspeed": NaN, "bridge": NaN, "access": NaN, "tunnel": NaN, "junction": NaN, "width": NaN, "service": NaN, "roughness": 5.0}}, {"type": "Feature", "geometry": {"type": "LineString", "coordinates": [[-57.1638422, -25.2581659], [-57.1631857, -25.2584759]]}, "properties": {"osmid": "164600442", "oneway": "False", "lanes": "2", "ref": NaN, "name": NaN, "highway": "unclassified", "length": 74.477, "maxspeed": NaN, "bridge": NaN, "access": NaN, "tunnel": NaN, "junction": NaN, "width": NaN, "service": NaN, "roughness": 5.0}}, {"type": "Feature", "geometry": {"type": "LineString", "coordinates": [[-57.1631857, -25.2584759], [-57.1624967, -25.2588013]]}, "properties": {"osmid": "164600442", "oneway": "False", "lanes": "2", "ref": NaN, "name": NaN, "highway": "unclassified", "length": 78.167, "maxspeed": NaN, "bridge": NaN, "access": NaN, "tunnel": NaN, "junction": NaN, "width": NaN, "service": NaN, "roughness": 5.0}}, {"type": "Feature", "geometry": {"type": "LineString", "coordinates": [[-57.1624967, -25.2588013], [-57.1618531, -25.259067]]}, "properties": {"osmid": "164600442", "oneway": "False", "lanes": "2", "ref": NaN, "name": NaN, "highway": "unclassified", "length": 71.147, "maxspeed": NaN, "bridge": NaN, "access": NaN, "tunnel": NaN, "junction": NaN, "width": NaN, "service": NaN, "roughness": 5.0}}, {"type": "Feature", "geometry": {"type": "LineString", "coordinates": [[-57.1618531, -25.259067], [-57.1616744, -25.2591424]]}, "properties": {"osmid": "164600442", "oneway": "False", "lanes": "2", "ref": NaN, "name": NaN, "highway": "unclassified", "length": 19.83, "maxspeed": NaN, "bridge": NaN, "access": NaN, "tunnel": NaN, "junction": NaN, "width": NaN, "service": NaN, "roughness": 5.0}}, {"type": "Feature", "geometry": {"type": "LineString", "coordinates": [[-57.1616744, -25.2591424], [-57.1617532, -25.2592859]]}, "properties": {"osmid": "462443119", "oneway": "False", "lanes": "2", "ref": NaN, "name": NaN, "highway": "tertiary", "length": 17.816, "maxspeed": NaN, "bridge": NaN, "access": NaN, "tunnel": NaN, "junction": NaN, "width": NaN, "service": NaN, "roughness": 5.0}}, {"type": "Feature", "geometry": {"type": "LineString", "coordinates": [[-57.1617532, -25.2592859], [-57.1616533, -25.2593496]]}, "properties": {"osmid": "164618509", "oneway": "False", "lanes": "2", "ref": NaN, "name": NaN, "highway": "unclassified", "length": 12.292, "maxspeed": NaN, "bridge": NaN, "access": NaN, "tunnel": NaN, "junction": NaN, "width": NaN, "service": NaN, "roughness": 5.0}}, {"type": "Feature", "geometry": {"type": "LineString", "coordinates": [[-57.1616533, -25.2593496], [-57.1611678, -25.2596102]]}, "properties": {"osmid": "164618509", "oneway": "False", "lanes": "2", "ref": NaN, "name": NaN, "highway": "unclassified", "length": 56.775, "maxspeed": NaN, "bridge": NaN, "access": NaN, "tunnel": NaN, "junction": NaN, "width": NaN, "service": NaN, "roughness": 5.0}}, {"type": "Feature", "geometry": {"type": "LineString", "coordinates": [[-57.1611678, -25.2596102], [-57.1604671, -25.2600961]]}, "properties": {"osmid": "164618509", "oneway": "False", "lanes": "2", "ref": NaN, "name": NaN, "highway": "unclassified", "length": 88.794, "maxspeed": NaN, "bridge": NaN, "access": NaN, "tunnel": NaN, "junction": NaN, "width": NaN, "service": NaN, "roughness": 5.0}}, {"type": "Feature", "geometry": {"type": "LineString", "coordinates": [[-57.1604671, -25.2600961], [-57.1598784, -25.2605813]]}, "properties": {"osmid": "164618509", "oneway": "False", "lanes": "2", "ref": NaN, "name": NaN, "highway": "unclassified", "length": 80.097, "maxspeed": NaN, "bridge": NaN, "access": NaN, "tunnel": NaN, "junction": NaN, "width": NaN, "service": NaN, "roughness": 5.0}}, {"type": "Feature", "geometry": {"type": "LineString", "coordinates": [[-57.1598784, -25.2605813], [-57.159692, -25.2607377]]}, "properties": {"osmid": "164618509", "oneway": "False", "lanes": "2", "ref": NaN, "name": NaN, "highway": "unclassified", "length": 25.57, "maxspeed": NaN, "bridge": NaN, "access": NaN, "tunnel": NaN, "junction": NaN, "width": NaN, "service": NaN, "roughness": 5.0}}, {"type": "Feature", "geometry": {"type": "LineString", "coordinates": [[-57.159692, -25.2607377], [-57.1592205, -25.2610948]]}, "properties": {"osmid": "164618509", "oneway": "False", "lanes": "2", "ref": NaN, "name": NaN, "highway": "unclassified", "length": 61.846, "maxspeed": NaN, "bridge": NaN, "access": NaN, "tunnel": NaN, "junction": NaN, "width": NaN, "service": NaN, "roughness": 5.0}}, {"type": "Feature", "geometry": {"type": "LineString", "coordinates": [[-57.1592205, -25.2610948], [-57.1585788, -25.2614739]]}, "properties": {"osmid": "164618509", "oneway": "False", "lanes": "2", "ref": NaN, "name": NaN, "highway": "unclassified", "length": 77.079, "maxspeed": NaN, "bridge": NaN, "access": NaN, "tunnel": NaN, "junction": NaN, "width": NaN, "service": NaN, "roughness": 5.0}}, {"type": "Feature", "geometry": {"type": "LineString", "coordinates": [[-57.1585788, -25.2614739], [-57.1574399, -25.2621914]]}, "properties": {"osmid": "164618509", "oneway": "False", "lanes": "2", "ref": NaN, "name": NaN, "highway": "unclassified", "length": 139.579, "maxspeed": NaN, "bridge": NaN, "access": NaN, "tunnel": NaN, "junction": NaN, "width": NaN, "service": NaN, "roughness": 5.0}}, {"type": "Feature", "geometry": {"type": "LineString", "coordinates": [[-57.1574399, -25.2621914], [-57.1570966, -25.2624]]}, "properties": {"osmid": "164618509", "oneway": "False", "lanes": "2", "ref": NaN, "name": NaN, "highway": "unclassified", "length": 41.591, "maxspeed": NaN, "bridge": NaN, "access": NaN, "tunnel": NaN, "junction": NaN, "width": NaN, "service": NaN, "roughness": 5.0}}, {"type": "Feature", "geometry": {"type": "LineString", "coordinates": [[-57.1570966, -25.2624], [-57.156873, -25.2625133]]}, "properties": {"osmid": "164618509", "oneway": "False", "lanes": "2", "ref": NaN, "name": NaN, "highway": "unclassified", "length": 25.774, "maxspeed": NaN, "bridge": NaN, "access": NaN, "tunnel": NaN, "junction": NaN, "width": NaN, "service": NaN, "roughness": 5.0}}, {"type": "Feature", "geometry": {"type": "LineString", "coordinates": [[-57.156873, -25.2625133], [-57.1566316, -25.2626128]]}, "properties": {"osmid": "164618509", "oneway": "False", "lanes": "2", "ref": NaN, "name": NaN, "highway": "unclassified", "length": 26.678, "maxspeed": NaN, "bridge": NaN, "access": NaN, "tunnel": NaN, "junction": NaN, "width": NaN, "service": NaN, "roughness": 5.0}}, {"type": "Feature", "geometry": {"type": "LineString", "coordinates": [[-57.1566316, -25.2626128], [-57.1556955, -25.2629463]]}, "properties": {"osmid": "164618509", "oneway": "False", "lanes": "2", "ref": NaN, "name": NaN, "highway": "unclassified", "length": 101.176, "maxspeed": NaN, "bridge": NaN, "access": NaN, "tunnel": NaN, "junction": NaN, "width": NaN, "service": NaN, "roughness": 5.0}}]}