{"type": "FeatureCollection", "features": [{"type": "Feature", "geometry": {"type": "LineString", "coordinates": [[-57.3848474, -25.3123608], [-57.3840748, -25.3113526]]}, "properties": {"osmid": "164694505", "oneway": "True", "lanes": "1", "ref": NaN, "name": NaN, "highway": "tertiary", "length": 136.379, "maxspeed": NaN, "bridge": NaN, "access": NaN, "tunnel": NaN, "junction": NaN, "width": NaN, "service": NaN, "roughness": 3.0}}, {"type": "Feature", "geometry": {"type": "LineString", "coordinates": [[-57.3840748, -25.3113526], [-57.3831741, -25.3101774]]}, "properties": {"osmid": "164694505", "oneway": "True", "lanes": "1", "ref": NaN, "name": NaN, "highway": "tertiary", "length": 158.977, "maxspeed": NaN, "bridge": NaN, "access": NaN, "tunnel": NaN, "junction": NaN, "width": NaN, "service": NaN, "roughness": 3.0}}, {"type": "Feature", "geometry": {"type": "LineString", "coordinates": [[-57.3831741, -25.3101774], [-57.3823503, -25.3091025]]}, "properties": {"osmid": "386497704", "oneway": "True", "lanes": "1", "ref": NaN, "name": NaN, "highway": "tertiary", "length": 145.407, "maxspeed": NaN, "bridge": NaN, "access": NaN, "tunnel": NaN, "junction": NaN, "width": NaN, "service": NaN, "roughness": 3.0}}, {"type": "Feature", "geometry": {"type": "LineString", "coordinates": [[-57.3823503, -25.3091025], [-57.382439, -25.309043]]}, "properties": {"osmid": "386497699", "oneway": "False", "lanes": "2", "ref": "D023", "name": "Ruta Departamental 23", "highway": "primary", "length": 11.103, "maxspeed": NaN, "bridge": NaN, "access": NaN, "tunnel": NaN, "junction": NaN, "width": NaN, "service": NaN, "roughness": 3.0}}, {"type": "Feature", "geometry": {"type": "LineString", "coordinates": [[-57.382439, -25.309043], [-57.3834466, -25.3083428]]}, "properties": {"osmid": "72323424", "oneway": "False", "lanes": "2", "ref": "D023", "name": "Ruta Departamental 23", "highway": "primary", "length": 127.753, "maxspeed": NaN, "bridge": NaN, "access": NaN, "tunnel": NaN, "junction": NaN, "width": NaN, "service": NaN, "roughness": 3.0}}, {"type": "Feature", "geometry": {"type": "LineString", "coordinates": [[-57.3834466, -25.3083428], [-57.3836612, -25.3081966]]}, "properties": {"osmid": "72323424", "oneway": "False", "lanes": "2", "ref": "D023", "name": "Ruta Departamental 23", "highway": "primary", "length": 27.012, "maxspeed": NaN, "bridge": NaN, "access": NaN, "tunnel": NaN, "junction": NaN, "width": NaN, "service": NaN, "roughness": 3.0}}, {"type": "Feature", "geometry": {"type": "LineString", "coordinates": [[-57.3836612, -25.3081966], [-57.3844714, -25.3076449]]}, "properties": {"osmid": "72323424", "oneway": "False", "lanes": "2", "ref": "D023", "name": "Ruta Departamental 23", "highway": "primary", "length": 101.963, "maxspeed": NaN, "bridge": NaN, "access": NaN, "tunnel": NaN, "junction": NaN, "width": NaN, "service": NaN, "roughness": 3.0}}, {"type": "Feature", "geometry": {"type": "LineString", "coordinates": [[-57.3844714, -25.3076449], [-57.3854817, -25.3069569]]}, "properties": {"osmid": "72323424", "oneway": "False", "lanes": "2", "ref": "D023", "name": "Ruta Departamental 23", "highway": "primary", "length": 127.149, "maxspeed": NaN, "bridge": NaN, "access": NaN, "tunnel": NaN, "junction": NaN, "width": NaN, "service": NaN, "roughness": 3.0}}, {"type": "Feature", "geometry": {"type": "LineString", "coordinates": [[-57.3854817, -25.3069569], [-57.3867799, -25.306105]]}, "properties": {"osmid": "72323424", "oneway": "False", "lanes": "2", "ref": "D023", "name": "Ruta Departamental 23", "highway": "primary", "length": 161.256, "maxspeed": NaN, "bridge": NaN, "access": NaN, "tunnel": NaN, "junction": NaN, "width": NaN, "service": NaN, "roughness": 3.0}}, {"type": "Feature", "geometry": {"type": "LineString", "coordinates": [[-57.3867799, -25.306105], [-57.3870981, -25.3058329]]}, "properties": {"osmid": "72323466", "oneway": "False", "lanes": "2", "ref": NaN, "name": NaN, "highway": "tertiary", "length": 44.03, "maxspeed": NaN, "bridge": NaN, "access": NaN, "tunnel": NaN, "junction": NaN, "width": NaN, "service": NaN, "roughness": 3.0}}, {"type": "Feature", "geometry": {"type": "LineString", "coordinates": [[-57.3870981, -25.3058329], [-57.38742, -25.3055807]]}, "properties": {"osmid": "72323466", "oneway": "False", "lanes": "2", "ref": NaN, "name": NaN, "highway": "tertiary", "length": 42.82, "maxspeed": NaN, "bridge": NaN, "access": NaN, "tunnel": NaN, "junction": NaN, "width": NaN, "service": NaN, "roughness": 3.0}}, {"type": "Feature", "geometry": {"type": "LineString", "coordinates": [[-57.38742, -25.3055807], [-57.3876736, -25.305324]]}, "properties": {"osmid": "72323466", "oneway": "False", "lanes": "2", "ref": NaN, "name": NaN, "highway": "tertiary", "length": 38.271, "maxspeed": NaN, "bridge": NaN, "access": NaN, "tunnel": NaN, "junction": NaN, "width": NaN, "service": NaN, "roughness": 3.0}}, {"type": "Feature", "geometry": {"type": "LineString", "coordinates": [[-57.3876736, -25.305324], [-57.3880339, -25.3049319]]}, "properties": {"osmid": "72323466", "oneway": "False", "lanes": "2", "ref": NaN, "name": NaN, "highway": "tertiary", "length": 56.681, "maxspeed": NaN, "bridge": NaN, "access": NaN, "tunnel": NaN, "junction": NaN, "width": NaN, "service": NaN, "roughness": 3.0}}, {"type": "Feature", "geometry": {"type": "LineString", "coordinates": [[-57.3880339, -25.3049319], [-57.3883723, -25.3045868]]}, "properties": {"osmid": "72323466", "oneway": "False", "lanes": "2", "ref": NaN, "name": NaN, "highway": "tertiary", "length": 51.281, "maxspeed": NaN, "bridge": NaN, "access": NaN, "tunnel": NaN, "junction": NaN, "width": NaN, "service": NaN, "roughness": 3.0}}, {"type": "Feature", "geometry": {"type": "LineString", "coordinates": [[-57.3883723, -25.3045868], [-57.388411, -25.3045473]]}, "properties": {"osmid": "72323466", "oneway": "False", "lanes": "2", "ref": NaN, "name": NaN, "highway": "tertiary", "length": 5.867, "maxspeed": NaN, "bridge": NaN, "access": NaN, "tunnel": NaN, "junction": NaN, "width": NaN, "service": NaN, "roughness": 3.0}}, {"type": "Feature", "geometry": {"type": "LineString", "coordinates": [[-57.388411, -25.3045473], [-57.3886706, -25.3042428]]}, "properties": {"osmid": "72323466", "oneway": "False", "lanes": "2", "ref": NaN, "name": NaN, "highway": "tertiary", "length": 42.749, "maxspeed": NaN, "bridge": NaN, "access": NaN, "tunnel": NaN, "junction": NaN, "width": NaN, "service": NaN, "roughness": 3.0}}, {"type": "Feature", "geometry": {"type": "LineString", "coordinates": [[-57.3886706, -25.3042428], [-57.3887303, -25.3041516]]}, "properties": {"osmid": "72323466", "oneway": "False", "lanes": "2", "ref": NaN, "name": NaN, "highway": "tertiary", "length": 11.784, "maxspeed": NaN, "bridge": NaN, "access": NaN, "tunnel": NaN, "junction": NaN, "width": NaN, "service": NaN, "roughness": 3.0}}, {"type": "Feature", "geometry": {"type": "LineString", "coordinates": [[-57.3887303, -25.3041516], [-57.388812, -25.3040267]]}, "properties": {"osmid": "72323466", "oneway": "False", "lanes": "2", "ref": NaN, "name": NaN, "highway": "tertiary", "length": 16.135, "maxspeed": NaN, "bridge": NaN, "access": NaN, "tunnel": NaN, "junction": NaN, "width": NaN, "service": NaN, "roughness": 3.0}}, {"type": "Feature", "geometry": {"type": "LineString", "coordinates": [[-57.388812, -25.3040267], [-57.3888398, -25.3039629]]}, "properties": {"osmid": "72323466", "oneway": "False", "lanes": "2", "ref": NaN, "name": NaN, "highway": "tertiary", "length": 7.625, "maxspeed": NaN, "bridge": NaN, "access": NaN, "tunnel": NaN, "junction": NaN, "width": NaN, "service": NaN, "roughness": 3.0}}, {"type": "Feature", "geometry": {"type": "LineString", "coordinates": [[-57.3888398, -25.3039629], [-57.3889378, -25.3037377]]}, "properties": {"osmid": "72323466", "oneway": "False", "lanes": "2", "ref": NaN, "name": NaN, "highway": "tertiary", "length": 26.909, "maxspeed": NaN, "bridge": NaN, "access": NaN, "tunnel": NaN, "junction": NaN, "width": NaN, "service": NaN, "roughness": 3.0}}, {"type": "Feature", "geometry": {"type": "LineString", "coordinates": [[-57.3889378, -25.3037377], [-57.3895601, -25.3018128]]}, "properties": {"osmid": "72323466", "oneway": "False", "lanes": "2", "ref": NaN, "name": NaN, "highway": "tertiary", "length": 222.994, "maxspeed": NaN, "bridge": NaN, "access": NaN, "tunnel": NaN, "junction": NaN, "width": NaN, "service": NaN, "roughness": 3.0}}, {"type": "Feature", "geometry": {"type": "LineString", "coordinates": [[-57.3895601, -25.3018128], [-57.3895885, -25.3017224]]}, "properties": {"osmid": "72323466", "oneway": "False", "lanes": "2", "ref": NaN, "name": NaN, "highway": "tertiary", "length": 10.45, "maxspeed": NaN, "bridge": NaN, "access": NaN, "tunnel": NaN, "junction": NaN, "width": NaN, "service": NaN, "roughness": 3.0}}, {"type": "Feature", "geometry": {"type": "LineString", "coordinates": [[-57.3895885, -25.3017224], [-57.3898693, -25.3009369]]}, "properties": {"osmid": "72323466", "oneway": "False", "lanes": "2", "ref": NaN, "name": NaN, "highway": "tertiary", "length": 91.792, "maxspeed": NaN, "bridge": NaN, "access": NaN, "tunnel": NaN, "junction": NaN, "width": NaN, "service": NaN, "roughness": 3.0}}, {"type": "Feature", "geometry": {"type": "LineString", "coordinates": [[-57.3898693, -25.3009369], [-57.3902931, -25.2996943]]}, "properties": {"osmid": "164696271", "oneway": "False", "lanes": "2", "ref": NaN, "name": "Mariscal Francisco Solano L\u00f3pez", "highway": "tertiary", "length": 144.59, "maxspeed": NaN, "bridge": NaN, "access": NaN, "tunnel": NaN, "junction": NaN, "width": NaN, "service": NaN, "roughness": 3.0}}, {"type": "Feature", "geometry": {"type": "LineString", "coordinates": [[-57.3902931, -25.2996943], [-57.390962, -25.2978235]]}, "properties": {"osmid": "164696271", "oneway": "False", "lanes": "2", "ref": NaN, "name": "Mariscal Francisco Solano L\u00f3pez", "highway": "tertiary", "length": 218.622, "maxspeed": NaN, "bridge": NaN, "access": NaN, "tunnel": NaN, "junction": NaN, "width": NaN, "service": NaN, "roughness": 3.0}}, {"type": "Feature", "geometry": {"type": "LineString", "coordinates": [[-57.390962, -25.2978235], [-57.3911222, -25.2974018]]}, "properties": {"osmid": "164696271", "oneway": "False", "lanes": "2", "ref": NaN, "name": "Mariscal Francisco Solano L\u00f3pez", "highway": "tertiary", "length": 49.58, "maxspeed": NaN, "bridge": NaN, "access": NaN, "tunnel": NaN, "junction": NaN, "width": NaN, "service": NaN, "roughness": 3.0}}, {"type": "Feature", "geometry": {"type": "LineString", "coordinates": [[-57.3911222, -25.2974018], [-57.3913086, -25.2969755]]}, "properties": {"osmid": "164696271", "oneway": "False", "lanes": "2", "ref": NaN, "name": "Mariscal Francisco Solano L\u00f3pez", "highway": "tertiary", "length": 50.972, "maxspeed": NaN, "bridge": NaN, "access": NaN, "tunnel": NaN, "junction": NaN, "width": NaN, "service": NaN, "roughness": 3.0}}, {"type": "Feature", "geometry": {"type": "LineString", "coordinates": [[-57.3913086, -25.2969755], [-57.3915065, -25.296554]]}, "properties": {"osmid": "164696271", "oneway": "False", "lanes": "2", "ref": NaN, "name": "Mariscal Francisco Solano L\u00f3pez", "highway": "tertiary", "length": 50.917, "maxspeed": NaN, "bridge": NaN, "access": NaN, "tunnel": NaN, "junction": NaN, "width": NaN, "service": NaN, "roughness": 3.0}}, {"type": "Feature", "geometry": {"type": "LineString", "coordinates": [[-57.3915065, -25.296554], [-57.391933, -25.2956839]]}, "properties": {"osmid": "164696271", "oneway": "False", "lanes": "2", "ref": NaN, "name": "Mariscal Francisco Solano L\u00f3pez", "highway": "tertiary", "length": 105.826, "maxspeed": NaN, "bridge": NaN, "access": NaN, "tunnel": NaN, "junction": NaN, "width": NaN, "service": NaN, "roughness": 3.0}}, {"type": "Feature", "geometry": {"type": "LineString", "coordinates": [[-57.391933, -25.2956839], [-57.3922527, -25.2950983]]}, "properties": {"osmid": "164696271", "oneway": "False", "lanes": "2", "ref": NaN, "name": "Mariscal Francisco Solano L\u00f3pez", "highway": "tertiary", "length": 72.616, "maxspeed": NaN, "bridge": NaN, "access": NaN, "tunnel": NaN, "junction": NaN, "width": NaN, "service": NaN, "roughness": 3.0}}, {"type": "Feature", "geometry": {"type": "LineString", "coordinates": [[-57.3922527, -25.2950983], [-57.3923811, -25.2948592]]}, "properties": {"osmid": "164696271", "oneway": "False", "lanes": "2", "ref": NaN, "name": "Mariscal Francisco Solano L\u00f3pez", "highway": "tertiary", "length": 29.555, "maxspeed": NaN, "bridge": NaN, "access": NaN, "tunnel": NaN, "junction": NaN, "width": NaN, "service": NaN, "roughness": 3.0}}, {"type": "Feature", "geometry": {"type": "LineString", "coordinates": [[-57.3923811, -25.2948592], [-57.3926702, -25.2943206]]}, "properties": {"osmid": "164696271", "oneway": "False", "lanes": "2", "ref": NaN, "name": "Mariscal Francisco Solano L\u00f3pez", "highway": "tertiary", "length": 66.57, "maxspeed": NaN, "bridge": NaN, "access": NaN, "tunnel": NaN, "junction": NaN, "width": NaN, "service": NaN, "roughness": 3.0}}, {"type": "Feature", "geometry": {"type": "LineString", "coordinates": [[-57.3926702, -25.2943206], [-57.3929525, -25.2937948]]}, "properties": {"osmid": "164696271", "oneway": "False", "lanes": "2", "ref": NaN, "name": "Mariscal Francisco Solano L\u00f3pez", "highway": "tertiary", "length": 64.991, "maxspeed": NaN, "bridge": NaN, "access": NaN, "tunnel": NaN, "junction": NaN, "width": NaN, "service": NaN, "roughness": 3.0}}, {"type": "Feature", "geometry": {"type": "LineString", "coordinates": [[-57.3929525, -25.2937948], [-57.3933224, -25.293069]]}, "properties": {"osmid": "164696271", "oneway": "False", "lanes": "2", "ref": NaN, "name": "Mariscal Francisco Solano L\u00f3pez", "highway": "tertiary", "length": 88.861, "maxspeed": NaN, "bridge": NaN, "access": NaN, "tunnel": NaN, "junction": NaN, "width": NaN, "service": NaN, "roughness": 3.0}}, {"type": "Feature", "geometry": {"type": "LineString", "coordinates": [[-57.3933224, -25.293069], [-57.3935868, -25.2925364]]}, "properties": {"osmid": "164696271", "oneway": "False", "lanes": "2", "ref": NaN, "name": "Mariscal Francisco Solano L\u00f3pez", "highway": "tertiary", "length": 64.914, "maxspeed": NaN, "bridge": NaN, "access": NaN, "tunnel": NaN, "junction": NaN, "width": NaN, "service": NaN, "roughness": 3.0}}, {"type": "Feature", "geometry": {"type": "LineString", "coordinates": [[-57.3935868, -25.2925364], [-57.3938164, -25.2920759]]}, "properties": {"osmid": "164696271", "oneway": "False", "lanes": "2", "ref": NaN, "name": "Mariscal Francisco Solano L\u00f3pez", "highway": "tertiary", "length": 56.168, "maxspeed": NaN, "bridge": NaN, "access": NaN, "tunnel": NaN, "junction": NaN, "width": NaN, "service": NaN, "roughness": 3.0}}, {"type": "Feature", "geometry": {"type": "LineString", "coordinates": [[-57.3938164, -25.2920759], [-57.3939583, -25.2917284]]}, "properties": {"osmid": "164696271", "oneway": "False", "lanes": "2", "ref": NaN, "name": "Mariscal Francisco Solano L\u00f3pez", "highway": "tertiary", "length": 41.19, "maxspeed": NaN, "bridge": NaN, "access": NaN, "tunnel": NaN, "junction": NaN, "width": NaN, "service": NaN, "roughness": 3.0}}, {"type": "Feature", "geometry": {"type": "LineString", "coordinates": [[-57.3939583, -25.2917284], [-57.3941155, -25.2912637]]}, "properties": {"osmid": "164696271", "oneway": "False", "lanes": "2", "ref": NaN, "name": "Mariscal Francisco Solano L\u00f3pez", "highway": "tertiary", "length": 54.035, "maxspeed": NaN, "bridge": NaN, "access": NaN, "tunnel": NaN, "junction": NaN, "width": NaN, "service": NaN, "roughness": 3.0}}, {"type": "Feature", "geometry": {"type": "LineString", "coordinates": [[-57.3941155, -25.2912637], [-57.3948453, -25.2890898]]}, "properties": {"osmid": "164696271", "oneway": "False", "lanes": "2", "ref": NaN, "name": "Mariscal Francisco Solano L\u00f3pez", "highway": "tertiary", "length": 252.617, "maxspeed": NaN, "bridge": NaN, "access": NaN, "tunnel": NaN, "junction": NaN, "width": NaN, "service": NaN, "roughness": 3.0}}, {"type": "Feature", "geometry": {"type": "LineString", "coordinates": [[-57.3948453, -25.2890898], [-57.3952592, -25.2878039]]}, "properties": {"osmid": "164696271", "oneway": "False", "lanes": "2", "ref": NaN, "name": "Mariscal Francisco Solano L\u00f3pez", "highway": "tertiary", "length": 148.918, "maxspeed": NaN, "bridge": NaN, "access": NaN, "tunnel": NaN, "junction": NaN, "width": NaN, "service": NaN, "roughness": 3.0}}, {"type": "Feature", "geometry": {"type": "LineString", "coordinates": [[-57.3952592, -25.2878039], [-57.395423, -25.2873078]]}, "properties": {"osmid": "164696271", "oneway": "False", "lanes": "2", "ref": NaN, "name": "Mariscal Francisco Solano L\u00f3pez", "highway": "tertiary", "length": 57.57, "maxspeed": NaN, "bridge": NaN, "access": NaN, "tunnel": NaN, "junction": NaN, "width": NaN, "service": NaN, "roughness": 3.0}}, {"type": "Feature", "geometry": {"type": "LineString", "coordinates": [[-57.395423, -25.2873078], [-57.395842, -25.2860398]]}, "properties": {"osmid": "164696271", "oneway": "False", "lanes": "2", "ref": NaN, "name": "Mariscal Francisco Solano L\u00f3pez", "highway": "tertiary", "length": 147.154, "maxspeed": NaN, "bridge": NaN, "access": NaN, "tunnel": NaN, "junction": NaN, "width": NaN, "service": NaN, "roughness": 3.0}}, {"type": "Feature", "geometry": {"type": "LineString", "coordinates": [[-57.395842, -25.2860398], [-57.3959805, -25.2857312]]}, "properties": {"osmid": "164696271", "oneway": "False", "lanes": "2", "ref": NaN, "name": "Mariscal Francisco Solano L\u00f3pez", "highway": "tertiary", "length": 37.033, "maxspeed": NaN, "bridge": NaN, "access": NaN, "tunnel": NaN, "junction": NaN, "width": NaN, "service": NaN, "roughness": 3.0}}, {"type": "Feature", "geometry": {"type": "LineString", "coordinates": [[-57.3959805, -25.2857312], [-57.396163, -25.2854348]]}, "properties": {"osmid": "164696271", "oneway": "False", "lanes": "2", "ref": NaN, "name": "Mariscal Francisco Solano L\u00f3pez", "highway": "tertiary", "length": 37.722, "maxspeed": NaN, "bridge": NaN, "access": NaN, "tunnel": NaN, "junction": NaN, "width": NaN, "service": NaN, "roughness": 3.0}}, {"type": "Feature", "geometry": {"type": "LineString", "coordinates": [[-57.396163, -25.2854348], [-57.3964266, -25.28501]]}, "properties": {"osmid": "164696271", "oneway": "False", "lanes": "2", "ref": NaN, "name": "Mariscal Francisco Solano L\u00f3pez", "highway": "tertiary", "length": 54.163, "maxspeed": NaN, "bridge": NaN, "access": NaN, "tunnel": NaN, "junction": NaN, "width": NaN, "service": NaN, "roughness": 3.0}}, {"type": "Feature", "geometry": {"type": "LineString", "coordinates": [[-57.3964266, -25.28501], [-57.3968085, -25.2844662]]}, "properties": {"osmid": "164696271", "oneway": "False", "lanes": "2", "ref": NaN, "name": "Mariscal Francisco Solano L\u00f3pez", "highway": "tertiary", "length": 71.629, "maxspeed": NaN, "bridge": NaN, "access": NaN, "tunnel": NaN, "junction": NaN, "width": NaN, "service": NaN, "roughness": 3.0}}, {"type": "Feature", "geometry": {"type": "LineString", "coordinates": [[-57.3968085, -25.2844662], [-57.3972884, -25.2838031]]}, "properties": {"osmid": "164696271", "oneway": "False", "lanes": "2", "ref": NaN, "name": "Mariscal Francisco Solano L\u00f3pez", "highway": "tertiary", "length": 88.118, "maxspeed": NaN, "bridge": NaN, "access": NaN, "tunnel": NaN, "junction": NaN, "width": NaN, "service": NaN, "roughness": 3.0}}, {"type": "Feature", "geometry": {"type": "LineString", "coordinates": [[-57.3972884, -25.2838031], [-57.3977547, -25.2831736]]}, "properties": {"osmid": "164696271", "oneway": "False", "lanes": "2", "ref": NaN, "name": "Mariscal Francisco Solano L\u00f3pez", "highway": "tertiary", "length": 84.248, "maxspeed": NaN, "bridge": NaN, "access": NaN, "tunnel": NaN, "junction": NaN, "width": NaN, "service": NaN, "roughness": 3.0}}, {"type": "Feature", "geometry": {"type": "LineString", "coordinates": [[-57.3977547, -25.2831736], [-57.3980048, -25.2828192]]}, "properties": {"osmid": "164696271", "oneway": "False", "lanes": "2", "ref": NaN, "name": "Mariscal Francisco Solano L\u00f3pez", "highway": "tertiary", "length": 46.747, "maxspeed": NaN, "bridge": NaN, "access": NaN, "tunnel": NaN, "junction": NaN, "width": NaN, "service": NaN, "roughness": 3.0}}]}