{"type": "FeatureCollection", "features": [{"type": "Feature", "geometry": {"type": "LineString", "coordinates": [[-56.2654992, -24.4372566], [-56.2614731, -24.443661]]}, "properties": {"osmid": "456840791", "oneway": "False", "lanes": NaN, "ref": NaN, "name": NaN, "highway": "unclassified", "length": 820.519, "maxspeed": NaN, "bridge": NaN, "access": NaN, "tunnel": NaN, "junction": NaN, "width": NaN, "service": NaN, "roughness": 4.0}}, {"type": "Feature", "geometry": {"type": "LineString", "coordinates": [[-56.2614731, -24.443661], [-56.2611243, -24.4435419]]}, "properties": {"osmid": "456840791", "oneway": "False", "lanes": NaN, "ref": NaN, "name": NaN, "highway": "unclassified", "length": 37.71, "maxspeed": NaN, "bridge": NaN, "access": NaN, "tunnel": NaN, "junction": NaN, "width": NaN, "service": NaN, "roughness": 4.0}}, {"type": "Feature", "geometry": {"type": "LineString", "coordinates": [[-56.2611243, -24.4435419], [-56.2602522, -24.445778]]}, "properties": {"osmid": "456840791", "oneway": "False", "lanes": NaN, "ref": NaN, "name": NaN, "highway": "unclassified", "length": 263.85, "maxspeed": NaN, "bridge": NaN, "access": NaN, "tunnel": NaN, "junction": NaN, "width": NaN, "service": NaN, "roughness": 4.0}}, {"type": "Feature", "geometry": {"type": "LineString", "coordinates": [[-56.2602522, -24.445778], [-56.2545546, -24.4543386]]}, "properties": {"osmid": "456840791", "oneway": "False", "lanes": NaN, "ref": NaN, "name": NaN, "highway": "unclassified", "length": 1112.98, "maxspeed": NaN, "bridge": NaN, "access": NaN, "tunnel": NaN, "junction": NaN, "width": NaN, "service": NaN, "roughness": 4.0}}, {"type": "Feature", "geometry": {"type": "LineString", "coordinates": [[-56.2545546, -24.4543386], [-56.2518368, -24.4562843]]}, "properties": {"osmid": "456840791", "oneway": "False", "lanes": NaN, "ref": NaN, "name": NaN, "highway": "unclassified", "length": 349.978, "maxspeed": NaN, "bridge": NaN, "access": NaN, "tunnel": NaN, "junction": NaN, "width": NaN, "service": NaN, "roughness": 4.0}}, {"type": "Feature", "geometry": {"type": "LineString", "coordinates": [[-56.2518368, -24.4562843], [-56.251764, -24.4563365]]}, "properties": {"osmid": "456840791", "oneway": "False", "lanes": NaN, "ref": NaN, "name": NaN, "highway": "unclassified", "length": 9.38, "maxspeed": NaN, "bridge": NaN, "access": NaN, "tunnel": NaN, "junction": NaN, "width": NaN, "service": NaN, "roughness": 4.0}}, {"type": "Feature", "geometry": {"type": "LineString", "coordinates": [[-56.251764, -24.4563365], [-56.2460374, -24.462462]]}, "properties": {"osmid": "456840791", "oneway": "False", "lanes": NaN, "ref": NaN, "name": NaN, "highway": "unclassified", "length": 894.368, "maxspeed": NaN, "bridge": NaN, "access": NaN, "tunnel": NaN, "junction": NaN, "width": NaN, "service": NaN, "roughness": 4.0}}, {"type": "Feature", "geometry": {"type": "LineString", "coordinates": [[-56.2460374, -24.462462], [-56.2278545, -24.4741832]]}, "properties": {"osmid": "456840791", "oneway": "False", "lanes": NaN, "ref": NaN, "name": NaN, "highway": "unclassified", "length": 2255.056, "maxspeed": NaN, "bridge": NaN, "access": NaN, "tunnel": NaN, "junction": NaN, "width": NaN, "service": NaN, "roughness": 4.0}}, {"type": "Feature", "geometry": {"type": "LineString", "coordinates": [[-56.2278545, -24.4741832], [-56.2270798, -24.4730715]]}, "properties": {"osmid": "456840795", "oneway": "False", "lanes": NaN, "ref": NaN, "name": NaN, "highway": "unclassified", "length": 146.383, "maxspeed": NaN, "bridge": NaN, "access": NaN, "tunnel": NaN, "junction": NaN, "width": NaN, "service": NaN, "roughness": 4.0}}, {"type": "Feature", "geometry": {"type": "LineString", "coordinates": [[-56.2270798, -24.4730715], [-56.2253417, -24.4723099]]}, "properties": {"osmid": "456840795", "oneway": "False", "lanes": NaN, "ref": NaN, "name": NaN, "highway": "unclassified", "length": 195.229, "maxspeed": NaN, "bridge": NaN, "access": NaN, "tunnel": NaN, "junction": NaN, "width": NaN, "service": NaN, "roughness": 4.0}}, {"type": "Feature", "geometry": {"type": "LineString", "coordinates": [[-56.2253417, -24.4723099], [-56.2241401, -24.4724466]]}, "properties": {"osmid": "456840795", "oneway": "False", "lanes": NaN, "ref": NaN, "name": NaN, "highway": "unclassified", "length": 122.555, "maxspeed": NaN, "bridge": NaN, "access": NaN, "tunnel": NaN, "junction": NaN, "width": NaN, "service": NaN, "roughness": 4.0}}, {"type": "Feature", "geometry": {"type": "LineString", "coordinates": [[-56.2241401, -24.4724466], [-56.2237968, -24.4715872]]}, "properties": {"osmid": "456840795", "oneway": "False", "lanes": NaN, "ref": NaN, "name": NaN, "highway": "unclassified", "length": 101.681, "maxspeed": NaN, "bridge": NaN, "access": NaN, "tunnel": NaN, "junction": NaN, "width": NaN, "service": NaN, "roughness": 4.0}}, {"type": "Feature", "geometry": {"type": "LineString", "coordinates": [[-56.2237968, -24.4715872], [-56.2239684, -24.4704936]]}, "properties": {"osmid": "456840795", "oneway": "False", "lanes": NaN, "ref": NaN, "name": NaN, "highway": "unclassified", "length": 122.837, "maxspeed": NaN, "bridge": NaN, "access": NaN, "tunnel": NaN, "junction": NaN, "width": NaN, "service": NaN, "roughness": 4.0}}, {"type": "Feature", "geometry": {"type": "LineString", "coordinates": [[-56.2239684, -24.4704936], [-56.2214793, -24.4696928]]}, "properties": {"osmid": "456840795", "oneway": "False", "lanes": NaN, "ref": NaN, "name": NaN, "highway": "unclassified", "length": 267.189, "maxspeed": NaN, "bridge": NaN, "access": NaN, "tunnel": NaN, "junction": NaN, "width": NaN, "service": NaN, "roughness": 4.0}}, {"type": "Feature", "geometry": {"type": "LineString", "coordinates": [[-56.2214793, -24.4696928], [-56.2189259, -24.4672515]]}, "properties": {"osmid": "456840795", "oneway": "False", "lanes": NaN, "ref": NaN, "name": NaN, "highway": "unclassified", "length": 374.8, "maxspeed": NaN, "bridge": NaN, "access": NaN, "tunnel": NaN, "junction": NaN, "width": NaN, "service": NaN, "roughness": 4.0}}, {"type": "Feature", "geometry": {"type": "LineString", "coordinates": [[-56.2189259, -24.4672515], [-56.2172522, -24.4670171]]}, "properties": {"osmid": "456840795", "oneway": "False", "lanes": NaN, "ref": NaN, "name": NaN, "highway": "unclassified", "length": 171.388, "maxspeed": NaN, "bridge": NaN, "access": NaN, "tunnel": NaN, "junction": NaN, "width": NaN, "service": NaN, "roughness": 4.0}}, {"type": "Feature", "geometry": {"type": "LineString", "coordinates": [[-56.2172522, -24.4670171], [-56.2125333, -24.4660543]]}, "properties": {"osmid": "456840795", "oneway": "False", "lanes": NaN, "ref": NaN, "name": NaN, "highway": "unclassified", "length": 489.453, "maxspeed": NaN, "bridge": NaN, "access": NaN, "tunnel": NaN, "junction": NaN, "width": NaN, "service": NaN, "roughness": 4.0}}, {"type": "Feature", "geometry": {"type": "LineString", "coordinates": [[-56.2125333, -24.4660543], [-56.213058, -24.4611618]]}, "properties": {"osmid": "456840795", "oneway": "False", "lanes": NaN, "ref": NaN, "name": NaN, "highway": "unclassified", "length": 546.608, "maxspeed": NaN, "bridge": NaN, "access": NaN, "tunnel": NaN, "junction": NaN, "width": NaN, "service": NaN, "roughness": 4.0}}, {"type": "Feature", "geometry": {"type": "LineString", "coordinates": [[-56.213058, -24.4611618], [-56.2134544, -24.4579567]]}, "properties": {"osmid": "456840795", "oneway": "False", "lanes": NaN, "ref": NaN, "name": NaN, "highway": "unclassified", "length": 358.643, "maxspeed": NaN, "bridge": NaN, "access": NaN, "tunnel": NaN, "junction": NaN, "width": NaN, "service": NaN, "roughness": 4.0}}, {"type": "Feature", "geometry": {"type": "LineString", "coordinates": [[-56.2134544, -24.4579567], [-56.213536, -24.4573093]]}, "properties": {"osmid": "456840795", "oneway": "False", "lanes": NaN, "ref": NaN, "name": NaN, "highway": "unclassified", "length": 72.46, "maxspeed": NaN, "bridge": NaN, "access": NaN, "tunnel": NaN, "junction": NaN, "width": NaN, "service": NaN, "roughness": 4.0}}, {"type": "Feature", "geometry": {"type": "LineString", "coordinates": [[-56.213536, -24.4573093], [-56.2121486, -24.4533611]]}, "properties": {"osmid": "456840795", "oneway": "False", "lanes": NaN, "ref": NaN, "name": NaN, "highway": "unclassified", "length": 460.934, "maxspeed": NaN, "bridge": NaN, "access": NaN, "tunnel": NaN, "junction": NaN, "width": NaN, "service": NaN, "roughness": 4.0}}, {"type": "Feature", "geometry": {"type": "LineString", "coordinates": [[-56.2121486, -24.4533611], [-56.2107045, -24.4488633]]}, "properties": {"osmid": "456840795", "oneway": "False", "lanes": NaN, "ref": NaN, "name": NaN, "highway": "unclassified", "length": 521.057, "maxspeed": NaN, "bridge": NaN, "access": NaN, "tunnel": NaN, "junction": NaN, "width": NaN, "service": NaN, "roughness": 4.0}}, {"type": "Feature", "geometry": {"type": "LineString", "coordinates": [[-56.2107045, -24.4488633], [-56.2193863, -24.4478507]]}, "properties": {"osmid": "456840795", "oneway": "False", "lanes": NaN, "ref": NaN, "name": NaN, "highway": "unclassified", "length": 885.997, "maxspeed": NaN, "bridge": NaN, "access": NaN, "tunnel": NaN, "junction": NaN, "width": NaN, "service": NaN, "roughness": 4.0}}, {"type": "Feature", "geometry": {"type": "LineString", "coordinates": [[-56.2193863, -24.4478507], [-56.2185259, -24.4460232]]}, "properties": {"osmid": "456840795", "oneway": "False", "lanes": NaN, "ref": NaN, "name": NaN, "highway": "unclassified", "length": 221.087, "maxspeed": NaN, "bridge": NaN, "access": NaN, "tunnel": NaN, "junction": NaN, "width": NaN, "service": NaN, "roughness": 4.0}}, {"type": "Feature", "geometry": {"type": "LineString", "coordinates": [[-56.2185259, -24.4460232], [-56.2177525, -24.4445042]]}, "properties": {"osmid": "456840794", "oneway": "False", "lanes": NaN, "ref": NaN, "name": NaN, "highway": "unclassified", "length": 186.167, "maxspeed": NaN, "bridge": NaN, "access": NaN, "tunnel": NaN, "junction": NaN, "width": NaN, "service": NaN, "roughness": 4.0}}, {"type": "Feature", "geometry": {"type": "LineString", "coordinates": [[-56.2177525, -24.4445042], [-56.1953286, -24.4444016]]}, "properties": {"osmid": "456840794", "oneway": "False", "lanes": NaN, "ref": NaN, "name": NaN, "highway": "unclassified", "length": 2269.952, "maxspeed": NaN, "bridge": NaN, "access": NaN, "tunnel": NaN, "junction": NaN, "width": NaN, "service": NaN, "roughness": 4.0}}, {"type": "Feature", "geometry": {"type": "LineString", "coordinates": [[-56.1953286, -24.4444016], [-56.1953062, -24.4348942]]}, "properties": {"osmid": "456839153", "oneway": "False", "lanes": NaN, "ref": NaN, "name": NaN, "highway": "unclassified", "length": 1057.179, "maxspeed": NaN, "bridge": NaN, "access": NaN, "tunnel": NaN, "junction": NaN, "width": NaN, "service": NaN, "roughness": 4.0}}, {"type": "Feature", "geometry": {"type": "LineString", "coordinates": [[-56.1953062, -24.4348942], [-56.2036899, -24.4349155]]}, "properties": {"osmid": "456839148", "oneway": "False", "lanes": NaN, "ref": NaN, "name": NaN, "highway": "unclassified", "length": 848.732, "maxspeed": NaN, "bridge": NaN, "access": NaN, "tunnel": NaN, "junction": NaN, "width": NaN, "service": NaN, "roughness": 4.0}}, {"type": "Feature", "geometry": {"type": "LineString", "coordinates": [[-56.2036899, -24.4349155], [-56.2029674, -24.4342964]]}, "properties": {"osmid": "456257852", "oneway": "False", "lanes": NaN, "ref": NaN, "name": NaN, "highway": "unclassified", "length": 100.444, "maxspeed": NaN, "bridge": NaN, "access": NaN, "tunnel": NaN, "junction": NaN, "width": NaN, "service": NaN, "roughness": 4.0}}, {"type": "Feature", "geometry": {"type": "LineString", "coordinates": [[-56.2029674, -24.4342964], [-56.2029491, -24.4187298]]}, "properties": {"osmid": "456257852", "oneway": "False", "lanes": NaN, "ref": NaN, "name": NaN, "highway": "unclassified", "length": 1730.93, "maxspeed": NaN, "bridge": NaN, "access": NaN, "tunnel": NaN, "junction": NaN, "width": NaN, "service": NaN, "roughness": 4.0}}, {"type": "Feature", "geometry": {"type": "LineString", "coordinates": [[-56.2029491, -24.4187298], [-56.2029484, -24.4181524]]}, "properties": {"osmid": "456257852", "oneway": "False", "lanes": NaN, "ref": NaN, "name": NaN, "highway": "unclassified", "length": 64.204, "maxspeed": NaN, "bridge": NaN, "access": NaN, "tunnel": NaN, "junction": NaN, "width": NaN, "service": NaN, "roughness": 4.0}}, {"type": "Feature", "geometry": {"type": "LineString", "coordinates": [[-56.2029484, -24.4181524], [-56.2029462, -24.4162829]]}, "properties": {"osmid": "456257852", "oneway": "False", "lanes": NaN, "ref": NaN, "name": NaN, "highway": "unclassified", "length": 207.879, "maxspeed": NaN, "bridge": NaN, "access": NaN, "tunnel": NaN, "junction": NaN, "width": NaN, "service": NaN, "roughness": 4.0}}, {"type": "Feature", "geometry": {"type": "LineString", "coordinates": [[-56.2029462, -24.4162829], [-56.2029376, -24.4144863]]}, "properties": {"osmid": "456257852", "oneway": "False", "lanes": NaN, "ref": NaN, "name": NaN, "highway": "unclassified", "length": 199.775, "maxspeed": NaN, "bridge": NaN, "access": NaN, "tunnel": NaN, "junction": NaN, "width": NaN, "service": NaN, "roughness": 4.0}}, {"type": "Feature", "geometry": {"type": "LineString", "coordinates": [[-56.2029376, -24.4144863], [-56.2028824, -24.402892]]}, "properties": {"osmid": "456257852", "oneway": "False", "lanes": NaN, "ref": NaN, "name": NaN, "highway": "unclassified", "length": 1289.241, "maxspeed": NaN, "bridge": NaN, "access": NaN, "tunnel": NaN, "junction": NaN, "width": NaN, "service": NaN, "roughness": 4.0}}, {"type": "Feature", "geometry": {"type": "LineString", "coordinates": [[-56.2028824, -24.402892], [-56.2033149, -24.4029029]]}, "properties": {"osmid": "456257852", "oneway": "False", "lanes": NaN, "ref": NaN, "name": NaN, "highway": "unclassified", "length": 43.812, "maxspeed": NaN, "bridge": NaN, "access": NaN, "tunnel": NaN, "junction": NaN, "width": NaN, "service": NaN, "roughness": 4.0}}, {"type": "Feature", "geometry": {"type": "LineString", "coordinates": [[-56.2033149, -24.4029029], [-56.2033165, -24.4026514]]}, "properties": {"osmid": "456257852", "oneway": "False", "lanes": NaN, "ref": NaN, "name": NaN, "highway": "unclassified", "length": 27.966, "maxspeed": NaN, "bridge": NaN, "access": NaN, "tunnel": NaN, "junction": NaN, "width": NaN, "service": NaN, "roughness": 4.0}}, {"type": "Feature", "geometry": {"type": "LineString", "coordinates": [[-56.2033165, -24.4026514], [-56.2033303, -24.4004076]]}, "properties": {"osmid": "456257852", "oneway": "False", "lanes": NaN, "ref": NaN, "name": NaN, "highway": "unclassified", "length": 249.503, "maxspeed": NaN, "bridge": NaN, "access": NaN, "tunnel": NaN, "junction": NaN, "width": NaN, "service": NaN, "roughness": 4.0}}, {"type": "Feature", "geometry": {"type": "LineString", "coordinates": [[-56.2033303, -24.4004076], [-56.2033974, -24.3895325]]}, "properties": {"osmid": "456257852", "oneway": "False", "lanes": NaN, "ref": NaN, "name": NaN, "highway": "unclassified", "length": 1209.277, "maxspeed": NaN, "bridge": NaN, "access": NaN, "tunnel": NaN, "junction": NaN, "width": NaN, "service": NaN, "roughness": 4.0}}, {"type": "Feature", "geometry": {"type": "LineString", "coordinates": [[-56.2033974, -24.3895325], [-56.2036309, -24.3516823]]}, "properties": {"osmid": "456257852", "oneway": "False", "lanes": NaN, "ref": NaN, "name": NaN, "highway": "unclassified", "length": 4208.823, "maxspeed": NaN, "bridge": NaN, "access": NaN, "tunnel": NaN, "junction": NaN, "width": NaN, "service": NaN, "roughness": 4.0}}, {"type": "Feature", "geometry": {"type": "LineString", "coordinates": [[-56.2036309, -24.3516823], [-56.2031965, -24.3511607]]}, "properties": {"osmid": "456257852", "oneway": "False", "lanes": NaN, "ref": NaN, "name": NaN, "highway": "unclassified", "length": 72.804, "maxspeed": NaN, "bridge": NaN, "access": NaN, "tunnel": NaN, "junction": NaN, "width": NaN, "service": NaN, "roughness": 4.0}}, {"type": "Feature", "geometry": {"type": "LineString", "coordinates": [[-56.2031965, -24.3511607], [-56.2031571, -24.3281776]]}, "properties": {"osmid": "456257852", "oneway": "False", "lanes": NaN, "ref": NaN, "name": NaN, "highway": "unclassified", "length": 2555.611, "maxspeed": NaN, "bridge": NaN, "access": NaN, "tunnel": NaN, "junction": NaN, "width": NaN, "service": NaN, "roughness": 4.0}}, {"type": "Feature", "geometry": {"type": "LineString", "coordinates": [[-56.2031571, -24.3281776], [-56.1948679, -24.3267079]]}, "properties": {"osmid": "208141460", "oneway": "False", "lanes": NaN, "ref": NaN, "name": NaN, "highway": "secondary", "length": 855.627, "maxspeed": NaN, "bridge": NaN, "access": NaN, "tunnel": NaN, "junction": NaN, "width": NaN, "service": NaN, "roughness": 4.0}}, {"type": "Feature", "geometry": {"type": "LineString", "coordinates": [[-56.1948679, -24.3267079], [-56.1942398, -24.3264959]]}, "properties": {"osmid": "208141460", "oneway": "False", "lanes": NaN, "ref": NaN, "name": NaN, "highway": "secondary", "length": 67.866, "maxspeed": NaN, "bridge": NaN, "access": NaN, "tunnel": NaN, "junction": NaN, "width": NaN, "service": NaN, "roughness": 4.0}}, {"type": "Feature", "geometry": {"type": "LineString", "coordinates": [[-56.1942398, -24.3264959], [-56.1936582, -24.3262274]]}, "properties": {"osmid": "208141460", "oneway": "False", "lanes": NaN, "ref": NaN, "name": NaN, "highway": "secondary", "length": 66.061, "maxspeed": NaN, "bridge": NaN, "access": NaN, "tunnel": NaN, "junction": NaN, "width": NaN, "service": NaN, "roughness": 4.0}}, {"type": "Feature", "geometry": {"type": "LineString", "coordinates": [[-56.1936582, -24.3262274], [-56.1919058, -24.3251393]]}, "properties": {"osmid": "208141460", "oneway": "False", "lanes": NaN, "ref": NaN, "name": NaN, "highway": "secondary", "length": 214.863, "maxspeed": NaN, "bridge": NaN, "access": NaN, "tunnel": NaN, "junction": NaN, "width": NaN, "service": NaN, "roughness": 4.0}}, {"type": "Feature", "geometry": {"type": "LineString", "coordinates": [[-56.1919058, -24.3251393], [-56.1810307, -24.3182088]]}, "properties": {"osmid": "208141460", "oneway": "False", "lanes": NaN, "ref": NaN, "name": NaN, "highway": "secondary", "length": 1344.67, "maxspeed": NaN, "bridge": NaN, "access": NaN, "tunnel": NaN, "junction": NaN, "width": NaN, "service": NaN, "roughness": 4.0}}, {"type": "Feature", "geometry": {"type": "LineString", "coordinates": [[-56.1810307, -24.3182088], [-56.1803328, -24.3178696]]}, "properties": {"osmid": "208141460", "oneway": "False", "lanes": NaN, "ref": NaN, "name": NaN, "highway": "secondary", "length": 80.147, "maxspeed": NaN, "bridge": NaN, "access": NaN, "tunnel": NaN, "junction": NaN, "width": NaN, "service": NaN, "roughness": 4.0}}, {"type": "Feature", "geometry": {"type": "LineString", "coordinates": [[-56.1803328, -24.3178696], [-56.1796194, -24.3176682]]}, "properties": {"osmid": "208141460", "oneway": "False", "lanes": NaN, "ref": NaN, "name": NaN, "highway": "secondary", "length": 75.678, "maxspeed": NaN, "bridge": NaN, "access": NaN, "tunnel": NaN, "junction": NaN, "width": NaN, "service": NaN, "roughness": 4.0}}, {"type": "Feature", "geometry": {"type": "LineString", "coordinates": [[-56.1796194, -24.3176682], [-56.1789448, -24.3176117]]}, "properties": {"osmid": "208141460", "oneway": "False", "lanes": NaN, "ref": NaN, "name": NaN, "highway": "secondary", "length": 68.645, "maxspeed": NaN, "bridge": NaN, "access": NaN, "tunnel": NaN, "junction": NaN, "width": NaN, "service": NaN, "roughness": 4.0}}, {"type": "Feature", "geometry": {"type": "LineString", "coordinates": [[-56.1789448, -24.3176117], [-56.1741647, -24.3173906]]}, "properties": {"osmid": "208141460", "oneway": "False", "lanes": NaN, "ref": NaN, "name": NaN, "highway": "secondary", "length": 484.989, "maxspeed": NaN, "bridge": NaN, "access": NaN, "tunnel": NaN, "junction": NaN, "width": NaN, "service": NaN, "roughness": 4.0}}, {"type": "Feature", "geometry": {"type": "LineString", "coordinates": [[-56.1741647, -24.3173906], [-56.1741442, -24.3173909]]}, "properties": {"osmid": "208141460", "oneway": "False", "lanes": NaN, "ref": NaN, "name": NaN, "highway": "secondary", "length": 2.078, "maxspeed": NaN, "bridge": NaN, "access": NaN, "tunnel": NaN, "junction": NaN, "width": NaN, "service": NaN, "roughness": 4.0}}, {"type": "Feature", "geometry": {"type": "LineString", "coordinates": [[-56.1741442, -24.3173909], [-56.1693261, -24.3174612]]}, "properties": {"osmid": "208141460", "oneway": "False", "lanes": NaN, "ref": NaN, "name": NaN, "highway": "secondary", "length": 488.279, "maxspeed": NaN, "bridge": NaN, "access": NaN, "tunnel": NaN, "junction": NaN, "width": NaN, "service": NaN, "roughness": 4.0}}, {"type": "Feature", "geometry": {"type": "LineString", "coordinates": [[-56.1693261, -24.3174612], [-56.1689759, -24.3174504]]}, "properties": {"osmid": "208141460", "oneway": "False", "lanes": NaN, "ref": NaN, "name": NaN, "highway": "secondary", "length": 35.506, "maxspeed": NaN, "bridge": NaN, "access": NaN, "tunnel": NaN, "junction": NaN, "width": NaN, "service": NaN, "roughness": 4.0}}, {"type": "Feature", "geometry": {"type": "LineString", "coordinates": [[-56.1689759, -24.3174504], [-56.1686223, -24.3173754]]}, "properties": {"osmid": "208141460", "oneway": "False", "lanes": NaN, "ref": NaN, "name": NaN, "highway": "secondary", "length": 36.788, "maxspeed": NaN, "bridge": NaN, "access": NaN, "tunnel": NaN, "junction": NaN, "width": NaN, "service": NaN, "roughness": 4.0}}, {"type": "Feature", "geometry": {"type": "LineString", "coordinates": [[-56.1686223, -24.3173754], [-56.1657755, -24.3163717]]}, "properties": {"osmid": "208141460", "oneway": "False", "lanes": NaN, "ref": NaN, "name": NaN, "highway": "secondary", "length": 309.304, "maxspeed": NaN, "bridge": NaN, "access": NaN, "tunnel": NaN, "junction": NaN, "width": NaN, "service": NaN, "roughness": 4.0}}]}