{"type": "FeatureCollection", "features": [{"type": "Feature", "geometry": {"type": "LineString", "coordinates": [[-54.6667503, -24.1527397], [-54.6660289, -24.1535058]]}, "properties": {"osmid": "263638714", "oneway": "False", "lanes": "2", "ref": NaN, "name": "14 de Mayo", "highway": "tertiary", "length": 112.312, "maxspeed": NaN, "bridge": NaN, "access": NaN, "tunnel": NaN, "junction": NaN, "width": NaN, "service": NaN, "roughness": 2.54}}, {"type": "Feature", "geometry": {"type": "LineString", "coordinates": [[-54.6660289, -24.1535058], [-54.6653337, -24.1542445]]}, "properties": {"osmid": "263638714", "oneway": "False", "lanes": "2", "ref": NaN, "name": "14 de Mayo", "highway": "tertiary", "length": 108.269, "maxspeed": NaN, "bridge": NaN, "access": NaN, "tunnel": NaN, "junction": NaN, "width": NaN, "service": NaN, "roughness": 2.54}}, {"type": "Feature", "geometry": {"type": "LineString", "coordinates": [[-54.6653337, -24.1542445], [-54.665252, -24.1543356]]}, "properties": {"osmid": "263638714", "oneway": "False", "lanes": "2", "ref": NaN, "name": "14 de Mayo", "highway": "tertiary", "length": 13.089, "maxspeed": NaN, "bridge": NaN, "access": NaN, "tunnel": NaN, "junction": NaN, "width": NaN, "service": NaN, "roughness": 2.54}}, {"type": "Feature", "geometry": {"type": "LineString", "coordinates": [[-54.665252, -24.1543356], [-54.6636083, -24.1530139]]}, "properties": {"osmid": "263782180", "oneway": "False", "lanes": "2", "ref": "PY03", "name": "Ruta Nacional General Aquino", "highway": "trunk", "length": 222.287, "maxspeed": "80", "bridge": NaN, "access": NaN, "tunnel": NaN, "junction": NaN, "width": NaN, "service": NaN, "roughness": 2.54}}, {"type": "Feature", "geometry": {"type": "LineString", "coordinates": [[-54.6636083, -24.1530139], [-54.6620342, -24.1517461]]}, "properties": {"osmid": "263782180", "oneway": "False", "lanes": "2", "ref": "PY03", "name": "Ruta Nacional General Aquino", "highway": "trunk", "length": 213.027, "maxspeed": "80", "bridge": NaN, "access": NaN, "tunnel": NaN, "junction": NaN, "width": NaN, "service": NaN, "roughness": 2.54}}, {"type": "Feature", "geometry": {"type": "LineString", "coordinates": [[-54.6620342, -24.1517461], [-54.6619504, -24.1516792]]}, "properties": {"osmid": "263782180", "oneway": "False", "lanes": "2", "ref": "PY03", "name": "Ruta Nacional General Aquino", "highway": "trunk", "length": 11.297, "maxspeed": "80", "bridge": NaN, "access": NaN, "tunnel": NaN, "junction": NaN, "width": NaN, "service": NaN, "roughness": 2.54}}, {"type": "Feature", "geometry": {"type": "LineString", "coordinates": [[-54.6619504, -24.1516792], [-54.6603867, -24.1504288]]}, "properties": {"osmid": "263782180", "oneway": "False", "lanes": "2", "ref": "PY03", "name": "Ruta Nacional General Aquino", "highway": "trunk", "length": 210.959, "maxspeed": "80", "bridge": NaN, "access": NaN, "tunnel": NaN, "junction": NaN, "width": NaN, "service": NaN, "roughness": 2.54}}, {"type": "Feature", "geometry": {"type": "LineString", "coordinates": [[-54.6603867, -24.1504288], [-54.6597863, -24.1499487]]}, "properties": {"osmid": "263782180", "oneway": "False", "lanes": "2", "ref": "PY03", "name": "Ruta Nacional General Aquino", "highway": "trunk", "length": 81.0, "maxspeed": "80", "bridge": NaN, "access": NaN, "tunnel": NaN, "junction": NaN, "width": NaN, "service": NaN, "roughness": 2.54}}, {"type": "Feature", "geometry": {"type": "LineString", "coordinates": [[-54.6597863, -24.1499487], [-54.658595, -24.1489961]]}, "properties": {"osmid": "263782180", "oneway": "False", "lanes": "2", "ref": "PY03", "name": "Ruta Nacional General Aquino", "highway": "trunk", "length": 160.718, "maxspeed": "80", "bridge": NaN, "access": NaN, "tunnel": NaN, "junction": NaN, "width": NaN, "service": NaN, "roughness": 2.54}}, {"type": "Feature", "geometry": {"type": "LineString", "coordinates": [[-54.658595, -24.1489961], [-54.6582935, -24.148755]]}, "properties": {"osmid": "263782180", "oneway": "False", "lanes": "2", "ref": "PY03", "name": "Ruta Nacional General Aquino", "highway": "trunk", "length": 40.676, "maxspeed": "80", "bridge": NaN, "access": NaN, "tunnel": NaN, "junction": NaN, "width": NaN, "service": NaN, "roughness": 2.54}}, {"type": "Feature", "geometry": {"type": "LineString", "coordinates": [[-54.6582935, -24.148755], [-54.6578944, -24.1484726]]}, "properties": {"osmid": "263782180", "oneway": "False", "lanes": "2", "ref": "PY03", "name": "Ruta Nacional General Aquino", "highway": "trunk", "length": 51.243, "maxspeed": "80", "bridge": NaN, "access": NaN, "tunnel": NaN, "junction": NaN, "width": NaN, "service": NaN, "roughness": 2.54}}, {"type": "Feature", "geometry": {"type": "LineString", "coordinates": [[-54.6578944, -24.1484726], [-54.6574711, -24.1482332]]}, "properties": {"osmid": "263782180", "oneway": "False", "lanes": "2", "ref": "PY03", "name": "Ruta Nacional General Aquino", "highway": "trunk", "length": 50.53, "maxspeed": "80", "bridge": NaN, "access": NaN, "tunnel": NaN, "junction": NaN, "width": NaN, "service": NaN, "roughness": 2.54}}, {"type": "Feature", "geometry": {"type": "LineString", "coordinates": [[-54.6574711, -24.1482332], [-54.6570023, -24.1480222]]}, "properties": {"osmid": "263782180", "oneway": "False", "lanes": "2", "ref": "PY03", "name": "Ruta Nacional General Aquino", "highway": "trunk", "length": 53.038, "maxspeed": "80", "bridge": NaN, "access": NaN, "tunnel": NaN, "junction": NaN, "width": NaN, "service": NaN, "roughness": 2.54}}, {"type": "Feature", "geometry": {"type": "LineString", "coordinates": [[-54.6570023, -24.1480222], [-54.6565163, -24.1478426]]}, "properties": {"osmid": "263782180", "oneway": "False", "lanes": "2", "ref": "PY03", "name": "Ruta Nacional General Aquino", "highway": "trunk", "length": 53.202, "maxspeed": "80", "bridge": NaN, "access": NaN, "tunnel": NaN, "junction": NaN, "width": NaN, "service": NaN, "roughness": 2.54}}, {"type": "Feature", "geometry": {"type": "LineString", "coordinates": [[-54.6565163, -24.1478426], [-54.6551355, -24.1474857]]}, "properties": {"osmid": "263782180", "oneway": "False", "lanes": "2", "ref": "PY03", "name": "Ruta Nacional General Aquino", "highway": "trunk", "length": 145.615, "maxspeed": "80", "bridge": NaN, "access": NaN, "tunnel": NaN, "junction": NaN, "width": NaN, "service": NaN, "roughness": 2.54}}, {"type": "Feature", "geometry": {"type": "LineString", "coordinates": [[-54.6551355, -24.1474857], [-54.6516105, -24.1466252]]}, "properties": {"osmid": "263782180", "oneway": "False", "lanes": "2", "ref": "PY03", "name": "Ruta Nacional General Aquino", "highway": "trunk", "length": 370.243, "maxspeed": "80", "bridge": NaN, "access": NaN, "tunnel": NaN, "junction": NaN, "width": NaN, "service": NaN, "roughness": 2.54}}, {"type": "Feature", "geometry": {"type": "LineString", "coordinates": [[-54.6516105, -24.1466252], [-54.6488542, -24.145945]]}, "properties": {"osmid": "263782180", "oneway": "False", "lanes": "2", "ref": "PY03", "name": "Ruta Nacional General Aquino", "highway": "trunk", "length": 289.718, "maxspeed": "80", "bridge": NaN, "access": NaN, "tunnel": NaN, "junction": NaN, "width": NaN, "service": NaN, "roughness": 2.54}}, {"type": "Feature", "geometry": {"type": "LineString", "coordinates": [[-54.6488542, -24.145945], [-54.6476688, -24.1456525]]}, "properties": {"osmid": "263782180", "oneway": "False", "lanes": "2", "ref": "PY03", "name": "Ruta Nacional General Aquino", "highway": "trunk", "length": 124.598, "maxspeed": "80", "bridge": NaN, "access": NaN, "tunnel": NaN, "junction": NaN, "width": NaN, "service": NaN, "roughness": 2.54}}, {"type": "Feature", "geometry": {"type": "LineString", "coordinates": [[-54.6476688, -24.1456525], [-54.6446613, -24.1449103]]}, "properties": {"osmid": "263782180", "oneway": "False", "lanes": "2", "ref": "PY03", "name": "Ruta Nacional General Aquino", "highway": "trunk", "length": 316.124, "maxspeed": "80", "bridge": NaN, "access": NaN, "tunnel": NaN, "junction": NaN, "width": NaN, "service": NaN, "roughness": 2.54}}, {"type": "Feature", "geometry": {"type": "LineString", "coordinates": [[-54.6446613, -24.1449103], [-54.6416878, -24.144181]]}, "properties": {"osmid": "263782180", "oneway": "False", "lanes": "2", "ref": "PY03", "name": "Ruta Nacional General Aquino", "highway": "trunk", "length": 312.421, "maxspeed": "80", "bridge": NaN, "access": NaN, "tunnel": NaN, "junction": NaN, "width": NaN, "service": NaN, "roughness": 2.54}}, {"type": "Feature", "geometry": {"type": "LineString", "coordinates": [[-54.6416878, -24.144181], [-54.6345703, -24.1424132]]}, "properties": {"osmid": "263782180", "oneway": "False", "lanes": "2", "ref": "PY03", "name": "Ruta Nacional General Aquino", "highway": "trunk", "length": 748.475, "maxspeed": "80", "bridge": NaN, "access": NaN, "tunnel": NaN, "junction": NaN, "width": NaN, "service": NaN, "roughness": 2.54}}, {"type": "Feature", "geometry": {"type": "LineString", "coordinates": [[-54.6345703, -24.1424132], [-54.6307441, -24.1414629]]}, "properties": {"osmid": "263782180", "oneway": "False", "lanes": "2", "ref": "PY03", "name": "Ruta Nacional General Aquino", "highway": "trunk", "length": 402.365, "maxspeed": "80", "bridge": NaN, "access": NaN, "tunnel": NaN, "junction": NaN, "width": NaN, "service": NaN, "roughness": 2.54}}, {"type": "Feature", "geometry": {"type": "LineString", "coordinates": [[-54.6307441, -24.1414629], [-54.6272427, -24.1405889]]}, "properties": {"osmid": "263782180", "oneway": "False", "lanes": "2", "ref": "PY03", "name": "Ruta Nacional General Aquino", "highway": "trunk", "length": 368.34, "maxspeed": "80", "bridge": NaN, "access": NaN, "tunnel": NaN, "junction": NaN, "width": NaN, "service": NaN, "roughness": 2.54}}, {"type": "Feature", "geometry": {"type": "LineString", "coordinates": [[-54.6272427, -24.1405889], [-54.6253297, -24.1401133]]}, "properties": {"osmid": "263782180", "oneway": "False", "lanes": "2", "ref": "PY03", "name": "Ruta Nacional General Aquino", "highway": "trunk", "length": 201.188, "maxspeed": "80", "bridge": NaN, "access": NaN, "tunnel": NaN, "junction": NaN, "width": NaN, "service": NaN, "roughness": 2.54}}, {"type": "Feature", "geometry": {"type": "LineString", "coordinates": [[-54.6253297, -24.1401133], [-54.6244794, -24.1399028]]}, "properties": {"osmid": "263782180", "oneway": "False", "lanes": "2", "ref": "PY03", "name": "Ruta Nacional General Aquino", "highway": "trunk", "length": 89.399, "maxspeed": "80", "bridge": NaN, "access": NaN, "tunnel": NaN, "junction": NaN, "width": NaN, "service": NaN, "roughness": 2.54}}, {"type": "Feature", "geometry": {"type": "LineString", "coordinates": [[-54.6244794, -24.1399028], [-54.6237533, -24.1397192]]}, "properties": {"osmid": "263782180", "oneway": "False", "lanes": "2", "ref": "PY03", "name": "Ruta Nacional General Aquino", "highway": "trunk", "length": 76.454, "maxspeed": "80", "bridge": NaN, "access": NaN, "tunnel": NaN, "junction": NaN, "width": NaN, "service": NaN, "roughness": 2.54}}, {"type": "Feature", "geometry": {"type": "LineString", "coordinates": [[-54.6237533, -24.1397192], [-54.6236354, -24.1396894]]}, "properties": {"osmid": "263782180", "oneway": "False", "lanes": "2", "ref": "PY03", "name": "Ruta Nacional General Aquino", "highway": "trunk", "length": 12.414, "maxspeed": "80", "bridge": NaN, "access": NaN, "tunnel": NaN, "junction": NaN, "width": NaN, "service": NaN, "roughness": 2.54}}, {"type": "Feature", "geometry": {"type": "LineString", "coordinates": [[-54.6236354, -24.1396894], [-54.623313, -24.1396079]]}, "properties": {"osmid": "263782180", "oneway": "False", "lanes": "2", "ref": "PY03", "name": "Ruta Nacional General Aquino", "highway": "trunk", "length": 33.946, "maxspeed": "80", "bridge": NaN, "access": NaN, "tunnel": NaN, "junction": NaN, "width": NaN, "service": NaN, "roughness": 2.54}}, {"type": "Feature", "geometry": {"type": "LineString", "coordinates": [[-54.623313, -24.1396079], [-54.6227841, -24.1394664]]}, "properties": {"osmid": "263782180", "oneway": "False", "lanes": "2", "ref": "PY03", "name": "Ruta Nacional General Aquino", "highway": "trunk", "length": 55.927, "maxspeed": "80", "bridge": NaN, "access": NaN, "tunnel": NaN, "junction": NaN, "width": NaN, "service": NaN, "roughness": 2.54}}, {"type": "Feature", "geometry": {"type": "LineString", "coordinates": [[-54.6227841, -24.1394664], [-54.6223198, -24.1393193]]}, "properties": {"osmid": "263782180", "oneway": "False", "lanes": "2", "ref": "PY03", "name": "Ruta Nacional General Aquino", "highway": "trunk", "length": 49.872, "maxspeed": "80", "bridge": NaN, "access": NaN, "tunnel": NaN, "junction": NaN, "width": NaN, "service": NaN, "roughness": 2.54}}, {"type": "Feature", "geometry": {"type": "LineString", "coordinates": [[-54.6223198, -24.1393193], [-54.621874, -24.1391482]]}, "properties": {"osmid": "263782180", "oneway": "False", "lanes": "2", "ref": "PY03", "name": "Ruta Nacional General Aquino", "highway": "trunk", "length": 49.074, "maxspeed": "80", "bridge": NaN, "access": NaN, "tunnel": NaN, "junction": NaN, "width": NaN, "service": NaN, "roughness": 2.54}}, {"type": "Feature", "geometry": {"type": "LineString", "coordinates": [[-54.621874, -24.1391482], [-54.6214706, -24.1389861]]}, "properties": {"osmid": "263782180", "oneway": "False", "lanes": "2", "ref": "PY03", "name": "Ruta Nacional General Aquino", "highway": "trunk", "length": 44.726, "maxspeed": "80", "bridge": NaN, "access": NaN, "tunnel": NaN, "junction": NaN, "width": NaN, "service": NaN, "roughness": 2.54}}, {"type": "Feature", "geometry": {"type": "LineString", "coordinates": [[-54.6214706, -24.1389861], [-54.6210924, -24.1388045]]}, "properties": {"osmid": "263782180", "oneway": "False", "lanes": "2", "ref": "PY03", "name": "Ruta Nacional General Aquino", "highway": "trunk", "length": 43.365, "maxspeed": "80", "bridge": NaN, "access": NaN, "tunnel": NaN, "junction": NaN, "width": NaN, "service": NaN, "roughness": 2.54}}, {"type": "Feature", "geometry": {"type": "LineString", "coordinates": [[-54.6210924, -24.1388045], [-54.6210298, -24.1387716]]}, "properties": {"osmid": "263782180", "oneway": "False", "lanes": "2", "ref": "PY03", "name": "Ruta Nacional General Aquino", "highway": "trunk", "length": 7.33, "maxspeed": "80", "bridge": NaN, "access": NaN, "tunnel": NaN, "junction": NaN, "width": NaN, "service": NaN, "roughness": 2.54}}, {"type": "Feature", "geometry": {"type": "LineString", "coordinates": [[-54.6210298, -24.1387716], [-54.620714, -24.1386053]]}, "properties": {"osmid": "263782180", "oneway": "False", "lanes": "2", "ref": "PY03", "name": "Ruta Nacional General Aquino", "highway": "trunk", "length": 36.998, "maxspeed": "80", "bridge": NaN, "access": NaN, "tunnel": NaN, "junction": NaN, "width": NaN, "service": NaN, "roughness": 2.54}}, {"type": "Feature", "geometry": {"type": "LineString", "coordinates": [[-54.620714, -24.1386053], [-54.6205974, -24.1385377]]}, "properties": {"osmid": "263782180", "oneway": "False", "lanes": "2", "ref": "PY03", "name": "Ruta Nacional General Aquino", "highway": "trunk", "length": 14.017, "maxspeed": "80", "bridge": NaN, "access": NaN, "tunnel": NaN, "junction": NaN, "width": NaN, "service": NaN, "roughness": 2.54}}, {"type": "Feature", "geometry": {"type": "LineString", "coordinates": [[-54.6205974, -24.1385377], [-54.6202481, -24.1383353]]}, "properties": {"osmid": "263782180", "oneway": "False", "lanes": "2", "ref": "PY03", "name": "Ruta Nacional General Aquino", "highway": "trunk", "length": 41.986, "maxspeed": "80", "bridge": NaN, "access": NaN, "tunnel": NaN, "junction": NaN, "width": NaN, "service": NaN, "roughness": 2.54}}, {"type": "Feature", "geometry": {"type": "LineString", "coordinates": [[-54.6202481, -24.1383353], [-54.619923, -24.1381241]]}, "properties": {"osmid": "263782180", "oneway": "False", "lanes": "2", "ref": "PY03", "name": "Ruta Nacional General Aquino", "highway": "trunk", "length": 40.494, "maxspeed": "80", "bridge": NaN, "access": NaN, "tunnel": NaN, "junction": NaN, "width": NaN, "service": NaN, "roughness": 2.54}}, {"type": "Feature", "geometry": {"type": "LineString", "coordinates": [[-54.619923, -24.1381241], [-54.6195942, -24.1379006]]}, "properties": {"osmid": "263782180", "oneway": "False", "lanes": "2", "ref": "PY03", "name": "Ruta Nacional General Aquino", "highway": "trunk", "length": 41.603, "maxspeed": "80", "bridge": NaN, "access": NaN, "tunnel": NaN, "junction": NaN, "width": NaN, "service": NaN, "roughness": 2.54}}, {"type": "Feature", "geometry": {"type": "LineString", "coordinates": [[-54.6195942, -24.1379006], [-54.6193431, -24.1377153]]}, "properties": {"osmid": "263782180", "oneway": "False", "lanes": "2", "ref": "PY03", "name": "Ruta Nacional General Aquino", "highway": "trunk", "length": 32.768, "maxspeed": "80", "bridge": NaN, "access": NaN, "tunnel": NaN, "junction": NaN, "width": NaN, "service": NaN, "roughness": 2.54}}, {"type": "Feature", "geometry": {"type": "LineString", "coordinates": [[-54.6193431, -24.1377153], [-54.619271, -24.1376622]]}, "properties": {"osmid": "263782180", "oneway": "False", "lanes": "2", "ref": "PY03", "name": "Ruta Nacional General Aquino", "highway": "trunk", "length": 9.402, "maxspeed": "80", "bridge": NaN, "access": NaN, "tunnel": NaN, "junction": NaN, "width": NaN, "service": NaN, "roughness": 2.54}}, {"type": "Feature", "geometry": {"type": "LineString", "coordinates": [[-54.619271, -24.1376622], [-54.6191146, -24.1375419]]}, "properties": {"osmid": "263782180", "oneway": "False", "lanes": "2", "ref": "PY03", "name": "Ruta Nacional General Aquino", "highway": "trunk", "length": 20.756, "maxspeed": "80", "bridge": NaN, "access": NaN, "tunnel": NaN, "junction": NaN, "width": NaN, "service": NaN, "roughness": 2.54}}, {"type": "Feature", "geometry": {"type": "LineString", "coordinates": [[-54.6191146, -24.1375419], [-54.6190231, -24.1374715]]}, "properties": {"osmid": "263782180", "oneway": "False", "lanes": "2", "ref": "PY03", "name": "Ruta Nacional General Aquino", "highway": "trunk", "length": 12.144, "maxspeed": "80", "bridge": NaN, "access": NaN, "tunnel": NaN, "junction": NaN, "width": NaN, "service": NaN, "roughness": 2.54}}, {"type": "Feature", "geometry": {"type": "LineString", "coordinates": [[-54.6190231, -24.1374715], [-54.6189356, -24.1374019]]}, "properties": {"osmid": "263782180", "oneway": "False", "lanes": "2", "ref": "PY03", "name": "Ruta Nacional General Aquino", "highway": "trunk", "length": 11.778, "maxspeed": "80", "bridge": NaN, "access": NaN, "tunnel": NaN, "junction": NaN, "width": NaN, "service": NaN, "roughness": 2.54}}, {"type": "Feature", "geometry": {"type": "LineString", "coordinates": [[-54.6189356, -24.1374019], [-54.6187734, -24.137273]]}, "properties": {"osmid": "263782180", "oneway": "False", "lanes": "2", "ref": "PY03", "name": "Ruta Nacional General Aquino", "highway": "trunk", "length": 21.825, "maxspeed": "80", "bridge": NaN, "access": NaN, "tunnel": NaN, "junction": NaN, "width": NaN, "service": NaN, "roughness": 2.54}}, {"type": "Feature", "geometry": {"type": "LineString", "coordinates": [[-54.6187734, -24.137273], [-54.6184934, -24.1370339]]}, "properties": {"osmid": "263782180", "oneway": "False", "lanes": "2", "ref": "PY03", "name": "Ruta Nacional General Aquino", "highway": "trunk", "length": 38.912, "maxspeed": "80", "bridge": NaN, "access": NaN, "tunnel": NaN, "junction": NaN, "width": NaN, "service": NaN, "roughness": 2.54}}, {"type": "Feature", "geometry": {"type": "LineString", "coordinates": [[-54.6184934, -24.1370339], [-54.6182182, -24.1367903]]}, "properties": {"osmid": "263782180", "oneway": "False", "lanes": "2", "ref": "PY03", "name": "Ruta Nacional General Aquino", "highway": "trunk", "length": 38.904, "maxspeed": "80", "bridge": NaN, "access": NaN, "tunnel": NaN, "junction": NaN, "width": NaN, "service": NaN, "roughness": 2.54}}, {"type": "Feature", "geometry": {"type": "LineString", "coordinates": [[-54.6182182, -24.1367903], [-54.617526, -24.1360096]]}, "properties": {"osmid": "263782180", "oneway": "False", "lanes": "2", "ref": "PY03", "name": "Ruta Nacional General Aquino", "highway": "trunk", "length": 111.668, "maxspeed": "80", "bridge": NaN, "access": NaN, "tunnel": NaN, "junction": NaN, "width": NaN, "service": NaN, "roughness": 2.54}}, {"type": "Feature", "geometry": {"type": "LineString", "coordinates": [[-54.617526, -24.1360096], [-54.6174636, -24.1359391]]}, "properties": {"osmid": "263782180", "oneway": "False", "lanes": "2", "ref": "PY03", "name": "Ruta Nacional General Aquino", "highway": "trunk", "length": 10.077, "maxspeed": "80", "bridge": NaN, "access": NaN, "tunnel": NaN, "junction": NaN, "width": NaN, "service": NaN, "roughness": 2.54}}, {"type": "Feature", "geometry": {"type": "LineString", "coordinates": [[-54.6174636, -24.1359391], [-54.61685, -24.1352471]]}, "properties": {"osmid": "263782180", "oneway": "False", "lanes": "2", "ref": "PY03", "name": "Ruta Nacional General Aquino", "highway": "trunk", "length": 98.984, "maxspeed": "80", "bridge": NaN, "access": NaN, "tunnel": NaN, "junction": NaN, "width": NaN, "service": NaN, "roughness": 2.54}}, {"type": "Feature", "geometry": {"type": "LineString", "coordinates": [[-54.61685, -24.1352471], [-54.6162411, -24.1345707]]}, "properties": {"osmid": "263782180", "oneway": "False", "lanes": "2", "ref": "PY03", "name": "Ruta Nacional General Aquino", "highway": "trunk", "length": 97.338, "maxspeed": "80", "bridge": NaN, "access": NaN, "tunnel": NaN, "junction": NaN, "width": NaN, "service": NaN, "roughness": 2.54}}, {"type": "Feature", "geometry": {"type": "LineString", "coordinates": [[-54.6162411, -24.1345707], [-54.6156538, -24.1339042]]}, "properties": {"osmid": "263782180", "oneway": "False", "lanes": "2", "ref": "PY03", "name": "Ruta Nacional General Aquino", "highway": "trunk", "length": 95.101, "maxspeed": "80", "bridge": NaN, "access": NaN, "tunnel": NaN, "junction": NaN, "width": NaN, "service": NaN, "roughness": 2.54}}, {"type": "Feature", "geometry": {"type": "LineString", "coordinates": [[-54.6156538, -24.1339042], [-54.6150654, -24.1332315]]}, "properties": {"osmid": "263782180", "oneway": "False", "lanes": "2", "ref": "PY03", "name": "Ruta Nacional General Aquino", "highway": "trunk", "length": 95.709, "maxspeed": "80", "bridge": NaN, "access": NaN, "tunnel": NaN, "junction": NaN, "width": NaN, "service": NaN, "roughness": 2.54}}, {"type": "Feature", "geometry": {"type": "LineString", "coordinates": [[-54.6150654, -24.1332315], [-54.6143607, -24.1324576]]}, "properties": {"osmid": "263782180", "oneway": "False", "lanes": "2", "ref": "PY03", "name": "Ruta Nacional General Aquino", "highway": "trunk", "length": 111.888, "maxspeed": "80", "bridge": NaN, "access": NaN, "tunnel": NaN, "junction": NaN, "width": NaN, "service": NaN, "roughness": 2.54}}, {"type": "Feature", "geometry": {"type": "LineString", "coordinates": [[-54.6143607, -24.1324576], [-54.6137586, -24.131755]]}, "properties": {"osmid": "263782180", "oneway": "False", "lanes": "2", "ref": "PY03", "name": "Ruta Nacional General Aquino", "highway": "trunk", "length": 99.18, "maxspeed": "80", "bridge": NaN, "access": NaN, "tunnel": NaN, "junction": NaN, "width": NaN, "service": NaN, "roughness": 2.54}}, {"type": "Feature", "geometry": {"type": "LineString", "coordinates": [[-54.6137586, -24.131755], [-54.6131715, -24.1310944]]}, "properties": {"osmid": "263782180", "oneway": "False", "lanes": "2", "ref": "PY03", "name": "Ruta Nacional General Aquino", "highway": "trunk", "length": 94.579, "maxspeed": "80", "bridge": NaN, "access": NaN, "tunnel": NaN, "junction": NaN, "width": NaN, "service": NaN, "roughness": 2.54}}, {"type": "Feature", "geometry": {"type": "LineString", "coordinates": [[-54.6131715, -24.1310944], [-54.6125682, -24.130415]]}, "properties": {"osmid": "263782180", "oneway": "False", "lanes": "2", "ref": "PY03", "name": "Ruta Nacional General Aquino", "highway": "trunk", "length": 97.238, "maxspeed": "80", "bridge": NaN, "access": NaN, "tunnel": NaN, "junction": NaN, "width": NaN, "service": NaN, "roughness": 2.54}}, {"type": "Feature", "geometry": {"type": "LineString", "coordinates": [[-54.6125682, -24.130415], [-54.6119217, -24.1297034]]}, "properties": {"osmid": "263782180", "oneway": "False", "lanes": "2", "ref": "PY03", "name": "Ruta Nacional General Aquino", "highway": "trunk", "length": 102.787, "maxspeed": "80", "bridge": NaN, "access": NaN, "tunnel": NaN, "junction": NaN, "width": NaN, "service": NaN, "roughness": 2.54}}, {"type": "Feature", "geometry": {"type": "LineString", "coordinates": [[-54.6119217, -24.1297034], [-54.6113438, -24.129048]]}, "properties": {"osmid": "263782180", "oneway": "False", "lanes": "2", "ref": "PY03", "name": "Ruta Nacional General Aquino", "highway": "trunk", "length": 93.543, "maxspeed": "80", "bridge": NaN, "access": NaN, "tunnel": NaN, "junction": NaN, "width": NaN, "service": NaN, "roughness": 2.54}}, {"type": "Feature", "geometry": {"type": "LineString", "coordinates": [[-54.6113438, -24.129048], [-54.6107474, -24.1283763]]}, "properties": {"osmid": "263782180", "oneway": "False", "lanes": "2", "ref": "PY03", "name": "Ruta Nacional General Aquino", "highway": "trunk", "length": 96.133, "maxspeed": "80", "bridge": NaN, "access": NaN, "tunnel": NaN, "junction": NaN, "width": NaN, "service": NaN, "roughness": 2.54}}, {"type": "Feature", "geometry": {"type": "LineString", "coordinates": [[-54.6107474, -24.1283763], [-54.6101656, -24.1277191]]}, "properties": {"osmid": "263782180", "oneway": "False", "lanes": "2", "ref": "PY03", "name": "Ruta Nacional General Aquino", "highway": "trunk", "length": 93.948, "maxspeed": "80", "bridge": NaN, "access": NaN, "tunnel": NaN, "junction": NaN, "width": NaN, "service": NaN, "roughness": 2.54}}, {"type": "Feature", "geometry": {"type": "LineString", "coordinates": [[-54.6101656, -24.1277191], [-54.6095878, -24.1270642]]}, "properties": {"osmid": "263782180", "oneway": "False", "lanes": "2", "ref": "PY03", "name": "Ruta Nacional General Aquino", "highway": "trunk", "length": 93.494, "maxspeed": "80", "bridge": NaN, "access": NaN, "tunnel": NaN, "junction": NaN, "width": NaN, "service": NaN, "roughness": 2.54}}, {"type": "Feature", "geometry": {"type": "LineString", "coordinates": [[-54.6095878, -24.1270642], [-54.6089387, -24.1263225]]}, "properties": {"osmid": "263782180", "oneway": "False", "lanes": "2", "ref": "PY03", "name": "Ruta Nacional General Aquino", "highway": "trunk", "length": 105.551, "maxspeed": "80", "bridge": NaN, "access": NaN, "tunnel": NaN, "junction": NaN, "width": NaN, "service": NaN, "roughness": 2.54}}, {"type": "Feature", "geometry": {"type": "LineString", "coordinates": [[-54.6089387, -24.1263225], [-54.6087697, -24.1261243]]}, "properties": {"osmid": "263782180", "oneway": "False", "lanes": "2", "ref": "PY03", "name": "Ruta Nacional General Aquino", "highway": "trunk", "length": 27.926, "maxspeed": "80", "bridge": NaN, "access": NaN, "tunnel": NaN, "junction": NaN, "width": NaN, "service": NaN, "roughness": 2.54}}, {"type": "Feature", "geometry": {"type": "LineString", "coordinates": [[-54.6087697, -24.1261243], [-54.6082842, -24.1256053]]}, "properties": {"osmid": "263782180", "oneway": "False", "lanes": "2", "ref": "PY03", "name": "Ruta Nacional General Aquino", "highway": "trunk", "length": 75.881, "maxspeed": "80", "bridge": NaN, "access": NaN, "tunnel": NaN, "junction": NaN, "width": NaN, "service": NaN, "roughness": 2.54}}, {"type": "Feature", "geometry": {"type": "LineString", "coordinates": [[-54.6082842, -24.1256053], [-54.60778, -24.1249982]]}, "properties": {"osmid": "263782180", "oneway": "False", "lanes": "2", "ref": "PY03", "name": "Ruta Nacional General Aquino", "highway": "trunk", "length": 84.707, "maxspeed": "80", "bridge": NaN, "access": NaN, "tunnel": NaN, "junction": NaN, "width": NaN, "service": NaN, "roughness": 2.54}}, {"type": "Feature", "geometry": {"type": "LineString", "coordinates": [[-54.60778, -24.1249982], [-54.6075703, -24.1247522]]}, "properties": {"osmid": "263782180", "oneway": "False", "lanes": "2", "ref": "PY03", "name": "Ruta Nacional General Aquino", "highway": "trunk", "length": 34.657, "maxspeed": "80", "bridge": NaN, "access": NaN, "tunnel": NaN, "junction": NaN, "width": NaN, "service": NaN, "roughness": 2.54}}, {"type": "Feature", "geometry": {"type": "LineString", "coordinates": [[-54.6075703, -24.1247522], [-54.6074754, -24.1246408]]}, "properties": {"osmid": "263782180", "oneway": "False", "lanes": "2", "ref": "PY03", "name": "Ruta Nacional General Aquino", "highway": "trunk", "length": 15.691, "maxspeed": "80", "bridge": NaN, "access": NaN, "tunnel": NaN, "junction": NaN, "width": NaN, "service": NaN, "roughness": 2.54}}, {"type": "Feature", "geometry": {"type": "LineString", "coordinates": [[-54.6074754, -24.1246408], [-54.6069244, -24.1240435]]}, "properties": {"osmid": "263782180", "oneway": "False", "lanes": "2", "ref": "PY03", "name": "Ruta Nacional General Aquino", "highway": "trunk", "length": 86.821, "maxspeed": "80", "bridge": NaN, "access": NaN, "tunnel": NaN, "junction": NaN, "width": NaN, "service": NaN, "roughness": 2.54}}, {"type": "Feature", "geometry": {"type": "LineString", "coordinates": [[-54.6069244, -24.1240435], [-54.6067098, -24.1238158]]}, "properties": {"osmid": "263782180", "oneway": "False", "lanes": "2", "ref": "PY03", "name": "Ruta Nacional General Aquino", "highway": "trunk", "length": 33.397, "maxspeed": "80", "bridge": NaN, "access": NaN, "tunnel": NaN, "junction": NaN, "width": NaN, "service": NaN, "roughness": 2.54}}, {"type": "Feature", "geometry": {"type": "LineString", "coordinates": [[-54.6067098, -24.1238158], [-54.6064835, -24.123609]]}, "properties": {"osmid": "263782180", "oneway": "False", "lanes": "2", "ref": "PY03", "name": "Ruta Nacional General Aquino", "highway": "trunk", "length": 32.499, "maxspeed": "80", "bridge": NaN, "access": NaN, "tunnel": NaN, "junction": NaN, "width": NaN, "service": NaN, "roughness": 2.54}}, {"type": "Feature", "geometry": {"type": "LineString", "coordinates": [[-54.6064835, -24.123609], [-54.6061678, -24.123304]]}, "properties": {"osmid": "263782180", "oneway": "False", "lanes": "2", "ref": "PY03", "name": "Ruta Nacional General Aquino", "highway": "trunk", "length": 46.655, "maxspeed": "80", "bridge": NaN, "access": NaN, "tunnel": NaN, "junction": NaN, "width": NaN, "service": NaN, "roughness": 2.54}}, {"type": "Feature", "geometry": {"type": "LineString", "coordinates": [[-54.6061678, -24.123304], [-54.6059698, -24.1231309]]}, "properties": {"osmid": "263782180", "oneway": "False", "lanes": "2", "ref": "PY03", "name": "Ruta Nacional General Aquino", "highway": "trunk", "length": 27.825, "maxspeed": "80", "bridge": NaN, "access": NaN, "tunnel": NaN, "junction": NaN, "width": NaN, "service": NaN, "roughness": 2.54}}, {"type": "Feature", "geometry": {"type": "LineString", "coordinates": [[-54.6059698, -24.1231309], [-54.605684, -24.122881]]}, "properties": {"osmid": "263782180", "oneway": "False", "lanes": "2", "ref": "PY03", "name": "Ruta Nacional General Aquino", "highway": "trunk", "length": 40.167, "maxspeed": "80", "bridge": NaN, "access": NaN, "tunnel": NaN, "junction": NaN, "width": NaN, "service": NaN, "roughness": 2.54}}, {"type": "Feature", "geometry": {"type": "LineString", "coordinates": [[-54.605684, -24.122881], [-54.6054738, -24.1227131]]}, "properties": {"osmid": "263782180", "oneway": "False", "lanes": "2", "ref": "PY03", "name": "Ruta Nacional General Aquino", "highway": "trunk", "length": 28.348, "maxspeed": "80", "bridge": NaN, "access": NaN, "tunnel": NaN, "junction": NaN, "width": NaN, "service": NaN, "roughness": 2.54}}, {"type": "Feature", "geometry": {"type": "LineString", "coordinates": [[-54.6054738, -24.1227131], [-54.6052878, -24.1225703]]}, "properties": {"osmid": "263782180", "oneway": "False", "lanes": "2", "ref": "PY03", "name": "Ruta Nacional General Aquino", "highway": "trunk", "length": 24.667, "maxspeed": "80", "bridge": NaN, "access": NaN, "tunnel": NaN, "junction": NaN, "width": NaN, "service": NaN, "roughness": 2.54}}, {"type": "Feature", "geometry": {"type": "LineString", "coordinates": [[-54.6052878, -24.1225703], [-54.6049021, -24.1223013]]}, "properties": {"osmid": "263782180", "oneway": "False", "lanes": "2", "ref": "PY03", "name": "Ruta Nacional General Aquino", "highway": "trunk", "length": 49.263, "maxspeed": "80", "bridge": NaN, "access": NaN, "tunnel": NaN, "junction": NaN, "width": NaN, "service": NaN, "roughness": 2.54}}, {"type": "Feature", "geometry": {"type": "LineString", "coordinates": [[-54.6049021, -24.1223013], [-54.6045408, -24.1220575]]}, "properties": {"osmid": "263782180", "oneway": "False", "lanes": "2", "ref": "PY03", "name": "Ruta Nacional General Aquino", "highway": "trunk", "length": 45.6, "maxspeed": "80", "bridge": NaN, "access": NaN, "tunnel": NaN, "junction": NaN, "width": NaN, "service": NaN, "roughness": 2.54}}, {"type": "Feature", "geometry": {"type": "LineString", "coordinates": [[-54.6045408, -24.1220575], [-54.604154, -24.1218264]]}, "properties": {"osmid": "263782180", "oneway": "False", "lanes": "2", "ref": "PY03", "name": "Ruta Nacional General Aquino", "highway": "trunk", "length": 46.918, "maxspeed": "80", "bridge": NaN, "access": NaN, "tunnel": NaN, "junction": NaN, "width": NaN, "service": NaN, "roughness": 2.54}}, {"type": "Feature", "geometry": {"type": "LineString", "coordinates": [[-54.604154, -24.1218264], [-54.6040944, -24.1217953]]}, "properties": {"osmid": "263782180", "oneway": "False", "lanes": "2", "ref": "PY03", "name": "Ruta Nacional General Aquino", "highway": "trunk", "length": 6.967, "maxspeed": "80", "bridge": NaN, "access": NaN, "tunnel": NaN, "junction": NaN, "width": NaN, "service": NaN, "roughness": 2.54}}, {"type": "Feature", "geometry": {"type": "LineString", "coordinates": [[-54.6040944, -24.1217953], [-54.6036841, -24.1215813]]}, "properties": {"osmid": "263782180", "oneway": "False", "lanes": "2", "ref": "PY03", "name": "Ruta Nacional General Aquino", "highway": "trunk", "length": 47.959, "maxspeed": "80", "bridge": NaN, "access": NaN, "tunnel": NaN, "junction": NaN, "width": NaN, "service": NaN, "roughness": 2.54}}, {"type": "Feature", "geometry": {"type": "LineString", "coordinates": [[-54.6036841, -24.1215813], [-54.603163, -24.1213368]]}, "properties": {"osmid": "263782180", "oneway": "False", "lanes": "2", "ref": "PY03", "name": "Ruta Nacional General Aquino", "highway": "trunk", "length": 59.463, "maxspeed": "80", "bridge": NaN, "access": NaN, "tunnel": NaN, "junction": NaN, "width": NaN, "service": NaN, "roughness": 2.54}}, {"type": "Feature", "geometry": {"type": "LineString", "coordinates": [[-54.603163, -24.1213368], [-54.6026099, -24.1211113]]}, "properties": {"osmid": "263782180", "oneway": "False", "lanes": "2", "ref": "PY03", "name": "Ruta Nacional General Aquino", "highway": "trunk", "length": 61.478, "maxspeed": "80", "bridge": NaN, "access": NaN, "tunnel": NaN, "junction": NaN, "width": NaN, "service": NaN, "roughness": 2.54}}, {"type": "Feature", "geometry": {"type": "LineString", "coordinates": [[-54.6026099, -24.1211113], [-54.6021708, -24.1209554]]}, "properties": {"osmid": "263782180", "oneway": "False", "lanes": "2", "ref": "PY03", "name": "Ruta Nacional General Aquino", "highway": "trunk", "length": 47.816, "maxspeed": "80", "bridge": NaN, "access": NaN, "tunnel": NaN, "junction": NaN, "width": NaN, "service": NaN, "roughness": 2.54}}, {"type": "Feature", "geometry": {"type": "LineString", "coordinates": [[-54.6021708, -24.1209554], [-54.6016698, -24.1207945]]}, "properties": {"osmid": "263782180", "oneway": "False", "lanes": "2", "ref": "PY03", "name": "Ruta Nacional General Aquino", "highway": "trunk", "length": 53.901, "maxspeed": "80", "bridge": NaN, "access": NaN, "tunnel": NaN, "junction": NaN, "width": NaN, "service": NaN, "roughness": 2.54}}, {"type": "Feature", "geometry": {"type": "LineString", "coordinates": [[-54.6016698, -24.1207945], [-54.601195, -24.1206692]]}, "properties": {"osmid": "263782180", "oneway": "False", "lanes": "2", "ref": "PY03", "name": "Ruta Nacional General Aquino", "highway": "trunk", "length": 50.16, "maxspeed": "80", "bridge": NaN, "access": NaN, "tunnel": NaN, "junction": NaN, "width": NaN, "service": NaN, "roughness": 2.54}}, {"type": "Feature", "geometry": {"type": "LineString", "coordinates": [[-54.601195, -24.1206692], [-54.6008321, -24.1205893]]}, "properties": {"osmid": "263782180", "oneway": "False", "lanes": "2", "ref": "PY03", "name": "Ruta Nacional General Aquino", "highway": "trunk", "length": 37.886, "maxspeed": "80", "bridge": NaN, "access": NaN, "tunnel": NaN, "junction": NaN, "width": NaN, "service": NaN, "roughness": 2.54}}, {"type": "Feature", "geometry": {"type": "LineString", "coordinates": [[-54.6008321, -24.1205893], [-54.6006564, -24.1205507]]}, "properties": {"osmid": "263782180", "oneway": "False", "lanes": "2", "ref": "PY03", "name": "Ruta Nacional General Aquino", "highway": "trunk", "length": 18.34, "maxspeed": "80", "bridge": NaN, "access": NaN, "tunnel": NaN, "junction": NaN, "width": NaN, "service": NaN, "roughness": 2.54}}, {"type": "Feature", "geometry": {"type": "LineString", "coordinates": [[-54.6006564, -24.1205507], [-54.5974421, -24.1198956]]}, "properties": {"osmid": "263782180", "oneway": "False", "lanes": "2", "ref": "PY03", "name": "Ruta Nacional General Aquino", "highway": "trunk", "length": 334.243, "maxspeed": "80", "bridge": NaN, "access": NaN, "tunnel": NaN, "junction": NaN, "width": NaN, "service": NaN, "roughness": 2.54}}, {"type": "Feature", "geometry": {"type": "LineString", "coordinates": [[-54.5974421, -24.1198956], [-54.5873331, -24.117862]]}, "properties": {"osmid": "263782180", "oneway": "False", "lanes": "2", "ref": "PY03", "name": "Ruta Nacional General Aquino", "highway": "trunk", "length": 1050.564, "maxspeed": "80", "bridge": NaN, "access": NaN, "tunnel": NaN, "junction": NaN, "width": NaN, "service": NaN, "roughness": 2.54}}, {"type": "Feature", "geometry": {"type": "LineString", "coordinates": [[-54.5873331, -24.117862], [-54.5823606, -24.116856]]}, "properties": {"osmid": "263782180", "oneway": "False", "lanes": "2", "ref": "PY03", "name": "Ruta Nacional General Aquino", "highway": "trunk", "length": 516.903, "maxspeed": "80", "bridge": NaN, "access": NaN, "tunnel": NaN, "junction": NaN, "width": NaN, "service": NaN, "roughness": 2.54}}, {"type": "Feature", "geometry": {"type": "LineString", "coordinates": [[-54.5823606, -24.116856], [-54.5783416, -24.1160449]]}, "properties": {"osmid": "263782180", "oneway": "False", "lanes": "2", "ref": "PY03", "name": "Ruta Nacional General Aquino", "highway": "trunk", "length": 417.739, "maxspeed": "80", "bridge": NaN, "access": NaN, "tunnel": NaN, "junction": NaN, "width": NaN, "service": NaN, "roughness": 2.54}}, {"type": "Feature", "geometry": {"type": "LineString", "coordinates": [[-54.5783416, -24.1160449], [-54.5658483, -24.1135492]]}, "properties": {"osmid": "263782180", "oneway": "False", "lanes": "2", "ref": "PY03", "name": "Ruta Nacional General Aquino", "highway": "trunk", "length": 1297.97, "maxspeed": "80", "bridge": NaN, "access": NaN, "tunnel": NaN, "junction": NaN, "width": NaN, "service": NaN, "roughness": 2.54}}, {"type": "Feature", "geometry": {"type": "LineString", "coordinates": [[-54.5658483, -24.1135492], [-54.556826, -24.1117325]]}, "properties": {"osmid": "263782180", "oneway": "False", "lanes": "2", "ref": "PY03", "name": "Ruta Nacional General Aquino", "highway": "trunk", "length": 937.715, "maxspeed": "80", "bridge": NaN, "access": NaN, "tunnel": NaN, "junction": NaN, "width": NaN, "service": NaN, "roughness": 2.54}}, {"type": "Feature", "geometry": {"type": "LineString", "coordinates": [[-54.556826, -24.1117325], [-54.546601, -24.1096804]]}, "properties": {"osmid": "263782180", "oneway": "False", "lanes": "2", "ref": "PY03", "name": "Ruta Nacional General Aquino", "highway": "trunk", "length": 1062.568, "maxspeed": "80", "bridge": NaN, "access": NaN, "tunnel": NaN, "junction": NaN, "width": NaN, "service": NaN, "roughness": 2.54}}, {"type": "Feature", "geometry": {"type": "LineString", "coordinates": [[-54.546601, -24.1096804], [-54.5406635, -24.1084837]]}, "properties": {"osmid": "263782180", "oneway": "False", "lanes": "2", "ref": "PY03", "name": "Ruta Nacional General Aquino", "highway": "trunk", "length": 617.146, "maxspeed": "80", "bridge": NaN, "access": NaN, "tunnel": NaN, "junction": NaN, "width": NaN, "service": NaN, "roughness": 2.54}}, {"type": "Feature", "geometry": {"type": "LineString", "coordinates": [[-54.5406635, -24.1084837], [-54.5379087, -24.1079285]]}, "properties": {"osmid": "263782180", "oneway": "False", "lanes": "2", "ref": "PY03", "name": "Ruta Nacional General Aquino", "highway": "trunk", "length": 286.336, "maxspeed": "80", "bridge": NaN, "access": NaN, "tunnel": NaN, "junction": NaN, "width": NaN, "service": NaN, "roughness": 2.54}}, {"type": "Feature", "geometry": {"type": "LineString", "coordinates": [[-54.5379087, -24.1079285], [-54.5333316, -24.1070059]]}, "properties": {"osmid": "263782180", "oneway": "False", "lanes": "2", "ref": "PY03", "name": "Ruta Nacional General Aquino", "highway": "trunk", "length": 475.753, "maxspeed": "80", "bridge": NaN, "access": NaN, "tunnel": NaN, "junction": NaN, "width": NaN, "service": NaN, "roughness": 2.54}}, {"type": "Feature", "geometry": {"type": "LineString", "coordinates": [[-54.5333316, -24.1070059], [-54.5332516, -24.1069898]]}, "properties": {"osmid": "263782180", "oneway": "False", "lanes": "2", "ref": "PY03", "name": "Ruta Nacional General Aquino", "highway": "trunk", "length": 8.315, "maxspeed": "80", "bridge": NaN, "access": NaN, "tunnel": NaN, "junction": NaN, "width": NaN, "service": NaN, "roughness": 2.54}}, {"type": "Feature", "geometry": {"type": "LineString", "coordinates": [[-54.5332516, -24.1069898], [-54.5230147, -24.104935]]}, "properties": {"osmid": "263782180", "oneway": "False", "lanes": "2", "ref": "PY03", "name": "Ruta Nacional General Aquino", "highway": "trunk", "length": 1063.85, "maxspeed": "80", "bridge": NaN, "access": NaN, "tunnel": NaN, "junction": NaN, "width": NaN, "service": NaN, "roughness": 2.54}}, {"type": "Feature", "geometry": {"type": "LineString", "coordinates": [[-54.5230147, -24.104935], [-54.5117323, -24.1026685]]}, "properties": {"osmid": "263782180", "oneway": "False", "lanes": "2", "ref": "PY03", "name": "Ruta Nacional General Aquino", "highway": "trunk", "length": 1172.564, "maxspeed": "80", "bridge": NaN, "access": NaN, "tunnel": NaN, "junction": NaN, "width": NaN, "service": NaN, "roughness": 2.54}}, {"type": "Feature", "geometry": {"type": "LineString", "coordinates": [[-54.5117323, -24.1026685], [-54.5052504, -24.101361]]}, "properties": {"osmid": "263782180", "oneway": "False", "lanes": "2", "ref": "PY03", "name": "Ruta Nacional General Aquino", "highway": "trunk", "length": 673.792, "maxspeed": "80", "bridge": NaN, "access": NaN, "tunnel": NaN, "junction": NaN, "width": NaN, "service": NaN, "roughness": 2.54}}, {"type": "Feature", "geometry": {"type": "LineString", "coordinates": [[-54.5052504, -24.101361], [-54.4971844, -24.0997451]]}, "properties": {"osmid": "263782180", "oneway": "False", "lanes": "2", "ref": "PY03", "name": "Ruta Nacional General Aquino", "highway": "trunk", "length": 838.202, "maxspeed": "80", "bridge": NaN, "access": NaN, "tunnel": NaN, "junction": NaN, "width": NaN, "service": NaN, "roughness": 2.54}}, {"type": "Feature", "geometry": {"type": "LineString", "coordinates": [[-54.4971844, -24.0997451], [-54.4867051, -24.0976274]]}, "properties": {"osmid": "263782180", "oneway": "False", "lanes": "2", "ref": "PY03", "name": "Ruta Nacional General Aquino", "highway": "trunk", "length": 1089.441, "maxspeed": "80", "bridge": NaN, "access": NaN, "tunnel": NaN, "junction": NaN, "width": NaN, "service": NaN, "roughness": 2.54}}, {"type": "Feature", "geometry": {"type": "LineString", "coordinates": [[-54.4867051, -24.0976274], [-54.4752408, -24.0953208]]}, "properties": {"osmid": "263782180", "oneway": "False", "lanes": "2", "ref": "PY03", "name": "Ruta Nacional General Aquino", "highway": "trunk", "length": 1191.619, "maxspeed": "80", "bridge": NaN, "access": NaN, "tunnel": NaN, "junction": NaN, "width": NaN, "service": NaN, "roughness": 2.54}}, {"type": "Feature", "geometry": {"type": "LineString", "coordinates": [[-54.4752408, -24.0953208], [-54.4730751, -24.094894]]}, "properties": {"osmid": "263782180", "oneway": "False", "lanes": "2", "ref": "PY03", "name": "Ruta Nacional General Aquino", "highway": "trunk", "length": 224.897, "maxspeed": "80", "bridge": NaN, "access": NaN, "tunnel": NaN, "junction": NaN, "width": NaN, "service": NaN, "roughness": 2.54}}, {"type": "Feature", "geometry": {"type": "LineString", "coordinates": [[-54.4730751, -24.094894], [-54.4632572, -24.0928822]]}, "properties": {"osmid": "263782180", "oneway": "False", "lanes": "2", "ref": "PY03", "name": "Ruta Nacional General Aquino", "highway": "trunk", "length": 1021.389, "maxspeed": "80", "bridge": NaN, "access": NaN, "tunnel": NaN, "junction": NaN, "width": NaN, "service": NaN, "roughness": 2.54}}, {"type": "Feature", "geometry": {"type": "LineString", "coordinates": [[-54.4632572, -24.0928822], [-54.4612524, -24.0924874]]}, "properties": {"osmid": "263782180", "oneway": "False", "lanes": "2", "ref": "PY03", "name": "Ruta Nacional General Aquino", "highway": "trunk", "length": 208.185, "maxspeed": "80", "bridge": NaN, "access": NaN, "tunnel": NaN, "junction": NaN, "width": NaN, "service": NaN, "roughness": 2.54}}, {"type": "Feature", "geometry": {"type": "LineString", "coordinates": [[-54.4612524, -24.0924874], [-54.4583159, -24.0919092]]}, "properties": {"osmid": "263782180", "oneway": "False", "lanes": "2", "ref": "PY03", "name": "Ruta Nacional General Aquino", "highway": "trunk", "length": 304.936, "maxspeed": "80", "bridge": NaN, "access": NaN, "tunnel": NaN, "junction": NaN, "width": NaN, "service": NaN, "roughness": 2.54}}, {"type": "Feature", "geometry": {"type": "LineString", "coordinates": [[-54.4583159, -24.0919092], [-54.4579262, -24.0918449]]}, "properties": {"osmid": "263782180", "oneway": "False", "lanes": "2", "ref": "PY03", "name": "Ruta Nacional General Aquino", "highway": "trunk", "length": 40.199, "maxspeed": "80", "bridge": NaN, "access": NaN, "tunnel": NaN, "junction": NaN, "width": NaN, "service": NaN, "roughness": 2.54}}, {"type": "Feature", "geometry": {"type": "LineString", "coordinates": [[-54.4579262, -24.0918449], [-54.4574323, -24.0917807]]}, "properties": {"osmid": "263782180", "oneway": "False", "lanes": "2", "ref": "PY03", "name": "Ruta Nacional General Aquino", "highway": "trunk", "length": 50.641, "maxspeed": "80", "bridge": NaN, "access": NaN, "tunnel": NaN, "junction": NaN, "width": NaN, "service": NaN, "roughness": 2.54}}, {"type": "Feature", "geometry": {"type": "LineString", "coordinates": [[-54.4574323, -24.0917807], [-54.4568591, -24.0917252]]}, "properties": {"osmid": "263782180", "oneway": "False", "lanes": "2", "ref": "PY03", "name": "Ruta Nacional General Aquino", "highway": "trunk", "length": 58.511, "maxspeed": "80", "bridge": NaN, "access": NaN, "tunnel": NaN, "junction": NaN, "width": NaN, "service": NaN, "roughness": 2.54}}, {"type": "Feature", "geometry": {"type": "LineString", "coordinates": [[-54.4568591, -24.0917252], [-54.4562487, -24.0917088]]}, "properties": {"osmid": "263782180", "oneway": "False", "lanes": "2", "ref": "PY03", "name": "Ruta Nacional General Aquino", "highway": "trunk", "length": 61.988, "maxspeed": "80", "bridge": NaN, "access": NaN, "tunnel": NaN, "junction": NaN, "width": NaN, "service": NaN, "roughness": 2.54}}, {"type": "Feature", "geometry": {"type": "LineString", "coordinates": [[-54.4562487, -24.0917088], [-54.455623, -24.0917135]]}, "properties": {"osmid": "263782180", "oneway": "False", "lanes": "2", "ref": "PY03", "name": "Ruta Nacional General Aquino", "highway": "trunk", "length": 63.516, "maxspeed": "80", "bridge": NaN, "access": NaN, "tunnel": NaN, "junction": NaN, "width": NaN, "service": NaN, "roughness": 2.54}}, {"type": "Feature", "geometry": {"type": "LineString", "coordinates": [[-54.455623, -24.0917135], [-54.4549522, -24.0917574]]}, "properties": {"osmid": "263782180", "oneway": "False", "lanes": "2", "ref": "PY03", "name": "Ruta Nacional General Aquino", "highway": "trunk", "length": 68.267, "maxspeed": "80", "bridge": NaN, "access": NaN, "tunnel": NaN, "junction": NaN, "width": NaN, "service": NaN, "roughness": 2.54}}, {"type": "Feature", "geometry": {"type": "LineString", "coordinates": [[-54.4549522, -24.0917574], [-54.4543404, -24.0918346]]}, "properties": {"osmid": "263782180", "oneway": "False", "lanes": "2", "ref": "PY03", "name": "Ruta Nacional General Aquino", "highway": "trunk", "length": 62.694, "maxspeed": "80", "bridge": NaN, "access": NaN, "tunnel": NaN, "junction": NaN, "width": NaN, "service": NaN, "roughness": 2.54}}, {"type": "Feature", "geometry": {"type": "LineString", "coordinates": [[-54.4543404, -24.0918346], [-54.4537302, -24.0919498]]}, "properties": {"osmid": "263782180", "oneway": "False", "lanes": "2", "ref": "PY03", "name": "Ruta Nacional General Aquino", "highway": "trunk", "length": 63.252, "maxspeed": "80", "bridge": NaN, "access": NaN, "tunnel": NaN, "junction": NaN, "width": NaN, "service": NaN, "roughness": 2.54}}, {"type": "Feature", "geometry": {"type": "LineString", "coordinates": [[-54.4537302, -24.0919498], [-54.453143, -24.0920892]]}, "properties": {"osmid": "263782180", "oneway": "False", "lanes": "2", "ref": "PY03", "name": "Ruta Nacional General Aquino", "highway": "trunk", "length": 61.589, "maxspeed": "80", "bridge": NaN, "access": NaN, "tunnel": NaN, "junction": NaN, "width": NaN, "service": NaN, "roughness": 2.54}}, {"type": "Feature", "geometry": {"type": "LineString", "coordinates": [[-54.453143, -24.0920892], [-54.4525104, -24.0922705]]}, "properties": {"osmid": "263782180", "oneway": "False", "lanes": "2", "ref": "PY03", "name": "Ruta Nacional General Aquino", "highway": "trunk", "length": 67.305, "maxspeed": "80", "bridge": NaN, "access": NaN, "tunnel": NaN, "junction": NaN, "width": NaN, "service": NaN, "roughness": 2.54}}, {"type": "Feature", "geometry": {"type": "LineString", "coordinates": [[-54.4525104, -24.0922705], [-54.4518959, -24.0924794]]}, "properties": {"osmid": "263782180", "oneway": "False", "lanes": "2", "ref": "PY03", "name": "Ruta Nacional General Aquino", "highway": "trunk", "length": 66.562, "maxspeed": "80", "bridge": NaN, "access": NaN, "tunnel": NaN, "junction": NaN, "width": NaN, "service": NaN, "roughness": 2.54}}, {"type": "Feature", "geometry": {"type": "LineString", "coordinates": [[-54.4518959, -24.0924794], [-54.4436219, -24.0954646]]}, "properties": {"osmid": "263782180", "oneway": "False", "lanes": "2", "ref": "PY03", "name": "Ruta Nacional General Aquino", "highway": "trunk", "length": 903.089, "maxspeed": "80", "bridge": NaN, "access": NaN, "tunnel": NaN, "junction": NaN, "width": NaN, "service": NaN, "roughness": 2.54}}, {"type": "Feature", "geometry": {"type": "LineString", "coordinates": [[-54.4436219, -24.0954646], [-54.4369335, -24.0978819]]}, "properties": {"osmid": "263782180", "oneway": "False", "lanes": "2", "ref": "PY03", "name": "Ruta Nacional General Aquino", "highway": "trunk", "length": 730.182, "maxspeed": "80", "bridge": NaN, "access": NaN, "tunnel": NaN, "junction": NaN, "width": NaN, "service": NaN, "roughness": 2.54}}, {"type": "Feature", "geometry": {"type": "LineString", "coordinates": [[-54.4369335, -24.0978819], [-54.4354315, -24.0983226]]}, "properties": {"osmid": "263782180", "oneway": "False", "lanes": "2", "ref": "PY03", "name": "Ruta Nacional General Aquino", "highway": "trunk", "length": 160.141, "maxspeed": "80", "bridge": NaN, "access": NaN, "tunnel": NaN, "junction": NaN, "width": NaN, "service": NaN, "roughness": 2.54}}, {"type": "Feature", "geometry": {"type": "LineString", "coordinates": [[-54.4354315, -24.0983226], [-54.4339246, -24.0985921]]}, "properties": {"osmid": "263782180", "oneway": "False", "lanes": "2", "ref": "PY03", "name": "Ruta Nacional General Aquino", "highway": "trunk", "length": 155.864, "maxspeed": "80", "bridge": NaN, "access": NaN, "tunnel": NaN, "junction": NaN, "width": NaN, "service": NaN, "roughness": 2.54}}, {"type": "Feature", "geometry": {"type": "LineString", "coordinates": [[-54.4339246, -24.0985921], [-54.432165, -24.0986655]]}, "properties": {"osmid": "263782180", "oneway": "False", "lanes": "2", "ref": "PY03", "name": "Ruta Nacional General Aquino", "highway": "trunk", "length": 178.792, "maxspeed": "80", "bridge": NaN, "access": NaN, "tunnel": NaN, "junction": NaN, "width": NaN, "service": NaN, "roughness": 2.54}}, {"type": "Feature", "geometry": {"type": "LineString", "coordinates": [[-54.432165, -24.0986655], [-54.4299978, -24.0984598]]}, "properties": {"osmid": "263782180", "oneway": "False", "lanes": "2", "ref": "PY03", "name": "Ruta Nacional General Aquino", "highway": "trunk", "length": 221.165, "maxspeed": "80", "bridge": NaN, "access": NaN, "tunnel": NaN, "junction": NaN, "width": NaN, "service": NaN, "roughness": 2.54}}, {"type": "Feature", "geometry": {"type": "LineString", "coordinates": [[-54.4299978, -24.0984598], [-54.4196659, -24.0973629]]}, "properties": {"osmid": "263782180", "oneway": "False", "lanes": "2", "ref": "PY03", "name": "Ruta Nacional General Aquino", "highway": "trunk", "length": 1055.801, "maxspeed": "80", "bridge": NaN, "access": NaN, "tunnel": NaN, "junction": NaN, "width": NaN, "service": NaN, "roughness": 2.54}}, {"type": "Feature", "geometry": {"type": "LineString", "coordinates": [[-54.4196659, -24.0973629], [-54.4193763, -24.0973336]]}, "properties": {"osmid": "263782180", "oneway": "False", "lanes": "2", "ref": "PY03", "name": "Ruta Nacional General Aquino", "highway": "trunk", "length": 29.576, "maxspeed": "80", "bridge": NaN, "access": NaN, "tunnel": NaN, "junction": NaN, "width": NaN, "service": NaN, "roughness": 2.54}}, {"type": "Feature", "geometry": {"type": "LineString", "coordinates": [[-54.4193763, -24.0973336], [-54.4087815, -24.096222]]}, "properties": {"osmid": "263782180", "oneway": "False", "lanes": "2", "ref": "PY03", "name": "Ruta Nacional General Aquino", "highway": "trunk", "length": 1082.508, "maxspeed": "80", "bridge": NaN, "access": NaN, "tunnel": NaN, "junction": NaN, "width": NaN, "service": NaN, "roughness": 2.54}}, {"type": "Feature", "geometry": {"type": "LineString", "coordinates": [[-54.4087815, -24.096222], [-54.4011694, -24.0954286]]}, "properties": {"osmid": "263782180", "oneway": "False", "lanes": "2", "ref": "PY03", "name": "Ruta Nacional General Aquino", "highway": "trunk", "length": 777.694, "maxspeed": "80", "bridge": NaN, "access": NaN, "tunnel": NaN, "junction": NaN, "width": NaN, "service": NaN, "roughness": 2.54}}, {"type": "Feature", "geometry": {"type": "LineString", "coordinates": [[-54.4011694, -24.0954286], [-54.4001234, -24.0953209]]}, "properties": {"osmid": "263782180", "oneway": "False", "lanes": "2", "ref": "PY03", "name": "Ruta Nacional General Aquino", "highway": "trunk", "length": 106.849, "maxspeed": "80", "bridge": NaN, "access": NaN, "tunnel": NaN, "junction": NaN, "width": NaN, "service": NaN, "roughness": 2.54}}, {"type": "Feature", "geometry": {"type": "LineString", "coordinates": [[-54.4001234, -24.0953209], [-54.396754, -24.0949437]]}, "properties": {"osmid": "263782180", "oneway": "False", "lanes": "2", "ref": "PY03", "name": "Ruta Nacional General Aquino", "highway": "trunk", "length": 344.578, "maxspeed": "80", "bridge": NaN, "access": NaN, "tunnel": NaN, "junction": NaN, "width": NaN, "service": NaN, "roughness": 2.54}}, {"type": "Feature", "geometry": {"type": "LineString", "coordinates": [[-54.396754, -24.0949437], [-54.3966627, -24.0949341]]}, "properties": {"osmid": "263782180", "oneway": "False", "lanes": "2", "ref": "PY03", "name": "Ruta Nacional General Aquino", "highway": "trunk", "length": 9.329, "maxspeed": "80", "bridge": NaN, "access": NaN, "tunnel": NaN, "junction": NaN, "width": NaN, "service": NaN, "roughness": 2.54}}, {"type": "Feature", "geometry": {"type": "LineString", "coordinates": [[-54.3966627, -24.0949341], [-54.3892121, -24.0941701]]}, "properties": {"osmid": "263782180", "oneway": "False", "lanes": "2", "ref": "PY03", "name": "Ruta Nacional General Aquino", "highway": "trunk", "length": 761.044, "maxspeed": "80", "bridge": NaN, "access": NaN, "tunnel": NaN, "junction": NaN, "width": NaN, "service": NaN, "roughness": 2.54}}, {"type": "Feature", "geometry": {"type": "LineString", "coordinates": [[-54.3892121, -24.0941701], [-54.3854302, -24.0937734]]}, "properties": {"osmid": "263782180", "oneway": "False", "lanes": "2", "ref": "PY03", "name": "Ruta Nacional General Aquino", "highway": "trunk", "length": 386.417, "maxspeed": "80", "bridge": NaN, "access": NaN, "tunnel": NaN, "junction": NaN, "width": NaN, "service": NaN, "roughness": 2.54}}, {"type": "Feature", "geometry": {"type": "LineString", "coordinates": [[-54.3854302, -24.0937734], [-54.3834722, -24.0935776]]}, "properties": {"osmid": "263782180", "oneway": "False", "lanes": "2", "ref": "PY03", "name": "Ruta Nacional General Aquino", "highway": "trunk", "length": 199.941, "maxspeed": "80", "bridge": NaN, "access": NaN, "tunnel": NaN, "junction": NaN, "width": NaN, "service": NaN, "roughness": 2.54}}, {"type": "Feature", "geometry": {"type": "LineString", "coordinates": [[-54.3834722, -24.0935776], [-54.3820345, -24.0934209]]}, "properties": {"osmid": "263782180", "oneway": "False", "lanes": "2", "ref": "PY03", "name": "Ruta Nacional General Aquino", "highway": "trunk", "length": 146.974, "maxspeed": "80", "bridge": NaN, "access": NaN, "tunnel": NaN, "junction": NaN, "width": NaN, "service": NaN, "roughness": 2.54}}, {"type": "Feature", "geometry": {"type": "LineString", "coordinates": [[-54.3820345, -24.0934209], [-54.3804306, -24.0932641]]}, "properties": {"osmid": "263782180", "oneway": "False", "lanes": "2", "ref": "PY03", "name": "Ruta Nacional General Aquino", "highway": "trunk", "length": 163.74, "maxspeed": "80", "bridge": NaN, "access": NaN, "tunnel": NaN, "junction": NaN, "width": NaN, "service": NaN, "roughness": 2.54}}, {"type": "Feature", "geometry": {"type": "LineString", "coordinates": [[-54.3804306, -24.0932641], [-54.380216, -24.0932397]]}, "properties": {"osmid": "263782180", "oneway": "False", "lanes": "2", "ref": "PY03", "name": "Ruta Nacional General Aquino", "highway": "trunk", "length": 21.952, "maxspeed": "80", "bridge": NaN, "access": NaN, "tunnel": NaN, "junction": NaN, "width": NaN, "service": NaN, "roughness": 2.54}}, {"type": "Feature", "geometry": {"type": "LineString", "coordinates": [[-54.380216, -24.0932397], [-54.3776089, -24.092963]]}, "properties": {"osmid": "263782180", "oneway": "False", "lanes": "2", "ref": "PY03", "name": "Ruta Nacional General Aquino", "highway": "trunk", "length": 266.424, "maxspeed": "80", "bridge": NaN, "access": NaN, "tunnel": NaN, "junction": NaN, "width": NaN, "service": NaN, "roughness": 2.54}}, {"type": "Feature", "geometry": {"type": "LineString", "coordinates": [[-54.3776089, -24.092963], [-54.3762034, -24.0928136]]}, "properties": {"osmid": "263782180", "oneway": "False", "lanes": "2", "ref": "PY03", "name": "Ruta Nacional General Aquino", "highway": "trunk", "length": 143.634, "maxspeed": "80", "bridge": NaN, "access": NaN, "tunnel": NaN, "junction": NaN, "width": NaN, "service": NaN, "roughness": 2.54}}, {"type": "Feature", "geometry": {"type": "LineString", "coordinates": [[-54.3762034, -24.0928136], [-54.3758446, -24.092778]]}, "properties": {"osmid": "263782180", "oneway": "False", "lanes": "2", "ref": "PY03", "name": "Ruta Nacional General Aquino", "highway": "trunk", "length": 36.636, "maxspeed": "80", "bridge": NaN, "access": NaN, "tunnel": NaN, "junction": NaN, "width": NaN, "service": NaN, "roughness": 2.54}}, {"type": "Feature", "geometry": {"type": "LineString", "coordinates": [[-54.3758446, -24.092778], [-54.3752164, -24.0927157]]}, "properties": {"osmid": "263782180", "oneway": "False", "lanes": "2", "ref": "PY03", "name": "Ruta Nacional General Aquino", "highway": "trunk", "length": 64.143, "maxspeed": "80", "bridge": NaN, "access": NaN, "tunnel": NaN, "junction": NaN, "width": NaN, "service": NaN, "roughness": 2.54}}, {"type": "Feature", "geometry": {"type": "LineString", "coordinates": [[-54.3752164, -24.0927157], [-54.3744724, -24.0926372]]}, "properties": {"osmid": "263782180", "oneway": "False", "lanes": "2", "ref": "PY03", "name": "Ruta Nacional General Aquino", "highway": "trunk", "length": 76.025, "maxspeed": "80", "bridge": NaN, "access": NaN, "tunnel": NaN, "junction": NaN, "width": NaN, "service": NaN, "roughness": 2.54}}, {"type": "Feature", "geometry": {"type": "LineString", "coordinates": [[-54.3744724, -24.0926372], [-54.3735338, -24.0925381]]}, "properties": {"osmid": "263782180", "oneway": "False", "lanes": "2", "ref": "PY03", "name": "Ruta Nacional General Aquino", "highway": "trunk", "length": 95.911, "maxspeed": "80", "bridge": NaN, "access": NaN, "tunnel": NaN, "junction": NaN, "width": NaN, "service": NaN, "roughness": 2.54}}, {"type": "Feature", "geometry": {"type": "LineString", "coordinates": [[-54.3735338, -24.0925381], [-54.3724698, -24.0924258]]}, "properties": {"osmid": "263782180", "oneway": "False", "lanes": "2", "ref": "PY03", "name": "Ruta Nacional General Aquino", "highway": "trunk", "length": 108.725, "maxspeed": "80", "bridge": NaN, "access": NaN, "tunnel": NaN, "junction": NaN, "width": NaN, "service": NaN, "roughness": 2.54}}, {"type": "Feature", "geometry": {"type": "LineString", "coordinates": [[-54.3724698, -24.0924258], [-54.3716437, -24.0923386]]}, "properties": {"osmid": "263782180", "oneway": "False", "lanes": "2", "ref": "PY03", "name": "Ruta Nacional General Aquino", "highway": "trunk", "length": 84.415, "maxspeed": "80", "bridge": NaN, "access": NaN, "tunnel": NaN, "junction": NaN, "width": NaN, "service": NaN, "roughness": 2.54}}, {"type": "Feature", "geometry": {"type": "LineString", "coordinates": [[-54.3716437, -24.0923386], [-54.3704352, -24.0922127]]}, "properties": {"osmid": "263782180", "oneway": "False", "lanes": "2", "ref": "PY03", "name": "Ruta Nacional General Aquino", "highway": "trunk", "length": 123.47, "maxspeed": "80", "bridge": NaN, "access": NaN, "tunnel": NaN, "junction": NaN, "width": NaN, "service": NaN, "roughness": 2.54}}, {"type": "Feature", "geometry": {"type": "LineString", "coordinates": [[-54.3704352, -24.0922127], [-54.3702358, -24.0921919]]}, "properties": {"osmid": "263782180", "oneway": "False", "lanes": "2", "ref": "PY03", "name": "Ruta Nacional General Aquino", "highway": "trunk", "length": 20.373, "maxspeed": "80", "bridge": NaN, "access": NaN, "tunnel": NaN, "junction": NaN, "width": NaN, "service": NaN, "roughness": 2.54}}, {"type": "Feature", "geometry": {"type": "LineString", "coordinates": [[-54.3702358, -24.0921919], [-54.3684948, -24.0920105]]}, "properties": {"osmid": "263782180", "oneway": "False", "lanes": "2", "ref": "PY03", "name": "Ruta Nacional General Aquino", "highway": "trunk", "length": 177.874, "maxspeed": "80", "bridge": NaN, "access": NaN, "tunnel": NaN, "junction": NaN, "width": NaN, "service": NaN, "roughness": 2.54}}, {"type": "Feature", "geometry": {"type": "LineString", "coordinates": [[-54.3684948, -24.0920105], [-54.3681989, -24.0919774]]}, "properties": {"osmid": "263782180", "oneway": "False", "lanes": "2", "ref": "PY03", "name": "Ruta Nacional General Aquino", "highway": "trunk", "length": 30.261, "maxspeed": "80", "bridge": NaN, "access": NaN, "tunnel": NaN, "junction": NaN, "width": NaN, "service": NaN, "roughness": 2.54}}, {"type": "Feature", "geometry": {"type": "LineString", "coordinates": [[-54.3681989, -24.0919774], [-54.3666977, -24.0918097]]}, "properties": {"osmid": "263782180", "oneway": "False", "lanes": "2", "ref": "PY03", "name": "Ruta Nacional General Aquino", "highway": "trunk", "length": 153.522, "maxspeed": "80", "bridge": NaN, "access": NaN, "tunnel": NaN, "junction": NaN, "width": NaN, "service": NaN, "roughness": 2.54}}, {"type": "Feature", "geometry": {"type": "LineString", "coordinates": [[-54.3666977, -24.0918097], [-54.3658508, -24.091737]]}, "properties": {"osmid": "263782180", "oneway": "False", "lanes": "2", "ref": "PY03", "name": "Ruta Nacional General Aquino", "highway": "trunk", "length": 86.347, "maxspeed": "80", "bridge": NaN, "access": NaN, "tunnel": NaN, "junction": NaN, "width": NaN, "service": NaN, "roughness": 2.54}}, {"type": "Feature", "geometry": {"type": "LineString", "coordinates": [[-54.3658508, -24.091737], [-54.3633704, -24.0914718]]}, "properties": {"osmid": "263782180", "oneway": "False", "lanes": "2", "ref": "PY03", "name": "Ruta Nacional General Aquino", "highway": "trunk", "length": 253.505, "maxspeed": "80", "bridge": NaN, "access": NaN, "tunnel": NaN, "junction": NaN, "width": NaN, "service": NaN, "roughness": 2.54}}, {"type": "Feature", "geometry": {"type": "LineString", "coordinates": [[-54.3633704, -24.0914718], [-54.3630499, -24.0914375]]}, "properties": {"osmid": "263782180", "oneway": "False", "lanes": "2", "ref": "PY03", "name": "Ruta Nacional General Aquino", "highway": "trunk", "length": 32.757, "maxspeed": "80", "bridge": NaN, "access": NaN, "tunnel": NaN, "junction": NaN, "width": NaN, "service": NaN, "roughness": 2.54}}, {"type": "Feature", "geometry": {"type": "LineString", "coordinates": [[-54.3630499, -24.0914375], [-54.3617731, -24.0913004]]}, "properties": {"osmid": "263782180", "oneway": "False", "lanes": "2", "ref": "PY03", "name": "Ruta Nacional General Aquino", "highway": "trunk", "length": 130.501, "maxspeed": "80", "bridge": NaN, "access": NaN, "tunnel": NaN, "junction": NaN, "width": NaN, "service": NaN, "roughness": 2.54}}, {"type": "Feature", "geometry": {"type": "LineString", "coordinates": [[-54.3617731, -24.0913004], [-54.359327, -24.091036]]}, "properties": {"osmid": "263782180", "oneway": "False", "lanes": "2", "ref": "PY03", "name": "Ruta Nacional General Aquino", "highway": "trunk", "length": 250.037, "maxspeed": "80", "bridge": NaN, "access": NaN, "tunnel": NaN, "junction": NaN, "width": NaN, "service": NaN, "roughness": 2.54}}, {"type": "Feature", "geometry": {"type": "LineString", "coordinates": [[-54.359327, -24.091036], [-54.3561244, -24.090703]]}, "properties": {"osmid": "263782180", "oneway": "False", "lanes": "2", "ref": "PY03", "name": "Ruta Nacional General Aquino", "highway": "trunk", "length": 327.198, "maxspeed": "80", "bridge": NaN, "access": NaN, "tunnel": NaN, "junction": NaN, "width": NaN, "service": NaN, "roughness": 2.54}}, {"type": "Feature", "geometry": {"type": "LineString", "coordinates": [[-54.3561244, -24.090703], [-54.353866, -24.090463]]}, "properties": {"osmid": "263782180", "oneway": "False", "lanes": "2", "ref": "PY03", "name": "Ruta Nacional General Aquino", "highway": "trunk", "length": 230.799, "maxspeed": "80", "bridge": NaN, "access": NaN, "tunnel": NaN, "junction": NaN, "width": NaN, "service": NaN, "roughness": 2.54}}, {"type": "Feature", "geometry": {"type": "LineString", "coordinates": [[-54.353866, -24.090463], [-54.3534368, -24.0904189]]}, "properties": {"osmid": "263782180", "oneway": "False", "lanes": "2", "ref": "PY03", "name": "Ruta Nacional General Aquino", "highway": "trunk", "length": 43.843, "maxspeed": "80", "bridge": NaN, "access": NaN, "tunnel": NaN, "junction": NaN, "width": NaN, "service": NaN, "roughness": 2.54}}, {"type": "Feature", "geometry": {"type": "LineString", "coordinates": [[-54.3534368, -24.0904189], [-54.3500787, -24.0900516]]}, "properties": {"osmid": "263782180", "oneway": "False", "lanes": "2", "ref": "PY03", "name": "Ruta Nacional General Aquino", "highway": "trunk", "length": 343.32, "maxspeed": "80", "bridge": NaN, "access": NaN, "tunnel": NaN, "junction": NaN, "width": NaN, "service": NaN, "roughness": 2.54}}, {"type": "Feature", "geometry": {"type": "LineString", "coordinates": [[-54.3500787, -24.0900516], [-54.3465167, -24.0896794]]}, "properties": {"osmid": "263782180", "oneway": "False", "lanes": "2", "ref": "PY03", "name": "Ruta Nacional General Aquino", "highway": "trunk", "length": 363.942, "maxspeed": "80", "bridge": NaN, "access": NaN, "tunnel": NaN, "junction": NaN, "width": NaN, "service": NaN, "roughness": 2.54}}, {"type": "Feature", "geometry": {"type": "LineString", "coordinates": [[-54.3465167, -24.0896794], [-54.3463665, -24.0896598]]}, "properties": {"osmid": "263782180", "oneway": "False", "lanes": "2", "ref": "PY03", "name": "Ruta Nacional General Aquino", "highway": "trunk", "length": 15.402, "maxspeed": "80", "bridge": NaN, "access": NaN, "tunnel": NaN, "junction": NaN, "width": NaN, "service": NaN, "roughness": 2.54}}, {"type": "Feature", "geometry": {"type": "LineString", "coordinates": [[-54.3463665, -24.0896598], [-54.3437272, -24.0893856]]}, "properties": {"osmid": "263782180", "oneway": "False", "lanes": "2", "ref": "PY03", "name": "Ruta Nacional General Aquino", "highway": "trunk", "length": 269.647, "maxspeed": "80", "bridge": NaN, "access": NaN, "tunnel": NaN, "junction": NaN, "width": NaN, "service": NaN, "roughness": 2.54}}, {"type": "Feature", "geometry": {"type": "LineString", "coordinates": [[-54.3437272, -24.0893856], [-54.3410397, -24.0891163]]}, "properties": {"osmid": "263782180", "oneway": "False", "lanes": "2", "ref": "PY03", "name": "Ruta Nacional General Aquino", "highway": "trunk", "length": 274.45, "maxspeed": "80", "bridge": NaN, "access": NaN, "tunnel": NaN, "junction": NaN, "width": NaN, "service": NaN, "roughness": 2.54}}, {"type": "Feature", "geometry": {"type": "LineString", "coordinates": [[-54.3410397, -24.0891163], [-54.3364584, -24.0886412]]}, "properties": {"osmid": "263782180", "oneway": "False", "lanes": "2", "ref": "PY03", "name": "Ruta Nacional General Aquino", "highway": "trunk", "length": 468.046, "maxspeed": "80", "bridge": NaN, "access": NaN, "tunnel": NaN, "junction": NaN, "width": NaN, "service": NaN, "roughness": 2.54}}, {"type": "Feature", "geometry": {"type": "LineString", "coordinates": [[-54.3364584, -24.0886412], [-54.3357986, -24.0885531]]}, "properties": {"osmid": "263782180", "oneway": "False", "lanes": "2", "ref": "PY03", "name": "Ruta Nacional General Aquino", "highway": "trunk", "length": 67.69, "maxspeed": "80", "bridge": NaN, "access": NaN, "tunnel": NaN, "junction": NaN, "width": NaN, "service": NaN, "roughness": 2.54}}, {"type": "Feature", "geometry": {"type": "LineString", "coordinates": [[-54.3357986, -24.0885531], [-54.3355036, -24.0885041]]}, "properties": {"osmid": "263782180", "oneway": "False", "lanes": "2", "ref": "PY03", "name": "Ruta Nacional General Aquino", "highway": "trunk", "length": 30.438, "maxspeed": "80", "bridge": NaN, "access": NaN, "tunnel": NaN, "junction": NaN, "width": NaN, "service": NaN, "roughness": 2.54}}, {"type": "Feature", "geometry": {"type": "LineString", "coordinates": [[-54.3355036, -24.0885041], [-54.3347633, -24.0882935]]}, "properties": {"osmid": "263782180", "oneway": "False", "lanes": "2", "ref": "PY03", "name": "Ruta Nacional General Aquino", "highway": "trunk", "length": 78.713, "maxspeed": "80", "bridge": NaN, "access": NaN, "tunnel": NaN, "junction": NaN, "width": NaN, "service": NaN, "roughness": 2.54}}, {"type": "Feature", "geometry": {"type": "LineString", "coordinates": [[-54.3347633, -24.0882935], [-54.3341383, -24.0880168]]}, "properties": {"osmid": "263782180", "oneway": "False", "lanes": "2", "ref": "PY03", "name": "Ruta Nacional General Aquino", "highway": "trunk", "length": 70.512, "maxspeed": "80", "bridge": NaN, "access": NaN, "tunnel": NaN, "junction": NaN, "width": NaN, "service": NaN, "roughness": 2.54}}, {"type": "Feature", "geometry": {"type": "LineString", "coordinates": [[-54.3341383, -24.0880168], [-54.3334624, -24.0875957]]}, "properties": {"osmid": "263782180", "oneway": "False", "lanes": "2", "ref": "PY03", "name": "Ruta Nacional General Aquino", "highway": "trunk", "length": 83.067, "maxspeed": "80", "bridge": NaN, "access": NaN, "tunnel": NaN, "junction": NaN, "width": NaN, "service": NaN, "roughness": 2.54}}, {"type": "Feature", "geometry": {"type": "LineString", "coordinates": [[-54.3334624, -24.0875957], [-54.3331668, -24.0873359]]}, "properties": {"osmid": "263782180", "oneway": "False", "lanes": "2", "ref": "PY03", "name": "Ruta Nacional General Aquino", "highway": "trunk", "length": 41.653, "maxspeed": "80", "bridge": NaN, "access": NaN, "tunnel": NaN, "junction": NaN, "width": NaN, "service": NaN, "roughness": 2.54}}, {"type": "Feature", "geometry": {"type": "LineString", "coordinates": [[-54.3331668, -24.0873359], [-54.3329152, -24.0870961]]}, "properties": {"osmid": "263782180", "oneway": "False", "lanes": "2", "ref": "PY03", "name": "Ruta Nacional General Aquino", "highway": "trunk", "length": 36.923, "maxspeed": "80", "bridge": NaN, "access": NaN, "tunnel": NaN, "junction": NaN, "width": NaN, "service": NaN, "roughness": 2.54}}, {"type": "Feature", "geometry": {"type": "LineString", "coordinates": [[-54.3329152, -24.0870961], [-54.3323761, -24.0864742]]}, "properties": {"osmid": "263782180", "oneway": "False", "lanes": "2", "ref": "PY03", "name": "Ruta Nacional General Aquino", "highway": "trunk", "length": 88.187, "maxspeed": "80", "bridge": NaN, "access": NaN, "tunnel": NaN, "junction": NaN, "width": NaN, "service": NaN, "roughness": 2.54}}, {"type": "Feature", "geometry": {"type": "LineString", "coordinates": [[-54.3323761, -24.0864742], [-54.3309266, -24.0846983]]}, "properties": {"osmid": "263782180", "oneway": "False", "lanes": "2", "ref": "PY03", "name": "Ruta Nacional General Aquino", "highway": "trunk", "length": 246.265, "maxspeed": "80", "bridge": NaN, "access": NaN, "tunnel": NaN, "junction": NaN, "width": NaN, "service": NaN, "roughness": 2.54}}, {"type": "Feature", "geometry": {"type": "LineString", "coordinates": [[-54.3309266, -24.0846983], [-54.3299997, -24.083548]]}, "properties": {"osmid": "263782180", "oneway": "False", "lanes": "2", "ref": "PY03", "name": "Ruta Nacional General Aquino", "highway": "trunk", "length": 158.79, "maxspeed": "80", "bridge": NaN, "access": NaN, "tunnel": NaN, "junction": NaN, "width": NaN, "service": NaN, "roughness": 2.54}}, {"type": "Feature", "geometry": {"type": "LineString", "coordinates": [[-54.3299997, -24.083548], [-54.3291038, -24.0824558]]}, "properties": {"osmid": "263782180", "oneway": "False", "lanes": "2", "ref": "PY03", "name": "Ruta Nacional General Aquino", "highway": "trunk", "length": 151.727, "maxspeed": "80", "bridge": NaN, "access": NaN, "tunnel": NaN, "junction": NaN, "width": NaN, "service": NaN, "roughness": 2.54}}, {"type": "Feature", "geometry": {"type": "LineString", "coordinates": [[-54.3291038, -24.0824558], [-54.3289107, -24.0822012]]}, "properties": {"osmid": "263782180", "oneway": "False", "lanes": "2", "ref": "PY03", "name": "Ruta Nacional General Aquino", "highway": "trunk", "length": 34.435, "maxspeed": "80", "bridge": NaN, "access": NaN, "tunnel": NaN, "junction": NaN, "width": NaN, "service": NaN, "roughness": 2.54}}, {"type": "Feature", "geometry": {"type": "LineString", "coordinates": [[-54.3289107, -24.0822012], [-54.3284977, -24.0816771]]}, "properties": {"osmid": "263782180", "oneway": "False", "lanes": "2", "ref": "PY03", "name": "Ruta Nacional General Aquino", "highway": "trunk", "length": 71.792, "maxspeed": "80", "bridge": NaN, "access": NaN, "tunnel": NaN, "junction": NaN, "width": NaN, "service": NaN, "roughness": 2.54}}, {"type": "Feature", "geometry": {"type": "LineString", "coordinates": [[-54.3284977, -24.0816771], [-54.3283314, -24.0814665]]}, "properties": {"osmid": "263782180", "oneway": "False", "lanes": "2", "ref": "PY03", "name": "Ruta Nacional General Aquino", "highway": "trunk", "length": 28.869, "maxspeed": "80", "bridge": NaN, "access": NaN, "tunnel": NaN, "junction": NaN, "width": NaN, "service": NaN, "roughness": 2.54}}, {"type": "Feature", "geometry": {"type": "LineString", "coordinates": [[-54.3283314, -24.0814665], [-54.3268958, -24.0797395]]}, "properties": {"osmid": "263782180", "oneway": "False", "lanes": "2", "ref": "PY03", "name": "Ruta Nacional General Aquino", "highway": "trunk", "length": 241.075, "maxspeed": "80", "bridge": NaN, "access": NaN, "tunnel": NaN, "junction": NaN, "width": NaN, "service": NaN, "roughness": 2.54}}, {"type": "Feature", "geometry": {"type": "LineString", "coordinates": [[-54.3268958, -24.0797395], [-54.3265504, -24.0793239]]}, "properties": {"osmid": "263782180", "oneway": "False", "lanes": "2", "ref": "PY03", "name": "Ruta Nacional General Aquino", "highway": "trunk", "length": 58.01, "maxspeed": "80", "bridge": NaN, "access": NaN, "tunnel": NaN, "junction": NaN, "width": NaN, "service": NaN, "roughness": 2.54}}, {"type": "Feature", "geometry": {"type": "LineString", "coordinates": [[-54.3265504, -24.0793239], [-54.3255156, -24.0780501]]}, "properties": {"osmid": "263782180", "oneway": "False", "lanes": "2", "ref": "PY03", "name": "Ruta Nacional General Aquino", "highway": "trunk", "length": 176.346, "maxspeed": "80", "bridge": NaN, "access": NaN, "tunnel": NaN, "junction": NaN, "width": NaN, "service": NaN, "roughness": 2.54}}, {"type": "Feature", "geometry": {"type": "LineString", "coordinates": [[-54.3255156, -24.0780501], [-54.3253065, -24.0777927]]}, "properties": {"osmid": "263782180", "oneway": "False", "lanes": "2", "ref": "PY03", "name": "Ruta Nacional General Aquino", "highway": "trunk", "length": 35.635, "maxspeed": "80", "bridge": NaN, "access": NaN, "tunnel": NaN, "junction": NaN, "width": NaN, "service": NaN, "roughness": 2.54}}, {"type": "Feature", "geometry": {"type": "LineString", "coordinates": [[-54.3253065, -24.0777927], [-54.324764, -24.0771248]]}, "properties": {"osmid": "263782180", "oneway": "False", "lanes": "2", "ref": "PY03", "name": "Ruta Nacional General Aquino", "highway": "trunk", "length": 92.46, "maxspeed": "80", "bridge": NaN, "access": NaN, "tunnel": NaN, "junction": NaN, "width": NaN, "service": NaN, "roughness": 2.54}}, {"type": "Feature", "geometry": {"type": "LineString", "coordinates": [[-54.324764, -24.0771248], [-54.3240961, -24.0763142]]}, "properties": {"osmid": "263782180", "oneway": "False", "lanes": "2", "ref": "PY03", "name": "Ruta Nacional General Aquino", "highway": "trunk", "length": 112.791, "maxspeed": "80", "bridge": NaN, "access": NaN, "tunnel": NaN, "junction": NaN, "width": NaN, "service": NaN, "roughness": 2.54}}, {"type": "Feature", "geometry": {"type": "LineString", "coordinates": [[-54.3240961, -24.0763142], [-54.3240345, -24.0762408]]}, "properties": {"osmid": "263782180", "oneway": "False", "lanes": "2", "ref": "PY03", "name": "Ruta Nacional General Aquino", "highway": "trunk", "length": 10.282, "maxspeed": "80", "bridge": NaN, "access": NaN, "tunnel": NaN, "junction": NaN, "width": NaN, "service": NaN, "roughness": 2.54}}, {"type": "Feature", "geometry": {"type": "LineString", "coordinates": [[-54.3240345, -24.0762408], [-54.3236187, -24.075893]]}, "properties": {"osmid": "263782180", "oneway": "False", "lanes": "2", "ref": "PY03", "name": "Ruta Nacional General Aquino", "highway": "trunk", "length": 57.25, "maxspeed": "80", "bridge": NaN, "access": NaN, "tunnel": NaN, "junction": NaN, "width": NaN, "service": NaN, "roughness": 2.54}}, {"type": "Feature", "geometry": {"type": "LineString", "coordinates": [[-54.3236187, -24.075893], [-54.3232727, -24.0756359]]}, "properties": {"osmid": "263782180", "oneway": "False", "lanes": "2", "ref": "PY03", "name": "Ruta Nacional General Aquino", "highway": "trunk", "length": 45.29, "maxspeed": "80", "bridge": NaN, "access": NaN, "tunnel": NaN, "junction": NaN, "width": NaN, "service": NaN, "roughness": 2.54}}, {"type": "Feature", "geometry": {"type": "LineString", "coordinates": [[-54.3232727, -24.0756359], [-54.3227658, -24.0753371]]}, "properties": {"osmid": "263782180", "oneway": "False", "lanes": "2", "ref": "PY03", "name": "Ruta Nacional General Aquino", "highway": "trunk", "length": 61.255, "maxspeed": "80", "bridge": NaN, "access": NaN, "tunnel": NaN, "junction": NaN, "width": NaN, "service": NaN, "roughness": 2.54}}, {"type": "Feature", "geometry": {"type": "LineString", "coordinates": [[-54.3227658, -24.0753371], [-54.3223612, -24.0751657]]}, "properties": {"osmid": "263782180", "oneway": "False", "lanes": "2", "ref": "PY03", "name": "Ruta Nacional General Aquino", "highway": "trunk", "length": 45.282, "maxspeed": "80", "bridge": NaN, "access": NaN, "tunnel": NaN, "junction": NaN, "width": NaN, "service": NaN, "roughness": 2.54}}, {"type": "Feature", "geometry": {"type": "LineString", "coordinates": [[-54.3223612, -24.0751657], [-54.3221588, -24.0750774]]}, "properties": {"osmid": "263782180", "oneway": "False", "lanes": "2", "ref": "PY03", "name": "Ruta Nacional General Aquino", "highway": "trunk", "length": 22.773, "maxspeed": "80", "bridge": NaN, "access": NaN, "tunnel": NaN, "junction": NaN, "width": NaN, "service": NaN, "roughness": 2.54}}, {"type": "Feature", "geometry": {"type": "LineString", "coordinates": [[-54.3221588, -24.0750774], [-54.3219638, -24.0749992]]}, "properties": {"osmid": "263782180", "oneway": "False", "lanes": "2", "ref": "PY03", "name": "Ruta Nacional General Aquino", "highway": "trunk", "length": 21.622, "maxspeed": "80", "bridge": NaN, "access": NaN, "tunnel": NaN, "junction": NaN, "width": NaN, "service": NaN, "roughness": 2.54}}, {"type": "Feature", "geometry": {"type": "LineString", "coordinates": [[-54.3219638, -24.0749992], [-54.3218324, -24.0749527]]}, "properties": {"osmid": "263782180", "oneway": "False", "lanes": "2", "ref": "PY03", "name": "Ruta Nacional General Aquino", "highway": "trunk", "length": 14.307, "maxspeed": "80", "bridge": NaN, "access": NaN, "tunnel": NaN, "junction": NaN, "width": NaN, "service": NaN, "roughness": 2.54}}, {"type": "Feature", "geometry": {"type": "LineString", "coordinates": [[-54.3218324, -24.0749527], [-54.3217009, -24.0748988]]}, "properties": {"osmid": "263782180", "oneway": "False", "lanes": "2", "ref": "PY03", "name": "Ruta Nacional General Aquino", "highway": "trunk", "length": 14.634, "maxspeed": "80", "bridge": NaN, "access": NaN, "tunnel": NaN, "junction": NaN, "width": NaN, "service": NaN, "roughness": 2.54}}, {"type": "Feature", "geometry": {"type": "LineString", "coordinates": [[-54.3217009, -24.0748988], [-54.319987, -24.0742694]]}, "properties": {"osmid": "263782180", "oneway": "False", "lanes": "2", "ref": "PY03", "name": "Ruta Nacional General Aquino", "highway": "trunk", "length": 187.547, "maxspeed": "80", "bridge": NaN, "access": NaN, "tunnel": NaN, "junction": NaN, "width": NaN, "service": NaN, "roughness": 2.54}}, {"type": "Feature", "geometry": {"type": "LineString", "coordinates": [[-54.319987, -24.0742694], [-54.3196356, -24.0741421]]}, "properties": {"osmid": "263782180", "oneway": "False", "lanes": "2", "ref": "PY03", "name": "Ruta Nacional General Aquino", "highway": "trunk", "length": 38.381, "maxspeed": "80", "bridge": NaN, "access": NaN, "tunnel": NaN, "junction": NaN, "width": NaN, "service": NaN, "roughness": 2.54}}, {"type": "Feature", "geometry": {"type": "LineString", "coordinates": [[-54.3196356, -24.0741421], [-54.3160147, -24.0727903]]}, "properties": {"osmid": "263782180", "oneway": "False", "lanes": "2", "ref": "PY03", "name": "Ruta Nacional General Aquino", "highway": "trunk", "length": 397.151, "maxspeed": "80", "bridge": NaN, "access": NaN, "tunnel": NaN, "junction": NaN, "width": NaN, "service": NaN, "roughness": 2.54}}, {"type": "Feature", "geometry": {"type": "LineString", "coordinates": [[-54.3160147, -24.0727903], [-54.315041, -24.0724254]]}, "properties": {"osmid": "193047219", "oneway": "False", "lanes": "2", "ref": "PY03", "name": "puente Piratiy", "highway": "trunk", "length": 106.857, "maxspeed": "80", "bridge": "yes", "access": NaN, "tunnel": NaN, "junction": NaN, "width": NaN, "service": NaN, "roughness": 2.54}}, {"type": "Feature", "geometry": {"type": "LineString", "coordinates": [[-54.315041, -24.0724254], [-54.3138541, -24.0719881]]}, "properties": {"osmid": "132927116", "oneway": "False", "lanes": "2", "ref": "PY03", "name": "Cerro Corr\u00e1", "highway": "trunk", "length": 129.941, "maxspeed": "40", "bridge": NaN, "access": NaN, "tunnel": NaN, "junction": NaN, "width": NaN, "service": NaN, "roughness": 2.54}}, {"type": "Feature", "geometry": {"type": "LineString", "coordinates": [[-54.3138541, -24.0719881], [-54.312914, -24.0716417]]}, "properties": {"osmid": "132927116", "oneway": "False", "lanes": "2", "ref": "PY03", "name": "Cerro Corr\u00e1", "highway": "trunk", "length": 102.923, "maxspeed": "40", "bridge": NaN, "access": NaN, "tunnel": NaN, "junction": NaN, "width": NaN, "service": NaN, "roughness": 2.54}}, {"type": "Feature", "geometry": {"type": "LineString", "coordinates": [[-54.312914, -24.0716417], [-54.3127934, -24.0703914]]}, "properties": {"osmid": "912965548", "oneway": "False", "lanes": NaN, "ref": NaN, "name": "cadete Pando", "highway": "tertiary", "length": 139.565, "maxspeed": NaN, "bridge": NaN, "access": NaN, "tunnel": NaN, "junction": NaN, "width": NaN, "service": NaN, "roughness": 2.54}}, {"type": "Feature", "geometry": {"type": "LineString", "coordinates": [[-54.3127934, -24.0703914], [-54.3119912, -24.0700546]]}, "properties": {"osmid": "193047234", "oneway": "False", "lanes": NaN, "ref": NaN, "name": NaN, "highway": "tertiary", "length": 89.642, "maxspeed": NaN, "bridge": NaN, "access": NaN, "tunnel": NaN, "junction": NaN, "width": NaN, "service": NaN, "roughness": 2.54}}, {"type": "Feature", "geometry": {"type": "LineString", "coordinates": [[-54.3119912, -24.0700546], [-54.3116427, -24.0699225]]}, "properties": {"osmid": "193047234", "oneway": "False", "lanes": NaN, "ref": NaN, "name": NaN, "highway": "tertiary", "length": 38.31, "maxspeed": NaN, "bridge": NaN, "access": NaN, "tunnel": NaN, "junction": NaN, "width": NaN, "service": NaN, "roughness": 2.54}}, {"type": "Feature", "geometry": {"type": "LineString", "coordinates": [[-54.3116427, -24.0699225], [-54.3114528, -24.0698504]]}, "properties": {"osmid": "193047234", "oneway": "False", "lanes": NaN, "ref": NaN, "name": NaN, "highway": "tertiary", "length": 20.88, "maxspeed": NaN, "bridge": NaN, "access": NaN, "tunnel": NaN, "junction": NaN, "width": NaN, "service": NaN, "roughness": 2.54}}, {"type": "Feature", "geometry": {"type": "LineString", "coordinates": [[-54.3114528, -24.0698504], [-54.310996, -24.0696056]]}, "properties": {"osmid": "754575245", "oneway": "True", "lanes": NaN, "ref": NaN, "name": "Avenida Mariscal Francisco Solano Lopez Carrillo", "highway": "tertiary", "length": 53.776, "maxspeed": NaN, "bridge": NaN, "access": NaN, "tunnel": NaN, "junction": NaN, "width": NaN, "service": NaN, "roughness": 2.54}}, {"type": "Feature", "geometry": {"type": "LineString", "coordinates": [[-54.310996, -24.0696056], [-54.3105724, -24.0694353]]}, "properties": {"osmid": "754575245", "oneway": "True", "lanes": NaN, "ref": NaN, "name": "Avenida Mariscal Francisco Solano Lopez Carrillo", "highway": "tertiary", "length": 46.991, "maxspeed": NaN, "bridge": NaN, "access": NaN, "tunnel": NaN, "junction": NaN, "width": NaN, "service": NaN, "roughness": 2.54}}, {"type": "Feature", "geometry": {"type": "LineString", "coordinates": [[-54.3105724, -24.0694353], [-54.310473, -24.0694147]]}, "properties": {"osmid": "754575245", "oneway": "True", "lanes": NaN, "ref": NaN, "name": "Avenida Mariscal Francisco Solano Lopez Carrillo", "highway": "tertiary", "length": 10.348, "maxspeed": NaN, "bridge": NaN, "access": NaN, "tunnel": NaN, "junction": NaN, "width": NaN, "service": NaN, "roughness": 2.54}}, {"type": "Feature", "geometry": {"type": "LineString", "coordinates": [[-54.310473, -24.0694147], [-54.3094188, -24.0695139]]}, "properties": {"osmid": "193047245", "oneway": "True", "lanes": NaN, "ref": NaN, "name": "Avenida Mariscal Francisco Solano Lopez Carrillo", "highway": "tertiary", "length": 107.597, "maxspeed": NaN, "bridge": NaN, "access": NaN, "tunnel": NaN, "junction": NaN, "width": NaN, "service": NaN, "roughness": 2.54}}, {"type": "Feature", "geometry": {"type": "LineString", "coordinates": [[-54.3094188, -24.0695139], [-54.3084625, -24.0696043]]}, "properties": {"osmid": "193047245", "oneway": "True", "lanes": NaN, "ref": NaN, "name": "Avenida Mariscal Francisco Solano Lopez Carrillo", "highway": "tertiary", "length": 97.609, "maxspeed": NaN, "bridge": NaN, "access": NaN, "tunnel": NaN, "junction": NaN, "width": NaN, "service": NaN, "roughness": 2.54}}, {"type": "Feature", "geometry": {"type": "LineString", "coordinates": [[-54.3084625, -24.0696043], [-54.3084232, -24.0695773]]}, "properties": {"osmid": "193047229", "oneway": "True", "lanes": "2", "ref": "PY03", "name": "Rotonda Central", "highway": "trunk", "length": 4.993, "maxspeed": NaN, "bridge": NaN, "access": NaN, "tunnel": NaN, "junction": "roundabout", "width": NaN, "service": NaN, "roughness": 2.54}}, {"type": "Feature", "geometry": {"type": "LineString", "coordinates": [[-54.3084232, -24.0695773], [-54.3083796, -24.0695563]]}, "properties": {"osmid": "193047229", "oneway": "True", "lanes": "2", "ref": "PY03", "name": "Rotonda Central", "highway": "trunk", "length": 5.005, "maxspeed": NaN, "bridge": NaN, "access": NaN, "tunnel": NaN, "junction": "roundabout", "width": NaN, "service": NaN, "roughness": 2.54}}, {"type": "Feature", "geometry": {"type": "LineString", "coordinates": [[-54.3083796, -24.0695563], [-54.308333, -24.0695419]]}, "properties": {"osmid": "193047229", "oneway": "True", "lanes": "2", "ref": "PY03", "name": "Rotonda Central", "highway": "trunk", "length": 4.995, "maxspeed": NaN, "bridge": NaN, "access": NaN, "tunnel": NaN, "junction": "roundabout", "width": NaN, "service": NaN, "roughness": 2.54}}, {"type": "Feature", "geometry": {"type": "LineString", "coordinates": [[-54.308333, -24.0695419], [-54.3081948, -24.0686088]]}, "properties": {"osmid": "263611854", "oneway": "True", "lanes": "1", "ref": "PY03", "name": "Avenida Paraguay", "highway": "trunk", "length": 104.701, "maxspeed": NaN, "bridge": NaN, "access": NaN, "tunnel": NaN, "junction": NaN, "width": NaN, "service": NaN, "roughness": 2.54}}, {"type": "Feature", "geometry": {"type": "LineString", "coordinates": [[-54.3081948, -24.0686088], [-54.3080802, -24.0676092]]}, "properties": {"osmid": "263611854", "oneway": "True", "lanes": "1", "ref": "PY03", "name": "Avenida Paraguay", "highway": "trunk", "length": 111.758, "maxspeed": NaN, "bridge": NaN, "access": NaN, "tunnel": NaN, "junction": NaN, "width": NaN, "service": NaN, "roughness": 2.54}}, {"type": "Feature", "geometry": {"type": "LineString", "coordinates": [[-54.3080802, -24.0676092], [-54.3079611, -24.066608]]}, "properties": {"osmid": "263611854", "oneway": "True", "lanes": "1", "ref": "PY03", "name": "Avenida Paraguay", "highway": "trunk", "length": 111.983, "maxspeed": NaN, "bridge": NaN, "access": NaN, "tunnel": NaN, "junction": NaN, "width": NaN, "service": NaN, "roughness": 2.54}}, {"type": "Feature", "geometry": {"type": "LineString", "coordinates": [[-54.3079611, -24.066608], [-54.3078077, -24.0653283]]}, "properties": {"osmid": "263611854", "oneway": "True", "lanes": "1", "ref": "PY03", "name": "Avenida Paraguay", "highway": "trunk", "length": 143.146, "maxspeed": NaN, "bridge": NaN, "access": NaN, "tunnel": NaN, "junction": NaN, "width": NaN, "service": NaN, "roughness": 2.54}}, {"type": "Feature", "geometry": {"type": "LineString", "coordinates": [[-54.3078077, -24.0653283], [-54.3076812, -24.0643403]]}, "properties": {"osmid": "263611854", "oneway": "True", "lanes": "1", "ref": "PY03", "name": "Avenida Paraguay", "highway": "trunk", "length": 110.609, "maxspeed": NaN, "bridge": NaN, "access": NaN, "tunnel": NaN, "junction": NaN, "width": NaN, "service": NaN, "roughness": 2.54}}, {"type": "Feature", "geometry": {"type": "LineString", "coordinates": [[-54.3076812, -24.0643403], [-54.3075791, -24.063364]]}, "properties": {"osmid": "263611854", "oneway": "True", "lanes": "1", "ref": "PY03", "name": "Avenida Paraguay", "highway": "trunk", "length": 109.054, "maxspeed": NaN, "bridge": NaN, "access": NaN, "tunnel": NaN, "junction": NaN, "width": NaN, "service": NaN, "roughness": 2.54}}, {"type": "Feature", "geometry": {"type": "LineString", "coordinates": [[-54.3075791, -24.063364], [-54.3074101, -24.0633811]]}, "properties": {"osmid": "193047222", "oneway": "True", "lanes": NaN, "ref": NaN, "name": "avenida. Bernardino Cabellero Melgarejo", "highway": "tertiary", "length": 17.264, "maxspeed": NaN, "bridge": NaN, "access": NaN, "tunnel": NaN, "junction": NaN, "width": NaN, "service": NaN, "roughness": 2.54}}, {"type": "Feature", "geometry": {"type": "LineString", "coordinates": [[-54.3074101, -24.0633811], [-54.3073887, -24.0632464]]}, "properties": {"osmid": "193047211", "oneway": "True", "lanes": "1", "ref": "PY03", "name": "Avenida Paraguay", "highway": "trunk", "length": 15.135, "maxspeed": NaN, "bridge": NaN, "access": NaN, "tunnel": NaN, "junction": NaN, "width": NaN, "service": NaN, "roughness": 2.54}}]}