{"type": "FeatureCollection", "features": [{"type": "Feature", "geometry": {"type": "LineString", "coordinates": [[-57.4949128, -25.3490602], [-57.4939467, -25.3496976]]}, "properties": {"osmid": "802455775", "oneway": "False", "lanes": "2", "ref": "D027", "name": "Ruta Departamental 027", "highway": "primary", "length": 120.201, "maxspeed": "40", "bridge": NaN, "access": NaN, "tunnel": NaN, "junction": NaN, "width": NaN, "service": NaN, "roughness": 5.0}}, {"type": "Feature", "geometry": {"type": "LineString", "coordinates": [[-57.4939467, -25.3496976], [-57.493915, -25.3497228]]}, "properties": {"osmid": "443657025", "oneway": "False", "lanes": "2", "ref": "D027;D069", "name": "Ruta Departamental 027", "highway": "primary", "length": 4.243, "maxspeed": "40", "bridge": NaN, "access": NaN, "tunnel": NaN, "junction": NaN, "width": NaN, "service": NaN, "roughness": 5.0}}, {"type": "Feature", "geometry": {"type": "LineString", "coordinates": [[-57.493915, -25.3497228], [-57.4923268, -25.3507261]]}, "properties": {"osmid": "443657025", "oneway": "False", "lanes": "2", "ref": "D027;D069", "name": "Ruta Departamental 027", "highway": "primary", "length": 194.722, "maxspeed": "40", "bridge": NaN, "access": NaN, "tunnel": NaN, "junction": NaN, "width": NaN, "service": NaN, "roughness": 5.0}}, {"type": "Feature", "geometry": {"type": "LineString", "coordinates": [[-57.4923268, -25.3507261], [-57.4918142, -25.3510654]]}, "properties": {"osmid": "443657025", "oneway": "False", "lanes": "2", "ref": "D027;D069", "name": "Ruta Departamental 027", "highway": "primary", "length": 63.849, "maxspeed": "40", "bridge": NaN, "access": NaN, "tunnel": NaN, "junction": NaN, "width": NaN, "service": NaN, "roughness": 5.0}}, {"type": "Feature", "geometry": {"type": "LineString", "coordinates": [[-57.4918142, -25.3510654], [-57.4915462, -25.3512644]]}, "properties": {"osmid": "443657025", "oneway": "False", "lanes": "2", "ref": "D027;D069", "name": "Ruta Departamental 027", "highway": "primary", "length": 34.855, "maxspeed": "40", "bridge": NaN, "access": NaN, "tunnel": NaN, "junction": NaN, "width": NaN, "service": NaN, "roughness": 5.0}}, {"type": "Feature", "geometry": {"type": "LineString", "coordinates": [[-57.4915462, -25.3512644], [-57.4912724, -25.3515255]]}, "properties": {"osmid": "443657025", "oneway": "False", "lanes": "2", "ref": "D027;D069", "name": "Ruta Departamental 027", "highway": "primary", "length": 39.999, "maxspeed": "40", "bridge": NaN, "access": NaN, "tunnel": NaN, "junction": NaN, "width": NaN, "service": NaN, "roughness": 5.0}}, {"type": "Feature", "geometry": {"type": "LineString", "coordinates": [[-57.4912724, -25.3515255], [-57.4909178, -25.3518727]]}, "properties": {"osmid": "443657025", "oneway": "False", "lanes": "2", "ref": "D027;D069", "name": "Ruta Departamental 027", "highway": "primary", "length": 52.537, "maxspeed": "40", "bridge": NaN, "access": NaN, "tunnel": NaN, "junction": NaN, "width": NaN, "service": NaN, "roughness": 5.0}}, {"type": "Feature", "geometry": {"type": "LineString", "coordinates": [[-57.4909178, -25.3518727], [-57.4907711, -25.3520833]]}, "properties": {"osmid": "443657025", "oneway": "False", "lanes": "2", "ref": "D027;D069", "name": "Ruta Departamental 027", "highway": "primary", "length": 27.671, "maxspeed": "40", "bridge": NaN, "access": NaN, "tunnel": NaN, "junction": NaN, "width": NaN, "service": NaN, "roughness": 5.0}}, {"type": "Feature", "geometry": {"type": "LineString", "coordinates": [[-57.4907711, -25.3520833], [-57.4906812, -25.3522141]]}, "properties": {"osmid": "443657025", "oneway": "False", "lanes": "2", "ref": "D027;D069", "name": "Ruta Departamental 027", "highway": "primary", "length": 17.121, "maxspeed": "40", "bridge": NaN, "access": NaN, "tunnel": NaN, "junction": NaN, "width": NaN, "service": NaN, "roughness": 5.0}}, {"type": "Feature", "geometry": {"type": "LineString", "coordinates": [[-57.4906812, -25.3522141], [-57.4899575, -25.3535333]]}, "properties": {"osmid": "446855132", "oneway": "False", "lanes": "2", "ref": "D027", "name": "Ruta Departamental 027", "highway": "primary", "length": 163.725, "maxspeed": "40", "bridge": NaN, "access": NaN, "tunnel": NaN, "junction": NaN, "width": NaN, "service": NaN, "roughness": 5.0}}, {"type": "Feature", "geometry": {"type": "LineString", "coordinates": [[-57.4899575, -25.3535333], [-57.4897305, -25.3539712]]}, "properties": {"osmid": "446855132", "oneway": "False", "lanes": "2", "ref": "D027", "name": "Ruta Departamental 027", "highway": "primary", "length": 53.77, "maxspeed": "40", "bridge": NaN, "access": NaN, "tunnel": NaN, "junction": NaN, "width": NaN, "service": NaN, "roughness": 5.0}}, {"type": "Feature", "geometry": {"type": "LineString", "coordinates": [[-57.4897305, -25.3539712], [-57.4893752, -25.354469]]}, "properties": {"osmid": "446855132", "oneway": "False", "lanes": "2", "ref": "D027", "name": "Ruta Departamental 027", "highway": "primary", "length": 65.868, "maxspeed": "40", "bridge": NaN, "access": NaN, "tunnel": NaN, "junction": NaN, "width": NaN, "service": NaN, "roughness": 5.0}}, {"type": "Feature", "geometry": {"type": "LineString", "coordinates": [[-57.4893752, -25.354469], [-57.4886964, -25.3552243]]}, "properties": {"osmid": "446855132", "oneway": "False", "lanes": "2", "ref": "D027", "name": "Ruta Departamental 027", "highway": "primary", "length": 108.194, "maxspeed": "40", "bridge": NaN, "access": NaN, "tunnel": NaN, "junction": NaN, "width": NaN, "service": NaN, "roughness": 5.0}}, {"type": "Feature", "geometry": {"type": "LineString", "coordinates": [[-57.4886964, -25.3552243], [-57.4883934, -25.3556156]]}, "properties": {"osmid": "446855132", "oneway": "False", "lanes": "2", "ref": "D027", "name": "Ruta Departamental 027", "highway": "primary", "length": 53.105, "maxspeed": "40", "bridge": NaN, "access": NaN, "tunnel": NaN, "junction": NaN, "width": NaN, "service": NaN, "roughness": 5.0}}, {"type": "Feature", "geometry": {"type": "LineString", "coordinates": [[-57.4883934, -25.3556156], [-57.4882797, -25.3557664]]}, "properties": {"osmid": "446855132", "oneway": "False", "lanes": "2", "ref": "D027", "name": "Ruta Departamental 027", "highway": "primary", "length": 20.29, "maxspeed": "40", "bridge": NaN, "access": NaN, "tunnel": NaN, "junction": NaN, "width": NaN, "service": NaN, "roughness": 5.0}}, {"type": "Feature", "geometry": {"type": "LineString", "coordinates": [[-57.4882797, -25.3557664], [-57.4882574, -25.3558007]]}, "properties": {"osmid": "446855132", "oneway": "False", "lanes": "2", "ref": "D027", "name": "Ruta Departamental 027", "highway": "primary", "length": 4.424, "maxspeed": "40", "bridge": NaN, "access": NaN, "tunnel": NaN, "junction": NaN, "width": NaN, "service": NaN, "roughness": 5.0}}, {"type": "Feature", "geometry": {"type": "LineString", "coordinates": [[-57.4882574, -25.3558007], [-57.4877632, -25.3566233]]}, "properties": {"osmid": "446855132", "oneway": "False", "lanes": "2", "ref": "D027", "name": "Ruta Departamental 027", "highway": "primary", "length": 104.08, "maxspeed": "40", "bridge": NaN, "access": NaN, "tunnel": NaN, "junction": NaN, "width": NaN, "service": NaN, "roughness": 5.0}}, {"type": "Feature", "geometry": {"type": "LineString", "coordinates": [[-57.4877632, -25.3566233], [-57.4875972, -25.3568615]]}, "properties": {"osmid": "446855132", "oneway": "False", "lanes": "2", "ref": "D027", "name": "Ruta Departamental 027", "highway": "primary", "length": 31.301, "maxspeed": "40", "bridge": NaN, "access": NaN, "tunnel": NaN, "junction": NaN, "width": NaN, "service": NaN, "roughness": 5.0}}, {"type": "Feature", "geometry": {"type": "LineString", "coordinates": [[-57.4875972, -25.3568615], [-57.487555, -25.3569296]]}, "properties": {"osmid": "446855132", "oneway": "False", "lanes": "2", "ref": "D027", "name": "Ruta Departamental 027", "highway": "primary", "length": 8.679, "maxspeed": "40", "bridge": NaN, "access": NaN, "tunnel": NaN, "junction": NaN, "width": NaN, "service": NaN, "roughness": 5.0}}, {"type": "Feature", "geometry": {"type": "LineString", "coordinates": [[-57.487555, -25.3569296], [-57.4870793, -25.3576219]]}, "properties": {"osmid": "443657024", "oneway": "False", "lanes": "2", "ref": "D027", "name": "Ruta Departamental 027", "highway": "primary", "length": 90.613, "maxspeed": "40", "bridge": NaN, "access": NaN, "tunnel": NaN, "junction": NaN, "width": NaN, "service": NaN, "roughness": 5.0}}, {"type": "Feature", "geometry": {"type": "LineString", "coordinates": [[-57.4870793, -25.3576219], [-57.4862948, -25.3585547]]}, "properties": {"osmid": "443657027", "oneway": "False", "lanes": "2", "ref": "D027", "name": "Ruta Departamental 027", "highway": "primary", "length": 130.277, "maxspeed": "40", "bridge": NaN, "access": NaN, "tunnel": NaN, "junction": NaN, "width": NaN, "service": NaN, "roughness": 5.0}}, {"type": "Feature", "geometry": {"type": "LineString", "coordinates": [[-57.4862948, -25.3585547], [-57.486197, -25.358671]]}, "properties": {"osmid": "443657027", "oneway": "False", "lanes": "2", "ref": "D027", "name": "Ruta Departamental 027", "highway": "primary", "length": 16.242, "maxspeed": "40", "bridge": NaN, "access": NaN, "tunnel": NaN, "junction": NaN, "width": NaN, "service": NaN, "roughness": 5.0}}, {"type": "Feature", "geometry": {"type": "LineString", "coordinates": [[-57.486197, -25.358671], [-57.4861411, -25.3587321]]}, "properties": {"osmid": "443657027", "oneway": "False", "lanes": "2", "ref": "D027", "name": "Ruta Departamental 027", "highway": "primary", "length": 8.815, "maxspeed": "40", "bridge": NaN, "access": NaN, "tunnel": NaN, "junction": NaN, "width": NaN, "service": NaN, "roughness": 5.0}}, {"type": "Feature", "geometry": {"type": "LineString", "coordinates": [[-57.4861411, -25.3587321], [-57.4857035, -25.3592737]]}, "properties": {"osmid": "443657027", "oneway": "False", "lanes": "2", "ref": "D027", "name": "Ruta Departamental 027", "highway": "primary", "length": 74.567, "maxspeed": "40", "bridge": NaN, "access": NaN, "tunnel": NaN, "junction": NaN, "width": NaN, "service": NaN, "roughness": 5.0}}, {"type": "Feature", "geometry": {"type": "LineString", "coordinates": [[-57.4857035, -25.3592737], [-57.4854874, -25.3595575]]}, "properties": {"osmid": "443657027", "oneway": "False", "lanes": "2", "ref": "D027", "name": "Ruta Departamental 027", "highway": "primary", "length": 38.306, "maxspeed": "40", "bridge": NaN, "access": NaN, "tunnel": NaN, "junction": NaN, "width": NaN, "service": NaN, "roughness": 5.0}}, {"type": "Feature", "geometry": {"type": "LineString", "coordinates": [[-57.4854874, -25.3595575], [-57.4853845, -25.3596979]]}, "properties": {"osmid": "443657027", "oneway": "False", "lanes": "2", "ref": "D027", "name": "Ruta Departamental 027", "highway": "primary", "length": 18.725, "maxspeed": "40", "bridge": NaN, "access": NaN, "tunnel": NaN, "junction": NaN, "width": NaN, "service": NaN, "roughness": 5.0}}, {"type": "Feature", "geometry": {"type": "LineString", "coordinates": [[-57.4853845, -25.3596979], [-57.485265, -25.3598609]]}, "properties": {"osmid": "443657027", "oneway": "False", "lanes": "2", "ref": "D027", "name": "Ruta Departamental 027", "highway": "primary", "length": 21.741, "maxspeed": "40", "bridge": NaN, "access": NaN, "tunnel": NaN, "junction": NaN, "width": NaN, "service": NaN, "roughness": 5.0}}, {"type": "Feature", "geometry": {"type": "LineString", "coordinates": [[-57.485265, -25.3598609], [-57.4851639, -25.3600133]]}, "properties": {"osmid": "443657027", "oneway": "False", "lanes": "2", "ref": "D027", "name": "Ruta Departamental 027", "highway": "primary", "length": 19.758, "maxspeed": "40", "bridge": NaN, "access": NaN, "tunnel": NaN, "junction": NaN, "width": NaN, "service": NaN, "roughness": 5.0}}, {"type": "Feature", "geometry": {"type": "LineString", "coordinates": [[-57.4851639, -25.3600133], [-57.4850619, -25.3601668]]}, "properties": {"osmid": "443657027", "oneway": "False", "lanes": "2", "ref": "D027", "name": "Ruta Departamental 027", "highway": "primary", "length": 19.909, "maxspeed": "40", "bridge": NaN, "access": NaN, "tunnel": NaN, "junction": NaN, "width": NaN, "service": NaN, "roughness": 5.0}}, {"type": "Feature", "geometry": {"type": "LineString", "coordinates": [[-57.4850619, -25.3601668], [-57.4846491, -25.3609022]]}, "properties": {"osmid": "443657027", "oneway": "False", "lanes": "2", "ref": "D027", "name": "Ruta Departamental 027", "highway": "primary", "length": 91.691, "maxspeed": "40", "bridge": NaN, "access": NaN, "tunnel": NaN, "junction": NaN, "width": NaN, "service": NaN, "roughness": 5.0}}, {"type": "Feature", "geometry": {"type": "LineString", "coordinates": [[-57.4846491, -25.3609022], [-57.4844175, -25.3613087]]}, "properties": {"osmid": "443657027", "oneway": "False", "lanes": "2", "ref": "D027", "name": "Ruta Departamental 027", "highway": "primary", "length": 50.839, "maxspeed": "40", "bridge": NaN, "access": NaN, "tunnel": NaN, "junction": NaN, "width": NaN, "service": NaN, "roughness": 5.0}}, {"type": "Feature", "geometry": {"type": "LineString", "coordinates": [[-57.4844175, -25.3613087], [-57.4841342, -25.3618059]]}, "properties": {"osmid": "443657027", "oneway": "False", "lanes": "2", "ref": "D027", "name": "Ruta Departamental 027", "highway": "primary", "length": 62.184, "maxspeed": "40", "bridge": NaN, "access": NaN, "tunnel": NaN, "junction": NaN, "width": NaN, "service": NaN, "roughness": 5.0}}, {"type": "Feature", "geometry": {"type": "LineString", "coordinates": [[-57.4841342, -25.3618059], [-57.4835155, -25.3629682]]}, "properties": {"osmid": "443657017", "oneway": "False", "lanes": "2", "ref": "D027", "name": "Ruta Departamental 027", "highway": "primary", "length": 143.416, "maxspeed": "40", "bridge": NaN, "access": NaN, "tunnel": NaN, "junction": NaN, "width": NaN, "service": NaN, "roughness": 5.0}}, {"type": "Feature", "geometry": {"type": "LineString", "coordinates": [[-57.4835155, -25.3629682], [-57.4822936, -25.3652382]]}, "properties": {"osmid": "494297945", "oneway": "False", "lanes": "2", "ref": "D027", "name": "Ruta Departamental 027", "highway": "primary", "length": 280.687, "maxspeed": "40", "bridge": NaN, "access": NaN, "tunnel": NaN, "junction": NaN, "width": NaN, "service": NaN, "roughness": 5.0}}, {"type": "Feature", "geometry": {"type": "LineString", "coordinates": [[-57.4822936, -25.3652382], [-57.4822395, -25.3653387]]}, "properties": {"osmid": "494297945", "oneway": "False", "lanes": "2", "ref": "D027", "name": "Ruta Departamental 027", "highway": "primary", "length": 12.427, "maxspeed": "40", "bridge": NaN, "access": NaN, "tunnel": NaN, "junction": NaN, "width": NaN, "service": NaN, "roughness": 5.0}}, {"type": "Feature", "geometry": {"type": "LineString", "coordinates": [[-57.4822395, -25.3653387], [-57.4819764, -25.3658324]]}, "properties": {"osmid": "494297945", "oneway": "False", "lanes": "2", "ref": "D027", "name": "Ruta Departamental 027", "highway": "primary", "length": 60.93, "maxspeed": "40", "bridge": NaN, "access": NaN, "tunnel": NaN, "junction": NaN, "width": NaN, "service": NaN, "roughness": 5.0}}, {"type": "Feature", "geometry": {"type": "LineString", "coordinates": [[-57.4819764, -25.3658324], [-57.4813425, -25.3670171]]}, "properties": {"osmid": "494297945", "oneway": "False", "lanes": "2", "ref": "D027", "name": "Ruta Departamental 027", "highway": "primary", "length": 146.322, "maxspeed": "40", "bridge": NaN, "access": NaN, "tunnel": NaN, "junction": NaN, "width": NaN, "service": NaN, "roughness": 5.0}}, {"type": "Feature", "geometry": {"type": "LineString", "coordinates": [[-57.4813425, -25.3670171], [-57.4805475, -25.368525]]}, "properties": {"osmid": "494297945", "oneway": "False", "lanes": "2", "ref": "D027", "name": "Ruta Departamental 027", "highway": "primary", "length": 185.725, "maxspeed": "40", "bridge": NaN, "access": NaN, "tunnel": NaN, "junction": NaN, "width": NaN, "service": NaN, "roughness": 5.0}}, {"type": "Feature", "geometry": {"type": "LineString", "coordinates": [[-57.4805475, -25.368525], [-57.4804566, -25.3686974]]}, "properties": {"osmid": "494297945", "oneway": "False", "lanes": "2", "ref": "D027", "name": "Ruta Departamental 027", "highway": "primary", "length": 21.234, "maxspeed": "40", "bridge": NaN, "access": NaN, "tunnel": NaN, "junction": NaN, "width": NaN, "service": NaN, "roughness": 5.0}}, {"type": "Feature", "geometry": {"type": "LineString", "coordinates": [[-57.4804566, -25.3686974], [-57.4798858, -25.36978]]}, "properties": {"osmid": "494297945", "oneway": "False", "lanes": "2", "ref": "D027", "name": "Ruta Departamental 027", "highway": "primary", "length": 133.343, "maxspeed": "40", "bridge": NaN, "access": NaN, "tunnel": NaN, "junction": NaN, "width": NaN, "service": NaN, "roughness": 5.0}}, {"type": "Feature", "geometry": {"type": "LineString", "coordinates": [[-57.4798858, -25.36978], [-57.479623, -25.3702988]]}, "properties": {"osmid": "494297945", "oneway": "False", "lanes": "2", "ref": "D027", "name": "Ruta Departamental 027", "highway": "primary", "length": 63.443, "maxspeed": "40", "bridge": NaN, "access": NaN, "tunnel": NaN, "junction": NaN, "width": NaN, "service": NaN, "roughness": 5.0}}, {"type": "Feature", "geometry": {"type": "LineString", "coordinates": [[-57.479623, -25.3702988], [-57.4784355, -25.3726431]]}, "properties": {"osmid": "494297945", "oneway": "False", "lanes": "2", "ref": "D027", "name": "Ruta Departamental 027", "highway": "primary", "length": 286.681, "maxspeed": "40", "bridge": NaN, "access": NaN, "tunnel": NaN, "junction": NaN, "width": NaN, "service": NaN, "roughness": 5.0}}, {"type": "Feature", "geometry": {"type": "LineString", "coordinates": [[-57.4784355, -25.3726431], [-57.4779341, -25.3736331]]}, "properties": {"osmid": "494297945", "oneway": "False", "lanes": "2", "ref": "D027", "name": "Ruta Departamental 027", "highway": "primary", "length": 121.062, "maxspeed": "40", "bridge": NaN, "access": NaN, "tunnel": NaN, "junction": NaN, "width": NaN, "service": NaN, "roughness": 5.0}}, {"type": "Feature", "geometry": {"type": "LineString", "coordinates": [[-57.4779341, -25.3736331], [-57.4776972, -25.3741006]]}, "properties": {"osmid": "494297945", "oneway": "False", "lanes": "2", "ref": "D027", "name": "Ruta Departamental 027", "highway": "primary", "length": 57.173, "maxspeed": "40", "bridge": NaN, "access": NaN, "tunnel": NaN, "junction": NaN, "width": NaN, "service": NaN, "roughness": 5.0}}, {"type": "Feature", "geometry": {"type": "LineString", "coordinates": [[-57.4776972, -25.3741006], [-57.4773853, -25.3747163]]}, "properties": {"osmid": "494297945", "oneway": "False", "lanes": "2", "ref": "D027", "name": "Ruta Departamental 027", "highway": "primary", "length": 75.293, "maxspeed": "40", "bridge": NaN, "access": NaN, "tunnel": NaN, "junction": NaN, "width": NaN, "service": NaN, "roughness": 5.0}}, {"type": "Feature", "geometry": {"type": "LineString", "coordinates": [[-57.4773853, -25.3747163], [-57.4770657, -25.3753473]]}, "properties": {"osmid": "494297945", "oneway": "False", "lanes": "2", "ref": "D027", "name": "Ruta Departamental 027", "highway": "primary", "length": 77.162, "maxspeed": "40", "bridge": NaN, "access": NaN, "tunnel": NaN, "junction": NaN, "width": NaN, "service": NaN, "roughness": 5.0}}, {"type": "Feature", "geometry": {"type": "LineString", "coordinates": [[-57.4770657, -25.3753473], [-57.4767459, -25.3759787]]}, "properties": {"osmid": "494297945", "oneway": "False", "lanes": "2", "ref": "D027", "name": "Ruta Departamental 027", "highway": "primary", "length": 77.211, "maxspeed": "40", "bridge": NaN, "access": NaN, "tunnel": NaN, "junction": NaN, "width": NaN, "service": NaN, "roughness": 5.0}}, {"type": "Feature", "geometry": {"type": "LineString", "coordinates": [[-57.4767459, -25.3759787], [-57.4765365, -25.3763921]]}, "properties": {"osmid": "494297945", "oneway": "False", "lanes": "2", "ref": "D027", "name": "Ruta Departamental 027", "highway": "primary", "length": 50.553, "maxspeed": "40", "bridge": NaN, "access": NaN, "tunnel": NaN, "junction": NaN, "width": NaN, "service": NaN, "roughness": 5.0}}, {"type": "Feature", "geometry": {"type": "LineString", "coordinates": [[-57.4765365, -25.3763921], [-57.4764473, -25.3765681]]}, "properties": {"osmid": "494297945", "oneway": "False", "lanes": "2", "ref": "D027", "name": "Ruta Departamental 027", "highway": "primary", "length": 21.525, "maxspeed": "40", "bridge": NaN, "access": NaN, "tunnel": NaN, "junction": NaN, "width": NaN, "service": NaN, "roughness": 5.0}}, {"type": "Feature", "geometry": {"type": "LineString", "coordinates": [[-57.4764473, -25.3765681], [-57.4761025, -25.3772488]]}, "properties": {"osmid": "494297945", "oneway": "False", "lanes": "2", "ref": "D027", "name": "Ruta Departamental 027", "highway": "primary", "length": 83.241, "maxspeed": "40", "bridge": NaN, "access": NaN, "tunnel": NaN, "junction": NaN, "width": NaN, "service": NaN, "roughness": 5.0}}, {"type": "Feature", "geometry": {"type": "LineString", "coordinates": [[-57.4761025, -25.3772488], [-57.4757812, -25.377883]]}, "properties": {"osmid": "494297945", "oneway": "False", "lanes": "2", "ref": "D027", "name": "Ruta Departamental 027", "highway": "primary", "length": 77.557, "maxspeed": "40", "bridge": NaN, "access": NaN, "tunnel": NaN, "junction": NaN, "width": NaN, "service": NaN, "roughness": 5.0}}, {"type": "Feature", "geometry": {"type": "LineString", "coordinates": [[-57.4757812, -25.377883], [-57.4751195, -25.3791402]]}, "properties": {"osmid": "494297945", "oneway": "False", "lanes": "2", "ref": "D027", "name": "Ruta Departamental 027", "highway": "primary", "length": 154.796, "maxspeed": "40", "bridge": NaN, "access": NaN, "tunnel": NaN, "junction": NaN, "width": NaN, "service": NaN, "roughness": 5.0}}, {"type": "Feature", "geometry": {"type": "LineString", "coordinates": [[-57.4751195, -25.3791402], [-57.473966, -25.3815408]]}, "properties": {"osmid": "494297945", "oneway": "False", "lanes": "2", "ref": "D027", "name": "Ruta Departamental 027", "highway": "primary", "length": 291.004, "maxspeed": "40", "bridge": NaN, "access": NaN, "tunnel": NaN, "junction": NaN, "width": NaN, "service": NaN, "roughness": 5.0}}, {"type": "Feature", "geometry": {"type": "LineString", "coordinates": [[-57.473966, -25.3815408], [-57.4739367, -25.3816018]]}, "properties": {"osmid": "494297945", "oneway": "False", "lanes": "2", "ref": "D027", "name": "Ruta Departamental 027", "highway": "primary", "length": 7.394, "maxspeed": "40", "bridge": NaN, "access": NaN, "tunnel": NaN, "junction": NaN, "width": NaN, "service": NaN, "roughness": 5.0}}, {"type": "Feature", "geometry": {"type": "LineString", "coordinates": [[-57.4739367, -25.3816018], [-57.4733017, -25.3829791]]}, "properties": {"osmid": "494297945", "oneway": "False", "lanes": "2", "ref": "D027", "name": "Ruta Departamental 027", "highway": "primary", "length": 165.904, "maxspeed": "40", "bridge": NaN, "access": NaN, "tunnel": NaN, "junction": NaN, "width": NaN, "service": NaN, "roughness": 5.0}}, {"type": "Feature", "geometry": {"type": "LineString", "coordinates": [[-57.4733017, -25.3829791], [-57.4727345, -25.3841993]]}, "properties": {"osmid": "494297945", "oneway": "False", "lanes": "2", "ref": "D027", "name": "Ruta Departamental 027", "highway": "primary", "length": 147.16, "maxspeed": "40", "bridge": NaN, "access": NaN, "tunnel": NaN, "junction": NaN, "width": NaN, "service": NaN, "roughness": 5.0}}, {"type": "Feature", "geometry": {"type": "LineString", "coordinates": [[-57.4727345, -25.3841993], [-57.4726782, -25.3843042]]}, "properties": {"osmid": "494297945", "oneway": "False", "lanes": "2", "ref": "D027", "name": "Ruta Departamental 027", "highway": "primary", "length": 12.963, "maxspeed": "40", "bridge": NaN, "access": NaN, "tunnel": NaN, "junction": NaN, "width": NaN, "service": NaN, "roughness": 5.0}}, {"type": "Feature", "geometry": {"type": "LineString", "coordinates": [[-57.4726782, -25.3843042], [-57.4723285, -25.3850041]]}, "properties": {"osmid": "494297945", "oneway": "False", "lanes": "2", "ref": "D027", "name": "Ruta Departamental 027", "highway": "primary", "length": 85.387, "maxspeed": "40", "bridge": NaN, "access": NaN, "tunnel": NaN, "junction": NaN, "width": NaN, "service": NaN, "roughness": 5.0}}, {"type": "Feature", "geometry": {"type": "LineString", "coordinates": [[-57.4723285, -25.3850041], [-57.4714846, -25.3867081]]}, "properties": {"osmid": "494297945", "oneway": "False", "lanes": "2", "ref": "D027", "name": "Ruta Departamental 027", "highway": "primary", "length": 207.577, "maxspeed": "40", "bridge": NaN, "access": NaN, "tunnel": NaN, "junction": NaN, "width": NaN, "service": NaN, "roughness": 5.0}}, {"type": "Feature", "geometry": {"type": "LineString", "coordinates": [[-57.4714846, -25.3867081], [-57.4712268, -25.3872286]]}, "properties": {"osmid": "494297945", "oneway": "False", "lanes": "2", "ref": "D027", "name": "Ruta Departamental 027", "highway": "primary", "length": 63.407, "maxspeed": "40", "bridge": NaN, "access": NaN, "tunnel": NaN, "junction": NaN, "width": NaN, "service": NaN, "roughness": 5.0}}, {"type": "Feature", "geometry": {"type": "LineString", "coordinates": [[-57.4712268, -25.3872286], [-57.4709478, -25.387792]]}, "properties": {"osmid": "494297945", "oneway": "False", "lanes": "2", "ref": "D027", "name": "Ruta Departamental 027", "highway": "primary", "length": 68.631, "maxspeed": "40", "bridge": NaN, "access": NaN, "tunnel": NaN, "junction": NaN, "width": NaN, "service": NaN, "roughness": 5.0}}, {"type": "Feature", "geometry": {"type": "LineString", "coordinates": [[-57.4709478, -25.387792], [-57.4706414, -25.3884107]]}, "properties": {"osmid": "494297945", "oneway": "False", "lanes": "2", "ref": "D027", "name": "Ruta Departamental 027", "highway": "primary", "length": 75.368, "maxspeed": "40", "bridge": NaN, "access": NaN, "tunnel": NaN, "junction": NaN, "width": NaN, "service": NaN, "roughness": 5.0}}, {"type": "Feature", "geometry": {"type": "LineString", "coordinates": [[-57.4706414, -25.3884107], [-57.4702885, -25.3891233]]}, "properties": {"osmid": "494297945", "oneway": "False", "lanes": "2", "ref": "D027", "name": "Ruta Departamental 027", "highway": "primary", "length": 86.806, "maxspeed": "40", "bridge": NaN, "access": NaN, "tunnel": NaN, "junction": NaN, "width": NaN, "service": NaN, "roughness": 5.0}}, {"type": "Feature", "geometry": {"type": "LineString", "coordinates": [[-57.4702885, -25.3891233], [-57.4696909, -25.3903299]]}, "properties": {"osmid": "494297945", "oneway": "False", "lanes": "2", "ref": "D027", "name": "Ruta Departamental 027", "highway": "primary", "length": 146.986, "maxspeed": "40", "bridge": NaN, "access": NaN, "tunnel": NaN, "junction": NaN, "width": NaN, "service": NaN, "roughness": 5.0}}, {"type": "Feature", "geometry": {"type": "LineString", "coordinates": [[-57.4696909, -25.3903299], [-57.4686768, -25.3923098]]}, "properties": {"osmid": "494297945", "oneway": "False", "lanes": "2", "ref": "D027", "name": "Ruta Departamental 027", "highway": "primary", "length": 242.582, "maxspeed": "40", "bridge": NaN, "access": NaN, "tunnel": NaN, "junction": NaN, "width": NaN, "service": NaN, "roughness": 5.0}}, {"type": "Feature", "geometry": {"type": "LineString", "coordinates": [[-57.4686768, -25.3923098], [-57.4685334, -25.392598]]}, "properties": {"osmid": "300592461", "oneway": "False", "lanes": "2", "ref": "D027", "name": "Ruta Departamental 027", "highway": "primary", "length": 35.135, "maxspeed": "40", "bridge": NaN, "access": NaN, "tunnel": NaN, "junction": NaN, "width": NaN, "service": NaN, "roughness": 5.0}}, {"type": "Feature", "geometry": {"type": "LineString", "coordinates": [[-57.4685334, -25.392598], [-57.4685038, -25.3926574]]}, "properties": {"osmid": "300592461", "oneway": "False", "lanes": "2", "ref": "D027", "name": "Ruta Departamental 027", "highway": "primary", "length": 7.243, "maxspeed": "40", "bridge": NaN, "access": NaN, "tunnel": NaN, "junction": NaN, "width": NaN, "service": NaN, "roughness": 5.0}}, {"type": "Feature", "geometry": {"type": "LineString", "coordinates": [[-57.4685038, -25.3926574], [-57.4675699, -25.3944976]]}, "properties": {"osmid": "300592461", "oneway": "False", "lanes": "2", "ref": "D027", "name": "Ruta Departamental 027", "highway": "primary", "length": 225.101, "maxspeed": "40", "bridge": NaN, "access": NaN, "tunnel": NaN, "junction": NaN, "width": NaN, "service": NaN, "roughness": 5.0}}, {"type": "Feature", "geometry": {"type": "LineString", "coordinates": [[-57.4675699, -25.3944976], [-57.4666273, -25.3964246]]}, "properties": {"osmid": "300592461", "oneway": "False", "lanes": "2", "ref": "D027", "name": "Ruta Departamental 027", "highway": "primary", "length": 234.261, "maxspeed": "40", "bridge": NaN, "access": NaN, "tunnel": NaN, "junction": NaN, "width": NaN, "service": NaN, "roughness": 5.0}}, {"type": "Feature", "geometry": {"type": "LineString", "coordinates": [[-57.4666273, -25.3964246], [-57.4665905, -25.3964999]]}, "properties": {"osmid": "300592461", "oneway": "False", "lanes": "2", "ref": "D027", "name": "Ruta Departamental 027", "highway": "primary", "length": 9.153, "maxspeed": "40", "bridge": NaN, "access": NaN, "tunnel": NaN, "junction": NaN, "width": NaN, "service": NaN, "roughness": 5.0}}, {"type": "Feature", "geometry": {"type": "LineString", "coordinates": [[-57.4665905, -25.3964999], [-57.4665385, -25.3966061]]}, "properties": {"osmid": "300592461", "oneway": "False", "lanes": "2", "ref": "D027", "name": "Ruta Departamental 027", "highway": "primary", "length": 12.913, "maxspeed": "40", "bridge": NaN, "access": NaN, "tunnel": NaN, "junction": NaN, "width": NaN, "service": NaN, "roughness": 5.0}}, {"type": "Feature", "geometry": {"type": "LineString", "coordinates": [[-57.4665385, -25.3966061], [-57.4658069, -25.3980801]]}, "properties": {"osmid": "300592461", "oneway": "False", "lanes": "2", "ref": "D027", "name": "Ruta Departamental 027", "highway": "primary", "length": 179.622, "maxspeed": "40", "bridge": NaN, "access": NaN, "tunnel": NaN, "junction": NaN, "width": NaN, "service": NaN, "roughness": 5.0}}, {"type": "Feature", "geometry": {"type": "LineString", "coordinates": [[-57.4658069, -25.3980801], [-57.4651531, -25.3994573]]}, "properties": {"osmid": "300592461", "oneway": "False", "lanes": "2", "ref": "D027", "name": "Ruta Departamental 027", "highway": "primary", "length": 166.626, "maxspeed": "40", "bridge": NaN, "access": NaN, "tunnel": NaN, "junction": NaN, "width": NaN, "service": NaN, "roughness": 5.0}}, {"type": "Feature", "geometry": {"type": "LineString", "coordinates": [[-57.4651531, -25.3994573], [-57.4650881, -25.3995877]]}, "properties": {"osmid": "300592461", "oneway": "False", "lanes": "2", "ref": "D027", "name": "Ruta Departamental 027", "highway": "primary", "length": 15.902, "maxspeed": "40", "bridge": NaN, "access": NaN, "tunnel": NaN, "junction": NaN, "width": NaN, "service": NaN, "roughness": 5.0}}, {"type": "Feature", "geometry": {"type": "LineString", "coordinates": [[-57.4650881, -25.3995877], [-57.4650129, -25.3997383]]}, "properties": {"osmid": "300592461", "oneway": "False", "lanes": "2", "ref": "D027", "name": "Ruta Departamental 027", "highway": "primary", "length": 18.371, "maxspeed": "40", "bridge": NaN, "access": NaN, "tunnel": NaN, "junction": NaN, "width": NaN, "service": NaN, "roughness": 5.0}}, {"type": "Feature", "geometry": {"type": "LineString", "coordinates": [[-57.4650129, -25.3997383], [-57.464938, -25.3998886]]}, "properties": {"osmid": "300592461", "oneway": "False", "lanes": "2", "ref": "D027", "name": "Ruta Departamental 027", "highway": "primary", "length": 18.328, "maxspeed": "40", "bridge": NaN, "access": NaN, "tunnel": NaN, "junction": NaN, "width": NaN, "service": NaN, "roughness": 5.0}}, {"type": "Feature", "geometry": {"type": "LineString", "coordinates": [[-57.464938, -25.3998886], [-57.4639953, -25.4017789]]}, "properties": {"osmid": "300592461", "oneway": "False", "lanes": "2", "ref": "D027", "name": "Ruta Departamental 027", "highway": "primary", "length": 230.536, "maxspeed": "40", "bridge": NaN, "access": NaN, "tunnel": NaN, "junction": NaN, "width": NaN, "service": NaN, "roughness": 5.0}}, {"type": "Feature", "geometry": {"type": "LineString", "coordinates": [[-57.4639953, -25.4017789], [-57.4635845, -25.4026065]]}, "properties": {"osmid": "300592461", "oneway": "False", "lanes": "2", "ref": "D027", "name": "Ruta Departamental 027", "highway": "primary", "length": 100.852, "maxspeed": "40", "bridge": NaN, "access": NaN, "tunnel": NaN, "junction": NaN, "width": NaN, "service": NaN, "roughness": 5.0}}, {"type": "Feature", "geometry": {"type": "LineString", "coordinates": [[-57.4635845, -25.4026065], [-57.4635809, -25.402614]]}, "properties": {"osmid": "300592461", "oneway": "False", "lanes": "2", "ref": "D027", "name": "Ruta Departamental 027", "highway": "primary", "length": 0.909, "maxspeed": "40", "bridge": NaN, "access": NaN, "tunnel": NaN, "junction": NaN, "width": NaN, "service": NaN, "roughness": 5.0}}, {"type": "Feature", "geometry": {"type": "LineString", "coordinates": [[-57.4635809, -25.402614], [-57.4634945, -25.4027958]]}, "properties": {"osmid": "300592461", "oneway": "False", "lanes": "2", "ref": "D027", "name": "Ruta Departamental 027", "highway": "primary", "length": 21.999, "maxspeed": "40", "bridge": NaN, "access": NaN, "tunnel": NaN, "junction": NaN, "width": NaN, "service": NaN, "roughness": 5.0}}, {"type": "Feature", "geometry": {"type": "LineString", "coordinates": [[-57.4634945, -25.4027958], [-57.4634772, -25.4028325]]}, "properties": {"osmid": "300592461", "oneway": "False", "lanes": "2", "ref": "D027", "name": "Ruta Departamental 027", "highway": "primary", "length": 4.435, "maxspeed": "40", "bridge": NaN, "access": NaN, "tunnel": NaN, "junction": NaN, "width": NaN, "service": NaN, "roughness": 5.0}}, {"type": "Feature", "geometry": {"type": "LineString", "coordinates": [[-57.4634772, -25.4028325], [-57.4626582, -25.4044598]]}, "properties": {"osmid": "300592461", "oneway": "False", "lanes": "2", "ref": "D027", "name": "Ruta Departamental 027", "highway": "primary", "length": 198.77, "maxspeed": "40", "bridge": NaN, "access": NaN, "tunnel": NaN, "junction": NaN, "width": NaN, "service": NaN, "roughness": 5.0}}, {"type": "Feature", "geometry": {"type": "LineString", "coordinates": [[-57.4626582, -25.4044598], [-57.462636, -25.4045043]]}, "properties": {"osmid": "300592461", "oneway": "False", "lanes": "2", "ref": "D027", "name": "Ruta Departamental 027", "highway": "primary", "length": 5.427, "maxspeed": "40", "bridge": NaN, "access": NaN, "tunnel": NaN, "junction": NaN, "width": NaN, "service": NaN, "roughness": 5.0}}, {"type": "Feature", "geometry": {"type": "LineString", "coordinates": [[-57.462636, -25.4045043], [-57.4618726, -25.406035]]}, "properties": {"osmid": "300592461", "oneway": "False", "lanes": "2", "ref": "D027", "name": "Ruta Departamental 027", "highway": "primary", "length": 186.681, "maxspeed": "40", "bridge": NaN, "access": NaN, "tunnel": NaN, "junction": NaN, "width": NaN, "service": NaN, "roughness": 5.0}}, {"type": "Feature", "geometry": {"type": "LineString", "coordinates": [[-57.4618726, -25.406035], [-57.4617013, -25.4063785]]}, "properties": {"osmid": "300592461", "oneway": "False", "lanes": "2", "ref": "D027", "name": "Ruta Departamental 027", "highway": "primary", "length": 41.892, "maxspeed": "40", "bridge": NaN, "access": NaN, "tunnel": NaN, "junction": NaN, "width": NaN, "service": NaN, "roughness": 5.0}}, {"type": "Feature", "geometry": {"type": "LineString", "coordinates": [[-57.4617013, -25.4063785], [-57.4616899, -25.4064014]]}, "properties": {"osmid": "300592461", "oneway": "False", "lanes": "2", "ref": "D027", "name": "Ruta Departamental 027", "highway": "primary", "length": 2.792, "maxspeed": "40", "bridge": NaN, "access": NaN, "tunnel": NaN, "junction": NaN, "width": NaN, "service": NaN, "roughness": 5.0}}, {"type": "Feature", "geometry": {"type": "LineString", "coordinates": [[-57.4616899, -25.4064014], [-57.4608819, -25.4080215]]}, "properties": {"osmid": "300592461", "oneway": "False", "lanes": "2", "ref": "D027", "name": "Ruta Departamental 027", "highway": "primary", "length": 197.584, "maxspeed": "40", "bridge": NaN, "access": NaN, "tunnel": NaN, "junction": NaN, "width": NaN, "service": NaN, "roughness": 5.0}}, {"type": "Feature", "geometry": {"type": "LineString", "coordinates": [[-57.4608819, -25.4080215], [-57.4606936, -25.4083991]]}, "properties": {"osmid": "300592461", "oneway": "False", "lanes": "2", "ref": "D027", "name": "Ruta Departamental 027", "highway": "primary", "length": 46.05, "maxspeed": "40", "bridge": NaN, "access": NaN, "tunnel": NaN, "junction": NaN, "width": NaN, "service": NaN, "roughness": 5.0}}, {"type": "Feature", "geometry": {"type": "LineString", "coordinates": [[-57.4606936, -25.4083991], [-57.4602571, -25.4092742]]}, "properties": {"osmid": "300592461", "oneway": "False", "lanes": "2", "ref": "D027", "name": "Ruta Departamental 027", "highway": "primary", "length": 106.727, "maxspeed": "40", "bridge": NaN, "access": NaN, "tunnel": NaN, "junction": NaN, "width": NaN, "service": NaN, "roughness": 5.0}}, {"type": "Feature", "geometry": {"type": "LineString", "coordinates": [[-57.4602571, -25.4092742], [-57.4601119, -25.4095653]]}, "properties": {"osmid": "300592461", "oneway": "False", "lanes": "2", "ref": "D027", "name": "Ruta Departamental 027", "highway": "primary", "length": 35.503, "maxspeed": "40", "bridge": NaN, "access": NaN, "tunnel": NaN, "junction": NaN, "width": NaN, "service": NaN, "roughness": 5.0}}, {"type": "Feature", "geometry": {"type": "LineString", "coordinates": [[-57.4601119, -25.4095653], [-57.4593903, -25.4110123]]}, "properties": {"osmid": "300592461", "oneway": "False", "lanes": "2", "ref": "D027", "name": "Ruta Departamental 027", "highway": "primary", "length": 176.469, "maxspeed": "40", "bridge": NaN, "access": NaN, "tunnel": NaN, "junction": NaN, "width": NaN, "service": NaN, "roughness": 5.0}}, {"type": "Feature", "geometry": {"type": "LineString", "coordinates": [[-57.4593903, -25.4110123], [-57.4591494, -25.4114954]]}, "properties": {"osmid": "300592461", "oneway": "False", "lanes": "2", "ref": "D027", "name": "Ruta Departamental 027", "highway": "primary", "length": 58.916, "maxspeed": "40", "bridge": NaN, "access": NaN, "tunnel": NaN, "junction": NaN, "width": NaN, "service": NaN, "roughness": 5.0}}, {"type": "Feature", "geometry": {"type": "LineString", "coordinates": [[-57.4591494, -25.4114954], [-57.4588848, -25.4120258]]}, "properties": {"osmid": "300592461", "oneway": "False", "lanes": "2", "ref": "D027", "name": "Ruta Departamental 027", "highway": "primary", "length": 64.689, "maxspeed": "40", "bridge": NaN, "access": NaN, "tunnel": NaN, "junction": NaN, "width": NaN, "service": NaN, "roughness": 5.0}}, {"type": "Feature", "geometry": {"type": "LineString", "coordinates": [[-57.4588848, -25.4120258], [-57.4587268, -25.4123363]]}, "properties": {"osmid": "300592461", "oneway": "False", "lanes": "2", "ref": "D027", "name": "Ruta Departamental 027", "highway": "primary", "length": 37.998, "maxspeed": "40", "bridge": NaN, "access": NaN, "tunnel": NaN, "junction": NaN, "width": NaN, "service": NaN, "roughness": 5.0}}, {"type": "Feature", "geometry": {"type": "LineString", "coordinates": [[-57.4587268, -25.4123363], [-57.4585382, -25.4127071]]}, "properties": {"osmid": "300592461", "oneway": "False", "lanes": "2", "ref": "D027", "name": "Ruta Departamental 027", "highway": "primary", "length": 45.374, "maxspeed": "40", "bridge": NaN, "access": NaN, "tunnel": NaN, "junction": NaN, "width": NaN, "service": NaN, "roughness": 5.0}}, {"type": "Feature", "geometry": {"type": "LineString", "coordinates": [[-57.4585382, -25.4127071], [-57.4580784, -25.4136108]]}, "properties": {"osmid": "300592461", "oneway": "False", "lanes": "2", "ref": "D027", "name": "Ruta Departamental 027", "highway": "primary", "length": 110.59, "maxspeed": "40", "bridge": NaN, "access": NaN, "tunnel": NaN, "junction": NaN, "width": NaN, "service": NaN, "roughness": 5.0}}, {"type": "Feature", "geometry": {"type": "LineString", "coordinates": [[-57.4580784, -25.4136108], [-57.4571917, -25.4154204]]}, "properties": {"osmid": "300592461", "oneway": "False", "lanes": "2", "ref": "D027", "name": "Ruta Departamental 027", "highway": "primary", "length": 220.045, "maxspeed": "40", "bridge": NaN, "access": NaN, "tunnel": NaN, "junction": NaN, "width": NaN, "service": NaN, "roughness": 5.0}}, {"type": "Feature", "geometry": {"type": "LineString", "coordinates": [[-57.4571917, -25.4154204], [-57.4569275, -25.4159501]]}, "properties": {"osmid": "300592461", "oneway": "False", "lanes": "2", "ref": "D027", "name": "Ruta Departamental 027", "highway": "primary", "length": 64.601, "maxspeed": "40", "bridge": NaN, "access": NaN, "tunnel": NaN, "junction": NaN, "width": NaN, "service": NaN, "roughness": 5.0}}, {"type": "Feature", "geometry": {"type": "LineString", "coordinates": [[-57.4569275, -25.4159501], [-57.4567786, -25.4162486]]}, "properties": {"osmid": "300592461", "oneway": "False", "lanes": "2", "ref": "D027", "name": "Ruta Departamental 027", "highway": "primary", "length": 36.405, "maxspeed": "40", "bridge": NaN, "access": NaN, "tunnel": NaN, "junction": NaN, "width": NaN, "service": NaN, "roughness": 5.0}}, {"type": "Feature", "geometry": {"type": "LineString", "coordinates": [[-57.4567786, -25.4162486], [-57.4560793, -25.4176507]]}, "properties": {"osmid": "300592461", "oneway": "False", "lanes": "2", "ref": "D027", "name": "Ruta Departamental 027", "highway": "primary", "length": 170.995, "maxspeed": "40", "bridge": NaN, "access": NaN, "tunnel": NaN, "junction": NaN, "width": NaN, "service": NaN, "roughness": 5.0}}, {"type": "Feature", "geometry": {"type": "LineString", "coordinates": [[-57.4560793, -25.4176507], [-57.4557615, -25.4182876]]}, "properties": {"osmid": "300592461", "oneway": "False", "lanes": "2", "ref": "D027", "name": "Ruta Departamental 027", "highway": "primary", "length": 77.68, "maxspeed": "40", "bridge": NaN, "access": NaN, "tunnel": NaN, "junction": NaN, "width": NaN, "service": NaN, "roughness": 5.0}}, {"type": "Feature", "geometry": {"type": "LineString", "coordinates": [[-57.4557615, -25.4182876], [-57.4555077, -25.4187961]]}, "properties": {"osmid": "888827401", "oneway": "False", "lanes": "2", "ref": "D027", "name": "Ruta Departamental 027", "highway": "primary", "length": 62.022, "maxspeed": "40", "bridge": NaN, "access": NaN, "tunnel": NaN, "junction": NaN, "width": NaN, "service": NaN, "roughness": 5.0}}, {"type": "Feature", "geometry": {"type": "LineString", "coordinates": [[-57.4555077, -25.4187961], [-57.4549959, -25.4198211]]}, "properties": {"osmid": "443657026", "oneway": "False", "lanes": "2", "ref": "D027", "name": "Ruta Departamental 027", "highway": "primary", "length": 125.029, "maxspeed": "40", "bridge": NaN, "access": NaN, "tunnel": NaN, "junction": NaN, "width": NaN, "service": NaN, "roughness": 5.0}}, {"type": "Feature", "geometry": {"type": "LineString", "coordinates": [[-57.4549959, -25.4198211], [-57.4548624, -25.4200885]]}, "properties": {"osmid": "443657026", "oneway": "False", "lanes": "2", "ref": "D027", "name": "Ruta Departamental 027", "highway": "primary", "length": 32.617, "maxspeed": "40", "bridge": NaN, "access": NaN, "tunnel": NaN, "junction": NaN, "width": NaN, "service": NaN, "roughness": 5.0}}, {"type": "Feature", "geometry": {"type": "LineString", "coordinates": [[-57.4548624, -25.4200885], [-57.4547453, -25.420428]]}, "properties": {"osmid": "268561181", "oneway": "True", "lanes": "2", "ref": "D027", "name": "Ruta Departamental 027", "highway": "primary", "length": 39.54, "maxspeed": "40", "bridge": NaN, "access": NaN, "tunnel": NaN, "junction": NaN, "width": NaN, "service": NaN, "roughness": 5.0}}, {"type": "Feature", "geometry": {"type": "LineString", "coordinates": [[-57.4547453, -25.420428], [-57.4545538, -25.4208631]]}, "properties": {"osmid": "268561181", "oneway": "True", "lanes": "2", "ref": "D027", "name": "Ruta Departamental 027", "highway": "primary", "length": 52.063, "maxspeed": "40", "bridge": NaN, "access": NaN, "tunnel": NaN, "junction": NaN, "width": NaN, "service": NaN, "roughness": 5.0}}, {"type": "Feature", "geometry": {"type": "LineString", "coordinates": [[-57.4545538, -25.4208631], [-57.4545274, -25.4209198]]}, "properties": {"osmid": "268561181", "oneway": "True", "lanes": "2", "ref": "D027", "name": "Ruta Departamental 027", "highway": "primary", "length": 6.84, "maxspeed": "40", "bridge": NaN, "access": NaN, "tunnel": NaN, "junction": NaN, "width": NaN, "service": NaN, "roughness": 5.0}}, {"type": "Feature", "geometry": {"type": "LineString", "coordinates": [[-57.4545274, -25.4209198], [-57.4543101, -25.4213299]]}, "properties": {"osmid": "268561181", "oneway": "True", "lanes": "2", "ref": "D027", "name": "Ruta Departamental 027", "highway": "primary", "length": 50.554, "maxspeed": "40", "bridge": NaN, "access": NaN, "tunnel": NaN, "junction": NaN, "width": NaN, "service": NaN, "roughness": 5.0}}, {"type": "Feature", "geometry": {"type": "LineString", "coordinates": [[-57.4543101, -25.4213299], [-57.4540964, -25.421656]]}, "properties": {"osmid": "268561181", "oneway": "True", "lanes": "2", "ref": "D027", "name": "Ruta Departamental 027", "highway": "primary", "length": 42.136, "maxspeed": "40", "bridge": NaN, "access": NaN, "tunnel": NaN, "junction": NaN, "width": NaN, "service": NaN, "roughness": 5.0}}, {"type": "Feature", "geometry": {"type": "LineString", "coordinates": [[-57.4540964, -25.421656], [-57.4540346, -25.4217821]]}, "properties": {"osmid": "268561194", "oneway": "False", "lanes": "2", "ref": "D027", "name": "Ruta Departamental 027", "highway": "primary", "length": 15.334, "maxspeed": "40", "bridge": NaN, "access": NaN, "tunnel": NaN, "junction": NaN, "width": NaN, "service": NaN, "roughness": 5.0}}, {"type": "Feature", "geometry": {"type": "LineString", "coordinates": [[-57.4540346, -25.4217821], [-57.453755, -25.422353]]}, "properties": {"osmid": "268561194", "oneway": "False", "lanes": "2", "ref": "D027", "name": "Ruta Departamental 027", "highway": "primary", "length": 69.414, "maxspeed": "40", "bridge": NaN, "access": NaN, "tunnel": NaN, "junction": NaN, "width": NaN, "service": NaN, "roughness": 5.0}}, {"type": "Feature", "geometry": {"type": "LineString", "coordinates": [[-57.453755, -25.422353], [-57.4534422, -25.4229916]]}, "properties": {"osmid": "268561194", "oneway": "False", "lanes": "2", "ref": "D027", "name": "Ruta Departamental 027", "highway": "primary", "length": 77.647, "maxspeed": "40", "bridge": NaN, "access": NaN, "tunnel": NaN, "junction": NaN, "width": NaN, "service": NaN, "roughness": 5.0}}, {"type": "Feature", "geometry": {"type": "LineString", "coordinates": [[-57.4534422, -25.4229916], [-57.4528922, -25.4241145]]}, "properties": {"osmid": "268561194", "oneway": "False", "lanes": "2", "ref": "D027", "name": "Ruta Departamental 027", "highway": "primary", "length": 136.533, "maxspeed": "40", "bridge": NaN, "access": NaN, "tunnel": NaN, "junction": NaN, "width": NaN, "service": NaN, "roughness": 5.0}}, {"type": "Feature", "geometry": {"type": "LineString", "coordinates": [[-57.4528922, -25.4241145], [-57.4524359, -25.4250462]]}, "properties": {"osmid": "268561194", "oneway": "False", "lanes": "2", "ref": "D027", "name": "Ruta Departamental 027", "highway": "primary", "length": 113.283, "maxspeed": "40", "bridge": NaN, "access": NaN, "tunnel": NaN, "junction": NaN, "width": NaN, "service": NaN, "roughness": 5.0}}, {"type": "Feature", "geometry": {"type": "LineString", "coordinates": [[-57.4524359, -25.4250462], [-57.452124, -25.4256831]]}, "properties": {"osmid": "268561194", "oneway": "False", "lanes": "2", "ref": "D027", "name": "Ruta Departamental 027", "highway": "primary", "length": 77.438, "maxspeed": "40", "bridge": NaN, "access": NaN, "tunnel": NaN, "junction": NaN, "width": NaN, "service": NaN, "roughness": 5.0}}, {"type": "Feature", "geometry": {"type": "LineString", "coordinates": [[-57.452124, -25.4256831], [-57.4519932, -25.4259501]]}, "properties": {"osmid": "268561194", "oneway": "False", "lanes": "2", "ref": "D027", "name": "Ruta Departamental 027", "highway": "primary", "length": 32.465, "maxspeed": "40", "bridge": NaN, "access": NaN, "tunnel": NaN, "junction": NaN, "width": NaN, "service": NaN, "roughness": 5.0}}, {"type": "Feature", "geometry": {"type": "LineString", "coordinates": [[-57.4519932, -25.4259501], [-57.4518594, -25.4262233]]}, "properties": {"osmid": "268561194", "oneway": "False", "lanes": "2", "ref": "D027", "name": "Ruta Departamental 027", "highway": "primary", "length": 33.217, "maxspeed": "40", "bridge": NaN, "access": NaN, "tunnel": NaN, "junction": NaN, "width": NaN, "service": NaN, "roughness": 5.0}}, {"type": "Feature", "geometry": {"type": "LineString", "coordinates": [[-57.4518594, -25.4262233], [-57.4510222, -25.4279603]]}, "properties": {"osmid": "268561194", "oneway": "False", "lanes": "2", "ref": "D027", "name": "Ruta Departamental 027", "highway": "primary", "length": 210.651, "maxspeed": "40", "bridge": NaN, "access": NaN, "tunnel": NaN, "junction": NaN, "width": NaN, "service": NaN, "roughness": 5.0}}, {"type": "Feature", "geometry": {"type": "LineString", "coordinates": [[-57.4510222, -25.4279603], [-57.4498079, -25.4304298]]}, "properties": {"osmid": "268561194", "oneway": "False", "lanes": "2", "ref": "D027", "name": "Ruta Departamental 027", "highway": "primary", "length": 300.455, "maxspeed": "40", "bridge": NaN, "access": NaN, "tunnel": NaN, "junction": NaN, "width": NaN, "service": NaN, "roughness": 5.0}}, {"type": "Feature", "geometry": {"type": "LineString", "coordinates": [[-57.4498079, -25.4304298], [-57.4492401, -25.4315832]]}, "properties": {"osmid": "268561194", "oneway": "False", "lanes": "2", "ref": "D027", "name": "Ruta Departamental 027", "highway": "primary", "length": 140.356, "maxspeed": "40", "bridge": NaN, "access": NaN, "tunnel": NaN, "junction": NaN, "width": NaN, "service": NaN, "roughness": 5.0}}, {"type": "Feature", "geometry": {"type": "LineString", "coordinates": [[-57.4492401, -25.4315832], [-57.44818, -25.4334391]]}, "properties": {"osmid": "268561194", "oneway": "False", "lanes": "2", "ref": "D027", "name": "Ruta Departamental 027", "highway": "primary", "length": 232.207, "maxspeed": "40", "bridge": NaN, "access": NaN, "tunnel": NaN, "junction": NaN, "width": NaN, "service": NaN, "roughness": 5.0}}, {"type": "Feature", "geometry": {"type": "LineString", "coordinates": [[-57.44818, -25.4334391], [-57.4473986, -25.434807]]}, "properties": {"osmid": "268561194", "oneway": "False", "lanes": "2", "ref": "D027", "name": "Ruta Departamental 027", "highway": "primary", "length": 171.151, "maxspeed": "40", "bridge": NaN, "access": NaN, "tunnel": NaN, "junction": NaN, "width": NaN, "service": NaN, "roughness": 5.0}}, {"type": "Feature", "geometry": {"type": "LineString", "coordinates": [[-57.4473986, -25.434807], [-57.4465367, -25.4362712]]}, "properties": {"osmid": "268561194", "oneway": "False", "lanes": "2", "ref": "D027", "name": "Ruta Departamental 027", "highway": "primary", "length": 184.387, "maxspeed": "40", "bridge": NaN, "access": NaN, "tunnel": NaN, "junction": NaN, "width": NaN, "service": NaN, "roughness": 5.0}}, {"type": "Feature", "geometry": {"type": "LineString", "coordinates": [[-57.4465367, -25.4362712], [-57.4461821, -25.4368124]]}, "properties": {"osmid": "268561194", "oneway": "False", "lanes": "2", "ref": "D027", "name": "Ruta Departamental 027", "highway": "primary", "length": 69.924, "maxspeed": "40", "bridge": NaN, "access": NaN, "tunnel": NaN, "junction": NaN, "width": NaN, "service": NaN, "roughness": 5.0}}, {"type": "Feature", "geometry": {"type": "LineString", "coordinates": [[-57.4461821, -25.4368124], [-57.4457672, -25.4373845]]}, "properties": {"osmid": "268561194", "oneway": "False", "lanes": "2", "ref": "D027", "name": "Ruta Departamental 027", "highway": "primary", "length": 76.043, "maxspeed": "40", "bridge": NaN, "access": NaN, "tunnel": NaN, "junction": NaN, "width": NaN, "service": NaN, "roughness": 5.0}}, {"type": "Feature", "geometry": {"type": "LineString", "coordinates": [[-57.4457672, -25.4373845], [-57.4449747, -25.4384068]]}, "properties": {"osmid": "268561194", "oneway": "False", "lanes": "2", "ref": "D027", "name": "Ruta Departamental 027", "highway": "primary", "length": 138.761, "maxspeed": "40", "bridge": NaN, "access": NaN, "tunnel": NaN, "junction": NaN, "width": NaN, "service": NaN, "roughness": 5.0}}, {"type": "Feature", "geometry": {"type": "LineString", "coordinates": [[-57.4449747, -25.4384068], [-57.4427495, -25.4412747]]}, "properties": {"osmid": "268561194", "oneway": "False", "lanes": "2", "ref": "D027", "name": "Ruta Departamental 027", "highway": "primary", "length": 389.384, "maxspeed": "40", "bridge": NaN, "access": NaN, "tunnel": NaN, "junction": NaN, "width": NaN, "service": NaN, "roughness": 5.0}}, {"type": "Feature", "geometry": {"type": "LineString", "coordinates": [[-57.4427495, -25.4412747], [-57.442177, -25.4419851]]}, "properties": {"osmid": "268561194", "oneway": "False", "lanes": "2", "ref": "D027", "name": "Ruta Departamental 027", "highway": "primary", "length": 97.696, "maxspeed": "40", "bridge": NaN, "access": NaN, "tunnel": NaN, "junction": NaN, "width": NaN, "service": NaN, "roughness": 5.0}}, {"type": "Feature", "geometry": {"type": "LineString", "coordinates": [[-57.442177, -25.4419851], [-57.4417225, -25.4425801]]}, "properties": {"osmid": "268561194", "oneway": "False", "lanes": "2", "ref": "D027", "name": "Ruta Departamental 027", "highway": "primary", "length": 80.374, "maxspeed": "40", "bridge": NaN, "access": NaN, "tunnel": NaN, "junction": NaN, "width": NaN, "service": NaN, "roughness": 5.0}}, {"type": "Feature", "geometry": {"type": "LineString", "coordinates": [[-57.4417225, -25.4425801], [-57.4416094, -25.4427245]]}, "properties": {"osmid": "268561194", "oneway": "False", "lanes": "2", "ref": "D027", "name": "Ruta Departamental 027", "highway": "primary", "length": 19.667, "maxspeed": "40", "bridge": NaN, "access": NaN, "tunnel": NaN, "junction": NaN, "width": NaN, "service": NaN, "roughness": 5.0}}, {"type": "Feature", "geometry": {"type": "LineString", "coordinates": [[-57.4416094, -25.4427245], [-57.441177, -25.4432805]]}, "properties": {"osmid": "268561194", "oneway": "False", "lanes": "2", "ref": "D027", "name": "Ruta Departamental 027", "highway": "primary", "length": 75.547, "maxspeed": "40", "bridge": NaN, "access": NaN, "tunnel": NaN, "junction": NaN, "width": NaN, "service": NaN, "roughness": 5.0}}, {"type": "Feature", "geometry": {"type": "LineString", "coordinates": [[-57.441177, -25.4432805], [-57.4399318, -25.4449099]]}, "properties": {"osmid": "268561194", "oneway": "False", "lanes": "2", "ref": "D027", "name": "Ruta Departamental 027", "highway": "primary", "length": 220.134, "maxspeed": "40", "bridge": NaN, "access": NaN, "tunnel": NaN, "junction": NaN, "width": NaN, "service": NaN, "roughness": 5.0}}, {"type": "Feature", "geometry": {"type": "LineString", "coordinates": [[-57.4399318, -25.4449099], [-57.4390753, -25.4460607]]}, "properties": {"osmid": "268561194", "oneway": "False", "lanes": "2", "ref": "D027", "name": "Ruta Departamental 027", "highway": "primary", "length": 154.177, "maxspeed": "40", "bridge": NaN, "access": NaN, "tunnel": NaN, "junction": NaN, "width": NaN, "service": NaN, "roughness": 5.0}}, {"type": "Feature", "geometry": {"type": "LineString", "coordinates": [[-57.4390753, -25.4460607], [-57.4384205, -25.4468909]]}, "properties": {"osmid": "268561194", "oneway": "False", "lanes": "2", "ref": "D027", "name": "Ruta Departamental 027", "highway": "primary", "length": 113.334, "maxspeed": "40", "bridge": NaN, "access": NaN, "tunnel": NaN, "junction": NaN, "width": NaN, "service": NaN, "roughness": 5.0}}, {"type": "Feature", "geometry": {"type": "LineString", "coordinates": [[-57.4384205, -25.4468909], [-57.4386042, -25.4476422]]}, "properties": {"osmid": "33452027", "oneway": "False", "lanes": "2", "ref": "D071", "name": "Avenida Arsenio Vaesken", "highway": "primary", "length": 85.553, "maxspeed": "50", "bridge": NaN, "access": NaN, "tunnel": NaN, "junction": NaN, "width": NaN, "service": NaN, "roughness": 5.0}}, {"type": "Feature", "geometry": {"type": "LineString", "coordinates": [[-57.4386042, -25.4476422], [-57.4388546, -25.4488011]]}, "properties": {"osmid": "33452027", "oneway": "False", "lanes": "2", "ref": "D071", "name": "Avenida Arsenio Vaesken", "highway": "primary", "length": 131.294, "maxspeed": "50", "bridge": NaN, "access": NaN, "tunnel": NaN, "junction": NaN, "width": NaN, "service": NaN, "roughness": 5.0}}, {"type": "Feature", "geometry": {"type": "LineString", "coordinates": [[-57.4388546, -25.4488011], [-57.4389463, -25.4492782]]}, "properties": {"osmid": "33452027", "oneway": "False", "lanes": "2", "ref": "D071", "name": "Avenida Arsenio Vaesken", "highway": "primary", "length": 53.844, "maxspeed": "50", "bridge": NaN, "access": NaN, "tunnel": NaN, "junction": NaN, "width": NaN, "service": NaN, "roughness": 5.0}}, {"type": "Feature", "geometry": {"type": "LineString", "coordinates": [[-57.4389463, -25.4492782], [-57.4389863, -25.4499234]]}, "properties": {"osmid": "33452027", "oneway": "False", "lanes": "2", "ref": "D071", "name": "Avenida Arsenio Vaesken", "highway": "primary", "length": 71.855, "maxspeed": "50", "bridge": NaN, "access": NaN, "tunnel": NaN, "junction": NaN, "width": NaN, "service": NaN, "roughness": 5.0}}, {"type": "Feature", "geometry": {"type": "LineString", "coordinates": [[-57.4389863, -25.4499234], [-57.4390585, -25.4505725]]}, "properties": {"osmid": "33452027", "oneway": "False", "lanes": "2", "ref": "D071", "name": "Avenida Arsenio Vaesken", "highway": "primary", "length": 72.54, "maxspeed": "50", "bridge": NaN, "access": NaN, "tunnel": NaN, "junction": NaN, "width": NaN, "service": NaN, "roughness": 5.0}}, {"type": "Feature", "geometry": {"type": "LineString", "coordinates": [[-57.4390585, -25.4505725], [-57.4390902, -25.4513297]]}, "properties": {"osmid": "33452027", "oneway": "False", "lanes": "2", "ref": "D071", "name": "Avenida Arsenio Vaesken", "highway": "primary", "length": 84.257, "maxspeed": "50", "bridge": NaN, "access": NaN, "tunnel": NaN, "junction": NaN, "width": NaN, "service": NaN, "roughness": 5.0}}, {"type": "Feature", "geometry": {"type": "LineString", "coordinates": [[-57.4390902, -25.4513297], [-57.4390995, -25.4515519]]}, "properties": {"osmid": "33452027", "oneway": "False", "lanes": "2", "ref": "D071", "name": "Avenida Arsenio Vaesken", "highway": "primary", "length": 24.725, "maxspeed": "50", "bridge": NaN, "access": NaN, "tunnel": NaN, "junction": NaN, "width": NaN, "service": NaN, "roughness": 5.0}}, {"type": "Feature", "geometry": {"type": "LineString", "coordinates": [[-57.4390995, -25.4515519], [-57.4391313, -25.4523128]]}, "properties": {"osmid": "33452027", "oneway": "False", "lanes": "2", "ref": "D071", "name": "Avenida Arsenio Vaesken", "highway": "primary", "length": 84.669, "maxspeed": "50", "bridge": NaN, "access": NaN, "tunnel": NaN, "junction": NaN, "width": NaN, "service": NaN, "roughness": 5.0}}, {"type": "Feature", "geometry": {"type": "LineString", "coordinates": [[-57.4391313, -25.4523128], [-57.4391726, -25.4533013]]}, "properties": {"osmid": "33452027", "oneway": "False", "lanes": "2", "ref": "D071", "name": "Avenida Arsenio Vaesken", "highway": "primary", "length": 109.995, "maxspeed": "50", "bridge": NaN, "access": NaN, "tunnel": NaN, "junction": NaN, "width": NaN, "service": NaN, "roughness": 5.0}}, {"type": "Feature", "geometry": {"type": "LineString", "coordinates": [[-57.4391726, -25.4533013], [-57.4392024, -25.4540129]]}, "properties": {"osmid": "33452027", "oneway": "False", "lanes": "2", "ref": "D071", "name": "Avenida Arsenio Vaesken", "highway": "primary", "length": 79.183, "maxspeed": "50", "bridge": NaN, "access": NaN, "tunnel": NaN, "junction": NaN, "width": NaN, "service": NaN, "roughness": 5.0}}, {"type": "Feature", "geometry": {"type": "LineString", "coordinates": [[-57.4392024, -25.4540129], [-57.4392593, -25.4547498]]}, "properties": {"osmid": "33452027", "oneway": "False", "lanes": "2", "ref": "D071", "name": "Avenida Arsenio Vaesken", "highway": "primary", "length": 82.139, "maxspeed": "50", "bridge": NaN, "access": NaN, "tunnel": NaN, "junction": NaN, "width": NaN, "service": NaN, "roughness": 5.0}}, {"type": "Feature", "geometry": {"type": "LineString", "coordinates": [[-57.4392593, -25.4547498], [-57.4392751, -25.4554298]]}, "properties": {"osmid": "33452027", "oneway": "False", "lanes": "2", "ref": "D071", "name": "Avenida Arsenio Vaesken", "highway": "primary", "length": 75.629, "maxspeed": "50", "bridge": NaN, "access": NaN, "tunnel": NaN, "junction": NaN, "width": NaN, "service": NaN, "roughness": 5.0}}, {"type": "Feature", "geometry": {"type": "LineString", "coordinates": [[-57.4392751, -25.4554298], [-57.4393254, -25.4562226]]}, "properties": {"osmid": "33452027", "oneway": "False", "lanes": "2", "ref": "D071", "name": "Avenida Arsenio Vaesken", "highway": "primary", "length": 88.3, "maxspeed": "50", "bridge": NaN, "access": NaN, "tunnel": NaN, "junction": NaN, "width": NaN, "service": NaN, "roughness": 5.0}}, {"type": "Feature", "geometry": {"type": "LineString", "coordinates": [[-57.4393254, -25.4562226], [-57.4393714, -25.4569489]]}, "properties": {"osmid": "33452027", "oneway": "False", "lanes": "2", "ref": "D071", "name": "Avenida Arsenio Vaesken", "highway": "primary", "length": 80.893, "maxspeed": "50", "bridge": NaN, "access": NaN, "tunnel": NaN, "junction": NaN, "width": NaN, "service": NaN, "roughness": 5.0}}, {"type": "Feature", "geometry": {"type": "LineString", "coordinates": [[-57.4393714, -25.4569489], [-57.4394084, -25.4575312]]}, "properties": {"osmid": "33452027", "oneway": "False", "lanes": "2", "ref": "D071", "name": "Avenida Arsenio Vaesken", "highway": "primary", "length": 64.855, "maxspeed": "50", "bridge": NaN, "access": NaN, "tunnel": NaN, "junction": NaN, "width": NaN, "service": NaN, "roughness": 5.0}}, {"type": "Feature", "geometry": {"type": "LineString", "coordinates": [[-57.4394084, -25.4575312], [-57.4394763, -25.4586027]]}, "properties": {"osmid": "33452027", "oneway": "False", "lanes": "2", "ref": "D071", "name": "Avenida Arsenio Vaesken", "highway": "primary", "length": 119.34, "maxspeed": "50", "bridge": NaN, "access": NaN, "tunnel": NaN, "junction": NaN, "width": NaN, "service": NaN, "roughness": 5.0}}, {"type": "Feature", "geometry": {"type": "LineString", "coordinates": [[-57.4394763, -25.4586027], [-57.4394792, -25.4598822]]}, "properties": {"osmid": "33452027", "oneway": "False", "lanes": "2", "ref": "D071", "name": "Avenida Arsenio Vaesken", "highway": "primary", "length": 142.274, "maxspeed": "50", "bridge": NaN, "access": NaN, "tunnel": NaN, "junction": NaN, "width": NaN, "service": NaN, "roughness": 5.0}}, {"type": "Feature", "geometry": {"type": "LineString", "coordinates": [[-57.4394792, -25.4598822], [-57.4394835, -25.459989]]}, "properties": {"osmid": "681936916", "oneway": "False", "lanes": "2", "ref": "D071", "name": "Avenida Teniente Nicasio Insaurralde", "highway": "primary", "length": 11.883, "maxspeed": "50", "bridge": NaN, "access": NaN, "tunnel": NaN, "junction": NaN, "width": NaN, "service": NaN, "roughness": 5.0}}, {"type": "Feature", "geometry": {"type": "LineString", "coordinates": [[-57.4394835, -25.459989], [-57.4394947, -25.460456]]}, "properties": {"osmid": "681936916", "oneway": "False", "lanes": "2", "ref": "D071", "name": "Avenida Teniente Nicasio Insaurralde", "highway": "primary", "length": 51.94, "maxspeed": "50", "bridge": NaN, "access": NaN, "tunnel": NaN, "junction": NaN, "width": NaN, "service": NaN, "roughness": 5.0}}, {"type": "Feature", "geometry": {"type": "LineString", "coordinates": [[-57.4394947, -25.460456], [-57.4394174, -25.4625165]]}, "properties": {"osmid": "681936916", "oneway": "False", "lanes": "2", "ref": "D071", "name": "Avenida Teniente Nicasio Insaurralde", "highway": "primary", "length": 229.249, "maxspeed": "50", "bridge": NaN, "access": NaN, "tunnel": NaN, "junction": NaN, "width": NaN, "service": NaN, "roughness": 5.0}}, {"type": "Feature", "geometry": {"type": "LineString", "coordinates": [[-57.4394174, -25.4625165], [-57.439438, -25.4628728]]}, "properties": {"osmid": "681936916", "oneway": "False", "lanes": "2", "ref": "D071", "name": "Avenida Teniente Nicasio Insaurralde", "highway": "primary", "length": 39.673, "maxspeed": "50", "bridge": NaN, "access": NaN, "tunnel": NaN, "junction": NaN, "width": NaN, "service": NaN, "roughness": 5.0}}, {"type": "Feature", "geometry": {"type": "LineString", "coordinates": [[-57.439438, -25.4628728], [-57.439279, -25.4628952]]}, "properties": {"osmid": "385953609", "oneway": "False", "lanes": NaN, "ref": NaN, "name": NaN, "highway": "unclassified", "length": 16.156, "maxspeed": NaN, "bridge": NaN, "access": NaN, "tunnel": NaN, "junction": NaN, "width": NaN, "service": NaN, "roughness": 5.0}}, {"type": "Feature", "geometry": {"type": "LineString", "coordinates": [[-57.439279, -25.4628952], [-57.4391265, -25.4629294]]}, "properties": {"osmid": "385953609", "oneway": "False", "lanes": NaN, "ref": NaN, "name": NaN, "highway": "unclassified", "length": 15.775, "maxspeed": NaN, "bridge": NaN, "access": NaN, "tunnel": NaN, "junction": NaN, "width": NaN, "service": NaN, "roughness": 5.0}}, {"type": "Feature", "geometry": {"type": "LineString", "coordinates": [[-57.4391265, -25.4629294], [-57.438847, -25.4630175]]}, "properties": {"osmid": "385953609", "oneway": "False", "lanes": NaN, "ref": NaN, "name": NaN, "highway": "unclassified", "length": 29.721, "maxspeed": NaN, "bridge": NaN, "access": NaN, "tunnel": NaN, "junction": NaN, "width": NaN, "service": NaN, "roughness": 5.0}}, {"type": "Feature", "geometry": {"type": "LineString", "coordinates": [[-57.438847, -25.4630175], [-57.4386696, -25.4631313]]}, "properties": {"osmid": "385953609", "oneway": "False", "lanes": NaN, "ref": NaN, "name": NaN, "highway": "unclassified", "length": 21.848, "maxspeed": NaN, "bridge": NaN, "access": NaN, "tunnel": NaN, "junction": NaN, "width": NaN, "service": NaN, "roughness": 5.0}}, {"type": "Feature", "geometry": {"type": "LineString", "coordinates": [[-57.4386696, -25.4631313], [-57.4384968, -25.4632156]]}, "properties": {"osmid": "385953609", "oneway": "False", "lanes": NaN, "ref": NaN, "name": NaN, "highway": "unclassified", "length": 19.719, "maxspeed": NaN, "bridge": NaN, "access": NaN, "tunnel": NaN, "junction": NaN, "width": NaN, "service": NaN, "roughness": 5.0}}, {"type": "Feature", "geometry": {"type": "LineString", "coordinates": [[-57.4384968, -25.4632156], [-57.4381185, -25.4632641]]}, "properties": {"osmid": "385953609", "oneway": "False", "lanes": NaN, "ref": NaN, "name": NaN, "highway": "unclassified", "length": 38.36, "maxspeed": NaN, "bridge": NaN, "access": NaN, "tunnel": NaN, "junction": NaN, "width": NaN, "service": NaN, "roughness": 5.0}}, {"type": "Feature", "geometry": {"type": "LineString", "coordinates": [[-57.4381185, -25.4632641], [-57.4379411, -25.4632936]]}, "properties": {"osmid": "385953609", "oneway": "False", "lanes": NaN, "ref": NaN, "name": NaN, "highway": "unclassified", "length": 18.109, "maxspeed": NaN, "bridge": NaN, "access": NaN, "tunnel": NaN, "junction": NaN, "width": NaN, "service": NaN, "roughness": 5.0}}, {"type": "Feature", "geometry": {"type": "LineString", "coordinates": [[-57.4379411, -25.4632936], [-57.4377379, -25.4633379]]}, "properties": {"osmid": "385953609", "oneway": "False", "lanes": NaN, "ref": NaN, "name": NaN, "highway": "unclassified", "length": 20.986, "maxspeed": NaN, "bridge": NaN, "access": NaN, "tunnel": NaN, "junction": NaN, "width": NaN, "service": NaN, "roughness": 5.0}}, {"type": "Feature", "geometry": {"type": "LineString", "coordinates": [[-57.4377379, -25.4633379], [-57.4376469, -25.4633885]]}, "properties": {"osmid": "385953609", "oneway": "False", "lanes": NaN, "ref": NaN, "name": NaN, "highway": "unclassified", "length": 10.729, "maxspeed": NaN, "bridge": NaN, "access": NaN, "tunnel": NaN, "junction": NaN, "width": NaN, "service": NaN, "roughness": 5.0}}, {"type": "Feature", "geometry": {"type": "LineString", "coordinates": [[-57.4376469, -25.4633885], [-57.4376305, -25.4635021]]}, "properties": {"osmid": "385953610", "oneway": "False", "lanes": NaN, "ref": NaN, "name": NaN, "highway": "unclassified", "length": 12.739, "maxspeed": NaN, "bridge": NaN, "access": NaN, "tunnel": NaN, "junction": NaN, "width": NaN, "service": NaN, "roughness": 5.0}}, {"type": "Feature", "geometry": {"type": "LineString", "coordinates": [[-57.4376305, -25.4635021], [-57.4377115, -25.4637331]]}, "properties": {"osmid": "385953610", "oneway": "False", "lanes": NaN, "ref": NaN, "name": NaN, "highway": "unclassified", "length": 26.943, "maxspeed": NaN, "bridge": NaN, "access": NaN, "tunnel": NaN, "junction": NaN, "width": NaN, "service": NaN, "roughness": 5.0}}, {"type": "Feature", "geometry": {"type": "LineString", "coordinates": [[-57.4377115, -25.4637331], [-57.4377763, -25.4640152]]}, "properties": {"osmid": "385953610", "oneway": "False", "lanes": NaN, "ref": NaN, "name": NaN, "highway": "unclassified", "length": 32.036, "maxspeed": NaN, "bridge": NaN, "access": NaN, "tunnel": NaN, "junction": NaN, "width": NaN, "service": NaN, "roughness": 5.0}}, {"type": "Feature", "geometry": {"type": "LineString", "coordinates": [[-57.4377763, -25.4640152], [-57.4378647, -25.4643718]]}, "properties": {"osmid": "385953610", "oneway": "False", "lanes": NaN, "ref": NaN, "name": NaN, "highway": "unclassified", "length": 40.633, "maxspeed": NaN, "bridge": NaN, "access": NaN, "tunnel": NaN, "junction": NaN, "width": NaN, "service": NaN, "roughness": 5.0}}, {"type": "Feature", "geometry": {"type": "LineString", "coordinates": [[-57.4378647, -25.4643718], [-57.4378824, -25.464558]]}, "properties": {"osmid": "385953610", "oneway": "False", "lanes": NaN, "ref": NaN, "name": NaN, "highway": "unclassified", "length": 20.781, "maxspeed": NaN, "bridge": NaN, "access": NaN, "tunnel": NaN, "junction": NaN, "width": NaN, "service": NaN, "roughness": 5.0}}, {"type": "Feature", "geometry": {"type": "LineString", "coordinates": [[-57.4378824, -25.464558], [-57.4377999, -25.4649998]]}, "properties": {"osmid": "385953610", "oneway": "False", "lanes": NaN, "ref": NaN, "name": NaN, "highway": "unclassified", "length": 49.819, "maxspeed": NaN, "bridge": NaN, "access": NaN, "tunnel": NaN, "junction": NaN, "width": NaN, "service": NaN, "roughness": 5.0}}, {"type": "Feature", "geometry": {"type": "LineString", "coordinates": [[-57.4377999, -25.4649998], [-57.4376997, -25.4654362]]}, "properties": {"osmid": "385953610", "oneway": "False", "lanes": NaN, "ref": NaN, "name": NaN, "highway": "unclassified", "length": 49.557, "maxspeed": NaN, "bridge": NaN, "access": NaN, "tunnel": NaN, "junction": NaN, "width": NaN, "service": NaN, "roughness": 5.0}}, {"type": "Feature", "geometry": {"type": "LineString", "coordinates": [[-57.4376997, -25.4654362], [-57.43757, -25.4658087]]}, "properties": {"osmid": "385953610", "oneway": "False", "lanes": NaN, "ref": NaN, "name": NaN, "highway": "unclassified", "length": 43.419, "maxspeed": NaN, "bridge": NaN, "access": NaN, "tunnel": NaN, "junction": NaN, "width": NaN, "service": NaN, "roughness": 5.0}}, {"type": "Feature", "geometry": {"type": "LineString", "coordinates": [[-57.43757, -25.4658087], [-57.4375052, -25.4659684]]}, "properties": {"osmid": "385953610", "oneway": "False", "lanes": NaN, "ref": NaN, "name": NaN, "highway": "unclassified", "length": 18.912, "maxspeed": NaN, "bridge": NaN, "access": NaN, "tunnel": NaN, "junction": NaN, "width": NaN, "service": NaN, "roughness": 5.0}}, {"type": "Feature", "geometry": {"type": "LineString", "coordinates": [[-57.4375052, -25.4659684], [-57.4374167, -25.4663516]]}, "properties": {"osmid": "385953610", "oneway": "False", "lanes": NaN, "ref": NaN, "name": NaN, "highway": "unclassified", "length": 43.526, "maxspeed": NaN, "bridge": NaN, "access": NaN, "tunnel": NaN, "junction": NaN, "width": NaN, "service": NaN, "roughness": 5.0}}, {"type": "Feature", "geometry": {"type": "LineString", "coordinates": [[-57.4374167, -25.4663516], [-57.4373991, -25.4665112]]}, "properties": {"osmid": "385953610", "oneway": "False", "lanes": NaN, "ref": NaN, "name": NaN, "highway": "unclassified", "length": 17.834, "maxspeed": NaN, "bridge": NaN, "access": NaN, "tunnel": NaN, "junction": NaN, "width": NaN, "service": NaN, "roughness": 5.0}}, {"type": "Feature", "geometry": {"type": "LineString", "coordinates": [[-57.4373991, -25.4665112], [-57.437405, -25.4666017]]}, "properties": {"osmid": "385953610", "oneway": "False", "lanes": NaN, "ref": NaN, "name": NaN, "highway": "unclassified", "length": 10.081, "maxspeed": NaN, "bridge": NaN, "access": NaN, "tunnel": NaN, "junction": NaN, "width": NaN, "service": NaN, "roughness": 5.0}}, {"type": "Feature", "geometry": {"type": "LineString", "coordinates": [[-57.437405, -25.4666017], [-57.4374226, -25.4666922]]}, "properties": {"osmid": "385953610", "oneway": "False", "lanes": NaN, "ref": NaN, "name": NaN, "highway": "unclassified", "length": 10.217, "maxspeed": NaN, "bridge": NaN, "access": NaN, "tunnel": NaN, "junction": NaN, "width": NaN, "service": NaN, "roughness": 5.0}}, {"type": "Feature", "geometry": {"type": "LineString", "coordinates": [[-57.4374226, -25.4666922], [-57.4374698, -25.4667667]]}, "properties": {"osmid": "385953610", "oneway": "False", "lanes": NaN, "ref": NaN, "name": NaN, "highway": "unclassified", "length": 9.543, "maxspeed": NaN, "bridge": NaN, "access": NaN, "tunnel": NaN, "junction": NaN, "width": NaN, "service": NaN, "roughness": 5.0}}, {"type": "Feature", "geometry": {"type": "LineString", "coordinates": [[-57.4374698, -25.4667667], [-57.4379591, -25.4674798]]}, "properties": {"osmid": "385953610", "oneway": "False", "lanes": NaN, "ref": NaN, "name": NaN, "highway": "unclassified", "length": 93.275, "maxspeed": NaN, "bridge": NaN, "access": NaN, "tunnel": NaN, "junction": NaN, "width": NaN, "service": NaN, "roughness": 5.0}}, {"type": "Feature", "geometry": {"type": "LineString", "coordinates": [[-57.4379591, -25.4674798], [-57.4384365, -25.468177]]}, "properties": {"osmid": "385953610", "oneway": "False", "lanes": NaN, "ref": NaN, "name": NaN, "highway": "unclassified", "length": 91.143, "maxspeed": NaN, "bridge": NaN, "access": NaN, "tunnel": NaN, "junction": NaN, "width": NaN, "service": NaN, "roughness": 5.0}}, {"type": "Feature", "geometry": {"type": "LineString", "coordinates": [[-57.4384365, -25.468177], [-57.4388975, -25.4689285]]}, "properties": {"osmid": "385953610", "oneway": "False", "lanes": NaN, "ref": NaN, "name": NaN, "highway": "unclassified", "length": 95.523, "maxspeed": NaN, "bridge": NaN, "access": NaN, "tunnel": NaN, "junction": NaN, "width": NaN, "service": NaN, "roughness": 5.0}}, {"type": "Feature", "geometry": {"type": "LineString", "coordinates": [[-57.4388975, -25.4689285], [-57.4393285, -25.4697279]]}, "properties": {"osmid": "385953610", "oneway": "False", "lanes": NaN, "ref": NaN, "name": NaN, "highway": "unclassified", "length": 98.86, "maxspeed": NaN, "bridge": NaN, "access": NaN, "tunnel": NaN, "junction": NaN, "width": NaN, "service": NaN, "roughness": 5.0}}, {"type": "Feature", "geometry": {"type": "LineString", "coordinates": [[-57.4393285, -25.4697279], [-57.4391335, -25.4698263]]}, "properties": {"osmid": "385954161", "oneway": "False", "lanes": NaN, "ref": NaN, "name": NaN, "highway": "unclassified", "length": 22.426, "maxspeed": NaN, "bridge": NaN, "access": NaN, "tunnel": NaN, "junction": NaN, "width": NaN, "service": NaN, "roughness": 5.0}}, {"type": "Feature", "geometry": {"type": "LineString", "coordinates": [[-57.4391335, -25.4698263], [-57.4387953, -25.4699712]]}, "properties": {"osmid": "385954161", "oneway": "False", "lanes": NaN, "ref": NaN, "name": NaN, "highway": "unclassified", "length": 37.58, "maxspeed": NaN, "bridge": NaN, "access": NaN, "tunnel": NaN, "junction": NaN, "width": NaN, "service": NaN, "roughness": 5.0}}, {"type": "Feature", "geometry": {"type": "LineString", "coordinates": [[-57.4387953, -25.4699712], [-57.4384456, -25.4701782]]}, "properties": {"osmid": "385954161", "oneway": "False", "lanes": NaN, "ref": NaN, "name": NaN, "highway": "unclassified", "length": 41.979, "maxspeed": NaN, "bridge": NaN, "access": NaN, "tunnel": NaN, "junction": NaN, "width": NaN, "service": NaN, "roughness": 5.0}}, {"type": "Feature", "geometry": {"type": "LineString", "coordinates": [[-57.4384456, -25.4701782], [-57.4382793, -25.4704008]]}, "properties": {"osmid": "385954161", "oneway": "False", "lanes": NaN, "ref": NaN, "name": NaN, "highway": "unclassified", "length": 29.856, "maxspeed": NaN, "bridge": NaN, "access": NaN, "tunnel": NaN, "junction": NaN, "width": NaN, "service": NaN, "roughness": 5.0}}, {"type": "Feature", "geometry": {"type": "LineString", "coordinates": [[-57.4382793, -25.4704008], [-57.4381417, -25.4705768]]}, "properties": {"osmid": "385954161", "oneway": "False", "lanes": NaN, "ref": NaN, "name": NaN, "highway": "unclassified", "length": 23.954, "maxspeed": NaN, "bridge": NaN, "access": NaN, "tunnel": NaN, "junction": NaN, "width": NaN, "service": NaN, "roughness": 5.0}}, {"type": "Feature", "geometry": {"type": "LineString", "coordinates": [[-57.4381417, -25.4705768], [-57.4380557, -25.4706544]]}, "properties": {"osmid": "385954161", "oneway": "False", "lanes": NaN, "ref": NaN, "name": NaN, "highway": "unclassified", "length": 12.206, "maxspeed": NaN, "bridge": NaN, "access": NaN, "tunnel": NaN, "junction": NaN, "width": NaN, "service": NaN, "roughness": 5.0}}, {"type": "Feature", "geometry": {"type": "LineString", "coordinates": [[-57.4380557, -25.4706544], [-57.4378436, -25.4707476]]}, "properties": {"osmid": "385954161", "oneway": "False", "lanes": NaN, "ref": NaN, "name": NaN, "highway": "unclassified", "length": 23.68, "maxspeed": NaN, "bridge": NaN, "access": NaN, "tunnel": NaN, "junction": NaN, "width": NaN, "service": NaN, "roughness": 5.0}}, {"type": "Feature", "geometry": {"type": "LineString", "coordinates": [[-57.4378436, -25.4707476], [-57.4377003, -25.4708407]]}, "properties": {"osmid": "385954161", "oneway": "False", "lanes": NaN, "ref": NaN, "name": NaN, "highway": "unclassified", "length": 17.723, "maxspeed": NaN, "bridge": NaN, "access": NaN, "tunnel": NaN, "junction": NaN, "width": NaN, "service": NaN, "roughness": 5.0}}, {"type": "Feature", "geometry": {"type": "LineString", "coordinates": [[-57.4377003, -25.4708407], [-57.4375168, -25.4709856]]}, "properties": {"osmid": "385954161", "oneway": "False", "lanes": NaN, "ref": NaN, "name": NaN, "highway": "unclassified", "length": 24.473, "maxspeed": NaN, "bridge": NaN, "access": NaN, "tunnel": NaN, "junction": NaN, "width": NaN, "service": NaN, "roughness": 5.0}}, {"type": "Feature", "geometry": {"type": "LineString", "coordinates": [[-57.4375168, -25.4709856], [-57.4374136, -25.4710322]]}, "properties": {"osmid": "385954161", "oneway": "False", "lanes": NaN, "ref": NaN, "name": NaN, "highway": "unclassified", "length": 11.584, "maxspeed": NaN, "bridge": NaN, "access": NaN, "tunnel": NaN, "junction": NaN, "width": NaN, "service": NaN, "roughness": 5.0}}, {"type": "Feature", "geometry": {"type": "LineString", "coordinates": [[-57.4374136, -25.4710322], [-57.4372244, -25.4710892]]}, "properties": {"osmid": "385954161", "oneway": "False", "lanes": NaN, "ref": NaN, "name": NaN, "highway": "unclassified", "length": 20.023, "maxspeed": NaN, "bridge": NaN, "access": NaN, "tunnel": NaN, "junction": NaN, "width": NaN, "service": NaN, "roughness": 5.0}}, {"type": "Feature", "geometry": {"type": "LineString", "coordinates": [[-57.4372244, -25.4710892], [-57.4369378, -25.4711254]]}, "properties": {"osmid": "385954161", "oneway": "False", "lanes": NaN, "ref": NaN, "name": NaN, "highway": "unclassified", "length": 29.051, "maxspeed": NaN, "bridge": NaN, "access": NaN, "tunnel": NaN, "junction": NaN, "width": NaN, "service": NaN, "roughness": 5.0}}, {"type": "Feature", "geometry": {"type": "LineString", "coordinates": [[-57.4369378, -25.4711254], [-57.4366626, -25.4711979]]}, "properties": {"osmid": "385954161", "oneway": "False", "lanes": NaN, "ref": NaN, "name": NaN, "highway": "unclassified", "length": 28.779, "maxspeed": NaN, "bridge": NaN, "access": NaN, "tunnel": NaN, "junction": NaN, "width": NaN, "service": NaN, "roughness": 5.0}}, {"type": "Feature", "geometry": {"type": "LineString", "coordinates": [[-57.4366626, -25.4711979], [-57.4364272, -25.4714177]]}, "properties": {"osmid": "554269752", "oneway": "False", "lanes": NaN, "ref": NaN, "name": NaN, "highway": "unclassified", "length": 33.997, "maxspeed": NaN, "bridge": NaN, "access": NaN, "tunnel": NaN, "junction": NaN, "width": NaN, "service": NaN, "roughness": 5.0}}, {"type": "Feature", "geometry": {"type": "LineString", "coordinates": [[-57.4364272, -25.4714177], [-57.4359077, -25.4716675]]}, "properties": {"osmid": "554269752", "oneway": "False", "lanes": NaN, "ref": NaN, "name": NaN, "highway": "unclassified", "length": 59.087, "maxspeed": NaN, "bridge": NaN, "access": NaN, "tunnel": NaN, "junction": NaN, "width": NaN, "service": NaN, "roughness": 5.0}}, {"type": "Feature", "geometry": {"type": "LineString", "coordinates": [[-57.4359077, -25.4716675], [-57.4357457, -25.4720086]]}, "properties": {"osmid": "554269752", "oneway": "False", "lanes": NaN, "ref": NaN, "name": NaN, "highway": "unclassified", "length": 41.268, "maxspeed": NaN, "bridge": NaN, "access": NaN, "tunnel": NaN, "junction": NaN, "width": NaN, "service": NaN, "roughness": 5.0}}, {"type": "Feature", "geometry": {"type": "LineString", "coordinates": [[-57.4357457, -25.4720086], [-57.4356243, -25.4720817]]}, "properties": {"osmid": "554269752", "oneway": "False", "lanes": NaN, "ref": NaN, "name": NaN, "highway": "unclassified", "length": 14.649, "maxspeed": NaN, "bridge": NaN, "access": NaN, "tunnel": NaN, "junction": NaN, "width": NaN, "service": NaN, "roughness": 5.0}}, {"type": "Feature", "geometry": {"type": "LineString", "coordinates": [[-57.4356243, -25.4720817], [-57.4350575, -25.473099]]}, "properties": {"osmid": "554269752", "oneway": "False", "lanes": NaN, "ref": NaN, "name": NaN, "highway": "unclassified", "length": 126.623, "maxspeed": NaN, "bridge": NaN, "access": NaN, "tunnel": NaN, "junction": NaN, "width": NaN, "service": NaN, "roughness": 5.0}}, {"type": "Feature", "geometry": {"type": "LineString", "coordinates": [[-57.4350575, -25.473099], [-57.4349428, -25.4734401]]}, "properties": {"osmid": "554269752", "oneway": "False", "lanes": NaN, "ref": NaN, "name": NaN, "highway": "unclassified", "length": 39.638, "maxspeed": NaN, "bridge": NaN, "access": NaN, "tunnel": NaN, "junction": NaN, "width": NaN, "service": NaN, "roughness": 5.0}}, {"type": "Feature", "geometry": {"type": "LineString", "coordinates": [[-57.4349428, -25.4734401], [-57.434457, -25.4736898]]}, "properties": {"osmid": "554269752", "oneway": "False", "lanes": NaN, "ref": NaN, "name": NaN, "highway": "unclassified", "length": 56.117, "maxspeed": NaN, "bridge": NaN, "access": NaN, "tunnel": NaN, "junction": NaN, "width": NaN, "service": NaN, "roughness": 5.0}}, {"type": "Feature", "geometry": {"type": "LineString", "coordinates": [[-57.434457, -25.4736898], [-57.4344013, -25.4737356]]}, "properties": {"osmid": "554269752", "oneway": "False", "lanes": NaN, "ref": NaN, "name": NaN, "highway": "unclassified", "length": 7.563, "maxspeed": NaN, "bridge": NaN, "access": NaN, "tunnel": NaN, "junction": NaN, "width": NaN, "service": NaN, "roughness": 5.0}}, {"type": "Feature", "geometry": {"type": "LineString", "coordinates": [[-57.4344013, -25.4737356], [-57.4342343, -25.4738726]]}, "properties": {"osmid": "554269752", "oneway": "False", "lanes": NaN, "ref": NaN, "name": NaN, "highway": "unclassified", "length": 22.652, "maxspeed": NaN, "bridge": NaN, "access": NaN, "tunnel": NaN, "junction": NaN, "width": NaN, "service": NaN, "roughness": 5.0}}]}