{"type": "FeatureCollection", "features": [{"type": "Feature", "geometry": {"type": "LineString", "coordinates": [[-54.7032882, -26.3283787], [-54.7032667, -26.3282729]]}, "properties": {"osmid": "261753899", "oneway": "False", "lanes": "2", "ref": NaN, "name": NaN, "highway": "unclassified", "length": 11.958, "maxspeed": NaN, "bridge": NaN, "access": NaN, "tunnel": NaN, "junction": NaN, "width": NaN, "service": NaN, "roughness": 4.0}}, {"type": "Feature", "geometry": {"type": "LineString", "coordinates": [[-54.7032667, -26.3282729], [-54.7032721, -26.3281431]]}, "properties": {"osmid": "261753899", "oneway": "False", "lanes": "2", "ref": NaN, "name": NaN, "highway": "unclassified", "length": 14.443, "maxspeed": NaN, "bridge": NaN, "access": NaN, "tunnel": NaN, "junction": NaN, "width": NaN, "service": NaN, "roughness": 4.0}}, {"type": "Feature", "geometry": {"type": "LineString", "coordinates": [[-54.7032721, -26.3281431], [-54.7032936, -26.3276287]]}, "properties": {"osmid": "261753899", "oneway": "False", "lanes": "2", "ref": NaN, "name": NaN, "highway": "unclassified", "length": 57.239, "maxspeed": NaN, "bridge": NaN, "access": NaN, "tunnel": NaN, "junction": NaN, "width": NaN, "service": NaN, "roughness": 4.0}}, {"type": "Feature", "geometry": {"type": "LineString", "coordinates": [[-54.7032936, -26.3276287], [-54.7032882, -26.3275085]]}, "properties": {"osmid": "261753899", "oneway": "False", "lanes": "2", "ref": NaN, "name": NaN, "highway": "unclassified", "length": 13.376, "maxspeed": NaN, "bridge": NaN, "access": NaN, "tunnel": NaN, "junction": NaN, "width": NaN, "service": NaN, "roughness": 4.0}}, {"type": "Feature", "geometry": {"type": "LineString", "coordinates": [[-54.7032882, -26.3275085], [-54.703256, -26.3273979]]}, "properties": {"osmid": "261753899", "oneway": "False", "lanes": "2", "ref": NaN, "name": NaN, "highway": "unclassified", "length": 12.71, "maxspeed": NaN, "bridge": NaN, "access": NaN, "tunnel": NaN, "junction": NaN, "width": NaN, "service": NaN, "roughness": 4.0}}, {"type": "Feature", "geometry": {"type": "LineString", "coordinates": [[-54.703256, -26.3273979], [-54.7027571, -26.3262968]]}, "properties": {"osmid": "261753899", "oneway": "False", "lanes": "2", "ref": NaN, "name": NaN, "highway": "unclassified", "length": 132.148, "maxspeed": NaN, "bridge": NaN, "access": NaN, "tunnel": NaN, "junction": NaN, "width": NaN, "service": NaN, "roughness": 4.0}}, {"type": "Feature", "geometry": {"type": "LineString", "coordinates": [[-54.7027571, -26.3262968], [-54.701202, -26.3234259]]}, "properties": {"osmid": "261753899", "oneway": "False", "lanes": "2", "ref": NaN, "name": NaN, "highway": "unclassified", "length": 354.864, "maxspeed": NaN, "bridge": NaN, "access": NaN, "tunnel": NaN, "junction": NaN, "width": NaN, "service": NaN, "roughness": 4.0}}, {"type": "Feature", "geometry": {"type": "LineString", "coordinates": [[-54.701202, -26.3234259], [-54.6998013, -26.3205896]]}, "properties": {"osmid": "261753899", "oneway": "False", "lanes": "2", "ref": NaN, "name": NaN, "highway": "unclassified", "length": 344.898, "maxspeed": NaN, "bridge": NaN, "access": NaN, "tunnel": NaN, "junction": NaN, "width": NaN, "service": NaN, "roughness": 4.0}}, {"type": "Feature", "geometry": {"type": "LineString", "coordinates": [[-54.6998013, -26.3205896], [-54.6989162, -26.3188682]]}, "properties": {"osmid": "261753899", "oneway": "False", "lanes": "2", "ref": NaN, "name": NaN, "highway": "unclassified", "length": 210.761, "maxspeed": NaN, "bridge": NaN, "access": NaN, "tunnel": NaN, "junction": NaN, "width": NaN, "service": NaN, "roughness": 4.0}}, {"type": "Feature", "geometry": {"type": "LineString", "coordinates": [[-54.6989162, -26.3188682], [-54.6988786, -26.3187768]]}, "properties": {"osmid": "261753899", "oneway": "False", "lanes": "2", "ref": NaN, "name": NaN, "highway": "unclassified", "length": 10.832, "maxspeed": NaN, "bridge": NaN, "access": NaN, "tunnel": NaN, "junction": NaN, "width": NaN, "service": NaN, "roughness": 4.0}}, {"type": "Feature", "geometry": {"type": "LineString", "coordinates": [[-54.6988786, -26.3187768], [-54.6988786, -26.3187047]]}, "properties": {"osmid": "261753899", "oneway": "False", "lanes": "2", "ref": NaN, "name": NaN, "highway": "unclassified", "length": 8.017, "maxspeed": NaN, "bridge": NaN, "access": NaN, "tunnel": NaN, "junction": NaN, "width": NaN, "service": NaN, "roughness": 4.0}}, {"type": "Feature", "geometry": {"type": "LineString", "coordinates": [[-54.6988786, -26.3187047], [-54.6988947, -26.3186278]]}, "properties": {"osmid": "261753899", "oneway": "False", "lanes": "2", "ref": NaN, "name": NaN, "highway": "unclassified", "length": 8.7, "maxspeed": NaN, "bridge": NaN, "access": NaN, "tunnel": NaN, "junction": NaN, "width": NaN, "service": NaN, "roughness": 4.0}}, {"type": "Feature", "geometry": {"type": "LineString", "coordinates": [[-54.6988947, -26.3186278], [-54.6995277, -26.3180075]]}, "properties": {"osmid": "261753899", "oneway": "False", "lanes": "2", "ref": NaN, "name": NaN, "highway": "unclassified", "length": 93.477, "maxspeed": NaN, "bridge": NaN, "access": NaN, "tunnel": NaN, "junction": NaN, "width": NaN, "service": NaN, "roughness": 4.0}}, {"type": "Feature", "geometry": {"type": "LineString", "coordinates": [[-54.6995277, -26.3180075], [-54.7015394, -26.3161466]]}, "properties": {"osmid": "261753899", "oneway": "False", "lanes": "2", "ref": NaN, "name": NaN, "highway": "unclassified", "length": 288.132, "maxspeed": NaN, "bridge": NaN, "access": NaN, "tunnel": NaN, "junction": NaN, "width": NaN, "service": NaN, "roughness": 4.0}}, {"type": "Feature", "geometry": {"type": "LineString", "coordinates": [[-54.7015394, -26.3161466], [-54.7023977, -26.3153725]]}, "properties": {"osmid": "261753899", "oneway": "False", "lanes": "2", "ref": NaN, "name": NaN, "highway": "unclassified", "length": 121.357, "maxspeed": NaN, "bridge": NaN, "access": NaN, "tunnel": NaN, "junction": NaN, "width": NaN, "service": NaN, "roughness": 4.0}}, {"type": "Feature", "geometry": {"type": "LineString", "coordinates": [[-54.7023977, -26.3153725], [-54.7049678, -26.3130254]]}, "properties": {"osmid": "261753899", "oneway": "False", "lanes": "2", "ref": NaN, "name": NaN, "highway": "unclassified", "length": 365.699, "maxspeed": NaN, "bridge": NaN, "access": NaN, "tunnel": NaN, "junction": NaN, "width": NaN, "service": NaN, "roughness": 4.0}}, {"type": "Feature", "geometry": {"type": "LineString", "coordinates": [[-54.7049678, -26.3130254], [-54.7054661, -26.3125931]]}, "properties": {"osmid": "261753899", "oneway": "False", "lanes": "2", "ref": NaN, "name": NaN, "highway": "unclassified", "length": 69.12, "maxspeed": NaN, "bridge": NaN, "access": NaN, "tunnel": NaN, "junction": NaN, "width": NaN, "service": NaN, "roughness": 4.0}}, {"type": "Feature", "geometry": {"type": "LineString", "coordinates": [[-54.7054661, -26.3125931], [-54.70567, -26.3124008]]}, "properties": {"osmid": "261753899", "oneway": "False", "lanes": "2", "ref": NaN, "name": NaN, "highway": "unclassified", "length": 29.5, "maxspeed": NaN, "bridge": NaN, "access": NaN, "tunnel": NaN, "junction": NaN, "width": NaN, "service": NaN, "roughness": 4.0}}, {"type": "Feature", "geometry": {"type": "LineString", "coordinates": [[-54.70567, -26.3124008], [-54.7057505, -26.3123142]]}, "properties": {"osmid": "261753899", "oneway": "False", "lanes": "2", "ref": NaN, "name": NaN, "highway": "unclassified", "length": 12.534, "maxspeed": NaN, "bridge": NaN, "access": NaN, "tunnel": NaN, "junction": NaN, "width": NaN, "service": NaN, "roughness": 4.0}}, {"type": "Feature", "geometry": {"type": "LineString", "coordinates": [[-54.7057505, -26.3123142], [-54.7058095, -26.3122181]]}, "properties": {"osmid": "261753899", "oneway": "False", "lanes": "2", "ref": NaN, "name": NaN, "highway": "unclassified", "length": 12.197, "maxspeed": NaN, "bridge": NaN, "access": NaN, "tunnel": NaN, "junction": NaN, "width": NaN, "service": NaN, "roughness": 4.0}}, {"type": "Feature", "geometry": {"type": "LineString", "coordinates": [[-54.7058095, -26.3122181], [-54.7058256, -26.3121315]]}, "properties": {"osmid": "261753899", "oneway": "False", "lanes": "2", "ref": NaN, "name": NaN, "highway": "unclassified", "length": 9.762, "maxspeed": NaN, "bridge": NaN, "access": NaN, "tunnel": NaN, "junction": NaN, "width": NaN, "service": NaN, "roughness": 4.0}}, {"type": "Feature", "geometry": {"type": "LineString", "coordinates": [[-54.7058256, -26.3121315], [-54.7058095, -26.312045]]}, "properties": {"osmid": "261753899", "oneway": "False", "lanes": "2", "ref": NaN, "name": NaN, "highway": "unclassified", "length": 9.751, "maxspeed": NaN, "bridge": NaN, "access": NaN, "tunnel": NaN, "junction": NaN, "width": NaN, "service": NaN, "roughness": 4.0}}, {"type": "Feature", "geometry": {"type": "LineString", "coordinates": [[-54.7058095, -26.312045], [-54.7047634, -26.3098618]]}, "properties": {"osmid": "261753899", "oneway": "False", "lanes": "2", "ref": NaN, "name": NaN, "highway": "unclassified", "length": 264.207, "maxspeed": NaN, "bridge": NaN, "access": NaN, "tunnel": NaN, "junction": NaN, "width": NaN, "service": NaN, "roughness": 4.0}}, {"type": "Feature", "geometry": {"type": "LineString", "coordinates": [[-54.7047634, -26.3098618], [-54.7043426, -26.3089426]]}, "properties": {"osmid": "261753899", "oneway": "False", "lanes": "2", "ref": NaN, "name": NaN, "highway": "unclassified", "length": 110.482, "maxspeed": NaN, "bridge": NaN, "access": NaN, "tunnel": NaN, "junction": NaN, "width": NaN, "service": NaN, "roughness": 4.0}}, {"type": "Feature", "geometry": {"type": "LineString", "coordinates": [[-54.7043426, -26.3089426], [-54.7042865, -26.3088275]]}, "properties": {"osmid": "261753900", "oneway": "False", "lanes": "2", "ref": NaN, "name": NaN, "highway": "unclassified", "length": 13.967, "maxspeed": NaN, "bridge": "yes", "access": NaN, "tunnel": NaN, "junction": NaN, "width": NaN, "service": NaN, "roughness": 4.0}}, {"type": "Feature", "geometry": {"type": "LineString", "coordinates": [[-54.7042865, -26.3088275], [-54.7031594, -26.3065486]]}, "properties": {"osmid": "261948233", "oneway": "False", "lanes": "2", "ref": NaN, "name": NaN, "highway": "unclassified", "length": 277.191, "maxspeed": NaN, "bridge": NaN, "access": NaN, "tunnel": NaN, "junction": NaN, "width": NaN, "service": NaN, "roughness": 4.0}}, {"type": "Feature", "geometry": {"type": "LineString", "coordinates": [[-54.7031594, -26.3065486], [-54.7023881, -26.3049095]]}, "properties": {"osmid": "261948233", "oneway": "False", "lanes": "2", "ref": NaN, "name": NaN, "highway": "unclassified", "length": 197.812, "maxspeed": NaN, "bridge": NaN, "access": NaN, "tunnel": NaN, "junction": NaN, "width": NaN, "service": NaN, "roughness": 4.0}}, {"type": "Feature", "geometry": {"type": "LineString", "coordinates": [[-54.7023881, -26.3049095], [-54.7013984, -26.3028789]]}, "properties": {"osmid": "261948233", "oneway": "False", "lanes": "2", "ref": NaN, "name": NaN, "highway": "unclassified", "length": 246.404, "maxspeed": NaN, "bridge": NaN, "access": NaN, "tunnel": NaN, "junction": NaN, "width": NaN, "service": NaN, "roughness": 4.0}}, {"type": "Feature", "geometry": {"type": "LineString", "coordinates": [[-54.7013984, -26.3028789], [-54.7008514, -26.301602]]}, "properties": {"osmid": "261948233", "oneway": "False", "lanes": "2", "ref": NaN, "name": NaN, "highway": "unclassified", "length": 152.095, "maxspeed": NaN, "bridge": NaN, "access": NaN, "tunnel": NaN, "junction": NaN, "width": NaN, "service": NaN, "roughness": 4.0}}, {"type": "Feature", "geometry": {"type": "LineString", "coordinates": [[-54.7008514, -26.301602], [-54.700333, -26.3004695]]}, "properties": {"osmid": "261948233", "oneway": "False", "lanes": "2", "ref": NaN, "name": NaN, "highway": "unclassified", "length": 136.119, "maxspeed": NaN, "bridge": NaN, "access": NaN, "tunnel": NaN, "junction": NaN, "width": NaN, "service": NaN, "roughness": 4.0}}, {"type": "Feature", "geometry": {"type": "LineString", "coordinates": [[-54.700333, -26.3004695], [-54.6991257, -26.2977143]]}, "properties": {"osmid": "261948233", "oneway": "False", "lanes": "2", "ref": NaN, "name": NaN, "highway": "unclassified", "length": 329.156, "maxspeed": NaN, "bridge": NaN, "access": NaN, "tunnel": NaN, "junction": NaN, "width": NaN, "service": NaN, "roughness": 4.0}}, {"type": "Feature", "geometry": {"type": "LineString", "coordinates": [[-54.6991257, -26.2977143], [-54.6980512, -26.2953981]]}, "properties": {"osmid": "261948233", "oneway": "False", "lanes": "2", "ref": NaN, "name": NaN, "highway": "unclassified", "length": 278.936, "maxspeed": NaN, "bridge": NaN, "access": NaN, "tunnel": NaN, "junction": NaN, "width": NaN, "service": NaN, "roughness": 4.0}}, {"type": "Feature", "geometry": {"type": "LineString", "coordinates": [[-54.6980512, -26.2953981], [-54.696583, -26.2921167]]}, "properties": {"osmid": "261948233", "oneway": "False", "lanes": "2", "ref": NaN, "name": NaN, "highway": "unclassified", "length": 393.137, "maxspeed": NaN, "bridge": NaN, "access": NaN, "tunnel": NaN, "junction": NaN, "width": NaN, "service": NaN, "roughness": 4.0}}, {"type": "Feature", "geometry": {"type": "LineString", "coordinates": [[-54.696583, -26.2921167], [-54.6954334, -26.2893863]]}, "properties": {"osmid": "261948233", "oneway": "False", "lanes": "2", "ref": NaN, "name": NaN, "highway": "unclassified", "length": 324.518, "maxspeed": NaN, "bridge": NaN, "access": NaN, "tunnel": NaN, "junction": NaN, "width": NaN, "service": NaN, "roughness": 4.0}}, {"type": "Feature", "geometry": {"type": "LineString", "coordinates": [[-54.6954334, -26.2893863], [-54.6951861, -26.2888336]]}, "properties": {"osmid": "261948233", "oneway": "False", "lanes": "2", "ref": NaN, "name": NaN, "highway": "unclassified", "length": 66.218, "maxspeed": NaN, "bridge": NaN, "access": NaN, "tunnel": NaN, "junction": NaN, "width": NaN, "service": NaN, "roughness": 4.0}}, {"type": "Feature", "geometry": {"type": "LineString", "coordinates": [[-54.6951861, -26.2888336], [-54.6950378, -26.2885022]]}, "properties": {"osmid": "261948233", "oneway": "False", "lanes": "2", "ref": NaN, "name": NaN, "highway": "unclassified", "length": 39.705, "maxspeed": NaN, "bridge": NaN, "access": NaN, "tunnel": NaN, "junction": NaN, "width": NaN, "service": NaN, "roughness": 4.0}}, {"type": "Feature", "geometry": {"type": "LineString", "coordinates": [[-54.6950378, -26.2885022], [-54.6950351, -26.2883884]]}, "properties": {"osmid": "261948233", "oneway": "False", "lanes": "2", "ref": NaN, "name": NaN, "highway": "unclassified", "length": 12.657, "maxspeed": NaN, "bridge": NaN, "access": NaN, "tunnel": NaN, "junction": NaN, "width": NaN, "service": NaN, "roughness": 4.0}}, {"type": "Feature", "geometry": {"type": "LineString", "coordinates": [[-54.6950351, -26.2883884], [-54.6950646, -26.2882703]]}, "properties": {"osmid": "261948233", "oneway": "False", "lanes": "2", "ref": NaN, "name": NaN, "highway": "unclassified", "length": 13.457, "maxspeed": NaN, "bridge": NaN, "access": NaN, "tunnel": NaN, "junction": NaN, "width": NaN, "service": NaN, "roughness": 4.0}}, {"type": "Feature", "geometry": {"type": "LineString", "coordinates": [[-54.6950646, -26.2882703], [-54.6951238, -26.2881536]]}, "properties": {"osmid": "261948233", "oneway": "False", "lanes": "2", "ref": NaN, "name": NaN, "highway": "unclassified", "length": 14.256, "maxspeed": NaN, "bridge": NaN, "access": NaN, "tunnel": NaN, "junction": NaN, "width": NaN, "service": NaN, "roughness": 4.0}}, {"type": "Feature", "geometry": {"type": "LineString", "coordinates": [[-54.6951238, -26.2881536], [-54.6953084, -26.2878981]]}, "properties": {"osmid": "261948233", "oneway": "False", "lanes": "2", "ref": NaN, "name": NaN, "highway": "unclassified", "length": 33.85, "maxspeed": NaN, "bridge": NaN, "access": NaN, "tunnel": NaN, "junction": NaN, "width": NaN, "service": NaN, "roughness": 4.0}}, {"type": "Feature", "geometry": {"type": "LineString", "coordinates": [[-54.6953084, -26.2878981], [-54.6954026, -26.2877692]]}, "properties": {"osmid": "261948233", "oneway": "False", "lanes": "2", "ref": NaN, "name": NaN, "highway": "unclassified", "length": 17.136, "maxspeed": NaN, "bridge": NaN, "access": NaN, "tunnel": NaN, "junction": NaN, "width": NaN, "service": NaN, "roughness": 4.0}}, {"type": "Feature", "geometry": {"type": "LineString", "coordinates": [[-54.6954026, -26.2877692], [-54.6956507, -26.2875335]]}, "properties": {"osmid": "261948233", "oneway": "False", "lanes": "2", "ref": NaN, "name": NaN, "highway": "unclassified", "length": 36.037, "maxspeed": NaN, "bridge": NaN, "access": NaN, "tunnel": NaN, "junction": NaN, "width": NaN, "service": NaN, "roughness": 4.0}}, {"type": "Feature", "geometry": {"type": "LineString", "coordinates": [[-54.6956507, -26.2875335], [-54.6958759, -26.2873562]]}, "properties": {"osmid": "261948233", "oneway": "False", "lanes": "2", "ref": NaN, "name": NaN, "highway": "unclassified", "length": 29.879, "maxspeed": NaN, "bridge": NaN, "access": NaN, "tunnel": NaN, "junction": NaN, "width": NaN, "service": NaN, "roughness": 4.0}}, {"type": "Feature", "geometry": {"type": "LineString", "coordinates": [[-54.6958759, -26.2873562], [-54.6966994, -26.2867314]]}, "properties": {"osmid": "261948233", "oneway": "False", "lanes": "2", "ref": NaN, "name": NaN, "highway": "unclassified", "length": 107.55, "maxspeed": NaN, "bridge": NaN, "access": NaN, "tunnel": NaN, "junction": NaN, "width": NaN, "service": NaN, "roughness": 4.0}}, {"type": "Feature", "geometry": {"type": "LineString", "coordinates": [[-54.6966994, -26.2867314], [-54.6972481, -26.2863163]]}, "properties": {"osmid": "261948233", "oneway": "False", "lanes": "2", "ref": NaN, "name": NaN, "highway": "unclassified", "length": 71.575, "maxspeed": NaN, "bridge": NaN, "access": NaN, "tunnel": NaN, "junction": NaN, "width": NaN, "service": NaN, "roughness": 4.0}}, {"type": "Feature", "geometry": {"type": "LineString", "coordinates": [[-54.6972481, -26.2863163], [-54.6980834, -26.2855963]]}, "properties": {"osmid": "261948233", "oneway": "False", "lanes": "2", "ref": NaN, "name": NaN, "highway": "unclassified", "length": 115.519, "maxspeed": NaN, "bridge": NaN, "access": NaN, "tunnel": NaN, "junction": NaN, "width": NaN, "service": NaN, "roughness": 4.0}}, {"type": "Feature", "geometry": {"type": "LineString", "coordinates": [[-54.6980834, -26.2855963], [-54.6986429, -26.2850658]]}, "properties": {"osmid": "261948233", "oneway": "False", "lanes": "2", "ref": NaN, "name": NaN, "highway": "unclassified", "length": 81.186, "maxspeed": NaN, "bridge": NaN, "access": NaN, "tunnel": NaN, "junction": NaN, "width": NaN, "service": NaN, "roughness": 4.0}}, {"type": "Feature", "geometry": {"type": "LineString", "coordinates": [[-54.6986429, -26.2850658], [-54.700896, -26.2830265]]}, "properties": {"osmid": "261948233", "oneway": "False", "lanes": "2", "ref": NaN, "name": NaN, "highway": "unclassified", "length": 319.185, "maxspeed": NaN, "bridge": NaN, "access": NaN, "tunnel": NaN, "junction": NaN, "width": NaN, "service": NaN, "roughness": 4.0}}, {"type": "Feature", "geometry": {"type": "LineString", "coordinates": [[-54.700896, -26.2830265], [-54.690802, -26.280856]]}, "properties": {"osmid": "261948231", "oneway": "False", "lanes": "2", "ref": NaN, "name": NaN, "highway": "unclassified", "length": 1034.911, "maxspeed": NaN, "bridge": NaN, "access": NaN, "tunnel": NaN, "junction": NaN, "width": NaN, "service": NaN, "roughness": 4.0}}, {"type": "Feature", "geometry": {"type": "LineString", "coordinates": [[-54.690802, -26.280856], [-54.688037, -26.2828659]]}, "properties": {"osmid": "261948329", "oneway": "False", "lanes": "2", "ref": NaN, "name": NaN, "highway": "unclassified", "length": 354.885, "maxspeed": NaN, "bridge": NaN, "access": NaN, "tunnel": NaN, "junction": NaN, "width": NaN, "service": NaN, "roughness": 4.0}}, {"type": "Feature", "geometry": {"type": "LineString", "coordinates": [[-54.688037, -26.2828659], [-54.6864378, -26.2839877]]}, "properties": {"osmid": "261948329", "oneway": "False", "lanes": "2", "ref": NaN, "name": NaN, "highway": "unclassified", "length": 202.436, "maxspeed": NaN, "bridge": NaN, "access": NaN, "tunnel": NaN, "junction": NaN, "width": NaN, "service": NaN, "roughness": 4.0}}, {"type": "Feature", "geometry": {"type": "LineString", "coordinates": [[-54.6864378, -26.2839877], [-54.6854754, -26.2846397]]}, "properties": {"osmid": "261948329", "oneway": "False", "lanes": "2", "ref": NaN, "name": NaN, "highway": "unclassified", "length": 120.26, "maxspeed": NaN, "bridge": NaN, "access": NaN, "tunnel": NaN, "junction": NaN, "width": NaN, "service": NaN, "roughness": 4.0}}, {"type": "Feature", "geometry": {"type": "LineString", "coordinates": [[-54.6854754, -26.2846397], [-54.6853169, -26.2847528]]}, "properties": {"osmid": "261948327", "oneway": "False", "lanes": "2", "ref": NaN, "name": NaN, "highway": "unclassified", "length": 20.196, "maxspeed": NaN, "bridge": NaN, "access": NaN, "tunnel": NaN, "junction": NaN, "width": NaN, "service": NaN, "roughness": 4.0}}, {"type": "Feature", "geometry": {"type": "LineString", "coordinates": [[-54.6853169, -26.2847528], [-54.6852778, -26.2847802]]}, "properties": {"osmid": "261948325", "oneway": "False", "lanes": "2", "ref": NaN, "name": NaN, "highway": "unclassified", "length": 4.948, "maxspeed": NaN, "bridge": "yes", "access": NaN, "tunnel": NaN, "junction": NaN, "width": NaN, "service": NaN, "roughness": 4.0}}, {"type": "Feature", "geometry": {"type": "LineString", "coordinates": [[-54.6852778, -26.2847802], [-54.6851703, -26.2848554]]}, "properties": {"osmid": "261948328", "oneway": "False", "lanes": "2", "ref": NaN, "name": NaN, "highway": "unclassified", "length": 13.594, "maxspeed": NaN, "bridge": NaN, "access": NaN, "tunnel": NaN, "junction": NaN, "width": NaN, "service": NaN, "roughness": 4.0}}, {"type": "Feature", "geometry": {"type": "LineString", "coordinates": [[-54.6851703, -26.2848554], [-54.6817005, -26.2873374]]}, "properties": {"osmid": "261949215", "oneway": "False", "lanes": "2", "ref": NaN, "name": NaN, "highway": "unclassified", "length": 442.532, "maxspeed": NaN, "bridge": NaN, "access": NaN, "tunnel": NaN, "junction": NaN, "width": NaN, "service": NaN, "roughness": 4.0}}, {"type": "Feature", "geometry": {"type": "LineString", "coordinates": [[-54.6817005, -26.2873374], [-54.6809838, -26.287886]]}, "properties": {"osmid": "261949215", "oneway": "False", "lanes": "2", "ref": NaN, "name": NaN, "highway": "unclassified", "length": 93.95, "maxspeed": NaN, "bridge": NaN, "access": NaN, "tunnel": NaN, "junction": NaN, "width": NaN, "service": NaN, "roughness": 4.0}}, {"type": "Feature", "geometry": {"type": "LineString", "coordinates": [[-54.6809838, -26.287886], [-54.6802966, -26.2883924]]}, "properties": {"osmid": "261949215", "oneway": "False", "lanes": "2", "ref": NaN, "name": NaN, "highway": "unclassified", "length": 88.681, "maxspeed": NaN, "bridge": NaN, "access": NaN, "tunnel": NaN, "junction": NaN, "width": NaN, "service": NaN, "roughness": 4.0}}, {"type": "Feature", "geometry": {"type": "LineString", "coordinates": [[-54.6802966, -26.2883924], [-54.6793814, -26.2890487]]}, "properties": {"osmid": "261949215", "oneway": "False", "lanes": "2", "ref": NaN, "name": NaN, "highway": "unclassified", "length": 116.835, "maxspeed": NaN, "bridge": NaN, "access": NaN, "tunnel": NaN, "junction": NaN, "width": NaN, "service": NaN, "roughness": 4.0}}, {"type": "Feature", "geometry": {"type": "LineString", "coordinates": [[-54.6793814, -26.2890487], [-54.6792957, -26.2891154]]}, "properties": {"osmid": "261949215", "oneway": "False", "lanes": "2", "ref": NaN, "name": NaN, "highway": "unclassified", "length": 11.314, "maxspeed": NaN, "bridge": NaN, "access": NaN, "tunnel": NaN, "junction": NaN, "width": NaN, "service": NaN, "roughness": 4.0}}, {"type": "Feature", "geometry": {"type": "LineString", "coordinates": [[-54.6792957, -26.2891154], [-54.6791577, -26.2891987]]}, "properties": {"osmid": "261949215", "oneway": "False", "lanes": "2", "ref": NaN, "name": NaN, "highway": "unclassified", "length": 16.585, "maxspeed": NaN, "bridge": NaN, "access": NaN, "tunnel": NaN, "junction": NaN, "width": NaN, "service": NaN, "roughness": 4.0}}, {"type": "Feature", "geometry": {"type": "LineString", "coordinates": [[-54.6791577, -26.2891987], [-54.6790865, -26.289226]]}, "properties": {"osmid": "261949215", "oneway": "False", "lanes": "2", "ref": NaN, "name": NaN, "highway": "unclassified", "length": 7.72, "maxspeed": NaN, "bridge": NaN, "access": NaN, "tunnel": NaN, "junction": NaN, "width": NaN, "service": NaN, "roughness": 4.0}}, {"type": "Feature", "geometry": {"type": "LineString", "coordinates": [[-54.6790865, -26.289226], [-54.6790102, -26.2892492]]}, "properties": {"osmid": "261949215", "oneway": "False", "lanes": "2", "ref": NaN, "name": NaN, "highway": "unclassified", "length": 8.032, "maxspeed": NaN, "bridge": NaN, "access": NaN, "tunnel": NaN, "junction": NaN, "width": NaN, "service": NaN, "roughness": 4.0}}, {"type": "Feature", "geometry": {"type": "LineString", "coordinates": [[-54.6790102, -26.2892492], [-54.6787244, -26.2892934]]}, "properties": {"osmid": "261949215", "oneway": "False", "lanes": "2", "ref": NaN, "name": NaN, "highway": "unclassified", "length": 28.913, "maxspeed": NaN, "bridge": NaN, "access": NaN, "tunnel": NaN, "junction": NaN, "width": NaN, "service": NaN, "roughness": 4.0}}, {"type": "Feature", "geometry": {"type": "LineString", "coordinates": [[-54.6787244, -26.2892934], [-54.6786439, -26.2893174]]}, "properties": {"osmid": "261949215", "oneway": "False", "lanes": "2", "ref": NaN, "name": NaN, "highway": "unclassified", "length": 8.457, "maxspeed": NaN, "bridge": NaN, "access": NaN, "tunnel": NaN, "junction": NaN, "width": NaN, "service": NaN, "roughness": 4.0}}, {"type": "Feature", "geometry": {"type": "LineString", "coordinates": [[-54.6786439, -26.2893174], [-54.6785715, -26.2893559]]}, "properties": {"osmid": "261949215", "oneway": "False", "lanes": "2", "ref": NaN, "name": NaN, "highway": "unclassified", "length": 8.392, "maxspeed": NaN, "bridge": NaN, "access": NaN, "tunnel": NaN, "junction": NaN, "width": NaN, "service": NaN, "roughness": 4.0}}, {"type": "Feature", "geometry": {"type": "LineString", "coordinates": [[-54.6785715, -26.2893559], [-54.6785125, -26.2893992]]}, "properties": {"osmid": "261949215", "oneway": "False", "lanes": "2", "ref": NaN, "name": NaN, "highway": "unclassified", "length": 7.601, "maxspeed": NaN, "bridge": NaN, "access": NaN, "tunnel": NaN, "junction": NaN, "width": NaN, "service": NaN, "roughness": 4.0}}, {"type": "Feature", "geometry": {"type": "LineString", "coordinates": [[-54.6785125, -26.2893992], [-54.6784723, -26.2894521]]}, "properties": {"osmid": "261949215", "oneway": "False", "lanes": "2", "ref": NaN, "name": NaN, "highway": "unclassified", "length": 7.118, "maxspeed": NaN, "bridge": NaN, "access": NaN, "tunnel": NaN, "junction": NaN, "width": NaN, "service": NaN, "roughness": 4.0}}, {"type": "Feature", "geometry": {"type": "LineString", "coordinates": [[-54.6784723, -26.2894521], [-54.6784508, -26.2895026]]}, "properties": {"osmid": "261949215", "oneway": "False", "lanes": "2", "ref": NaN, "name": NaN, "highway": "unclassified", "length": 6.011, "maxspeed": NaN, "bridge": NaN, "access": NaN, "tunnel": NaN, "junction": NaN, "width": NaN, "service": NaN, "roughness": 4.0}}, {"type": "Feature", "geometry": {"type": "LineString", "coordinates": [[-54.6784508, -26.2895026], [-54.6784428, -26.2895675]]}, "properties": {"osmid": "261949215", "oneway": "False", "lanes": "2", "ref": NaN, "name": NaN, "highway": "unclassified", "length": 7.26, "maxspeed": NaN, "bridge": NaN, "access": NaN, "tunnel": NaN, "junction": NaN, "width": NaN, "service": NaN, "roughness": 4.0}}, {"type": "Feature", "geometry": {"type": "LineString", "coordinates": [[-54.6784428, -26.2895675], [-54.6784535, -26.2896156]]}, "properties": {"osmid": "261949215", "oneway": "False", "lanes": "2", "ref": NaN, "name": NaN, "highway": "unclassified", "length": 5.454, "maxspeed": NaN, "bridge": NaN, "access": NaN, "tunnel": NaN, "junction": NaN, "width": NaN, "service": NaN, "roughness": 4.0}}, {"type": "Feature", "geometry": {"type": "LineString", "coordinates": [[-54.6784535, -26.2896156], [-54.678483, -26.2896757]]}, "properties": {"osmid": "261949215", "oneway": "False", "lanes": "2", "ref": NaN, "name": NaN, "highway": "unclassified", "length": 7.301, "maxspeed": NaN, "bridge": NaN, "access": NaN, "tunnel": NaN, "junction": NaN, "width": NaN, "service": NaN, "roughness": 4.0}}, {"type": "Feature", "geometry": {"type": "LineString", "coordinates": [[-54.678483, -26.2896757], [-54.6785286, -26.2897238]]}, "properties": {"osmid": "261949215", "oneway": "False", "lanes": "2", "ref": NaN, "name": NaN, "highway": "unclassified", "length": 7.019, "maxspeed": NaN, "bridge": NaN, "access": NaN, "tunnel": NaN, "junction": NaN, "width": NaN, "service": NaN, "roughness": 4.0}}, {"type": "Feature", "geometry": {"type": "LineString", "coordinates": [[-54.6785286, -26.2897238], [-54.6786159, -26.2897975]]}, "properties": {"osmid": "261949215", "oneway": "False", "lanes": "2", "ref": NaN, "name": NaN, "highway": "unclassified", "length": 11.954, "maxspeed": NaN, "bridge": NaN, "access": NaN, "tunnel": NaN, "junction": NaN, "width": NaN, "service": NaN, "roughness": 4.0}}, {"type": "Feature", "geometry": {"type": "LineString", "coordinates": [[-54.6786159, -26.2897975], [-54.6786922, -26.2898489]]}, "properties": {"osmid": "261949215", "oneway": "False", "lanes": "2", "ref": NaN, "name": NaN, "highway": "unclassified", "length": 9.515, "maxspeed": NaN, "bridge": NaN, "access": NaN, "tunnel": NaN, "junction": NaN, "width": NaN, "service": NaN, "roughness": 4.0}}, {"type": "Feature", "geometry": {"type": "LineString", "coordinates": [[-54.6786922, -26.2898489], [-54.6788975, -26.2899538]]}, "properties": {"osmid": "261949215", "oneway": "False", "lanes": "2", "ref": NaN, "name": NaN, "highway": "unclassified", "length": 23.558, "maxspeed": NaN, "bridge": NaN, "access": NaN, "tunnel": NaN, "junction": NaN, "width": NaN, "service": NaN, "roughness": 4.0}}, {"type": "Feature", "geometry": {"type": "LineString", "coordinates": [[-54.6788975, -26.2899538], [-54.6803164, -26.290721]]}, "properties": {"osmid": "261949215", "oneway": "False", "lanes": "2", "ref": NaN, "name": NaN, "highway": "unclassified", "length": 165.188, "maxspeed": NaN, "bridge": NaN, "access": NaN, "tunnel": NaN, "junction": NaN, "width": NaN, "service": NaN, "roughness": 4.0}}, {"type": "Feature", "geometry": {"type": "LineString", "coordinates": [[-54.6803164, -26.290721], [-54.681215, -26.2911971]]}, "properties": {"osmid": "261949215", "oneway": "False", "lanes": "2", "ref": NaN, "name": NaN, "highway": "unclassified", "length": 104.057, "maxspeed": NaN, "bridge": NaN, "access": NaN, "tunnel": NaN, "junction": NaN, "width": NaN, "service": NaN, "roughness": 4.0}}, {"type": "Feature", "geometry": {"type": "LineString", "coordinates": [[-54.681215, -26.2911971], [-54.6827599, -26.2920508]]}, "properties": {"osmid": "261949215", "oneway": "False", "lanes": "2", "ref": NaN, "name": NaN, "highway": "unclassified", "length": 180.919, "maxspeed": NaN, "bridge": NaN, "access": NaN, "tunnel": NaN, "junction": NaN, "width": NaN, "service": NaN, "roughness": 4.0}}, {"type": "Feature", "geometry": {"type": "LineString", "coordinates": [[-54.6827599, -26.2920508], [-54.6845341, -26.2930279]]}, "properties": {"osmid": "261949215", "oneway": "False", "lanes": "2", "ref": NaN, "name": NaN, "highway": "unclassified", "length": 207.577, "maxspeed": NaN, "bridge": NaN, "access": NaN, "tunnel": NaN, "junction": NaN, "width": NaN, "service": NaN, "roughness": 4.0}}, {"type": "Feature", "geometry": {"type": "LineString", "coordinates": [[-54.6845341, -26.2930279], [-54.6857667, -26.2937052]]}, "properties": {"osmid": "261949215", "oneway": "False", "lanes": "2", "ref": NaN, "name": NaN, "highway": "unclassified", "length": 144.122, "maxspeed": NaN, "bridge": NaN, "access": NaN, "tunnel": NaN, "junction": NaN, "width": NaN, "service": NaN, "roughness": 4.0}}, {"type": "Feature", "geometry": {"type": "LineString", "coordinates": [[-54.6857667, -26.2937052], [-54.6867206, -26.2941896]]}, "properties": {"osmid": "261949215", "oneway": "False", "lanes": "2", "ref": NaN, "name": NaN, "highway": "unclassified", "length": 109.289, "maxspeed": NaN, "bridge": NaN, "access": NaN, "tunnel": NaN, "junction": NaN, "width": NaN, "service": NaN, "roughness": 4.0}}, {"type": "Feature", "geometry": {"type": "LineString", "coordinates": [[-54.6867206, -26.2941896], [-54.6874045, -26.294584]]}, "properties": {"osmid": "261949215", "oneway": "False", "lanes": "2", "ref": NaN, "name": NaN, "highway": "unclassified", "length": 81.065, "maxspeed": NaN, "bridge": NaN, "access": NaN, "tunnel": NaN, "junction": NaN, "width": NaN, "service": NaN, "roughness": 4.0}}, {"type": "Feature", "geometry": {"type": "LineString", "coordinates": [[-54.6874045, -26.294584], [-54.6876603, -26.2947585]]}, "properties": {"osmid": "261949215", "oneway": "False", "lanes": "2", "ref": NaN, "name": NaN, "highway": "unclassified", "length": 32.043, "maxspeed": NaN, "bridge": NaN, "access": NaN, "tunnel": NaN, "junction": NaN, "width": NaN, "service": NaN, "roughness": 4.0}}, {"type": "Feature", "geometry": {"type": "LineString", "coordinates": [[-54.6876603, -26.2947585], [-54.6862937, -26.2959447]]}, "properties": {"osmid": "261949223", "oneway": "False", "lanes": "2", "ref": NaN, "name": NaN, "highway": "unclassified", "length": 189.624, "maxspeed": NaN, "bridge": NaN, "access": NaN, "tunnel": NaN, "junction": NaN, "width": NaN, "service": NaN, "roughness": 4.0}}, {"type": "Feature", "geometry": {"type": "LineString", "coordinates": [[-54.6862937, -26.2959447], [-54.6829839, -26.298787]]}, "properties": {"osmid": "261949223", "oneway": "False", "lanes": "2", "ref": NaN, "name": NaN, "highway": "unclassified", "length": 456.893, "maxspeed": NaN, "bridge": NaN, "access": NaN, "tunnel": NaN, "junction": NaN, "width": NaN, "service": NaN, "roughness": 4.0}}, {"type": "Feature", "geometry": {"type": "LineString", "coordinates": [[-54.6829839, -26.298787], [-54.6805055, -26.3009126]]}, "properties": {"osmid": "261949223", "oneway": "False", "lanes": "2", "ref": NaN, "name": NaN, "highway": "unclassified", "length": 341.91, "maxspeed": NaN, "bridge": NaN, "access": NaN, "tunnel": NaN, "junction": NaN, "width": NaN, "service": NaN, "roughness": 4.0}}, {"type": "Feature", "geometry": {"type": "LineString", "coordinates": [[-54.6805055, -26.3009126], [-54.6793736, -26.30186]]}, "properties": {"osmid": "261949223", "oneway": "False", "lanes": "2", "ref": NaN, "name": NaN, "highway": "unclassified", "length": 154.366, "maxspeed": NaN, "bridge": NaN, "access": NaN, "tunnel": NaN, "junction": NaN, "width": NaN, "service": NaN, "roughness": 4.0}}, {"type": "Feature", "geometry": {"type": "LineString", "coordinates": [[-54.6793736, -26.30186], [-54.6778233, -26.3030574]]}, "properties": {"osmid": "261949223", "oneway": "False", "lanes": "2", "ref": NaN, "name": NaN, "highway": "unclassified", "length": 203.984, "maxspeed": NaN, "bridge": NaN, "access": NaN, "tunnel": NaN, "junction": NaN, "width": NaN, "service": NaN, "roughness": 4.0}}, {"type": "Feature", "geometry": {"type": "LineString", "coordinates": [[-54.6778233, -26.3030574], [-54.6752015, -26.3051397]]}, "properties": {"osmid": "261949223", "oneway": "False", "lanes": "2", "ref": NaN, "name": NaN, "highway": "unclassified", "length": 349.16, "maxspeed": NaN, "bridge": NaN, "access": NaN, "tunnel": NaN, "junction": NaN, "width": NaN, "service": NaN, "roughness": 4.0}}, {"type": "Feature", "geometry": {"type": "LineString", "coordinates": [[-54.6752015, -26.3051397], [-54.6739663, -26.306164]]}, "properties": {"osmid": "261949223", "oneway": "False", "lanes": "2", "ref": NaN, "name": NaN, "highway": "unclassified", "length": 167.727, "maxspeed": NaN, "bridge": NaN, "access": NaN, "tunnel": NaN, "junction": NaN, "width": NaN, "service": NaN, "roughness": 4.0}}, {"type": "Feature", "geometry": {"type": "LineString", "coordinates": [[-54.6739663, -26.306164], [-54.6738, -26.3062987]]}, "properties": {"osmid": "261949223", "oneway": "False", "lanes": "2", "ref": NaN, "name": NaN, "highway": "unclassified", "length": 22.341, "maxspeed": NaN, "bridge": NaN, "access": NaN, "tunnel": NaN, "junction": NaN, "width": NaN, "service": NaN, "roughness": 4.0}}, {"type": "Feature", "geometry": {"type": "LineString", "coordinates": [[-54.6738, -26.3062987], [-54.6732837, -26.3066562]]}, "properties": {"osmid": "261949223", "oneway": "False", "lanes": "2", "ref": NaN, "name": NaN, "highway": "unclassified", "length": 65.029, "maxspeed": NaN, "bridge": NaN, "access": NaN, "tunnel": NaN, "junction": NaN, "width": NaN, "service": NaN, "roughness": 4.0}}, {"type": "Feature", "geometry": {"type": "LineString", "coordinates": [[-54.6732837, -26.3066562], [-54.673108, -26.3067844]]}, "properties": {"osmid": "261949223", "oneway": "False", "lanes": "2", "ref": NaN, "name": NaN, "highway": "unclassified", "length": 22.582, "maxspeed": NaN, "bridge": NaN, "access": NaN, "tunnel": NaN, "junction": NaN, "width": NaN, "service": NaN, "roughness": 4.0}}, {"type": "Feature", "geometry": {"type": "LineString", "coordinates": [[-54.673108, -26.3067844], [-54.6719761, -26.3077221]]}, "properties": {"osmid": "261949223", "oneway": "False", "lanes": "2", "ref": NaN, "name": NaN, "highway": "unclassified", "length": 153.628, "maxspeed": NaN, "bridge": NaN, "access": NaN, "tunnel": NaN, "junction": NaN, "width": NaN, "service": NaN, "roughness": 4.0}}, {"type": "Feature", "geometry": {"type": "LineString", "coordinates": [[-54.6719761, -26.3077221], [-54.6711612, -26.3083795]]}, "properties": {"osmid": "261949223", "oneway": "False", "lanes": "2", "ref": NaN, "name": NaN, "highway": "unclassified", "length": 109.277, "maxspeed": NaN, "bridge": NaN, "access": NaN, "tunnel": NaN, "junction": NaN, "width": NaN, "service": NaN, "roughness": 4.0}}, {"type": "Feature", "geometry": {"type": "LineString", "coordinates": [[-54.6711612, -26.3083795], [-54.6708216, -26.3086739]]}, "properties": {"osmid": "261949223", "oneway": "False", "lanes": "2", "ref": NaN, "name": NaN, "highway": "unclassified", "length": 47.09, "maxspeed": NaN, "bridge": NaN, "access": NaN, "tunnel": NaN, "junction": NaN, "width": NaN, "service": NaN, "roughness": 4.0}}, {"type": "Feature", "geometry": {"type": "LineString", "coordinates": [[-54.6708216, -26.3086739], [-54.6706243, -26.3088713]]}, "properties": {"osmid": "261949223", "oneway": "False", "lanes": "2", "ref": NaN, "name": NaN, "highway": "unclassified", "length": 29.471, "maxspeed": NaN, "bridge": NaN, "access": NaN, "tunnel": NaN, "junction": NaN, "width": NaN, "service": NaN, "roughness": 4.0}}, {"type": "Feature", "geometry": {"type": "LineString", "coordinates": [[-54.6706243, -26.3088713], [-54.6703398, -26.3093234]]}, "properties": {"osmid": "261949223", "oneway": "False", "lanes": "2", "ref": NaN, "name": NaN, "highway": "unclassified", "length": 57.718, "maxspeed": NaN, "bridge": NaN, "access": NaN, "tunnel": NaN, "junction": NaN, "width": NaN, "service": NaN, "roughness": 4.0}}, {"type": "Feature", "geometry": {"type": "LineString", "coordinates": [[-54.6703398, -26.3093234], [-54.6700382, -26.3097627]]}, "properties": {"osmid": "261949223", "oneway": "False", "lanes": "2", "ref": NaN, "name": NaN, "highway": "unclassified", "length": 57.357, "maxspeed": NaN, "bridge": NaN, "access": NaN, "tunnel": NaN, "junction": NaN, "width": NaN, "service": NaN, "roughness": 4.0}}, {"type": "Feature", "geometry": {"type": "LineString", "coordinates": [[-54.6700382, -26.3097627], [-54.6698344, -26.3100704]]}, "properties": {"osmid": "261949223", "oneway": "False", "lanes": "2", "ref": NaN, "name": NaN, "highway": "unclassified", "length": 39.791, "maxspeed": NaN, "bridge": NaN, "access": NaN, "tunnel": NaN, "junction": NaN, "width": NaN, "service": NaN, "roughness": 4.0}}, {"type": "Feature", "geometry": {"type": "LineString", "coordinates": [[-54.6698344, -26.3100704], [-54.6696479, -26.3102371]]}, "properties": {"osmid": "261949223", "oneway": "False", "lanes": "2", "ref": NaN, "name": NaN, "highway": "unclassified", "length": 26.252, "maxspeed": NaN, "bridge": NaN, "access": NaN, "tunnel": NaN, "junction": NaN, "width": NaN, "service": NaN, "roughness": 4.0}}, {"type": "Feature", "geometry": {"type": "LineString", "coordinates": [[-54.6696479, -26.3102371], [-54.669546, -26.3103236]]}, "properties": {"osmid": "261949223", "oneway": "False", "lanes": "2", "ref": NaN, "name": NaN, "highway": "unclassified", "length": 13.988, "maxspeed": NaN, "bridge": NaN, "access": NaN, "tunnel": NaN, "junction": NaN, "width": NaN, "service": NaN, "roughness": 4.0}}, {"type": "Feature", "geometry": {"type": "LineString", "coordinates": [[-54.669546, -26.3103236], [-54.6694602, -26.3103813]]}, "properties": {"osmid": "261949223", "oneway": "False", "lanes": "2", "ref": NaN, "name": NaN, "highway": "unclassified", "length": 10.691, "maxspeed": NaN, "bridge": NaN, "access": NaN, "tunnel": NaN, "junction": NaN, "width": NaN, "service": NaN, "roughness": 4.0}}, {"type": "Feature", "geometry": {"type": "LineString", "coordinates": [[-54.6694602, -26.3103813], [-54.6687575, -26.3106987]]}, "properties": {"osmid": "261949223", "oneway": "False", "lanes": "2", "ref": NaN, "name": NaN, "highway": "unclassified", "length": 78.432, "maxspeed": NaN, "bridge": NaN, "access": NaN, "tunnel": NaN, "junction": NaN, "width": NaN, "service": NaN, "roughness": 4.0}}, {"type": "Feature", "geometry": {"type": "LineString", "coordinates": [[-54.6687575, -26.3106987], [-54.6681727, -26.3109247]]}, "properties": {"osmid": "261949223", "oneway": "False", "lanes": "2", "ref": NaN, "name": NaN, "highway": "unclassified", "length": 63.477, "maxspeed": NaN, "bridge": NaN, "access": NaN, "tunnel": NaN, "junction": NaN, "width": NaN, "service": NaN, "roughness": 4.0}}, {"type": "Feature", "geometry": {"type": "LineString", "coordinates": [[-54.6681727, -26.3109247], [-54.6680172, -26.3109632]]}, "properties": {"osmid": "261949223", "oneway": "False", "lanes": "2", "ref": NaN, "name": NaN, "highway": "unclassified", "length": 16.08, "maxspeed": NaN, "bridge": NaN, "access": NaN, "tunnel": NaN, "junction": NaN, "width": NaN, "service": NaN, "roughness": 4.0}}, {"type": "Feature", "geometry": {"type": "LineString", "coordinates": [[-54.6680172, -26.3109632], [-54.6675773, -26.3110834]]}, "properties": {"osmid": "261949223", "oneway": "False", "lanes": "2", "ref": NaN, "name": NaN, "highway": "unclassified", "length": 45.839, "maxspeed": NaN, "bridge": NaN, "access": NaN, "tunnel": NaN, "junction": NaN, "width": NaN, "service": NaN, "roughness": 4.0}}, {"type": "Feature", "geometry": {"type": "LineString", "coordinates": [[-54.6675773, -26.3110834], [-54.6652371, -26.3120997]]}, "properties": {"osmid": "261949223", "oneway": "False", "lanes": "2", "ref": NaN, "name": NaN, "highway": "unclassified", "length": 259.192, "maxspeed": NaN, "bridge": NaN, "access": NaN, "tunnel": NaN, "junction": NaN, "width": NaN, "service": NaN, "roughness": 4.0}}, {"type": "Feature", "geometry": {"type": "LineString", "coordinates": [[-54.6652371, -26.3120997], [-54.6623309, -26.3132425]]}, "properties": {"osmid": "261949223", "oneway": "False", "lanes": "2", "ref": NaN, "name": NaN, "highway": "unclassified", "length": 316.319, "maxspeed": NaN, "bridge": NaN, "access": NaN, "tunnel": NaN, "junction": NaN, "width": NaN, "service": NaN, "roughness": 4.0}}, {"type": "Feature", "geometry": {"type": "LineString", "coordinates": [[-54.6623309, -26.3132425], [-54.6621002, -26.313329]]}, "properties": {"osmid": "261949223", "oneway": "False", "lanes": "2", "ref": NaN, "name": NaN, "highway": "unclassified", "length": 24.925, "maxspeed": NaN, "bridge": NaN, "access": NaN, "tunnel": NaN, "junction": NaN, "width": NaN, "service": NaN, "roughness": 4.0}}, {"type": "Feature", "geometry": {"type": "LineString", "coordinates": [[-54.6621002, -26.313329], [-54.6619701, -26.313374]]}, "properties": {"osmid": "261949223", "oneway": "False", "lanes": "2", "ref": NaN, "name": NaN, "highway": "unclassified", "length": 13.899, "maxspeed": NaN, "bridge": NaN, "access": NaN, "tunnel": NaN, "junction": NaN, "width": NaN, "service": NaN, "roughness": 4.0}}, {"type": "Feature", "geometry": {"type": "LineString", "coordinates": [[-54.6619701, -26.313374], [-54.6618266, -26.3134059]]}, "properties": {"osmid": "261949223", "oneway": "False", "lanes": "2", "ref": NaN, "name": NaN, "highway": "unclassified", "length": 14.736, "maxspeed": NaN, "bridge": NaN, "access": NaN, "tunnel": NaN, "junction": NaN, "width": NaN, "service": NaN, "roughness": 4.0}}, {"type": "Feature", "geometry": {"type": "LineString", "coordinates": [[-54.6618266, -26.3134059], [-54.6616818, -26.3134348]]}, "properties": {"osmid": "261949223", "oneway": "False", "lanes": "2", "ref": NaN, "name": NaN, "highway": "unclassified", "length": 14.786, "maxspeed": NaN, "bridge": NaN, "access": NaN, "tunnel": NaN, "junction": NaN, "width": NaN, "service": NaN, "roughness": 4.0}}, {"type": "Feature", "geometry": {"type": "LineString", "coordinates": [[-54.6616818, -26.3134348], [-54.6608557, -26.3135454]]}, "properties": {"osmid": "261949223", "oneway": "False", "lanes": "2", "ref": NaN, "name": NaN, "highway": "unclassified", "length": 83.253, "maxspeed": NaN, "bridge": NaN, "access": NaN, "tunnel": NaN, "junction": NaN, "width": NaN, "service": NaN, "roughness": 4.0}}, {"type": "Feature", "geometry": {"type": "LineString", "coordinates": [[-54.6608557, -26.3135454], [-54.660743, -26.3135791]]}, "properties": {"osmid": "261949223", "oneway": "False", "lanes": "2", "ref": NaN, "name": NaN, "highway": "unclassified", "length": 11.842, "maxspeed": NaN, "bridge": NaN, "access": NaN, "tunnel": NaN, "junction": NaN, "width": NaN, "service": NaN, "roughness": 4.0}}, {"type": "Feature", "geometry": {"type": "LineString", "coordinates": [[-54.660743, -26.3135791], [-54.6606089, -26.3136223]]}, "properties": {"osmid": "261949223", "oneway": "False", "lanes": "2", "ref": NaN, "name": NaN, "highway": "unclassified", "length": 14.203, "maxspeed": NaN, "bridge": NaN, "access": NaN, "tunnel": NaN, "junction": NaN, "width": NaN, "service": NaN, "roughness": 4.0}}, {"type": "Feature", "geometry": {"type": "LineString", "coordinates": [[-54.6606089, -26.3136223], [-54.6599223, -26.3138387]]}, "properties": {"osmid": "261949223", "oneway": "False", "lanes": "2", "ref": NaN, "name": NaN, "highway": "unclassified", "length": 72.543, "maxspeed": NaN, "bridge": NaN, "access": NaN, "tunnel": NaN, "junction": NaN, "width": NaN, "service": NaN, "roughness": 4.0}}, {"type": "Feature", "geometry": {"type": "LineString", "coordinates": [[-54.6599223, -26.3138387], [-54.6597385, -26.3139221]]}, "properties": {"osmid": "261949223", "oneway": "False", "lanes": "2", "ref": NaN, "name": NaN, "highway": "unclassified", "length": 20.533, "maxspeed": NaN, "bridge": NaN, "access": NaN, "tunnel": NaN, "junction": NaN, "width": NaN, "service": NaN, "roughness": 4.0}}, {"type": "Feature", "geometry": {"type": "LineString", "coordinates": [[-54.6597385, -26.3139221], [-54.659642, -26.3139847]]}, "properties": {"osmid": "261949223", "oneway": "False", "lanes": "2", "ref": NaN, "name": NaN, "highway": "unclassified", "length": 11.873, "maxspeed": NaN, "bridge": NaN, "access": NaN, "tunnel": NaN, "junction": NaN, "width": NaN, "service": NaN, "roughness": 4.0}}, {"type": "Feature", "geometry": {"type": "LineString", "coordinates": [[-54.659642, -26.3139847], [-54.6595467, -26.3140743]]}, "properties": {"osmid": "261949223", "oneway": "False", "lanes": "2", "ref": NaN, "name": NaN, "highway": "unclassified", "length": 13.766, "maxspeed": NaN, "bridge": NaN, "access": NaN, "tunnel": NaN, "junction": NaN, "width": NaN, "service": NaN, "roughness": 4.0}}, {"type": "Feature", "geometry": {"type": "LineString", "coordinates": [[-54.6595467, -26.3140743], [-54.6593536, -26.3142522]]}, "properties": {"osmid": "261949223", "oneway": "False", "lanes": "2", "ref": NaN, "name": NaN, "highway": "unclassified", "length": 27.6, "maxspeed": NaN, "bridge": NaN, "access": NaN, "tunnel": NaN, "junction": NaN, "width": NaN, "service": NaN, "roughness": 4.0}}, {"type": "Feature", "geometry": {"type": "LineString", "coordinates": [[-54.6593536, -26.3142522], [-54.6592571, -26.3143148]]}, "properties": {"osmid": "261949223", "oneway": "False", "lanes": "2", "ref": NaN, "name": NaN, "highway": "unclassified", "length": 11.873, "maxspeed": NaN, "bridge": NaN, "access": NaN, "tunnel": NaN, "junction": NaN, "width": NaN, "service": NaN, "roughness": 4.0}}, {"type": "Feature", "geometry": {"type": "LineString", "coordinates": [[-54.6592571, -26.3143148], [-54.6591391, -26.3143628]]}, "properties": {"osmid": "261949223", "oneway": "False", "lanes": "2", "ref": NaN, "name": NaN, "highway": "unclassified", "length": 12.916, "maxspeed": NaN, "bridge": NaN, "access": NaN, "tunnel": NaN, "junction": NaN, "width": NaN, "service": NaN, "roughness": 4.0}}, {"type": "Feature", "geometry": {"type": "LineString", "coordinates": [[-54.6591391, -26.3143628], [-54.6590049, -26.3144205]]}, "properties": {"osmid": "261949223", "oneway": "False", "lanes": "2", "ref": NaN, "name": NaN, "highway": "unclassified", "length": 14.835, "maxspeed": NaN, "bridge": NaN, "access": NaN, "tunnel": NaN, "junction": NaN, "width": NaN, "service": NaN, "roughness": 4.0}}]}