{"type": "FeatureCollection", "features": [{"type": "Feature", "geometry": {"type": "LineString", "coordinates": [[-57.2454253, -25.7625172], [-57.2448717, -25.7637488]]}, "properties": {"osmid": "416771773", "oneway": "False", "lanes": "2", "ref": NaN, "name": "Teniente Manuel Cabello", "highway": "tertiary", "length": 147.744, "maxspeed": NaN, "bridge": NaN, "access": NaN, "tunnel": NaN, "junction": NaN, "width": NaN, "service": NaN, "roughness": 2.0}}, {"type": "Feature", "geometry": {"type": "LineString", "coordinates": [[-57.2448717, -25.7637488], [-57.2444249, -25.7647754]]}, "properties": {"osmid": "416771773", "oneway": "False", "lanes": "2", "ref": NaN, "name": "Teniente Manuel Cabello", "highway": "tertiary", "length": 122.608, "maxspeed": NaN, "bridge": NaN, "access": NaN, "tunnel": NaN, "junction": NaN, "width": NaN, "service": NaN, "roughness": 2.0}}, {"type": "Feature", "geometry": {"type": "LineString", "coordinates": [[-57.2444249, -25.7647754], [-57.2443251, -25.7649947]]}, "properties": {"osmid": "416771773", "oneway": "False", "lanes": "2", "ref": NaN, "name": "Teniente Manuel Cabello", "highway": "tertiary", "length": 26.354, "maxspeed": NaN, "bridge": NaN, "access": NaN, "tunnel": NaN, "junction": NaN, "width": NaN, "service": NaN, "roughness": 2.0}}, {"type": "Feature", "geometry": {"type": "LineString", "coordinates": [[-57.2443251, -25.7649947], [-57.2440493, -25.7656298]]}, "properties": {"osmid": "416771773", "oneway": "False", "lanes": "2", "ref": NaN, "name": "Teniente Manuel Cabello", "highway": "tertiary", "length": 75.829, "maxspeed": NaN, "bridge": NaN, "access": NaN, "tunnel": NaN, "junction": NaN, "width": NaN, "service": NaN, "roughness": 2.0}}, {"type": "Feature", "geometry": {"type": "LineString", "coordinates": [[-57.2440493, -25.7656298], [-57.2437619, -25.7662951]]}, "properties": {"osmid": "416771773", "oneway": "False", "lanes": "2", "ref": NaN, "name": "Teniente Manuel Cabello", "highway": "tertiary", "length": 79.379, "maxspeed": NaN, "bridge": NaN, "access": NaN, "tunnel": NaN, "junction": NaN, "width": NaN, "service": NaN, "roughness": 2.0}}, {"type": "Feature", "geometry": {"type": "LineString", "coordinates": [[-57.2437619, -25.7662951], [-57.2432859, -25.7675109]]}, "properties": {"osmid": "416771773", "oneway": "False", "lanes": "2", "ref": NaN, "name": "Teniente Manuel Cabello", "highway": "tertiary", "length": 143.348, "maxspeed": NaN, "bridge": NaN, "access": NaN, "tunnel": NaN, "junction": NaN, "width": NaN, "service": NaN, "roughness": 2.0}}, {"type": "Feature", "geometry": {"type": "LineString", "coordinates": [[-57.2432859, -25.7675109], [-57.2429914, -25.7681274]]}, "properties": {"osmid": "725865645", "oneway": "True", "lanes": "2", "ref": NaN, "name": "Teniente Manuel Cabello", "highway": "tertiary", "length": 74.626, "maxspeed": NaN, "bridge": NaN, "access": NaN, "tunnel": NaN, "junction": NaN, "width": NaN, "service": NaN, "roughness": 2.0}}, {"type": "Feature", "geometry": {"type": "LineString", "coordinates": [[-57.2429914, -25.7681274], [-57.2428187, -25.7685446]]}, "properties": {"osmid": "725865645", "oneway": "True", "lanes": "2", "ref": NaN, "name": "Teniente Manuel Cabello", "highway": "tertiary", "length": 49.509, "maxspeed": NaN, "bridge": NaN, "access": NaN, "tunnel": NaN, "junction": NaN, "width": NaN, "service": NaN, "roughness": 2.0}}, {"type": "Feature", "geometry": {"type": "LineString", "coordinates": [[-57.2428187, -25.7685446], [-57.2427149, -25.7687955]]}, "properties": {"osmid": "725865645", "oneway": "True", "lanes": "2", "ref": NaN, "name": "Teniente Manuel Cabello", "highway": "tertiary", "length": 29.772, "maxspeed": NaN, "bridge": NaN, "access": NaN, "tunnel": NaN, "junction": NaN, "width": NaN, "service": NaN, "roughness": 2.0}}, {"type": "Feature", "geometry": {"type": "LineString", "coordinates": [[-57.2427149, -25.7687955], [-57.2434162, -25.7690575]]}, "properties": {"osmid": "893117458", "oneway": "False", "lanes": "2", "ref": "PY01", "name": "Mariscal Francisco Solano L\u00f3pez", "highway": "trunk", "length": 76.029, "maxspeed": NaN, "bridge": NaN, "access": NaN, "tunnel": NaN, "junction": NaN, "width": NaN, "service": NaN, "roughness": 2.0}}, {"type": "Feature", "geometry": {"type": "LineString", "coordinates": [[-57.2434162, -25.7690575], [-57.2436133, -25.7691571]]}, "properties": {"osmid": "893117458", "oneway": "False", "lanes": "2", "ref": "PY01", "name": "Mariscal Francisco Solano L\u00f3pez", "highway": "trunk", "length": 22.632, "maxspeed": NaN, "bridge": NaN, "access": NaN, "tunnel": NaN, "junction": NaN, "width": NaN, "service": NaN, "roughness": 2.0}}, {"type": "Feature", "geometry": {"type": "LineString", "coordinates": [[-57.2436133, -25.7691571], [-57.2438528, -25.7693137]]}, "properties": {"osmid": "893117458", "oneway": "False", "lanes": "2", "ref": "PY01", "name": "Mariscal Francisco Solano L\u00f3pez", "highway": "trunk", "length": 29.638, "maxspeed": NaN, "bridge": NaN, "access": NaN, "tunnel": NaN, "junction": NaN, "width": NaN, "service": NaN, "roughness": 2.0}}, {"type": "Feature", "geometry": {"type": "LineString", "coordinates": [[-57.2438528, -25.7693137], [-57.2440403, -25.7694704]]}, "properties": {"osmid": "893117458", "oneway": "False", "lanes": "2", "ref": "PY01", "name": "Mariscal Francisco Solano L\u00f3pez", "highway": "trunk", "length": 25.615, "maxspeed": NaN, "bridge": NaN, "access": NaN, "tunnel": NaN, "junction": NaN, "width": NaN, "service": NaN, "roughness": 2.0}}, {"type": "Feature", "geometry": {"type": "LineString", "coordinates": [[-57.2440403, -25.7694704], [-57.2442163, -25.7696643]]}, "properties": {"osmid": "893117458", "oneway": "False", "lanes": "2", "ref": "PY01", "name": "Mariscal Francisco Solano L\u00f3pez", "highway": "trunk", "length": 27.847, "maxspeed": NaN, "bridge": NaN, "access": NaN, "tunnel": NaN, "junction": NaN, "width": NaN, "service": NaN, "roughness": 2.0}}, {"type": "Feature", "geometry": {"type": "LineString", "coordinates": [[-57.2442163, -25.7696643], [-57.2445465, -25.7701082]]}, "properties": {"osmid": "893117458", "oneway": "False", "lanes": "2", "ref": "PY01", "name": "Mariscal Francisco Solano L\u00f3pez", "highway": "trunk", "length": 59.411, "maxspeed": NaN, "bridge": NaN, "access": NaN, "tunnel": NaN, "junction": NaN, "width": NaN, "service": NaN, "roughness": 2.0}}, {"type": "Feature", "geometry": {"type": "LineString", "coordinates": [[-57.2445465, -25.7701082], [-57.2453048, -25.771113]]}, "properties": {"osmid": "893117458", "oneway": "False", "lanes": "2", "ref": "PY01", "name": "Mariscal Francisco Solano L\u00f3pez", "highway": "trunk", "length": 135.089, "maxspeed": NaN, "bridge": NaN, "access": NaN, "tunnel": NaN, "junction": NaN, "width": NaN, "service": NaN, "roughness": 2.0}}, {"type": "Feature", "geometry": {"type": "LineString", "coordinates": [[-57.2453048, -25.771113], [-57.2455286, -25.7714105]]}, "properties": {"osmid": "893117458", "oneway": "False", "lanes": "2", "ref": "PY01", "name": "Mariscal Francisco Solano L\u00f3pez", "highway": "trunk", "length": 39.957, "maxspeed": NaN, "bridge": NaN, "access": NaN, "tunnel": NaN, "junction": NaN, "width": NaN, "service": NaN, "roughness": 2.0}}, {"type": "Feature", "geometry": {"type": "LineString", "coordinates": [[-57.2455286, -25.7714105], [-57.2460594, -25.7721279]]}, "properties": {"osmid": "542417964", "oneway": "False", "lanes": "2", "ref": "PY01", "name": "Mariscal Francisco Solano L\u00f3pez", "highway": "primary", "length": 95.857, "maxspeed": NaN, "bridge": NaN, "access": NaN, "tunnel": NaN, "junction": NaN, "width": NaN, "service": NaN, "roughness": 2.0}}, {"type": "Feature", "geometry": {"type": "LineString", "coordinates": [[-57.2460594, -25.7721279], [-57.2465602, -25.7728047]]}, "properties": {"osmid": "542417964", "oneway": "False", "lanes": "2", "ref": "PY01", "name": "Mariscal Francisco Solano L\u00f3pez", "highway": "primary", "length": 90.434, "maxspeed": NaN, "bridge": NaN, "access": NaN, "tunnel": NaN, "junction": NaN, "width": NaN, "service": NaN, "roughness": 2.0}}, {"type": "Feature", "geometry": {"type": "LineString", "coordinates": [[-57.2465602, -25.7728047], [-57.2468971, -25.7732558]]}, "properties": {"osmid": "542417964", "oneway": "False", "lanes": "2", "ref": "PY01", "name": "Mariscal Francisco Solano L\u00f3pez", "highway": "primary", "length": 60.449, "maxspeed": NaN, "bridge": NaN, "access": NaN, "tunnel": NaN, "junction": NaN, "width": NaN, "service": NaN, "roughness": 2.0}}, {"type": "Feature", "geometry": {"type": "LineString", "coordinates": [[-57.2468971, -25.7732558], [-57.2490155, -25.7760668]]}, "properties": {"osmid": "542417964", "oneway": "False", "lanes": "2", "ref": "PY01", "name": "Mariscal Francisco Solano L\u00f3pez", "highway": "primary", "length": 377.75, "maxspeed": NaN, "bridge": NaN, "access": NaN, "tunnel": NaN, "junction": NaN, "width": NaN, "service": NaN, "roughness": 2.0}}, {"type": "Feature", "geometry": {"type": "LineString", "coordinates": [[-57.2490155, -25.7760668], [-57.2502064, -25.7776578]]}, "properties": {"osmid": "542417964", "oneway": "False", "lanes": "2", "ref": "PY01", "name": "Mariscal Francisco Solano L\u00f3pez", "highway": "primary", "length": 213.347, "maxspeed": NaN, "bridge": NaN, "access": NaN, "tunnel": NaN, "junction": NaN, "width": NaN, "service": NaN, "roughness": 2.0}}, {"type": "Feature", "geometry": {"type": "LineString", "coordinates": [[-57.2502064, -25.7776578], [-57.2503544, -25.7778593]]}, "properties": {"osmid": "542417964", "oneway": "False", "lanes": "2", "ref": "PY01", "name": "Mariscal Francisco Solano L\u00f3pez", "highway": "primary", "length": 26.863, "maxspeed": NaN, "bridge": NaN, "access": NaN, "tunnel": NaN, "junction": NaN, "width": NaN, "service": NaN, "roughness": 2.0}}, {"type": "Feature", "geometry": {"type": "LineString", "coordinates": [[-57.2503544, -25.7778593], [-57.2506932, -25.7782765]]}, "properties": {"osmid": "542417964", "oneway": "False", "lanes": "2", "ref": "PY01", "name": "Mariscal Francisco Solano L\u00f3pez", "highway": "primary", "length": 57.471, "maxspeed": NaN, "bridge": NaN, "access": NaN, "tunnel": NaN, "junction": NaN, "width": NaN, "service": NaN, "roughness": 2.0}}, {"type": "Feature", "geometry": {"type": "LineString", "coordinates": [[-57.2506932, -25.7782765], [-57.2531005, -25.781509]]}, "properties": {"osmid": "542417964", "oneway": "False", "lanes": "2", "ref": "PY01", "name": "Mariscal Francisco Solano L\u00f3pez", "highway": "primary", "length": 432.776, "maxspeed": NaN, "bridge": NaN, "access": NaN, "tunnel": NaN, "junction": NaN, "width": NaN, "service": NaN, "roughness": 2.0}}, {"type": "Feature", "geometry": {"type": "LineString", "coordinates": [[-57.2531005, -25.781509], [-57.2543246, -25.7831347]]}, "properties": {"osmid": "542417964", "oneway": "False", "lanes": "2", "ref": "PY01", "name": "Mariscal Francisco Solano L\u00f3pez", "highway": "primary", "length": 218.403, "maxspeed": NaN, "bridge": NaN, "access": NaN, "tunnel": NaN, "junction": NaN, "width": NaN, "service": NaN, "roughness": 2.0}}, {"type": "Feature", "geometry": {"type": "LineString", "coordinates": [[-57.2543246, -25.7831347], [-57.2552404, -25.7843415]]}, "properties": {"osmid": "542417964", "oneway": "False", "lanes": "2", "ref": "PY01", "name": "Mariscal Francisco Solano L\u00f3pez", "highway": "primary", "length": 162.526, "maxspeed": NaN, "bridge": NaN, "access": NaN, "tunnel": NaN, "junction": NaN, "width": NaN, "service": NaN, "roughness": 2.0}}, {"type": "Feature", "geometry": {"type": "LineString", "coordinates": [[-57.2552404, -25.7843415], [-57.2556328, -25.7848351]]}, "properties": {"osmid": "542417964", "oneway": "False", "lanes": "2", "ref": "PY01", "name": "Mariscal Francisco Solano L\u00f3pez", "highway": "primary", "length": 67.499, "maxspeed": NaN, "bridge": NaN, "access": NaN, "tunnel": NaN, "junction": NaN, "width": NaN, "service": NaN, "roughness": 2.0}}, {"type": "Feature", "geometry": {"type": "LineString", "coordinates": [[-57.2556328, -25.7848351], [-57.2559569, -25.7852713]]}, "properties": {"osmid": "542417964", "oneway": "False", "lanes": "2", "ref": "PY01", "name": "Mariscal Francisco Solano L\u00f3pez", "highway": "primary", "length": 58.357, "maxspeed": NaN, "bridge": NaN, "access": NaN, "tunnel": NaN, "junction": NaN, "width": NaN, "service": NaN, "roughness": 2.0}}, {"type": "Feature", "geometry": {"type": "LineString", "coordinates": [[-57.2559569, -25.7852713], [-57.2561218, -25.7855229]]}, "properties": {"osmid": "700954751", "oneway": "True", "lanes": "1", "ref": "PY01", "name": "Mariscal Francisco Solano L\u00f3pez", "highway": "primary", "length": 32.485, "maxspeed": NaN, "bridge": NaN, "access": NaN, "tunnel": NaN, "junction": NaN, "width": NaN, "service": NaN, "roughness": 2.0}}, {"type": "Feature", "geometry": {"type": "LineString", "coordinates": [[-57.2561218, -25.7855229], [-57.2563249, -25.7858089]]}, "properties": {"osmid": "700954751", "oneway": "True", "lanes": "1", "ref": "PY01", "name": "Mariscal Francisco Solano L\u00f3pez", "highway": "primary", "length": 37.747, "maxspeed": NaN, "bridge": NaN, "access": NaN, "tunnel": NaN, "junction": NaN, "width": NaN, "service": NaN, "roughness": 2.0}}, {"type": "Feature", "geometry": {"type": "LineString", "coordinates": [[-57.2563249, -25.7858089], [-57.256495, -25.7860483]]}, "properties": {"osmid": "700954751", "oneway": "True", "lanes": "1", "ref": "PY01", "name": "Mariscal Francisco Solano L\u00f3pez", "highway": "primary", "length": 31.602, "maxspeed": NaN, "bridge": NaN, "access": NaN, "tunnel": NaN, "junction": NaN, "width": NaN, "service": NaN, "roughness": 2.0}}, {"type": "Feature", "geometry": {"type": "LineString", "coordinates": [[-57.256495, -25.7860483], [-57.2570756, -25.7868021]]}, "properties": {"osmid": "700954751", "oneway": "True", "lanes": "1", "ref": "PY01", "name": "Mariscal Francisco Solano L\u00f3pez", "highway": "primary", "length": 102.004, "maxspeed": NaN, "bridge": NaN, "access": NaN, "tunnel": NaN, "junction": NaN, "width": NaN, "service": NaN, "roughness": 2.0}}, {"type": "Feature", "geometry": {"type": "LineString", "coordinates": [[-57.2570756, -25.7868021], [-57.2572067, -25.7869723]]}, "properties": {"osmid": "700954751", "oneway": "True", "lanes": "1", "ref": "PY01", "name": "Mariscal Francisco Solano L\u00f3pez", "highway": "primary", "length": 23.032, "maxspeed": NaN, "bridge": NaN, "access": NaN, "tunnel": NaN, "junction": NaN, "width": NaN, "service": NaN, "roughness": 2.0}}, {"type": "Feature", "geometry": {"type": "LineString", "coordinates": [[-57.2572067, -25.7869723], [-57.2572609, -25.787057]]}, "properties": {"osmid": "700954751", "oneway": "True", "lanes": "1", "ref": "PY01", "name": "Mariscal Francisco Solano L\u00f3pez", "highway": "primary", "length": 10.87, "maxspeed": NaN, "bridge": NaN, "access": NaN, "tunnel": NaN, "junction": NaN, "width": NaN, "service": NaN, "roughness": 2.0}}, {"type": "Feature", "geometry": {"type": "LineString", "coordinates": [[-57.2572609, -25.787057], [-57.2577101, -25.787759]]}, "properties": {"osmid": "700954751", "oneway": "True", "lanes": "1", "ref": "PY01", "name": "Mariscal Francisco Solano L\u00f3pez", "highway": "primary", "length": 90.088, "maxspeed": NaN, "bridge": NaN, "access": NaN, "tunnel": NaN, "junction": NaN, "width": NaN, "service": NaN, "roughness": 2.0}}, {"type": "Feature", "geometry": {"type": "LineString", "coordinates": [[-57.2577101, -25.787759], [-57.2578261, -25.7879403]]}, "properties": {"osmid": "700954751", "oneway": "True", "lanes": "1", "ref": "PY01", "name": "Mariscal Francisco Solano L\u00f3pez", "highway": "primary", "length": 23.266, "maxspeed": NaN, "bridge": NaN, "access": NaN, "tunnel": NaN, "junction": NaN, "width": NaN, "service": NaN, "roughness": 2.0}}, {"type": "Feature", "geometry": {"type": "LineString", "coordinates": [[-57.2578261, -25.7879403], [-57.2579634, -25.7881351]]}, "properties": {"osmid": "700954751", "oneway": "True", "lanes": "1", "ref": "PY01", "name": "Mariscal Francisco Solano L\u00f3pez", "highway": "primary", "length": 25.655, "maxspeed": NaN, "bridge": NaN, "access": NaN, "tunnel": NaN, "junction": NaN, "width": NaN, "service": NaN, "roughness": 2.0}}, {"type": "Feature", "geometry": {"type": "LineString", "coordinates": [[-57.2579634, -25.7881351], [-57.2583906, -25.789063]]}, "properties": {"osmid": "583379248", "oneway": "False", "lanes": "2", "ref": "PY01", "name": "Mariscal Francisco Solano L\u00f3pez", "highway": "primary", "length": 111.692, "maxspeed": NaN, "bridge": NaN, "access": NaN, "tunnel": NaN, "junction": NaN, "width": NaN, "service": NaN, "roughness": 2.0}}, {"type": "Feature", "geometry": {"type": "LineString", "coordinates": [[-57.2583906, -25.789063], [-57.2585629, -25.78937]]}, "properties": {"osmid": "592131694", "oneway": "False", "lanes": "2", "ref": "PY01", "name": "Ruta Nacional Mariscal L\u00f3pez", "highway": "trunk", "length": 38.248, "maxspeed": NaN, "bridge": NaN, "access": NaN, "tunnel": NaN, "junction": NaN, "width": NaN, "service": NaN, "roughness": 2.0}}, {"type": "Feature", "geometry": {"type": "LineString", "coordinates": [[-57.2585629, -25.78937], [-57.2601378, -25.7925475]]}, "properties": {"osmid": "592131694", "oneway": "False", "lanes": "2", "ref": "PY01", "name": "Ruta Nacional Mariscal L\u00f3pez", "highway": "trunk", "length": 386.909, "maxspeed": NaN, "bridge": NaN, "access": NaN, "tunnel": NaN, "junction": NaN, "width": NaN, "service": NaN, "roughness": 2.0}}, {"type": "Feature", "geometry": {"type": "LineString", "coordinates": [[-57.2601378, -25.7925475], [-57.2604467, -25.7932204]]}, "properties": {"osmid": "592131694", "oneway": "False", "lanes": "2", "ref": "PY01", "name": "Ruta Nacional Mariscal L\u00f3pez", "highway": "trunk", "length": 80.963, "maxspeed": NaN, "bridge": NaN, "access": NaN, "tunnel": NaN, "junction": NaN, "width": NaN, "service": NaN, "roughness": 2.0}}, {"type": "Feature", "geometry": {"type": "LineString", "coordinates": [[-57.2604467, -25.7932204], [-57.2606377, -25.793818]]}, "properties": {"osmid": "592131694", "oneway": "False", "lanes": "2", "ref": "PY01", "name": "Ruta Nacional Mariscal L\u00f3pez", "highway": "trunk", "length": 69.147, "maxspeed": NaN, "bridge": NaN, "access": NaN, "tunnel": NaN, "junction": NaN, "width": NaN, "service": NaN, "roughness": 2.0}}, {"type": "Feature", "geometry": {"type": "LineString", "coordinates": [[-57.2606377, -25.793818], [-57.2610508, -25.7952283]]}, "properties": {"osmid": "592131694", "oneway": "False", "lanes": "2", "ref": "PY01", "name": "Ruta Nacional Mariscal L\u00f3pez", "highway": "trunk", "length": 162.18, "maxspeed": NaN, "bridge": NaN, "access": NaN, "tunnel": NaN, "junction": NaN, "width": NaN, "service": NaN, "roughness": 2.0}}, {"type": "Feature", "geometry": {"type": "LineString", "coordinates": [[-57.2610508, -25.7952283], [-57.2613764, -25.7963151]]}, "properties": {"osmid": "592131694", "oneway": "False", "lanes": "2", "ref": "PY01", "name": "Ruta Nacional Mariscal L\u00f3pez", "highway": "trunk", "length": 125.166, "maxspeed": NaN, "bridge": NaN, "access": NaN, "tunnel": NaN, "junction": NaN, "width": NaN, "service": NaN, "roughness": 2.0}}, {"type": "Feature", "geometry": {"type": "LineString", "coordinates": [[-57.2613764, -25.7963151], [-57.26149, -25.7967054]]}, "properties": {"osmid": "592131694", "oneway": "False", "lanes": "2", "ref": "PY01", "name": "Ruta Nacional Mariscal L\u00f3pez", "highway": "trunk", "length": 44.865, "maxspeed": NaN, "bridge": NaN, "access": NaN, "tunnel": NaN, "junction": NaN, "width": NaN, "service": NaN, "roughness": 2.0}}, {"type": "Feature", "geometry": {"type": "LineString", "coordinates": [[-57.26149, -25.7967054], [-57.2616652, -25.7971447]]}, "properties": {"osmid": "592131694", "oneway": "False", "lanes": "2", "ref": "PY01", "name": "Ruta Nacional Mariscal L\u00f3pez", "highway": "trunk", "length": 51.902, "maxspeed": NaN, "bridge": NaN, "access": NaN, "tunnel": NaN, "junction": NaN, "width": NaN, "service": NaN, "roughness": 2.0}}, {"type": "Feature", "geometry": {"type": "LineString", "coordinates": [[-57.2616652, -25.7971447], [-57.2625838, -25.7992627]]}, "properties": {"osmid": "592131694", "oneway": "False", "lanes": "2", "ref": "PY01", "name": "Ruta Nacional Mariscal L\u00f3pez", "highway": "trunk", "length": 252.83, "maxspeed": NaN, "bridge": NaN, "access": NaN, "tunnel": NaN, "junction": NaN, "width": NaN, "service": NaN, "roughness": 2.0}}, {"type": "Feature", "geometry": {"type": "LineString", "coordinates": [[-57.2625838, -25.7992627], [-57.2639656, -25.8024325]]}, "properties": {"osmid": "592131694", "oneway": "False", "lanes": "2", "ref": "PY01", "name": "Ruta Nacional Mariscal L\u00f3pez", "highway": "trunk", "length": 378.64, "maxspeed": NaN, "bridge": NaN, "access": NaN, "tunnel": NaN, "junction": NaN, "width": NaN, "service": NaN, "roughness": 2.0}}, {"type": "Feature", "geometry": {"type": "LineString", "coordinates": [[-57.2639656, -25.8024325], [-57.2640363, -25.8025947]]}, "properties": {"osmid": "909454554", "oneway": "False", "lanes": "2", "ref": "PY01", "name": "Ruta Nacional Mariscal L\u00f3pez", "highway": "trunk", "length": 19.375, "maxspeed": NaN, "bridge": "yes", "access": NaN, "tunnel": NaN, "junction": NaN, "width": NaN, "service": NaN, "roughness": 2.0}}, {"type": "Feature", "geometry": {"type": "LineString", "coordinates": [[-57.2640363, -25.8025947], [-57.2641864, -25.802939]]}, "properties": {"osmid": "909454553", "oneway": "False", "lanes": "2", "ref": "PY01", "name": "Ruta Nacional Mariscal L\u00f3pez", "highway": "trunk", "length": 41.128, "maxspeed": NaN, "bridge": NaN, "access": NaN, "tunnel": NaN, "junction": NaN, "width": NaN, "service": NaN, "roughness": 2.0}}, {"type": "Feature", "geometry": {"type": "LineString", "coordinates": [[-57.2641864, -25.802939], [-57.2651211, -25.805162]]}, "properties": {"osmid": "909454553", "oneway": "False", "lanes": "2", "ref": "PY01", "name": "Ruta Nacional Mariscal L\u00f3pez", "highway": "trunk", "length": 264.304, "maxspeed": NaN, "bridge": NaN, "access": NaN, "tunnel": NaN, "junction": NaN, "width": NaN, "service": NaN, "roughness": 2.0}}, {"type": "Feature", "geometry": {"type": "LineString", "coordinates": [[-57.2651211, -25.805162], [-57.2669557, -25.8096857]]}, "properties": {"osmid": "909454553", "oneway": "False", "lanes": "2", "ref": "PY01", "name": "Ruta Nacional Mariscal L\u00f3pez", "highway": "trunk", "length": 535.491, "maxspeed": NaN, "bridge": NaN, "access": NaN, "tunnel": NaN, "junction": NaN, "width": NaN, "service": NaN, "roughness": 2.0}}, {"type": "Feature", "geometry": {"type": "LineString", "coordinates": [[-57.2669557, -25.8096857], [-57.2672043, -25.8102559]]}, "properties": {"osmid": "909454553", "oneway": "False", "lanes": "2", "ref": "PY01", "name": "Ruta Nacional Mariscal L\u00f3pez", "highway": "trunk", "length": 68.112, "maxspeed": NaN, "bridge": NaN, "access": NaN, "tunnel": NaN, "junction": NaN, "width": NaN, "service": NaN, "roughness": 2.0}}, {"type": "Feature", "geometry": {"type": "LineString", "coordinates": [[-57.2672043, -25.8102559], [-57.2672448, -25.8103487]]}, "properties": {"osmid": "909454553", "oneway": "False", "lanes": "2", "ref": "PY01", "name": "Ruta Nacional Mariscal L\u00f3pez", "highway": "trunk", "length": 11.087, "maxspeed": NaN, "bridge": NaN, "access": NaN, "tunnel": NaN, "junction": NaN, "width": NaN, "service": NaN, "roughness": 2.0}}, {"type": "Feature", "geometry": {"type": "LineString", "coordinates": [[-57.2672448, -25.8103487], [-57.2673197, -25.8105205]]}, "properties": {"osmid": "909454549", "oneway": "False", "lanes": "2", "ref": "PY01", "name": "Ruta Nacional Mariscal L\u00f3pez", "highway": "trunk", "length": 20.522, "maxspeed": NaN, "bridge": "yes", "access": NaN, "tunnel": NaN, "junction": NaN, "width": NaN, "service": NaN, "roughness": 2.0}}, {"type": "Feature", "geometry": {"type": "LineString", "coordinates": [[-57.2673197, -25.8105205], [-57.2684141, -25.81303]]}, "properties": {"osmid": "909454548", "oneway": "False", "lanes": "2", "ref": "PY01", "name": "Ruta Nacional Mariscal L\u00f3pez", "highway": "trunk", "length": 299.778, "maxspeed": NaN, "bridge": NaN, "access": NaN, "tunnel": NaN, "junction": NaN, "width": NaN, "service": NaN, "roughness": 2.0}}, {"type": "Feature", "geometry": {"type": "LineString", "coordinates": [[-57.2684141, -25.81303], [-57.2684265, -25.8130582]]}, "properties": {"osmid": "909454548", "oneway": "False", "lanes": "2", "ref": "PY01", "name": "Ruta Nacional Mariscal L\u00f3pez", "highway": "trunk", "length": 3.372, "maxspeed": NaN, "bridge": NaN, "access": NaN, "tunnel": NaN, "junction": NaN, "width": NaN, "service": NaN, "roughness": 2.0}}, {"type": "Feature", "geometry": {"type": "LineString", "coordinates": [[-57.2684265, -25.8130582], [-57.2691482, -25.8147083]]}, "properties": {"osmid": "909454548", "oneway": "False", "lanes": "2", "ref": "PY01", "name": "Ruta Nacional Mariscal L\u00f3pez", "highway": "trunk", "length": 197.192, "maxspeed": NaN, "bridge": NaN, "access": NaN, "tunnel": NaN, "junction": NaN, "width": NaN, "service": NaN, "roughness": 2.0}}, {"type": "Feature", "geometry": {"type": "LineString", "coordinates": [[-57.2691482, -25.8147083], [-57.2692579, -25.8149591]]}, "properties": {"osmid": "909454546", "oneway": "False", "lanes": "2", "ref": "PY01", "name": "Ruta Nacional Mariscal L\u00f3pez", "highway": "trunk", "length": 29.972, "maxspeed": NaN, "bridge": "yes", "access": NaN, "tunnel": NaN, "junction": NaN, "width": NaN, "service": NaN, "roughness": 2.0}}, {"type": "Feature", "geometry": {"type": "LineString", "coordinates": [[-57.2692579, -25.8149591], [-57.2696102, -25.8157646]]}, "properties": {"osmid": "909454545", "oneway": "False", "lanes": "2", "ref": "PY01", "name": "Ruta Nacional Mariscal L\u00f3pez", "highway": "trunk", "length": 96.26, "maxspeed": NaN, "bridge": NaN, "access": NaN, "tunnel": NaN, "junction": NaN, "width": NaN, "service": NaN, "roughness": 2.0}}, {"type": "Feature", "geometry": {"type": "LineString", "coordinates": [[-57.2696102, -25.8157646], [-57.2696205, -25.8157881]]}, "properties": {"osmid": "909454545", "oneway": "False", "lanes": "2", "ref": "PY01", "name": "Ruta Nacional Mariscal L\u00f3pez", "highway": "trunk", "length": 2.809, "maxspeed": NaN, "bridge": NaN, "access": NaN, "tunnel": NaN, "junction": NaN, "width": NaN, "service": NaN, "roughness": 2.0}}, {"type": "Feature", "geometry": {"type": "LineString", "coordinates": [[-57.2696205, -25.8157881], [-57.2703868, -25.817561]]}, "properties": {"osmid": "909454545", "oneway": "False", "lanes": "2", "ref": "PY01", "name": "Ruta Nacional Mariscal L\u00f3pez", "highway": "trunk", "length": 211.534, "maxspeed": NaN, "bridge": NaN, "access": NaN, "tunnel": NaN, "junction": NaN, "width": NaN, "service": NaN, "roughness": 2.0}}, {"type": "Feature", "geometry": {"type": "LineString", "coordinates": [[-57.2703868, -25.817561], [-57.2735823, -25.8249545]]}, "properties": {"osmid": "909454545", "oneway": "False", "lanes": "2", "ref": "PY01", "name": "Ruta Nacional Mariscal L\u00f3pez", "highway": "trunk", "length": 882.148, "maxspeed": NaN, "bridge": NaN, "access": NaN, "tunnel": NaN, "junction": NaN, "width": NaN, "service": NaN, "roughness": 2.0}}, {"type": "Feature", "geometry": {"type": "LineString", "coordinates": [[-57.2735823, -25.8249545], [-57.2751785, -25.8286473]]}, "properties": {"osmid": "909454545", "oneway": "False", "lanes": "2", "ref": "PY01", "name": "Ruta Nacional Mariscal L\u00f3pez", "highway": "trunk", "length": 440.606, "maxspeed": NaN, "bridge": NaN, "access": NaN, "tunnel": NaN, "junction": NaN, "width": NaN, "service": NaN, "roughness": 2.0}}, {"type": "Feature", "geometry": {"type": "LineString", "coordinates": [[-57.2751785, -25.8286473], [-57.277777, -25.8347046]]}, "properties": {"osmid": "909454545", "oneway": "False", "lanes": "2", "ref": "PY01", "name": "Ruta Nacional Mariscal L\u00f3pez", "highway": "trunk", "length": 722.007, "maxspeed": NaN, "bridge": NaN, "access": NaN, "tunnel": NaN, "junction": NaN, "width": NaN, "service": NaN, "roughness": 2.0}}, {"type": "Feature", "geometry": {"type": "LineString", "coordinates": [[-57.277777, -25.8347046], [-57.2778553, -25.8348743]]}, "properties": {"osmid": "167289539", "oneway": "False", "lanes": "2", "ref": "PY01", "name": "Ruta Nacional Mariscal L\u00f3pez", "highway": "trunk", "length": 20.432, "maxspeed": NaN, "bridge": "yes", "access": NaN, "tunnel": NaN, "junction": NaN, "width": NaN, "service": NaN, "roughness": 2.0}}, {"type": "Feature", "geometry": {"type": "LineString", "coordinates": [[-57.2778553, -25.8348743], [-57.279517, -25.8386811]]}, "properties": {"osmid": "909454539", "oneway": "False", "lanes": "2", "ref": "PY01", "name": "Ruta Nacional Mariscal L\u00f3pez", "highway": "trunk", "length": 454.794, "maxspeed": NaN, "bridge": NaN, "access": NaN, "tunnel": NaN, "junction": NaN, "width": NaN, "service": NaN, "roughness": 2.0}}, {"type": "Feature", "geometry": {"type": "LineString", "coordinates": [[-57.279517, -25.8386811], [-57.2800563, -25.8398879]]}, "properties": {"osmid": "909454539", "oneway": "False", "lanes": "2", "ref": "PY01", "name": "Ruta Nacional Mariscal L\u00f3pez", "highway": "trunk", "length": 144.637, "maxspeed": NaN, "bridge": NaN, "access": NaN, "tunnel": NaN, "junction": NaN, "width": NaN, "service": NaN, "roughness": 2.0}}, {"type": "Feature", "geometry": {"type": "LineString", "coordinates": [[-57.2800563, -25.8398879], [-57.2802757, -25.8402906]]}, "properties": {"osmid": "909454539", "oneway": "False", "lanes": "2", "ref": "PY01", "name": "Ruta Nacional Mariscal L\u00f3pez", "highway": "trunk", "length": 49.872, "maxspeed": NaN, "bridge": NaN, "access": NaN, "tunnel": NaN, "junction": NaN, "width": NaN, "service": NaN, "roughness": 2.0}}, {"type": "Feature", "geometry": {"type": "LineString", "coordinates": [[-57.2802757, -25.8402906], [-57.2805313, -25.8407258]]}, "properties": {"osmid": "909454539", "oneway": "False", "lanes": "2", "ref": "PY01", "name": "Ruta Nacional Mariscal L\u00f3pez", "highway": "trunk", "length": 54.737, "maxspeed": NaN, "bridge": NaN, "access": NaN, "tunnel": NaN, "junction": NaN, "width": NaN, "service": NaN, "roughness": 2.0}}, {"type": "Feature", "geometry": {"type": "LineString", "coordinates": [[-57.2805313, -25.8407258], [-57.2817673, -25.8424516]]}, "properties": {"osmid": "909454539", "oneway": "False", "lanes": "2", "ref": "PY01", "name": "Ruta Nacional Mariscal L\u00f3pez", "highway": "trunk", "length": 228.311, "maxspeed": NaN, "bridge": NaN, "access": NaN, "tunnel": NaN, "junction": NaN, "width": NaN, "service": NaN, "roughness": 2.0}}, {"type": "Feature", "geometry": {"type": "LineString", "coordinates": [[-57.2817673, -25.8424516], [-57.2820352, -25.8429055]]}, "properties": {"osmid": "909454539", "oneway": "False", "lanes": "2", "ref": "PY01", "name": "Ruta Nacional Mariscal L\u00f3pez", "highway": "trunk", "length": 57.15, "maxspeed": NaN, "bridge": NaN, "access": NaN, "tunnel": NaN, "junction": NaN, "width": NaN, "service": NaN, "roughness": 2.0}}, {"type": "Feature", "geometry": {"type": "LineString", "coordinates": [[-57.2820352, -25.8429055], [-57.2822597, -25.8433511]]}, "properties": {"osmid": "909454539", "oneway": "False", "lanes": "2", "ref": "PY01", "name": "Ruta Nacional Mariscal L\u00f3pez", "highway": "trunk", "length": 54.404, "maxspeed": NaN, "bridge": NaN, "access": NaN, "tunnel": NaN, "junction": NaN, "width": NaN, "service": NaN, "roughness": 2.0}}, {"type": "Feature", "geometry": {"type": "LineString", "coordinates": [[-57.2822597, -25.8433511], [-57.2822903, -25.8434255]]}, "properties": {"osmid": "909454539", "oneway": "False", "lanes": "2", "ref": "PY01", "name": "Ruta Nacional Mariscal L\u00f3pez", "highway": "trunk", "length": 8.821, "maxspeed": NaN, "bridge": NaN, "access": NaN, "tunnel": NaN, "junction": NaN, "width": NaN, "service": NaN, "roughness": 2.0}}, {"type": "Feature", "geometry": {"type": "LineString", "coordinates": [[-57.2822903, -25.8434255], [-57.2850903, -25.8502669]]}, "properties": {"osmid": "909454539", "oneway": "False", "lanes": "2", "ref": "PY01", "name": "Ruta Nacional Mariscal L\u00f3pez", "highway": "trunk", "length": 810.692, "maxspeed": NaN, "bridge": NaN, "access": NaN, "tunnel": NaN, "junction": NaN, "width": NaN, "service": NaN, "roughness": 2.0}}, {"type": "Feature", "geometry": {"type": "LineString", "coordinates": [[-57.2850903, -25.8502669], [-57.2853647, -25.8509202]]}, "properties": {"osmid": "909454539", "oneway": "False", "lanes": "2", "ref": "PY01", "name": "Ruta Nacional Mariscal L\u00f3pez", "highway": "trunk", "length": 77.66, "maxspeed": NaN, "bridge": NaN, "access": NaN, "tunnel": NaN, "junction": NaN, "width": NaN, "service": NaN, "roughness": 2.0}}, {"type": "Feature", "geometry": {"type": "LineString", "coordinates": [[-57.2853647, -25.8509202], [-57.2854436, -25.8511083]]}, "properties": {"osmid": "909454540", "oneway": "False", "lanes": "2", "ref": "PY01", "name": "Ruta Nacional Mariscal L\u00f3pez", "highway": "trunk", "length": 22.356, "maxspeed": NaN, "bridge": "yes", "access": NaN, "tunnel": NaN, "junction": NaN, "width": NaN, "service": NaN, "roughness": 2.0}}, {"type": "Feature", "geometry": {"type": "LineString", "coordinates": [[-57.2854436, -25.8511083], [-57.2862983, -25.8531435]]}, "properties": {"osmid": "167289538", "oneway": "False", "lanes": "2", "ref": "PY01", "name": "Ruta Nacional Mariscal L\u00f3pez", "highway": "trunk", "length": 241.927, "maxspeed": NaN, "bridge": NaN, "access": NaN, "tunnel": NaN, "junction": NaN, "width": NaN, "service": NaN, "roughness": 2.0}}, {"type": "Feature", "geometry": {"type": "LineString", "coordinates": [[-57.2862983, -25.8531435], [-57.2865375, -25.8537326]]}, "properties": {"osmid": "167289538", "oneway": "False", "lanes": "2", "ref": "PY01", "name": "Ruta Nacional Mariscal L\u00f3pez", "highway": "trunk", "length": 69.741, "maxspeed": NaN, "bridge": NaN, "access": NaN, "tunnel": NaN, "junction": NaN, "width": NaN, "service": NaN, "roughness": 2.0}}, {"type": "Feature", "geometry": {"type": "LineString", "coordinates": [[-57.2865375, -25.8537326], [-57.2866231, -25.8539436]]}, "properties": {"osmid": "167289538", "oneway": "False", "lanes": "2", "ref": "PY01", "name": "Ruta Nacional Mariscal L\u00f3pez", "highway": "trunk", "length": 24.977, "maxspeed": NaN, "bridge": NaN, "access": NaN, "tunnel": NaN, "junction": NaN, "width": NaN, "service": NaN, "roughness": 2.0}}, {"type": "Feature", "geometry": {"type": "LineString", "coordinates": [[-57.2866231, -25.8539436], [-57.2868001, -25.8544406]]}, "properties": {"osmid": "167289538", "oneway": "False", "lanes": "2", "ref": "PY01", "name": "Ruta Nacional Mariscal L\u00f3pez", "highway": "trunk", "length": 58.033, "maxspeed": NaN, "bridge": NaN, "access": NaN, "tunnel": NaN, "junction": NaN, "width": NaN, "service": NaN, "roughness": 2.0}}, {"type": "Feature", "geometry": {"type": "LineString", "coordinates": [[-57.2868001, -25.8544406], [-57.2869254, -25.8550187]]}, "properties": {"osmid": "167289538", "oneway": "False", "lanes": "2", "ref": "PY01", "name": "Ruta Nacional Mariscal L\u00f3pez", "highway": "trunk", "length": 65.493, "maxspeed": NaN, "bridge": NaN, "access": NaN, "tunnel": NaN, "junction": NaN, "width": NaN, "service": NaN, "roughness": 2.0}}, {"type": "Feature", "geometry": {"type": "LineString", "coordinates": [[-57.2869254, -25.8550187], [-57.2871902, -25.856391]]}, "properties": {"osmid": "167289538", "oneway": "False", "lanes": "2", "ref": "PY01", "name": "Ruta Nacional Mariscal L\u00f3pez", "highway": "trunk", "length": 154.876, "maxspeed": NaN, "bridge": NaN, "access": NaN, "tunnel": NaN, "junction": NaN, "width": NaN, "service": NaN, "roughness": 2.0}}, {"type": "Feature", "geometry": {"type": "LineString", "coordinates": [[-57.2871902, -25.856391], [-57.2872835, -25.8568744]]}, "properties": {"osmid": "167289538", "oneway": "False", "lanes": "2", "ref": "PY01", "name": "Ruta Nacional Mariscal L\u00f3pez", "highway": "trunk", "length": 54.556, "maxspeed": NaN, "bridge": NaN, "access": NaN, "tunnel": NaN, "junction": NaN, "width": NaN, "service": NaN, "roughness": 2.0}}, {"type": "Feature", "geometry": {"type": "LineString", "coordinates": [[-57.2872835, -25.8568744], [-57.287753, -25.8594207]]}, "properties": {"osmid": "167289538", "oneway": "False", "lanes": "2", "ref": "PY01", "name": "Ruta Nacional Mariscal L\u00f3pez", "highway": "trunk", "length": 287.007, "maxspeed": NaN, "bridge": NaN, "access": NaN, "tunnel": NaN, "junction": NaN, "width": NaN, "service": NaN, "roughness": 2.0}}, {"type": "Feature", "geometry": {"type": "LineString", "coordinates": [[-57.287753, -25.8594207], [-57.2881324, -25.8615099]]}, "properties": {"osmid": "167289538", "oneway": "False", "lanes": "2", "ref": "PY01", "name": "Ruta Nacional Mariscal L\u00f3pez", "highway": "trunk", "length": 235.39, "maxspeed": NaN, "bridge": NaN, "access": NaN, "tunnel": NaN, "junction": NaN, "width": NaN, "service": NaN, "roughness": 2.0}}, {"type": "Feature", "geometry": {"type": "LineString", "coordinates": [[-57.2881324, -25.8615099], [-57.2882981, -25.8623817]]}, "properties": {"osmid": "167289538", "oneway": "False", "lanes": "2", "ref": "PY01", "name": "Ruta Nacional Mariscal L\u00f3pez", "highway": "trunk", "length": 98.347, "maxspeed": NaN, "bridge": NaN, "access": NaN, "tunnel": NaN, "junction": NaN, "width": NaN, "service": NaN, "roughness": 2.0}}, {"type": "Feature", "geometry": {"type": "LineString", "coordinates": [[-57.2882981, -25.8623817], [-57.2884403, -25.8632841]]}, "properties": {"osmid": "167289538", "oneway": "False", "lanes": "2", "ref": "PY01", "name": "Ruta Nacional Mariscal L\u00f3pez", "highway": "trunk", "length": 101.346, "maxspeed": NaN, "bridge": NaN, "access": NaN, "tunnel": NaN, "junction": NaN, "width": NaN, "service": NaN, "roughness": 2.0}}, {"type": "Feature", "geometry": {"type": "LineString", "coordinates": [[-57.2884403, -25.8632841], [-57.2885881, -25.8646647]]}, "properties": {"osmid": "167289538", "oneway": "False", "lanes": "2", "ref": "PY01", "name": "Ruta Nacional Mariscal L\u00f3pez", "highway": "trunk", "length": 154.227, "maxspeed": NaN, "bridge": NaN, "access": NaN, "tunnel": NaN, "junction": NaN, "width": NaN, "service": NaN, "roughness": 2.0}}, {"type": "Feature", "geometry": {"type": "LineString", "coordinates": [[-57.2885881, -25.8646647], [-57.2889533, -25.8678756]]}, "properties": {"osmid": "167289538", "oneway": "False", "lanes": "2", "ref": "PY01", "name": "Ruta Nacional Mariscal L\u00f3pez", "highway": "trunk", "length": 358.901, "maxspeed": NaN, "bridge": NaN, "access": NaN, "tunnel": NaN, "junction": NaN, "width": NaN, "service": NaN, "roughness": 2.0}}, {"type": "Feature", "geometry": {"type": "LineString", "coordinates": [[-57.2889533, -25.8678756], [-57.2891776, -25.8699009]]}, "properties": {"osmid": "167289538", "oneway": "False", "lanes": "2", "ref": "PY01", "name": "Ruta Nacional Mariscal L\u00f3pez", "highway": "trunk", "length": 226.319, "maxspeed": NaN, "bridge": NaN, "access": NaN, "tunnel": NaN, "junction": NaN, "width": NaN, "service": NaN, "roughness": 2.0}}, {"type": "Feature", "geometry": {"type": "LineString", "coordinates": [[-57.2891776, -25.8699009], [-57.2894133, -25.8722005]]}, "properties": {"osmid": "167289538", "oneway": "False", "lanes": "2", "ref": "PY01", "name": "Ruta Nacional Mariscal L\u00f3pez", "highway": "trunk", "length": 256.789, "maxspeed": NaN, "bridge": NaN, "access": NaN, "tunnel": NaN, "junction": NaN, "width": NaN, "service": NaN, "roughness": 2.0}}, {"type": "Feature", "geometry": {"type": "LineString", "coordinates": [[-57.2894133, -25.8722005], [-57.2894352, -25.8724086]]}, "properties": {"osmid": "167289538", "oneway": "False", "lanes": "2", "ref": "PY01", "name": "Ruta Nacional Mariscal L\u00f3pez", "highway": "trunk", "length": 23.243, "maxspeed": NaN, "bridge": NaN, "access": NaN, "tunnel": NaN, "junction": NaN, "width": NaN, "service": NaN, "roughness": 2.0}}, {"type": "Feature", "geometry": {"type": "LineString", "coordinates": [[-57.2894352, -25.8724086], [-57.2894422, -25.8724927]]}, "properties": {"osmid": "167219837", "oneway": "False", "lanes": "2", "ref": "PY01", "name": "Ruta Nacional Mariscal L\u00f3pez", "highway": "trunk", "length": 9.378, "maxspeed": NaN, "bridge": "yes", "access": NaN, "tunnel": NaN, "junction": NaN, "width": NaN, "service": NaN, "roughness": 2.0}}, {"type": "Feature", "geometry": {"type": "LineString", "coordinates": [[-57.2894422, -25.8724927], [-57.2894961, -25.8731271]]}, "properties": {"osmid": "167219844", "oneway": "False", "lanes": "2", "ref": "PY01", "name": "Ruta Nacional Mariscal L\u00f3pez", "highway": "trunk", "length": 70.748, "maxspeed": NaN, "bridge": NaN, "access": NaN, "tunnel": NaN, "junction": NaN, "width": NaN, "service": NaN, "roughness": 2.0}}, {"type": "Feature", "geometry": {"type": "LineString", "coordinates": [[-57.2894961, -25.8731271], [-57.2895973, -25.8739641]]}, "properties": {"osmid": "167219844", "oneway": "False", "lanes": "2", "ref": "PY01", "name": "Ruta Nacional Mariscal L\u00f3pez", "highway": "trunk", "length": 93.619, "maxspeed": NaN, "bridge": NaN, "access": NaN, "tunnel": NaN, "junction": NaN, "width": NaN, "service": NaN, "roughness": 2.0}}, {"type": "Feature", "geometry": {"type": "LineString", "coordinates": [[-57.2895973, -25.8739641], [-57.2897312, -25.8750629]]}, "properties": {"osmid": "167219844", "oneway": "False", "lanes": "2", "ref": "PY01", "name": "Ruta Nacional Mariscal L\u00f3pez", "highway": "trunk", "length": 122.913, "maxspeed": NaN, "bridge": NaN, "access": NaN, "tunnel": NaN, "junction": NaN, "width": NaN, "service": NaN, "roughness": 2.0}}, {"type": "Feature", "geometry": {"type": "LineString", "coordinates": [[-57.2897312, -25.8750629], [-57.2897394, -25.8753016]]}, "properties": {"osmid": "167219844", "oneway": "False", "lanes": "2", "ref": "PY01", "name": "Ruta Nacional Mariscal L\u00f3pez", "highway": "trunk", "length": 26.555, "maxspeed": NaN, "bridge": NaN, "access": NaN, "tunnel": NaN, "junction": NaN, "width": NaN, "service": NaN, "roughness": 2.0}}, {"type": "Feature", "geometry": {"type": "LineString", "coordinates": [[-57.2897394, -25.8753016], [-57.2897434, -25.8754164]]}, "properties": {"osmid": "167219844", "oneway": "False", "lanes": "2", "ref": "PY01", "name": "Ruta Nacional Mariscal L\u00f3pez", "highway": "trunk", "length": 12.771, "maxspeed": NaN, "bridge": NaN, "access": NaN, "tunnel": NaN, "junction": NaN, "width": NaN, "service": NaN, "roughness": 2.0}}, {"type": "Feature", "geometry": {"type": "LineString", "coordinates": [[-57.2897434, -25.8754164], [-57.2896823, -25.8765207]]}, "properties": {"osmid": "167219844", "oneway": "False", "lanes": "2", "ref": "PY01", "name": "Ruta Nacional Mariscal L\u00f3pez", "highway": "trunk", "length": 122.945, "maxspeed": NaN, "bridge": NaN, "access": NaN, "tunnel": NaN, "junction": NaN, "width": NaN, "service": NaN, "roughness": 2.0}}, {"type": "Feature", "geometry": {"type": "LineString", "coordinates": [[-57.2896823, -25.8765207], [-57.2903064, -25.8764575]]}, "properties": {"osmid": "167286546", "oneway": "False", "lanes": "2", "ref": NaN, "name": NaN, "highway": "tertiary", "length": 62.833, "maxspeed": NaN, "bridge": NaN, "access": NaN, "tunnel": NaN, "junction": NaN, "width": NaN, "service": NaN, "roughness": 2.0}}, {"type": "Feature", "geometry": {"type": "LineString", "coordinates": [[-57.2903064, -25.8764575], [-57.2907621, -25.8764119]]}, "properties": {"osmid": "167286546", "oneway": "False", "lanes": "2", "ref": NaN, "name": NaN, "highway": "tertiary", "length": 45.872, "maxspeed": NaN, "bridge": NaN, "access": NaN, "tunnel": NaN, "junction": NaN, "width": NaN, "service": NaN, "roughness": 2.0}}, {"type": "Feature", "geometry": {"type": "LineString", "coordinates": [[-57.2907621, -25.8764119], [-57.2912606, -25.876362]]}, "properties": {"osmid": "167286546", "oneway": "False", "lanes": "2", "ref": NaN, "name": NaN, "highway": "tertiary", "length": 50.181, "maxspeed": NaN, "bridge": NaN, "access": NaN, "tunnel": NaN, "junction": NaN, "width": NaN, "service": NaN, "roughness": 2.0}}, {"type": "Feature", "geometry": {"type": "LineString", "coordinates": [[-57.2912606, -25.876362], [-57.2915104, -25.876337]]}, "properties": {"osmid": "167286546", "oneway": "False", "lanes": "2", "ref": NaN, "name": NaN, "highway": "tertiary", "length": 25.146, "maxspeed": NaN, "bridge": NaN, "access": NaN, "tunnel": NaN, "junction": NaN, "width": NaN, "service": NaN, "roughness": 2.0}}, {"type": "Feature", "geometry": {"type": "LineString", "coordinates": [[-57.2915104, -25.876337], [-57.2916395, -25.8763241]]}, "properties": {"osmid": "167286546", "oneway": "False", "lanes": "2", "ref": NaN, "name": NaN, "highway": "tertiary", "length": 12.995, "maxspeed": NaN, "bridge": NaN, "access": NaN, "tunnel": NaN, "junction": NaN, "width": NaN, "service": NaN, "roughness": 2.0}}, {"type": "Feature", "geometry": {"type": "LineString", "coordinates": [[-57.2916395, -25.8763241], [-57.2916852, -25.8763195]]}, "properties": {"osmid": "167286546", "oneway": "False", "lanes": "2", "ref": NaN, "name": NaN, "highway": "tertiary", "length": 4.601, "maxspeed": NaN, "bridge": NaN, "access": NaN, "tunnel": NaN, "junction": NaN, "width": NaN, "service": NaN, "roughness": 2.0}}, {"type": "Feature", "geometry": {"type": "LineString", "coordinates": [[-57.2916852, -25.8763195], [-57.2927212, -25.8761935]]}, "properties": {"osmid": "167286546", "oneway": "False", "lanes": "2", "ref": NaN, "name": NaN, "highway": "tertiary", "length": 104.591, "maxspeed": NaN, "bridge": NaN, "access": NaN, "tunnel": NaN, "junction": NaN, "width": NaN, "service": NaN, "roughness": 2.0}}, {"type": "Feature", "geometry": {"type": "LineString", "coordinates": [[-57.2927212, -25.8761935], [-57.2930746, -25.8761506]]}, "properties": {"osmid": "167286546", "oneway": "False", "lanes": "2", "ref": NaN, "name": NaN, "highway": "tertiary", "length": 35.677, "maxspeed": NaN, "bridge": NaN, "access": NaN, "tunnel": NaN, "junction": NaN, "width": NaN, "service": NaN, "roughness": 2.0}}, {"type": "Feature", "geometry": {"type": "LineString", "coordinates": [[-57.2930746, -25.8761506], [-57.2932052, -25.8761321]]}, "properties": {"osmid": "167286546", "oneway": "False", "lanes": "2", "ref": NaN, "name": NaN, "highway": "tertiary", "length": 13.227, "maxspeed": NaN, "bridge": NaN, "access": NaN, "tunnel": NaN, "junction": NaN, "width": NaN, "service": NaN, "roughness": 2.0}}, {"type": "Feature", "geometry": {"type": "LineString", "coordinates": [[-57.2932052, -25.8761321], [-57.2938773, -25.8760369]]}, "properties": {"osmid": "167286546", "oneway": "False", "lanes": "2", "ref": NaN, "name": NaN, "highway": "tertiary", "length": 68.07, "maxspeed": NaN, "bridge": NaN, "access": NaN, "tunnel": NaN, "junction": NaN, "width": NaN, "service": NaN, "roughness": 2.0}}, {"type": "Feature", "geometry": {"type": "LineString", "coordinates": [[-57.2938773, -25.8760369], [-57.2942333, -25.8759864]]}, "properties": {"osmid": "167286546", "oneway": "False", "lanes": "2", "ref": NaN, "name": NaN, "highway": "tertiary", "length": 36.057, "maxspeed": NaN, "bridge": NaN, "access": NaN, "tunnel": NaN, "junction": NaN, "width": NaN, "service": NaN, "roughness": 2.0}}, {"type": "Feature", "geometry": {"type": "LineString", "coordinates": [[-57.2942333, -25.8759864], [-57.2946625, -25.8759189]]}, "properties": {"osmid": "167286546", "oneway": "False", "lanes": "2", "ref": NaN, "name": NaN, "highway": "tertiary", "length": 43.591, "maxspeed": NaN, "bridge": NaN, "access": NaN, "tunnel": NaN, "junction": NaN, "width": NaN, "service": NaN, "roughness": 2.0}}, {"type": "Feature", "geometry": {"type": "LineString", "coordinates": [[-57.2946625, -25.8759189], [-57.2947859, -25.8758851]]}, "properties": {"osmid": "167286546", "oneway": "False", "lanes": "2", "ref": NaN, "name": NaN, "highway": "tertiary", "length": 12.905, "maxspeed": NaN, "bridge": NaN, "access": NaN, "tunnel": NaN, "junction": NaN, "width": NaN, "service": NaN, "roughness": 2.0}}, {"type": "Feature", "geometry": {"type": "LineString", "coordinates": [[-57.2947859, -25.8758851], [-57.2949146, -25.8758223]]}, "properties": {"osmid": "167286546", "oneway": "False", "lanes": "2", "ref": NaN, "name": NaN, "highway": "tertiary", "length": 14.648, "maxspeed": NaN, "bridge": NaN, "access": NaN, "tunnel": NaN, "junction": NaN, "width": NaN, "service": NaN, "roughness": 2.0}}, {"type": "Feature", "geometry": {"type": "LineString", "coordinates": [[-57.2949146, -25.8758223], [-57.2953312, -25.8755516]]}, "properties": {"osmid": "167286546", "oneway": "False", "lanes": "2", "ref": NaN, "name": NaN, "highway": "tertiary", "length": 51.412, "maxspeed": NaN, "bridge": NaN, "access": NaN, "tunnel": NaN, "junction": NaN, "width": NaN, "service": NaN, "roughness": 2.0}}, {"type": "Feature", "geometry": {"type": "LineString", "coordinates": [[-57.2953312, -25.8755516], [-57.2953588, -25.8755337]]}, "properties": {"osmid": "167286546", "oneway": "False", "lanes": "2", "ref": NaN, "name": NaN, "highway": "tertiary", "length": 3.404, "maxspeed": NaN, "bridge": NaN, "access": NaN, "tunnel": NaN, "junction": NaN, "width": NaN, "service": NaN, "roughness": 2.0}}, {"type": "Feature", "geometry": {"type": "LineString", "coordinates": [[-57.2953588, -25.8755337], [-57.2956368, -25.875352]]}, "properties": {"osmid": "167286546", "oneway": "False", "lanes": "2", "ref": NaN, "name": NaN, "highway": "tertiary", "length": 34.377, "maxspeed": NaN, "bridge": NaN, "access": NaN, "tunnel": NaN, "junction": NaN, "width": NaN, "service": NaN, "roughness": 2.0}}, {"type": "Feature", "geometry": {"type": "LineString", "coordinates": [[-57.2956368, -25.875352], [-57.2963201, -25.8749053]]}, "properties": {"osmid": "167286546", "oneway": "False", "lanes": "2", "ref": NaN, "name": NaN, "highway": "tertiary", "length": 84.502, "maxspeed": NaN, "bridge": NaN, "access": NaN, "tunnel": NaN, "junction": NaN, "width": NaN, "service": NaN, "roughness": 2.0}}]}