{"type": "FeatureCollection", "features": [{"type": "Feature", "geometry": {"type": "LineString", "coordinates": [[-57.6180194, -25.3530038], [-57.6177348, -25.3524228]]}, "properties": {"osmid": "789668456", "oneway": "False", "lanes": NaN, "ref": NaN, "name": "Patricio Escobar", "highway": "tertiary", "length": 70.651, "maxspeed": NaN, "bridge": NaN, "access": NaN, "tunnel": NaN, "junction": NaN, "width": NaN, "service": NaN, "roughness": 4.819999971428572}}, {"type": "Feature", "geometry": {"type": "LineString", "coordinates": [[-57.6177348, -25.3524228], [-57.6174602, -25.3519763]]}, "properties": {"osmid": "789668456", "oneway": "False", "lanes": NaN, "ref": NaN, "name": "Patricio Escobar", "highway": "tertiary", "length": 56.801, "maxspeed": NaN, "bridge": NaN, "access": NaN, "tunnel": NaN, "junction": NaN, "width": NaN, "service": NaN, "roughness": 4.819999971428572}}, {"type": "Feature", "geometry": {"type": "LineString", "coordinates": [[-57.6174602, -25.3519763], [-57.6173716, -25.3518371]]}, "properties": {"osmid": "48272920", "oneway": "False", "lanes": NaN, "ref": NaN, "name": "Patricio Escobar", "highway": "tertiary", "length": 17.856, "maxspeed": NaN, "bridge": NaN, "access": NaN, "tunnel": NaN, "junction": NaN, "width": NaN, "service": NaN, "roughness": 4.819999971428572}}, {"type": "Feature", "geometry": {"type": "LineString", "coordinates": [[-57.6173716, -25.3518371], [-57.6170841, -25.3514374]]}, "properties": {"osmid": "48272920", "oneway": "False", "lanes": NaN, "ref": NaN, "name": "Patricio Escobar", "highway": "tertiary", "length": 53.009, "maxspeed": NaN, "bridge": NaN, "access": NaN, "tunnel": NaN, "junction": NaN, "width": NaN, "service": NaN, "roughness": 4.819999971428572}}, {"type": "Feature", "geometry": {"type": "LineString", "coordinates": [[-57.6170841, -25.3514374], [-57.6169874, -25.3512933]]}, "properties": {"osmid": "48272920", "oneway": "False", "lanes": NaN, "ref": NaN, "name": "Patricio Escobar", "highway": "tertiary", "length": 18.739, "maxspeed": NaN, "bridge": NaN, "access": NaN, "tunnel": NaN, "junction": NaN, "width": NaN, "service": NaN, "roughness": 4.819999971428572}}, {"type": "Feature", "geometry": {"type": "LineString", "coordinates": [[-57.6169874, -25.3512933], [-57.6166711, -25.3508478]]}, "properties": {"osmid": "48272920", "oneway": "False", "lanes": NaN, "ref": NaN, "name": "Patricio Escobar", "highway": "tertiary", "length": 58.857, "maxspeed": NaN, "bridge": NaN, "access": NaN, "tunnel": NaN, "junction": NaN, "width": NaN, "service": NaN, "roughness": 4.819999971428572}}, {"type": "Feature", "geometry": {"type": "LineString", "coordinates": [[-57.6166711, -25.3508478], [-57.6166114, -25.3507622]]}, "properties": {"osmid": "48272920", "oneway": "False", "lanes": NaN, "ref": NaN, "name": "Patricio Escobar", "highway": "tertiary", "length": 11.251, "maxspeed": NaN, "bridge": NaN, "access": NaN, "tunnel": NaN, "junction": NaN, "width": NaN, "service": NaN, "roughness": 4.819999971428572}}, {"type": "Feature", "geometry": {"type": "LineString", "coordinates": [[-57.6166114, -25.3507622], [-57.6162248, -25.3502217]]}, "properties": {"osmid": "48272920", "oneway": "False", "lanes": NaN, "ref": NaN, "name": "Patricio Escobar", "highway": "tertiary", "length": 71.563, "maxspeed": NaN, "bridge": NaN, "access": NaN, "tunnel": NaN, "junction": NaN, "width": NaN, "service": NaN, "roughness": 4.819999971428572}}, {"type": "Feature", "geometry": {"type": "LineString", "coordinates": [[-57.6162248, -25.3502217], [-57.6158227, -25.3496374]]}, "properties": {"osmid": "48272920", "oneway": "False", "lanes": NaN, "ref": NaN, "name": "Patricio Escobar", "highway": "tertiary", "length": 76.511, "maxspeed": NaN, "bridge": NaN, "access": NaN, "tunnel": NaN, "junction": NaN, "width": NaN, "service": NaN, "roughness": 4.819999971428572}}, {"type": "Feature", "geometry": {"type": "LineString", "coordinates": [[-57.6158227, -25.3496374], [-57.6155976, -25.3492508]]}, "properties": {"osmid": "48272920", "oneway": "False", "lanes": NaN, "ref": NaN, "name": "Patricio Escobar", "highway": "tertiary", "length": 48.576, "maxspeed": NaN, "bridge": NaN, "access": NaN, "tunnel": NaN, "junction": NaN, "width": NaN, "service": NaN, "roughness": 4.819999971428572}}, {"type": "Feature", "geometry": {"type": "LineString", "coordinates": [[-57.6155976, -25.3492508], [-57.6155115, -25.3490192]]}, "properties": {"osmid": "48272920", "oneway": "False", "lanes": NaN, "ref": NaN, "name": "Patricio Escobar", "highway": "tertiary", "length": 27.167, "maxspeed": NaN, "bridge": NaN, "access": NaN, "tunnel": NaN, "junction": NaN, "width": NaN, "service": NaN, "roughness": 4.819999971428572}}, {"type": "Feature", "geometry": {"type": "LineString", "coordinates": [[-57.6155115, -25.3490192], [-57.6154633, -25.3485238]]}, "properties": {"osmid": "48272935", "oneway": "False", "lanes": NaN, "ref": NaN, "name": "Patricio Escobar", "highway": "tertiary", "length": 55.299, "maxspeed": NaN, "bridge": NaN, "access": NaN, "tunnel": NaN, "junction": NaN, "width": NaN, "service": NaN, "roughness": 4.819999971428572}}, {"type": "Feature", "geometry": {"type": "LineString", "coordinates": [[-57.6154633, -25.3485238], [-57.6154942, -25.3474482]]}, "properties": {"osmid": "48272935", "oneway": "False", "lanes": NaN, "ref": NaN, "name": "Patricio Escobar", "highway": "tertiary", "length": 119.642, "maxspeed": NaN, "bridge": NaN, "access": NaN, "tunnel": NaN, "junction": NaN, "width": NaN, "service": NaN, "roughness": 4.819999971428572}}, {"type": "Feature", "geometry": {"type": "LineString", "coordinates": [[-57.6154942, -25.3474482], [-57.6155305, -25.3469197]]}, "properties": {"osmid": "48272935", "oneway": "False", "lanes": NaN, "ref": NaN, "name": "Patricio Escobar", "highway": "tertiary", "length": 58.88, "maxspeed": NaN, "bridge": NaN, "access": NaN, "tunnel": NaN, "junction": NaN, "width": NaN, "service": NaN, "roughness": 4.819999971428572}}, {"type": "Feature", "geometry": {"type": "LineString", "coordinates": [[-57.6155305, -25.3469197], [-57.6155838, -25.3464724]]}, "properties": {"osmid": "48272935", "oneway": "False", "lanes": NaN, "ref": NaN, "name": "Patricio Escobar", "highway": "tertiary", "length": 50.025, "maxspeed": NaN, "bridge": NaN, "access": NaN, "tunnel": NaN, "junction": NaN, "width": NaN, "service": NaN, "roughness": 4.819999971428572}}, {"type": "Feature", "geometry": {"type": "LineString", "coordinates": [[-57.6155838, -25.3464724], [-57.6156603, -25.3460341]]}, "properties": {"osmid": "48272935", "oneway": "False", "lanes": NaN, "ref": NaN, "name": "Patricio Escobar", "highway": "tertiary", "length": 49.339, "maxspeed": NaN, "bridge": NaN, "access": NaN, "tunnel": NaN, "junction": NaN, "width": NaN, "service": NaN, "roughness": 4.819999971428572}}, {"type": "Feature", "geometry": {"type": "LineString", "coordinates": [[-57.6156603, -25.3460341], [-57.6156638, -25.3460014]]}, "properties": {"osmid": "48272935", "oneway": "False", "lanes": NaN, "ref": NaN, "name": "Patricio Escobar", "highway": "tertiary", "length": 3.653, "maxspeed": NaN, "bridge": NaN, "access": NaN, "tunnel": NaN, "junction": NaN, "width": NaN, "service": NaN, "roughness": 4.819999971428572}}, {"type": "Feature", "geometry": {"type": "LineString", "coordinates": [[-57.6156638, -25.3460014], [-57.6157256, -25.3455327]]}, "properties": {"osmid": "48272935", "oneway": "False", "lanes": NaN, "ref": NaN, "name": "Patricio Escobar", "highway": "tertiary", "length": 52.486, "maxspeed": NaN, "bridge": NaN, "access": NaN, "tunnel": NaN, "junction": NaN, "width": NaN, "service": NaN, "roughness": 4.819999971428572}}, {"type": "Feature", "geometry": {"type": "LineString", "coordinates": [[-57.6157256, -25.3455327], [-57.6157365, -25.345379]]}, "properties": {"osmid": "48272935", "oneway": "False", "lanes": NaN, "ref": NaN, "name": "Patricio Escobar", "highway": "tertiary", "length": 17.126, "maxspeed": NaN, "bridge": NaN, "access": NaN, "tunnel": NaN, "junction": NaN, "width": NaN, "service": NaN, "roughness": 4.819999971428572}}, {"type": "Feature", "geometry": {"type": "LineString", "coordinates": [[-57.6157365, -25.345379], [-57.6158091, -25.3446113]]}, "properties": {"osmid": "48272935", "oneway": "False", "lanes": NaN, "ref": NaN, "name": "Patricio Escobar", "highway": "tertiary", "length": 85.676, "maxspeed": NaN, "bridge": NaN, "access": NaN, "tunnel": NaN, "junction": NaN, "width": NaN, "service": NaN, "roughness": 4.819999971428572}}, {"type": "Feature", "geometry": {"type": "LineString", "coordinates": [[-57.6158091, -25.3446113], [-57.6158677, -25.344199]]}, "properties": {"osmid": "48272935", "oneway": "False", "lanes": NaN, "ref": NaN, "name": "Patricio Escobar", "highway": "tertiary", "length": 46.222, "maxspeed": NaN, "bridge": NaN, "access": NaN, "tunnel": NaN, "junction": NaN, "width": NaN, "service": NaN, "roughness": 4.819999971428572}}, {"type": "Feature", "geometry": {"type": "LineString", "coordinates": [[-57.6158677, -25.344199], [-57.6158855, -25.3438962]]}, "properties": {"osmid": "48272935", "oneway": "False", "lanes": NaN, "ref": NaN, "name": "Patricio Escobar", "highway": "tertiary", "length": 33.717, "maxspeed": NaN, "bridge": NaN, "access": NaN, "tunnel": NaN, "junction": NaN, "width": NaN, "service": NaN, "roughness": 4.819999971428572}}, {"type": "Feature", "geometry": {"type": "LineString", "coordinates": [[-57.6158855, -25.3438962], [-57.615893, -25.3438401]]}, "properties": {"osmid": "48272935", "oneway": "False", "lanes": NaN, "ref": NaN, "name": "Patricio Escobar", "highway": "tertiary", "length": 6.283, "maxspeed": NaN, "bridge": NaN, "access": NaN, "tunnel": NaN, "junction": NaN, "width": NaN, "service": NaN, "roughness": 4.819999971428572}}, {"type": "Feature", "geometry": {"type": "LineString", "coordinates": [[-57.615893, -25.3438401], [-57.6159392, -25.3432592]]}, "properties": {"osmid": "273063876", "oneway": "False", "lanes": "2", "ref": NaN, "name": "Guaran\u00edes", "highway": "tertiary", "length": 64.76, "maxspeed": NaN, "bridge": NaN, "access": NaN, "tunnel": NaN, "junction": NaN, "width": NaN, "service": NaN, "roughness": 4.819999971428572}}, {"type": "Feature", "geometry": {"type": "LineString", "coordinates": [[-57.6159392, -25.3432592], [-57.6159693, -25.3427856]]}, "properties": {"osmid": "273063876", "oneway": "False", "lanes": "2", "ref": NaN, "name": "Guaran\u00edes", "highway": "tertiary", "length": 52.749, "maxspeed": NaN, "bridge": NaN, "access": NaN, "tunnel": NaN, "junction": NaN, "width": NaN, "service": NaN, "roughness": 4.819999971428572}}, {"type": "Feature", "geometry": {"type": "LineString", "coordinates": [[-57.6159693, -25.3427856], [-57.6160187, -25.3423255]]}, "properties": {"osmid": "273063876", "oneway": "False", "lanes": "2", "ref": NaN, "name": "Guaran\u00edes", "highway": "tertiary", "length": 51.401, "maxspeed": NaN, "bridge": NaN, "access": NaN, "tunnel": NaN, "junction": NaN, "width": NaN, "service": NaN, "roughness": 4.819999971428572}}, {"type": "Feature", "geometry": {"type": "LineString", "coordinates": [[-57.6160187, -25.3423255], [-57.6160449, -25.3418572]]}, "properties": {"osmid": "273063876", "oneway": "False", "lanes": "2", "ref": NaN, "name": "Guaran\u00edes", "highway": "tertiary", "length": 52.139, "maxspeed": NaN, "bridge": NaN, "access": NaN, "tunnel": NaN, "junction": NaN, "width": NaN, "service": NaN, "roughness": 4.819999971428572}}, {"type": "Feature", "geometry": {"type": "LineString", "coordinates": [[-57.6160449, -25.3418572], [-57.6160825, -25.3415193]]}, "properties": {"osmid": "273063876", "oneway": "False", "lanes": "2", "ref": NaN, "name": "Guaran\u00edes", "highway": "tertiary", "length": 37.762, "maxspeed": NaN, "bridge": NaN, "access": NaN, "tunnel": NaN, "junction": NaN, "width": NaN, "service": NaN, "roughness": 4.819999971428572}}, {"type": "Feature", "geometry": {"type": "LineString", "coordinates": [[-57.6160825, -25.3415193], [-57.6160865, -25.3413629]]}, "properties": {"osmid": "273063876", "oneway": "False", "lanes": "2", "ref": NaN, "name": "Guaran\u00edes", "highway": "tertiary", "length": 17.396, "maxspeed": NaN, "bridge": NaN, "access": NaN, "tunnel": NaN, "junction": NaN, "width": NaN, "service": NaN, "roughness": 4.819999971428572}}, {"type": "Feature", "geometry": {"type": "LineString", "coordinates": [[-57.6160865, -25.3413629], [-57.616077, -25.3412593]]}, "properties": {"osmid": "273063876", "oneway": "False", "lanes": "2", "ref": NaN, "name": "Guaran\u00edes", "highway": "tertiary", "length": 11.559, "maxspeed": NaN, "bridge": NaN, "access": NaN, "tunnel": NaN, "junction": NaN, "width": NaN, "service": NaN, "roughness": 4.819999971428572}}, {"type": "Feature", "geometry": {"type": "LineString", "coordinates": [[-57.616077, -25.3412593], [-57.6160543, -25.34101]]}, "properties": {"osmid": "273063876", "oneway": "False", "lanes": "2", "ref": NaN, "name": "Guaran\u00edes", "highway": "tertiary", "length": 27.815, "maxspeed": NaN, "bridge": NaN, "access": NaN, "tunnel": NaN, "junction": NaN, "width": NaN, "service": NaN, "roughness": 4.819999971428572}}, {"type": "Feature", "geometry": {"type": "LineString", "coordinates": [[-57.6160543, -25.34101], [-57.6160399, -25.3408306]]}, "properties": {"osmid": "273063854", "oneway": "False", "lanes": NaN, "ref": NaN, "name": "Guaran\u00edes", "highway": "tertiary", "length": 20.001, "maxspeed": NaN, "bridge": "yes", "access": NaN, "tunnel": NaN, "junction": NaN, "width": NaN, "service": NaN, "roughness": 4.819999971428572}}, {"type": "Feature", "geometry": {"type": "LineString", "coordinates": [[-57.6160399, -25.3408306], [-57.6158894, -25.3396963]]}, "properties": {"osmid": "46416242", "oneway": "False", "lanes": "2", "ref": NaN, "name": "Guaran\u00edes", "highway": "tertiary", "length": 127.032, "maxspeed": NaN, "bridge": NaN, "access": NaN, "tunnel": NaN, "junction": NaN, "width": NaN, "service": NaN, "roughness": 4.819999971428572}}, {"type": "Feature", "geometry": {"type": "LineString", "coordinates": [[-57.6158894, -25.3396963], [-57.6157429, -25.3384554]]}, "properties": {"osmid": "46416242", "oneway": "False", "lanes": "2", "ref": NaN, "name": "Guaran\u00edes", "highway": "tertiary", "length": 138.765, "maxspeed": NaN, "bridge": NaN, "access": NaN, "tunnel": NaN, "junction": NaN, "width": NaN, "service": NaN, "roughness": 4.819999971428572}}, {"type": "Feature", "geometry": {"type": "LineString", "coordinates": [[-57.6157429, -25.3384554], [-57.6155482, -25.3367454]]}, "properties": {"osmid": "46416242", "oneway": "False", "lanes": "2", "ref": NaN, "name": "Guaran\u00edes", "highway": "tertiary", "length": 191.148, "maxspeed": NaN, "bridge": NaN, "access": NaN, "tunnel": NaN, "junction": NaN, "width": NaN, "service": NaN, "roughness": 4.819999971428572}}, {"type": "Feature", "geometry": {"type": "LineString", "coordinates": [[-57.6155482, -25.3367454], [-57.6153666, -25.3352538]]}, "properties": {"osmid": "46416242", "oneway": "False", "lanes": "2", "ref": NaN, "name": "Guaran\u00edes", "highway": "tertiary", "length": 166.86, "maxspeed": NaN, "bridge": NaN, "access": NaN, "tunnel": NaN, "junction": NaN, "width": NaN, "service": NaN, "roughness": 4.819999971428572}}, {"type": "Feature", "geometry": {"type": "LineString", "coordinates": [[-57.6153666, -25.3352538], [-57.6146049, -25.3352978]]}, "properties": {"osmid": "46145686", "oneway": "False", "lanes": "2", "ref": NaN, "name": "Avenida Rep\u00fablica Argentina", "highway": "secondary", "length": 76.707, "maxspeed": NaN, "bridge": NaN, "access": NaN, "tunnel": NaN, "junction": NaN, "width": NaN, "service": NaN, "roughness": 4.819999971428572}}, {"type": "Feature", "geometry": {"type": "LineString", "coordinates": [[-57.6146049, -25.3352978], [-57.6145429, -25.3353179]]}, "properties": {"osmid": "46145686", "oneway": "False", "lanes": "2", "ref": NaN, "name": "Avenida Rep\u00fablica Argentina", "highway": "secondary", "length": 6.62, "maxspeed": NaN, "bridge": NaN, "access": NaN, "tunnel": NaN, "junction": NaN, "width": NaN, "service": NaN, "roughness": 4.819999971428572}}, {"type": "Feature", "geometry": {"type": "LineString", "coordinates": [[-57.6145429, -25.3353179], [-57.6142373, -25.3354385]]}, "properties": {"osmid": "46145686", "oneway": "False", "lanes": "2", "ref": NaN, "name": "Avenida Rep\u00fablica Argentina", "highway": "secondary", "length": 33.513, "maxspeed": NaN, "bridge": NaN, "access": NaN, "tunnel": NaN, "junction": NaN, "width": NaN, "service": NaN, "roughness": 4.819999971428572}}, {"type": "Feature", "geometry": {"type": "LineString", "coordinates": [[-57.6142373, -25.3354385], [-57.6141776, -25.3354434]]}, "properties": {"osmid": "46145686", "oneway": "False", "lanes": "2", "ref": NaN, "name": "Avenida Rep\u00fablica Argentina", "highway": "secondary", "length": 6.025, "maxspeed": NaN, "bridge": NaN, "access": NaN, "tunnel": NaN, "junction": NaN, "width": NaN, "service": NaN, "roughness": 4.819999971428572}}, {"type": "Feature", "geometry": {"type": "LineString", "coordinates": [[-57.6141776, -25.3354434], [-57.6141207, -25.3354415]]}, "properties": {"osmid": "46145686", "oneway": "False", "lanes": "2", "ref": NaN, "name": "Avenida Rep\u00fablica Argentina", "highway": "secondary", "length": 5.722, "maxspeed": NaN, "bridge": NaN, "access": NaN, "tunnel": NaN, "junction": NaN, "width": NaN, "service": NaN, "roughness": 4.819999971428572}}, {"type": "Feature", "geometry": {"type": "LineString", "coordinates": [[-57.6141207, -25.3354415], [-57.6137157, -25.3353612]]}, "properties": {"osmid": "46145686", "oneway": "False", "lanes": "2", "ref": NaN, "name": "Avenida Rep\u00fablica Argentina", "highway": "secondary", "length": 41.67, "maxspeed": NaN, "bridge": NaN, "access": NaN, "tunnel": NaN, "junction": NaN, "width": NaN, "service": NaN, "roughness": 4.819999971428572}}, {"type": "Feature", "geometry": {"type": "LineString", "coordinates": [[-57.6137157, -25.3353612], [-57.6135656, -25.3353315]]}, "properties": {"osmid": "46145686", "oneway": "False", "lanes": "2", "ref": NaN, "name": "Avenida Rep\u00fablica Argentina", "highway": "secondary", "length": 15.442, "maxspeed": NaN, "bridge": NaN, "access": NaN, "tunnel": NaN, "junction": NaN, "width": NaN, "service": NaN, "roughness": 4.819999971428572}}, {"type": "Feature", "geometry": {"type": "LineString", "coordinates": [[-57.6135656, -25.3353315], [-57.6128409, -25.3351988]]}, "properties": {"osmid": "46145686", "oneway": "False", "lanes": "2", "ref": NaN, "name": "Avenida Rep\u00fablica Argentina", "highway": "secondary", "length": 74.312, "maxspeed": NaN, "bridge": NaN, "access": NaN, "tunnel": NaN, "junction": NaN, "width": NaN, "service": NaN, "roughness": 4.819999971428572}}, {"type": "Feature", "geometry": {"type": "LineString", "coordinates": [[-57.6128409, -25.3351988], [-57.6121733, -25.3350906]]}, "properties": {"osmid": "46145686", "oneway": "False", "lanes": "2", "ref": NaN, "name": "Avenida Rep\u00fablica Argentina", "highway": "secondary", "length": 68.164, "maxspeed": NaN, "bridge": NaN, "access": NaN, "tunnel": NaN, "junction": NaN, "width": NaN, "service": NaN, "roughness": 4.819999971428572}}, {"type": "Feature", "geometry": {"type": "LineString", "coordinates": [[-57.6121733, -25.3350906], [-57.6102275, -25.3344663]]}, "properties": {"osmid": "46145686", "oneway": "False", "lanes": "2", "ref": NaN, "name": "Avenida Rep\u00fablica Argentina", "highway": "secondary", "length": 207.51, "maxspeed": NaN, "bridge": NaN, "access": NaN, "tunnel": NaN, "junction": NaN, "width": NaN, "service": NaN, "roughness": 4.819999971428572}}, {"type": "Feature", "geometry": {"type": "LineString", "coordinates": [[-57.6102275, -25.3344663], [-57.6094791, -25.334212]]}, "properties": {"osmid": "46145686", "oneway": "False", "lanes": "2", "ref": NaN, "name": "Avenida Rep\u00fablica Argentina", "highway": "secondary", "length": 80.355, "maxspeed": NaN, "bridge": NaN, "access": NaN, "tunnel": NaN, "junction": NaN, "width": NaN, "service": NaN, "roughness": 4.819999971428572}}, {"type": "Feature", "geometry": {"type": "LineString", "coordinates": [[-57.6094791, -25.334212], [-57.6086837, -25.3339354]]}, "properties": {"osmid": "46145686", "oneway": "False", "lanes": "2", "ref": NaN, "name": "Avenida Rep\u00fablica Argentina", "highway": "secondary", "length": 85.651, "maxspeed": NaN, "bridge": NaN, "access": NaN, "tunnel": NaN, "junction": NaN, "width": NaN, "service": NaN, "roughness": 4.819999971428572}}, {"type": "Feature", "geometry": {"type": "LineString", "coordinates": [[-57.6086837, -25.3339354], [-57.6085857, -25.3339032]]}, "properties": {"osmid": "46145686", "oneway": "False", "lanes": "2", "ref": NaN, "name": "Avenida Rep\u00fablica Argentina", "highway": "secondary", "length": 10.48, "maxspeed": NaN, "bridge": NaN, "access": NaN, "tunnel": NaN, "junction": NaN, "width": NaN, "service": NaN, "roughness": 4.819999971428572}}, {"type": "Feature", "geometry": {"type": "LineString", "coordinates": [[-57.6085857, -25.3339032], [-57.6078934, -25.3336855]]}, "properties": {"osmid": "46145686", "oneway": "False", "lanes": "2", "ref": NaN, "name": "Avenida Rep\u00fablica Argentina", "highway": "secondary", "length": 73.668, "maxspeed": NaN, "bridge": NaN, "access": NaN, "tunnel": NaN, "junction": NaN, "width": NaN, "service": NaN, "roughness": 4.819999971428572}}, {"type": "Feature", "geometry": {"type": "LineString", "coordinates": [[-57.6078934, -25.3336855], [-57.6077852, -25.3336503]]}, "properties": {"osmid": "868894108", "oneway": "False", "lanes": "2", "ref": NaN, "name": "Avenida Rep\u00fablica Argentina", "highway": "secondary", "length": 11.557, "maxspeed": NaN, "bridge": NaN, "access": NaN, "tunnel": NaN, "junction": NaN, "width": NaN, "service": NaN, "roughness": 4.819999971428572}}, {"type": "Feature", "geometry": {"type": "LineString", "coordinates": [[-57.6077852, -25.3336503], [-57.6071107, -25.3334274]]}, "properties": {"osmid": "681896013", "oneway": "False", "lanes": "2", "ref": NaN, "name": "Avenida Rep\u00fablica Argentina", "highway": "secondary", "length": 72.177, "maxspeed": NaN, "bridge": NaN, "access": NaN, "tunnel": NaN, "junction": NaN, "width": NaN, "service": NaN, "roughness": 4.819999971428572}}, {"type": "Feature", "geometry": {"type": "LineString", "coordinates": [[-57.6071107, -25.3334274], [-57.6064026, -25.333114]]}, "properties": {"osmid": "681896013", "oneway": "False", "lanes": "2", "ref": NaN, "name": "Avenida Rep\u00fablica Argentina", "highway": "secondary", "length": 79.24, "maxspeed": NaN, "bridge": NaN, "access": NaN, "tunnel": NaN, "junction": NaN, "width": NaN, "service": NaN, "roughness": 4.819999971428572}}, {"type": "Feature", "geometry": {"type": "LineString", "coordinates": [[-57.6064026, -25.333114], [-57.6056588, -25.3327784]]}, "properties": {"osmid": "681896013", "oneway": "False", "lanes": "2", "ref": NaN, "name": "Avenida Rep\u00fablica Argentina", "highway": "secondary", "length": 83.55, "maxspeed": NaN, "bridge": NaN, "access": NaN, "tunnel": NaN, "junction": NaN, "width": NaN, "service": NaN, "roughness": 4.819999971428572}}, {"type": "Feature", "geometry": {"type": "LineString", "coordinates": [[-57.6056588, -25.3327784], [-57.6051981, -25.332545]]}, "properties": {"osmid": "681896013", "oneway": "False", "lanes": "2", "ref": NaN, "name": "Avenida Rep\u00fablica Argentina", "highway": "secondary", "length": 53.079, "maxspeed": NaN, "bridge": NaN, "access": NaN, "tunnel": NaN, "junction": NaN, "width": NaN, "service": NaN, "roughness": 4.819999971428572}}, {"type": "Feature", "geometry": {"type": "LineString", "coordinates": [[-57.6051981, -25.332545], [-57.6036533, -25.3317838]]}, "properties": {"osmid": "789354153", "oneway": "False", "lanes": "2", "ref": NaN, "name": "Avenida Rep\u00fablica Argentina", "highway": "secondary", "length": 176.83, "maxspeed": NaN, "bridge": NaN, "access": NaN, "tunnel": NaN, "junction": NaN, "width": NaN, "service": NaN, "roughness": 4.819999971428572}}, {"type": "Feature", "geometry": {"type": "LineString", "coordinates": [[-57.6036533, -25.3317838], [-57.6028927, -25.3314088]]}, "properties": {"osmid": "789354153", "oneway": "False", "lanes": "2", "ref": NaN, "name": "Avenida Rep\u00fablica Argentina", "highway": "secondary", "length": 87.076, "maxspeed": NaN, "bridge": NaN, "access": NaN, "tunnel": NaN, "junction": NaN, "width": NaN, "service": NaN, "roughness": 4.819999971428572}}, {"type": "Feature", "geometry": {"type": "LineString", "coordinates": [[-57.6028927, -25.3314088], [-57.6020068, -25.3309838]]}, "properties": {"osmid": "789354153", "oneway": "False", "lanes": "2", "ref": NaN, "name": "Avenida Rep\u00fablica Argentina", "highway": "secondary", "length": 100.801, "maxspeed": NaN, "bridge": NaN, "access": NaN, "tunnel": NaN, "junction": NaN, "width": NaN, "service": NaN, "roughness": 4.819999971428572}}, {"type": "Feature", "geometry": {"type": "LineString", "coordinates": [[-57.6020068, -25.3309838], [-57.6015543, -25.3307462]]}, "properties": {"osmid": "789354153", "oneway": "False", "lanes": "2", "ref": NaN, "name": "Avenida Rep\u00fablica Argentina", "highway": "secondary", "length": 52.595, "maxspeed": NaN, "bridge": NaN, "access": NaN, "tunnel": NaN, "junction": NaN, "width": NaN, "service": NaN, "roughness": 4.819999971428572}}, {"type": "Feature", "geometry": {"type": "LineString", "coordinates": [[-57.6015543, -25.3307462], [-57.6011948, -25.3305045]]}, "properties": {"osmid": "46594845", "oneway": "True", "lanes": "1", "ref": NaN, "name": "Avenida Rep\u00fablica Argentina", "highway": "secondary", "length": 45.031, "maxspeed": NaN, "bridge": NaN, "access": NaN, "tunnel": NaN, "junction": NaN, "width": NaN, "service": NaN, "roughness": 4.819999971428572}}, {"type": "Feature", "geometry": {"type": "LineString", "coordinates": [[-57.6011948, -25.3305045], [-57.6004844, -25.3297619]]}, "properties": {"osmid": "789354150", "oneway": "True", "lanes": "1", "ref": NaN, "name": "Avenida Rep\u00fablica Argentina", "highway": "secondary", "length": 109.161, "maxspeed": NaN, "bridge": NaN, "access": NaN, "tunnel": NaN, "junction": NaN, "width": NaN, "service": NaN, "roughness": 4.819999971428572}}, {"type": "Feature", "geometry": {"type": "LineString", "coordinates": [[-57.6004844, -25.3297619], [-57.599725, -25.328968]]}, "properties": {"osmid": "789354150", "oneway": "True", "lanes": "1", "ref": NaN, "name": "Avenida Rep\u00fablica Argentina", "highway": "secondary", "length": 116.697, "maxspeed": NaN, "bridge": NaN, "access": NaN, "tunnel": NaN, "junction": NaN, "width": NaN, "service": NaN, "roughness": 4.819999971428572}}, {"type": "Feature", "geometry": {"type": "LineString", "coordinates": [[-57.599725, -25.328968], [-57.5989117, -25.3280652]]}, "properties": {"osmid": "274638131", "oneway": "True", "lanes": "1", "ref": NaN, "name": "Avenida Rep\u00fablica Argentina", "highway": "secondary", "length": 129.457, "maxspeed": NaN, "bridge": NaN, "access": NaN, "tunnel": NaN, "junction": NaN, "width": NaN, "service": NaN, "roughness": 4.819999971428572}}, {"type": "Feature", "geometry": {"type": "LineString", "coordinates": [[-57.5989117, -25.3280652], [-57.5981004, -25.3271783]]}, "properties": {"osmid": "274638132", "oneway": "True", "lanes": "2", "ref": NaN, "name": "Avenida Rep\u00fablica Argentina", "highway": "secondary", "length": 127.963, "maxspeed": NaN, "bridge": NaN, "access": NaN, "tunnel": NaN, "junction": NaN, "width": NaN, "service": NaN, "roughness": 4.819999971428572}}, {"type": "Feature", "geometry": {"type": "LineString", "coordinates": [[-57.5981004, -25.3271783], [-57.5978949, -25.3269511]]}, "properties": {"osmid": "274638132", "oneway": "True", "lanes": "2", "ref": NaN, "name": "Avenida Rep\u00fablica Argentina", "highway": "secondary", "length": 32.632, "maxspeed": NaN, "bridge": NaN, "access": NaN, "tunnel": NaN, "junction": NaN, "width": NaN, "service": NaN, "roughness": 4.819999971428572}}, {"type": "Feature", "geometry": {"type": "LineString", "coordinates": [[-57.5978949, -25.3269511], [-57.5974332, -25.3264709]]}, "properties": {"osmid": "274638132", "oneway": "True", "lanes": "2", "ref": NaN, "name": "Avenida Rep\u00fablica Argentina", "highway": "secondary", "length": 70.742, "maxspeed": NaN, "bridge": NaN, "access": NaN, "tunnel": NaN, "junction": NaN, "width": NaN, "service": NaN, "roughness": 4.819999971428572}}, {"type": "Feature", "geometry": {"type": "LineString", "coordinates": [[-57.5974332, -25.3264709], [-57.5974037, -25.3264394]]}, "properties": {"osmid": "274638132", "oneway": "True", "lanes": "2", "ref": NaN, "name": "Avenida Rep\u00fablica Argentina", "highway": "secondary", "length": 4.589, "maxspeed": NaN, "bridge": NaN, "access": NaN, "tunnel": NaN, "junction": NaN, "width": NaN, "service": NaN, "roughness": 4.819999971428572}}, {"type": "Feature", "geometry": {"type": "LineString", "coordinates": [[-57.5974037, -25.3264394], [-57.5973637, -25.3263784]]}, "properties": {"osmid": "274638132", "oneway": "True", "lanes": "2", "ref": NaN, "name": "Avenida Rep\u00fablica Argentina", "highway": "secondary", "length": 7.885, "maxspeed": NaN, "bridge": NaN, "access": NaN, "tunnel": NaN, "junction": NaN, "width": NaN, "service": NaN, "roughness": 4.819999971428572}}, {"type": "Feature", "geometry": {"type": "LineString", "coordinates": [[-57.5973637, -25.3263784], [-57.5973491, -25.32633]]}, "properties": {"osmid": "274638132", "oneway": "True", "lanes": "2", "ref": NaN, "name": "Avenida Rep\u00fablica Argentina", "highway": "secondary", "length": 5.578, "maxspeed": NaN, "bridge": NaN, "access": NaN, "tunnel": NaN, "junction": NaN, "width": NaN, "service": NaN, "roughness": 4.819999971428572}}, {"type": "Feature", "geometry": {"type": "LineString", "coordinates": [[-57.5973491, -25.32633], [-57.5973413, -25.3262806]]}, "properties": {"osmid": "274638132", "oneway": "True", "lanes": "2", "ref": NaN, "name": "Avenida Rep\u00fablica Argentina", "highway": "secondary", "length": 5.549, "maxspeed": NaN, "bridge": NaN, "access": NaN, "tunnel": NaN, "junction": NaN, "width": NaN, "service": NaN, "roughness": 4.819999971428572}}, {"type": "Feature", "geometry": {"type": "LineString", "coordinates": [[-57.5973413, -25.3262806], [-57.5973279, -25.3261844]]}, "properties": {"osmid": "48987734", "oneway": "True", "lanes": "2", "ref": NaN, "name": "Avenida Rep\u00fablica Argentina", "highway": "primary", "length": 10.781, "maxspeed": "40", "bridge": NaN, "access": NaN, "tunnel": NaN, "junction": NaN, "width": NaN, "service": NaN, "roughness": 4.819999971428572}}, {"type": "Feature", "geometry": {"type": "LineString", "coordinates": [[-57.5973279, -25.3261844], [-57.5973122, -25.3260946]]}, "properties": {"osmid": "649652370", "oneway": "True", "lanes": "2", "ref": NaN, "name": "Avenida Rep\u00fablica Argentina", "highway": "primary", "length": 10.109, "maxspeed": "40", "bridge": NaN, "access": NaN, "tunnel": NaN, "junction": NaN, "width": NaN, "service": NaN, "roughness": 4.819999971428572}}, {"type": "Feature", "geometry": {"type": "LineString", "coordinates": [[-57.5973122, -25.3260946], [-57.5972863, -25.3260089]]}, "properties": {"osmid": "649652370", "oneway": "True", "lanes": "2", "ref": NaN, "name": "Avenida Rep\u00fablica Argentina", "highway": "primary", "length": 9.879, "maxspeed": "40", "bridge": NaN, "access": NaN, "tunnel": NaN, "junction": NaN, "width": NaN, "service": NaN, "roughness": 4.819999971428572}}, {"type": "Feature", "geometry": {"type": "LineString", "coordinates": [[-57.5972863, -25.3260089], [-57.5972695, -25.325971]]}, "properties": {"osmid": "649652370", "oneway": "True", "lanes": "2", "ref": NaN, "name": "Avenida Rep\u00fablica Argentina", "highway": "primary", "length": 4.54, "maxspeed": "40", "bridge": NaN, "access": NaN, "tunnel": NaN, "junction": NaN, "width": NaN, "service": NaN, "roughness": 4.819999971428572}}, {"type": "Feature", "geometry": {"type": "LineString", "coordinates": [[-57.5972695, -25.325971], [-57.5968933, -25.3254564]]}, "properties": {"osmid": "649652370", "oneway": "True", "lanes": "2", "ref": NaN, "name": "Avenida Rep\u00fablica Argentina", "highway": "primary", "length": 68.585, "maxspeed": "40", "bridge": NaN, "access": NaN, "tunnel": NaN, "junction": NaN, "width": NaN, "service": NaN, "roughness": 4.819999971428572}}, {"type": "Feature", "geometry": {"type": "LineString", "coordinates": [[-57.5968933, -25.3254564], [-57.5966383, -25.3251032]]}, "properties": {"osmid": "649652370", "oneway": "True", "lanes": "2", "ref": NaN, "name": "Avenida Rep\u00fablica Argentina", "highway": "primary", "length": 46.897, "maxspeed": "40", "bridge": NaN, "access": NaN, "tunnel": NaN, "junction": NaN, "width": NaN, "service": NaN, "roughness": 4.819999971428572}}, {"type": "Feature", "geometry": {"type": "LineString", "coordinates": [[-57.5966383, -25.3251032], [-57.5961705, -25.3244553]]}, "properties": {"osmid": "649652370", "oneway": "True", "lanes": "2", "ref": NaN, "name": "Avenida Rep\u00fablica Argentina", "highway": "primary", "length": 86.029, "maxspeed": "40", "bridge": NaN, "access": NaN, "tunnel": NaN, "junction": NaN, "width": NaN, "service": NaN, "roughness": 4.819999971428572}}, {"type": "Feature", "geometry": {"type": "LineString", "coordinates": [[-57.5961705, -25.3244553], [-57.5961628, -25.3244452]]}, "properties": {"osmid": "656302298", "oneway": "True", "lanes": "2", "ref": NaN, "name": "Avenida Rep\u00fablica Argentina", "highway": "primary", "length": 1.364, "maxspeed": "40", "bridge": NaN, "access": NaN, "tunnel": NaN, "junction": NaN, "width": NaN, "service": NaN, "roughness": 4.819999971428572}}, {"type": "Feature", "geometry": {"type": "LineString", "coordinates": [[-57.5961628, -25.3244452], [-57.5961078, -25.3243732]]}, "properties": {"osmid": "656302298", "oneway": "True", "lanes": "2", "ref": NaN, "name": "Avenida Rep\u00fablica Argentina", "highway": "primary", "length": 9.729, "maxspeed": "40", "bridge": NaN, "access": NaN, "tunnel": NaN, "junction": NaN, "width": NaN, "service": NaN, "roughness": 4.819999971428572}}, {"type": "Feature", "geometry": {"type": "LineString", "coordinates": [[-57.5961078, -25.3243732], [-57.5959132, -25.3241188]]}, "properties": {"osmid": "656302298", "oneway": "True", "lanes": "2", "ref": NaN, "name": "Avenida Rep\u00fablica Argentina", "highway": "primary", "length": 34.391, "maxspeed": "40", "bridge": NaN, "access": NaN, "tunnel": NaN, "junction": NaN, "width": NaN, "service": NaN, "roughness": 4.819999971428572}}, {"type": "Feature", "geometry": {"type": "LineString", "coordinates": [[-57.5959132, -25.3241188], [-57.5958382, -25.3240152]]}, "properties": {"osmid": "656302298", "oneway": "True", "lanes": "2", "ref": NaN, "name": "Avenida Rep\u00fablica Argentina", "highway": "primary", "length": 13.767, "maxspeed": "40", "bridge": NaN, "access": NaN, "tunnel": NaN, "junction": NaN, "width": NaN, "service": NaN, "roughness": 4.819999971428572}}, {"type": "Feature", "geometry": {"type": "LineString", "coordinates": [[-57.5958382, -25.3240152], [-57.5958104, -25.3239766]]}, "properties": {"osmid": "656302298", "oneway": "True", "lanes": "2", "ref": NaN, "name": "Avenida Rep\u00fablica Argentina", "highway": "primary", "length": 5.121, "maxspeed": "40", "bridge": NaN, "access": NaN, "tunnel": NaN, "junction": NaN, "width": NaN, "service": NaN, "roughness": 4.819999971428572}}, {"type": "Feature", "geometry": {"type": "LineString", "coordinates": [[-57.5958104, -25.3239766], [-57.5956602, -25.3237691]]}, "properties": {"osmid": "656302298", "oneway": "True", "lanes": "2", "ref": NaN, "name": "Avenida Rep\u00fablica Argentina", "highway": "primary", "length": 27.573, "maxspeed": "40", "bridge": NaN, "access": NaN, "tunnel": NaN, "junction": NaN, "width": NaN, "service": NaN, "roughness": 4.819999971428572}}, {"type": "Feature", "geometry": {"type": "LineString", "coordinates": [[-57.5956602, -25.3237691], [-57.595606, -25.323694]]}, "properties": {"osmid": "656302298", "oneway": "True", "lanes": "2", "ref": NaN, "name": "Avenida Rep\u00fablica Argentina", "highway": "primary", "length": 9.971, "maxspeed": "40", "bridge": NaN, "access": NaN, "tunnel": NaN, "junction": NaN, "width": NaN, "service": NaN, "roughness": 4.819999971428572}}, {"type": "Feature", "geometry": {"type": "LineString", "coordinates": [[-57.595606, -25.323694], [-57.5954569, -25.323488]]}, "properties": {"osmid": "656302298", "oneway": "True", "lanes": "2", "ref": NaN, "name": "Avenida Rep\u00fablica Argentina", "highway": "primary", "length": 27.373, "maxspeed": "40", "bridge": NaN, "access": NaN, "tunnel": NaN, "junction": NaN, "width": NaN, "service": NaN, "roughness": 4.819999971428572}}, {"type": "Feature", "geometry": {"type": "LineString", "coordinates": [[-57.5954569, -25.323488], [-57.5952496, -25.3232013]]}, "properties": {"osmid": "656302298", "oneway": "True", "lanes": "2", "ref": NaN, "name": "Avenida Rep\u00fablica Argentina", "highway": "primary", "length": 38.085, "maxspeed": "40", "bridge": NaN, "access": NaN, "tunnel": NaN, "junction": NaN, "width": NaN, "service": NaN, "roughness": 4.819999971428572}}, {"type": "Feature", "geometry": {"type": "LineString", "coordinates": [[-57.5952496, -25.3232013], [-57.5949812, -25.3228489]]}, "properties": {"osmid": "656302298", "oneway": "True", "lanes": "2", "ref": NaN, "name": "Avenida Rep\u00fablica Argentina", "highway": "primary", "length": 47.573, "maxspeed": "40", "bridge": NaN, "access": NaN, "tunnel": NaN, "junction": NaN, "width": NaN, "service": NaN, "roughness": 4.819999971428572}}, {"type": "Feature", "geometry": {"type": "LineString", "coordinates": [[-57.5949812, -25.3228489], [-57.5949032, -25.3227464]]}, "properties": {"osmid": "656302298", "oneway": "True", "lanes": "2", "ref": NaN, "name": "Avenida Rep\u00fablica Argentina", "highway": "primary", "length": 13.834, "maxspeed": "40", "bridge": NaN, "access": NaN, "tunnel": NaN, "junction": NaN, "width": NaN, "service": NaN, "roughness": 4.819999971428572}}, {"type": "Feature", "geometry": {"type": "LineString", "coordinates": [[-57.5949032, -25.3227464], [-57.5948276, -25.3226438]]}, "properties": {"osmid": "460055859", "oneway": "True", "lanes": "2", "ref": NaN, "name": "Avenida Rep\u00fablica Argentina", "highway": "primary", "length": 13.707, "maxspeed": "40", "bridge": NaN, "access": NaN, "tunnel": NaN, "junction": NaN, "width": NaN, "service": NaN, "roughness": 4.819999971428572}}, {"type": "Feature", "geometry": {"type": "LineString", "coordinates": [[-57.5948276, -25.3226438], [-57.5947586, -25.3225502]]}, "properties": {"osmid": "460055859", "oneway": "True", "lanes": "2", "ref": NaN, "name": "Avenida Rep\u00fablica Argentina", "highway": "primary", "length": 12.507, "maxspeed": "40", "bridge": NaN, "access": NaN, "tunnel": NaN, "junction": NaN, "width": NaN, "service": NaN, "roughness": 4.819999971428572}}, {"type": "Feature", "geometry": {"type": "LineString", "coordinates": [[-57.5947586, -25.3225502], [-57.5944702, -25.3221587]]}, "properties": {"osmid": "460055859", "oneway": "True", "lanes": "2", "ref": NaN, "name": "Avenida Rep\u00fablica Argentina", "highway": "primary", "length": 52.301, "maxspeed": "40", "bridge": NaN, "access": NaN, "tunnel": NaN, "junction": NaN, "width": NaN, "service": NaN, "roughness": 4.819999971428572}}, {"type": "Feature", "geometry": {"type": "LineString", "coordinates": [[-57.5944702, -25.3221587], [-57.5941275, -25.3217094]]}, "properties": {"osmid": "460055859", "oneway": "True", "lanes": "2", "ref": NaN, "name": "Avenida Rep\u00fablica Argentina", "highway": "primary", "length": 60.683, "maxspeed": "40", "bridge": NaN, "access": NaN, "tunnel": NaN, "junction": NaN, "width": NaN, "service": NaN, "roughness": 4.819999971428572}}, {"type": "Feature", "geometry": {"type": "LineString", "coordinates": [[-57.5941275, -25.3217094], [-57.5940595, -25.3216138]]}, "properties": {"osmid": "242075115", "oneway": "True", "lanes": "2", "ref": NaN, "name": "Avenida Rep\u00fablica Argentina", "highway": "primary", "length": 12.638, "maxspeed": "30", "bridge": NaN, "access": NaN, "tunnel": NaN, "junction": NaN, "width": NaN, "service": NaN, "roughness": 4.819999971428572}}, {"type": "Feature", "geometry": {"type": "LineString", "coordinates": [[-57.5940595, -25.3216138], [-57.5932812, -25.3205201]]}, "properties": {"osmid": "242075115", "oneway": "True", "lanes": "2", "ref": NaN, "name": "Avenida Rep\u00fablica Argentina", "highway": "primary", "length": 144.602, "maxspeed": "30", "bridge": NaN, "access": NaN, "tunnel": NaN, "junction": NaN, "width": NaN, "service": NaN, "roughness": 4.819999971428572}}, {"type": "Feature", "geometry": {"type": "LineString", "coordinates": [[-57.5932812, -25.3205201], [-57.5923795, -25.3193007]]}, "properties": {"osmid": "242075115", "oneway": "True", "lanes": "2", "ref": NaN, "name": "Avenida Rep\u00fablica Argentina", "highway": "primary", "length": 163.093, "maxspeed": "30", "bridge": NaN, "access": NaN, "tunnel": NaN, "junction": NaN, "width": NaN, "service": NaN, "roughness": 4.819999971428572}}, {"type": "Feature", "geometry": {"type": "LineString", "coordinates": [[-57.5923795, -25.3193007], [-57.5921838, -25.3190207]]}, "properties": {"osmid": "242075115", "oneway": "True", "lanes": "2", "ref": NaN, "name": "Avenida Rep\u00fablica Argentina", "highway": "primary", "length": 36.828, "maxspeed": "30", "bridge": NaN, "access": NaN, "tunnel": NaN, "junction": NaN, "width": NaN, "service": NaN, "roughness": 4.819999971428572}}, {"type": "Feature", "geometry": {"type": "LineString", "coordinates": [[-57.5921838, -25.3190207], [-57.5915214, -25.3181062]]}, "properties": {"osmid": "242075115", "oneway": "True", "lanes": "2", "ref": NaN, "name": "Avenida Rep\u00fablica Argentina", "highway": "primary", "length": 121.546, "maxspeed": "30", "bridge": NaN, "access": NaN, "tunnel": NaN, "junction": NaN, "width": NaN, "service": NaN, "roughness": 4.819999971428572}}, {"type": "Feature", "geometry": {"type": "LineString", "coordinates": [[-57.5915214, -25.3181062], [-57.5910456, -25.3174233]]}, "properties": {"osmid": "242075115", "oneway": "True", "lanes": "2", "ref": NaN, "name": "Avenida Rep\u00fablica Argentina", "highway": "primary", "length": 89.741, "maxspeed": "30", "bridge": NaN, "access": NaN, "tunnel": NaN, "junction": NaN, "width": NaN, "service": NaN, "roughness": 4.819999971428572}}, {"type": "Feature", "geometry": {"type": "LineString", "coordinates": [[-57.5910456, -25.3174233], [-57.5906422, -25.3168981]]}, "properties": {"osmid": "242075115", "oneway": "True", "lanes": "2", "ref": NaN, "name": "Avenida Rep\u00fablica Argentina", "highway": "primary", "length": 71.096, "maxspeed": "30", "bridge": NaN, "access": NaN, "tunnel": NaN, "junction": NaN, "width": NaN, "service": NaN, "roughness": 4.819999971428572}}, {"type": "Feature", "geometry": {"type": "LineString", "coordinates": [[-57.5906422, -25.3168981], [-57.5902245, -25.3163346]]}, "properties": {"osmid": "242075115", "oneway": "True", "lanes": "2", "ref": NaN, "name": "Avenida Rep\u00fablica Argentina", "highway": "primary", "length": 75.424, "maxspeed": "30", "bridge": NaN, "access": NaN, "tunnel": NaN, "junction": NaN, "width": NaN, "service": NaN, "roughness": 4.819999971428572}}, {"type": "Feature", "geometry": {"type": "LineString", "coordinates": [[-57.5902245, -25.3163346], [-57.5897529, -25.3156843]]}, "properties": {"osmid": "242075115", "oneway": "True", "lanes": "2", "ref": NaN, "name": "Avenida Rep\u00fablica Argentina", "highway": "primary", "length": 86.463, "maxspeed": "30", "bridge": NaN, "access": NaN, "tunnel": NaN, "junction": NaN, "width": NaN, "service": NaN, "roughness": 4.819999971428572}}, {"type": "Feature", "geometry": {"type": "LineString", "coordinates": [[-57.5897529, -25.3156843], [-57.5888884, -25.3144831]]}, "properties": {"osmid": "242075115", "oneway": "True", "lanes": "2", "ref": NaN, "name": "Avenida Rep\u00fablica Argentina", "highway": "primary", "length": 159.347, "maxspeed": "30", "bridge": NaN, "access": NaN, "tunnel": NaN, "junction": NaN, "width": NaN, "service": NaN, "roughness": 4.819999971428572}}, {"type": "Feature", "geometry": {"type": "LineString", "coordinates": [[-57.5888884, -25.3144831], [-57.588262, -25.3136295]]}, "properties": {"osmid": "338376019", "oneway": "True", "lanes": "2", "ref": NaN, "name": "Avenida Rep\u00fablica Argentina", "highway": "primary", "length": 113.902, "maxspeed": "40", "bridge": NaN, "access": NaN, "tunnel": NaN, "junction": NaN, "width": NaN, "service": NaN, "roughness": 4.819999971428572}}, {"type": "Feature", "geometry": {"type": "LineString", "coordinates": [[-57.588262, -25.3136295], [-57.5880187, -25.3132696]]}, "properties": {"osmid": "338376019", "oneway": "True", "lanes": "2", "ref": NaN, "name": "Avenida Rep\u00fablica Argentina", "highway": "primary", "length": 46.9, "maxspeed": "40", "bridge": NaN, "access": NaN, "tunnel": NaN, "junction": NaN, "width": NaN, "service": NaN, "roughness": 4.819999971428572}}, {"type": "Feature", "geometry": {"type": "LineString", "coordinates": [[-57.5880187, -25.3132696], [-57.587845, -25.3130185]]}, "properties": {"osmid": "460055863", "oneway": "True", "lanes": "2", "ref": NaN, "name": "Avenida Rep\u00fablica Argentina", "highway": "primary", "length": 32.931, "maxspeed": "40", "bridge": NaN, "access": NaN, "tunnel": NaN, "junction": NaN, "width": NaN, "service": NaN, "roughness": 4.819999971428572}}, {"type": "Feature", "geometry": {"type": "LineString", "coordinates": [[-57.587845, -25.3130185], [-57.5875928, -25.3126393]]}, "properties": {"osmid": "847354819", "oneway": "True", "lanes": "2", "ref": NaN, "name": "Avenida Rep\u00fablica Argentina", "highway": "primary", "length": 49.199, "maxspeed": "40", "bridge": NaN, "access": NaN, "tunnel": NaN, "junction": NaN, "width": NaN, "service": NaN, "roughness": 4.819999971428572}}, {"type": "Feature", "geometry": {"type": "LineString", "coordinates": [[-57.5875928, -25.3126393], [-57.5873673, -25.3122769]]}, "properties": {"osmid": "847354819", "oneway": "True", "lanes": "2", "ref": NaN, "name": "Avenida Rep\u00fablica Argentina", "highway": "primary", "length": 46.235, "maxspeed": "40", "bridge": NaN, "access": NaN, "tunnel": NaN, "junction": NaN, "width": NaN, "service": NaN, "roughness": 4.819999971428572}}, {"type": "Feature", "geometry": {"type": "LineString", "coordinates": [[-57.5873673, -25.3122769], [-57.5868832, -25.3114972]]}, "properties": {"osmid": "130677092", "oneway": "True", "lanes": "2", "ref": NaN, "name": "Avenida Rep\u00fablica Argentina", "highway": "primary", "length": 99.421, "maxspeed": "40", "bridge": "viaduct", "access": NaN, "tunnel": NaN, "junction": NaN, "width": NaN, "service": NaN, "roughness": 4.819999971428572}}, {"type": "Feature", "geometry": {"type": "LineString", "coordinates": [[-57.5868832, -25.3114972], [-57.5863623, -25.3106187]]}, "properties": {"osmid": "161515114", "oneway": "True", "lanes": "2", "ref": NaN, "name": "Avenida Rep\u00fablica Argentina", "highway": "primary", "length": 110.833, "maxspeed": "40", "bridge": NaN, "access": NaN, "tunnel": NaN, "junction": NaN, "width": NaN, "service": NaN, "roughness": 4.819999971428572}}, {"type": "Feature", "geometry": {"type": "LineString", "coordinates": [[-57.5863623, -25.3106187], [-57.5863157, -25.3105523]]}, "properties": {"osmid": "161515114", "oneway": "True", "lanes": "2", "ref": NaN, "name": "Avenida Rep\u00fablica Argentina", "highway": "primary", "length": 8.744, "maxspeed": "40", "bridge": NaN, "access": NaN, "tunnel": NaN, "junction": NaN, "width": NaN, "service": NaN, "roughness": 4.819999971428572}}, {"type": "Feature", "geometry": {"type": "LineString", "coordinates": [[-57.5863157, -25.3105523], [-57.5854954, -25.3092445]]}, "properties": {"osmid": "161515114", "oneway": "True", "lanes": "2", "ref": NaN, "name": "Avenida Rep\u00fablica Argentina", "highway": "primary", "length": 167.172, "maxspeed": "40", "bridge": NaN, "access": NaN, "tunnel": NaN, "junction": NaN, "width": NaN, "service": NaN, "roughness": 4.819999971428572}}, {"type": "Feature", "geometry": {"type": "LineString", "coordinates": [[-57.5854954, -25.3092445], [-57.5846524, -25.3078671]]}, "properties": {"osmid": "161515114", "oneway": "True", "lanes": "2", "ref": NaN, "name": "Avenida Rep\u00fablica Argentina", "highway": "primary", "length": 175.04, "maxspeed": "40", "bridge": NaN, "access": NaN, "tunnel": NaN, "junction": NaN, "width": NaN, "service": NaN, "roughness": 4.819999971428572}}, {"type": "Feature", "geometry": {"type": "LineString", "coordinates": [[-57.5846524, -25.3078671], [-57.5844888, -25.3076034]]}, "properties": {"osmid": "161515114", "oneway": "True", "lanes": "2", "ref": NaN, "name": "Avenida Rep\u00fablica Argentina", "highway": "primary", "length": 33.619, "maxspeed": "40", "bridge": NaN, "access": NaN, "tunnel": NaN, "junction": NaN, "width": NaN, "service": NaN, "roughness": 4.819999971428572}}, {"type": "Feature", "geometry": {"type": "LineString", "coordinates": [[-57.5844888, -25.3076034], [-57.5842186, -25.3071797]]}, "properties": {"osmid": "161515114", "oneway": "True", "lanes": "2", "ref": NaN, "name": "Avenida Rep\u00fablica Argentina", "highway": "primary", "length": 54.382, "maxspeed": "40", "bridge": NaN, "access": NaN, "tunnel": NaN, "junction": NaN, "width": NaN, "service": NaN, "roughness": 4.819999971428572}}, {"type": "Feature", "geometry": {"type": "LineString", "coordinates": [[-57.5842186, -25.3071797], [-57.5841136, -25.3070066]]}, "properties": {"osmid": "161515114", "oneway": "True", "lanes": "2", "ref": NaN, "name": "Avenida Rep\u00fablica Argentina", "highway": "primary", "length": 21.952, "maxspeed": "40", "bridge": NaN, "access": NaN, "tunnel": NaN, "junction": NaN, "width": NaN, "service": NaN, "roughness": 4.819999971428572}}, {"type": "Feature", "geometry": {"type": "LineString", "coordinates": [[-57.5841136, -25.3070066], [-57.5839025, -25.3066588]]}, "properties": {"osmid": "161515114", "oneway": "True", "lanes": "2", "ref": NaN, "name": "Avenida Rep\u00fablica Argentina", "highway": "primary", "length": 44.113, "maxspeed": "40", "bridge": NaN, "access": NaN, "tunnel": NaN, "junction": NaN, "width": NaN, "service": NaN, "roughness": 4.819999971428572}}, {"type": "Feature", "geometry": {"type": "LineString", "coordinates": [[-57.5839025, -25.3066588], [-57.5836951, -25.3063126]]}, "properties": {"osmid": "161515114", "oneway": "True", "lanes": "2", "ref": NaN, "name": "Avenida Rep\u00fablica Argentina", "highway": "primary", "length": 43.779, "maxspeed": "40", "bridge": NaN, "access": NaN, "tunnel": NaN, "junction": NaN, "width": NaN, "service": NaN, "roughness": 4.819999971428572}}, {"type": "Feature", "geometry": {"type": "LineString", "coordinates": [[-57.5836951, -25.3063126], [-57.5830531, -25.3052752]]}, "properties": {"osmid": "161515114", "oneway": "True", "lanes": "2", "ref": NaN, "name": "Avenida Rep\u00fablica Argentina", "highway": "primary", "length": 132.18, "maxspeed": "40", "bridge": NaN, "access": NaN, "tunnel": NaN, "junction": NaN, "width": NaN, "service": NaN, "roughness": 4.819999971428572}}, {"type": "Feature", "geometry": {"type": "LineString", "coordinates": [[-57.5830531, -25.3052752], [-57.5825226, -25.3044123]]}, "properties": {"osmid": "161515114", "oneway": "True", "lanes": "2", "ref": NaN, "name": "Avenida Rep\u00fablica Argentina", "highway": "primary", "length": 109.774, "maxspeed": "40", "bridge": NaN, "access": NaN, "tunnel": NaN, "junction": NaN, "width": NaN, "service": NaN, "roughness": 4.819999971428572}}, {"type": "Feature", "geometry": {"type": "LineString", "coordinates": [[-57.5825226, -25.3044123], [-57.5823511, -25.3041333]]}, "properties": {"osmid": "161515114", "oneway": "True", "lanes": "2", "ref": NaN, "name": "Avenida Rep\u00fablica Argentina", "highway": "primary", "length": 35.492, "maxspeed": "40", "bridge": NaN, "access": NaN, "tunnel": NaN, "junction": NaN, "width": NaN, "service": NaN, "roughness": 4.819999971428572}}, {"type": "Feature", "geometry": {"type": "LineString", "coordinates": [[-57.5823511, -25.3041333], [-57.5818756, -25.3033462]]}, "properties": {"osmid": "161515114", "oneway": "True", "lanes": "2", "ref": NaN, "name": "Avenida Rep\u00fablica Argentina", "highway": "primary", "length": 99.724, "maxspeed": "40", "bridge": NaN, "access": NaN, "tunnel": NaN, "junction": NaN, "width": NaN, "service": NaN, "roughness": 4.819999971428572}}, {"type": "Feature", "geometry": {"type": "LineString", "coordinates": [[-57.5818756, -25.3033462], [-57.5814116, -25.3025429]]}, "properties": {"osmid": "161515114", "oneway": "True", "lanes": "2", "ref": NaN, "name": "Avenida Rep\u00fablica Argentina", "highway": "primary", "length": 100.769, "maxspeed": "40", "bridge": NaN, "access": NaN, "tunnel": NaN, "junction": NaN, "width": NaN, "service": NaN, "roughness": 4.819999971428572}}, {"type": "Feature", "geometry": {"type": "LineString", "coordinates": [[-57.5814116, -25.3025429], [-57.5809161, -25.301742]]}, "properties": {"osmid": "161515114", "oneway": "True", "lanes": "2", "ref": NaN, "name": "Avenida Rep\u00fablica Argentina", "highway": "primary", "length": 102.04, "maxspeed": "40", "bridge": NaN, "access": NaN, "tunnel": NaN, "junction": NaN, "width": NaN, "service": NaN, "roughness": 4.819999971428572}}, {"type": "Feature", "geometry": {"type": "LineString", "coordinates": [[-57.5809161, -25.301742], [-57.5804504, -25.3009518]]}, "properties": {"osmid": "161515114", "oneway": "True", "lanes": "2", "ref": NaN, "name": "Avenida Rep\u00fablica Argentina", "highway": "primary", "length": 99.56, "maxspeed": "40", "bridge": NaN, "access": NaN, "tunnel": NaN, "junction": NaN, "width": NaN, "service": NaN, "roughness": 4.819999971428572}}, {"type": "Feature", "geometry": {"type": "LineString", "coordinates": [[-57.5804504, -25.3009518], [-57.5800889, -25.3003691]]}, "properties": {"osmid": "161515114", "oneway": "True", "lanes": "2", "ref": NaN, "name": "Avenida Rep\u00fablica Argentina", "highway": "primary", "length": 74.289, "maxspeed": "40", "bridge": NaN, "access": NaN, "tunnel": NaN, "junction": NaN, "width": NaN, "service": NaN, "roughness": 4.819999971428572}}, {"type": "Feature", "geometry": {"type": "LineString", "coordinates": [[-57.5800889, -25.3003691], [-57.5799591, -25.3001545]]}, "properties": {"osmid": "161515114", "oneway": "True", "lanes": "2", "ref": NaN, "name": "Avenida Rep\u00fablica Argentina", "highway": "primary", "length": 27.197, "maxspeed": "40", "bridge": NaN, "access": NaN, "tunnel": NaN, "junction": NaN, "width": NaN, "service": NaN, "roughness": 4.819999971428572}}, {"type": "Feature", "geometry": {"type": "LineString", "coordinates": [[-57.5799591, -25.3001545], [-57.579462, -25.2993417]]}, "properties": {"osmid": "459902112", "oneway": "True", "lanes": "2", "ref": NaN, "name": "Avenida Rep\u00fablica Argentina", "highway": "primary", "length": 103.275, "maxspeed": "40", "bridge": NaN, "access": NaN, "tunnel": NaN, "junction": NaN, "width": NaN, "service": NaN, "roughness": 4.819999971428572}}, {"type": "Feature", "geometry": {"type": "LineString", "coordinates": [[-57.579462, -25.2993417], [-57.578969, -25.2985358]]}, "properties": {"osmid": "459902112", "oneway": "True", "lanes": "2", "ref": NaN, "name": "Avenida Rep\u00fablica Argentina", "highway": "primary", "length": 102.404, "maxspeed": "40", "bridge": NaN, "access": NaN, "tunnel": NaN, "junction": NaN, "width": NaN, "service": NaN, "roughness": 4.819999971428572}}, {"type": "Feature", "geometry": {"type": "LineString", "coordinates": [[-57.578969, -25.2985358], [-57.5787324, -25.2981303]]}, "properties": {"osmid": "433050477", "oneway": "True", "lanes": "2", "ref": NaN, "name": "Avenida Rep\u00fablica Argentina", "highway": "primary", "length": 50.979, "maxspeed": "40", "bridge": NaN, "access": NaN, "tunnel": NaN, "junction": NaN, "width": NaN, "service": NaN, "roughness": 4.819999971428572}}, {"type": "Feature", "geometry": {"type": "LineString", "coordinates": [[-57.5787324, -25.2981303], [-57.5785286, -25.2977987]]}, "properties": {"osmid": "433050477", "oneway": "True", "lanes": "2", "ref": NaN, "name": "Avenida Rep\u00fablica Argentina", "highway": "primary", "length": 42.182, "maxspeed": "40", "bridge": NaN, "access": NaN, "tunnel": NaN, "junction": NaN, "width": NaN, "service": NaN, "roughness": 4.819999971428572}}, {"type": "Feature", "geometry": {"type": "LineString", "coordinates": [[-57.5785286, -25.2977987], [-57.5781045, -25.2970728]]}, "properties": {"osmid": "433050477", "oneway": "True", "lanes": "2", "ref": NaN, "name": "Avenida Rep\u00fablica Argentina", "highway": "primary", "length": 91.285, "maxspeed": "40", "bridge": NaN, "access": NaN, "tunnel": NaN, "junction": NaN, "width": NaN, "service": NaN, "roughness": 4.819999971428572}}, {"type": "Feature", "geometry": {"type": "LineString", "coordinates": [[-57.5781045, -25.2970728], [-57.5780427, -25.2969705]]}, "properties": {"osmid": "433050477", "oneway": "True", "lanes": "2", "ref": NaN, "name": "Avenida Rep\u00fablica Argentina", "highway": "primary", "length": 12.961, "maxspeed": "40", "bridge": NaN, "access": NaN, "tunnel": NaN, "junction": NaN, "width": NaN, "service": NaN, "roughness": 4.819999971428572}}, {"type": "Feature", "geometry": {"type": "LineString", "coordinates": [[-57.5780427, -25.2969705], [-57.5779969, -25.2968998]]}, "properties": {"osmid": "433051452", "oneway": "True", "lanes": "2", "ref": NaN, "name": "Avenida Rep\u00fablica Argentina", "highway": "primary", "length": 9.111, "maxspeed": "40", "bridge": NaN, "access": NaN, "tunnel": NaN, "junction": NaN, "width": NaN, "service": NaN, "roughness": 4.819999971428572}}, {"type": "Feature", "geometry": {"type": "LineString", "coordinates": [[-57.5779969, -25.2968998], [-57.5770854, -25.2953744]]}, "properties": {"osmid": "433051452", "oneway": "True", "lanes": "2", "ref": NaN, "name": "Avenida Rep\u00fablica Argentina", "highway": "primary", "length": 192.787, "maxspeed": "40", "bridge": NaN, "access": NaN, "tunnel": NaN, "junction": NaN, "width": NaN, "service": NaN, "roughness": 4.819999971428572}}, {"type": "Feature", "geometry": {"type": "LineString", "coordinates": [[-57.5770854, -25.2953744], [-57.5770349, -25.2952957]]}, "properties": {"osmid": "591553592", "oneway": "True", "lanes": "2", "ref": NaN, "name": "Avenida Rep\u00fablica Argentina", "highway": "primary", "length": 10.117, "maxspeed": "40", "bridge": NaN, "access": NaN, "tunnel": NaN, "junction": NaN, "width": NaN, "service": NaN, "roughness": 4.819999971428572}}, {"type": "Feature", "geometry": {"type": "LineString", "coordinates": [[-57.5770349, -25.2952957], [-57.5768581, -25.2950005]]}, "properties": {"osmid": "8085089", "oneway": "True", "lanes": "2", "ref": NaN, "name": "Avenida General Jos\u00e9 de San Mart\u00edn", "highway": "primary", "length": 37.328, "maxspeed": NaN, "bridge": NaN, "access": NaN, "tunnel": NaN, "junction": NaN, "width": NaN, "service": NaN, "roughness": 4.819999971428572}}, {"type": "Feature", "geometry": {"type": "LineString", "coordinates": [[-57.5768581, -25.2950005], [-57.5765888, -25.2945509]]}, "properties": {"osmid": "858357920", "oneway": "True", "lanes": "2", "ref": NaN, "name": "Avenida General Jos\u00e9 de San Mart\u00edn", "highway": "primary", "length": 56.853, "maxspeed": NaN, "bridge": NaN, "access": NaN, "tunnel": NaN, "junction": NaN, "width": NaN, "service": NaN, "roughness": 4.819999971428572}}, {"type": "Feature", "geometry": {"type": "LineString", "coordinates": [[-57.5765888, -25.2945509], [-57.5760981, -25.2937647]]}, "properties": {"osmid": "466767194", "oneway": "True", "lanes": "2", "ref": NaN, "name": "Avenida General Jos\u00e9 de San Mart\u00edn", "highway": "primary", "length": 100.38, "maxspeed": NaN, "bridge": NaN, "access": NaN, "tunnel": NaN, "junction": NaN, "width": NaN, "service": NaN, "roughness": 4.819999971428572}}, {"type": "Feature", "geometry": {"type": "LineString", "coordinates": [[-57.5760981, -25.2937647], [-57.575614, -25.2929539]]}, "properties": {"osmid": "466767194", "oneway": "True", "lanes": "2", "ref": NaN, "name": "Avenida General Jos\u00e9 de San Mart\u00edn", "highway": "primary", "length": 102.455, "maxspeed": NaN, "bridge": NaN, "access": NaN, "tunnel": NaN, "junction": NaN, "width": NaN, "service": NaN, "roughness": 4.819999971428572}}, {"type": "Feature", "geometry": {"type": "LineString", "coordinates": [[-57.575614, -25.2929539], [-57.575161, -25.2922089]]}, "properties": {"osmid": "221220358", "oneway": "True", "lanes": "2", "ref": NaN, "name": "Avenida General Jos\u00e9 de San Mart\u00edn", "highway": "primary", "length": 94.534, "maxspeed": NaN, "bridge": NaN, "access": NaN, "tunnel": NaN, "junction": NaN, "width": NaN, "service": NaN, "roughness": 4.819999971428572}}, {"type": "Feature", "geometry": {"type": "LineString", "coordinates": [[-57.575161, -25.2922089], [-57.5743453, -25.2908451]]}, "properties": {"osmid": "221220358", "oneway": "True", "lanes": "2", "ref": NaN, "name": "Avenida General Jos\u00e9 de San Mart\u00edn", "highway": "primary", "length": 172.402, "maxspeed": NaN, "bridge": NaN, "access": NaN, "tunnel": NaN, "junction": NaN, "width": NaN, "service": NaN, "roughness": 4.819999971428572}}, {"type": "Feature", "geometry": {"type": "LineString", "coordinates": [[-57.5743453, -25.2908451], [-57.573663, -25.2897072]]}, "properties": {"osmid": "221220358", "oneway": "True", "lanes": "2", "ref": NaN, "name": "Avenida General Jos\u00e9 de San Mart\u00edn", "highway": "primary", "length": 143.927, "maxspeed": NaN, "bridge": NaN, "access": NaN, "tunnel": NaN, "junction": NaN, "width": NaN, "service": NaN, "roughness": 4.819999971428572}}, {"type": "Feature", "geometry": {"type": "LineString", "coordinates": [[-57.573663, -25.2897072], [-57.5729831, -25.2885967]]}, "properties": {"osmid": "221220358", "oneway": "True", "lanes": "2", "ref": NaN, "name": "Avenida General Jos\u00e9 de San Mart\u00edn", "highway": "primary", "length": 141.14, "maxspeed": NaN, "bridge": NaN, "access": NaN, "tunnel": NaN, "junction": NaN, "width": NaN, "service": NaN, "roughness": 4.819999971428572}}, {"type": "Feature", "geometry": {"type": "LineString", "coordinates": [[-57.5729831, -25.2885967], [-57.5725855, -25.2879092]]}, "properties": {"osmid": "221220358", "oneway": "True", "lanes": "2", "ref": NaN, "name": "Avenida General Jos\u00e9 de San Mart\u00edn", "highway": "primary", "length": 86.267, "maxspeed": NaN, "bridge": NaN, "access": NaN, "tunnel": NaN, "junction": NaN, "width": NaN, "service": NaN, "roughness": 4.819999971428572}}, {"type": "Feature", "geometry": {"type": "LineString", "coordinates": [[-57.5725855, -25.2879092], [-57.5719383, -25.2868139]]}, "properties": {"osmid": "462129555", "oneway": "True", "lanes": "2", "ref": NaN, "name": "Avenida General Jos\u00e9 de San Mart\u00edn", "highway": "primary", "length": 138.084, "maxspeed": NaN, "bridge": NaN, "access": NaN, "tunnel": NaN, "junction": NaN, "width": NaN, "service": NaN, "roughness": 4.819999971428572}}, {"type": "Feature", "geometry": {"type": "LineString", "coordinates": [[-57.5719383, -25.2868139], [-57.5719316, -25.2868029]]}, "properties": {"osmid": "462129552", "oneway": "True", "lanes": "2", "ref": NaN, "name": "Avenida General Jos\u00e9 de San Mart\u00edn", "highway": "primary", "length": 1.396, "maxspeed": NaN, "bridge": NaN, "access": NaN, "tunnel": NaN, "junction": NaN, "width": NaN, "service": NaN, "roughness": 4.819999971428572}}, {"type": "Feature", "geometry": {"type": "LineString", "coordinates": [[-57.5719316, -25.2868029], [-57.5718422, -25.2866314]]}, "properties": {"osmid": "462129552", "oneway": "True", "lanes": "2", "ref": NaN, "name": "Avenida General Jos\u00e9 de San Mart\u00edn", "highway": "primary", "length": 21.082, "maxspeed": NaN, "bridge": NaN, "access": NaN, "tunnel": NaN, "junction": NaN, "width": NaN, "service": NaN, "roughness": 4.819999971428572}}, {"type": "Feature", "geometry": {"type": "LineString", "coordinates": [[-57.5718422, -25.2866314], [-57.5718364, -25.2865696]]}, "properties": {"osmid": "462129552", "oneway": "True", "lanes": "2", "ref": NaN, "name": "Avenida General Jos\u00e9 de San Mart\u00edn", "highway": "primary", "length": 6.897, "maxspeed": NaN, "bridge": NaN, "access": NaN, "tunnel": NaN, "junction": NaN, "width": NaN, "service": NaN, "roughness": 4.819999971428572}}, {"type": "Feature", "geometry": {"type": "LineString", "coordinates": [[-57.5718364, -25.2865696], [-57.5718366, -25.2864936]]}, "properties": {"osmid": "462129552", "oneway": "True", "lanes": "2", "ref": NaN, "name": "Avenida General Jos\u00e9 de San Mart\u00edn", "highway": "primary", "length": 8.451, "maxspeed": NaN, "bridge": NaN, "access": NaN, "tunnel": NaN, "junction": NaN, "width": NaN, "service": NaN, "roughness": 4.819999971428572}}, {"type": "Feature", "geometry": {"type": "LineString", "coordinates": [[-57.5718366, -25.2864936], [-57.5718417, -25.2863888]]}, "properties": {"osmid": "462128940", "oneway": "True", "lanes": "1", "ref": NaN, "name": "Avenida General Jos\u00e9 de San Mart\u00edn", "highway": "primary", "length": 11.665, "maxspeed": NaN, "bridge": NaN, "access": NaN, "tunnel": NaN, "junction": NaN, "width": NaN, "service": NaN, "roughness": 4.819999971428572}}, {"type": "Feature", "geometry": {"type": "LineString", "coordinates": [[-57.5718417, -25.2863888], [-57.571847, -25.2863264]]}, "properties": {"osmid": "300590634", "oneway": "True", "lanes": "2", "ref": NaN, "name": "Avenida General Jos\u00e9 de San Mart\u00edn", "highway": "primary", "length": 6.959, "maxspeed": NaN, "bridge": NaN, "access": NaN, "tunnel": NaN, "junction": NaN, "width": NaN, "service": NaN, "roughness": 4.819999971428572}}, {"type": "Feature", "geometry": {"type": "LineString", "coordinates": [[-57.571847, -25.2863264], [-57.5718616, -25.2861545]]}, "properties": {"osmid": "300590634", "oneway": "True", "lanes": "2", "ref": NaN, "name": "Avenida General Jos\u00e9 de San Mart\u00edn", "highway": "primary", "length": 19.171, "maxspeed": NaN, "bridge": NaN, "access": NaN, "tunnel": NaN, "junction": NaN, "width": NaN, "service": NaN, "roughness": 4.819999971428572}}, {"type": "Feature", "geometry": {"type": "LineString", "coordinates": [[-57.5718616, -25.2861545], [-57.5718349, -25.2859081]]}, "properties": {"osmid": "300590634", "oneway": "True", "lanes": "2", "ref": NaN, "name": "Avenida General Jos\u00e9 de San Mart\u00edn", "highway": "primary", "length": 27.53, "maxspeed": NaN, "bridge": NaN, "access": NaN, "tunnel": NaN, "junction": NaN, "width": NaN, "service": NaN, "roughness": 4.819999971428572}}, {"type": "Feature", "geometry": {"type": "LineString", "coordinates": [[-57.5718349, -25.2859081], [-57.5716864, -25.285151]]}, "properties": {"osmid": "300590634", "oneway": "True", "lanes": "2", "ref": NaN, "name": "Avenida General Jos\u00e9 de San Mart\u00edn", "highway": "primary", "length": 85.5, "maxspeed": NaN, "bridge": NaN, "access": NaN, "tunnel": NaN, "junction": NaN, "width": NaN, "service": NaN, "roughness": 4.819999971428572}}, {"type": "Feature", "geometry": {"type": "LineString", "coordinates": [[-57.5716864, -25.285151], [-57.571488, -25.2841397]]}, "properties": {"osmid": "462128945", "oneway": "True", "lanes": "2", "ref": NaN, "name": "Avenida General Jos\u00e9 de San Mart\u00edn", "highway": "primary", "length": 114.207, "maxspeed": NaN, "bridge": NaN, "access": NaN, "tunnel": NaN, "junction": NaN, "width": NaN, "service": NaN, "roughness": 4.819999971428572}}, {"type": "Feature", "geometry": {"type": "LineString", "coordinates": [[-57.571488, -25.2841397], [-57.5712944, -25.2830878]]}, "properties": {"osmid": "694571258", "oneway": "True", "lanes": "2", "ref": NaN, "name": "Avenida General Jos\u00e9 de San Mart\u00edn", "highway": "primary", "length": 118.575, "maxspeed": NaN, "bridge": NaN, "access": NaN, "tunnel": NaN, "junction": NaN, "width": NaN, "service": NaN, "roughness": 4.819999971428572}}, {"type": "Feature", "geometry": {"type": "LineString", "coordinates": [[-57.5712944, -25.2830878], [-57.5710911, -25.2820542]]}, "properties": {"osmid": "694571258", "oneway": "True", "lanes": "2", "ref": NaN, "name": "Avenida General Jos\u00e9 de San Mart\u00edn", "highway": "primary", "length": 116.735, "maxspeed": NaN, "bridge": NaN, "access": NaN, "tunnel": NaN, "junction": NaN, "width": NaN, "service": NaN, "roughness": 4.819999971428572}}, {"type": "Feature", "geometry": {"type": "LineString", "coordinates": [[-57.5710911, -25.2820542], [-57.5708699, -25.2809963]]}, "properties": {"osmid": "694571258", "oneway": "True", "lanes": "2", "ref": NaN, "name": "Avenida General Jos\u00e9 de San Mart\u00edn", "highway": "primary", "length": 119.717, "maxspeed": NaN, "bridge": NaN, "access": NaN, "tunnel": NaN, "junction": NaN, "width": NaN, "service": NaN, "roughness": 4.819999971428572}}, {"type": "Feature", "geometry": {"type": "LineString", "coordinates": [[-57.5708699, -25.2809963], [-57.5706862, -25.2799631]]}, "properties": {"osmid": "504236564", "oneway": "True", "lanes": "2", "ref": NaN, "name": "Avenida General Jos\u00e9 de San Mart\u00edn", "highway": "primary", "length": 116.362, "maxspeed": NaN, "bridge": NaN, "access": NaN, "tunnel": NaN, "junction": NaN, "width": NaN, "service": NaN, "roughness": 4.819999971428572}}, {"type": "Feature", "geometry": {"type": "LineString", "coordinates": [[-57.5706862, -25.2799631], [-57.5706205, -25.2796696]]}, "properties": {"osmid": "504236564", "oneway": "True", "lanes": "2", "ref": NaN, "name": "Avenida General Jos\u00e9 de San Mart\u00edn", "highway": "primary", "length": 33.298, "maxspeed": NaN, "bridge": NaN, "access": NaN, "tunnel": NaN, "junction": NaN, "width": NaN, "service": NaN, "roughness": 4.819999971428572}}, {"type": "Feature", "geometry": {"type": "LineString", "coordinates": [[-57.5706205, -25.2796696], [-57.5705891, -25.2795984]]}, "properties": {"osmid": "504236564", "oneway": "True", "lanes": "2", "ref": NaN, "name": "Avenida General Jos\u00e9 de San Mart\u00edn", "highway": "primary", "length": 8.523, "maxspeed": NaN, "bridge": NaN, "access": NaN, "tunnel": NaN, "junction": NaN, "width": NaN, "service": NaN, "roughness": 4.819999971428572}}, {"type": "Feature", "geometry": {"type": "LineString", "coordinates": [[-57.5705891, -25.2795984], [-57.5705507, -25.2795192]]}, "properties": {"osmid": "504236564", "oneway": "True", "lanes": "2", "ref": NaN, "name": "Avenida General Jos\u00e9 de San Mart\u00edn", "highway": "primary", "length": 9.616, "maxspeed": NaN, "bridge": NaN, "access": NaN, "tunnel": NaN, "junction": NaN, "width": NaN, "service": NaN, "roughness": 4.819999971428572}}, {"type": "Feature", "geometry": {"type": "LineString", "coordinates": [[-57.5705507, -25.2795192], [-57.5699446, -25.2787104]]}, "properties": {"osmid": "504236564", "oneway": "True", "lanes": "2", "ref": NaN, "name": "Avenida General Jos\u00e9 de San Mart\u00edn", "highway": "primary", "length": 108.637, "maxspeed": NaN, "bridge": NaN, "access": NaN, "tunnel": NaN, "junction": NaN, "width": NaN, "service": NaN, "roughness": 4.819999971428572}}, {"type": "Feature", "geometry": {"type": "LineString", "coordinates": [[-57.5699446, -25.2787104], [-57.5696723, -25.2783345]]}, "properties": {"osmid": "504236564", "oneway": "True", "lanes": "2", "ref": NaN, "name": "Avenida General Jos\u00e9 de San Mart\u00edn", "highway": "primary", "length": 49.967, "maxspeed": NaN, "bridge": NaN, "access": NaN, "tunnel": NaN, "junction": NaN, "width": NaN, "service": NaN, "roughness": 4.819999971428572}}, {"type": "Feature", "geometry": {"type": "LineString", "coordinates": [[-57.5696723, -25.2783345], [-57.5689977, -25.277448]]}, "properties": {"osmid": "504236564", "oneway": "True", "lanes": "2", "ref": NaN, "name": "Avenida General Jos\u00e9 de San Mart\u00edn", "highway": "primary", "length": 119.657, "maxspeed": NaN, "bridge": NaN, "access": NaN, "tunnel": NaN, "junction": NaN, "width": NaN, "service": NaN, "roughness": 4.819999971428572}}, {"type": "Feature", "geometry": {"type": "LineString", "coordinates": [[-57.5689977, -25.277448], [-57.5688878, -25.2773558]]}, "properties": {"osmid": "504236564", "oneway": "True", "lanes": "2", "ref": NaN, "name": "Avenida General Jos\u00e9 de San Mart\u00edn", "highway": "primary", "length": 15.074, "maxspeed": NaN, "bridge": NaN, "access": NaN, "tunnel": NaN, "junction": NaN, "width": NaN, "service": NaN, "roughness": 4.819999971428572}}, {"type": "Feature", "geometry": {"type": "LineString", "coordinates": [[-57.5688878, -25.2773558], [-57.5686718, -25.2771884]]}, "properties": {"osmid": "504236564", "oneway": "True", "lanes": "2", "ref": NaN, "name": "Avenida General Jos\u00e9 de San Mart\u00edn", "highway": "primary", "length": 28.604, "maxspeed": NaN, "bridge": NaN, "access": NaN, "tunnel": NaN, "junction": NaN, "width": NaN, "service": NaN, "roughness": 4.819999971428572}}, {"type": "Feature", "geometry": {"type": "LineString", "coordinates": [[-57.5686718, -25.2771884], [-57.5682561, -25.276861]]}, "properties": {"osmid": "504236564", "oneway": "True", "lanes": "2", "ref": NaN, "name": "Avenida General Jos\u00e9 de San Mart\u00edn", "highway": "primary", "length": 55.429, "maxspeed": NaN, "bridge": NaN, "access": NaN, "tunnel": NaN, "junction": NaN, "width": NaN, "service": NaN, "roughness": 4.819999971428572}}, {"type": "Feature", "geometry": {"type": "LineString", "coordinates": [[-57.5682561, -25.276861], [-57.5674152, -25.2762013]]}, "properties": {"osmid": "504236564", "oneway": "True", "lanes": "2", "ref": NaN, "name": "Avenida General Jos\u00e9 de San Mart\u00edn", "highway": "primary", "length": 111.937, "maxspeed": NaN, "bridge": NaN, "access": NaN, "tunnel": NaN, "junction": NaN, "width": NaN, "service": NaN, "roughness": 4.819999971428572}}, {"type": "Feature", "geometry": {"type": "LineString", "coordinates": [[-57.5674152, -25.2762013], [-57.5673334, -25.2761201]]}, "properties": {"osmid": "504236564", "oneway": "True", "lanes": "2", "ref": NaN, "name": "Avenida General Jos\u00e9 de San Mart\u00edn", "highway": "primary", "length": 12.214, "maxspeed": NaN, "bridge": NaN, "access": NaN, "tunnel": NaN, "junction": NaN, "width": NaN, "service": NaN, "roughness": 4.819999971428572}}, {"type": "Feature", "geometry": {"type": "LineString", "coordinates": [[-57.5673334, -25.2761201], [-57.5670277, -25.2757405]]}, "properties": {"osmid": "504236564", "oneway": "True", "lanes": "2", "ref": NaN, "name": "Avenida General Jos\u00e9 de San Mart\u00edn", "highway": "primary", "length": 52.216, "maxspeed": NaN, "bridge": NaN, "access": NaN, "tunnel": NaN, "junction": NaN, "width": NaN, "service": NaN, "roughness": 4.819999971428572}}, {"type": "Feature", "geometry": {"type": "LineString", "coordinates": [[-57.5670277, -25.2757405], [-57.5664563, -25.2761492]]}, "properties": {"osmid": "415898785", "oneway": "True", "lanes": "1", "ref": NaN, "name": "Avenida Doctor Felipe Molas L\u00f3pez", "highway": "tertiary", "length": 73.255, "maxspeed": NaN, "bridge": NaN, "access": NaN, "tunnel": NaN, "junction": NaN, "width": NaN, "service": NaN, "roughness": 4.819999971428572}}, {"type": "Feature", "geometry": {"type": "LineString", "coordinates": [[-57.5664563, -25.2761492], [-57.5660544, -25.276396]]}, "properties": {"osmid": "415898785", "oneway": "True", "lanes": "1", "ref": NaN, "name": "Avenida Doctor Felipe Molas L\u00f3pez", "highway": "tertiary", "length": 48.848, "maxspeed": NaN, "bridge": NaN, "access": NaN, "tunnel": NaN, "junction": NaN, "width": NaN, "service": NaN, "roughness": 4.819999971428572}}, {"type": "Feature", "geometry": {"type": "LineString", "coordinates": [[-57.5660544, -25.276396], [-57.5660193, -25.2763988]]}, "properties": {"osmid": "466717663", "oneway": "True", "lanes": "1", "ref": NaN, "name": NaN, "highway": "secondary_link", "length": 3.543, "maxspeed": NaN, "bridge": NaN, "access": NaN, "tunnel": NaN, "junction": NaN, "width": NaN, "service": NaN, "roughness": 4.819999971428572}}, {"type": "Feature", "geometry": {"type": "LineString", "coordinates": [[-57.5660193, -25.2763988], [-57.5659456, -25.2764267]]}, "properties": {"osmid": "466717663", "oneway": "True", "lanes": "1", "ref": NaN, "name": NaN, "highway": "secondary_link", "length": 8.034, "maxspeed": NaN, "bridge": NaN, "access": NaN, "tunnel": NaN, "junction": NaN, "width": NaN, "service": NaN, "roughness": 4.819999971428572}}, {"type": "Feature", "geometry": {"type": "LineString", "coordinates": [[-57.5659456, -25.2764267], [-57.5658309, -25.2764953]]}, "properties": {"osmid": "466717663", "oneway": "True", "lanes": "1", "ref": NaN, "name": NaN, "highway": "secondary_link", "length": 13.827, "maxspeed": NaN, "bridge": NaN, "access": NaN, "tunnel": NaN, "junction": NaN, "width": NaN, "service": NaN, "roughness": 4.819999971428572}}, {"type": "Feature", "geometry": {"type": "LineString", "coordinates": [[-57.5658309, -25.2764953], [-57.565778, -25.2765181]]}, "properties": {"osmid": "466717663", "oneway": "True", "lanes": "1", "ref": NaN, "name": NaN, "highway": "secondary_link", "length": 5.892, "maxspeed": NaN, "bridge": NaN, "access": NaN, "tunnel": NaN, "junction": NaN, "width": NaN, "service": NaN, "roughness": 4.819999971428572}}, {"type": "Feature", "geometry": {"type": "LineString", "coordinates": [[-57.565778, -25.2765181], [-57.5657276, -25.2765302]]}, "properties": {"osmid": "466717663", "oneway": "True", "lanes": "1", "ref": NaN, "name": NaN, "highway": "secondary_link", "length": 5.243, "maxspeed": NaN, "bridge": NaN, "access": NaN, "tunnel": NaN, "junction": NaN, "width": NaN, "service": NaN, "roughness": 4.819999971428572}}, {"type": "Feature", "geometry": {"type": "LineString", "coordinates": [[-57.5657276, -25.2765302], [-57.5656791, -25.2765308]]}, "properties": {"osmid": "466717663", "oneway": "True", "lanes": "1", "ref": NaN, "name": NaN, "highway": "secondary_link", "length": 4.877, "maxspeed": NaN, "bridge": NaN, "access": NaN, "tunnel": NaN, "junction": NaN, "width": NaN, "service": NaN, "roughness": 4.819999971428572}}, {"type": "Feature", "geometry": {"type": "LineString", "coordinates": [[-57.5656791, -25.2765308], [-57.5656758, -25.2765251]]}, "properties": {"osmid": "29977270", "oneway": "True", "lanes": "2", "ref": NaN, "name": "Doctor Ger\u00f3nimo Zubizarreta", "highway": "secondary", "length": 0.715, "maxspeed": NaN, "bridge": NaN, "access": NaN, "tunnel": NaN, "junction": NaN, "width": NaN, "service": NaN, "roughness": 4.819999971428572}}, {"type": "Feature", "geometry": {"type": "LineString", "coordinates": [[-57.5656758, -25.2765251], [-57.5652105, -25.2758472]]}, "properties": {"osmid": "29977270", "oneway": "True", "lanes": "2", "ref": NaN, "name": "Doctor Ger\u00f3nimo Zubizarreta", "highway": "secondary", "length": 88.718, "maxspeed": NaN, "bridge": NaN, "access": NaN, "tunnel": NaN, "junction": NaN, "width": NaN, "service": NaN, "roughness": 4.819999971428572}}, {"type": "Feature", "geometry": {"type": "LineString", "coordinates": [[-57.5652105, -25.2758472], [-57.5647303, -25.2751329]]}, "properties": {"osmid": "29977270", "oneway": "True", "lanes": "2", "ref": NaN, "name": "Doctor Ger\u00f3nimo Zubizarreta", "highway": "secondary", "length": 92.951, "maxspeed": NaN, "bridge": NaN, "access": NaN, "tunnel": NaN, "junction": NaN, "width": NaN, "service": NaN, "roughness": 4.819999971428572}}, {"type": "Feature", "geometry": {"type": "LineString", "coordinates": [[-57.5647303, -25.2751329], [-57.5643307, -25.2745496]]}, "properties": {"osmid": "29977270", "oneway": "True", "lanes": "2", "ref": NaN, "name": "Doctor Ger\u00f3nimo Zubizarreta", "highway": "secondary", "length": 76.297, "maxspeed": NaN, "bridge": NaN, "access": NaN, "tunnel": NaN, "junction": NaN, "width": NaN, "service": NaN, "roughness": 4.819999971428572}}, {"type": "Feature", "geometry": {"type": "LineString", "coordinates": [[-57.5643307, -25.2745496], [-57.5638975, -25.2738438]]}, "properties": {"osmid": "29977270", "oneway": "True", "lanes": "2", "ref": NaN, "name": "Doctor Ger\u00f3nimo Zubizarreta", "highway": "secondary", "length": 89.759, "maxspeed": NaN, "bridge": NaN, "access": NaN, "tunnel": NaN, "junction": NaN, "width": NaN, "service": NaN, "roughness": 4.819999971428572}}, {"type": "Feature", "geometry": {"type": "LineString", "coordinates": [[-57.5638975, -25.2738438], [-57.5634483, -25.2730919]]}, "properties": {"osmid": "29977270", "oneway": "True", "lanes": "2", "ref": NaN, "name": "Doctor Ger\u00f3nimo Zubizarreta", "highway": "secondary", "length": 95.028, "maxspeed": NaN, "bridge": NaN, "access": NaN, "tunnel": NaN, "junction": NaN, "width": NaN, "service": NaN, "roughness": 4.819999971428572}}, {"type": "Feature", "geometry": {"type": "LineString", "coordinates": [[-57.5634483, -25.2730919], [-57.5630969, -25.2724855]]}, "properties": {"osmid": "382419051", "oneway": "True", "lanes": "2", "ref": NaN, "name": "Doctor Ger\u00f3nimo Zubizarreta", "highway": "secondary", "length": 76.126, "maxspeed": NaN, "bridge": NaN, "access": NaN, "tunnel": NaN, "junction": NaN, "width": NaN, "service": NaN, "roughness": 4.819999971428572}}, {"type": "Feature", "geometry": {"type": "LineString", "coordinates": [[-57.5630969, -25.2724855], [-57.562716, -25.271884]]}, "properties": {"osmid": "382419051", "oneway": "True", "lanes": "2", "ref": NaN, "name": "Doctor Ger\u00f3nimo Zubizarreta", "highway": "secondary", "length": 77.074, "maxspeed": NaN, "bridge": NaN, "access": NaN, "tunnel": NaN, "junction": NaN, "width": NaN, "service": NaN, "roughness": 4.819999971428572}}, {"type": "Feature", "geometry": {"type": "LineString", "coordinates": [[-57.562716, -25.271884], [-57.5623244, -25.271234]]}, "properties": {"osmid": "382419051", "oneway": "True", "lanes": "2", "ref": NaN, "name": "Doctor Ger\u00f3nimo Zubizarreta", "highway": "secondary", "length": 82.307, "maxspeed": NaN, "bridge": NaN, "access": NaN, "tunnel": NaN, "junction": NaN, "width": NaN, "service": NaN, "roughness": 4.819999971428572}}, {"type": "Feature", "geometry": {"type": "LineString", "coordinates": [[-57.5623244, -25.271234], [-57.561926, -25.2707439]]}, "properties": {"osmid": "382419051", "oneway": "True", "lanes": "2", "ref": NaN, "name": "Doctor Ger\u00f3nimo Zubizarreta", "highway": "secondary", "length": 67.637, "maxspeed": NaN, "bridge": NaN, "access": NaN, "tunnel": NaN, "junction": NaN, "width": NaN, "service": NaN, "roughness": 4.819999971428572}}, {"type": "Feature", "geometry": {"type": "LineString", "coordinates": [[-57.561926, -25.2707439], [-57.5618711, -25.2706664]]}, "properties": {"osmid": "908119385", "oneway": "True", "lanes": "2", "ref": NaN, "name": "Doctor Ger\u00f3nimo Zubizarreta", "highway": "secondary", "length": 10.234, "maxspeed": NaN, "bridge": NaN, "access": NaN, "tunnel": NaN, "junction": NaN, "width": NaN, "service": NaN, "roughness": 4.819999971428572}}, {"type": "Feature", "geometry": {"type": "LineString", "coordinates": [[-57.5618711, -25.2706664], [-57.5614719, -25.2709248]]}, "properties": {"osmid": "459627191", "oneway": "True", "lanes": "2", "ref": NaN, "name": "Avenida Sant\u00edsima Trinidad", "highway": "secondary", "length": 49.365, "maxspeed": NaN, "bridge": NaN, "access": NaN, "tunnel": NaN, "junction": NaN, "width": NaN, "service": NaN, "roughness": 4.819999971428572}}, {"type": "Feature", "geometry": {"type": "LineString", "coordinates": [[-57.5614719, -25.2709248], [-57.5603875, -25.2716441]]}, "properties": {"osmid": "843562754", "oneway": "True", "lanes": "2", "ref": NaN, "name": "Avenida Sant\u00edsima Trinidad", "highway": "secondary", "length": 135.229, "maxspeed": NaN, "bridge": NaN, "access": NaN, "tunnel": NaN, "junction": NaN, "width": NaN, "service": NaN, "roughness": 4.819999971428572}}, {"type": "Feature", "geometry": {"type": "LineString", "coordinates": [[-57.5603875, -25.2716441], [-57.5592363, -25.2724078]]}, "properties": {"osmid": "843562754", "oneway": "True", "lanes": "2", "ref": NaN, "name": "Avenida Sant\u00edsima Trinidad", "highway": "secondary", "length": 143.565, "maxspeed": NaN, "bridge": NaN, "access": NaN, "tunnel": NaN, "junction": NaN, "width": NaN, "service": NaN, "roughness": 4.819999971428572}}]}