{"type": "FeatureCollection", "features": [{"type": "Feature", "geometry": {"type": "LineString", "coordinates": [[-56.9332282, -25.3505273], [-56.9340573, -25.3502112]]}, "properties": {"osmid": "573005131", "oneway": "False", "lanes": NaN, "ref": NaN, "name": NaN, "highway": "unclassified", "length": 90.425, "maxspeed": NaN, "bridge": NaN, "access": NaN, "tunnel": NaN, "junction": NaN, "width": NaN, "service": NaN, "roughness": 5.0}}, {"type": "Feature", "geometry": {"type": "LineString", "coordinates": [[-56.9340573, -25.3502112], [-56.9344913, -25.3500063]]}, "properties": {"osmid": "573005131", "oneway": "False", "lanes": NaN, "ref": NaN, "name": NaN, "highway": "unclassified", "length": 49.205, "maxspeed": NaN, "bridge": NaN, "access": NaN, "tunnel": NaN, "junction": NaN, "width": NaN, "service": NaN, "roughness": 5.0}}, {"type": "Feature", "geometry": {"type": "LineString", "coordinates": [[-56.9344913, -25.3500063], [-56.9351649, -25.3494444]]}, "properties": {"osmid": "573005131", "oneway": "False", "lanes": NaN, "ref": NaN, "name": NaN, "highway": "unclassified", "length": 92.117, "maxspeed": NaN, "bridge": NaN, "access": NaN, "tunnel": NaN, "junction": NaN, "width": NaN, "service": NaN, "roughness": 5.0}}, {"type": "Feature", "geometry": {"type": "LineString", "coordinates": [[-56.9351649, -25.3494444], [-56.9353009, -25.3493741]]}, "properties": {"osmid": "573005131", "oneway": "False", "lanes": NaN, "ref": NaN, "name": NaN, "highway": "unclassified", "length": 15.744, "maxspeed": NaN, "bridge": NaN, "access": NaN, "tunnel": NaN, "junction": NaN, "width": NaN, "service": NaN, "roughness": 5.0}}, {"type": "Feature", "geometry": {"type": "LineString", "coordinates": [[-56.9353009, -25.3493741], [-56.9356961, -25.3493624]]}, "properties": {"osmid": "573005131", "oneway": "False", "lanes": NaN, "ref": NaN, "name": NaN, "highway": "unclassified", "length": 39.734, "maxspeed": NaN, "bridge": NaN, "access": NaN, "tunnel": NaN, "junction": NaN, "width": NaN, "service": NaN, "roughness": 5.0}}, {"type": "Feature", "geometry": {"type": "LineString", "coordinates": [[-56.9356961, -25.3493624], [-56.9367519, -25.3494912]]}, "properties": {"osmid": "573005131", "oneway": "False", "lanes": NaN, "ref": NaN, "name": NaN, "highway": "unclassified", "length": 107.058, "maxspeed": NaN, "bridge": NaN, "access": NaN, "tunnel": NaN, "junction": NaN, "width": NaN, "service": NaN, "roughness": 5.0}}, {"type": "Feature", "geometry": {"type": "LineString", "coordinates": [[-56.9367519, -25.3494912], [-56.9369851, -25.3494444]]}, "properties": {"osmid": "573005131", "oneway": "False", "lanes": NaN, "ref": NaN, "name": NaN, "highway": "unclassified", "length": 24.005, "maxspeed": NaN, "bridge": NaN, "access": NaN, "tunnel": NaN, "junction": NaN, "width": NaN, "service": NaN, "roughness": 5.0}}, {"type": "Feature", "geometry": {"type": "LineString", "coordinates": [[-56.9369851, -25.3494444], [-56.9371664, -25.3493214]]}, "properties": {"osmid": "573005131", "oneway": "False", "lanes": NaN, "ref": NaN, "name": NaN, "highway": "unclassified", "length": 22.781, "maxspeed": NaN, "bridge": NaN, "access": NaN, "tunnel": NaN, "junction": NaN, "width": NaN, "service": NaN, "roughness": 5.0}}, {"type": "Feature", "geometry": {"type": "LineString", "coordinates": [[-56.9371664, -25.3493214], [-56.937283, -25.3489]]}, "properties": {"osmid": "573005131", "oneway": "False", "lanes": NaN, "ref": NaN, "name": NaN, "highway": "unclassified", "length": 48.3, "maxspeed": NaN, "bridge": NaN, "access": NaN, "tunnel": NaN, "junction": NaN, "width": NaN, "service": NaN, "roughness": 5.0}}, {"type": "Feature", "geometry": {"type": "LineString", "coordinates": [[-56.937283, -25.3489], [-56.9373348, -25.348379]]}, "properties": {"osmid": "573005131", "oneway": "False", "lanes": NaN, "ref": NaN, "name": NaN, "highway": "unclassified", "length": 58.166, "maxspeed": NaN, "bridge": NaN, "access": NaN, "tunnel": NaN, "junction": NaN, "width": NaN, "service": NaN, "roughness": 5.0}}, {"type": "Feature", "geometry": {"type": "LineString", "coordinates": [[-56.9373348, -25.348379], [-56.937445, -25.3481741]]}, "properties": {"osmid": "573005131", "oneway": "False", "lanes": NaN, "ref": NaN, "name": NaN, "highway": "unclassified", "length": 25.333, "maxspeed": NaN, "bridge": NaN, "access": NaN, "tunnel": NaN, "junction": NaN, "width": NaN, "service": NaN, "roughness": 5.0}}, {"type": "Feature", "geometry": {"type": "LineString", "coordinates": [[-56.937445, -25.3481741], [-56.9385267, -25.3473194]]}, "properties": {"osmid": "573005131", "oneway": "False", "lanes": NaN, "ref": NaN, "name": NaN, "highway": "unclassified", "length": 144.388, "maxspeed": NaN, "bridge": NaN, "access": NaN, "tunnel": NaN, "junction": NaN, "width": NaN, "service": NaN, "roughness": 5.0}}, {"type": "Feature", "geometry": {"type": "LineString", "coordinates": [[-56.9385267, -25.3473194], [-56.9394011, -25.3465643]]}, "properties": {"osmid": "573005131", "oneway": "False", "lanes": NaN, "ref": NaN, "name": NaN, "highway": "unclassified", "length": 121.535, "maxspeed": NaN, "bridge": NaN, "access": NaN, "tunnel": NaN, "junction": NaN, "width": NaN, "service": NaN, "roughness": 5.0}}, {"type": "Feature", "geometry": {"type": "LineString", "coordinates": [[-56.9394011, -25.3465643], [-56.940159, -25.3462306]]}, "properties": {"osmid": "573005131", "oneway": "False", "lanes": NaN, "ref": NaN, "name": NaN, "highway": "unclassified", "length": 84.72, "maxspeed": NaN, "bridge": NaN, "access": NaN, "tunnel": NaN, "junction": NaN, "width": NaN, "service": NaN, "roughness": 5.0}}, {"type": "Feature", "geometry": {"type": "LineString", "coordinates": [[-56.940159, -25.3462306], [-56.9415776, -25.3448257]]}, "properties": {"osmid": "573005131", "oneway": "False", "lanes": NaN, "ref": NaN, "name": NaN, "highway": "unclassified", "length": 211.487, "maxspeed": NaN, "bridge": NaN, "access": NaN, "tunnel": NaN, "junction": NaN, "width": NaN, "service": NaN, "roughness": 5.0}}, {"type": "Feature", "geometry": {"type": "LineString", "coordinates": [[-56.9415776, -25.3448257], [-56.942899, -25.341483]]}, "properties": {"osmid": "573005131", "oneway": "False", "lanes": NaN, "ref": NaN, "name": NaN, "highway": "unclassified", "length": 394.701, "maxspeed": NaN, "bridge": NaN, "access": NaN, "tunnel": NaN, "junction": NaN, "width": NaN, "service": NaN, "roughness": 5.0}}, {"type": "Feature", "geometry": {"type": "LineString", "coordinates": [[-56.942899, -25.341483], [-56.9430091, -25.3414479]]}, "properties": {"osmid": "573005131", "oneway": "False", "lanes": NaN, "ref": NaN, "name": NaN, "highway": "unclassified", "length": 11.733, "maxspeed": NaN, "bridge": NaN, "access": NaN, "tunnel": NaN, "junction": NaN, "width": NaN, "service": NaN, "roughness": 5.0}}, {"type": "Feature", "geometry": {"type": "LineString", "coordinates": [[-56.9430091, -25.3414479], [-56.9436805, -25.341574]]}, "properties": {"osmid": "573005131", "oneway": "False", "lanes": NaN, "ref": NaN, "name": NaN, "highway": "unclassified", "length": 68.914, "maxspeed": NaN, "bridge": NaN, "access": NaN, "tunnel": NaN, "junction": NaN, "width": NaN, "service": NaN, "roughness": 5.0}}, {"type": "Feature", "geometry": {"type": "LineString", "coordinates": [[-56.9436805, -25.341574], [-56.9445482, -25.3403656]]}, "properties": {"osmid": "573005133", "oneway": "False", "lanes": NaN, "ref": NaN, "name": NaN, "highway": "unclassified", "length": 160.183, "maxspeed": NaN, "bridge": NaN, "access": NaN, "tunnel": NaN, "junction": NaN, "width": NaN, "service": NaN, "roughness": 5.0}}, {"type": "Feature", "geometry": {"type": "LineString", "coordinates": [[-56.9445482, -25.3403656], [-56.9457639, -25.3386911]]}, "properties": {"osmid": "573005133", "oneway": "False", "lanes": NaN, "ref": NaN, "name": NaN, "highway": "unclassified", "length": 222.7, "maxspeed": NaN, "bridge": NaN, "access": NaN, "tunnel": NaN, "junction": NaN, "width": NaN, "service": NaN, "roughness": 5.0}}, {"type": "Feature", "geometry": {"type": "LineString", "coordinates": [[-56.9457639, -25.3386911], [-56.9464099, -25.3378316]]}, "properties": {"osmid": "573005133", "oneway": "False", "lanes": NaN, "ref": NaN, "name": NaN, "highway": "unclassified", "length": 115.537, "maxspeed": NaN, "bridge": NaN, "access": NaN, "tunnel": NaN, "junction": NaN, "width": NaN, "service": NaN, "roughness": 5.0}}, {"type": "Feature", "geometry": {"type": "LineString", "coordinates": [[-56.9464099, -25.3378316], [-56.9464817, -25.3378073]]}, "properties": {"osmid": "573005133", "oneway": "False", "lanes": NaN, "ref": NaN, "name": NaN, "highway": "unclassified", "length": 7.705, "maxspeed": NaN, "bridge": NaN, "access": NaN, "tunnel": NaN, "junction": NaN, "width": NaN, "service": NaN, "roughness": 5.0}}, {"type": "Feature", "geometry": {"type": "LineString", "coordinates": [[-56.9464817, -25.3378073], [-56.9468136, -25.3379735]]}, "properties": {"osmid": "573005133", "oneway": "False", "lanes": NaN, "ref": NaN, "name": NaN, "highway": "unclassified", "length": 38.133, "maxspeed": NaN, "bridge": NaN, "access": NaN, "tunnel": NaN, "junction": NaN, "width": NaN, "service": NaN, "roughness": 5.0}}, {"type": "Feature", "geometry": {"type": "LineString", "coordinates": [[-56.9468136, -25.3379735], [-56.9469931, -25.3381073]]}, "properties": {"osmid": "573005133", "oneway": "False", "lanes": NaN, "ref": NaN, "name": NaN, "highway": "unclassified", "length": 23.383, "maxspeed": NaN, "bridge": NaN, "access": NaN, "tunnel": NaN, "junction": NaN, "width": NaN, "service": NaN, "roughness": 5.0}}, {"type": "Feature", "geometry": {"type": "LineString", "coordinates": [[-56.9469931, -25.3381073], [-56.9481818, -25.3385573]]}, "properties": {"osmid": "573005133", "oneway": "False", "lanes": NaN, "ref": NaN, "name": NaN, "highway": "unclassified", "length": 129.518, "maxspeed": NaN, "bridge": NaN, "access": NaN, "tunnel": NaN, "junction": NaN, "width": NaN, "service": NaN, "roughness": 5.0}}, {"type": "Feature", "geometry": {"type": "LineString", "coordinates": [[-56.9481818, -25.3385573], [-56.9484555, -25.3385533]]}, "properties": {"osmid": "573005133", "oneway": "False", "lanes": NaN, "ref": NaN, "name": NaN, "highway": "unclassified", "length": 27.51, "maxspeed": NaN, "bridge": NaN, "access": NaN, "tunnel": NaN, "junction": NaN, "width": NaN, "service": NaN, "roughness": 5.0}}, {"type": "Feature", "geometry": {"type": "LineString", "coordinates": [[-56.9484555, -25.3385533], [-56.9497609, -25.338383]]}, "properties": {"osmid": "573005133", "oneway": "False", "lanes": NaN, "ref": NaN, "name": NaN, "highway": "unclassified", "length": 132.549, "maxspeed": NaN, "bridge": NaN, "access": NaN, "tunnel": NaN, "junction": NaN, "width": NaN, "service": NaN, "roughness": 5.0}}, {"type": "Feature", "geometry": {"type": "LineString", "coordinates": [[-56.9497609, -25.338383], [-56.9504652, -25.3381397]]}, "properties": {"osmid": "573005133", "oneway": "False", "lanes": NaN, "ref": NaN, "name": NaN, "highway": "unclassified", "length": 75.775, "maxspeed": NaN, "bridge": NaN, "access": NaN, "tunnel": NaN, "junction": NaN, "width": NaN, "service": NaN, "roughness": 5.0}}, {"type": "Feature", "geometry": {"type": "LineString", "coordinates": [[-56.9504652, -25.3381397], [-56.9506144, -25.3381703]]}, "properties": {"osmid": "573005133", "oneway": "False", "lanes": NaN, "ref": NaN, "name": NaN, "highway": "unclassified", "length": 15.375, "maxspeed": NaN, "bridge": NaN, "access": NaN, "tunnel": NaN, "junction": NaN, "width": NaN, "service": NaN, "roughness": 5.0}}, {"type": "Feature", "geometry": {"type": "LineString", "coordinates": [[-56.9506144, -25.3381703], [-56.9506576, -25.338063]]}, "properties": {"osmid": "267219837", "oneway": "False", "lanes": NaN, "ref": NaN, "name": NaN, "highway": "unclassified", "length": 12.697, "maxspeed": NaN, "bridge": NaN, "access": NaN, "tunnel": NaN, "junction": NaN, "width": NaN, "service": NaN, "roughness": 5.0}}, {"type": "Feature", "geometry": {"type": "LineString", "coordinates": [[-56.9506576, -25.338063], [-56.9537046, -25.3311491]]}, "properties": {"osmid": "267219837", "oneway": "False", "lanes": NaN, "ref": NaN, "name": NaN, "highway": "unclassified", "length": 827.536, "maxspeed": NaN, "bridge": NaN, "access": NaN, "tunnel": NaN, "junction": NaN, "width": NaN, "service": NaN, "roughness": 5.0}}, {"type": "Feature", "geometry": {"type": "LineString", "coordinates": [[-56.9537046, -25.3311491], [-56.9537046, -25.3309648]]}, "properties": {"osmid": "267219837", "oneway": "False", "lanes": NaN, "ref": NaN, "name": NaN, "highway": "unclassified", "length": 20.493, "maxspeed": NaN, "bridge": NaN, "access": NaN, "tunnel": NaN, "junction": NaN, "width": NaN, "service": NaN, "roughness": 5.0}}, {"type": "Feature", "geometry": {"type": "LineString", "coordinates": [[-56.9537046, -25.3309648], [-56.9536617, -25.3307903]]}, "properties": {"osmid": "267219837", "oneway": "False", "lanes": NaN, "ref": NaN, "name": NaN, "highway": "unclassified", "length": 19.877, "maxspeed": NaN, "bridge": NaN, "access": NaN, "tunnel": NaN, "junction": NaN, "width": NaN, "service": NaN, "roughness": 5.0}}, {"type": "Feature", "geometry": {"type": "LineString", "coordinates": [[-56.9536617, -25.3307903], [-56.9535726, -25.3305963]]}, "properties": {"osmid": "267219837", "oneway": "False", "lanes": NaN, "ref": NaN, "name": NaN, "highway": "unclassified", "length": 23.357, "maxspeed": NaN, "bridge": NaN, "access": NaN, "tunnel": NaN, "junction": NaN, "width": NaN, "service": NaN, "roughness": 5.0}}, {"type": "Feature", "geometry": {"type": "LineString", "coordinates": [[-56.9535726, -25.3305963], [-56.95162, -25.3270373]]}, "properties": {"osmid": "267219837", "oneway": "False", "lanes": NaN, "ref": NaN, "name": NaN, "highway": "unclassified", "length": 441.73, "maxspeed": NaN, "bridge": NaN, "access": NaN, "tunnel": NaN, "junction": NaN, "width": NaN, "service": NaN, "roughness": 5.0}}, {"type": "Feature", "geometry": {"type": "LineString", "coordinates": [[-56.95162, -25.3270373], [-56.9514408, -25.3266494]]}, "properties": {"osmid": "267219837", "oneway": "False", "lanes": NaN, "ref": NaN, "name": NaN, "highway": "unclassified", "length": 46.742, "maxspeed": NaN, "bridge": NaN, "access": NaN, "tunnel": NaN, "junction": NaN, "width": NaN, "service": NaN, "roughness": 5.0}}, {"type": "Feature", "geometry": {"type": "LineString", "coordinates": [[-56.9514408, -25.3266494], [-56.9513764, -25.3263973]]}, "properties": {"osmid": "267219837", "oneway": "False", "lanes": NaN, "ref": NaN, "name": NaN, "highway": "unclassified", "length": 28.77, "maxspeed": NaN, "bridge": NaN, "access": NaN, "tunnel": NaN, "junction": NaN, "width": NaN, "service": NaN, "roughness": 5.0}}, {"type": "Feature", "geometry": {"type": "LineString", "coordinates": [[-56.9513764, -25.3263973], [-56.9513196, -25.3261161]]}, "properties": {"osmid": "267219837", "oneway": "False", "lanes": NaN, "ref": NaN, "name": NaN, "highway": "unclassified", "length": 31.785, "maxspeed": NaN, "bridge": NaN, "access": NaN, "tunnel": NaN, "junction": NaN, "width": NaN, "service": NaN, "roughness": 5.0}}, {"type": "Feature", "geometry": {"type": "LineString", "coordinates": [[-56.9513196, -25.3261161], [-56.9512691, -25.3258251]]}, "properties": {"osmid": "267219837", "oneway": "False", "lanes": NaN, "ref": NaN, "name": NaN, "highway": "unclassified", "length": 32.753, "maxspeed": NaN, "bridge": NaN, "access": NaN, "tunnel": NaN, "junction": NaN, "width": NaN, "service": NaN, "roughness": 5.0}}, {"type": "Feature", "geometry": {"type": "LineString", "coordinates": [[-56.9512691, -25.3258251], [-56.9512262, -25.3252142]]}, "properties": {"osmid": "267219837", "oneway": "False", "lanes": NaN, "ref": NaN, "name": NaN, "highway": "unclassified", "length": 68.066, "maxspeed": NaN, "bridge": NaN, "access": NaN, "tunnel": NaN, "junction": NaN, "width": NaN, "service": NaN, "roughness": 5.0}}, {"type": "Feature", "geometry": {"type": "LineString", "coordinates": [[-56.9512262, -25.3252142], [-56.9510331, -25.3223242]]}, "properties": {"osmid": "267219837", "oneway": "False", "lanes": NaN, "ref": NaN, "name": NaN, "highway": "unclassified", "length": 321.939, "maxspeed": NaN, "bridge": NaN, "access": NaN, "tunnel": NaN, "junction": NaN, "width": NaN, "service": NaN, "roughness": 5.0}}, {"type": "Feature", "geometry": {"type": "LineString", "coordinates": [[-56.9510331, -25.3223242], [-56.9509902, -25.3220624]]}, "properties": {"osmid": "267219837", "oneway": "False", "lanes": NaN, "ref": NaN, "name": NaN, "highway": "unclassified", "length": 29.428, "maxspeed": NaN, "bridge": NaN, "access": NaN, "tunnel": NaN, "junction": NaN, "width": NaN, "service": NaN, "roughness": 5.0}}, {"type": "Feature", "geometry": {"type": "LineString", "coordinates": [[-56.9509902, -25.3220624], [-56.9509119, -25.3217908]]}, "properties": {"osmid": "267219837", "oneway": "False", "lanes": NaN, "ref": NaN, "name": NaN, "highway": "unclassified", "length": 31.209, "maxspeed": NaN, "bridge": NaN, "access": NaN, "tunnel": NaN, "junction": NaN, "width": NaN, "service": NaN, "roughness": 5.0}}, {"type": "Feature", "geometry": {"type": "LineString", "coordinates": [[-56.9509119, -25.3217908], [-56.9507327, -25.3208792]]}, "properties": {"osmid": "267219837", "oneway": "False", "lanes": NaN, "ref": NaN, "name": NaN, "highway": "unclassified", "length": 102.953, "maxspeed": NaN, "bridge": NaN, "access": NaN, "tunnel": NaN, "junction": NaN, "width": NaN, "service": NaN, "roughness": 5.0}}, {"type": "Feature", "geometry": {"type": "LineString", "coordinates": [[-56.9507327, -25.3208792], [-56.950708, -25.3206368]]}, "properties": {"osmid": "267219837", "oneway": "False", "lanes": NaN, "ref": NaN, "name": NaN, "highway": "unclassified", "length": 27.068, "maxspeed": NaN, "bridge": NaN, "access": NaN, "tunnel": NaN, "junction": NaN, "width": NaN, "service": NaN, "roughness": 5.0}}, {"type": "Feature", "geometry": {"type": "LineString", "coordinates": [[-56.950708, -25.3206368], [-56.950722, -25.3204428]]}, "properties": {"osmid": "267219837", "oneway": "False", "lanes": NaN, "ref": NaN, "name": NaN, "highway": "unclassified", "length": 21.618, "maxspeed": NaN, "bridge": NaN, "access": NaN, "tunnel": NaN, "junction": NaN, "width": NaN, "service": NaN, "roughness": 5.0}}, {"type": "Feature", "geometry": {"type": "LineString", "coordinates": [[-56.950722, -25.3204428], [-56.9510116, -25.318765]]}, "properties": {"osmid": "267219837", "oneway": "False", "lanes": NaN, "ref": NaN, "name": NaN, "highway": "unclassified", "length": 188.82, "maxspeed": NaN, "bridge": NaN, "access": NaN, "tunnel": NaN, "junction": NaN, "width": NaN, "service": NaN, "roughness": 5.0}}, {"type": "Feature", "geometry": {"type": "LineString", "coordinates": [[-56.9510116, -25.318765], [-56.9510943, -25.3184838]]}, "properties": {"osmid": "267219837", "oneway": "False", "lanes": NaN, "ref": NaN, "name": NaN, "highway": "unclassified", "length": 32.354, "maxspeed": NaN, "bridge": NaN, "access": NaN, "tunnel": NaN, "junction": NaN, "width": NaN, "service": NaN, "roughness": 5.0}}, {"type": "Feature", "geometry": {"type": "LineString", "coordinates": [[-56.9510943, -25.3184838], [-56.9521489, -25.3154191]]}, "properties": {"osmid": "267219837", "oneway": "False", "lanes": NaN, "ref": NaN, "name": NaN, "highway": "unclassified", "length": 356.886, "maxspeed": NaN, "bridge": NaN, "access": NaN, "tunnel": NaN, "junction": NaN, "width": NaN, "service": NaN, "roughness": 5.0}}, {"type": "Feature", "geometry": {"type": "LineString", "coordinates": [[-56.9521489, -25.3154191], [-56.9522852, -25.3150311]]}, "properties": {"osmid": "267219837", "oneway": "False", "lanes": NaN, "ref": NaN, "name": NaN, "highway": "unclassified", "length": 45.267, "maxspeed": NaN, "bridge": NaN, "access": NaN, "tunnel": NaN, "junction": NaN, "width": NaN, "service": NaN, "roughness": 5.0}}, {"type": "Feature", "geometry": {"type": "LineString", "coordinates": [[-56.9522852, -25.3150311], [-56.9531467, -25.3131787]]}, "properties": {"osmid": "267219837", "oneway": "False", "lanes": NaN, "ref": NaN, "name": NaN, "highway": "unclassified", "length": 223.441, "maxspeed": NaN, "bridge": NaN, "access": NaN, "tunnel": NaN, "junction": NaN, "width": NaN, "service": NaN, "roughness": 5.0}}, {"type": "Feature", "geometry": {"type": "LineString", "coordinates": [[-56.9531467, -25.3131787], [-56.954624, -25.3099684]]}, "properties": {"osmid": "267219837", "oneway": "False", "lanes": NaN, "ref": NaN, "name": NaN, "highway": "unclassified", "length": 386.625, "maxspeed": NaN, "bridge": NaN, "access": NaN, "tunnel": NaN, "junction": NaN, "width": NaN, "service": NaN, "roughness": 5.0}}, {"type": "Feature", "geometry": {"type": "LineString", "coordinates": [[-56.954624, -25.3099684], [-56.954667, -25.3097647]]}, "properties": {"osmid": "267219837", "oneway": "False", "lanes": NaN, "ref": NaN, "name": NaN, "highway": "unclassified", "length": 23.059, "maxspeed": NaN, "bridge": NaN, "access": NaN, "tunnel": NaN, "junction": NaN, "width": NaN, "service": NaN, "roughness": 5.0}}, {"type": "Feature", "geometry": {"type": "LineString", "coordinates": [[-56.954667, -25.3097647], [-56.9546777, -25.309561]]}, "properties": {"osmid": "267219837", "oneway": "False", "lanes": NaN, "ref": NaN, "name": NaN, "highway": "unclassified", "length": 22.676, "maxspeed": NaN, "bridge": NaN, "access": NaN, "tunnel": NaN, "junction": NaN, "width": NaN, "service": NaN, "roughness": 5.0}}, {"type": "Feature", "geometry": {"type": "LineString", "coordinates": [[-56.9546777, -25.309561], [-56.9546702, -25.3093283]]}, "properties": {"osmid": "267219837", "oneway": "False", "lanes": NaN, "ref": NaN, "name": NaN, "highway": "unclassified", "length": 25.886, "maxspeed": NaN, "bridge": NaN, "access": NaN, "tunnel": NaN, "junction": NaN, "width": NaN, "service": NaN, "roughness": 5.0}}, {"type": "Feature", "geometry": {"type": "LineString", "coordinates": [[-56.9546702, -25.3093283], [-56.9538011, -25.3030625]]}, "properties": {"osmid": "267219837", "oneway": "False", "lanes": NaN, "ref": NaN, "name": NaN, "highway": "unclassified", "length": 702.182, "maxspeed": NaN, "bridge": NaN, "access": NaN, "tunnel": NaN, "junction": NaN, "width": NaN, "service": NaN, "roughness": 5.0}}, {"type": "Feature", "geometry": {"type": "LineString", "coordinates": [[-56.9538011, -25.3030625], [-56.9535758, -25.3013748]]}, "properties": {"osmid": "267219837", "oneway": "False", "lanes": NaN, "ref": NaN, "name": NaN, "highway": "unclassified", "length": 189.026, "maxspeed": NaN, "bridge": NaN, "access": NaN, "tunnel": NaN, "junction": NaN, "width": NaN, "service": NaN, "roughness": 5.0}}, {"type": "Feature", "geometry": {"type": "LineString", "coordinates": [[-56.9535758, -25.3013748], [-56.9535726, -25.3012002]]}, "properties": {"osmid": "267219837", "oneway": "False", "lanes": NaN, "ref": NaN, "name": NaN, "highway": "unclassified", "length": 19.417, "maxspeed": NaN, "bridge": NaN, "access": NaN, "tunnel": NaN, "junction": NaN, "width": NaN, "service": NaN, "roughness": 5.0}}, {"type": "Feature", "geometry": {"type": "LineString", "coordinates": [[-56.9535726, -25.3012002], [-56.9535866, -25.3009771]]}, "properties": {"osmid": "267219837", "oneway": "False", "lanes": NaN, "ref": NaN, "name": NaN, "highway": "unclassified", "length": 24.848, "maxspeed": NaN, "bridge": NaN, "access": NaN, "tunnel": NaN, "junction": NaN, "width": NaN, "service": NaN, "roughness": 5.0}}, {"type": "Feature", "geometry": {"type": "LineString", "coordinates": [[-56.9535866, -25.3009771], [-56.9536263, -25.3007055]]}, "properties": {"osmid": "267219837", "oneway": "False", "lanes": NaN, "ref": NaN, "name": NaN, "highway": "unclassified", "length": 30.463, "maxspeed": NaN, "bridge": NaN, "access": NaN, "tunnel": NaN, "junction": NaN, "width": NaN, "service": NaN, "roughness": 5.0}}, {"type": "Feature", "geometry": {"type": "LineString", "coordinates": [[-56.9536263, -25.3007055], [-56.9536751, -25.3005023]]}, "properties": {"osmid": "267219834", "oneway": "False", "lanes": "1", "ref": NaN, "name": NaN, "highway": "unclassified", "length": 23.121, "maxspeed": NaN, "bridge": "yes", "access": NaN, "tunnel": NaN, "junction": NaN, "width": NaN, "service": NaN, "roughness": 5.0}}, {"type": "Feature", "geometry": {"type": "LineString", "coordinates": [[-56.9536751, -25.3005023], [-56.9544449, -25.2973106]]}, "properties": {"osmid": "267219836", "oneway": "False", "lanes": NaN, "ref": NaN, "name": NaN, "highway": "unclassified", "length": 363.241, "maxspeed": NaN, "bridge": NaN, "access": NaN, "tunnel": NaN, "junction": NaN, "width": NaN, "service": NaN, "roughness": 5.0}}, {"type": "Feature", "geometry": {"type": "LineString", "coordinates": [[-56.9544449, -25.2973106], [-56.9548955, -25.2953803]]}, "properties": {"osmid": "267219836", "oneway": "False", "lanes": NaN, "ref": NaN, "name": NaN, "highway": "unclassified", "length": 219.368, "maxspeed": NaN, "bridge": NaN, "access": NaN, "tunnel": NaN, "junction": NaN, "width": NaN, "service": NaN, "roughness": 5.0}}, {"type": "Feature", "geometry": {"type": "LineString", "coordinates": [[-56.9548955, -25.2953803], [-56.9549143, -25.2952275]]}, "properties": {"osmid": "267219836", "oneway": "False", "lanes": NaN, "ref": NaN, "name": NaN, "highway": "unclassified", "length": 17.095, "maxspeed": NaN, "bridge": NaN, "access": NaN, "tunnel": NaN, "junction": NaN, "width": NaN, "service": NaN, "roughness": 5.0}}, {"type": "Feature", "geometry": {"type": "LineString", "coordinates": [[-56.9549143, -25.2952275], [-56.9549599, -25.2949826]]}, "properties": {"osmid": "267219836", "oneway": "False", "lanes": NaN, "ref": NaN, "name": NaN, "highway": "unclassified", "length": 27.615, "maxspeed": NaN, "bridge": NaN, "access": NaN, "tunnel": NaN, "junction": NaN, "width": NaN, "service": NaN, "roughness": 5.0}}, {"type": "Feature", "geometry": {"type": "LineString", "coordinates": [[-56.9549599, -25.2949826], [-56.9553568, -25.2911995]]}, "properties": {"osmid": "267219836", "oneway": "False", "lanes": NaN, "ref": NaN, "name": NaN, "highway": "unclassified", "length": 422.55, "maxspeed": NaN, "bridge": NaN, "access": NaN, "tunnel": NaN, "junction": NaN, "width": NaN, "service": NaN, "roughness": 5.0}}, {"type": "Feature", "geometry": {"type": "LineString", "coordinates": [[-56.9553568, -25.2911995], [-56.9555145, -25.2897541]]}, "properties": {"osmid": "267219836", "oneway": "False", "lanes": NaN, "ref": NaN, "name": NaN, "highway": "unclassified", "length": 161.501, "maxspeed": NaN, "bridge": NaN, "access": NaN, "tunnel": NaN, "junction": NaN, "width": NaN, "service": NaN, "roughness": 5.0}}, {"type": "Feature", "geometry": {"type": "LineString", "coordinates": [[-56.9555145, -25.2897541], [-56.9555574, -25.2895989]]}, "properties": {"osmid": "267219836", "oneway": "False", "lanes": NaN, "ref": NaN, "name": NaN, "highway": "unclassified", "length": 17.788, "maxspeed": NaN, "bridge": NaN, "access": NaN, "tunnel": NaN, "junction": NaN, "width": NaN, "service": NaN, "roughness": 5.0}}, {"type": "Feature", "geometry": {"type": "LineString", "coordinates": [[-56.9555574, -25.2895989], [-56.9556143, -25.2894534]]}, "properties": {"osmid": "267219836", "oneway": "False", "lanes": NaN, "ref": NaN, "name": NaN, "highway": "unclassified", "length": 17.16, "maxspeed": NaN, "bridge": NaN, "access": NaN, "tunnel": NaN, "junction": NaN, "width": NaN, "service": NaN, "roughness": 5.0}}, {"type": "Feature", "geometry": {"type": "LineString", "coordinates": [[-56.9556143, -25.2894534], [-56.9557216, -25.2893273]]}, "properties": {"osmid": "267219836", "oneway": "False", "lanes": NaN, "ref": NaN, "name": NaN, "highway": "unclassified", "length": 17.691, "maxspeed": NaN, "bridge": NaN, "access": NaN, "tunnel": NaN, "junction": NaN, "width": NaN, "service": NaN, "roughness": 5.0}}, {"type": "Feature", "geometry": {"type": "LineString", "coordinates": [[-56.9557216, -25.2893273], [-56.9561508, -25.2889974]]}, "properties": {"osmid": "267219836", "oneway": "False", "lanes": NaN, "ref": NaN, "name": NaN, "highway": "unclassified", "length": 56.636, "maxspeed": NaN, "bridge": NaN, "access": NaN, "tunnel": NaN, "junction": NaN, "width": NaN, "service": NaN, "roughness": 5.0}}, {"type": "Feature", "geometry": {"type": "LineString", "coordinates": [[-56.9561508, -25.2889974], [-56.9563868, -25.288784]]}, "properties": {"osmid": "267219838", "oneway": "False", "lanes": "1", "ref": NaN, "name": NaN, "highway": "unclassified", "length": 33.557, "maxspeed": NaN, "bridge": "yes", "access": NaN, "tunnel": NaN, "junction": NaN, "width": NaN, "service": NaN, "roughness": 5.0}}, {"type": "Feature", "geometry": {"type": "LineString", "coordinates": [[-56.9563868, -25.288784], [-56.956474, -25.2887411]]}, "properties": {"osmid": "267221456", "oneway": "False", "lanes": NaN, "ref": NaN, "name": NaN, "highway": "unclassified", "length": 9.981, "maxspeed": NaN, "bridge": NaN, "access": NaN, "tunnel": NaN, "junction": NaN, "width": NaN, "service": NaN, "roughness": 5.0}}, {"type": "Feature", "geometry": {"type": "LineString", "coordinates": [[-56.956474, -25.2887411], [-56.9565445, -25.2887064]]}, "properties": {"osmid": "267221456", "oneway": "False", "lanes": NaN, "ref": NaN, "name": NaN, "highway": "unclassified", "length": 8.07, "maxspeed": NaN, "bridge": NaN, "access": NaN, "tunnel": NaN, "junction": NaN, "width": NaN, "service": NaN, "roughness": 5.0}}, {"type": "Feature", "geometry": {"type": "LineString", "coordinates": [[-56.9565445, -25.2887064], [-56.9567942, -25.2885046]]}, "properties": {"osmid": "267221456", "oneway": "False", "lanes": NaN, "ref": NaN, "name": NaN, "highway": "unclassified", "length": 33.671, "maxspeed": NaN, "bridge": NaN, "access": NaN, "tunnel": NaN, "junction": NaN, "width": NaN, "service": NaN, "roughness": 5.0}}, {"type": "Feature", "geometry": {"type": "LineString", "coordinates": [[-56.9567942, -25.2885046], [-56.9570589, -25.2882573]]}, "properties": {"osmid": "267221456", "oneway": "False", "lanes": NaN, "ref": NaN, "name": NaN, "highway": "unclassified", "length": 38.268, "maxspeed": NaN, "bridge": NaN, "access": NaN, "tunnel": NaN, "junction": NaN, "width": NaN, "service": NaN, "roughness": 5.0}}, {"type": "Feature", "geometry": {"type": "LineString", "coordinates": [[-56.9570589, -25.2882573], [-56.957626, -25.2877186]]}, "properties": {"osmid": "267221456", "oneway": "False", "lanes": NaN, "ref": NaN, "name": NaN, "highway": "unclassified", "length": 82.698, "maxspeed": NaN, "bridge": NaN, "access": NaN, "tunnel": NaN, "junction": NaN, "width": NaN, "service": NaN, "roughness": 5.0}}, {"type": "Feature", "geometry": {"type": "LineString", "coordinates": [[-56.957626, -25.2877186], [-56.9579387, -25.2873779]]}, "properties": {"osmid": "267221456", "oneway": "False", "lanes": NaN, "ref": NaN, "name": NaN, "highway": "unclassified", "length": 49.23, "maxspeed": NaN, "bridge": NaN, "access": NaN, "tunnel": NaN, "junction": NaN, "width": NaN, "service": NaN, "roughness": 5.0}}, {"type": "Feature", "geometry": {"type": "LineString", "coordinates": [[-56.9579387, -25.2873779], [-56.9585607, -25.2866634]]}, "properties": {"osmid": "267221456", "oneway": "False", "lanes": NaN, "ref": NaN, "name": NaN, "highway": "unclassified", "length": 101.108, "maxspeed": NaN, "bridge": NaN, "access": NaN, "tunnel": NaN, "junction": NaN, "width": NaN, "service": NaN, "roughness": 5.0}}, {"type": "Feature", "geometry": {"type": "LineString", "coordinates": [[-56.9585607, -25.2866634], [-56.9587149, -25.2864558]]}, "properties": {"osmid": "267221456", "oneway": "False", "lanes": NaN, "ref": NaN, "name": NaN, "highway": "unclassified", "length": 27.807, "maxspeed": NaN, "bridge": NaN, "access": NaN, "tunnel": NaN, "junction": NaN, "width": NaN, "service": NaN, "roughness": 5.0}}, {"type": "Feature", "geometry": {"type": "LineString", "coordinates": [[-56.9587149, -25.2864558], [-56.9587868, -25.2862909]]}, "properties": {"osmid": "267221456", "oneway": "False", "lanes": NaN, "ref": NaN, "name": NaN, "highway": "unclassified", "length": 19.71, "maxspeed": NaN, "bridge": NaN, "access": NaN, "tunnel": NaN, "junction": NaN, "width": NaN, "service": NaN, "roughness": 5.0}}, {"type": "Feature", "geometry": {"type": "LineString", "coordinates": [[-56.9587868, -25.2862909], [-56.9588405, -25.286126]]}, "properties": {"osmid": "267221456", "oneway": "False", "lanes": NaN, "ref": NaN, "name": NaN, "highway": "unclassified", "length": 19.114, "maxspeed": NaN, "bridge": NaN, "access": NaN, "tunnel": NaN, "junction": NaN, "width": NaN, "service": NaN, "roughness": 5.0}}, {"type": "Feature", "geometry": {"type": "LineString", "coordinates": [[-56.9588405, -25.286126], [-56.9593372, -25.2838172]]}, "properties": {"osmid": "267221456", "oneway": "False", "lanes": NaN, "ref": NaN, "name": NaN, "highway": "unclassified", "length": 261.539, "maxspeed": NaN, "bridge": NaN, "access": NaN, "tunnel": NaN, "junction": NaN, "width": NaN, "service": NaN, "roughness": 5.0}}, {"type": "Feature", "geometry": {"type": "LineString", "coordinates": [[-56.9593372, -25.2838172], [-56.9593694, -25.2835941]]}, "properties": {"osmid": "267221456", "oneway": "False", "lanes": NaN, "ref": NaN, "name": NaN, "highway": "unclassified", "length": 25.018, "maxspeed": NaN, "bridge": NaN, "access": NaN, "tunnel": NaN, "junction": NaN, "width": NaN, "service": NaN, "roughness": 5.0}}, {"type": "Feature", "geometry": {"type": "LineString", "coordinates": [[-56.9593694, -25.2835941], [-56.9593913, -25.2833628]]}, "properties": {"osmid": "267221456", "oneway": "False", "lanes": NaN, "ref": NaN, "name": NaN, "highway": "unclassified", "length": 25.814, "maxspeed": NaN, "bridge": NaN, "access": NaN, "tunnel": NaN, "junction": NaN, "width": NaN, "service": NaN, "roughness": 5.0}}, {"type": "Feature", "geometry": {"type": "LineString", "coordinates": [[-56.9593913, -25.2833628], [-56.9594016, -25.2832545]]}, "properties": {"osmid": "267221456", "oneway": "False", "lanes": NaN, "ref": NaN, "name": NaN, "highway": "unclassified", "length": 12.087, "maxspeed": NaN, "bridge": NaN, "access": NaN, "tunnel": NaN, "junction": NaN, "width": NaN, "service": NaN, "roughness": 5.0}}, {"type": "Feature", "geometry": {"type": "LineString", "coordinates": [[-56.9594016, -25.2832545], [-56.9593984, -25.2830411]]}, "properties": {"osmid": "267221456", "oneway": "False", "lanes": NaN, "ref": NaN, "name": NaN, "highway": "unclassified", "length": 23.731, "maxspeed": NaN, "bridge": NaN, "access": NaN, "tunnel": NaN, "junction": NaN, "width": NaN, "service": NaN, "roughness": 5.0}}]}