{"type": "FeatureCollection", "features": [{"type": "Feature", "geometry": {"type": "LineString", "coordinates": [[-57.4560392, -25.4913381], [-57.4562588, -25.4918319]]}, "properties": {"osmid": "681936916", "oneway": "False", "lanes": "2", "ref": "D071", "name": "Avenida Teniente Nicasio Insaurralde", "highway": "primary", "length": 59.167, "maxspeed": "50", "bridge": NaN, "access": NaN, "tunnel": NaN, "junction": NaN, "width": NaN, "service": NaN, "roughness": 5.0}}, {"type": "Feature", "geometry": {"type": "LineString", "coordinates": [[-57.4562588, -25.4918319], [-57.4565166, -25.4923356]]}, "properties": {"osmid": "681936916", "oneway": "False", "lanes": "2", "ref": "D071", "name": "Avenida Teniente Nicasio Insaurralde", "highway": "primary", "length": 61.697, "maxspeed": "50", "bridge": NaN, "access": NaN, "tunnel": NaN, "junction": NaN, "width": NaN, "service": NaN, "roughness": 5.0}}, {"type": "Feature", "geometry": {"type": "LineString", "coordinates": [[-57.4565166, -25.4923356], [-57.4571067, -25.4935413]]}, "properties": {"osmid": "681936916", "oneway": "False", "lanes": "2", "ref": "D071", "name": "Avenida Teniente Nicasio Insaurralde", "highway": "primary", "length": 146.568, "maxspeed": "50", "bridge": NaN, "access": NaN, "tunnel": NaN, "junction": NaN, "width": NaN, "service": NaN, "roughness": 5.0}}, {"type": "Feature", "geometry": {"type": "LineString", "coordinates": [[-57.4571067, -25.4935413], [-57.457206, -25.4936878]]}, "properties": {"osmid": "681936908", "oneway": "False", "lanes": "2", "ref": "D071", "name": "Avenida General Ignacio Genes", "highway": "primary", "length": 19.097, "maxspeed": "50", "bridge": NaN, "access": NaN, "tunnel": NaN, "junction": NaN, "width": NaN, "service": NaN, "roughness": 5.0}}, {"type": "Feature", "geometry": {"type": "LineString", "coordinates": [[-57.457206, -25.4936878], [-57.4573215, -25.493849]]}, "properties": {"osmid": "681936908", "oneway": "False", "lanes": "2", "ref": "D071", "name": "Avenida General Ignacio Genes", "highway": "primary", "length": 21.347, "maxspeed": "50", "bridge": NaN, "access": NaN, "tunnel": NaN, "junction": NaN, "width": NaN, "service": NaN, "roughness": 5.0}}, {"type": "Feature", "geometry": {"type": "LineString", "coordinates": [[-57.4573215, -25.493849], [-57.4575039, -25.4940146]]}, "properties": {"osmid": "681936908", "oneway": "False", "lanes": "2", "ref": "D071", "name": "Avenida General Ignacio Genes", "highway": "primary", "length": 25.966, "maxspeed": "50", "bridge": NaN, "access": NaN, "tunnel": NaN, "junction": NaN, "width": NaN, "service": NaN, "roughness": 5.0}}, {"type": "Feature", "geometry": {"type": "LineString", "coordinates": [[-57.4575039, -25.4940146], [-57.4577346, -25.4941671]]}, "properties": {"osmid": "681936908", "oneway": "False", "lanes": "2", "ref": "D071", "name": "Avenida General Ignacio Genes", "highway": "primary", "length": 28.7, "maxspeed": "50", "bridge": NaN, "access": NaN, "tunnel": NaN, "junction": NaN, "width": NaN, "service": NaN, "roughness": 5.0}}, {"type": "Feature", "geometry": {"type": "LineString", "coordinates": [[-57.4577346, -25.4941671], [-57.4580726, -25.4943657]]}, "properties": {"osmid": "681936908", "oneway": "False", "lanes": "2", "ref": "D071", "name": "Avenida General Ignacio Genes", "highway": "primary", "length": 40.479, "maxspeed": "50", "bridge": NaN, "access": NaN, "tunnel": NaN, "junction": NaN, "width": NaN, "service": NaN, "roughness": 5.0}}, {"type": "Feature", "geometry": {"type": "LineString", "coordinates": [[-57.4580726, -25.4943657], [-57.4583274, -25.4945012]]}, "properties": {"osmid": "681936908", "oneway": "False", "lanes": "2", "ref": "D071", "name": "Avenida General Ignacio Genes", "highway": "primary", "length": 29.682, "maxspeed": "50", "bridge": NaN, "access": NaN, "tunnel": NaN, "junction": NaN, "width": NaN, "service": NaN, "roughness": 5.0}}, {"type": "Feature", "geometry": {"type": "LineString", "coordinates": [[-57.4583274, -25.4945012], [-57.458719, -25.4947288]]}, "properties": {"osmid": "681936908", "oneway": "False", "lanes": "2", "ref": "D071", "name": "Avenida General Ignacio Genes", "highway": "primary", "length": 46.747, "maxspeed": "50", "bridge": NaN, "access": NaN, "tunnel": NaN, "junction": NaN, "width": NaN, "service": NaN, "roughness": 5.0}}, {"type": "Feature", "geometry": {"type": "LineString", "coordinates": [[-57.458719, -25.4947288], [-57.4589416, -25.4948644]]}, "properties": {"osmid": "681936908", "oneway": "False", "lanes": "2", "ref": "D071", "name": "Avenida General Ignacio Genes", "highway": "primary", "length": 26.954, "maxspeed": "50", "bridge": NaN, "access": NaN, "tunnel": NaN, "junction": NaN, "width": NaN, "service": NaN, "roughness": 5.0}}, {"type": "Feature", "geometry": {"type": "LineString", "coordinates": [[-57.4589416, -25.4948644], [-57.4592071, -25.4949854]]}, "properties": {"osmid": "681936908", "oneway": "False", "lanes": "2", "ref": "D071", "name": "Avenida General Ignacio Genes", "highway": "primary", "length": 29.852, "maxspeed": "50", "bridge": NaN, "access": NaN, "tunnel": NaN, "junction": NaN, "width": NaN, "service": NaN, "roughness": 5.0}}, {"type": "Feature", "geometry": {"type": "LineString", "coordinates": [[-57.4592071, -25.4949854], [-57.4594729, -25.495074]]}, "properties": {"osmid": "681936908", "oneway": "False", "lanes": "2", "ref": "D071", "name": "Avenida General Ignacio Genes", "highway": "primary", "length": 28.439, "maxspeed": "50", "bridge": NaN, "access": NaN, "tunnel": NaN, "junction": NaN, "width": NaN, "service": NaN, "roughness": 5.0}}, {"type": "Feature", "geometry": {"type": "LineString", "coordinates": [[-57.4594729, -25.495074], [-57.4597194, -25.4951186]]}, "properties": {"osmid": "681936908", "oneway": "False", "lanes": "2", "ref": "D071", "name": "Avenida General Ignacio Genes", "highway": "primary", "length": 25.233, "maxspeed": "50", "bridge": NaN, "access": NaN, "tunnel": NaN, "junction": NaN, "width": NaN, "service": NaN, "roughness": 5.0}}, {"type": "Feature", "geometry": {"type": "LineString", "coordinates": [[-57.4597194, -25.4951186], [-57.4599367, -25.4951307]]}, "properties": {"osmid": "681936908", "oneway": "False", "lanes": "2", "ref": "D071", "name": "Avenida General Ignacio Genes", "highway": "primary", "length": 21.851, "maxspeed": "50", "bridge": NaN, "access": NaN, "tunnel": NaN, "junction": NaN, "width": NaN, "service": NaN, "roughness": 5.0}}, {"type": "Feature", "geometry": {"type": "LineString", "coordinates": [[-57.4599367, -25.4951307], [-57.4601191, -25.4951307]]}, "properties": {"osmid": "681936908", "oneway": "False", "lanes": "2", "ref": "D071", "name": "Avenida General Ignacio Genes", "highway": "primary", "length": 18.307, "maxspeed": "50", "bridge": NaN, "access": NaN, "tunnel": NaN, "junction": NaN, "width": NaN, "service": NaN, "roughness": 5.0}}, {"type": "Feature", "geometry": {"type": "LineString", "coordinates": [[-57.4601191, -25.4951307], [-57.4603468, -25.4951247]]}, "properties": {"osmid": "681936908", "oneway": "False", "lanes": "2", "ref": "D071", "name": "Avenida General Ignacio Genes", "highway": "primary", "length": 22.863, "maxspeed": "50", "bridge": NaN, "access": NaN, "tunnel": NaN, "junction": NaN, "width": NaN, "service": NaN, "roughness": 5.0}}, {"type": "Feature", "geometry": {"type": "LineString", "coordinates": [[-57.4603468, -25.4951247], [-57.4605668, -25.4950859]]}, "properties": {"osmid": "681936908", "oneway": "False", "lanes": "2", "ref": "D071", "name": "Avenida General Ignacio Genes", "highway": "primary", "length": 22.498, "maxspeed": "50", "bridge": NaN, "access": NaN, "tunnel": NaN, "junction": NaN, "width": NaN, "service": NaN, "roughness": 5.0}}, {"type": "Feature", "geometry": {"type": "LineString", "coordinates": [[-57.4605668, -25.4950859], [-57.4607438, -25.495052]]}, "properties": {"osmid": "681936908", "oneway": "False", "lanes": "2", "ref": "D071", "name": "Avenida General Ignacio Genes", "highway": "primary", "length": 18.161, "maxspeed": "50", "bridge": NaN, "access": NaN, "tunnel": NaN, "junction": NaN, "width": NaN, "service": NaN, "roughness": 5.0}}, {"type": "Feature", "geometry": {"type": "LineString", "coordinates": [[-57.4607438, -25.495052], [-57.4620366, -25.4945194]]}, "properties": {"osmid": "681936908", "oneway": "False", "lanes": "2", "ref": "D071", "name": "Avenida General Ignacio Genes", "highway": "primary", "length": 142.631, "maxspeed": "50", "bridge": NaN, "access": NaN, "tunnel": NaN, "junction": NaN, "width": NaN, "service": NaN, "roughness": 5.0}}, {"type": "Feature", "geometry": {"type": "LineString", "coordinates": [[-57.4620366, -25.4945194], [-57.4629003, -25.494166]]}, "properties": {"osmid": "681936908", "oneway": "False", "lanes": "2", "ref": "D071", "name": "Avenida General Ignacio Genes", "highway": "primary", "length": 95.179, "maxspeed": "50", "bridge": NaN, "access": NaN, "tunnel": NaN, "junction": NaN, "width": NaN, "service": NaN, "roughness": 5.0}}, {"type": "Feature", "geometry": {"type": "LineString", "coordinates": [[-57.4629003, -25.494166], [-57.4630588, -25.4940727]]}, "properties": {"osmid": "681936908", "oneway": "False", "lanes": "2", "ref": "D071", "name": "Avenida General Ignacio Genes", "highway": "primary", "length": 18.992, "maxspeed": "50", "bridge": NaN, "access": NaN, "tunnel": NaN, "junction": NaN, "width": NaN, "service": NaN, "roughness": 5.0}}, {"type": "Feature", "geometry": {"type": "LineString", "coordinates": [[-57.4630588, -25.4940727], [-57.4632608, -25.4940192]]}, "properties": {"osmid": "681936908", "oneway": "False", "lanes": "2", "ref": "D071", "name": "Avenida General Ignacio Genes", "highway": "primary", "length": 21.129, "maxspeed": "50", "bridge": NaN, "access": NaN, "tunnel": NaN, "junction": NaN, "width": NaN, "service": NaN, "roughness": 5.0}}, {"type": "Feature", "geometry": {"type": "LineString", "coordinates": [[-57.4632608, -25.4940192], [-57.4633735, -25.494001]]}, "properties": {"osmid": "681936908", "oneway": "False", "lanes": "2", "ref": "D071", "name": "Avenida General Ignacio Genes", "highway": "primary", "length": 11.491, "maxspeed": "50", "bridge": NaN, "access": NaN, "tunnel": NaN, "junction": NaN, "width": NaN, "service": NaN, "roughness": 5.0}}, {"type": "Feature", "geometry": {"type": "LineString", "coordinates": [[-57.4633735, -25.494001], [-57.4634987, -25.4939904]]}, "properties": {"osmid": "681936908", "oneway": "False", "lanes": "2", "ref": "D071", "name": "Avenida General Ignacio Genes", "highway": "primary", "length": 12.621, "maxspeed": "50", "bridge": NaN, "access": NaN, "tunnel": NaN, "junction": NaN, "width": NaN, "service": NaN, "roughness": 5.0}}, {"type": "Feature", "geometry": {"type": "LineString", "coordinates": [[-57.4634987, -25.4939904], [-57.4636516, -25.4939889]]}, "properties": {"osmid": "681936908", "oneway": "False", "lanes": "2", "ref": "D071", "name": "Avenida General Ignacio Genes", "highway": "primary", "length": 15.347, "maxspeed": "50", "bridge": NaN, "access": NaN, "tunnel": NaN, "junction": NaN, "width": NaN, "service": NaN, "roughness": 5.0}}, {"type": "Feature", "geometry": {"type": "LineString", "coordinates": [[-57.4636516, -25.4939889], [-57.4637454, -25.493988]]}, "properties": {"osmid": "681936908", "oneway": "False", "lanes": "2", "ref": "D071", "name": "Avenida General Ignacio Genes", "highway": "primary", "length": 9.415, "maxspeed": "50", "bridge": NaN, "access": NaN, "tunnel": NaN, "junction": NaN, "width": NaN, "service": NaN, "roughness": 5.0}}, {"type": "Feature", "geometry": {"type": "LineString", "coordinates": [[-57.4637454, -25.493988], [-57.4639654, -25.4939856]]}, "properties": {"osmid": "681936908", "oneway": "False", "lanes": "2", "ref": "D071", "name": "Avenida General Ignacio Genes", "highway": "primary", "length": 22.083, "maxspeed": "50", "bridge": NaN, "access": NaN, "tunnel": NaN, "junction": NaN, "width": NaN, "service": NaN, "roughness": 5.0}}, {"type": "Feature", "geometry": {"type": "LineString", "coordinates": [[-57.4639654, -25.4939856], [-57.4646346, -25.4940035]]}, "properties": {"osmid": "681936908", "oneway": "False", "lanes": "2", "ref": "D071", "name": "Avenida General Ignacio Genes", "highway": "primary", "length": 67.196, "maxspeed": "50", "bridge": NaN, "access": NaN, "tunnel": NaN, "junction": NaN, "width": NaN, "service": NaN, "roughness": 5.0}}, {"type": "Feature", "geometry": {"type": "LineString", "coordinates": [[-57.4646346, -25.4940035], [-57.4651595, -25.4940156]]}, "properties": {"osmid": "681936908", "oneway": "False", "lanes": "2", "ref": "D071", "name": "Avenida General Ignacio Genes", "highway": "primary", "length": 52.7, "maxspeed": "50", "bridge": NaN, "access": NaN, "tunnel": NaN, "junction": NaN, "width": NaN, "service": NaN, "roughness": 5.0}}, {"type": "Feature", "geometry": {"type": "LineString", "coordinates": [[-57.4651595, -25.4940156], [-57.4652032, -25.4940161]]}, "properties": {"osmid": "681936908", "oneway": "False", "lanes": "2", "ref": "D071", "name": "Avenida General Ignacio Genes", "highway": "primary", "length": 4.386, "maxspeed": "50", "bridge": NaN, "access": NaN, "tunnel": NaN, "junction": NaN, "width": NaN, "service": NaN, "roughness": 5.0}}, {"type": "Feature", "geometry": {"type": "LineString", "coordinates": [[-57.4652032, -25.4940161], [-57.4654266, -25.4940446]]}, "properties": {"osmid": "681936908", "oneway": "False", "lanes": "2", "ref": "D071", "name": "Avenida General Ignacio Genes", "highway": "primary", "length": 22.645, "maxspeed": "50", "bridge": NaN, "access": NaN, "tunnel": NaN, "junction": NaN, "width": NaN, "service": NaN, "roughness": 5.0}}, {"type": "Feature", "geometry": {"type": "LineString", "coordinates": [[-57.4654266, -25.4940446], [-57.4656578, -25.4940943]]}, "properties": {"osmid": "681936908", "oneway": "False", "lanes": "2", "ref": "D071", "name": "Avenida General Ignacio Genes", "highway": "primary", "length": 23.854, "maxspeed": "50", "bridge": NaN, "access": NaN, "tunnel": NaN, "junction": NaN, "width": NaN, "service": NaN, "roughness": 5.0}}, {"type": "Feature", "geometry": {"type": "LineString", "coordinates": [[-57.4656578, -25.4940943], [-57.4659867, -25.49419]]}, "properties": {"osmid": "681936908", "oneway": "False", "lanes": "2", "ref": "D071", "name": "Avenida General Ignacio Genes", "highway": "primary", "length": 34.684, "maxspeed": "50", "bridge": NaN, "access": NaN, "tunnel": NaN, "junction": NaN, "width": NaN, "service": NaN, "roughness": 5.0}}, {"type": "Feature", "geometry": {"type": "LineString", "coordinates": [[-57.4659867, -25.49419], [-57.4667679, -25.4944066]]}, "properties": {"osmid": "681936908", "oneway": "False", "lanes": "2", "ref": "D071", "name": "Avenida General Ignacio Genes", "highway": "primary", "length": 82.023, "maxspeed": "50", "bridge": NaN, "access": NaN, "tunnel": NaN, "junction": NaN, "width": NaN, "service": NaN, "roughness": 5.0}}, {"type": "Feature", "geometry": {"type": "LineString", "coordinates": [[-57.4667679, -25.4944066], [-57.4669017, -25.4944446]]}, "properties": {"osmid": "681936908", "oneway": "False", "lanes": "2", "ref": "D071", "name": "Avenida General Ignacio Genes", "highway": "primary", "length": 14.078, "maxspeed": "50", "bridge": NaN, "access": NaN, "tunnel": NaN, "junction": NaN, "width": NaN, "service": NaN, "roughness": 5.0}}, {"type": "Feature", "geometry": {"type": "LineString", "coordinates": [[-57.4669017, -25.4944446], [-57.4680465, -25.4947702]]}, "properties": {"osmid": "681936908", "oneway": "False", "lanes": "2", "ref": "D071", "name": "Avenida General Ignacio Genes", "highway": "primary", "length": 120.47, "maxspeed": "50", "bridge": NaN, "access": NaN, "tunnel": NaN, "junction": NaN, "width": NaN, "service": NaN, "roughness": 5.0}}, {"type": "Feature", "geometry": {"type": "LineString", "coordinates": [[-57.4680465, -25.4947702], [-57.4683147, -25.4948465]]}, "properties": {"osmid": "681936908", "oneway": "False", "lanes": "2", "ref": "D071", "name": "Avenida General Ignacio Genes", "highway": "primary", "length": 28.224, "maxspeed": "50", "bridge": NaN, "access": NaN, "tunnel": NaN, "junction": NaN, "width": NaN, "service": NaN, "roughness": 5.0}}, {"type": "Feature", "geometry": {"type": "LineString", "coordinates": [[-57.4683147, -25.4948465], [-57.4694039, -25.4951563]]}, "properties": {"osmid": "681936908", "oneway": "False", "lanes": "2", "ref": "D071", "name": "Avenida General Ignacio Genes", "highway": "primary", "length": 114.619, "maxspeed": "50", "bridge": NaN, "access": NaN, "tunnel": NaN, "junction": NaN, "width": NaN, "service": NaN, "roughness": 5.0}}, {"type": "Feature", "geometry": {"type": "LineString", "coordinates": [[-57.4694039, -25.4951563], [-57.4696045, -25.4952134]]}, "properties": {"osmid": "681936908", "oneway": "False", "lanes": "2", "ref": "D071", "name": "Avenida General Ignacio Genes", "highway": "primary", "length": 21.111, "maxspeed": "50", "bridge": NaN, "access": NaN, "tunnel": NaN, "junction": NaN, "width": NaN, "service": NaN, "roughness": 5.0}}, {"type": "Feature", "geometry": {"type": "LineString", "coordinates": [[-57.4696045, -25.4952134], [-57.4702043, -25.495355]]}, "properties": {"osmid": "681936908", "oneway": "False", "lanes": "2", "ref": "D071", "name": "Avenida General Ignacio Genes", "highway": "primary", "length": 62.225, "maxspeed": "50", "bridge": NaN, "access": NaN, "tunnel": NaN, "junction": NaN, "width": NaN, "service": NaN, "roughness": 5.0}}, {"type": "Feature", "geometry": {"type": "LineString", "coordinates": [[-57.4702043, -25.495355], [-57.4709696, -25.495567]]}, "properties": {"osmid": "681936908", "oneway": "False", "lanes": "2", "ref": "D071", "name": "Avenida General Ignacio Genes", "highway": "primary", "length": 80.347, "maxspeed": "50", "bridge": NaN, "access": NaN, "tunnel": NaN, "junction": NaN, "width": NaN, "service": NaN, "roughness": 5.0}}, {"type": "Feature", "geometry": {"type": "LineString", "coordinates": [[-57.4709696, -25.495567], [-57.4712291, -25.4956428]]}, "properties": {"osmid": "681936908", "oneway": "False", "lanes": "2", "ref": "D071", "name": "Avenida General Ignacio Genes", "highway": "primary", "length": 27.375, "maxspeed": "50", "bridge": NaN, "access": NaN, "tunnel": NaN, "junction": NaN, "width": NaN, "service": NaN, "roughness": 5.0}}, {"type": "Feature", "geometry": {"type": "LineString", "coordinates": [[-57.4712291, -25.4956428], [-57.4717268, -25.4957758]]}, "properties": {"osmid": "681936908", "oneway": "False", "lanes": "2", "ref": "D071", "name": "Avenida General Ignacio Genes", "highway": "primary", "length": 52.096, "maxspeed": "50", "bridge": NaN, "access": NaN, "tunnel": NaN, "junction": NaN, "width": NaN, "service": NaN, "roughness": 5.0}}, {"type": "Feature", "geometry": {"type": "LineString", "coordinates": [[-57.4717268, -25.4957758], [-57.4719106, -25.4958161]]}, "properties": {"osmid": "681936908", "oneway": "False", "lanes": "2", "ref": "D071", "name": "Avenida General Ignacio Genes", "highway": "primary", "length": 18.984, "maxspeed": "50", "bridge": NaN, "access": NaN, "tunnel": NaN, "junction": NaN, "width": NaN, "service": NaN, "roughness": 5.0}}, {"type": "Feature", "geometry": {"type": "LineString", "coordinates": [[-57.4719106, -25.4958161], [-57.4719717, -25.49584]]}, "properties": {"osmid": "665970213", "oneway": "True", "lanes": "2", "ref": "D071", "name": "Avenida General Ignacio Genes", "highway": "primary", "length": 6.683, "maxspeed": "40", "bridge": NaN, "access": NaN, "tunnel": NaN, "junction": NaN, "width": NaN, "service": NaN, "roughness": 5.0}}, {"type": "Feature", "geometry": {"type": "LineString", "coordinates": [[-57.4719717, -25.49584], [-57.4720876, -25.4958731]]}, "properties": {"osmid": "665970213", "oneway": "True", "lanes": "2", "ref": "D071", "name": "Avenida General Ignacio Genes", "highway": "primary", "length": 12.201, "maxspeed": "40", "bridge": NaN, "access": NaN, "tunnel": NaN, "junction": NaN, "width": NaN, "service": NaN, "roughness": 5.0}}, {"type": "Feature", "geometry": {"type": "LineString", "coordinates": [[-57.4720876, -25.4958731], [-57.4722034, -25.4958896]]}, "properties": {"osmid": "665970213", "oneway": "True", "lanes": "2", "ref": "D071", "name": "Avenida General Ignacio Genes", "highway": "primary", "length": 11.766, "maxspeed": "40", "bridge": NaN, "access": NaN, "tunnel": NaN, "junction": NaN, "width": NaN, "service": NaN, "roughness": 5.0}}, {"type": "Feature", "geometry": {"type": "LineString", "coordinates": [[-57.4722034, -25.4958896], [-57.4722512, -25.4958942]]}, "properties": {"osmid": "665970213", "oneway": "True", "lanes": "2", "ref": "D071", "name": "Avenida General Ignacio Genes", "highway": "primary", "length": 4.825, "maxspeed": "40", "bridge": NaN, "access": NaN, "tunnel": NaN, "junction": NaN, "width": NaN, "service": NaN, "roughness": 5.0}}, {"type": "Feature", "geometry": {"type": "LineString", "coordinates": [[-57.4722512, -25.4958942], [-57.4724493, -25.4959134]]}, "properties": {"osmid": "665970213", "oneway": "True", "lanes": "2", "ref": "D071", "name": "Avenida General Ignacio Genes", "highway": "primary", "length": 19.997, "maxspeed": "40", "bridge": NaN, "access": NaN, "tunnel": NaN, "junction": NaN, "width": NaN, "service": NaN, "roughness": 5.0}}, {"type": "Feature", "geometry": {"type": "LineString", "coordinates": [[-57.4724493, -25.4959134], [-57.4725854, -25.4959245]]}, "properties": {"osmid": "665970213", "oneway": "True", "lanes": "2", "ref": "D071", "name": "Avenida General Ignacio Genes", "highway": "primary", "length": 13.716, "maxspeed": "40", "bridge": NaN, "access": NaN, "tunnel": NaN, "junction": NaN, "width": NaN, "service": NaN, "roughness": 5.0}}, {"type": "Feature", "geometry": {"type": "LineString", "coordinates": [[-57.4725854, -25.4959245], [-57.4726697, -25.495952]]}, "properties": {"osmid": "665970213", "oneway": "True", "lanes": "2", "ref": "D071", "name": "Avenida General Ignacio Genes", "highway": "primary", "length": 8.997, "maxspeed": "40", "bridge": NaN, "access": NaN, "tunnel": NaN, "junction": NaN, "width": NaN, "service": NaN, "roughness": 5.0}}, {"type": "Feature", "geometry": {"type": "LineString", "coordinates": [[-57.4726697, -25.495952], [-57.4727865, -25.4960033]]}, "properties": {"osmid": "665970213", "oneway": "True", "lanes": "2", "ref": "D071", "name": "Avenida General Ignacio Genes", "highway": "primary", "length": 13.037, "maxspeed": "40", "bridge": NaN, "access": NaN, "tunnel": NaN, "junction": NaN, "width": NaN, "service": NaN, "roughness": 5.0}}, {"type": "Feature", "geometry": {"type": "LineString", "coordinates": [[-57.4727865, -25.4960033], [-57.4729095, -25.4960629]]}, "properties": {"osmid": "665970213", "oneway": "True", "lanes": "2", "ref": "D071", "name": "Avenida General Ignacio Genes", "highway": "primary", "length": 14.011, "maxspeed": "40", "bridge": NaN, "access": NaN, "tunnel": NaN, "junction": NaN, "width": NaN, "service": NaN, "roughness": 5.0}}, {"type": "Feature", "geometry": {"type": "LineString", "coordinates": [[-57.4729095, -25.4960629], [-57.4732051, -25.4962294]]}, "properties": {"osmid": "665970213", "oneway": "True", "lanes": "2", "ref": "D071", "name": "Avenida General Ignacio Genes", "highway": "primary", "length": 34.971, "maxspeed": "40", "bridge": NaN, "access": NaN, "tunnel": NaN, "junction": NaN, "width": NaN, "service": NaN, "roughness": 5.0}}, {"type": "Feature", "geometry": {"type": "LineString", "coordinates": [[-57.4732051, -25.4962294], [-57.4732718, -25.4962654]]}, "properties": {"osmid": "665970223", "oneway": "True", "lanes": "1", "ref": "D071", "name": "Ruta Departamental 071", "highway": "primary", "length": 7.8, "maxspeed": "40", "bridge": NaN, "access": NaN, "tunnel": NaN, "junction": NaN, "width": NaN, "service": NaN, "roughness": 5.0}}, {"type": "Feature", "geometry": {"type": "LineString", "coordinates": [[-57.4732718, -25.4962654], [-57.4735129, -25.4964049]]}, "properties": {"osmid": "665970230", "oneway": "True", "lanes": "1", "ref": "D071", "name": "Ruta Departamental 071", "highway": "primary", "length": 28.743, "maxspeed": "40", "bridge": NaN, "access": NaN, "tunnel": NaN, "junction": NaN, "width": NaN, "service": NaN, "roughness": 5.0}}, {"type": "Feature", "geometry": {"type": "LineString", "coordinates": [[-57.4735129, -25.4964049], [-57.4736907, -25.4965058]]}, "properties": {"osmid": "665970215", "oneway": "True", "lanes": "1", "ref": "D071", "name": "Ruta Departamental 071", "highway": "primary", "length": 21.079, "maxspeed": "40", "bridge": NaN, "access": NaN, "tunnel": NaN, "junction": NaN, "width": NaN, "service": NaN, "roughness": 5.0}}, {"type": "Feature", "geometry": {"type": "LineString", "coordinates": [[-57.4736907, -25.4965058], [-57.4737831, -25.4965452]]}, "properties": {"osmid": "665970215", "oneway": "True", "lanes": "1", "ref": "D071", "name": "Ruta Departamental 071", "highway": "primary", "length": 10.257, "maxspeed": "40", "bridge": NaN, "access": NaN, "tunnel": NaN, "junction": NaN, "width": NaN, "service": NaN, "roughness": 5.0}}, {"type": "Feature", "geometry": {"type": "LineString", "coordinates": [[-57.4737831, -25.4965452], [-57.4738526, -25.4965683]]}, "properties": {"osmid": "665970215", "oneway": "True", "lanes": "1", "ref": "D071", "name": "Ruta Departamental 071", "highway": "primary", "length": 7.433, "maxspeed": "40", "bridge": NaN, "access": NaN, "tunnel": NaN, "junction": NaN, "width": NaN, "service": NaN, "roughness": 5.0}}, {"type": "Feature", "geometry": {"type": "LineString", "coordinates": [[-57.4738526, -25.4965683], [-57.4738796, -25.4965773]]}, "properties": {"osmid": "665970215", "oneway": "True", "lanes": "1", "ref": "D071", "name": "Ruta Departamental 071", "highway": "primary", "length": 2.889, "maxspeed": "40", "bridge": NaN, "access": NaN, "tunnel": NaN, "junction": NaN, "width": NaN, "service": NaN, "roughness": 5.0}}, {"type": "Feature", "geometry": {"type": "LineString", "coordinates": [[-57.4738796, -25.4965773], [-57.4739914, -25.4965957]]}, "properties": {"osmid": "665970215", "oneway": "True", "lanes": "1", "ref": "D071", "name": "Ruta Departamental 071", "highway": "primary", "length": 11.406, "maxspeed": "40", "bridge": NaN, "access": NaN, "tunnel": NaN, "junction": NaN, "width": NaN, "service": NaN, "roughness": 5.0}}, {"type": "Feature", "geometry": {"type": "LineString", "coordinates": [[-57.4739914, -25.4965957], [-57.4741539, -25.4966085]]}, "properties": {"osmid": "665970215", "oneway": "True", "lanes": "1", "ref": "D071", "name": "Ruta Departamental 071", "highway": "primary", "length": 16.371, "maxspeed": "40", "bridge": NaN, "access": NaN, "tunnel": NaN, "junction": NaN, "width": NaN, "service": NaN, "roughness": 5.0}}, {"type": "Feature", "geometry": {"type": "LineString", "coordinates": [[-57.4741539, -25.4966085], [-57.4743409, -25.4966177]]}, "properties": {"osmid": "665970215", "oneway": "True", "lanes": "1", "ref": "D071", "name": "Ruta Departamental 071", "highway": "primary", "length": 18.796, "maxspeed": "40", "bridge": NaN, "access": NaN, "tunnel": NaN, "junction": NaN, "width": NaN, "service": NaN, "roughness": 5.0}}, {"type": "Feature", "geometry": {"type": "LineString", "coordinates": [[-57.4743409, -25.4966177], [-57.4744892, -25.4966287]]}, "properties": {"osmid": "665970215", "oneway": "True", "lanes": "1", "ref": "D071", "name": "Ruta Departamental 071", "highway": "primary", "length": 14.934, "maxspeed": "40", "bridge": NaN, "access": NaN, "tunnel": NaN, "junction": NaN, "width": NaN, "service": NaN, "roughness": 5.0}}, {"type": "Feature", "geometry": {"type": "LineString", "coordinates": [[-57.4744892, -25.4966287], [-57.474658, -25.4966179]]}, "properties": {"osmid": "665970215", "oneway": "True", "lanes": "1", "ref": "D071", "name": "Ruta Departamental 071", "highway": "primary", "length": 16.984, "maxspeed": "40", "bridge": NaN, "access": NaN, "tunnel": NaN, "junction": NaN, "width": NaN, "service": NaN, "roughness": 5.0}}, {"type": "Feature", "geometry": {"type": "LineString", "coordinates": [[-57.474658, -25.4966179], [-57.4747196, -25.4966313]]}, "properties": {"osmid": "443657036", "oneway": "False", "lanes": "2", "ref": "D071", "name": "Ruta Departamental 071", "highway": "primary", "length": 6.36, "maxspeed": "40", "bridge": NaN, "access": NaN, "tunnel": NaN, "junction": NaN, "width": NaN, "service": NaN, "roughness": 5.0}}, {"type": "Feature", "geometry": {"type": "LineString", "coordinates": [[-57.4747196, -25.4966313], [-57.474989, -25.4967032]]}, "properties": {"osmid": "443657036", "oneway": "False", "lanes": "2", "ref": "D071", "name": "Ruta Departamental 071", "highway": "primary", "length": 28.196, "maxspeed": "40", "bridge": NaN, "access": NaN, "tunnel": NaN, "junction": NaN, "width": NaN, "service": NaN, "roughness": 5.0}}, {"type": "Feature", "geometry": {"type": "LineString", "coordinates": [[-57.474989, -25.4967032], [-57.4785912, -25.4977006]]}, "properties": {"osmid": "443657036", "oneway": "False", "lanes": "2", "ref": "D071", "name": "Ruta Departamental 071", "highway": "primary", "length": 378.165, "maxspeed": "40", "bridge": NaN, "access": NaN, "tunnel": NaN, "junction": NaN, "width": NaN, "service": NaN, "roughness": 5.0}}, {"type": "Feature", "geometry": {"type": "LineString", "coordinates": [[-57.4785912, -25.4977006], [-57.4789318, -25.4978023]]}, "properties": {"osmid": "443657037", "oneway": "False", "lanes": "2", "ref": "D071", "name": "Ruta Departamental 071", "highway": "primary", "length": 36.006, "maxspeed": "50", "bridge": NaN, "access": NaN, "tunnel": NaN, "junction": NaN, "width": NaN, "service": NaN, "roughness": 5.0}}, {"type": "Feature", "geometry": {"type": "LineString", "coordinates": [[-57.4789318, -25.4978023], [-57.4790525, -25.497904]]}, "properties": {"osmid": "443657038", "oneway": "False", "lanes": "2", "ref": "D072", "name": "Ruta Departamental 72", "highway": "primary", "length": 16.572, "maxspeed": "50", "bridge": NaN, "access": NaN, "tunnel": NaN, "junction": NaN, "width": NaN, "service": NaN, "roughness": 5.0}}, {"type": "Feature", "geometry": {"type": "LineString", "coordinates": [[-57.4790525, -25.497904], [-57.4791679, -25.4979911]]}, "properties": {"osmid": "443657038", "oneway": "False", "lanes": "2", "ref": "D072", "name": "Ruta Departamental 72", "highway": "primary", "length": 15.098, "maxspeed": "50", "bridge": NaN, "access": NaN, "tunnel": NaN, "junction": NaN, "width": NaN, "service": NaN, "roughness": 5.0}}, {"type": "Feature", "geometry": {"type": "LineString", "coordinates": [[-57.4791679, -25.4979911], [-57.4792644, -25.4981146]]}, "properties": {"osmid": "443657038", "oneway": "False", "lanes": "2", "ref": "D072", "name": "Ruta Departamental 72", "highway": "primary", "length": 16.804, "maxspeed": "50", "bridge": NaN, "access": NaN, "tunnel": NaN, "junction": NaN, "width": NaN, "service": NaN, "roughness": 5.0}}, {"type": "Feature", "geometry": {"type": "LineString", "coordinates": [[-57.4792644, -25.4981146], [-57.4797339, -25.4988586]]}, "properties": {"osmid": "443657038", "oneway": "False", "lanes": "2", "ref": "D072", "name": "Ruta Departamental 72", "highway": "primary", "length": 95.208, "maxspeed": "50", "bridge": NaN, "access": NaN, "tunnel": NaN, "junction": NaN, "width": NaN, "service": NaN, "roughness": 5.0}}, {"type": "Feature", "geometry": {"type": "LineString", "coordinates": [[-57.4797339, -25.4988586], [-57.4799858, -25.4992673]]}, "properties": {"osmid": "443657038", "oneway": "False", "lanes": "2", "ref": "D072", "name": "Ruta Departamental 72", "highway": "primary", "length": 52.004, "maxspeed": "50", "bridge": NaN, "access": NaN, "tunnel": NaN, "junction": NaN, "width": NaN, "service": NaN, "roughness": 5.0}}, {"type": "Feature", "geometry": {"type": "LineString", "coordinates": [[-57.4799858, -25.4992673], [-57.4815255, -25.5017182]]}, "properties": {"osmid": "443657038", "oneway": "False", "lanes": "2", "ref": "D072", "name": "Ruta Departamental 72", "highway": "primary", "length": 313.29, "maxspeed": "50", "bridge": NaN, "access": NaN, "tunnel": NaN, "junction": NaN, "width": NaN, "service": NaN, "roughness": 5.0}}, {"type": "Feature", "geometry": {"type": "LineString", "coordinates": [[-57.4815255, -25.5017182], [-57.4831572, -25.5043559]]}, "properties": {"osmid": "443657038", "oneway": "False", "lanes": "2", "ref": "D072", "name": "Ruta Departamental 72", "highway": "primary", "length": 335.918, "maxspeed": "50", "bridge": NaN, "access": NaN, "tunnel": NaN, "junction": NaN, "width": NaN, "service": NaN, "roughness": 5.0}}, {"type": "Feature", "geometry": {"type": "LineString", "coordinates": [[-57.4831572, -25.5043559], [-57.4838319, -25.5054161]]}, "properties": {"osmid": "443657038", "oneway": "False", "lanes": "2", "ref": "D072", "name": "Ruta Departamental 72", "highway": "primary", "length": 135.951, "maxspeed": "50", "bridge": NaN, "access": NaN, "tunnel": NaN, "junction": NaN, "width": NaN, "service": NaN, "roughness": 5.0}}, {"type": "Feature", "geometry": {"type": "LineString", "coordinates": [[-57.4838319, -25.5054161], [-57.4845623, -25.5065638]]}, "properties": {"osmid": "443657038", "oneway": "False", "lanes": "2", "ref": "D072", "name": "Ruta Departamental 72", "highway": "primary", "length": 147.172, "maxspeed": "50", "bridge": NaN, "access": NaN, "tunnel": NaN, "junction": NaN, "width": NaN, "service": NaN, "roughness": 5.0}}, {"type": "Feature", "geometry": {"type": "LineString", "coordinates": [[-57.4845623, -25.5065638], [-57.4849382, -25.5071543]]}, "properties": {"osmid": "443657038", "oneway": "False", "lanes": "2", "ref": "D072", "name": "Ruta Departamental 72", "highway": "primary", "length": 75.726, "maxspeed": "50", "bridge": NaN, "access": NaN, "tunnel": NaN, "junction": NaN, "width": NaN, "service": NaN, "roughness": 5.0}}, {"type": "Feature", "geometry": {"type": "LineString", "coordinates": [[-57.4849382, -25.5071543], [-57.4852575, -25.5076375]]}, "properties": {"osmid": "443657038", "oneway": "False", "lanes": "2", "ref": "D072", "name": "Ruta Departamental 72", "highway": "primary", "length": 62.559, "maxspeed": "50", "bridge": NaN, "access": NaN, "tunnel": NaN, "junction": NaN, "width": NaN, "service": NaN, "roughness": 5.0}}, {"type": "Feature", "geometry": {"type": "LineString", "coordinates": [[-57.4852575, -25.5076375], [-57.4853029, -25.5077063]]}, "properties": {"osmid": "443657041", "oneway": "False", "lanes": "2", "ref": NaN, "name": "Ruta a Nueva Italia", "highway": "primary", "length": 8.904, "maxspeed": NaN, "bridge": NaN, "access": NaN, "tunnel": NaN, "junction": NaN, "width": NaN, "service": NaN, "roughness": 5.0}}, {"type": "Feature", "geometry": {"type": "LineString", "coordinates": [[-57.4853029, -25.5077063], [-57.4855969, -25.5080519]]}, "properties": {"osmid": "166959490", "oneway": "False", "lanes": "2", "ref": "D072", "name": "Ruta Departamental 72", "highway": "primary", "length": 48.449, "maxspeed": "60", "bridge": NaN, "access": NaN, "tunnel": NaN, "junction": NaN, "width": NaN, "service": NaN, "roughness": 5.0}}, {"type": "Feature", "geometry": {"type": "LineString", "coordinates": [[-57.4855969, -25.5080519], [-57.4863435, -25.5089327]]}, "properties": {"osmid": "166959490", "oneway": "False", "lanes": "2", "ref": "D072", "name": "Ruta Departamental 72", "highway": "primary", "length": 123.314, "maxspeed": "60", "bridge": NaN, "access": NaN, "tunnel": NaN, "junction": NaN, "width": NaN, "service": NaN, "roughness": 5.0}}, {"type": "Feature", "geometry": {"type": "LineString", "coordinates": [[-57.4863435, -25.5089327], [-57.4875174, -25.5103178]]}, "properties": {"osmid": "166959490", "oneway": "False", "lanes": "2", "ref": "D072", "name": "Ruta Departamental 72", "highway": "primary", "length": 193.906, "maxspeed": "60", "bridge": NaN, "access": NaN, "tunnel": NaN, "junction": NaN, "width": NaN, "service": NaN, "roughness": 5.0}}, {"type": "Feature", "geometry": {"type": "LineString", "coordinates": [[-57.4875174, -25.5103178], [-57.4878779, -25.5107564]]}, "properties": {"osmid": "166959490", "oneway": "False", "lanes": "2", "ref": "D072", "name": "Ruta Departamental 72", "highway": "primary", "length": 60.724, "maxspeed": "60", "bridge": NaN, "access": NaN, "tunnel": NaN, "junction": NaN, "width": NaN, "service": NaN, "roughness": 5.0}}, {"type": "Feature", "geometry": {"type": "LineString", "coordinates": [[-57.4878779, -25.5107564], [-57.4882105, -25.5112308]]}, "properties": {"osmid": "166959490", "oneway": "False", "lanes": "2", "ref": "D072", "name": "Ruta Departamental 72", "highway": "primary", "length": 62.424, "maxspeed": "60", "bridge": NaN, "access": NaN, "tunnel": NaN, "junction": NaN, "width": NaN, "service": NaN, "roughness": 5.0}}, {"type": "Feature", "geometry": {"type": "LineString", "coordinates": [[-57.4882105, -25.5112308], [-57.4886546, -25.5119445]]}, "properties": {"osmid": "166959490", "oneway": "False", "lanes": "2", "ref": "D072", "name": "Ruta Departamental 72", "highway": "primary", "length": 91.018, "maxspeed": "60", "bridge": NaN, "access": NaN, "tunnel": NaN, "junction": NaN, "width": NaN, "service": NaN, "roughness": 5.0}}, {"type": "Feature", "geometry": {"type": "LineString", "coordinates": [[-57.4886546, -25.5119445], [-57.488837, -25.5122543]]}, "properties": {"osmid": "166959490", "oneway": "False", "lanes": "2", "ref": "D072", "name": "Ruta Departamental 72", "highway": "primary", "length": 39.009, "maxspeed": "60", "bridge": NaN, "access": NaN, "tunnel": NaN, "junction": NaN, "width": NaN, "service": NaN, "roughness": 5.0}}, {"type": "Feature", "geometry": {"type": "LineString", "coordinates": [[-57.488837, -25.5122543], [-57.488998, -25.5126126]]}, "properties": {"osmid": "166959490", "oneway": "False", "lanes": "2", "ref": "D072", "name": "Ruta Departamental 72", "highway": "primary", "length": 42.993, "maxspeed": "60", "bridge": NaN, "access": NaN, "tunnel": NaN, "junction": NaN, "width": NaN, "service": NaN, "roughness": 5.0}}, {"type": "Feature", "geometry": {"type": "LineString", "coordinates": [[-57.488998, -25.5126126], [-57.4890661, -25.5128036]]}, "properties": {"osmid": "166959490", "oneway": "False", "lanes": "2", "ref": "D072", "name": "Ruta Departamental 72", "highway": "primary", "length": 22.311, "maxspeed": "60", "bridge": NaN, "access": NaN, "tunnel": NaN, "junction": NaN, "width": NaN, "service": NaN, "roughness": 5.0}}, {"type": "Feature", "geometry": {"type": "LineString", "coordinates": [[-57.4890661, -25.5128036], [-57.4891052, -25.5129131]]}, "properties": {"osmid": "166959490", "oneway": "False", "lanes": "2", "ref": "D072", "name": "Ruta Departamental 72", "highway": "primary", "length": 12.792, "maxspeed": "60", "bridge": NaN, "access": NaN, "tunnel": NaN, "junction": NaN, "width": NaN, "service": NaN, "roughness": 5.0}}, {"type": "Feature", "geometry": {"type": "LineString", "coordinates": [[-57.4891052, -25.5129131], [-57.4895118, -25.5143079]]}, "properties": {"osmid": "166959490", "oneway": "False", "lanes": "2", "ref": "D072", "name": "Ruta Departamental 72", "highway": "primary", "length": 160.372, "maxspeed": "60", "bridge": NaN, "access": NaN, "tunnel": NaN, "junction": NaN, "width": NaN, "service": NaN, "roughness": 5.0}}, {"type": "Feature", "geometry": {"type": "LineString", "coordinates": [[-57.4895118, -25.5143079], [-57.4905107, -25.5177346]]}, "properties": {"osmid": "166959490", "oneway": "False", "lanes": "2", "ref": "D072", "name": "Ruta Departamental 72", "highway": "primary", "length": 393.997, "maxspeed": "60", "bridge": NaN, "access": NaN, "tunnel": NaN, "junction": NaN, "width": NaN, "service": NaN, "roughness": 5.0}}, {"type": "Feature", "geometry": {"type": "LineString", "coordinates": [[-57.4905107, -25.5177346], [-57.4907468, -25.5184027]]}, "properties": {"osmid": "166959490", "oneway": "False", "lanes": "2", "ref": "D072", "name": "Ruta Departamental 72", "highway": "primary", "length": 77.976, "maxspeed": "60", "bridge": NaN, "access": NaN, "tunnel": NaN, "junction": NaN, "width": NaN, "service": NaN, "roughness": 5.0}}, {"type": "Feature", "geometry": {"type": "LineString", "coordinates": [[-57.4907468, -25.5184027], [-57.4909291, -25.5187512]]}, "properties": {"osmid": "166959490", "oneway": "False", "lanes": "2", "ref": "D072", "name": "Ruta Departamental 72", "highway": "primary", "length": 42.852, "maxspeed": "60", "bridge": NaN, "access": NaN, "tunnel": NaN, "junction": NaN, "width": NaN, "service": NaN, "roughness": 5.0}}, {"type": "Feature", "geometry": {"type": "LineString", "coordinates": [[-57.4909291, -25.5187512], [-57.4912188, -25.5191772]]}, "properties": {"osmid": "166959490", "oneway": "False", "lanes": "2", "ref": "D072", "name": "Ruta Departamental 72", "highway": "primary", "length": 55.578, "maxspeed": "60", "bridge": NaN, "access": NaN, "tunnel": NaN, "junction": NaN, "width": NaN, "service": NaN, "roughness": 5.0}}]}