{"type": "FeatureCollection", "features": [{"type": "Feature", "geometry": {"type": "LineString", "coordinates": [[-57.3479453, -25.1243826], [-57.3474438, -25.1245725]]}, "properties": {"osmid": "267253365", "oneway": "True", "lanes": "2", "ref": "PY03", "name": "Comercio", "highway": "trunk", "length": 54.726, "maxspeed": "40", "bridge": NaN, "access": NaN, "tunnel": NaN, "junction": NaN, "width": NaN, "service": NaN, "roughness": 9.0}}, {"type": "Feature", "geometry": {"type": "LineString", "coordinates": [[-57.3474438, -25.1245725], [-57.3472144, -25.1246461]]}, "properties": {"osmid": "267253365", "oneway": "True", "lanes": "2", "ref": "PY03", "name": "Comercio", "highway": "trunk", "length": 24.502, "maxspeed": "40", "bridge": NaN, "access": NaN, "tunnel": NaN, "junction": NaN, "width": NaN, "service": NaN, "roughness": 9.0}}, {"type": "Feature", "geometry": {"type": "LineString", "coordinates": [[-57.3472144, -25.1246461], [-57.347136, -25.1246651]]}, "properties": {"osmid": "267253365", "oneway": "True", "lanes": "2", "ref": "PY03", "name": "Comercio", "highway": "trunk", "length": 8.171, "maxspeed": "40", "bridge": NaN, "access": NaN, "tunnel": NaN, "junction": NaN, "width": NaN, "service": NaN, "roughness": 9.0}}, {"type": "Feature", "geometry": {"type": "LineString", "coordinates": [[-57.347136, -25.1246651], [-57.3469748, -25.1247042]]}, "properties": {"osmid": "267253365", "oneway": "True", "lanes": "2", "ref": "PY03", "name": "Comercio", "highway": "trunk", "length": 16.801, "maxspeed": "40", "bridge": NaN, "access": NaN, "tunnel": NaN, "junction": NaN, "width": NaN, "service": NaN, "roughness": 9.0}}, {"type": "Feature", "geometry": {"type": "LineString", "coordinates": [[-57.3469748, -25.1247042], [-57.3467377, -25.1247475]]}, "properties": {"osmid": "267253365", "oneway": "True", "lanes": "2", "ref": "PY03", "name": "Comercio", "highway": "trunk", "length": 24.351, "maxspeed": "40", "bridge": NaN, "access": NaN, "tunnel": NaN, "junction": NaN, "width": NaN, "service": NaN, "roughness": 9.0}}, {"type": "Feature", "geometry": {"type": "LineString", "coordinates": [[-57.3467377, -25.1247475], [-57.3464457, -25.1247861]]}, "properties": {"osmid": "267253365", "oneway": "True", "lanes": "2", "ref": "PY03", "name": "Comercio", "highway": "trunk", "length": 29.709, "maxspeed": "40", "bridge": NaN, "access": NaN, "tunnel": NaN, "junction": NaN, "width": NaN, "service": NaN, "roughness": 9.0}}, {"type": "Feature", "geometry": {"type": "LineString", "coordinates": [[-57.3464457, -25.1247861], [-57.3459335, -25.1248338]]}, "properties": {"osmid": "267253365", "oneway": "True", "lanes": "2", "ref": "PY03", "name": "Comercio", "highway": "trunk", "length": 51.837, "maxspeed": "40", "bridge": NaN, "access": NaN, "tunnel": NaN, "junction": NaN, "width": NaN, "service": NaN, "roughness": 9.0}}, {"type": "Feature", "geometry": {"type": "LineString", "coordinates": [[-57.3459335, -25.1248338], [-57.344904, -25.1249297]]}, "properties": {"osmid": "267253365", "oneway": "True", "lanes": "2", "ref": "PY03", "name": "Comercio", "highway": "trunk", "length": 104.191, "maxspeed": "40", "bridge": NaN, "access": NaN, "tunnel": NaN, "junction": NaN, "width": NaN, "service": NaN, "roughness": 9.0}}, {"type": "Feature", "geometry": {"type": "LineString", "coordinates": [[-57.344904, -25.1249297], [-57.3447689, -25.12499]]}, "properties": {"osmid": "267253361", "oneway": "True", "lanes": "1", "ref": NaN, "name": NaN, "highway": "trunk_link", "length": 15.164, "maxspeed": NaN, "bridge": NaN, "access": NaN, "tunnel": NaN, "junction": NaN, "width": NaN, "service": NaN, "roughness": 9.0}}, {"type": "Feature", "geometry": {"type": "LineString", "coordinates": [[-57.3447689, -25.12499], [-57.3447172, -25.1250438]]}, "properties": {"osmid": "267253361", "oneway": "True", "lanes": "1", "ref": NaN, "name": NaN, "highway": "trunk_link", "length": 7.93, "maxspeed": NaN, "bridge": NaN, "access": NaN, "tunnel": NaN, "junction": NaN, "width": NaN, "service": NaN, "roughness": 9.0}}, {"type": "Feature", "geometry": {"type": "LineString", "coordinates": [[-57.3447172, -25.1250438], [-57.3446992, -25.1251138]]}, "properties": {"osmid": "267253361", "oneway": "True", "lanes": "1", "ref": NaN, "name": NaN, "highway": "trunk_link", "length": 7.992, "maxspeed": NaN, "bridge": NaN, "access": NaN, "tunnel": NaN, "junction": NaN, "width": NaN, "service": NaN, "roughness": 9.0}}, {"type": "Feature", "geometry": {"type": "LineString", "coordinates": [[-57.3446992, -25.1251138], [-57.344726, -25.1255194]]}, "properties": {"osmid": "267253361", "oneway": "True", "lanes": "1", "ref": NaN, "name": NaN, "highway": "trunk_link", "length": 45.181, "maxspeed": NaN, "bridge": NaN, "access": NaN, "tunnel": NaN, "junction": NaN, "width": NaN, "service": NaN, "roughness": 9.0}}, {"type": "Feature", "geometry": {"type": "LineString", "coordinates": [[-57.344726, -25.1255194], [-57.3447636, -25.1255971]]}, "properties": {"osmid": "267253361", "oneway": "True", "lanes": "1", "ref": NaN, "name": NaN, "highway": "trunk_link", "length": 9.433, "maxspeed": NaN, "bridge": NaN, "access": NaN, "tunnel": NaN, "junction": NaN, "width": NaN, "service": NaN, "roughness": 9.0}}, {"type": "Feature", "geometry": {"type": "LineString", "coordinates": [[-57.3447636, -25.1255971], [-57.3448226, -25.1256651]]}, "properties": {"osmid": "267253361", "oneway": "True", "lanes": "1", "ref": NaN, "name": NaN, "highway": "trunk_link", "length": 9.615, "maxspeed": NaN, "bridge": NaN, "access": NaN, "tunnel": NaN, "junction": NaN, "width": NaN, "service": NaN, "roughness": 9.0}}, {"type": "Feature", "geometry": {"type": "LineString", "coordinates": [[-57.3448226, -25.1256651], [-57.3449657, -25.1257631]]}, "properties": {"osmid": "267253361", "oneway": "True", "lanes": "1", "ref": NaN, "name": NaN, "highway": "trunk_link", "length": 18.064, "maxspeed": NaN, "bridge": NaN, "access": NaN, "tunnel": NaN, "junction": NaN, "width": NaN, "service": NaN, "roughness": 9.0}}, {"type": "Feature", "geometry": {"type": "LineString", "coordinates": [[-57.3449657, -25.1257631], [-57.3444, -25.1256241]]}, "properties": {"osmid": "117069686", "oneway": "True", "lanes": "2", "ref": "PY03", "name": "Altos", "highway": "trunk", "length": 59.011, "maxspeed": "40", "bridge": NaN, "access": NaN, "tunnel": NaN, "junction": NaN, "width": NaN, "service": NaN, "roughness": 9.0}}, {"type": "Feature", "geometry": {"type": "LineString", "coordinates": [[-57.3444, -25.1256241], [-57.344167, -25.1256817]]}, "properties": {"osmid": "267253370", "oneway": "True", "lanes": "1", "ref": NaN, "name": NaN, "highway": "primary", "length": 24.316, "maxspeed": NaN, "bridge": NaN, "access": NaN, "tunnel": NaN, "junction": NaN, "width": NaN, "service": NaN, "roughness": 9.0}}, {"type": "Feature", "geometry": {"type": "LineString", "coordinates": [[-57.344167, -25.1256817], [-57.3437675, -25.1258109]]}, "properties": {"osmid": "267253370", "oneway": "True", "lanes": "1", "ref": NaN, "name": NaN, "highway": "primary", "length": 42.708, "maxspeed": NaN, "bridge": NaN, "access": NaN, "tunnel": NaN, "junction": NaN, "width": NaN, "service": NaN, "roughness": 9.0}}, {"type": "Feature", "geometry": {"type": "LineString", "coordinates": [[-57.3437675, -25.1258109], [-57.3435261, -25.1259068]]}, "properties": {"osmid": "267253370", "oneway": "True", "lanes": "1", "ref": NaN, "name": NaN, "highway": "primary", "length": 26.539, "maxspeed": NaN, "bridge": NaN, "access": NaN, "tunnel": NaN, "junction": NaN, "width": NaN, "service": NaN, "roughness": 9.0}}, {"type": "Feature", "geometry": {"type": "LineString", "coordinates": [[-57.3435261, -25.1259068], [-57.3434794, -25.1259281]]}, "properties": {"osmid": "267253370", "oneway": "True", "lanes": "1", "ref": NaN, "name": NaN, "highway": "primary", "length": 5.264, "maxspeed": NaN, "bridge": NaN, "access": NaN, "tunnel": NaN, "junction": NaN, "width": NaN, "service": NaN, "roughness": 9.0}}, {"type": "Feature", "geometry": {"type": "LineString", "coordinates": [[-57.3434794, -25.1259281], [-57.3426347, -25.1263123]]}, "properties": {"osmid": "267253370", "oneway": "True", "lanes": "1", "ref": NaN, "name": NaN, "highway": "primary", "length": 95.167, "maxspeed": NaN, "bridge": NaN, "access": NaN, "tunnel": NaN, "junction": NaN, "width": NaN, "service": NaN, "roughness": 9.0}}, {"type": "Feature", "geometry": {"type": "LineString", "coordinates": [[-57.3426347, -25.1263123], [-57.3430107, -25.1277953]]}, "properties": {"osmid": "580244807", "oneway": "False", "lanes": "2", "ref": "D037", "name": "Ruta Departamental 037", "highway": "primary", "length": 169.191, "maxspeed": "60", "bridge": NaN, "access": NaN, "tunnel": NaN, "junction": NaN, "width": NaN, "service": NaN, "roughness": 9.0}}, {"type": "Feature", "geometry": {"type": "LineString", "coordinates": [[-57.3430107, -25.1277953], [-57.3430547, -25.1279689]]}, "properties": {"osmid": "580244807", "oneway": "False", "lanes": "2", "ref": "D037", "name": "Ruta Departamental 037", "highway": "primary", "length": 19.805, "maxspeed": "60", "bridge": NaN, "access": NaN, "tunnel": NaN, "junction": NaN, "width": NaN, "service": NaN, "roughness": 9.0}}, {"type": "Feature", "geometry": {"type": "LineString", "coordinates": [[-57.3430547, -25.1279689], [-57.3430883, -25.1282448]]}, "properties": {"osmid": "580244807", "oneway": "False", "lanes": "2", "ref": "D037", "name": "Ruta Departamental 037", "highway": "primary", "length": 30.865, "maxspeed": "60", "bridge": NaN, "access": NaN, "tunnel": NaN, "junction": NaN, "width": NaN, "service": NaN, "roughness": 9.0}}, {"type": "Feature", "geometry": {"type": "LineString", "coordinates": [[-57.3430883, -25.1282448], [-57.343106, -25.1284932]]}, "properties": {"osmid": "580244807", "oneway": "False", "lanes": "2", "ref": "D037", "name": "Ruta Departamental 037", "highway": "primary", "length": 27.678, "maxspeed": "60", "bridge": NaN, "access": NaN, "tunnel": NaN, "junction": NaN, "width": NaN, "service": NaN, "roughness": 9.0}}, {"type": "Feature", "geometry": {"type": "LineString", "coordinates": [[-57.343106, -25.1284932], [-57.3431526, -25.1296537]]}, "properties": {"osmid": "580244807", "oneway": "False", "lanes": "2", "ref": "D037", "name": "Ruta Departamental 037", "highway": "primary", "length": 129.127, "maxspeed": "60", "bridge": NaN, "access": NaN, "tunnel": NaN, "junction": NaN, "width": NaN, "service": NaN, "roughness": 9.0}}, {"type": "Feature", "geometry": {"type": "LineString", "coordinates": [[-57.3431526, -25.1296537], [-57.3431467, -25.1297617]]}, "properties": {"osmid": "580244807", "oneway": "False", "lanes": "2", "ref": "D037", "name": "Ruta Departamental 037", "highway": "primary", "length": 12.024, "maxspeed": "60", "bridge": NaN, "access": NaN, "tunnel": NaN, "junction": NaN, "width": NaN, "service": NaN, "roughness": 9.0}}, {"type": "Feature", "geometry": {"type": "LineString", "coordinates": [[-57.3431467, -25.1297617], [-57.3431368, -25.1299444]]}, "properties": {"osmid": "580244807", "oneway": "False", "lanes": "2", "ref": "D037", "name": "Ruta Departamental 037", "highway": "primary", "length": 20.34, "maxspeed": "60", "bridge": NaN, "access": NaN, "tunnel": NaN, "junction": NaN, "width": NaN, "service": NaN, "roughness": 9.0}}, {"type": "Feature", "geometry": {"type": "LineString", "coordinates": [[-57.3431368, -25.1299444], [-57.3430834, -25.1302698]]}, "properties": {"osmid": "580244807", "oneway": "False", "lanes": "2", "ref": "D037", "name": "Ruta Departamental 037", "highway": "primary", "length": 36.58, "maxspeed": "60", "bridge": NaN, "access": NaN, "tunnel": NaN, "junction": NaN, "width": NaN, "service": NaN, "roughness": 9.0}}, {"type": "Feature", "geometry": {"type": "LineString", "coordinates": [[-57.3430834, -25.1302698], [-57.3428442, -25.1313791]]}, "properties": {"osmid": "580244807", "oneway": "False", "lanes": "2", "ref": "D037", "name": "Ruta Departamental 037", "highway": "primary", "length": 125.677, "maxspeed": "60", "bridge": NaN, "access": NaN, "tunnel": NaN, "junction": NaN, "width": NaN, "service": NaN, "roughness": 9.0}}, {"type": "Feature", "geometry": {"type": "LineString", "coordinates": [[-57.3428442, -25.1313791], [-57.341965, -25.1354555]]}, "properties": {"osmid": "580244807", "oneway": "False", "lanes": "2", "ref": "D037", "name": "Ruta Departamental 037", "highway": "primary", "length": 461.836, "maxspeed": "60", "bridge": NaN, "access": NaN, "tunnel": NaN, "junction": NaN, "width": NaN, "service": NaN, "roughness": 9.0}}, {"type": "Feature", "geometry": {"type": "LineString", "coordinates": [[-57.341965, -25.1354555], [-57.341391, -25.137976]]}, "properties": {"osmid": "580244807", "oneway": "False", "lanes": "2", "ref": "D037", "name": "Ruta Departamental 037", "highway": "primary", "length": 286.162, "maxspeed": "60", "bridge": NaN, "access": NaN, "tunnel": NaN, "junction": NaN, "width": NaN, "service": NaN, "roughness": 9.0}}, {"type": "Feature", "geometry": {"type": "LineString", "coordinates": [[-57.341391, -25.137976], [-57.3411872, -25.1383645]]}, "properties": {"osmid": "580244807", "oneway": "False", "lanes": "2", "ref": "D037", "name": "Ruta Departamental 037", "highway": "primary", "length": 47.823, "maxspeed": "60", "bridge": NaN, "access": NaN, "tunnel": NaN, "junction": NaN, "width": NaN, "service": NaN, "roughness": 9.0}}, {"type": "Feature", "geometry": {"type": "LineString", "coordinates": [[-57.3411872, -25.1383645], [-57.3408814, -25.138787]]}, "properties": {"osmid": "580244807", "oneway": "False", "lanes": "2", "ref": "D037", "name": "Ruta Departamental 037", "highway": "primary", "length": 56.167, "maxspeed": "60", "bridge": NaN, "access": NaN, "tunnel": NaN, "junction": NaN, "width": NaN, "service": NaN, "roughness": 9.0}}, {"type": "Feature", "geometry": {"type": "LineString", "coordinates": [[-57.3408814, -25.138787], [-57.3379739, -25.1423612]]}, "properties": {"osmid": "580244807", "oneway": "False", "lanes": "2", "ref": "D037", "name": "Ruta Departamental 037", "highway": "primary", "length": 493.569, "maxspeed": "60", "bridge": NaN, "access": NaN, "tunnel": NaN, "junction": NaN, "width": NaN, "service": NaN, "roughness": 9.0}}, {"type": "Feature", "geometry": {"type": "LineString", "coordinates": [[-57.3379739, -25.1423612], [-57.3365577, -25.1444008]]}, "properties": {"osmid": "580244807", "oneway": "False", "lanes": "2", "ref": "D037", "name": "Ruta Departamental 037", "highway": "primary", "length": 267.874, "maxspeed": "60", "bridge": NaN, "access": NaN, "tunnel": NaN, "junction": NaN, "width": NaN, "service": NaN, "roughness": 9.0}}, {"type": "Feature", "geometry": {"type": "LineString", "coordinates": [[-57.3365577, -25.1444008], [-57.3361429, -25.1448659]]}, "properties": {"osmid": "580244807", "oneway": "False", "lanes": "2", "ref": "D037", "name": "Ruta Departamental 037", "highway": "primary", "length": 66.468, "maxspeed": "60", "bridge": NaN, "access": NaN, "tunnel": NaN, "junction": NaN, "width": NaN, "service": NaN, "roughness": 9.0}}, {"type": "Feature", "geometry": {"type": "LineString", "coordinates": [[-57.3361429, -25.1448659], [-57.3317285, -25.149816]]}, "properties": {"osmid": "572471122", "oneway": "False", "lanes": "2", "ref": "D037", "name": "Ruta Departamental 037", "highway": "primary", "length": 707.392, "maxspeed": "60", "bridge": NaN, "access": NaN, "tunnel": NaN, "junction": NaN, "width": NaN, "service": NaN, "roughness": 9.0}}, {"type": "Feature", "geometry": {"type": "LineString", "coordinates": [[-57.3317285, -25.149816], [-57.3305408, -25.1511478]]}, "properties": {"osmid": "572471122", "oneway": "False", "lanes": "2", "ref": "D037", "name": "Ruta Departamental 037", "highway": "primary", "length": 190.32, "maxspeed": "60", "bridge": NaN, "access": NaN, "tunnel": NaN, "junction": NaN, "width": NaN, "service": NaN, "roughness": 9.0}}, {"type": "Feature", "geometry": {"type": "LineString", "coordinates": [[-57.3305408, -25.1511478], [-57.3289187, -25.1529666]]}, "properties": {"osmid": "572471122", "oneway": "False", "lanes": "2", "ref": "D037", "name": "Ruta Departamental 037", "highway": "primary", "length": 259.919, "maxspeed": "60", "bridge": NaN, "access": NaN, "tunnel": NaN, "junction": NaN, "width": NaN, "service": NaN, "roughness": 9.0}}, {"type": "Feature", "geometry": {"type": "LineString", "coordinates": [[-57.3289187, -25.1529666], [-57.3284574, -25.1535153]]}, "properties": {"osmid": "572471122", "oneway": "False", "lanes": "2", "ref": "D037", "name": "Ruta Departamental 037", "highway": "primary", "length": 76.67, "maxspeed": "60", "bridge": NaN, "access": NaN, "tunnel": NaN, "junction": NaN, "width": NaN, "service": NaN, "roughness": 9.0}}, {"type": "Feature", "geometry": {"type": "LineString", "coordinates": [[-57.3284574, -25.1535153], [-57.3282267, -25.1538892]]}, "properties": {"osmid": "572471122", "oneway": "False", "lanes": "2", "ref": "D037", "name": "Ruta Departamental 037", "highway": "primary", "length": 47.621, "maxspeed": "60", "bridge": NaN, "access": NaN, "tunnel": NaN, "junction": NaN, "width": NaN, "service": NaN, "roughness": 9.0}}, {"type": "Feature", "geometry": {"type": "LineString", "coordinates": [[-57.3282267, -25.1538892], [-57.3280175, -25.1543845]]}, "properties": {"osmid": "572471122", "oneway": "False", "lanes": "2", "ref": "D037", "name": "Ruta Departamental 037", "highway": "primary", "length": 58.963, "maxspeed": "60", "bridge": NaN, "access": NaN, "tunnel": NaN, "junction": NaN, "width": NaN, "service": NaN, "roughness": 9.0}}, {"type": "Feature", "geometry": {"type": "LineString", "coordinates": [[-57.3280175, -25.1543845], [-57.327186, -25.1568026]]}, "properties": {"osmid": "572471122", "oneway": "False", "lanes": "2", "ref": "D037", "name": "Ruta Departamental 037", "highway": "primary", "length": 281.604, "maxspeed": "60", "bridge": NaN, "access": NaN, "tunnel": NaN, "junction": NaN, "width": NaN, "service": NaN, "roughness": 9.0}}, {"type": "Feature", "geometry": {"type": "LineString", "coordinates": [[-57.327186, -25.1568026], [-57.3262794, -25.1586768]]}, "properties": {"osmid": "572471122", "oneway": "False", "lanes": "2", "ref": "D037", "name": "Ruta Departamental 037", "highway": "primary", "length": 227.502, "maxspeed": "60", "bridge": NaN, "access": NaN, "tunnel": NaN, "junction": NaN, "width": NaN, "service": NaN, "roughness": 9.0}}, {"type": "Feature", "geometry": {"type": "LineString", "coordinates": [[-57.3262794, -25.1586768], [-57.3261453, -25.1595654]]}, "properties": {"osmid": "572471122", "oneway": "False", "lanes": "2", "ref": "D037", "name": "Ruta Departamental 037", "highway": "primary", "length": 99.725, "maxspeed": "60", "bridge": NaN, "access": NaN, "tunnel": NaN, "junction": NaN, "width": NaN, "service": NaN, "roughness": 9.0}}, {"type": "Feature", "geometry": {"type": "LineString", "coordinates": [[-57.3261453, -25.1595654], [-57.32614, -25.1620999]]}, "properties": {"osmid": "572471122", "oneway": "False", "lanes": "2", "ref": "D037", "name": "Ruta Departamental 037", "highway": "primary", "length": 281.824, "maxspeed": "60", "bridge": NaN, "access": NaN, "tunnel": NaN, "junction": NaN, "width": NaN, "service": NaN, "roughness": 9.0}}, {"type": "Feature", "geometry": {"type": "LineString", "coordinates": [[-57.32614, -25.1620999], [-57.3260327, -25.1628234]]}, "properties": {"osmid": "572471122", "oneway": "False", "lanes": "2", "ref": "D037", "name": "Ruta Departamental 037", "highway": "primary", "length": 81.171, "maxspeed": "60", "bridge": NaN, "access": NaN, "tunnel": NaN, "junction": NaN, "width": NaN, "service": NaN, "roughness": 9.0}}, {"type": "Feature", "geometry": {"type": "LineString", "coordinates": [[-57.3260327, -25.1628234], [-57.3250407, -25.1654317]]}, "properties": {"osmid": "572471122", "oneway": "False", "lanes": "2", "ref": "D037", "name": "Ruta Departamental 037", "highway": "primary", "length": 306.733, "maxspeed": "60", "bridge": NaN, "access": NaN, "tunnel": NaN, "junction": NaN, "width": NaN, "service": NaN, "roughness": 9.0}}, {"type": "Feature", "geometry": {"type": "LineString", "coordinates": [[-57.3250407, -25.1654317], [-57.3237743, -25.1687613]]}, "properties": {"osmid": "572471122", "oneway": "False", "lanes": "2", "ref": "D037", "name": "Ruta Departamental 037", "highway": "primary", "length": 391.558, "maxspeed": "60", "bridge": NaN, "access": NaN, "tunnel": NaN, "junction": NaN, "width": NaN, "service": NaN, "roughness": 9.0}}, {"type": "Feature", "geometry": {"type": "LineString", "coordinates": [[-57.3237743, -25.1687613], [-57.3234309, -25.169577]]}, "properties": {"osmid": "572471122", "oneway": "False", "lanes": "2", "ref": "D037", "name": "Ruta Departamental 037", "highway": "primary", "length": 97.063, "maxspeed": "60", "bridge": NaN, "access": NaN, "tunnel": NaN, "junction": NaN, "width": NaN, "service": NaN, "roughness": 9.0}}, {"type": "Feature", "geometry": {"type": "LineString", "coordinates": [[-57.3234309, -25.169577], [-57.3228623, -25.1706402]]}, "properties": {"osmid": "572471122", "oneway": "False", "lanes": "2", "ref": "D037", "name": "Ruta Departamental 037", "highway": "primary", "length": 131.343, "maxspeed": "60", "bridge": NaN, "access": NaN, "tunnel": NaN, "junction": NaN, "width": NaN, "service": NaN, "roughness": 9.0}}, {"type": "Feature", "geometry": {"type": "LineString", "coordinates": [[-57.3228623, -25.1706402], [-57.3216659, -25.1723638]]}, "properties": {"osmid": "572471122", "oneway": "False", "lanes": "2", "ref": "D037", "name": "Ruta Departamental 037", "highway": "primary", "length": 226.337, "maxspeed": "60", "bridge": NaN, "access": NaN, "tunnel": NaN, "junction": NaN, "width": NaN, "service": NaN, "roughness": 9.0}}, {"type": "Feature", "geometry": {"type": "LineString", "coordinates": [[-57.3216659, -25.1723638], [-57.3199977, -25.1747669]]}, "properties": {"osmid": "572471122", "oneway": "False", "lanes": "2", "ref": "D037", "name": "Ruta Departamental 037", "highway": "primary", "length": 315.572, "maxspeed": "60", "bridge": NaN, "access": NaN, "tunnel": NaN, "junction": NaN, "width": NaN, "service": NaN, "roughness": 9.0}}, {"type": "Feature", "geometry": {"type": "LineString", "coordinates": [[-57.3199977, -25.1747669], [-57.3198475, -25.1750971]]}, "properties": {"osmid": "572471122", "oneway": "False", "lanes": "2", "ref": "D037", "name": "Ruta Departamental 037", "highway": "primary", "length": 39.706, "maxspeed": "60", "bridge": NaN, "access": NaN, "tunnel": NaN, "junction": NaN, "width": NaN, "service": NaN, "roughness": 9.0}}, {"type": "Feature", "geometry": {"type": "LineString", "coordinates": [[-57.3198475, -25.1750971], [-57.3198103, -25.1753548]]}, "properties": {"osmid": "572471122", "oneway": "False", "lanes": "2", "ref": "D037", "name": "Ruta Departamental 037", "highway": "primary", "length": 28.898, "maxspeed": "60", "bridge": NaN, "access": NaN, "tunnel": NaN, "junction": NaN, "width": NaN, "service": NaN, "roughness": 9.0}}, {"type": "Feature", "geometry": {"type": "LineString", "coordinates": [[-57.3198103, -25.1753548], [-57.3197831, -25.1755437]]}, "properties": {"osmid": "572471122", "oneway": "False", "lanes": "2", "ref": "D037", "name": "Ruta Departamental 037", "highway": "primary", "length": 21.182, "maxspeed": "60", "bridge": NaN, "access": NaN, "tunnel": NaN, "junction": NaN, "width": NaN, "service": NaN, "roughness": 9.0}}, {"type": "Feature", "geometry": {"type": "LineString", "coordinates": [[-57.3197831, -25.1755437], [-57.3201747, -25.1771458]]}, "properties": {"osmid": "572471122", "oneway": "False", "lanes": "2", "ref": "D037", "name": "Ruta Departamental 037", "highway": "primary", "length": 182.452, "maxspeed": "60", "bridge": NaN, "access": NaN, "tunnel": NaN, "junction": NaN, "width": NaN, "service": NaN, "roughness": 9.0}}, {"type": "Feature", "geometry": {"type": "LineString", "coordinates": [[-57.3201747, -25.1771458], [-57.3202368, -25.1780082]]}, "properties": {"osmid": "572471122", "oneway": "False", "lanes": "2", "ref": "D037", "name": "Ruta Departamental 037", "highway": "primary", "length": 96.098, "maxspeed": "60", "bridge": NaN, "access": NaN, "tunnel": NaN, "junction": NaN, "width": NaN, "service": NaN, "roughness": 9.0}}, {"type": "Feature", "geometry": {"type": "LineString", "coordinates": [[-57.3202368, -25.1780082], [-57.3203464, -25.1795295]]}, "properties": {"osmid": "572471122", "oneway": "False", "lanes": "2", "ref": "D037", "name": "Ruta Departamental 037", "highway": "primary", "length": 169.52, "maxspeed": "60", "bridge": NaN, "access": NaN, "tunnel": NaN, "junction": NaN, "width": NaN, "service": NaN, "roughness": 9.0}}, {"type": "Feature", "geometry": {"type": "LineString", "coordinates": [[-57.3203464, -25.1795295], [-57.320223, -25.1804664]]}, "properties": {"osmid": "572471122", "oneway": "False", "lanes": "2", "ref": "D037", "name": "Ruta Departamental 037", "highway": "primary", "length": 104.916, "maxspeed": "60", "bridge": NaN, "access": NaN, "tunnel": NaN, "junction": NaN, "width": NaN, "service": NaN, "roughness": 9.0}}, {"type": "Feature", "geometry": {"type": "LineString", "coordinates": [[-57.320223, -25.1804664], [-57.3199065, -25.18185]]}, "properties": {"osmid": "572471122", "oneway": "False", "lanes": "2", "ref": "D037", "name": "Ruta Departamental 037", "highway": "primary", "length": 157.111, "maxspeed": "60", "bridge": NaN, "access": NaN, "tunnel": NaN, "junction": NaN, "width": NaN, "service": NaN, "roughness": 9.0}}, {"type": "Feature", "geometry": {"type": "LineString", "coordinates": [[-57.3199065, -25.18185], [-57.3197402, -25.1833501]]}, "properties": {"osmid": "572471122", "oneway": "False", "lanes": "2", "ref": "D037", "name": "Ruta Departamental 037", "highway": "primary", "length": 167.641, "maxspeed": "60", "bridge": NaN, "access": NaN, "tunnel": NaN, "junction": NaN, "width": NaN, "service": NaN, "roughness": 9.0}}, {"type": "Feature", "geometry": {"type": "LineString", "coordinates": [[-57.3197402, -25.1833501], [-57.3196061, -25.1838404]]}, "properties": {"osmid": "572471122", "oneway": "False", "lanes": "2", "ref": "D037", "name": "Ruta Departamental 037", "highway": "primary", "length": 56.164, "maxspeed": "60", "bridge": NaN, "access": NaN, "tunnel": NaN, "junction": NaN, "width": NaN, "service": NaN, "roughness": 9.0}}, {"type": "Feature", "geometry": {"type": "LineString", "coordinates": [[-57.3196061, -25.1838404], [-57.3194216, -25.1842106]]}, "properties": {"osmid": "572471122", "oneway": "False", "lanes": "2", "ref": "D037", "name": "Ruta Departamental 037", "highway": "primary", "length": 45.157, "maxspeed": "60", "bridge": NaN, "access": NaN, "tunnel": NaN, "junction": NaN, "width": NaN, "service": NaN, "roughness": 9.0}}, {"type": "Feature", "geometry": {"type": "LineString", "coordinates": [[-57.3194216, -25.1842106], [-57.3191609, -25.1847336]]}, "properties": {"osmid": "572471122", "oneway": "False", "lanes": "2", "ref": "D037", "name": "Ruta Departamental 037", "highway": "primary", "length": 63.798, "maxspeed": "60", "bridge": NaN, "access": NaN, "tunnel": NaN, "junction": NaN, "width": NaN, "service": NaN, "roughness": 9.0}}, {"type": "Feature", "geometry": {"type": "LineString", "coordinates": [[-57.3191609, -25.1847336], [-57.3184527, -25.1856365]]}, "properties": {"osmid": "572471122", "oneway": "False", "lanes": "2", "ref": "D037", "name": "Ruta Departamental 037", "highway": "primary", "length": 123.118, "maxspeed": "60", "bridge": NaN, "access": NaN, "tunnel": NaN, "junction": NaN, "width": NaN, "service": NaN, "roughness": 9.0}}, {"type": "Feature", "geometry": {"type": "LineString", "coordinates": [[-57.3184527, -25.1856365], [-57.3182543, -25.1859958]]}, "properties": {"osmid": "572471122", "oneway": "False", "lanes": "2", "ref": "D037", "name": "Ruta Departamental 037", "highway": "primary", "length": 44.663, "maxspeed": "60", "bridge": NaN, "access": NaN, "tunnel": NaN, "junction": NaN, "width": NaN, "service": NaN, "roughness": 9.0}}, {"type": "Feature", "geometry": {"type": "LineString", "coordinates": [[-57.3182543, -25.1859958], [-57.3177661, -25.187088]]}, "properties": {"osmid": "572471122", "oneway": "False", "lanes": "2", "ref": "D037", "name": "Ruta Departamental 037", "highway": "primary", "length": 131.006, "maxspeed": "60", "bridge": NaN, "access": NaN, "tunnel": NaN, "junction": NaN, "width": NaN, "service": NaN, "roughness": 9.0}}, {"type": "Feature", "geometry": {"type": "LineString", "coordinates": [[-57.3177661, -25.187088], [-57.3176803, -25.1875637]]}, "properties": {"osmid": "572471122", "oneway": "False", "lanes": "2", "ref": "D037", "name": "Ruta Departamental 037", "highway": "primary", "length": 53.595, "maxspeed": "60", "bridge": NaN, "access": NaN, "tunnel": NaN, "junction": NaN, "width": NaN, "service": NaN, "roughness": 9.0}}, {"type": "Feature", "geometry": {"type": "LineString", "coordinates": [[-57.3176803, -25.1875637], [-57.3177446, -25.1880443]]}, "properties": {"osmid": "572471122", "oneway": "False", "lanes": "2", "ref": "D037", "name": "Ruta Departamental 037", "highway": "primary", "length": 53.831, "maxspeed": "60", "bridge": NaN, "access": NaN, "tunnel": NaN, "junction": NaN, "width": NaN, "service": NaN, "roughness": 9.0}}, {"type": "Feature", "geometry": {"type": "LineString", "coordinates": [[-57.3177446, -25.1880443], [-57.3181255, -25.1894909]]}, "properties": {"osmid": "572471122", "oneway": "False", "lanes": "2", "ref": "D037", "name": "Ruta Departamental 037", "highway": "primary", "length": 165.358, "maxspeed": "60", "bridge": NaN, "access": NaN, "tunnel": NaN, "junction": NaN, "width": NaN, "service": NaN, "roughness": 9.0}}, {"type": "Feature", "geometry": {"type": "LineString", "coordinates": [[-57.3181255, -25.1894909], [-57.3183776, -25.1907045]]}, "properties": {"osmid": "572471122", "oneway": "False", "lanes": "2", "ref": "D037", "name": "Ruta Departamental 037", "highway": "primary", "length": 137.31, "maxspeed": "60", "bridge": NaN, "access": NaN, "tunnel": NaN, "junction": NaN, "width": NaN, "service": NaN, "roughness": 9.0}}, {"type": "Feature", "geometry": {"type": "LineString", "coordinates": [[-57.3183776, -25.1907045], [-57.319315, -25.1954864]]}, "properties": {"osmid": "572471122", "oneway": "False", "lanes": "2", "ref": "D037", "name": "Ruta Departamental 037", "highway": "primary", "length": 540.024, "maxspeed": "60", "bridge": NaN, "access": NaN, "tunnel": NaN, "junction": NaN, "width": NaN, "service": NaN, "roughness": 9.0}}, {"type": "Feature", "geometry": {"type": "LineString", "coordinates": [[-57.319315, -25.1954864], [-57.3193284, -25.1956157]]}, "properties": {"osmid": "580244804", "oneway": "False", "lanes": "2", "ref": NaN, "name": "Ruta Emboscada - Nueva Colombia", "highway": "primary", "length": 14.441, "maxspeed": NaN, "bridge": NaN, "access": NaN, "tunnel": NaN, "junction": NaN, "width": NaN, "service": NaN, "roughness": 9.0}}, {"type": "Feature", "geometry": {"type": "LineString", "coordinates": [[-57.3193284, -25.1956157], [-57.3193048, -25.1957293]]}, "properties": {"osmid": "580244804", "oneway": "False", "lanes": "2", "ref": NaN, "name": "Ruta Emboscada - Nueva Colombia", "highway": "primary", "length": 12.853, "maxspeed": NaN, "bridge": NaN, "access": NaN, "tunnel": NaN, "junction": NaN, "width": NaN, "service": NaN, "roughness": 9.0}}, {"type": "Feature", "geometry": {"type": "LineString", "coordinates": [[-57.3193048, -25.1957293], [-57.319282, -25.1958339]]}, "properties": {"osmid": "580244804", "oneway": "False", "lanes": "2", "ref": NaN, "name": "Ruta Emboscada - Nueva Colombia", "highway": "primary", "length": 11.855, "maxspeed": NaN, "bridge": NaN, "access": NaN, "tunnel": NaN, "junction": NaN, "width": NaN, "service": NaN, "roughness": 9.0}}, {"type": "Feature", "geometry": {"type": "LineString", "coordinates": [[-57.319282, -25.1958339], [-57.3192007, -25.1959393]]}, "properties": {"osmid": "580244804", "oneway": "False", "lanes": "2", "ref": NaN, "name": "Ruta Emboscada - Nueva Colombia", "highway": "primary", "length": 14.292, "maxspeed": NaN, "bridge": NaN, "access": NaN, "tunnel": NaN, "junction": NaN, "width": NaN, "service": NaN, "roughness": 9.0}}, {"type": "Feature", "geometry": {"type": "LineString", "coordinates": [[-57.3192007, -25.1959393], [-57.3190356, -25.1960232]]}, "properties": {"osmid": "580244805", "oneway": "False", "lanes": "2", "ref": "D037", "name": "Ruta Emboscada - Nueva Colombia", "highway": "primary", "length": 19.052, "maxspeed": NaN, "bridge": NaN, "access": NaN, "tunnel": NaN, "junction": NaN, "width": NaN, "service": NaN, "roughness": 9.0}}, {"type": "Feature", "geometry": {"type": "LineString", "coordinates": [[-57.3190356, -25.1960232], [-57.3188981, -25.1960367]]}, "properties": {"osmid": "580244805", "oneway": "False", "lanes": "2", "ref": "D037", "name": "Ruta Emboscada - Nueva Colombia", "highway": "primary", "length": 13.916, "maxspeed": NaN, "bridge": NaN, "access": NaN, "tunnel": NaN, "junction": NaN, "width": NaN, "service": NaN, "roughness": 9.0}}, {"type": "Feature", "geometry": {"type": "LineString", "coordinates": [[-57.3188981, -25.1960367], [-57.3187751, -25.1960009]]}, "properties": {"osmid": "580244805", "oneway": "False", "lanes": "2", "ref": "D037", "name": "Ruta Emboscada - Nueva Colombia", "highway": "primary", "length": 13.0, "maxspeed": NaN, "bridge": NaN, "access": NaN, "tunnel": NaN, "junction": NaN, "width": NaN, "service": NaN, "roughness": 9.0}}, {"type": "Feature", "geometry": {"type": "LineString", "coordinates": [[-57.3187751, -25.1960009], [-57.3185653, -25.1958865]]}, "properties": {"osmid": "580244805", "oneway": "False", "lanes": "2", "ref": "D037", "name": "Ruta Emboscada - Nueva Colombia", "highway": "primary", "length": 24.646, "maxspeed": NaN, "bridge": NaN, "access": NaN, "tunnel": NaN, "junction": NaN, "width": NaN, "service": NaN, "roughness": 9.0}}, {"type": "Feature", "geometry": {"type": "LineString", "coordinates": [[-57.3185653, -25.1958865], [-57.3173911, -25.1951609]]}, "properties": {"osmid": "580244805", "oneway": "False", "lanes": "2", "ref": "D037", "name": "Ruta Emboscada - Nueva Colombia", "highway": "primary", "length": 143.065, "maxspeed": NaN, "bridge": NaN, "access": NaN, "tunnel": NaN, "junction": NaN, "width": NaN, "service": NaN, "roughness": 9.0}}, {"type": "Feature", "geometry": {"type": "LineString", "coordinates": [[-57.3173911, -25.1951609], [-57.3163026, -25.1945566]]}, "properties": {"osmid": "572687533", "oneway": "False", "lanes": "2", "ref": "D037", "name": "Ruta Departamental 037", "highway": "primary", "length": 128.492, "maxspeed": "60", "bridge": NaN, "access": NaN, "tunnel": NaN, "junction": NaN, "width": NaN, "service": NaN, "roughness": 9.0}}, {"type": "Feature", "geometry": {"type": "LineString", "coordinates": [[-57.3163026, -25.1945566], [-57.315993, -25.1943136]]}, "properties": {"osmid": "572687533", "oneway": "False", "lanes": "2", "ref": "D037", "name": "Ruta Departamental 037", "highway": "primary", "length": 41.237, "maxspeed": "60", "bridge": NaN, "access": NaN, "tunnel": NaN, "junction": NaN, "width": NaN, "service": NaN, "roughness": 9.0}}, {"type": "Feature", "geometry": {"type": "LineString", "coordinates": [[-57.315993, -25.1943136], [-57.3156431, -25.1941133]]}, "properties": {"osmid": "572687533", "oneway": "False", "lanes": "2", "ref": "D037", "name": "Ruta Departamental 037", "highway": "primary", "length": 41.66, "maxspeed": "60", "bridge": NaN, "access": NaN, "tunnel": NaN, "junction": NaN, "width": NaN, "service": NaN, "roughness": 9.0}}, {"type": "Feature", "geometry": {"type": "LineString", "coordinates": [[-57.3156431, -25.1941133], [-57.3142536, -25.1934277]]}, "properties": {"osmid": "572687533", "oneway": "False", "lanes": "2", "ref": "D037", "name": "Ruta Departamental 037", "highway": "primary", "length": 159.242, "maxspeed": "60", "bridge": NaN, "access": NaN, "tunnel": NaN, "junction": NaN, "width": NaN, "service": NaN, "roughness": 9.0}}, {"type": "Feature", "geometry": {"type": "LineString", "coordinates": [[-57.3142536, -25.1934277], [-57.3128614, -25.1927443]]}, "properties": {"osmid": "572687533", "oneway": "False", "lanes": "2", "ref": "D037", "name": "Ruta Departamental 037", "highway": "primary", "length": 159.365, "maxspeed": "60", "bridge": NaN, "access": NaN, "tunnel": NaN, "junction": NaN, "width": NaN, "service": NaN, "roughness": 9.0}}, {"type": "Feature", "geometry": {"type": "LineString", "coordinates": [[-57.3128614, -25.1927443], [-57.3120867, -25.1923666]]}, "properties": {"osmid": "572687533", "oneway": "False", "lanes": "2", "ref": "D037", "name": "Ruta Departamental 037", "highway": "primary", "length": 88.543, "maxspeed": "60", "bridge": NaN, "access": NaN, "tunnel": NaN, "junction": NaN, "width": NaN, "service": NaN, "roughness": 9.0}}, {"type": "Feature", "geometry": {"type": "LineString", "coordinates": [[-57.3120867, -25.1923666], [-57.3109527, -25.1918118]]}, "properties": {"osmid": "572687533", "oneway": "False", "lanes": "2", "ref": "D037", "name": "Ruta Departamental 037", "highway": "primary", "length": 129.711, "maxspeed": "60", "bridge": NaN, "access": NaN, "tunnel": NaN, "junction": NaN, "width": NaN, "service": NaN, "roughness": 9.0}}, {"type": "Feature", "geometry": {"type": "LineString", "coordinates": [[-57.3109527, -25.1918118], [-57.3103564, -25.1915188]]}, "properties": {"osmid": "572687533", "oneway": "False", "lanes": "2", "ref": "D037", "name": "Ruta Departamental 037", "highway": "primary", "length": 68.274, "maxspeed": "60", "bridge": NaN, "access": NaN, "tunnel": NaN, "junction": NaN, "width": NaN, "service": NaN, "roughness": 9.0}}, {"type": "Feature", "geometry": {"type": "LineString", "coordinates": [[-57.3103564, -25.1915188], [-57.3097609, -25.1912391]]}, "properties": {"osmid": "572687533", "oneway": "False", "lanes": "2", "ref": "D037", "name": "Ruta Departamental 037", "highway": "primary", "length": 67.51, "maxspeed": "60", "bridge": NaN, "access": NaN, "tunnel": NaN, "junction": NaN, "width": NaN, "service": NaN, "roughness": 9.0}}, {"type": "Feature", "geometry": {"type": "LineString", "coordinates": [[-57.3097609, -25.1912391], [-57.3092681, -25.1910037]]}, "properties": {"osmid": "572687533", "oneway": "False", "lanes": "2", "ref": "D037", "name": "Ruta Departamental 037", "highway": "primary", "length": 56.07, "maxspeed": "60", "bridge": NaN, "access": NaN, "tunnel": NaN, "junction": NaN, "width": NaN, "service": NaN, "roughness": 9.0}}, {"type": "Feature", "geometry": {"type": "LineString", "coordinates": [[-57.3092681, -25.1910037], [-57.3089898, -25.1908623]]}, "properties": {"osmid": "572687533", "oneway": "False", "lanes": "2", "ref": "D037", "name": "Ruta Departamental 037", "highway": "primary", "length": 32.115, "maxspeed": "60", "bridge": NaN, "access": NaN, "tunnel": NaN, "junction": NaN, "width": NaN, "service": NaN, "roughness": 9.0}}, {"type": "Feature", "geometry": {"type": "LineString", "coordinates": [[-57.3089898, -25.1908623], [-57.308764, -25.1907318]]}, "properties": {"osmid": "572687533", "oneway": "False", "lanes": "2", "ref": "D037", "name": "Ruta Departamental 037", "highway": "primary", "length": 26.959, "maxspeed": "60", "bridge": NaN, "access": NaN, "tunnel": NaN, "junction": NaN, "width": NaN, "service": NaN, "roughness": 9.0}}, {"type": "Feature", "geometry": {"type": "LineString", "coordinates": [[-57.308764, -25.1907318], [-57.3083809, -25.1904988]]}, "properties": {"osmid": "572687533", "oneway": "False", "lanes": "2", "ref": "D037", "name": "Ruta Departamental 037", "highway": "primary", "length": 46.445, "maxspeed": "60", "bridge": NaN, "access": NaN, "tunnel": NaN, "junction": NaN, "width": NaN, "service": NaN, "roughness": 9.0}}, {"type": "Feature", "geometry": {"type": "LineString", "coordinates": [[-57.3083809, -25.1904988], [-57.3082166, -25.1904163]]}, "properties": {"osmid": "572687533", "oneway": "False", "lanes": "2", "ref": "D037", "name": "Ruta Departamental 037", "highway": "primary", "length": 18.907, "maxspeed": "60", "bridge": NaN, "access": NaN, "tunnel": NaN, "junction": NaN, "width": NaN, "service": NaN, "roughness": 9.0}}, {"type": "Feature", "geometry": {"type": "LineString", "coordinates": [[-57.3082166, -25.1904163], [-57.3079754, -25.1902662]]}, "properties": {"osmid": "572687533", "oneway": "False", "lanes": "2", "ref": "D037", "name": "Ruta Departamental 037", "highway": "primary", "length": 29.455, "maxspeed": "60", "bridge": NaN, "access": NaN, "tunnel": NaN, "junction": NaN, "width": NaN, "service": NaN, "roughness": 9.0}}, {"type": "Feature", "geometry": {"type": "LineString", "coordinates": [[-57.3079754, -25.1902662], [-57.3071728, -25.1897475]]}, "properties": {"osmid": "572687533", "oneway": "False", "lanes": "2", "ref": "D037", "name": "Ruta Departamental 037", "highway": "primary", "length": 99.24, "maxspeed": "60", "bridge": NaN, "access": NaN, "tunnel": NaN, "junction": NaN, "width": NaN, "service": NaN, "roughness": 9.0}}, {"type": "Feature", "geometry": {"type": "LineString", "coordinates": [[-57.3071728, -25.1897475], [-57.3063597, -25.1892276]]}, "properties": {"osmid": "572687533", "oneway": "False", "lanes": "2", "ref": "D037", "name": "Ruta Departamental 037", "highway": "primary", "length": 100.178, "maxspeed": "60", "bridge": NaN, "access": NaN, "tunnel": NaN, "junction": NaN, "width": NaN, "service": NaN, "roughness": 9.0}}, {"type": "Feature", "geometry": {"type": "LineString", "coordinates": [[-57.3063597, -25.1892276], [-57.3056231, -25.1887531]]}, "properties": {"osmid": "572687533", "oneway": "False", "lanes": "2", "ref": "D037", "name": "Ruta Departamental 037", "highway": "primary", "length": 90.98, "maxspeed": "60", "bridge": NaN, "access": NaN, "tunnel": NaN, "junction": NaN, "width": NaN, "service": NaN, "roughness": 9.0}}, {"type": "Feature", "geometry": {"type": "LineString", "coordinates": [[-57.3056231, -25.1887531], [-57.3046424, -25.1881617]]}, "properties": {"osmid": "865812720", "oneway": "False", "lanes": "2", "ref": NaN, "name": "Ruta Emboscada - Nueva Colombia", "highway": "secondary", "length": 118.584, "maxspeed": NaN, "bridge": NaN, "access": NaN, "tunnel": NaN, "junction": NaN, "width": NaN, "service": NaN, "roughness": 9.0}}]}