{"type": "FeatureCollection", "features": [{"type": "Feature", "geometry": {"type": "LineString", "coordinates": [[-56.9604608, -25.3817433], [-56.9618495, -25.3819628]]}, "properties": {"osmid": "267212499", "oneway": "False", "lanes": "2", "ref": "D018", "name": "Indenpendencia Nacional", "highway": "primary", "length": 141.63, "maxspeed": "40", "bridge": NaN, "access": NaN, "tunnel": NaN, "junction": NaN, "width": NaN, "service": NaN, "roughness": 6.0}}, {"type": "Feature", "geometry": {"type": "LineString", "coordinates": [[-56.9618495, -25.3819628], [-56.9632659, -25.3822069]]}, "properties": {"osmid": "267212499", "oneway": "False", "lanes": "2", "ref": "D018", "name": "Indenpendencia Nacional", "highway": "primary", "length": 144.859, "maxspeed": "40", "bridge": NaN, "access": NaN, "tunnel": NaN, "junction": NaN, "width": NaN, "service": NaN, "roughness": 6.0}}, {"type": "Feature", "geometry": {"type": "LineString", "coordinates": [[-56.9632659, -25.3822069], [-56.9628555, -25.3834386]]}, "properties": {"osmid": "267213214", "oneway": "False", "lanes": "2", "ref": NaN, "name": "Carlos Antonio L\u00f3pez", "highway": "tertiary", "length": 143.03, "maxspeed": NaN, "bridge": NaN, "access": NaN, "tunnel": NaN, "junction": NaN, "width": NaN, "service": NaN, "roughness": 6.0}}, {"type": "Feature", "geometry": {"type": "LineString", "coordinates": [[-56.9628555, -25.3834386], [-56.9624532, -25.3846522]]}, "properties": {"osmid": "267213214", "oneway": "False", "lanes": "2", "ref": NaN, "name": "Carlos Antonio L\u00f3pez", "highway": "tertiary", "length": 140.868, "maxspeed": NaN, "bridge": NaN, "access": NaN, "tunnel": NaN, "junction": NaN, "width": NaN, "service": NaN, "roughness": 6.0}}, {"type": "Feature", "geometry": {"type": "LineString", "coordinates": [[-56.9624532, -25.3846522], [-56.9620462, -25.38588]]}, "properties": {"osmid": "267213214", "oneway": "False", "lanes": "2", "ref": NaN, "name": "Carlos Antonio L\u00f3pez", "highway": "tertiary", "length": 142.516, "maxspeed": NaN, "bridge": NaN, "access": NaN, "tunnel": NaN, "junction": NaN, "width": NaN, "service": NaN, "roughness": 6.0}}, {"type": "Feature", "geometry": {"type": "LineString", "coordinates": [[-56.9620462, -25.38588], [-56.9617084, -25.3868992]]}, "properties": {"osmid": "267213214", "oneway": "False", "lanes": "2", "ref": NaN, "name": "Carlos Antonio L\u00f3pez", "highway": "tertiary", "length": 118.302, "maxspeed": NaN, "bridge": NaN, "access": NaN, "tunnel": NaN, "junction": NaN, "width": NaN, "service": NaN, "roughness": 6.0}}, {"type": "Feature", "geometry": {"type": "LineString", "coordinates": [[-56.9617084, -25.3868992], [-56.9613958, -25.387842]]}, "properties": {"osmid": "267213214", "oneway": "False", "lanes": "2", "ref": NaN, "name": "Carlos Antonio L\u00f3pez", "highway": "tertiary", "length": 109.437, "maxspeed": NaN, "bridge": NaN, "access": NaN, "tunnel": NaN, "junction": NaN, "width": NaN, "service": NaN, "roughness": 6.0}}, {"type": "Feature", "geometry": {"type": "LineString", "coordinates": [[-56.9613958, -25.387842], [-56.9612276, -25.3883494]]}, "properties": {"osmid": "267213214", "oneway": "False", "lanes": "2", "ref": NaN, "name": "Carlos Antonio L\u00f3pez", "highway": "tertiary", "length": 58.896, "maxspeed": NaN, "bridge": NaN, "access": NaN, "tunnel": NaN, "junction": NaN, "width": NaN, "service": NaN, "roughness": 6.0}}, {"type": "Feature", "geometry": {"type": "LineString", "coordinates": [[-56.9612276, -25.3883494], [-56.9611107, -25.3884568]]}, "properties": {"osmid": "267227443", "oneway": "False", "lanes": "2", "ref": NaN, "name": "Acosta \u00d1u", "highway": "tertiary", "length": 16.749, "maxspeed": NaN, "bridge": NaN, "access": NaN, "tunnel": NaN, "junction": NaN, "width": NaN, "service": NaN, "roughness": 6.0}}, {"type": "Feature", "geometry": {"type": "LineString", "coordinates": [[-56.9611107, -25.3884568], [-56.9606931, -25.3888406]]}, "properties": {"osmid": "267227443", "oneway": "False", "lanes": "2", "ref": NaN, "name": "Acosta \u00d1u", "highway": "tertiary", "length": 59.843, "maxspeed": NaN, "bridge": NaN, "access": NaN, "tunnel": NaN, "junction": NaN, "width": NaN, "service": NaN, "roughness": 6.0}}, {"type": "Feature", "geometry": {"type": "LineString", "coordinates": [[-56.9606931, -25.3888406], [-56.9605761, -25.3889479]]}, "properties": {"osmid": "267227443", "oneway": "False", "lanes": "2", "ref": NaN, "name": "Acosta \u00d1u", "highway": "tertiary", "length": 16.748, "maxspeed": NaN, "bridge": NaN, "access": NaN, "tunnel": NaN, "junction": NaN, "width": NaN, "service": NaN, "roughness": 6.0}}, {"type": "Feature", "geometry": {"type": "LineString", "coordinates": [[-56.9605761, -25.3889479], [-56.9594123, -25.390016]]}, "properties": {"osmid": "267227443", "oneway": "False", "lanes": "2", "ref": NaN, "name": "Acosta \u00d1u", "highway": "tertiary", "length": 166.654, "maxspeed": NaN, "bridge": NaN, "access": NaN, "tunnel": NaN, "junction": NaN, "width": NaN, "service": NaN, "roughness": 6.0}}, {"type": "Feature", "geometry": {"type": "LineString", "coordinates": [[-56.9594123, -25.390016], [-56.9584474, -25.3908589]]}, "properties": {"osmid": "267227443", "oneway": "False", "lanes": "2", "ref": NaN, "name": "Acosta \u00d1u", "highway": "tertiary", "length": 134.832, "maxspeed": NaN, "bridge": NaN, "access": NaN, "tunnel": NaN, "junction": NaN, "width": NaN, "service": NaN, "roughness": 6.0}}, {"type": "Feature", "geometry": {"type": "LineString", "coordinates": [[-56.9584474, -25.3908589], [-56.9581361, -25.3911297]]}, "properties": {"osmid": "267213213", "oneway": "True", "lanes": "1", "ref": NaN, "name": "Acosta \u00d1u", "highway": "tertiary", "length": 43.412, "maxspeed": NaN, "bridge": NaN, "access": NaN, "tunnel": NaN, "junction": NaN, "width": NaN, "service": NaN, "roughness": 6.0}}, {"type": "Feature", "geometry": {"type": "LineString", "coordinates": [[-56.9581361, -25.3911297], [-56.9577353, -25.3915103]]}, "properties": {"osmid": "267213213", "oneway": "True", "lanes": "1", "ref": NaN, "name": "Acosta \u00d1u", "highway": "tertiary", "length": 58.413, "maxspeed": NaN, "bridge": NaN, "access": NaN, "tunnel": NaN, "junction": NaN, "width": NaN, "service": NaN, "roughness": 6.0}}, {"type": "Feature", "geometry": {"type": "LineString", "coordinates": [[-56.9577353, -25.3915103], [-56.956963, -25.3922438]]}, "properties": {"osmid": "267213213", "oneway": "True", "lanes": "1", "ref": NaN, "name": "Acosta \u00d1u", "highway": "tertiary", "length": 112.565, "maxspeed": NaN, "bridge": NaN, "access": NaN, "tunnel": NaN, "junction": NaN, "width": NaN, "service": NaN, "roughness": 6.0}}, {"type": "Feature", "geometry": {"type": "LineString", "coordinates": [[-56.956963, -25.3922438], [-56.9562315, -25.3928754]]}, "properties": {"osmid": "267207247", "oneway": "False", "lanes": "2", "ref": "PY02", "name": "Ruta Nacional Mariscal Estigarribia", "highway": "trunk", "length": 101.646, "maxspeed": NaN, "bridge": NaN, "access": NaN, "tunnel": NaN, "junction": NaN, "width": NaN, "service": NaN, "roughness": 6.0}}, {"type": "Feature", "geometry": {"type": "LineString", "coordinates": [[-56.9562315, -25.3928754], [-56.9504984, -25.3980504]]}, "properties": {"osmid": "267207247", "oneway": "False", "lanes": "2", "ref": "PY02", "name": "Ruta Nacional Mariscal Estigarribia", "highway": "trunk", "length": 814.11, "maxspeed": NaN, "bridge": NaN, "access": NaN, "tunnel": NaN, "junction": NaN, "width": NaN, "service": NaN, "roughness": 6.0}}, {"type": "Feature", "geometry": {"type": "LineString", "coordinates": [[-56.9504984, -25.3980504], [-56.9502175, -25.3983216]]}, "properties": {"osmid": "267207247", "oneway": "False", "lanes": "2", "ref": "PY02", "name": "Ruta Nacional Mariscal Estigarribia", "highway": "trunk", "length": 41.298, "maxspeed": NaN, "bridge": NaN, "access": NaN, "tunnel": NaN, "junction": NaN, "width": NaN, "service": NaN, "roughness": 6.0}}, {"type": "Feature", "geometry": {"type": "LineString", "coordinates": [[-56.9502175, -25.3983216], [-56.9485232, -25.3998557]]}, "properties": {"osmid": "267207247", "oneway": "False", "lanes": "2", "ref": "PY02", "name": "Ruta Nacional Mariscal Estigarribia", "highway": "trunk", "length": 240.962, "maxspeed": NaN, "bridge": NaN, "access": NaN, "tunnel": NaN, "junction": NaN, "width": NaN, "service": NaN, "roughness": 6.0}}, {"type": "Feature", "geometry": {"type": "LineString", "coordinates": [[-56.9485232, -25.3998557], [-56.9454285, -25.402658]]}, "properties": {"osmid": "267207247", "oneway": "False", "lanes": "2", "ref": "PY02", "name": "Ruta Nacional Mariscal Estigarribia", "highway": "trunk", "length": 440.139, "maxspeed": NaN, "bridge": NaN, "access": NaN, "tunnel": NaN, "junction": NaN, "width": NaN, "service": NaN, "roughness": 6.0}}, {"type": "Feature", "geometry": {"type": "LineString", "coordinates": [[-56.9454285, -25.402658], [-56.9433183, -25.4045688]]}, "properties": {"osmid": "267207247", "oneway": "False", "lanes": "2", "ref": "PY02", "name": "Ruta Nacional Mariscal Estigarribia", "highway": "trunk", "length": 300.116, "maxspeed": NaN, "bridge": NaN, "access": NaN, "tunnel": NaN, "junction": NaN, "width": NaN, "service": NaN, "roughness": 6.0}}, {"type": "Feature", "geometry": {"type": "LineString", "coordinates": [[-56.9433183, -25.4045688], [-56.9404602, -25.4071568]]}, "properties": {"osmid": "267207247", "oneway": "False", "lanes": "2", "ref": "PY02", "name": "Ruta Nacional Mariscal Estigarribia", "highway": "trunk", "length": 406.477, "maxspeed": NaN, "bridge": NaN, "access": NaN, "tunnel": NaN, "junction": NaN, "width": NaN, "service": NaN, "roughness": 6.0}}, {"type": "Feature", "geometry": {"type": "LineString", "coordinates": [[-56.9404602, -25.4071568], [-56.9392227, -25.4082606]]}, "properties": {"osmid": "267207247", "oneway": "False", "lanes": "2", "ref": "PY02", "name": "Ruta Nacional Mariscal Estigarribia", "highway": "trunk", "length": 174.681, "maxspeed": NaN, "bridge": NaN, "access": NaN, "tunnel": NaN, "junction": NaN, "width": NaN, "service": NaN, "roughness": 6.0}}, {"type": "Feature", "geometry": {"type": "LineString", "coordinates": [[-56.9392227, -25.4082606], [-56.9375759, -25.4097685]]}, "properties": {"osmid": "267207247", "oneway": "False", "lanes": "2", "ref": "PY02", "name": "Ruta Nacional Mariscal Estigarribia", "highway": "trunk", "length": 235.524, "maxspeed": NaN, "bridge": NaN, "access": NaN, "tunnel": NaN, "junction": NaN, "width": NaN, "service": NaN, "roughness": 6.0}}, {"type": "Feature", "geometry": {"type": "LineString", "coordinates": [[-56.9375759, -25.4097685], [-56.9341127, -25.4128509]]}, "properties": {"osmid": "267207247", "oneway": "False", "lanes": "2", "ref": "PY02", "name": "Ruta Nacional Mariscal Estigarribia", "highway": "trunk", "length": 488.328, "maxspeed": NaN, "bridge": NaN, "access": NaN, "tunnel": NaN, "junction": NaN, "width": NaN, "service": NaN, "roughness": 6.0}}, {"type": "Feature", "geometry": {"type": "LineString", "coordinates": [[-56.9341127, -25.4128509], [-56.9334077, -25.4135038]]}, "properties": {"osmid": "267207247", "oneway": "False", "lanes": "2", "ref": "PY02", "name": "Ruta Nacional Mariscal Estigarribia", "highway": "trunk", "length": 101.411, "maxspeed": NaN, "bridge": NaN, "access": NaN, "tunnel": NaN, "junction": NaN, "width": NaN, "service": NaN, "roughness": 6.0}}, {"type": "Feature", "geometry": {"type": "LineString", "coordinates": [[-56.9334077, -25.4135038], [-56.930544, -25.4161011]]}, "properties": {"osmid": "267207247", "oneway": "False", "lanes": "2", "ref": "PY02", "name": "Ruta Nacional Mariscal Estigarribia", "highway": "trunk", "length": 407.591, "maxspeed": NaN, "bridge": NaN, "access": NaN, "tunnel": NaN, "junction": NaN, "width": NaN, "service": NaN, "roughness": 6.0}}, {"type": "Feature", "geometry": {"type": "LineString", "coordinates": [[-56.930544, -25.4161011], [-56.9305313, -25.416118]]}, "properties": {"osmid": "267207247", "oneway": "False", "lanes": "2", "ref": "PY02", "name": "Ruta Nacional Mariscal Estigarribia", "highway": "trunk", "length": 2.271, "maxspeed": NaN, "bridge": NaN, "access": NaN, "tunnel": NaN, "junction": NaN, "width": NaN, "service": NaN, "roughness": 6.0}}, {"type": "Feature", "geometry": {"type": "LineString", "coordinates": [[-56.9305313, -25.416118], [-56.9250521, -25.4210243]]}, "properties": {"osmid": "267207247", "oneway": "False", "lanes": "2", "ref": "PY02", "name": "Ruta Nacional Mariscal Estigarribia", "highway": "trunk", "length": 774.882, "maxspeed": NaN, "bridge": NaN, "access": NaN, "tunnel": NaN, "junction": NaN, "width": NaN, "service": NaN, "roughness": 6.0}}, {"type": "Feature", "geometry": {"type": "LineString", "coordinates": [[-56.9250521, -25.4210243], [-56.9179687, -25.4273666]]}, "properties": {"osmid": "267207247", "oneway": "False", "lanes": "2", "ref": "PY02", "name": "Ruta Nacional Mariscal Estigarribia", "highway": "trunk", "length": 1001.691, "maxspeed": NaN, "bridge": NaN, "access": NaN, "tunnel": NaN, "junction": NaN, "width": NaN, "service": NaN, "roughness": 6.0}}, {"type": "Feature", "geometry": {"type": "LineString", "coordinates": [[-56.9179687, -25.4273666], [-56.9144982, -25.4305334]]}, "properties": {"osmid": "267207247", "oneway": "False", "lanes": "2", "ref": "PY02", "name": "Ruta Nacional Mariscal Estigarribia", "highway": "trunk", "length": 495.44, "maxspeed": NaN, "bridge": NaN, "access": NaN, "tunnel": NaN, "junction": NaN, "width": NaN, "service": NaN, "roughness": 6.0}}, {"type": "Feature", "geometry": {"type": "LineString", "coordinates": [[-56.9144982, -25.4305334], [-56.9140852, -25.4309323]]}, "properties": {"osmid": "267207247", "oneway": "False", "lanes": "2", "ref": "PY02", "name": "Ruta Nacional Mariscal Estigarribia", "highway": "trunk", "length": 60.725, "maxspeed": NaN, "bridge": NaN, "access": NaN, "tunnel": NaN, "junction": NaN, "width": NaN, "service": NaN, "roughness": 6.0}}, {"type": "Feature", "geometry": {"type": "LineString", "coordinates": [[-56.9140852, -25.4309323], [-56.9137298, -25.4313238]]}, "properties": {"osmid": "267207247", "oneway": "False", "lanes": "2", "ref": "PY02", "name": "Ruta Nacional Mariscal Estigarribia", "highway": "trunk", "length": 56.293, "maxspeed": NaN, "bridge": NaN, "access": NaN, "tunnel": NaN, "junction": NaN, "width": NaN, "service": NaN, "roughness": 6.0}}, {"type": "Feature", "geometry": {"type": "LineString", "coordinates": [[-56.9137298, -25.4313238], [-56.9133121, -25.4318244]]}, "properties": {"osmid": "267207247", "oneway": "False", "lanes": "2", "ref": "PY02", "name": "Ruta Nacional Mariscal Estigarribia", "highway": "trunk", "length": 69.699, "maxspeed": NaN, "bridge": NaN, "access": NaN, "tunnel": NaN, "junction": NaN, "width": NaN, "service": NaN, "roughness": 6.0}}, {"type": "Feature", "geometry": {"type": "LineString", "coordinates": [[-56.9133121, -25.4318244], [-56.9102023, -25.4356148]]}, "properties": {"osmid": "267207247", "oneway": "False", "lanes": "2", "ref": "PY02", "name": "Ruta Nacional Mariscal Estigarribia", "highway": "trunk", "length": 524.557, "maxspeed": NaN, "bridge": NaN, "access": NaN, "tunnel": NaN, "junction": NaN, "width": NaN, "service": NaN, "roughness": 6.0}}, {"type": "Feature", "geometry": {"type": "LineString", "coordinates": [[-56.9102023, -25.4356148], [-56.9094477, -25.4365454]]}, "properties": {"osmid": "267207247", "oneway": "False", "lanes": "2", "ref": "PY02", "name": "Ruta Nacional Mariscal Estigarribia", "highway": "trunk", "length": 128.255, "maxspeed": NaN, "bridge": NaN, "access": NaN, "tunnel": NaN, "junction": NaN, "width": NaN, "service": NaN, "roughness": 6.0}}, {"type": "Feature", "geometry": {"type": "LineString", "coordinates": [[-56.9094477, -25.4365454], [-56.9081336, -25.4381761]]}, "properties": {"osmid": "267207247", "oneway": "False", "lanes": "2", "ref": "PY02", "name": "Ruta Nacional Mariscal Estigarribia", "highway": "trunk", "length": 224.257, "maxspeed": NaN, "bridge": NaN, "access": NaN, "tunnel": NaN, "junction": NaN, "width": NaN, "service": NaN, "roughness": 6.0}}, {"type": "Feature", "geometry": {"type": "LineString", "coordinates": [[-56.9081336, -25.4381761], [-56.9070718, -25.439531]]}, "properties": {"osmid": "267207247", "oneway": "False", "lanes": "2", "ref": "PY02", "name": "Ruta Nacional Mariscal Estigarribia", "highway": "trunk", "length": 184.569, "maxspeed": NaN, "bridge": NaN, "access": NaN, "tunnel": NaN, "junction": NaN, "width": NaN, "service": NaN, "roughness": 6.0}}, {"type": "Feature", "geometry": {"type": "LineString", "coordinates": [[-56.9070718, -25.439531], [-56.9068766, -25.4397935]]}, "properties": {"osmid": "267207247", "oneway": "False", "lanes": "2", "ref": "PY02", "name": "Ruta Nacional Mariscal Estigarribia", "highway": "trunk", "length": 35.159, "maxspeed": NaN, "bridge": NaN, "access": NaN, "tunnel": NaN, "junction": NaN, "width": NaN, "service": NaN, "roughness": 6.0}}, {"type": "Feature", "geometry": {"type": "LineString", "coordinates": [[-56.9068766, -25.4397935], [-56.9066362, -25.4401468]]}, "properties": {"osmid": "267207247", "oneway": "False", "lanes": "2", "ref": "PY02", "name": "Ruta Nacional Mariscal Estigarribia", "highway": "trunk", "length": 46.109, "maxspeed": NaN, "bridge": NaN, "access": NaN, "tunnel": NaN, "junction": NaN, "width": NaN, "service": NaN, "roughness": 6.0}}, {"type": "Feature", "geometry": {"type": "LineString", "coordinates": [[-56.9066362, -25.4401468], [-56.9064642, -25.4404239]]}, "properties": {"osmid": "267207247", "oneway": "False", "lanes": "2", "ref": "PY02", "name": "Ruta Nacional Mariscal Estigarribia", "highway": "trunk", "length": 35.322, "maxspeed": NaN, "bridge": NaN, "access": NaN, "tunnel": NaN, "junction": NaN, "width": NaN, "service": NaN, "roughness": 6.0}}, {"type": "Feature", "geometry": {"type": "LineString", "coordinates": [[-56.9064642, -25.4404239], [-56.9062602, -25.4407703]]}, "properties": {"osmid": "267207247", "oneway": "False", "lanes": "2", "ref": "PY02", "name": "Ruta Nacional Mariscal Estigarribia", "highway": "trunk", "length": 43.626, "maxspeed": NaN, "bridge": NaN, "access": NaN, "tunnel": NaN, "junction": NaN, "width": NaN, "service": NaN, "roughness": 6.0}}, {"type": "Feature", "geometry": {"type": "LineString", "coordinates": [[-56.9062602, -25.4407703], [-56.906092, -25.441059]]}, "properties": {"osmid": "267207247", "oneway": "False", "lanes": "2", "ref": "PY02", "name": "Ruta Nacional Mariscal Estigarribia", "highway": "trunk", "length": 36.274, "maxspeed": NaN, "bridge": NaN, "access": NaN, "tunnel": NaN, "junction": NaN, "width": NaN, "service": NaN, "roughness": 6.0}}, {"type": "Feature", "geometry": {"type": "LineString", "coordinates": [[-56.906092, -25.441059], [-56.9059609, -25.4412839]]}, "properties": {"osmid": "267207247", "oneway": "False", "lanes": "2", "ref": "PY02", "name": "Ruta Nacional Mariscal Estigarribia", "highway": "trunk", "length": 28.261, "maxspeed": NaN, "bridge": NaN, "access": NaN, "tunnel": NaN, "junction": NaN, "width": NaN, "service": NaN, "roughness": 6.0}}, {"type": "Feature", "geometry": {"type": "LineString", "coordinates": [[-56.9059609, -25.4412839], [-56.9005124, -25.45096]]}, "properties": {"osmid": "267207247", "oneway": "False", "lanes": "2", "ref": "PY02", "name": "Ruta Nacional Mariscal Estigarribia", "highway": "trunk", "length": 1207.031, "maxspeed": NaN, "bridge": NaN, "access": NaN, "tunnel": NaN, "junction": NaN, "width": NaN, "service": NaN, "roughness": 6.0}}, {"type": "Feature", "geometry": {"type": "LineString", "coordinates": [[-56.9005124, -25.45096], [-56.9002924, -25.451342]]}, "properties": {"osmid": "267207247", "oneway": "False", "lanes": "2", "ref": "PY02", "name": "Ruta Nacional Mariscal Estigarribia", "highway": "trunk", "length": 47.877, "maxspeed": NaN, "bridge": NaN, "access": NaN, "tunnel": NaN, "junction": NaN, "width": NaN, "service": NaN, "roughness": 6.0}}, {"type": "Feature", "geometry": {"type": "LineString", "coordinates": [[-56.9002924, -25.451342], [-56.900061, -25.4517377]]}, "properties": {"osmid": "267207247", "oneway": "False", "lanes": "2", "ref": "PY02", "name": "Ruta Nacional Mariscal Estigarribia", "highway": "trunk", "length": 49.757, "maxspeed": NaN, "bridge": NaN, "access": NaN, "tunnel": NaN, "junction": NaN, "width": NaN, "service": NaN, "roughness": 6.0}}, {"type": "Feature", "geometry": {"type": "LineString", "coordinates": [[-56.900061, -25.4517377], [-56.8998442, -25.4520622]]}, "properties": {"osmid": "267207247", "oneway": "False", "lanes": "2", "ref": "PY02", "name": "Ruta Nacional Mariscal Estigarribia", "highway": "trunk", "length": 42.14, "maxspeed": NaN, "bridge": NaN, "access": NaN, "tunnel": NaN, "junction": NaN, "width": NaN, "service": NaN, "roughness": 6.0}}, {"type": "Feature", "geometry": {"type": "LineString", "coordinates": [[-56.8998442, -25.4520622], [-56.8996535, -25.4523047]]}, "properties": {"osmid": "267207247", "oneway": "False", "lanes": "2", "ref": "PY02", "name": "Ruta Nacional Mariscal Estigarribia", "highway": "trunk", "length": 33.071, "maxspeed": NaN, "bridge": NaN, "access": NaN, "tunnel": NaN, "junction": NaN, "width": NaN, "service": NaN, "roughness": 6.0}}, {"type": "Feature", "geometry": {"type": "LineString", "coordinates": [[-56.8996535, -25.4523047], [-56.8994253, -25.4525502]]}, "properties": {"osmid": "267207247", "oneway": "False", "lanes": "2", "ref": "PY02", "name": "Ruta Nacional Mariscal Estigarribia", "highway": "trunk", "length": 35.639, "maxspeed": NaN, "bridge": NaN, "access": NaN, "tunnel": NaN, "junction": NaN, "width": NaN, "service": NaN, "roughness": 6.0}}, {"type": "Feature", "geometry": {"type": "LineString", "coordinates": [[-56.8994253, -25.4525502], [-56.8993489, -25.4526232]]}, "properties": {"osmid": "267207247", "oneway": "False", "lanes": "2", "ref": "PY02", "name": "Ruta Nacional Mariscal Estigarribia", "highway": "trunk", "length": 11.168, "maxspeed": NaN, "bridge": NaN, "access": NaN, "tunnel": NaN, "junction": NaN, "width": NaN, "service": NaN, "roughness": 6.0}}, {"type": "Feature", "geometry": {"type": "LineString", "coordinates": [[-56.8993489, -25.4526232], [-56.8991056, -25.4528554]]}, "properties": {"osmid": "267207247", "oneway": "False", "lanes": "2", "ref": "PY02", "name": "Ruta Nacional Mariscal Estigarribia", "highway": "trunk", "length": 35.544, "maxspeed": NaN, "bridge": NaN, "access": NaN, "tunnel": NaN, "junction": NaN, "width": NaN, "service": NaN, "roughness": 6.0}}, {"type": "Feature", "geometry": {"type": "LineString", "coordinates": [[-56.8991056, -25.4528554], [-56.8988387, -25.4530646]]}, "properties": {"osmid": "267207247", "oneway": "False", "lanes": "2", "ref": "PY02", "name": "Ruta Nacional Mariscal Estigarribia", "highway": "trunk", "length": 35.485, "maxspeed": NaN, "bridge": NaN, "access": NaN, "tunnel": NaN, "junction": NaN, "width": NaN, "service": NaN, "roughness": 6.0}}, {"type": "Feature", "geometry": {"type": "LineString", "coordinates": [[-56.8988387, -25.4530646], [-56.8985782, -25.4532669]]}, "properties": {"osmid": "267207247", "oneway": "False", "lanes": "2", "ref": "PY02", "name": "Ruta Nacional Mariscal Estigarribia", "highway": "trunk", "length": 34.498, "maxspeed": NaN, "bridge": NaN, "access": NaN, "tunnel": NaN, "junction": NaN, "width": NaN, "service": NaN, "roughness": 6.0}}, {"type": "Feature", "geometry": {"type": "LineString", "coordinates": [[-56.8985782, -25.4532669], [-56.8982634, -25.4534965]]}, "properties": {"osmid": "267207247", "oneway": "False", "lanes": "2", "ref": "PY02", "name": "Ruta Nacional Mariscal Estigarribia", "highway": "trunk", "length": 40.63, "maxspeed": NaN, "bridge": NaN, "access": NaN, "tunnel": NaN, "junction": NaN, "width": NaN, "service": NaN, "roughness": 6.0}}, {"type": "Feature", "geometry": {"type": "LineString", "coordinates": [[-56.8982634, -25.4534965], [-56.8975746, -25.453977]]}, "properties": {"osmid": "267207247", "oneway": "False", "lanes": "2", "ref": "PY02", "name": "Ruta Nacional Mariscal Estigarribia", "highway": "trunk", "length": 87.392, "maxspeed": NaN, "bridge": NaN, "access": NaN, "tunnel": NaN, "junction": NaN, "width": NaN, "service": NaN, "roughness": 6.0}}, {"type": "Feature", "geometry": {"type": "LineString", "coordinates": [[-56.8975746, -25.453977], [-56.8956388, -25.4552782]]}, "properties": {"osmid": "267207247", "oneway": "False", "lanes": "2", "ref": "PY02", "name": "Ruta Nacional Mariscal Estigarribia", "highway": "trunk", "length": 242.299, "maxspeed": NaN, "bridge": NaN, "access": NaN, "tunnel": NaN, "junction": NaN, "width": NaN, "service": NaN, "roughness": 6.0}}, {"type": "Feature", "geometry": {"type": "LineString", "coordinates": [[-56.8956388, -25.4552782], [-56.8925049, -25.4574101]]}, "properties": {"osmid": "267207247", "oneway": "False", "lanes": "2", "ref": "PY02", "name": "Ruta Nacional Mariscal Estigarribia", "highway": "trunk", "length": 393.949, "maxspeed": NaN, "bridge": NaN, "access": NaN, "tunnel": NaN, "junction": NaN, "width": NaN, "service": NaN, "roughness": 6.0}}, {"type": "Feature", "geometry": {"type": "LineString", "coordinates": [[-56.8925049, -25.4574101], [-56.8905705, -25.4587571]]}, "properties": {"osmid": "267207247", "oneway": "False", "lanes": "2", "ref": "PY02", "name": "Ruta Nacional Mariscal Estigarribia", "highway": "trunk", "length": 245.258, "maxspeed": NaN, "bridge": NaN, "access": NaN, "tunnel": NaN, "junction": NaN, "width": NaN, "service": NaN, "roughness": 6.0}}, {"type": "Feature", "geometry": {"type": "LineString", "coordinates": [[-56.8905705, -25.4587571], [-56.8892155, -25.4597007]]}, "properties": {"osmid": "267207247", "oneway": "False", "lanes": "2", "ref": "PY02", "name": "Ruta Nacional Mariscal Estigarribia", "highway": "trunk", "length": 171.8, "maxspeed": NaN, "bridge": NaN, "access": NaN, "tunnel": NaN, "junction": NaN, "width": NaN, "service": NaN, "roughness": 6.0}}, {"type": "Feature", "geometry": {"type": "LineString", "coordinates": [[-56.8892155, -25.4597007], [-56.8876544, -25.4607877]]}, "properties": {"osmid": "267207247", "oneway": "False", "lanes": "2", "ref": "PY02", "name": "Ruta Nacional Mariscal Estigarribia", "highway": "trunk", "length": 197.922, "maxspeed": NaN, "bridge": NaN, "access": NaN, "tunnel": NaN, "junction": NaN, "width": NaN, "service": NaN, "roughness": 6.0}}, {"type": "Feature", "geometry": {"type": "LineString", "coordinates": [[-56.8876544, -25.4607877], [-56.887586, -25.4608365]]}, "properties": {"osmid": "267207247", "oneway": "False", "lanes": "2", "ref": "PY02", "name": "Ruta Nacional Mariscal Estigarribia", "highway": "trunk", "length": 8.752, "maxspeed": NaN, "bridge": NaN, "access": NaN, "tunnel": NaN, "junction": NaN, "width": NaN, "service": NaN, "roughness": 6.0}}, {"type": "Feature", "geometry": {"type": "LineString", "coordinates": [[-56.887586, -25.4608365], [-56.8869455, -25.4612929]]}, "properties": {"osmid": "267207247", "oneway": "False", "lanes": "2", "ref": "PY02", "name": "Ruta Nacional Mariscal Estigarribia", "highway": "trunk", "length": 81.917, "maxspeed": NaN, "bridge": NaN, "access": NaN, "tunnel": NaN, "junction": NaN, "width": NaN, "service": NaN, "roughness": 6.0}}, {"type": "Feature", "geometry": {"type": "LineString", "coordinates": [[-56.8869455, -25.4612929], [-56.8865158, -25.4615925]]}, "properties": {"osmid": "267207247", "oneway": "False", "lanes": "2", "ref": "PY02", "name": "Ruta Nacional Mariscal Estigarribia", "highway": "trunk", "length": 54.506, "maxspeed": NaN, "bridge": NaN, "access": NaN, "tunnel": NaN, "junction": NaN, "width": NaN, "service": NaN, "roughness": 6.0}}, {"type": "Feature", "geometry": {"type": "LineString", "coordinates": [[-56.8865158, -25.4615925], [-56.8861481, -25.4618053]]}, "properties": {"osmid": "267207247", "oneway": "False", "lanes": "2", "ref": "PY02", "name": "Ruta Nacional Mariscal Estigarribia", "highway": "trunk", "length": 43.848, "maxspeed": NaN, "bridge": NaN, "access": NaN, "tunnel": NaN, "junction": NaN, "width": NaN, "service": NaN, "roughness": 6.0}}, {"type": "Feature", "geometry": {"type": "LineString", "coordinates": [[-56.8861481, -25.4618053], [-56.8858125, -25.4619431]]}, "properties": {"osmid": "267207247", "oneway": "False", "lanes": "2", "ref": "PY02", "name": "Ruta Nacional Mariscal Estigarribia", "highway": "trunk", "length": 37.013, "maxspeed": NaN, "bridge": NaN, "access": NaN, "tunnel": NaN, "junction": NaN, "width": NaN, "service": NaN, "roughness": 6.0}}, {"type": "Feature", "geometry": {"type": "LineString", "coordinates": [[-56.8858125, -25.4619431], [-56.8854907, -25.4620347]]}, "properties": {"osmid": "267207247", "oneway": "False", "lanes": "2", "ref": "PY02", "name": "Ruta Nacional Mariscal Estigarribia", "highway": "trunk", "length": 33.875, "maxspeed": NaN, "bridge": NaN, "access": NaN, "tunnel": NaN, "junction": NaN, "width": NaN, "service": NaN, "roughness": 6.0}}, {"type": "Feature", "geometry": {"type": "LineString", "coordinates": [[-56.8854907, -25.4620347], [-56.8851634, -25.4621093]]}, "properties": {"osmid": "267207247", "oneway": "False", "lanes": "2", "ref": "PY02", "name": "Ruta Nacional Mariscal Estigarribia", "highway": "trunk", "length": 33.89, "maxspeed": NaN, "bridge": NaN, "access": NaN, "tunnel": NaN, "junction": NaN, "width": NaN, "service": NaN, "roughness": 6.0}}, {"type": "Feature", "geometry": {"type": "LineString", "coordinates": [[-56.8851634, -25.4621093], [-56.8848536, -25.4621596]]}, "properties": {"osmid": "267207247", "oneway": "False", "lanes": "2", "ref": "PY02", "name": "Ruta Nacional Mariscal Estigarribia", "highway": "trunk", "length": 31.601, "maxspeed": NaN, "bridge": NaN, "access": NaN, "tunnel": NaN, "junction": NaN, "width": NaN, "service": NaN, "roughness": 6.0}}, {"type": "Feature", "geometry": {"type": "LineString", "coordinates": [[-56.8848536, -25.4621596], [-56.8845015, -25.4621921]]}, "properties": {"osmid": "267207247", "oneway": "False", "lanes": "2", "ref": "PY02", "name": "Ruta Nacional Mariscal Estigarribia", "highway": "trunk", "length": 35.533, "maxspeed": NaN, "bridge": NaN, "access": NaN, "tunnel": NaN, "junction": NaN, "width": NaN, "service": NaN, "roughness": 6.0}}, {"type": "Feature", "geometry": {"type": "LineString", "coordinates": [[-56.8845015, -25.4621921], [-56.8839861, -25.4622372]]}, "properties": {"osmid": "164029683", "oneway": "False", "lanes": "2", "ref": "PY02", "name": "Ruta Nacional Mariscal Estigarribia", "highway": "trunk", "length": 51.986, "maxspeed": NaN, "bridge": "yes", "access": NaN, "tunnel": NaN, "junction": NaN, "width": NaN, "service": NaN, "roughness": 6.0}}, {"type": "Feature", "geometry": {"type": "LineString", "coordinates": [[-56.8839861, -25.4622372], [-56.8833245, -25.462295]]}, "properties": {"osmid": "164029685", "oneway": "False", "lanes": "2", "ref": "PY02", "name": "Ruta Nacional Mariscal Estigarribia", "highway": "trunk", "length": 66.731, "maxspeed": NaN, "bridge": NaN, "access": NaN, "tunnel": NaN, "junction": NaN, "width": NaN, "service": NaN, "roughness": 6.0}}, {"type": "Feature", "geometry": {"type": "LineString", "coordinates": [[-56.8833245, -25.462295], [-56.8832006, -25.4623072]]}, "properties": {"osmid": "164029685", "oneway": "False", "lanes": "2", "ref": "PY02", "name": "Ruta Nacional Mariscal Estigarribia", "highway": "trunk", "length": 12.513, "maxspeed": NaN, "bridge": NaN, "access": NaN, "tunnel": NaN, "junction": NaN, "width": NaN, "service": NaN, "roughness": 6.0}}, {"type": "Feature", "geometry": {"type": "LineString", "coordinates": [[-56.8832006, -25.4623072], [-56.8828492, -25.4623577]]}, "properties": {"osmid": "164029685", "oneway": "False", "lanes": "2", "ref": "PY02", "name": "Ruta Nacional Mariscal Estigarribia", "highway": "trunk", "length": 35.723, "maxspeed": NaN, "bridge": NaN, "access": NaN, "tunnel": NaN, "junction": NaN, "width": NaN, "service": NaN, "roughness": 6.0}}, {"type": "Feature", "geometry": {"type": "LineString", "coordinates": [[-56.8828492, -25.4623577], [-56.8825089, -25.4624502]]}, "properties": {"osmid": "164029685", "oneway": "False", "lanes": "2", "ref": "PY02", "name": "Ruta Nacional Mariscal Estigarribia", "highway": "trunk", "length": 35.679, "maxspeed": NaN, "bridge": NaN, "access": NaN, "tunnel": NaN, "junction": NaN, "width": NaN, "service": NaN, "roughness": 6.0}}, {"type": "Feature", "geometry": {"type": "LineString", "coordinates": [[-56.8825089, -25.4624502], [-56.8821934, -25.4625575]]}, "properties": {"osmid": "164029685", "oneway": "False", "lanes": "2", "ref": "PY02", "name": "Ruta Nacional Mariscal Estigarribia", "highway": "trunk", "length": 33.847, "maxspeed": NaN, "bridge": NaN, "access": NaN, "tunnel": NaN, "junction": NaN, "width": NaN, "service": NaN, "roughness": 6.0}}, {"type": "Feature", "geometry": {"type": "LineString", "coordinates": [[-56.8821934, -25.4625575], [-56.8818515, -25.4627142]]}, "properties": {"osmid": "164029685", "oneway": "False", "lanes": "2", "ref": "PY02", "name": "Ruta Nacional Mariscal Estigarribia", "highway": "trunk", "length": 38.494, "maxspeed": NaN, "bridge": NaN, "access": NaN, "tunnel": NaN, "junction": NaN, "width": NaN, "service": NaN, "roughness": 6.0}}, {"type": "Feature", "geometry": {"type": "LineString", "coordinates": [[-56.8818515, -25.4627142], [-56.8808027, -25.4633201]]}, "properties": {"osmid": "164029685", "oneway": "False", "lanes": "2", "ref": "PY02", "name": "Ruta Nacional Mariscal Estigarribia", "highway": "trunk", "length": 125.003, "maxspeed": NaN, "bridge": NaN, "access": NaN, "tunnel": NaN, "junction": NaN, "width": NaN, "service": NaN, "roughness": 6.0}}, {"type": "Feature", "geometry": {"type": "LineString", "coordinates": [[-56.8808027, -25.4633201], [-56.8799856, -25.4637772]]}, "properties": {"osmid": "164029685", "oneway": "False", "lanes": "2", "ref": "PY02", "name": "Ruta Nacional Mariscal Estigarribia", "highway": "trunk", "length": 96.502, "maxspeed": NaN, "bridge": NaN, "access": NaN, "tunnel": NaN, "junction": NaN, "width": NaN, "service": NaN, "roughness": 6.0}}, {"type": "Feature", "geometry": {"type": "LineString", "coordinates": [[-56.8799856, -25.4637772], [-56.8794798, -25.4640413]]}, "properties": {"osmid": "164029685", "oneway": "False", "lanes": "2", "ref": "PY02", "name": "Ruta Nacional Mariscal Estigarribia", "highway": "trunk", "length": 58.659, "maxspeed": NaN, "bridge": NaN, "access": NaN, "tunnel": NaN, "junction": NaN, "width": NaN, "service": NaN, "roughness": 6.0}}, {"type": "Feature", "geometry": {"type": "LineString", "coordinates": [[-56.8794798, -25.4640413], [-56.8792042, -25.4641768]]}, "properties": {"osmid": "164029685", "oneway": "False", "lanes": "2", "ref": "PY02", "name": "Ruta Nacional Mariscal Estigarribia", "highway": "trunk", "length": 31.505, "maxspeed": NaN, "bridge": NaN, "access": NaN, "tunnel": NaN, "junction": NaN, "width": NaN, "service": NaN, "roughness": 6.0}}, {"type": "Feature", "geometry": {"type": "LineString", "coordinates": [[-56.8792042, -25.4641768], [-56.8789625, -25.4642707]]}, "properties": {"osmid": "164029685", "oneway": "False", "lanes": "2", "ref": "PY02", "name": "Ruta Nacional Mariscal Estigarribia", "highway": "trunk", "length": 26.416, "maxspeed": NaN, "bridge": NaN, "access": NaN, "tunnel": NaN, "junction": NaN, "width": NaN, "service": NaN, "roughness": 6.0}}, {"type": "Feature", "geometry": {"type": "LineString", "coordinates": [[-56.8789625, -25.4642707], [-56.8786947, -25.4643506]]}, "properties": {"osmid": "164029685", "oneway": "False", "lanes": "2", "ref": "PY02", "name": "Ruta Nacional Mariscal Estigarribia", "highway": "trunk", "length": 28.315, "maxspeed": NaN, "bridge": NaN, "access": NaN, "tunnel": NaN, "junction": NaN, "width": NaN, "service": NaN, "roughness": 6.0}}, {"type": "Feature", "geometry": {"type": "LineString", "coordinates": [[-56.8786947, -25.4643506], [-56.8784599, -25.4644014]]}, "properties": {"osmid": "164029685", "oneway": "False", "lanes": "2", "ref": "PY02", "name": "Ruta Nacional Mariscal Estigarribia", "highway": "trunk", "length": 24.24, "maxspeed": NaN, "bridge": NaN, "access": NaN, "tunnel": NaN, "junction": NaN, "width": NaN, "service": NaN, "roughness": 6.0}}, {"type": "Feature", "geometry": {"type": "LineString", "coordinates": [[-56.8784599, -25.4644014], [-56.8782264, -25.4644352]]}, "properties": {"osmid": "164029685", "oneway": "False", "lanes": "2", "ref": "PY02", "name": "Ruta Nacional Mariscal Estigarribia", "highway": "trunk", "length": 23.741, "maxspeed": NaN, "bridge": NaN, "access": NaN, "tunnel": NaN, "junction": NaN, "width": NaN, "service": NaN, "roughness": 6.0}}, {"type": "Feature", "geometry": {"type": "LineString", "coordinates": [[-56.8782264, -25.4644352], [-56.8779542, -25.4644543]]}, "properties": {"osmid": "164029685", "oneway": "False", "lanes": "2", "ref": "PY02", "name": "Ruta Nacional Mariscal Estigarribia", "highway": "trunk", "length": 27.409, "maxspeed": NaN, "bridge": NaN, "access": NaN, "tunnel": NaN, "junction": NaN, "width": NaN, "service": NaN, "roughness": 6.0}}, {"type": "Feature", "geometry": {"type": "LineString", "coordinates": [[-56.8779542, -25.4644543], [-56.877683, -25.464452]]}, "properties": {"osmid": "164029685", "oneway": "False", "lanes": "2", "ref": "PY02", "name": "Ruta Nacional Mariscal Estigarribia", "highway": "trunk", "length": 27.228, "maxspeed": NaN, "bridge": NaN, "access": NaN, "tunnel": NaN, "junction": NaN, "width": NaN, "service": NaN, "roughness": 6.0}}, {"type": "Feature", "geometry": {"type": "LineString", "coordinates": [[-56.877683, -25.464452], [-56.8773946, -25.464426]]}, "properties": {"osmid": "164029685", "oneway": "False", "lanes": "2", "ref": "PY02", "name": "Ruta Nacional Mariscal Estigarribia", "highway": "trunk", "length": 29.097, "maxspeed": NaN, "bridge": NaN, "access": NaN, "tunnel": NaN, "junction": NaN, "width": NaN, "service": NaN, "roughness": 6.0}}, {"type": "Feature", "geometry": {"type": "LineString", "coordinates": [[-56.8773946, -25.464426], [-56.8771598, -25.4643866]]}, "properties": {"osmid": "164029685", "oneway": "False", "lanes": "2", "ref": "PY02", "name": "Ruta Nacional Mariscal Estigarribia", "highway": "trunk", "length": 23.976, "maxspeed": NaN, "bridge": NaN, "access": NaN, "tunnel": NaN, "junction": NaN, "width": NaN, "service": NaN, "roughness": 6.0}}, {"type": "Feature", "geometry": {"type": "LineString", "coordinates": [[-56.8771598, -25.4643866], [-56.8769018, -25.4643234]]}, "properties": {"osmid": "164029685", "oneway": "False", "lanes": "2", "ref": "PY02", "name": "Ruta Nacional Mariscal Estigarribia", "highway": "trunk", "length": 26.838, "maxspeed": NaN, "bridge": NaN, "access": NaN, "tunnel": NaN, "junction": NaN, "width": NaN, "service": NaN, "roughness": 6.0}}, {"type": "Feature", "geometry": {"type": "LineString", "coordinates": [[-56.8769018, -25.4643234], [-56.8766633, -25.4642453]]}, "properties": {"osmid": "164029685", "oneway": "False", "lanes": "2", "ref": "PY02", "name": "Ruta Nacional Mariscal Estigarribia", "highway": "trunk", "length": 25.47, "maxspeed": NaN, "bridge": NaN, "access": NaN, "tunnel": NaN, "junction": NaN, "width": NaN, "service": NaN, "roughness": 6.0}}, {"type": "Feature", "geometry": {"type": "LineString", "coordinates": [[-56.8766633, -25.4642453], [-56.8764274, -25.4641475]]}, "properties": {"osmid": "164029685", "oneway": "False", "lanes": "2", "ref": "PY02", "name": "Ruta Nacional Mariscal Estigarribia", "highway": "trunk", "length": 26.06, "maxspeed": NaN, "bridge": NaN, "access": NaN, "tunnel": NaN, "junction": NaN, "width": NaN, "service": NaN, "roughness": 6.0}}, {"type": "Feature", "geometry": {"type": "LineString", "coordinates": [[-56.8764274, -25.4641475], [-56.8762225, -25.4640449]]}, "properties": {"osmid": "164029685", "oneway": "False", "lanes": "2", "ref": "PY02", "name": "Ruta Nacional Mariscal Estigarribia", "highway": "trunk", "length": 23.522, "maxspeed": NaN, "bridge": NaN, "access": NaN, "tunnel": NaN, "junction": NaN, "width": NaN, "service": NaN, "roughness": 6.0}}, {"type": "Feature", "geometry": {"type": "LineString", "coordinates": [[-56.8762225, -25.4640449], [-56.8760314, -25.4639321]]}, "properties": {"osmid": "164029685", "oneway": "False", "lanes": "2", "ref": "PY02", "name": "Ruta Nacional Mariscal Estigarribia", "highway": "trunk", "length": 22.921, "maxspeed": NaN, "bridge": NaN, "access": NaN, "tunnel": NaN, "junction": NaN, "width": NaN, "service": NaN, "roughness": 6.0}}, {"type": "Feature", "geometry": {"type": "LineString", "coordinates": [[-56.8760314, -25.4639321], [-56.8749311, -25.4632002]]}, "properties": {"osmid": "164029685", "oneway": "False", "lanes": "2", "ref": "PY02", "name": "Ruta Nacional Mariscal Estigarribia", "highway": "trunk", "length": 137.206, "maxspeed": NaN, "bridge": NaN, "access": NaN, "tunnel": NaN, "junction": NaN, "width": NaN, "service": NaN, "roughness": 6.0}}, {"type": "Feature", "geometry": {"type": "LineString", "coordinates": [[-56.8749311, -25.4632002], [-56.8746645, -25.463029]]}, "properties": {"osmid": "164029685", "oneway": "False", "lanes": "2", "ref": "PY02", "name": "Ruta Nacional Mariscal Estigarribia", "highway": "trunk", "length": 32.844, "maxspeed": NaN, "bridge": NaN, "access": NaN, "tunnel": NaN, "junction": NaN, "width": NaN, "service": NaN, "roughness": 6.0}}, {"type": "Feature", "geometry": {"type": "LineString", "coordinates": [[-56.8746645, -25.463029], [-56.8743313, -25.4628595]]}, "properties": {"osmid": "164029685", "oneway": "False", "lanes": "2", "ref": "PY02", "name": "Ruta Nacional Mariscal Estigarribia", "highway": "trunk", "length": 38.396, "maxspeed": NaN, "bridge": NaN, "access": NaN, "tunnel": NaN, "junction": NaN, "width": NaN, "service": NaN, "roughness": 6.0}}, {"type": "Feature", "geometry": {"type": "LineString", "coordinates": [[-56.8743313, -25.4628595], [-56.8739515, -25.4626939]]}, "properties": {"osmid": "164029685", "oneway": "False", "lanes": "2", "ref": "PY02", "name": "Ruta Nacional Mariscal Estigarribia", "highway": "trunk", "length": 42.343, "maxspeed": NaN, "bridge": NaN, "access": NaN, "tunnel": NaN, "junction": NaN, "width": NaN, "service": NaN, "roughness": 6.0}}, {"type": "Feature", "geometry": {"type": "LineString", "coordinates": [[-56.8739515, -25.4626939], [-56.8735702, -25.4625556]]}, "properties": {"osmid": "164029685", "oneway": "False", "lanes": "2", "ref": "PY02", "name": "Ruta Nacional Mariscal Estigarribia", "highway": "trunk", "length": 41.254, "maxspeed": NaN, "bridge": NaN, "access": NaN, "tunnel": NaN, "junction": NaN, "width": NaN, "service": NaN, "roughness": 6.0}}, {"type": "Feature", "geometry": {"type": "LineString", "coordinates": [[-56.8735702, -25.4625556], [-56.8732016, -25.4624441]]}, "properties": {"osmid": "164029685", "oneway": "False", "lanes": "2", "ref": "PY02", "name": "Ruta Nacional Mariscal Estigarribia", "highway": "trunk", "length": 39.027, "maxspeed": NaN, "bridge": NaN, "access": NaN, "tunnel": NaN, "junction": NaN, "width": NaN, "service": NaN, "roughness": 6.0}}, {"type": "Feature", "geometry": {"type": "LineString", "coordinates": [[-56.8732016, -25.4624441], [-56.8728666, -25.4623725]]}, "properties": {"osmid": "164029685", "oneway": "False", "lanes": "2", "ref": "PY02", "name": "Ruta Nacional Mariscal Estigarribia", "highway": "trunk", "length": 34.562, "maxspeed": NaN, "bridge": NaN, "access": NaN, "tunnel": NaN, "junction": NaN, "width": NaN, "service": NaN, "roughness": 6.0}}, {"type": "Feature", "geometry": {"type": "LineString", "coordinates": [[-56.8728666, -25.4623725], [-56.8723814, -25.4622885]]}, "properties": {"osmid": "164029685", "oneway": "False", "lanes": "2", "ref": "PY02", "name": "Ruta Nacional Mariscal Estigarribia", "highway": "trunk", "length": 49.599, "maxspeed": NaN, "bridge": NaN, "access": NaN, "tunnel": NaN, "junction": NaN, "width": NaN, "service": NaN, "roughness": 6.0}}, {"type": "Feature", "geometry": {"type": "LineString", "coordinates": [[-56.8723814, -25.4622885], [-56.8719128, -25.4622184]]}, "properties": {"osmid": "164029685", "oneway": "False", "lanes": "2", "ref": "PY02", "name": "Ruta Nacional Mariscal Estigarribia", "highway": "trunk", "length": 47.686, "maxspeed": NaN, "bridge": NaN, "access": NaN, "tunnel": NaN, "junction": NaN, "width": NaN, "service": NaN, "roughness": 6.0}}, {"type": "Feature", "geometry": {"type": "LineString", "coordinates": [[-56.8719128, -25.4622184], [-56.8714214, -25.4621477]]}, "properties": {"osmid": "164029685", "oneway": "False", "lanes": "2", "ref": "PY02", "name": "Ruta Nacional Mariscal Estigarribia", "highway": "trunk", "length": 49.956, "maxspeed": NaN, "bridge": NaN, "access": NaN, "tunnel": NaN, "junction": NaN, "width": NaN, "service": NaN, "roughness": 6.0}}, {"type": "Feature", "geometry": {"type": "LineString", "coordinates": [[-56.8714214, -25.4621477], [-56.8707155, -25.4620482]]}, "properties": {"osmid": "164029685", "oneway": "False", "lanes": "2", "ref": "PY02", "name": "Ruta Nacional Mariscal Estigarribia", "highway": "trunk", "length": 71.727, "maxspeed": NaN, "bridge": NaN, "access": NaN, "tunnel": NaN, "junction": NaN, "width": NaN, "service": NaN, "roughness": 6.0}}, {"type": "Feature", "geometry": {"type": "LineString", "coordinates": [[-56.8707155, -25.4620482], [-56.8699018, -25.4619111]]}, "properties": {"osmid": "164029685", "oneway": "False", "lanes": "2", "ref": "PY02", "name": "Ruta Nacional Mariscal Estigarribia", "highway": "trunk", "length": 83.102, "maxspeed": NaN, "bridge": NaN, "access": NaN, "tunnel": NaN, "junction": NaN, "width": NaN, "service": NaN, "roughness": 6.0}}, {"type": "Feature", "geometry": {"type": "LineString", "coordinates": [[-56.8699018, -25.4619111], [-56.8693333, -25.461861]]}, "properties": {"osmid": "164029685", "oneway": "False", "lanes": "2", "ref": "PY02", "name": "Ruta Nacional Mariscal Estigarribia", "highway": "trunk", "length": 57.346, "maxspeed": NaN, "bridge": NaN, "access": NaN, "tunnel": NaN, "junction": NaN, "width": NaN, "service": NaN, "roughness": 6.0}}, {"type": "Feature", "geometry": {"type": "LineString", "coordinates": [[-56.8693333, -25.461861], [-56.8689456, -25.461844]]}, "properties": {"osmid": "164029685", "oneway": "False", "lanes": "2", "ref": "PY02", "name": "Ruta Nacional Mariscal Estigarribia", "highway": "trunk", "length": 38.969, "maxspeed": NaN, "bridge": NaN, "access": NaN, "tunnel": NaN, "junction": NaN, "width": NaN, "service": NaN, "roughness": 6.0}}, {"type": "Feature", "geometry": {"type": "LineString", "coordinates": [[-56.8689456, -25.461844], [-56.8686557, -25.4618532]]}, "properties": {"osmid": "164029685", "oneway": "False", "lanes": "2", "ref": "PY02", "name": "Ruta Nacional Mariscal Estigarribia", "highway": "trunk", "length": 29.122, "maxspeed": NaN, "bridge": NaN, "access": NaN, "tunnel": NaN, "junction": NaN, "width": NaN, "service": NaN, "roughness": 6.0}}, {"type": "Feature", "geometry": {"type": "LineString", "coordinates": [[-56.8686557, -25.4618532], [-56.8678028, -25.4619092]]}, "properties": {"osmid": "164029685", "oneway": "False", "lanes": "2", "ref": "PY02", "name": "Ruta Nacional Mariscal Estigarribia", "highway": "trunk", "length": 85.853, "maxspeed": NaN, "bridge": NaN, "access": NaN, "tunnel": NaN, "junction": NaN, "width": NaN, "service": NaN, "roughness": 6.0}}, {"type": "Feature", "geometry": {"type": "LineString", "coordinates": [[-56.8678028, -25.4619092], [-56.8669512, -25.4619988]]}, "properties": {"osmid": "164029685", "oneway": "False", "lanes": "2", "ref": "PY02", "name": "Ruta Nacional Mariscal Estigarribia", "highway": "trunk", "length": 86.075, "maxspeed": NaN, "bridge": NaN, "access": NaN, "tunnel": NaN, "junction": NaN, "width": NaN, "service": NaN, "roughness": 6.0}}, {"type": "Feature", "geometry": {"type": "LineString", "coordinates": [[-56.8669512, -25.4619988], [-56.8663663, -25.4620248]]}, "properties": {"osmid": "164029685", "oneway": "False", "lanes": "2", "ref": "PY02", "name": "Ruta Nacional Mariscal Estigarribia", "highway": "trunk", "length": 58.792, "maxspeed": NaN, "bridge": NaN, "access": NaN, "tunnel": NaN, "junction": NaN, "width": NaN, "service": NaN, "roughness": 6.0}}, {"type": "Feature", "geometry": {"type": "LineString", "coordinates": [[-56.8663663, -25.4620248], [-56.8660846, -25.462026]]}, "properties": {"osmid": "164029685", "oneway": "False", "lanes": "2", "ref": "PY02", "name": "Ruta Nacional Mariscal Estigarribia", "highway": "trunk", "length": 28.282, "maxspeed": NaN, "bridge": NaN, "access": NaN, "tunnel": NaN, "junction": NaN, "width": NaN, "service": NaN, "roughness": 6.0}}, {"type": "Feature", "geometry": {"type": "LineString", "coordinates": [[-56.8660846, -25.462026], [-56.8659801, -25.4620264]]}, "properties": {"osmid": "164029685", "oneway": "False", "lanes": "2", "ref": "PY02", "name": "Ruta Nacional Mariscal Estigarribia", "highway": "trunk", "length": 10.491, "maxspeed": NaN, "bridge": NaN, "access": NaN, "tunnel": NaN, "junction": NaN, "width": NaN, "service": NaN, "roughness": 6.0}}, {"type": "Feature", "geometry": {"type": "LineString", "coordinates": [[-56.8659801, -25.4620264], [-56.8657869, -25.4620272]]}, "properties": {"osmid": "164029685", "oneway": "False", "lanes": "2", "ref": "PY02", "name": "Ruta Nacional Mariscal Estigarribia", "highway": "trunk", "length": 19.396, "maxspeed": NaN, "bridge": NaN, "access": NaN, "tunnel": NaN, "junction": NaN, "width": NaN, "service": NaN, "roughness": 6.0}}, {"type": "Feature", "geometry": {"type": "LineString", "coordinates": [[-56.8657869, -25.4620272], [-56.8649917, -25.4619874]]}, "properties": {"osmid": "164029685", "oneway": "False", "lanes": "2", "ref": "PY02", "name": "Ruta Nacional Mariscal Estigarribia", "highway": "trunk", "length": 79.956, "maxspeed": NaN, "bridge": NaN, "access": NaN, "tunnel": NaN, "junction": NaN, "width": NaN, "service": NaN, "roughness": 6.0}}, {"type": "Feature", "geometry": {"type": "LineString", "coordinates": [[-56.8649917, -25.4619874], [-56.8640759, -25.4619649]]}, "properties": {"osmid": "164029685", "oneway": "False", "lanes": "2", "ref": "PY02", "name": "Ruta Nacional Mariscal Estigarribia", "highway": "trunk", "length": 91.976, "maxspeed": NaN, "bridge": NaN, "access": NaN, "tunnel": NaN, "junction": NaN, "width": NaN, "service": NaN, "roughness": 6.0}}, {"type": "Feature", "geometry": {"type": "LineString", "coordinates": [[-56.8640759, -25.4619649], [-56.8638628, -25.4619664]]}, "properties": {"osmid": "164029685", "oneway": "False", "lanes": "2", "ref": "PY02", "name": "Ruta Nacional Mariscal Estigarribia", "highway": "trunk", "length": 21.395, "maxspeed": NaN, "bridge": NaN, "access": NaN, "tunnel": NaN, "junction": NaN, "width": NaN, "service": NaN, "roughness": 6.0}}, {"type": "Feature", "geometry": {"type": "LineString", "coordinates": [[-56.8638628, -25.4619664], [-56.863105, -25.4619263]]}, "properties": {"osmid": "164029685", "oneway": "False", "lanes": "2", "ref": "PY02", "name": "Ruta Nacional Mariscal Estigarribia", "highway": "trunk", "length": 76.21, "maxspeed": NaN, "bridge": NaN, "access": NaN, "tunnel": NaN, "junction": NaN, "width": NaN, "service": NaN, "roughness": 6.0}}, {"type": "Feature", "geometry": {"type": "LineString", "coordinates": [[-56.863105, -25.4619263], [-56.8629707, -25.4619236]]}, "properties": {"osmid": "164029685", "oneway": "False", "lanes": "2", "ref": "PY02", "name": "Ruta Nacional Mariscal Estigarribia", "highway": "trunk", "length": 13.486, "maxspeed": NaN, "bridge": NaN, "access": NaN, "tunnel": NaN, "junction": NaN, "width": NaN, "service": NaN, "roughness": 6.0}}, {"type": "Feature", "geometry": {"type": "LineString", "coordinates": [[-56.8629707, -25.4619236], [-56.8620125, -25.4618863]]}, "properties": {"osmid": "164029685", "oneway": "False", "lanes": "2", "ref": "PY02", "name": "Ruta Nacional Mariscal Estigarribia", "highway": "trunk", "length": 96.288, "maxspeed": NaN, "bridge": NaN, "access": NaN, "tunnel": NaN, "junction": NaN, "width": NaN, "service": NaN, "roughness": 6.0}}, {"type": "Feature", "geometry": {"type": "LineString", "coordinates": [[-56.8620125, -25.4618863], [-56.8608086, -25.4618348]]}, "properties": {"osmid": "164029685", "oneway": "False", "lanes": "2", "ref": "PY02", "name": "Ruta Nacional Mariscal Estigarribia", "highway": "trunk", "length": 121.001, "maxspeed": NaN, "bridge": NaN, "access": NaN, "tunnel": NaN, "junction": NaN, "width": NaN, "service": NaN, "roughness": 6.0}}, {"type": "Feature", "geometry": {"type": "LineString", "coordinates": [[-56.8608086, -25.4618348], [-56.8605444, -25.4618298]]}, "properties": {"osmid": "164029685", "oneway": "False", "lanes": "2", "ref": "PY02", "name": "Ruta Nacional Mariscal Estigarribia", "highway": "trunk", "length": 26.53, "maxspeed": NaN, "bridge": NaN, "access": NaN, "tunnel": NaN, "junction": NaN, "width": NaN, "service": NaN, "roughness": 6.0}}, {"type": "Feature", "geometry": {"type": "LineString", "coordinates": [[-56.8605444, -25.4618298], [-56.859744, -25.4618147]]}, "properties": {"osmid": "164029685", "oneway": "False", "lanes": "2", "ref": "PY02", "name": "Ruta Nacional Mariscal Estigarribia", "highway": "trunk", "length": 80.374, "maxspeed": NaN, "bridge": NaN, "access": NaN, "tunnel": NaN, "junction": NaN, "width": NaN, "service": NaN, "roughness": 6.0}}, {"type": "Feature", "geometry": {"type": "LineString", "coordinates": [[-56.859744, -25.4618147], [-56.8585589, -25.4617717]]}, "properties": {"osmid": "164029685", "oneway": "False", "lanes": "2", "ref": "PY02", "name": "Ruta Nacional Mariscal Estigarribia", "highway": "trunk", "length": 119.074, "maxspeed": NaN, "bridge": NaN, "access": NaN, "tunnel": NaN, "junction": NaN, "width": NaN, "service": NaN, "roughness": 6.0}}, {"type": "Feature", "geometry": {"type": "LineString", "coordinates": [[-56.8585589, -25.4617717], [-56.8559883, -25.4616653]]}, "properties": {"osmid": "164029685", "oneway": "False", "lanes": "2", "ref": "PY02", "name": "Ruta Nacional Mariscal Estigarribia", "highway": "trunk", "length": 258.346, "maxspeed": NaN, "bridge": NaN, "access": NaN, "tunnel": NaN, "junction": NaN, "width": NaN, "service": NaN, "roughness": 6.0}}, {"type": "Feature", "geometry": {"type": "LineString", "coordinates": [[-56.8559883, -25.4616653], [-56.8547701, -25.4616044]]}, "properties": {"osmid": "164029685", "oneway": "False", "lanes": "2", "ref": "PY02", "name": "Ruta Nacional Mariscal Estigarribia", "highway": "trunk", "length": 122.489, "maxspeed": NaN, "bridge": NaN, "access": NaN, "tunnel": NaN, "junction": NaN, "width": NaN, "service": NaN, "roughness": 6.0}}, {"type": "Feature", "geometry": {"type": "LineString", "coordinates": [[-56.8547701, -25.4616044], [-56.853663, -25.4615476]]}, "properties": {"osmid": "164029685", "oneway": "False", "lanes": "2", "ref": "PY02", "name": "Ruta Nacional Mariscal Estigarribia", "highway": "trunk", "length": 111.327, "maxspeed": NaN, "bridge": NaN, "access": NaN, "tunnel": NaN, "junction": NaN, "width": NaN, "service": NaN, "roughness": 6.0}}, {"type": "Feature", "geometry": {"type": "LineString", "coordinates": [[-56.853663, -25.4615476], [-56.8533683, -25.461535]]}, "properties": {"osmid": "164029685", "oneway": "False", "lanes": "2", "ref": "PY02", "name": "Ruta Nacional Mariscal Estigarribia", "highway": "trunk", "length": 29.62, "maxspeed": NaN, "bridge": NaN, "access": NaN, "tunnel": NaN, "junction": NaN, "width": NaN, "service": NaN, "roughness": 6.0}}]}