{"type": "FeatureCollection", "features": [{"type": "Feature", "geometry": {"type": "LineString", "coordinates": [[-57.3703326, -25.5046542], [-57.3705293, -25.5045464]]}, "properties": {"osmid": "300592169", "oneway": "False", "lanes": "2", "ref": "D027", "name": "Ruta Departamental 027", "highway": "primary", "length": 23.095, "maxspeed": "60", "bridge": NaN, "access": NaN, "tunnel": NaN, "junction": NaN, "width": NaN, "service": NaN, "roughness": 5.0}}, {"type": "Feature", "geometry": {"type": "LineString", "coordinates": [[-57.3705293, -25.5045464], [-57.3708785, -25.5043392]]}, "properties": {"osmid": "300592169", "oneway": "False", "lanes": "2", "ref": "D027", "name": "Ruta Departamental 027", "highway": "primary", "length": 41.941, "maxspeed": "60", "bridge": NaN, "access": NaN, "tunnel": NaN, "junction": NaN, "width": NaN, "service": NaN, "roughness": 5.0}}, {"type": "Feature", "geometry": {"type": "LineString", "coordinates": [[-57.3708785, -25.5043392], [-57.3712132, -25.5041407]]}, "properties": {"osmid": "300592169", "oneway": "False", "lanes": "2", "ref": "D027", "name": "Ruta Departamental 027", "highway": "primary", "length": 40.193, "maxspeed": "60", "bridge": NaN, "access": NaN, "tunnel": NaN, "junction": NaN, "width": NaN, "service": NaN, "roughness": 5.0}}, {"type": "Feature", "geometry": {"type": "LineString", "coordinates": [[-57.3712132, -25.5041407], [-57.3713588, -25.5040543]]}, "properties": {"osmid": "300592169", "oneway": "False", "lanes": "2", "ref": "D027", "name": "Ruta Departamental 027", "highway": "primary", "length": 17.488, "maxspeed": "60", "bridge": NaN, "access": NaN, "tunnel": NaN, "junction": NaN, "width": NaN, "service": NaN, "roughness": 5.0}}, {"type": "Feature", "geometry": {"type": "LineString", "coordinates": [[-57.3713588, -25.5040543], [-57.3717295, -25.5038003]]}, "properties": {"osmid": "300592169", "oneway": "False", "lanes": "2", "ref": "D027", "name": "Ruta Departamental 027", "highway": "primary", "length": 46.71, "maxspeed": "60", "bridge": NaN, "access": NaN, "tunnel": NaN, "junction": NaN, "width": NaN, "service": NaN, "roughness": 5.0}}, {"type": "Feature", "geometry": {"type": "LineString", "coordinates": [[-57.3717295, -25.5038003], [-57.3718876, -25.503672]]}, "properties": {"osmid": "300592169", "oneway": "False", "lanes": "2", "ref": "D027", "name": "Ruta Departamental 027", "highway": "primary", "length": 21.337, "maxspeed": "60", "bridge": NaN, "access": NaN, "tunnel": NaN, "junction": NaN, "width": NaN, "service": NaN, "roughness": 5.0}}, {"type": "Feature", "geometry": {"type": "LineString", "coordinates": [[-57.3718876, -25.503672], [-57.3719837, -25.5035941]]}, "properties": {"osmid": "300592169", "oneway": "False", "lanes": "2", "ref": "D027", "name": "Ruta Departamental 027", "highway": "primary", "length": 12.963, "maxspeed": "60", "bridge": NaN, "access": NaN, "tunnel": NaN, "junction": NaN, "width": NaN, "service": NaN, "roughness": 5.0}}, {"type": "Feature", "geometry": {"type": "LineString", "coordinates": [[-57.3719837, -25.5035941], [-57.3726884, -25.5030222]]}, "properties": {"osmid": "300592169", "oneway": "False", "lanes": "2", "ref": "D027", "name": "Ruta Departamental 027", "highway": "primary", "length": 95.11, "maxspeed": "60", "bridge": NaN, "access": NaN, "tunnel": NaN, "junction": NaN, "width": NaN, "service": NaN, "roughness": 5.0}}, {"type": "Feature", "geometry": {"type": "LineString", "coordinates": [[-57.3726884, -25.5030222], [-57.3735821, -25.502297]]}, "properties": {"osmid": "300592169", "oneway": "False", "lanes": "2", "ref": "D027", "name": "Ruta Departamental 027", "highway": "primary", "length": 120.612, "maxspeed": "60", "bridge": NaN, "access": NaN, "tunnel": NaN, "junction": NaN, "width": NaN, "service": NaN, "roughness": 5.0}}, {"type": "Feature", "geometry": {"type": "LineString", "coordinates": [[-57.3735821, -25.502297], [-57.3738499, -25.5020812]]}, "properties": {"osmid": "300592169", "oneway": "False", "lanes": "2", "ref": "D027", "name": "Ruta Departamental 027", "highway": "primary", "length": 36.03, "maxspeed": "60", "bridge": NaN, "access": NaN, "tunnel": NaN, "junction": NaN, "width": NaN, "service": NaN, "roughness": 5.0}}, {"type": "Feature", "geometry": {"type": "LineString", "coordinates": [[-57.3738499, -25.5020812], [-57.3752242, -25.5009611]]}, "properties": {"osmid": "300592169", "oneway": "False", "lanes": "2", "ref": "D027", "name": "Ruta Departamental 027", "highway": "primary", "length": 185.84, "maxspeed": "60", "bridge": NaN, "access": NaN, "tunnel": NaN, "junction": NaN, "width": NaN, "service": NaN, "roughness": 5.0}}, {"type": "Feature", "geometry": {"type": "LineString", "coordinates": [[-57.3752242, -25.5009611], [-57.3760503, -25.5002878]]}, "properties": {"osmid": "300592169", "oneway": "False", "lanes": "2", "ref": "D027", "name": "Ruta Departamental 027", "highway": "primary", "length": 111.71, "maxspeed": "60", "bridge": NaN, "access": NaN, "tunnel": NaN, "junction": NaN, "width": NaN, "service": NaN, "roughness": 5.0}}, {"type": "Feature", "geometry": {"type": "LineString", "coordinates": [[-57.3760503, -25.5002878], [-57.3761656, -25.5001938]]}, "properties": {"osmid": "300592169", "oneway": "False", "lanes": "2", "ref": "D027", "name": "Ruta Departamental 027", "highway": "primary", "length": 15.594, "maxspeed": "60", "bridge": NaN, "access": NaN, "tunnel": NaN, "junction": NaN, "width": NaN, "service": NaN, "roughness": 5.0}}, {"type": "Feature", "geometry": {"type": "LineString", "coordinates": [[-57.3761656, -25.5001938], [-57.3769484, -25.499544]]}, "properties": {"osmid": "300592169", "oneway": "False", "lanes": "2", "ref": "D027", "name": "Ruta Departamental 027", "highway": "primary", "length": 106.738, "maxspeed": "60", "bridge": NaN, "access": NaN, "tunnel": NaN, "junction": NaN, "width": NaN, "service": NaN, "roughness": 5.0}}, {"type": "Feature", "geometry": {"type": "LineString", "coordinates": [[-57.3769484, -25.499544], [-57.3776938, -25.4988977]]}, "properties": {"osmid": "300592169", "oneway": "False", "lanes": "2", "ref": "D027", "name": "Ruta Departamental 027", "highway": "primary", "length": 103.737, "maxspeed": "60", "bridge": NaN, "access": NaN, "tunnel": NaN, "junction": NaN, "width": NaN, "service": NaN, "roughness": 5.0}}, {"type": "Feature", "geometry": {"type": "LineString", "coordinates": [[-57.3776938, -25.4988977], [-57.3778111, -25.498796]]}, "properties": {"osmid": "300592169", "oneway": "False", "lanes": "2", "ref": "D027", "name": "Ruta Departamental 027", "highway": "primary", "length": 16.324, "maxspeed": "60", "bridge": NaN, "access": NaN, "tunnel": NaN, "junction": NaN, "width": NaN, "service": NaN, "roughness": 5.0}}, {"type": "Feature", "geometry": {"type": "LineString", "coordinates": [[-57.3778111, -25.498796], [-57.3781577, -25.498541]]}, "properties": {"osmid": "300592169", "oneway": "False", "lanes": "2", "ref": "D027", "name": "Ruta Departamental 027", "highway": "primary", "length": 44.878, "maxspeed": "60", "bridge": NaN, "access": NaN, "tunnel": NaN, "junction": NaN, "width": NaN, "service": NaN, "roughness": 5.0}}, {"type": "Feature", "geometry": {"type": "LineString", "coordinates": [[-57.3781577, -25.498541], [-57.3784176, -25.4983636]]}, "properties": {"osmid": "300592169", "oneway": "False", "lanes": "2", "ref": "D027", "name": "Ruta Departamental 027", "highway": "primary", "length": 32.704, "maxspeed": "60", "bridge": NaN, "access": NaN, "tunnel": NaN, "junction": NaN, "width": NaN, "service": NaN, "roughness": 5.0}}, {"type": "Feature", "geometry": {"type": "LineString", "coordinates": [[-57.3784176, -25.4983636], [-57.3786434, -25.4982529]]}, "properties": {"osmid": "300592169", "oneway": "False", "lanes": "2", "ref": "D027", "name": "Ruta Departamental 027", "highway": "primary", "length": 25.79, "maxspeed": "60", "bridge": NaN, "access": NaN, "tunnel": NaN, "junction": NaN, "width": NaN, "service": NaN, "roughness": 5.0}}, {"type": "Feature", "geometry": {"type": "LineString", "coordinates": [[-57.3786434, -25.4982529], [-57.3789911, -25.4981157]]}, "properties": {"osmid": "300592169", "oneway": "False", "lanes": "2", "ref": "D027", "name": "Ruta Departamental 027", "highway": "primary", "length": 38.086, "maxspeed": "60", "bridge": NaN, "access": NaN, "tunnel": NaN, "junction": NaN, "width": NaN, "service": NaN, "roughness": 5.0}}, {"type": "Feature", "geometry": {"type": "LineString", "coordinates": [[-57.3789911, -25.4981157], [-57.3790653, -25.4980864]]}, "properties": {"osmid": "300592169", "oneway": "False", "lanes": "2", "ref": "D027", "name": "Ruta Departamental 027", "highway": "primary", "length": 8.129, "maxspeed": "60", "bridge": NaN, "access": NaN, "tunnel": NaN, "junction": NaN, "width": NaN, "service": NaN, "roughness": 5.0}}, {"type": "Feature", "geometry": {"type": "LineString", "coordinates": [[-57.3790653, -25.4980864], [-57.3793773, -25.4979669]]}, "properties": {"osmid": "300592169", "oneway": "False", "lanes": "2", "ref": "D027", "name": "Ruta Departamental 027", "highway": "primary", "length": 34.016, "maxspeed": "60", "bridge": NaN, "access": NaN, "tunnel": NaN, "junction": NaN, "width": NaN, "service": NaN, "roughness": 5.0}}, {"type": "Feature", "geometry": {"type": "LineString", "coordinates": [[-57.3793773, -25.4979669], [-57.3794269, -25.4979479]]}, "properties": {"osmid": "300592169", "oneway": "False", "lanes": "2", "ref": "D027", "name": "Ruta Departamental 027", "highway": "primary", "length": 5.408, "maxspeed": "60", "bridge": NaN, "access": NaN, "tunnel": NaN, "junction": NaN, "width": NaN, "service": NaN, "roughness": 5.0}}, {"type": "Feature", "geometry": {"type": "LineString", "coordinates": [[-57.3794269, -25.4979479], [-57.3797592, -25.4978508]]}, "properties": {"osmid": "300592169", "oneway": "False", "lanes": "2", "ref": "D027", "name": "Ruta Departamental 027", "highway": "primary", "length": 35.055, "maxspeed": "60", "bridge": NaN, "access": NaN, "tunnel": NaN, "junction": NaN, "width": NaN, "service": NaN, "roughness": 5.0}}, {"type": "Feature", "geometry": {"type": "LineString", "coordinates": [[-57.3797592, -25.4978508], [-57.383171, -25.4970628]]}, "properties": {"osmid": "300592169", "oneway": "False", "lanes": "2", "ref": "D027", "name": "Ruta Departamental 027", "highway": "primary", "length": 353.459, "maxspeed": "60", "bridge": NaN, "access": NaN, "tunnel": NaN, "junction": NaN, "width": NaN, "service": NaN, "roughness": 5.0}}, {"type": "Feature", "geometry": {"type": "LineString", "coordinates": [[-57.383171, -25.4970628], [-57.3843175, -25.4967953]]}, "properties": {"osmid": "300592169", "oneway": "False", "lanes": "2", "ref": "D027", "name": "Ruta Departamental 027", "highway": "primary", "length": 118.851, "maxspeed": "60", "bridge": NaN, "access": NaN, "tunnel": NaN, "junction": NaN, "width": NaN, "service": NaN, "roughness": 5.0}}, {"type": "Feature", "geometry": {"type": "LineString", "coordinates": [[-57.3843175, -25.4967953], [-57.3850318, -25.4966287]]}, "properties": {"osmid": "300592169", "oneway": "False", "lanes": "2", "ref": "D027", "name": "Ruta Departamental 027", "highway": "primary", "length": 74.046, "maxspeed": "60", "bridge": NaN, "access": NaN, "tunnel": NaN, "junction": NaN, "width": NaN, "service": NaN, "roughness": 5.0}}, {"type": "Feature", "geometry": {"type": "LineString", "coordinates": [[-57.3850318, -25.4966287], [-57.386006, -25.4964014]]}, "properties": {"osmid": "300592169", "oneway": "False", "lanes": "2", "ref": "D027", "name": "Ruta Departamental 027", "highway": "primary", "length": 100.99, "maxspeed": "60", "bridge": NaN, "access": NaN, "tunnel": NaN, "junction": NaN, "width": NaN, "service": NaN, "roughness": 5.0}}, {"type": "Feature", "geometry": {"type": "LineString", "coordinates": [[-57.386006, -25.4964014], [-57.3871993, -25.496123]]}, "properties": {"osmid": "300592169", "oneway": "False", "lanes": "2", "ref": "D027", "name": "Ruta Departamental 027", "highway": "primary", "length": 123.703, "maxspeed": "60", "bridge": NaN, "access": NaN, "tunnel": NaN, "junction": NaN, "width": NaN, "service": NaN, "roughness": 5.0}}, {"type": "Feature", "geometry": {"type": "LineString", "coordinates": [[-57.3871993, -25.496123], [-57.3883837, -25.4958403]]}, "properties": {"osmid": "300592169", "oneway": "False", "lanes": "2", "ref": "D027", "name": "Ruta Departamental 027", "highway": "primary", "length": 122.96, "maxspeed": "60", "bridge": NaN, "access": NaN, "tunnel": NaN, "junction": NaN, "width": NaN, "service": NaN, "roughness": 5.0}}, {"type": "Feature", "geometry": {"type": "LineString", "coordinates": [[-57.3883837, -25.4958403], [-57.389324, -25.4956308]]}, "properties": {"osmid": "300592169", "oneway": "False", "lanes": "2", "ref": "D027", "name": "Ruta Departamental 027", "highway": "primary", "length": 97.207, "maxspeed": "60", "bridge": NaN, "access": NaN, "tunnel": NaN, "junction": NaN, "width": NaN, "service": NaN, "roughness": 5.0}}, {"type": "Feature", "geometry": {"type": "LineString", "coordinates": [[-57.389324, -25.4956308], [-57.3912095, -25.4951694]]}, "properties": {"osmid": "300592169", "oneway": "False", "lanes": "2", "ref": "D027", "name": "Ruta Departamental 027", "highway": "primary", "length": 196.073, "maxspeed": "60", "bridge": NaN, "access": NaN, "tunnel": NaN, "junction": NaN, "width": NaN, "service": NaN, "roughness": 5.0}}, {"type": "Feature", "geometry": {"type": "LineString", "coordinates": [[-57.3912095, -25.4951694], [-57.3924907, -25.4949021]]}, "properties": {"osmid": "300592169", "oneway": "False", "lanes": "2", "ref": "D027", "name": "Ruta Departamental 027", "highway": "primary", "length": 131.981, "maxspeed": "60", "bridge": NaN, "access": NaN, "tunnel": NaN, "junction": NaN, "width": NaN, "service": NaN, "roughness": 5.0}}, {"type": "Feature", "geometry": {"type": "LineString", "coordinates": [[-57.3924907, -25.4949021], [-57.3926995, -25.4948484]]}, "properties": {"osmid": "300592169", "oneway": "False", "lanes": "2", "ref": "D027", "name": "Ruta Departamental 027", "highway": "primary", "length": 21.791, "maxspeed": "60", "bridge": NaN, "access": NaN, "tunnel": NaN, "junction": NaN, "width": NaN, "service": NaN, "roughness": 5.0}}, {"type": "Feature", "geometry": {"type": "LineString", "coordinates": [[-57.3926995, -25.4948484], [-57.3928707, -25.4947898]]}, "properties": {"osmid": "300592169", "oneway": "False", "lanes": "2", "ref": "D027", "name": "Ruta Departamental 027", "highway": "primary", "length": 18.377, "maxspeed": "60", "bridge": NaN, "access": NaN, "tunnel": NaN, "junction": NaN, "width": NaN, "service": NaN, "roughness": 5.0}}, {"type": "Feature", "geometry": {"type": "LineString", "coordinates": [[-57.3928707, -25.4947898], [-57.3931121, -25.4946762]]}, "properties": {"osmid": "300592169", "oneway": "False", "lanes": "2", "ref": "D027", "name": "Ruta Departamental 027", "highway": "primary", "length": 27.324, "maxspeed": "60", "bridge": NaN, "access": NaN, "tunnel": NaN, "junction": NaN, "width": NaN, "service": NaN, "roughness": 5.0}}, {"type": "Feature", "geometry": {"type": "LineString", "coordinates": [[-57.3931121, -25.4946762], [-57.3932944, -25.4945577]]}, "properties": {"osmid": "300592169", "oneway": "False", "lanes": "2", "ref": "D027", "name": "Ruta Departamental 027", "highway": "primary", "length": 22.548, "maxspeed": "60", "bridge": NaN, "access": NaN, "tunnel": NaN, "junction": NaN, "width": NaN, "service": NaN, "roughness": 5.0}}, {"type": "Feature", "geometry": {"type": "LineString", "coordinates": [[-57.3932944, -25.4945577], [-57.3962447, -25.4920933]]}, "properties": {"osmid": "300592169", "oneway": "False", "lanes": "2", "ref": "D027", "name": "Ruta Departamental 027", "highway": "primary", "length": 403.457, "maxspeed": "60", "bridge": NaN, "access": NaN, "tunnel": NaN, "junction": NaN, "width": NaN, "service": NaN, "roughness": 5.0}}, {"type": "Feature", "geometry": {"type": "LineString", "coordinates": [[-57.3962447, -25.4920933], [-57.3970068, -25.4914165]]}, "properties": {"osmid": "300592169", "oneway": "False", "lanes": "2", "ref": "D027", "name": "Ruta Departamental 027", "highway": "primary", "length": 107.306, "maxspeed": "60", "bridge": NaN, "access": NaN, "tunnel": NaN, "junction": NaN, "width": NaN, "service": NaN, "roughness": 5.0}}, {"type": "Feature", "geometry": {"type": "LineString", "coordinates": [[-57.3970068, -25.4914165], [-57.3978973, -25.4906255]]}, "properties": {"osmid": "300592169", "oneway": "False", "lanes": "2", "ref": "D027", "name": "Ruta Departamental 027", "highway": "primary", "length": 125.399, "maxspeed": "60", "bridge": NaN, "access": NaN, "tunnel": NaN, "junction": NaN, "width": NaN, "service": NaN, "roughness": 5.0}}, {"type": "Feature", "geometry": {"type": "LineString", "coordinates": [[-57.3978973, -25.4906255], [-57.3984486, -25.4901359]]}, "properties": {"osmid": "300592169", "oneway": "False", "lanes": "2", "ref": "D027", "name": "Ruta Departamental 027", "highway": "primary", "length": 77.626, "maxspeed": "60", "bridge": NaN, "access": NaN, "tunnel": NaN, "junction": NaN, "width": NaN, "service": NaN, "roughness": 5.0}}, {"type": "Feature", "geometry": {"type": "LineString", "coordinates": [[-57.3984486, -25.4901359], [-57.3996737, -25.4890478]]}, "properties": {"osmid": "300592169", "oneway": "False", "lanes": "2", "ref": "D027", "name": "Ruta Departamental 027", "highway": "primary", "length": 172.509, "maxspeed": "60", "bridge": NaN, "access": NaN, "tunnel": NaN, "junction": NaN, "width": NaN, "service": NaN, "roughness": 5.0}}, {"type": "Feature", "geometry": {"type": "LineString", "coordinates": [[-57.3996737, -25.4890478], [-57.4006431, -25.4881868]]}, "properties": {"osmid": "300592169", "oneway": "False", "lanes": "2", "ref": "D027", "name": "Ruta Departamental 027", "highway": "primary", "length": 136.504, "maxspeed": "60", "bridge": NaN, "access": NaN, "tunnel": NaN, "junction": NaN, "width": NaN, "service": NaN, "roughness": 5.0}}, {"type": "Feature", "geometry": {"type": "LineString", "coordinates": [[-57.4006431, -25.4881868], [-57.4022576, -25.4867528]]}, "properties": {"osmid": "300592169", "oneway": "False", "lanes": "2", "ref": "D027", "name": "Ruta Departamental 027", "highway": "primary", "length": 227.347, "maxspeed": "60", "bridge": NaN, "access": NaN, "tunnel": NaN, "junction": NaN, "width": NaN, "service": NaN, "roughness": 5.0}}, {"type": "Feature", "geometry": {"type": "LineString", "coordinates": [[-57.4022576, -25.4867528], [-57.4048214, -25.4843753]]}, "properties": {"osmid": "300592169", "oneway": "False", "lanes": "2", "ref": "D027", "name": "Ruta Departamental 027", "highway": "primary", "length": 368.937, "maxspeed": "60", "bridge": NaN, "access": NaN, "tunnel": NaN, "junction": NaN, "width": NaN, "service": NaN, "roughness": 5.0}}, {"type": "Feature", "geometry": {"type": "LineString", "coordinates": [[-57.4048214, -25.4843753], [-57.4090226, -25.4804794]]}, "properties": {"osmid": "300592169", "oneway": "False", "lanes": "2", "ref": "D027", "name": "Ruta Departamental 027", "highway": "primary", "length": 604.569, "maxspeed": "60", "bridge": NaN, "access": NaN, "tunnel": NaN, "junction": NaN, "width": NaN, "service": NaN, "roughness": 5.0}}, {"type": "Feature", "geometry": {"type": "LineString", "coordinates": [[-57.4090226, -25.4804794], [-57.4095794, -25.480016]]}, "properties": {"osmid": "300592169", "oneway": "False", "lanes": "2", "ref": "D027", "name": "Ruta Departamental 027", "highway": "primary", "length": 76.019, "maxspeed": "60", "bridge": NaN, "access": NaN, "tunnel": NaN, "junction": NaN, "width": NaN, "service": NaN, "roughness": 5.0}}, {"type": "Feature", "geometry": {"type": "LineString", "coordinates": [[-57.4095794, -25.480016], [-57.4139206, -25.4761069]]}, "properties": {"osmid": "300592169", "oneway": "False", "lanes": "2", "ref": "D027", "name": "Ruta Departamental 027", "highway": "primary", "length": 615.5, "maxspeed": "60", "bridge": NaN, "access": NaN, "tunnel": NaN, "junction": NaN, "width": NaN, "service": NaN, "roughness": 5.0}}, {"type": "Feature", "geometry": {"type": "LineString", "coordinates": [[-57.4139206, -25.4761069], [-57.4140253, -25.4760126]]}, "properties": {"osmid": "300592169", "oneway": "False", "lanes": "2", "ref": "D027", "name": "Ruta Departamental 027", "highway": "primary", "length": 14.846, "maxspeed": "60", "bridge": NaN, "access": NaN, "tunnel": NaN, "junction": NaN, "width": NaN, "service": NaN, "roughness": 5.0}}, {"type": "Feature", "geometry": {"type": "LineString", "coordinates": [[-57.4140253, -25.4760126], [-57.4130526, -25.4751338]]}, "properties": {"osmid": "164786901", "oneway": "False", "lanes": "2", "ref": "D073", "name": "Ruta Departamental 73", "highway": "secondary", "length": 138.141, "maxspeed": "50", "bridge": NaN, "access": NaN, "tunnel": NaN, "junction": NaN, "width": NaN, "service": NaN, "roughness": 5.0}}, {"type": "Feature", "geometry": {"type": "LineString", "coordinates": [[-57.4130526, -25.4751338], [-57.4128341, -25.4749364]]}, "properties": {"osmid": "164786901", "oneway": "False", "lanes": "2", "ref": "D073", "name": "Ruta Departamental 73", "highway": "secondary", "length": 31.031, "maxspeed": "50", "bridge": NaN, "access": NaN, "tunnel": NaN, "junction": NaN, "width": NaN, "service": NaN, "roughness": 5.0}}, {"type": "Feature", "geometry": {"type": "LineString", "coordinates": [[-57.4128341, -25.4749364], [-57.4126302, -25.4747573]]}, "properties": {"osmid": "164786901", "oneway": "False", "lanes": "2", "ref": "D073", "name": "Ruta Departamental 73", "highway": "secondary", "length": 28.558, "maxspeed": "50", "bridge": NaN, "access": NaN, "tunnel": NaN, "junction": NaN, "width": NaN, "service": NaN, "roughness": 5.0}}, {"type": "Feature", "geometry": {"type": "LineString", "coordinates": [[-57.4126302, -25.4747573], [-57.4125337, -25.4746604]]}, "properties": {"osmid": "164786901", "oneway": "False", "lanes": "2", "ref": "D073", "name": "Ruta Departamental 73", "highway": "secondary", "length": 14.489, "maxspeed": "50", "bridge": NaN, "access": NaN, "tunnel": NaN, "junction": NaN, "width": NaN, "service": NaN, "roughness": 5.0}}, {"type": "Feature", "geometry": {"type": "LineString", "coordinates": [[-57.4125337, -25.4746604], [-57.4121689, -25.4740841]]}, "properties": {"osmid": "164786901", "oneway": "False", "lanes": "2", "ref": "D073", "name": "Ruta Departamental 73", "highway": "secondary", "length": 73.807, "maxspeed": "50", "bridge": NaN, "access": NaN, "tunnel": NaN, "junction": NaN, "width": NaN, "service": NaN, "roughness": 5.0}}, {"type": "Feature", "geometry": {"type": "LineString", "coordinates": [[-57.4121689, -25.4740841], [-57.4118915, -25.4736028]]}, "properties": {"osmid": "164786901", "oneway": "False", "lanes": "2", "ref": "D073", "name": "Ruta Departamental 73", "highway": "secondary", "length": 60.329, "maxspeed": "50", "bridge": NaN, "access": NaN, "tunnel": NaN, "junction": NaN, "width": NaN, "service": NaN, "roughness": 5.0}}, {"type": "Feature", "geometry": {"type": "LineString", "coordinates": [[-57.4118915, -25.4736028], [-57.4116609, -25.4732028]]}, "properties": {"osmid": "164786901", "oneway": "False", "lanes": "2", "ref": "D073", "name": "Ruta Departamental 73", "highway": "secondary", "length": 50.141, "maxspeed": "50", "bridge": NaN, "access": NaN, "tunnel": NaN, "junction": NaN, "width": NaN, "service": NaN, "roughness": 5.0}}, {"type": "Feature", "geometry": {"type": "LineString", "coordinates": [[-57.4116609, -25.4732028], [-57.4103879, -25.4709943]]}, "properties": {"osmid": "164786901", "oneway": "False", "lanes": "2", "ref": "D073", "name": "Ruta Departamental 73", "highway": "secondary", "length": 276.835, "maxspeed": "50", "bridge": NaN, "access": NaN, "tunnel": NaN, "junction": NaN, "width": NaN, "service": NaN, "roughness": 5.0}}, {"type": "Feature", "geometry": {"type": "LineString", "coordinates": [[-57.4103879, -25.4709943], [-57.4092904, -25.4691808]]}, "properties": {"osmid": "164786901", "oneway": "False", "lanes": "2", "ref": "D073", "name": "Ruta Departamental 73", "highway": "secondary", "length": 229.788, "maxspeed": "50", "bridge": NaN, "access": NaN, "tunnel": NaN, "junction": NaN, "width": NaN, "service": NaN, "roughness": 5.0}}, {"type": "Feature", "geometry": {"type": "LineString", "coordinates": [[-57.4092904, -25.4691808], [-57.4091541, -25.4688876]]}, "properties": {"osmid": "164786901", "oneway": "False", "lanes": "2", "ref": "D073", "name": "Ruta Departamental 73", "highway": "secondary", "length": 35.357, "maxspeed": "50", "bridge": NaN, "access": NaN, "tunnel": NaN, "junction": NaN, "width": NaN, "service": NaN, "roughness": 5.0}}, {"type": "Feature", "geometry": {"type": "LineString", "coordinates": [[-57.4091541, -25.4688876], [-57.4090844, -25.4687132]]}, "properties": {"osmid": "164786901", "oneway": "False", "lanes": "2", "ref": "D073", "name": "Ruta Departamental 73", "highway": "secondary", "length": 20.616, "maxspeed": "50", "bridge": NaN, "access": NaN, "tunnel": NaN, "junction": NaN, "width": NaN, "service": NaN, "roughness": 5.0}}, {"type": "Feature", "geometry": {"type": "LineString", "coordinates": [[-57.4090844, -25.4687132], [-57.4090575, -25.4685098]]}, "properties": {"osmid": "164786901", "oneway": "False", "lanes": "2", "ref": "D073", "name": "Ruta Departamental 73", "highway": "secondary", "length": 22.778, "maxspeed": "50", "bridge": NaN, "access": NaN, "tunnel": NaN, "junction": NaN, "width": NaN, "service": NaN, "roughness": 5.0}}, {"type": "Feature", "geometry": {"type": "LineString", "coordinates": [[-57.4090575, -25.4685098], [-57.4090285, -25.4678144]]}, "properties": {"osmid": "164786901", "oneway": "False", "lanes": "2", "ref": "D073", "name": "Ruta Departamental 73", "highway": "secondary", "length": 77.38, "maxspeed": "50", "bridge": NaN, "access": NaN, "tunnel": NaN, "junction": NaN, "width": NaN, "service": NaN, "roughness": 5.0}}, {"type": "Feature", "geometry": {"type": "LineString", "coordinates": [[-57.4090285, -25.4678144], [-57.408964, -25.467159]]}, "properties": {"osmid": "164786901", "oneway": "False", "lanes": "2", "ref": "D073", "name": "Ruta Departamental 73", "highway": "secondary", "length": 73.164, "maxspeed": "50", "bridge": NaN, "access": NaN, "tunnel": NaN, "junction": NaN, "width": NaN, "service": NaN, "roughness": 5.0}}, {"type": "Feature", "geometry": {"type": "LineString", "coordinates": [[-57.408964, -25.467159], [-57.4088833, -25.4667969]]}, "properties": {"osmid": "164786901", "oneway": "False", "lanes": "2", "ref": "D073", "name": "Ruta Departamental 73", "highway": "secondary", "length": 41.071, "maxspeed": "50", "bridge": NaN, "access": NaN, "tunnel": NaN, "junction": NaN, "width": NaN, "service": NaN, "roughness": 5.0}}, {"type": "Feature", "geometry": {"type": "LineString", "coordinates": [[-57.4088833, -25.4667969], [-57.4088116, -25.4665197]]}, "properties": {"osmid": "164786901", "oneway": "False", "lanes": "2", "ref": "D073", "name": "Ruta Departamental 73", "highway": "secondary", "length": 31.653, "maxspeed": "50", "bridge": NaN, "access": NaN, "tunnel": NaN, "junction": NaN, "width": NaN, "service": NaN, "roughness": 5.0}}, {"type": "Feature", "geometry": {"type": "LineString", "coordinates": [[-57.4088116, -25.4665197], [-57.4086238, -25.465987]]}, "properties": {"osmid": "164786901", "oneway": "False", "lanes": "2", "ref": "D073", "name": "Ruta Departamental 73", "highway": "secondary", "length": 62.162, "maxspeed": "50", "bridge": NaN, "access": NaN, "tunnel": NaN, "junction": NaN, "width": NaN, "service": NaN, "roughness": 5.0}}, {"type": "Feature", "geometry": {"type": "LineString", "coordinates": [[-57.4086238, -25.465987], [-57.4082282, -25.4649818]]}, "properties": {"osmid": "164786901", "oneway": "False", "lanes": "2", "ref": "D073", "name": "Ruta Departamental 73", "highway": "secondary", "length": 118.619, "maxspeed": "50", "bridge": NaN, "access": NaN, "tunnel": NaN, "junction": NaN, "width": NaN, "service": NaN, "roughness": 5.0}}, {"type": "Feature", "geometry": {"type": "LineString", "coordinates": [[-57.4082282, -25.4649818], [-57.4078935, -25.4641076]]}, "properties": {"osmid": "164786901", "oneway": "False", "lanes": "2", "ref": "D073", "name": "Ruta Departamental 73", "highway": "secondary", "length": 102.85, "maxspeed": "50", "bridge": NaN, "access": NaN, "tunnel": NaN, "junction": NaN, "width": NaN, "service": NaN, "roughness": 5.0}}, {"type": "Feature", "geometry": {"type": "LineString", "coordinates": [[-57.4078935, -25.4641076], [-57.4074323, -25.4627518]]}, "properties": {"osmid": "164786901", "oneway": "False", "lanes": "2", "ref": "D073", "name": "Ruta Departamental 73", "highway": "secondary", "length": 157.708, "maxspeed": "50", "bridge": NaN, "access": NaN, "tunnel": NaN, "junction": NaN, "width": NaN, "service": NaN, "roughness": 5.0}}, {"type": "Feature", "geometry": {"type": "LineString", "coordinates": [[-57.4074323, -25.4627518], [-57.4069919, -25.4616193]]}, "properties": {"osmid": "164786901", "oneway": "False", "lanes": "2", "ref": "D073", "name": "Ruta Departamental 73", "highway": "secondary", "length": 133.465, "maxspeed": "50", "bridge": NaN, "access": NaN, "tunnel": NaN, "junction": NaN, "width": NaN, "service": NaN, "roughness": 5.0}}, {"type": "Feature", "geometry": {"type": "LineString", "coordinates": [[-57.4069919, -25.4616193], [-57.4069246, -25.4614462]]}, "properties": {"osmid": "164786901", "oneway": "False", "lanes": "2", "ref": "D073", "name": "Ruta Departamental 73", "highway": "secondary", "length": 20.399, "maxspeed": "50", "bridge": NaN, "access": NaN, "tunnel": NaN, "junction": NaN, "width": NaN, "service": NaN, "roughness": 5.0}}, {"type": "Feature", "geometry": {"type": "LineString", "coordinates": [[-57.4069246, -25.4614462], [-57.4065255, -25.4603394]]}, "properties": {"osmid": "164786901", "oneway": "False", "lanes": "2", "ref": "D073", "name": "Ruta Departamental 73", "highway": "secondary", "length": 129.429, "maxspeed": "50", "bridge": NaN, "access": NaN, "tunnel": NaN, "junction": NaN, "width": NaN, "service": NaN, "roughness": 5.0}}, {"type": "Feature", "geometry": {"type": "LineString", "coordinates": [[-57.4065255, -25.4603394], [-57.4061218, -25.4591089]]}, "properties": {"osmid": "164786901", "oneway": "False", "lanes": "2", "ref": "D073", "name": "Ruta Departamental 73", "highway": "secondary", "length": 142.702, "maxspeed": "50", "bridge": NaN, "access": NaN, "tunnel": NaN, "junction": NaN, "width": NaN, "service": NaN, "roughness": 5.0}}]}