{"type": "FeatureCollection", "features": [{"type": "Feature", "geometry": {"type": "LineString", "coordinates": [[-57.3763128, -25.5294593], [-57.3754116, -25.5271939]]}, "properties": {"osmid": "626247070", "oneway": "False", "lanes": NaN, "ref": NaN, "name": "Ruta Yukyty - It\u00e1", "highway": "secondary", "length": 267.64, "maxspeed": "80", "bridge": NaN, "access": NaN, "tunnel": NaN, "junction": NaN, "width": NaN, "service": NaN, "roughness": 5.0}}, {"type": "Feature", "geometry": {"type": "LineString", "coordinates": [[-57.3754116, -25.5271939], [-57.3751203, -25.5264179]]}, "properties": {"osmid": "626247070", "oneway": "False", "lanes": NaN, "ref": NaN, "name": "Ruta Yukyty - It\u00e1", "highway": "secondary", "length": 91.104, "maxspeed": "80", "bridge": NaN, "access": NaN, "tunnel": NaN, "junction": NaN, "width": NaN, "service": NaN, "roughness": 5.0}}, {"type": "Feature", "geometry": {"type": "LineString", "coordinates": [[-57.3751203, -25.5264179], [-57.3750683, -25.526216]]}, "properties": {"osmid": "626247070", "oneway": "False", "lanes": NaN, "ref": NaN, "name": "Ruta Yukyty - It\u00e1", "highway": "secondary", "length": 23.049, "maxspeed": "80", "bridge": NaN, "access": NaN, "tunnel": NaN, "junction": NaN, "width": NaN, "service": NaN, "roughness": 5.0}}, {"type": "Feature", "geometry": {"type": "LineString", "coordinates": [[-57.3750683, -25.526216], [-57.3750576, -25.5259933]]}, "properties": {"osmid": "626247070", "oneway": "False", "lanes": NaN, "ref": NaN, "name": "Ruta Yukyty - It\u00e1", "highway": "secondary", "length": 24.786, "maxspeed": "80", "bridge": NaN, "access": NaN, "tunnel": NaN, "junction": NaN, "width": NaN, "service": NaN, "roughness": 5.0}}, {"type": "Feature", "geometry": {"type": "LineString", "coordinates": [[-57.3750576, -25.5259933], [-57.3750468, -25.5257997]]}, "properties": {"osmid": "626247070", "oneway": "False", "lanes": NaN, "ref": NaN, "name": "Ruta Yukyty - It\u00e1", "highway": "secondary", "length": 21.555, "maxspeed": "80", "bridge": NaN, "access": NaN, "tunnel": NaN, "junction": NaN, "width": NaN, "service": NaN, "roughness": 5.0}}, {"type": "Feature", "geometry": {"type": "LineString", "coordinates": [[-57.3750468, -25.5257997], [-57.3751112, -25.5252382]]}, "properties": {"osmid": "626247070", "oneway": "False", "lanes": NaN, "ref": NaN, "name": "Ruta Yukyty - It\u00e1", "highway": "secondary", "length": 62.77, "maxspeed": "80", "bridge": NaN, "access": NaN, "tunnel": NaN, "junction": NaN, "width": NaN, "service": NaN, "roughness": 5.0}}, {"type": "Feature", "geometry": {"type": "LineString", "coordinates": [[-57.3751112, -25.5252382], [-57.3751005, -25.5250542]]}, "properties": {"osmid": "626247070", "oneway": "False", "lanes": NaN, "ref": NaN, "name": "Ruta Yukyty - It\u00e1", "highway": "secondary", "length": 20.488, "maxspeed": "80", "bridge": NaN, "access": NaN, "tunnel": NaN, "junction": NaN, "width": NaN, "service": NaN, "roughness": 5.0}}, {"type": "Feature", "geometry": {"type": "LineString", "coordinates": [[-57.3751005, -25.5250542], [-57.3750774, -25.5248301]]}, "properties": {"osmid": "626247070", "oneway": "False", "lanes": NaN, "ref": NaN, "name": "Ruta Yukyty - It\u00e1", "highway": "secondary", "length": 25.026, "maxspeed": "80", "bridge": NaN, "access": NaN, "tunnel": NaN, "junction": NaN, "width": NaN, "service": NaN, "roughness": 5.0}}, {"type": "Feature", "geometry": {"type": "LineString", "coordinates": [[-57.3750774, -25.5248301], [-57.3749057, -25.523678]]}, "properties": {"osmid": "626247070", "oneway": "False", "lanes": NaN, "ref": NaN, "name": "Ruta Yukyty - It\u00e1", "highway": "secondary", "length": 129.261, "maxspeed": "80", "bridge": NaN, "access": NaN, "tunnel": NaN, "junction": NaN, "width": NaN, "service": NaN, "roughness": 5.0}}, {"type": "Feature", "geometry": {"type": "LineString", "coordinates": [[-57.3749057, -25.523678], [-57.3748414, -25.5232423]]}, "properties": {"osmid": "626247070", "oneway": "False", "lanes": NaN, "ref": NaN, "name": "Ruta Yukyty - It\u00e1", "highway": "secondary", "length": 48.875, "maxspeed": "80", "bridge": NaN, "access": NaN, "tunnel": NaN, "junction": NaN, "width": NaN, "service": NaN, "roughness": 5.0}}, {"type": "Feature", "geometry": {"type": "LineString", "coordinates": [[-57.3748414, -25.5232423], [-57.3748294, -25.5229263]]}, "properties": {"osmid": "626247070", "oneway": "False", "lanes": NaN, "ref": NaN, "name": "Ruta Yukyty - It\u00e1", "highway": "secondary", "length": 35.158, "maxspeed": "80", "bridge": NaN, "access": NaN, "tunnel": NaN, "junction": NaN, "width": NaN, "service": NaN, "roughness": 5.0}}, {"type": "Feature", "geometry": {"type": "LineString", "coordinates": [[-57.3748294, -25.5229263], [-57.3747893, -25.522779]]}, "properties": {"osmid": "626247070", "oneway": "False", "lanes": NaN, "ref": NaN, "name": "Ruta Yukyty - It\u00e1", "highway": "secondary", "length": 16.866, "maxspeed": "80", "bridge": NaN, "access": NaN, "tunnel": NaN, "junction": NaN, "width": NaN, "service": NaN, "roughness": 5.0}}, {"type": "Feature", "geometry": {"type": "LineString", "coordinates": [[-57.3747893, -25.522779], [-57.3745563, -25.5221104]]}, "properties": {"osmid": "626247070", "oneway": "False", "lanes": NaN, "ref": NaN, "name": "Ruta Yukyty - It\u00e1", "highway": "secondary", "length": 77.935, "maxspeed": "80", "bridge": NaN, "access": NaN, "tunnel": NaN, "junction": NaN, "width": NaN, "service": NaN, "roughness": 5.0}}, {"type": "Feature", "geometry": {"type": "LineString", "coordinates": [[-57.3745563, -25.5221104], [-57.3725615, -25.5219304]]}, "properties": {"osmid": "268094644", "oneway": "False", "lanes": "2", "ref": "PY01", "name": "Acceso Sur", "highway": "trunk", "length": 201.166, "maxspeed": "80", "bridge": NaN, "access": NaN, "tunnel": NaN, "junction": NaN, "width": NaN, "service": NaN, "roughness": 5.0}}, {"type": "Feature", "geometry": {"type": "LineString", "coordinates": [[-57.3725615, -25.5219304], [-57.3636991, -25.5212454]]}, "properties": {"osmid": "268094644", "oneway": "False", "lanes": "2", "ref": "PY01", "name": "Acceso Sur", "highway": "trunk", "length": 892.554, "maxspeed": "80", "bridge": NaN, "access": NaN, "tunnel": NaN, "junction": NaN, "width": NaN, "service": NaN, "roughness": 5.0}}, {"type": "Feature", "geometry": {"type": "LineString", "coordinates": [[-57.3636991, -25.5212454], [-57.3632375, -25.5212098]]}, "properties": {"osmid": "268094644", "oneway": "False", "lanes": "2", "ref": "PY01", "name": "Acceso Sur", "highway": "trunk", "length": 46.488, "maxspeed": "80", "bridge": NaN, "access": NaN, "tunnel": NaN, "junction": NaN, "width": NaN, "service": NaN, "roughness": 5.0}}, {"type": "Feature", "geometry": {"type": "LineString", "coordinates": [[-57.3632375, -25.5212098], [-57.3570399, -25.5207322]]}, "properties": {"osmid": "268094644", "oneway": "False", "lanes": "2", "ref": "PY01", "name": "Acceso Sur", "highway": "trunk", "length": 624.165, "maxspeed": "80", "bridge": NaN, "access": NaN, "tunnel": NaN, "junction": NaN, "width": NaN, "service": NaN, "roughness": 5.0}}, {"type": "Feature", "geometry": {"type": "LineString", "coordinates": [[-57.3570399, -25.5207322], [-57.3597291, -25.5174674]]}, "properties": {"osmid": "267939004", "oneway": "False", "lanes": "2", "ref": "D074", "name": "Ruta Departamental 074", "highway": "tertiary", "length": 452.34, "maxspeed": "40", "bridge": NaN, "access": NaN, "tunnel": NaN, "junction": NaN, "width": NaN, "service": NaN, "roughness": 5.0}}, {"type": "Feature", "geometry": {"type": "LineString", "coordinates": [[-57.3597291, -25.5174674], [-57.3597935, -25.5173124]]}, "properties": {"osmid": "267939004", "oneway": "False", "lanes": "2", "ref": "D074", "name": "Ruta Departamental 074", "highway": "tertiary", "length": 18.407, "maxspeed": "40", "bridge": NaN, "access": NaN, "tunnel": NaN, "junction": NaN, "width": NaN, "service": NaN, "roughness": 5.0}}, {"type": "Feature", "geometry": {"type": "LineString", "coordinates": [[-57.3597935, -25.5173124], [-57.3598257, -25.5171817]]}, "properties": {"osmid": "267939004", "oneway": "False", "lanes": "2", "ref": "D074", "name": "Ruta Departamental 074", "highway": "tertiary", "length": 14.888, "maxspeed": "40", "bridge": NaN, "access": NaN, "tunnel": NaN, "junction": NaN, "width": NaN, "service": NaN, "roughness": 5.0}}, {"type": "Feature", "geometry": {"type": "LineString", "coordinates": [[-57.3598257, -25.5171817], [-57.3598203, -25.5170316]]}, "properties": {"osmid": "267939004", "oneway": "False", "lanes": "2", "ref": "D074", "name": "Ruta Departamental 074", "highway": "tertiary", "length": 16.699, "maxspeed": "40", "bridge": NaN, "access": NaN, "tunnel": NaN, "junction": NaN, "width": NaN, "service": NaN, "roughness": 5.0}}, {"type": "Feature", "geometry": {"type": "LineString", "coordinates": [[-57.3598203, -25.5170316], [-57.3598015, -25.5168985]]}, "properties": {"osmid": "267939004", "oneway": "False", "lanes": "2", "ref": "D074", "name": "Ruta Departamental 074", "highway": "tertiary", "length": 14.92, "maxspeed": "40", "bridge": NaN, "access": NaN, "tunnel": NaN, "junction": NaN, "width": NaN, "service": NaN, "roughness": 5.0}}, {"type": "Feature", "geometry": {"type": "LineString", "coordinates": [[-57.3598015, -25.5168985], [-57.3595306, -25.5155447]]}, "properties": {"osmid": "506755613", "oneway": "False", "lanes": "2", "ref": "D074", "name": "General Bernardino Caballero", "highway": "tertiary", "length": 152.971, "maxspeed": "40", "bridge": NaN, "access": NaN, "tunnel": NaN, "junction": NaN, "width": NaN, "service": NaN, "roughness": 5.0}}, {"type": "Feature", "geometry": {"type": "LineString", "coordinates": [[-57.3595306, -25.5155447], [-57.3593193, -25.5144737]]}, "properties": {"osmid": "506755613", "oneway": "False", "lanes": "2", "ref": "D074", "name": "General Bernardino Caballero", "highway": "tertiary", "length": 120.963, "maxspeed": "40", "bridge": NaN, "access": NaN, "tunnel": NaN, "junction": NaN, "width": NaN, "service": NaN, "roughness": 5.0}}, {"type": "Feature", "geometry": {"type": "LineString", "coordinates": [[-57.3593193, -25.5144737], [-57.3590549, -25.5131334]]}, "properties": {"osmid": "506755613", "oneway": "False", "lanes": "2", "ref": "D074", "name": "General Bernardino Caballero", "highway": "tertiary", "length": 151.378, "maxspeed": "40", "bridge": NaN, "access": NaN, "tunnel": NaN, "junction": NaN, "width": NaN, "service": NaN, "roughness": 5.0}}, {"type": "Feature", "geometry": {"type": "LineString", "coordinates": [[-57.3590549, -25.5131334], [-57.358794, -25.5118169]]}, "properties": {"osmid": "506755613", "oneway": "False", "lanes": "2", "ref": "D074", "name": "General Bernardino Caballero", "highway": "tertiary", "length": 148.711, "maxspeed": "40", "bridge": NaN, "access": NaN, "tunnel": NaN, "junction": NaN, "width": NaN, "service": NaN, "roughness": 5.0}}, {"type": "Feature", "geometry": {"type": "LineString", "coordinates": [[-57.358794, -25.5118169], [-57.3585566, -25.5105978]]}, "properties": {"osmid": "506755613", "oneway": "False", "lanes": "2", "ref": "D074", "name": "General Bernardino Caballero", "highway": "tertiary", "length": 137.636, "maxspeed": "40", "bridge": NaN, "access": NaN, "tunnel": NaN, "junction": NaN, "width": NaN, "service": NaN, "roughness": 5.0}}, {"type": "Feature", "geometry": {"type": "LineString", "coordinates": [[-57.3585566, -25.5105978], [-57.3583787, -25.5096839]]}, "properties": {"osmid": "506755613", "oneway": "False", "lanes": "2", "ref": "D074", "name": "General Bernardino Caballero", "highway": "tertiary", "length": 103.178, "maxspeed": "40", "bridge": NaN, "access": NaN, "tunnel": NaN, "junction": NaN, "width": NaN, "service": NaN, "roughness": 5.0}}, {"type": "Feature", "geometry": {"type": "LineString", "coordinates": [[-57.3583787, -25.5096839], [-57.3582067, -25.5088002]]}, "properties": {"osmid": "506755613", "oneway": "False", "lanes": "2", "ref": "D074", "name": "General Bernardino Caballero", "highway": "tertiary", "length": 99.768, "maxspeed": "40", "bridge": NaN, "access": NaN, "tunnel": NaN, "junction": NaN, "width": NaN, "service": NaN, "roughness": 5.0}}, {"type": "Feature", "geometry": {"type": "LineString", "coordinates": [[-57.3582067, -25.5088002], [-57.3579578, -25.5075219]]}, "properties": {"osmid": "506755613", "oneway": "False", "lanes": "2", "ref": "D074", "name": "General Bernardino Caballero", "highway": "tertiary", "length": 144.319, "maxspeed": "40", "bridge": NaN, "access": NaN, "tunnel": NaN, "junction": NaN, "width": NaN, "service": NaN, "roughness": 5.0}}, {"type": "Feature", "geometry": {"type": "LineString", "coordinates": [[-57.3579578, -25.5075219], [-57.3576918, -25.50619]]}, "properties": {"osmid": "29045098", "oneway": "False", "lanes": "2", "ref": "D074", "name": "General Marcial Samaniego", "highway": "primary", "length": 150.487, "maxspeed": "60", "bridge": NaN, "access": NaN, "tunnel": NaN, "junction": NaN, "width": NaN, "service": NaN, "roughness": 5.0}}, {"type": "Feature", "geometry": {"type": "LineString", "coordinates": [[-57.3576918, -25.50619], [-57.3574572, -25.5047471]]}, "properties": {"osmid": "29045098", "oneway": "False", "lanes": "2", "ref": "D074", "name": "General Marcial Samaniego", "highway": "primary", "length": 162.162, "maxspeed": "60", "bridge": NaN, "access": NaN, "tunnel": NaN, "junction": NaN, "width": NaN, "service": NaN, "roughness": 5.0}}, {"type": "Feature", "geometry": {"type": "LineString", "coordinates": [[-57.3574572, -25.5047471], [-57.3573681, -25.5043218]]}, "properties": {"osmid": "29045098", "oneway": "False", "lanes": "2", "ref": "D074", "name": "General Marcial Samaniego", "highway": "primary", "length": 48.129, "maxspeed": "60", "bridge": NaN, "access": NaN, "tunnel": NaN, "junction": NaN, "width": NaN, "service": NaN, "roughness": 5.0}}, {"type": "Feature", "geometry": {"type": "LineString", "coordinates": [[-57.3573681, -25.5043218], [-57.3572387, -25.5037041]]}, "properties": {"osmid": "29045098", "oneway": "False", "lanes": "2", "ref": "D074", "name": "General Marcial Samaniego", "highway": "primary", "length": 69.902, "maxspeed": "60", "bridge": NaN, "access": NaN, "tunnel": NaN, "junction": NaN, "width": NaN, "service": NaN, "roughness": 5.0}}, {"type": "Feature", "geometry": {"type": "LineString", "coordinates": [[-57.3572387, -25.5037041], [-57.3571414, -25.5032394]]}, "properties": {"osmid": "29045098", "oneway": "False", "lanes": "2", "ref": "D074", "name": "General Marcial Samaniego", "highway": "primary", "length": 52.587, "maxspeed": "60", "bridge": NaN, "access": NaN, "tunnel": NaN, "junction": NaN, "width": NaN, "service": NaN, "roughness": 5.0}}, {"type": "Feature", "geometry": {"type": "LineString", "coordinates": [[-57.3571414, -25.5032394], [-57.3570272, -25.5022483]]}, "properties": {"osmid": "29045098", "oneway": "False", "lanes": "2", "ref": "D074", "name": "General Marcial Samaniego", "highway": "primary", "length": 110.8, "maxspeed": "60", "bridge": NaN, "access": NaN, "tunnel": NaN, "junction": NaN, "width": NaN, "service": NaN, "roughness": 5.0}}, {"type": "Feature", "geometry": {"type": "LineString", "coordinates": [[-57.3570272, -25.5022483], [-57.3570004, -25.5016523]]}, "properties": {"osmid": "29045098", "oneway": "False", "lanes": "2", "ref": "D074", "name": "General Marcial Samaniego", "highway": "primary", "length": 66.327, "maxspeed": "60", "bridge": NaN, "access": NaN, "tunnel": NaN, "junction": NaN, "width": NaN, "service": NaN, "roughness": 5.0}}, {"type": "Feature", "geometry": {"type": "LineString", "coordinates": [[-57.3570004, -25.5016523], [-57.3570884, -25.5011362]]}, "properties": {"osmid": "29045098", "oneway": "False", "lanes": "2", "ref": "D074", "name": "General Marcial Samaniego", "highway": "primary", "length": 58.063, "maxspeed": "60", "bridge": NaN, "access": NaN, "tunnel": NaN, "junction": NaN, "width": NaN, "service": NaN, "roughness": 5.0}}, {"type": "Feature", "geometry": {"type": "LineString", "coordinates": [[-57.3570884, -25.5011362], [-57.3572059, -25.5005639]]}, "properties": {"osmid": "29045098", "oneway": "False", "lanes": "2", "ref": "D074", "name": "General Marcial Samaniego", "highway": "primary", "length": 64.72, "maxspeed": "60", "bridge": NaN, "access": NaN, "tunnel": NaN, "junction": NaN, "width": NaN, "service": NaN, "roughness": 5.0}}, {"type": "Feature", "geometry": {"type": "LineString", "coordinates": [[-57.3572059, -25.5005639], [-57.3572838, -25.5000051]]}, "properties": {"osmid": "29045098", "oneway": "False", "lanes": "2", "ref": "D074", "name": "General Marcial Samaniego", "highway": "primary", "length": 62.626, "maxspeed": "60", "bridge": NaN, "access": NaN, "tunnel": NaN, "junction": NaN, "width": NaN, "service": NaN, "roughness": 5.0}}, {"type": "Feature", "geometry": {"type": "LineString", "coordinates": [[-57.3572838, -25.5000051], [-57.3574698, -25.4994096]]}, "properties": {"osmid": "29045098", "oneway": "False", "lanes": "2", "ref": "D074", "name": "General Marcial Samaniego", "highway": "primary", "length": 68.798, "maxspeed": "60", "bridge": NaN, "access": NaN, "tunnel": NaN, "junction": NaN, "width": NaN, "service": NaN, "roughness": 5.0}}, {"type": "Feature", "geometry": {"type": "LineString", "coordinates": [[-57.3574698, -25.4994096], [-57.3579154, -25.497549]]}, "properties": {"osmid": "29045098", "oneway": "False", "lanes": "2", "ref": "D074", "name": "General Marcial Samaniego", "highway": "primary", "length": 211.668, "maxspeed": "60", "bridge": NaN, "access": NaN, "tunnel": NaN, "junction": NaN, "width": NaN, "service": NaN, "roughness": 5.0}}, {"type": "Feature", "geometry": {"type": "LineString", "coordinates": [[-57.3579154, -25.497549], [-57.3580937, -25.4968046]]}, "properties": {"osmid": "29045098", "oneway": "False", "lanes": "2", "ref": "D074", "name": "General Marcial Samaniego", "highway": "primary", "length": 84.686, "maxspeed": "60", "bridge": NaN, "access": NaN, "tunnel": NaN, "junction": NaN, "width": NaN, "service": NaN, "roughness": 5.0}}, {"type": "Feature", "geometry": {"type": "LineString", "coordinates": [[-57.3580937, -25.4968046], [-57.3584111, -25.4954055]]}, "properties": {"osmid": "29045098", "oneway": "False", "lanes": "2", "ref": "D074", "name": "General Marcial Samaniego", "highway": "primary", "length": 158.801, "maxspeed": "60", "bridge": NaN, "access": NaN, "tunnel": NaN, "junction": NaN, "width": NaN, "service": NaN, "roughness": 5.0}}, {"type": "Feature", "geometry": {"type": "LineString", "coordinates": [[-57.3584111, -25.4954055], [-57.3584413, -25.4952724]]}, "properties": {"osmid": "29045098", "oneway": "False", "lanes": "2", "ref": "D074", "name": "General Marcial Samaniego", "highway": "primary", "length": 15.107, "maxspeed": "60", "bridge": NaN, "access": NaN, "tunnel": NaN, "junction": NaN, "width": NaN, "service": NaN, "roughness": 5.0}}, {"type": "Feature", "geometry": {"type": "LineString", "coordinates": [[-57.3584413, -25.4952724], [-57.3586327, -25.494452]]}, "properties": {"osmid": "29045098", "oneway": "False", "lanes": "2", "ref": "D074", "name": "General Marcial Samaniego", "highway": "primary", "length": 93.225, "maxspeed": "60", "bridge": NaN, "access": NaN, "tunnel": NaN, "junction": NaN, "width": NaN, "service": NaN, "roughness": 5.0}}, {"type": "Feature", "geometry": {"type": "LineString", "coordinates": [[-57.3586327, -25.494452], [-57.3587591, -25.4939101]]}, "properties": {"osmid": "29045098", "oneway": "False", "lanes": "2", "ref": "D074", "name": "General Marcial Samaniego", "highway": "primary", "length": 61.578, "maxspeed": "60", "bridge": NaN, "access": NaN, "tunnel": NaN, "junction": NaN, "width": NaN, "service": NaN, "roughness": 5.0}}, {"type": "Feature", "geometry": {"type": "LineString", "coordinates": [[-57.3587591, -25.4939101], [-57.3589475, -25.493103]]}, "properties": {"osmid": "29045098", "oneway": "False", "lanes": "2", "ref": "D074", "name": "General Marcial Samaniego", "highway": "primary", "length": 91.716, "maxspeed": "60", "bridge": NaN, "access": NaN, "tunnel": NaN, "junction": NaN, "width": NaN, "service": NaN, "roughness": 5.0}}, {"type": "Feature", "geometry": {"type": "LineString", "coordinates": [[-57.3589475, -25.493103], [-57.3591955, -25.4920398]]}, "properties": {"osmid": "29045098", "oneway": "False", "lanes": "2", "ref": "D074", "name": "General Marcial Samaniego", "highway": "primary", "length": 120.815, "maxspeed": "60", "bridge": NaN, "access": NaN, "tunnel": NaN, "junction": NaN, "width": NaN, "service": NaN, "roughness": 5.0}}, {"type": "Feature", "geometry": {"type": "LineString", "coordinates": [[-57.3591955, -25.4920398], [-57.361608, -25.4817725]]}, "properties": {"osmid": "29045098", "oneway": "False", "lanes": "2", "ref": "D074", "name": "General Marcial Samaniego", "highway": "primary", "length": 1167.071, "maxspeed": "60", "bridge": NaN, "access": NaN, "tunnel": NaN, "junction": NaN, "width": NaN, "service": NaN, "roughness": 5.0}}, {"type": "Feature", "geometry": {"type": "LineString", "coordinates": [[-57.361608, -25.4817725], [-57.3617296, -25.4812546]]}, "properties": {"osmid": "29045098", "oneway": "False", "lanes": "2", "ref": "D074", "name": "General Marcial Samaniego", "highway": "primary", "length": 58.867, "maxspeed": "60", "bridge": NaN, "access": NaN, "tunnel": NaN, "junction": NaN, "width": NaN, "service": NaN, "roughness": 5.0}}, {"type": "Feature", "geometry": {"type": "LineString", "coordinates": [[-57.3617296, -25.4812546], [-57.3619066, -25.4804708]]}, "properties": {"osmid": "29045098", "oneway": "False", "lanes": "2", "ref": "D074", "name": "General Marcial Samaniego", "highway": "primary", "length": 88.947, "maxspeed": "60", "bridge": NaN, "access": NaN, "tunnel": NaN, "junction": NaN, "width": NaN, "service": NaN, "roughness": 5.0}}, {"type": "Feature", "geometry": {"type": "LineString", "coordinates": [[-57.3619066, -25.4804708], [-57.3619461, -25.4803589]]}, "properties": {"osmid": "29045098", "oneway": "False", "lanes": "2", "ref": "D074", "name": "General Marcial Samaniego", "highway": "primary", "length": 13.059, "maxspeed": "60", "bridge": NaN, "access": NaN, "tunnel": NaN, "junction": NaN, "width": NaN, "service": NaN, "roughness": 5.0}}, {"type": "Feature", "geometry": {"type": "LineString", "coordinates": [[-57.3619461, -25.4803589], [-57.3620694, -25.4798027]]}, "properties": {"osmid": "29045098", "oneway": "False", "lanes": "2", "ref": "D074", "name": "General Marcial Samaniego", "highway": "primary", "length": 63.073, "maxspeed": "60", "bridge": NaN, "access": NaN, "tunnel": NaN, "junction": NaN, "width": NaN, "service": NaN, "roughness": 5.0}}, {"type": "Feature", "geometry": {"type": "LineString", "coordinates": [[-57.3620694, -25.4798027], [-57.3622093, -25.4791717]]}, "properties": {"osmid": "29045098", "oneway": "False", "lanes": "2", "ref": "D074", "name": "General Marcial Samaniego", "highway": "primary", "length": 71.556, "maxspeed": "60", "bridge": NaN, "access": NaN, "tunnel": NaN, "junction": NaN, "width": NaN, "service": NaN, "roughness": 5.0}}, {"type": "Feature", "geometry": {"type": "LineString", "coordinates": [[-57.3622093, -25.4791717], [-57.3622976, -25.4787733]]}, "properties": {"osmid": "29045098", "oneway": "False", "lanes": "2", "ref": "D074", "name": "General Marcial Samaniego", "highway": "primary", "length": 45.178, "maxspeed": "60", "bridge": NaN, "access": NaN, "tunnel": NaN, "junction": NaN, "width": NaN, "service": NaN, "roughness": 5.0}}, {"type": "Feature", "geometry": {"type": "LineString", "coordinates": [[-57.3622976, -25.4787733], [-57.3626841, -25.4771371]]}, "properties": {"osmid": "29045098", "oneway": "False", "lanes": "2", "ref": "D074", "name": "General Marcial Samaniego", "highway": "primary", "length": 186.028, "maxspeed": "60", "bridge": NaN, "access": NaN, "tunnel": NaN, "junction": NaN, "width": NaN, "service": NaN, "roughness": 5.0}}, {"type": "Feature", "geometry": {"type": "LineString", "coordinates": [[-57.3626841, -25.4771371], [-57.3626976, -25.4770756]]}, "properties": {"osmid": "29045098", "oneway": "False", "lanes": "2", "ref": "D074", "name": "General Marcial Samaniego", "highway": "primary", "length": 6.971, "maxspeed": "60", "bridge": NaN, "access": NaN, "tunnel": NaN, "junction": NaN, "width": NaN, "service": NaN, "roughness": 5.0}}, {"type": "Feature", "geometry": {"type": "LineString", "coordinates": [[-57.3626976, -25.4770756], [-57.3630528, -25.4754633]]}, "properties": {"osmid": "29045098", "oneway": "False", "lanes": "2", "ref": "D074", "name": "General Marcial Samaniego", "highway": "primary", "length": 182.791, "maxspeed": "60", "bridge": NaN, "access": NaN, "tunnel": NaN, "junction": NaN, "width": NaN, "service": NaN, "roughness": 5.0}}, {"type": "Feature", "geometry": {"type": "LineString", "coordinates": [[-57.3630528, -25.4754633], [-57.363725, -25.472538]]}, "properties": {"osmid": "29045098", "oneway": "False", "lanes": "2", "ref": "D074", "name": "General Marcial Samaniego", "highway": "primary", "length": 332.204, "maxspeed": "60", "bridge": NaN, "access": NaN, "tunnel": NaN, "junction": NaN, "width": NaN, "service": NaN, "roughness": 5.0}}, {"type": "Feature", "geometry": {"type": "LineString", "coordinates": [[-57.363725, -25.472538], [-57.3638991, -25.4717784]]}, "properties": {"osmid": "29045098", "oneway": "False", "lanes": "2", "ref": "D074", "name": "General Marcial Samaniego", "highway": "primary", "length": 86.253, "maxspeed": "60", "bridge": NaN, "access": NaN, "tunnel": NaN, "junction": NaN, "width": NaN, "service": NaN, "roughness": 5.0}}, {"type": "Feature", "geometry": {"type": "LineString", "coordinates": [[-57.3638991, -25.4717784], [-57.3640178, -25.4712819]]}, "properties": {"osmid": "29045098", "oneway": "False", "lanes": "2", "ref": "D074", "name": "General Marcial Samaniego", "highway": "primary", "length": 56.48, "maxspeed": "60", "bridge": NaN, "access": NaN, "tunnel": NaN, "junction": NaN, "width": NaN, "service": NaN, "roughness": 5.0}}, {"type": "Feature", "geometry": {"type": "LineString", "coordinates": [[-57.3640178, -25.4712819], [-57.3641796, -25.4706669]]}, "properties": {"osmid": "29045098", "oneway": "False", "lanes": "2", "ref": "D074", "name": "General Marcial Samaniego", "highway": "primary", "length": 70.287, "maxspeed": "60", "bridge": NaN, "access": NaN, "tunnel": NaN, "junction": NaN, "width": NaN, "service": NaN, "roughness": 5.0}}, {"type": "Feature", "geometry": {"type": "LineString", "coordinates": [[-57.3641796, -25.4706669], [-57.3645671, -25.4689602]]}, "properties": {"osmid": "29045098", "oneway": "False", "lanes": "2", "ref": "D074", "name": "General Marcial Samaniego", "highway": "primary", "length": 193.723, "maxspeed": "60", "bridge": NaN, "access": NaN, "tunnel": NaN, "junction": NaN, "width": NaN, "service": NaN, "roughness": 5.0}}, {"type": "Feature", "geometry": {"type": "LineString", "coordinates": [[-57.3645671, -25.4689602], [-57.3648126, -25.4678447]]}, "properties": {"osmid": "29045098", "oneway": "False", "lanes": "2", "ref": "D074", "name": "General Marcial Samaniego", "highway": "primary", "length": 126.463, "maxspeed": "60", "bridge": NaN, "access": NaN, "tunnel": NaN, "junction": NaN, "width": NaN, "service": NaN, "roughness": 5.0}}, {"type": "Feature", "geometry": {"type": "LineString", "coordinates": [[-57.3648126, -25.4678447], [-57.3648295, -25.467741]]}, "properties": {"osmid": "29045098", "oneway": "False", "lanes": "2", "ref": "D074", "name": "General Marcial Samaniego", "highway": "primary", "length": 11.655, "maxspeed": "60", "bridge": NaN, "access": NaN, "tunnel": NaN, "junction": NaN, "width": NaN, "service": NaN, "roughness": 5.0}}, {"type": "Feature", "geometry": {"type": "LineString", "coordinates": [[-57.3648295, -25.467741], [-57.365208, -25.4660446]]}, "properties": {"osmid": "29045098", "oneway": "False", "lanes": "2", "ref": "D074", "name": "General Marcial Samaniego", "highway": "primary", "length": 192.42, "maxspeed": "60", "bridge": NaN, "access": NaN, "tunnel": NaN, "junction": NaN, "width": NaN, "service": NaN, "roughness": 5.0}}, {"type": "Feature", "geometry": {"type": "LineString", "coordinates": [[-57.365208, -25.4660446], [-57.3652722, -25.4657883]]}, "properties": {"osmid": "29045098", "oneway": "False", "lanes": "2", "ref": "D074", "name": "General Marcial Samaniego", "highway": "primary", "length": 29.219, "maxspeed": "60", "bridge": NaN, "access": NaN, "tunnel": NaN, "junction": NaN, "width": NaN, "service": NaN, "roughness": 5.0}}, {"type": "Feature", "geometry": {"type": "LineString", "coordinates": [[-57.3652722, -25.4657883], [-57.3654919, -25.4648852]]}, "properties": {"osmid": "29045098", "oneway": "False", "lanes": "2", "ref": "D074", "name": "General Marcial Samaniego", "highway": "primary", "length": 102.814, "maxspeed": "60", "bridge": NaN, "access": NaN, "tunnel": NaN, "junction": NaN, "width": NaN, "service": NaN, "roughness": 5.0}}, {"type": "Feature", "geometry": {"type": "LineString", "coordinates": [[-57.3654919, -25.4648852], [-57.3655594, -25.4645435]]}, "properties": {"osmid": "29045098", "oneway": "False", "lanes": "2", "ref": "D074", "name": "General Marcial Samaniego", "highway": "primary", "length": 38.595, "maxspeed": "60", "bridge": NaN, "access": NaN, "tunnel": NaN, "junction": NaN, "width": NaN, "service": NaN, "roughness": 5.0}}, {"type": "Feature", "geometry": {"type": "LineString", "coordinates": [[-57.3655594, -25.4645435], [-57.3656068, -25.4643574]]}, "properties": {"osmid": "29045098", "oneway": "False", "lanes": "2", "ref": "D074", "name": "General Marcial Samaniego", "highway": "primary", "length": 21.233, "maxspeed": "60", "bridge": NaN, "access": NaN, "tunnel": NaN, "junction": NaN, "width": NaN, "service": NaN, "roughness": 5.0}}, {"type": "Feature", "geometry": {"type": "LineString", "coordinates": [[-57.3656068, -25.4643574], [-57.3657892, -25.4635122]]}, "properties": {"osmid": "29045098", "oneway": "False", "lanes": "2", "ref": "D074", "name": "General Marcial Samaniego", "highway": "primary", "length": 95.749, "maxspeed": "60", "bridge": NaN, "access": NaN, "tunnel": NaN, "junction": NaN, "width": NaN, "service": NaN, "roughness": 5.0}}, {"type": "Feature", "geometry": {"type": "LineString", "coordinates": [[-57.3657892, -25.4635122], [-57.3660528, -25.4623223]]}, "properties": {"osmid": "29045098", "oneway": "False", "lanes": "2", "ref": "D074", "name": "General Marcial Samaniego", "highway": "primary", "length": 134.932, "maxspeed": "60", "bridge": NaN, "access": NaN, "tunnel": NaN, "junction": NaN, "width": NaN, "service": NaN, "roughness": 5.0}}, {"type": "Feature", "geometry": {"type": "LineString", "coordinates": [[-57.3660528, -25.4623223], [-57.3663029, -25.4612635]]}, "properties": {"osmid": "29045098", "oneway": "False", "lanes": "2", "ref": "D074", "name": "General Marcial Samaniego", "highway": "primary", "length": 120.381, "maxspeed": "60", "bridge": NaN, "access": NaN, "tunnel": NaN, "junction": NaN, "width": NaN, "service": NaN, "roughness": 5.0}}, {"type": "Feature", "geometry": {"type": "LineString", "coordinates": [[-57.3663029, -25.4612635], [-57.3666138, -25.4598447]]}, "properties": {"osmid": "29045098", "oneway": "False", "lanes": "2", "ref": "D074", "name": "General Marcial Samaniego", "highway": "primary", "length": 160.822, "maxspeed": "60", "bridge": NaN, "access": NaN, "tunnel": NaN, "junction": NaN, "width": NaN, "service": NaN, "roughness": 5.0}}, {"type": "Feature", "geometry": {"type": "LineString", "coordinates": [[-57.3666138, -25.4598447], [-57.366678, -25.4595945]]}, "properties": {"osmid": "29045098", "oneway": "False", "lanes": "2", "ref": "D074", "name": "General Marcial Samaniego", "highway": "primary", "length": 28.558, "maxspeed": "60", "bridge": NaN, "access": NaN, "tunnel": NaN, "junction": NaN, "width": NaN, "service": NaN, "roughness": 5.0}}, {"type": "Feature", "geometry": {"type": "LineString", "coordinates": [[-57.366678, -25.4595945], [-57.3668537, -25.4588928]]}, "properties": {"osmid": "29045098", "oneway": "False", "lanes": "2", "ref": "D074", "name": "General Marcial Samaniego", "highway": "primary", "length": 79.995, "maxspeed": "60", "bridge": NaN, "access": NaN, "tunnel": NaN, "junction": NaN, "width": NaN, "service": NaN, "roughness": 5.0}}, {"type": "Feature", "geometry": {"type": "LineString", "coordinates": [[-57.3668537, -25.4588928], [-57.3670937, -25.4578218]]}, "properties": {"osmid": "29045098", "oneway": "False", "lanes": "2", "ref": "D074", "name": "General Marcial Samaniego", "highway": "primary", "length": 121.503, "maxspeed": "60", "bridge": NaN, "access": NaN, "tunnel": NaN, "junction": NaN, "width": NaN, "service": NaN, "roughness": 5.0}}, {"type": "Feature", "geometry": {"type": "LineString", "coordinates": [[-57.3670937, -25.4578218], [-57.3672289, -25.4571963]]}, "properties": {"osmid": "29045098", "oneway": "False", "lanes": "2", "ref": "D074", "name": "General Marcial Samaniego", "highway": "primary", "length": 70.865, "maxspeed": "60", "bridge": NaN, "access": NaN, "tunnel": NaN, "junction": NaN, "width": NaN, "service": NaN, "roughness": 5.0}}, {"type": "Feature", "geometry": {"type": "LineString", "coordinates": [[-57.3672289, -25.4571963], [-57.3672829, -25.4569491]]}, "properties": {"osmid": "29045098", "oneway": "False", "lanes": "2", "ref": "D074", "name": "General Marcial Samaniego", "highway": "primary", "length": 28.017, "maxspeed": "60", "bridge": NaN, "access": NaN, "tunnel": NaN, "junction": NaN, "width": NaN, "service": NaN, "roughness": 5.0}}, {"type": "Feature", "geometry": {"type": "LineString", "coordinates": [[-57.3672829, -25.4569491], [-57.3674654, -25.456168]]}, "properties": {"osmid": "29045098", "oneway": "False", "lanes": "2", "ref": "D074", "name": "General Marcial Samaniego", "highway": "primary", "length": 88.766, "maxspeed": "60", "bridge": NaN, "access": NaN, "tunnel": NaN, "junction": NaN, "width": NaN, "service": NaN, "roughness": 5.0}}, {"type": "Feature", "geometry": {"type": "LineString", "coordinates": [[-57.3674654, -25.456168], [-57.367658, -25.4553075]]}, "properties": {"osmid": "29045098", "oneway": "False", "lanes": "2", "ref": "D074", "name": "General Marcial Samaniego", "highway": "primary", "length": 97.618, "maxspeed": "60", "bridge": NaN, "access": NaN, "tunnel": NaN, "junction": NaN, "width": NaN, "service": NaN, "roughness": 5.0}}, {"type": "Feature", "geometry": {"type": "LineString", "coordinates": [[-57.367658, -25.4553075], [-57.3680805, -25.4534371]]}, "properties": {"osmid": "29045098", "oneway": "False", "lanes": "2", "ref": "D074", "name": "General Marcial Samaniego", "highway": "primary", "length": 212.261, "maxspeed": "60", "bridge": NaN, "access": NaN, "tunnel": NaN, "junction": NaN, "width": NaN, "service": NaN, "roughness": 5.0}}, {"type": "Feature", "geometry": {"type": "LineString", "coordinates": [[-57.3680805, -25.4534371], [-57.3682123, -25.4528451]]}, "properties": {"osmid": "29045098", "oneway": "False", "lanes": "2", "ref": "D074", "name": "General Marcial Samaniego", "highway": "primary", "length": 67.144, "maxspeed": "60", "bridge": NaN, "access": NaN, "tunnel": NaN, "junction": NaN, "width": NaN, "service": NaN, "roughness": 5.0}}, {"type": "Feature", "geometry": {"type": "LineString", "coordinates": [[-57.3682123, -25.4528451], [-57.3682393, -25.45272]]}, "properties": {"osmid": "29045098", "oneway": "False", "lanes": "2", "ref": "D074", "name": "General Marcial Samaniego", "highway": "primary", "length": 14.172, "maxspeed": "60", "bridge": NaN, "access": NaN, "tunnel": NaN, "junction": NaN, "width": NaN, "service": NaN, "roughness": 5.0}}, {"type": "Feature", "geometry": {"type": "LineString", "coordinates": [[-57.3682393, -25.45272], [-57.3683576, -25.4522043]]}, "properties": {"osmid": "29045098", "oneway": "False", "lanes": "2", "ref": "D074", "name": "General Marcial Samaniego", "highway": "primary", "length": 58.561, "maxspeed": "60", "bridge": NaN, "access": NaN, "tunnel": NaN, "junction": NaN, "width": NaN, "service": NaN, "roughness": 5.0}}, {"type": "Feature", "geometry": {"type": "LineString", "coordinates": [[-57.3683576, -25.4522043], [-57.3684995, -25.4516337]]}, "properties": {"osmid": "29045098", "oneway": "False", "lanes": "2", "ref": "D074", "name": "General Marcial Samaniego", "highway": "primary", "length": 65.028, "maxspeed": "60", "bridge": NaN, "access": NaN, "tunnel": NaN, "junction": NaN, "width": NaN, "service": NaN, "roughness": 5.0}}, {"type": "Feature", "geometry": {"type": "LineString", "coordinates": [[-57.3684995, -25.4516337], [-57.3686921, -25.4507854]]}, "properties": {"osmid": "29045098", "oneway": "False", "lanes": "2", "ref": "D074", "name": "General Marcial Samaniego", "highway": "primary", "length": 96.289, "maxspeed": "60", "bridge": NaN, "access": NaN, "tunnel": NaN, "junction": NaN, "width": NaN, "service": NaN, "roughness": 5.0}}, {"type": "Feature", "geometry": {"type": "LineString", "coordinates": [[-57.3686921, -25.4507854], [-57.3687842, -25.450133]]}, "properties": {"osmid": "29045098", "oneway": "False", "lanes": "2", "ref": "D074", "name": "General Marcial Samaniego", "highway": "primary", "length": 73.131, "maxspeed": "60", "bridge": NaN, "access": NaN, "tunnel": NaN, "junction": NaN, "width": NaN, "service": NaN, "roughness": 5.0}}, {"type": "Feature", "geometry": {"type": "LineString", "coordinates": [[-57.3687842, -25.450133], [-57.3689692, -25.4494415]]}, "properties": {"osmid": "29045098", "oneway": "False", "lanes": "2", "ref": "D074", "name": "General Marcial Samaniego", "highway": "primary", "length": 79.103, "maxspeed": "60", "bridge": NaN, "access": NaN, "tunnel": NaN, "junction": NaN, "width": NaN, "service": NaN, "roughness": 5.0}}, {"type": "Feature", "geometry": {"type": "LineString", "coordinates": [[-57.3689692, -25.4494415], [-57.3689347, -25.4491072]]}, "properties": {"osmid": "29045098", "oneway": "False", "lanes": "2", "ref": "D074", "name": "General Marcial Samaniego", "highway": "primary", "length": 37.334, "maxspeed": "60", "bridge": NaN, "access": NaN, "tunnel": NaN, "junction": NaN, "width": NaN, "service": NaN, "roughness": 5.0}}, {"type": "Feature", "geometry": {"type": "LineString", "coordinates": [[-57.3689347, -25.4491072], [-57.3689294, -25.4487029]]}, "properties": {"osmid": "29045098", "oneway": "False", "lanes": "2", "ref": "D074", "name": "General Marcial Samaniego", "highway": "primary", "length": 44.959, "maxspeed": "60", "bridge": NaN, "access": NaN, "tunnel": NaN, "junction": NaN, "width": NaN, "service": NaN, "roughness": 5.0}}, {"type": "Feature", "geometry": {"type": "LineString", "coordinates": [[-57.3689294, -25.4487029], [-57.3689142, -25.4481721]]}, "properties": {"osmid": "29045098", "oneway": "False", "lanes": "2", "ref": "D074", "name": "General Marcial Samaniego", "highway": "primary", "length": 59.042, "maxspeed": "60", "bridge": NaN, "access": NaN, "tunnel": NaN, "junction": NaN, "width": NaN, "service": NaN, "roughness": 5.0}}, {"type": "Feature", "geometry": {"type": "LineString", "coordinates": [[-57.3689142, -25.4481721], [-57.3688866, -25.4478953]]}, "properties": {"osmid": "29045098", "oneway": "False", "lanes": "2", "ref": "D074", "name": "General Marcial Samaniego", "highway": "primary", "length": 30.903, "maxspeed": "60", "bridge": NaN, "access": NaN, "tunnel": NaN, "junction": NaN, "width": NaN, "service": NaN, "roughness": 5.0}}, {"type": "Feature", "geometry": {"type": "LineString", "coordinates": [[-57.3688866, -25.4478953], [-57.3687333, -25.4453405]]}, "properties": {"osmid": "29045098", "oneway": "False", "lanes": "2", "ref": "D074", "name": "General Marcial Samaniego", "highway": "primary", "length": 284.498, "maxspeed": "60", "bridge": NaN, "access": NaN, "tunnel": NaN, "junction": NaN, "width": NaN, "service": NaN, "roughness": 5.0}}, {"type": "Feature", "geometry": {"type": "LineString", "coordinates": [[-57.3687333, -25.4453405], [-57.368712, -25.4448907]]}, "properties": {"osmid": "29045098", "oneway": "False", "lanes": "2", "ref": "D074", "name": "General Marcial Samaniego", "highway": "primary", "length": 50.061, "maxspeed": "60", "bridge": NaN, "access": NaN, "tunnel": NaN, "junction": NaN, "width": NaN, "service": NaN, "roughness": 5.0}}, {"type": "Feature", "geometry": {"type": "LineString", "coordinates": [[-57.368712, -25.4448907], [-57.3686928, -25.4445619]]}, "properties": {"osmid": "29045098", "oneway": "False", "lanes": "2", "ref": "D074", "name": "General Marcial Samaniego", "highway": "primary", "length": 36.612, "maxspeed": "60", "bridge": NaN, "access": NaN, "tunnel": NaN, "junction": NaN, "width": NaN, "service": NaN, "roughness": 5.0}}, {"type": "Feature", "geometry": {"type": "LineString", "coordinates": [[-57.3686928, -25.4445619], [-57.3686183, -25.4435219]]}, "properties": {"osmid": "29045098", "oneway": "False", "lanes": "2", "ref": "D074", "name": "General Marcial Samaniego", "highway": "primary", "length": 115.885, "maxspeed": "60", "bridge": NaN, "access": NaN, "tunnel": NaN, "junction": NaN, "width": NaN, "service": NaN, "roughness": 5.0}}, {"type": "Feature", "geometry": {"type": "LineString", "coordinates": [[-57.3686183, -25.4435219], [-57.3685434, -25.4420397]]}, "properties": {"osmid": "29045098", "oneway": "False", "lanes": "2", "ref": "D074", "name": "General Marcial Samaniego", "highway": "primary", "length": 164.985, "maxspeed": "60", "bridge": NaN, "access": NaN, "tunnel": NaN, "junction": NaN, "width": NaN, "service": NaN, "roughness": 5.0}}, {"type": "Feature", "geometry": {"type": "LineString", "coordinates": [[-57.3685434, -25.4420397], [-57.3684725, -25.4409686]]}, "properties": {"osmid": "29045098", "oneway": "False", "lanes": "2", "ref": "D074", "name": "General Marcial Samaniego", "highway": "primary", "length": 119.314, "maxspeed": "60", "bridge": NaN, "access": NaN, "tunnel": NaN, "junction": NaN, "width": NaN, "service": NaN, "roughness": 5.0}}, {"type": "Feature", "geometry": {"type": "LineString", "coordinates": [[-57.3684725, -25.4409686], [-57.3684012, -25.4404922]]}, "properties": {"osmid": "29045098", "oneway": "False", "lanes": "2", "ref": "D074", "name": "General Marcial Samaniego", "highway": "primary", "length": 53.455, "maxspeed": "60", "bridge": NaN, "access": NaN, "tunnel": NaN, "junction": NaN, "width": NaN, "service": NaN, "roughness": 5.0}}, {"type": "Feature", "geometry": {"type": "LineString", "coordinates": [[-57.3684012, -25.4404922], [-57.368316, -25.4400251]]}, "properties": {"osmid": "29045098", "oneway": "False", "lanes": "2", "ref": "D074", "name": "General Marcial Samaniego", "highway": "primary", "length": 52.639, "maxspeed": "60", "bridge": NaN, "access": NaN, "tunnel": NaN, "junction": NaN, "width": NaN, "service": NaN, "roughness": 5.0}}, {"type": "Feature", "geometry": {"type": "LineString", "coordinates": [[-57.368316, -25.4400251], [-57.3682564, -25.4398136]]}, "properties": {"osmid": "29045098", "oneway": "False", "lanes": "2", "ref": "D074", "name": "General Marcial Samaniego", "highway": "primary", "length": 24.267, "maxspeed": "60", "bridge": NaN, "access": NaN, "tunnel": NaN, "junction": NaN, "width": NaN, "service": NaN, "roughness": 5.0}}, {"type": "Feature", "geometry": {"type": "LineString", "coordinates": [[-57.3682564, -25.4398136], [-57.3681755, -25.4394733]]}, "properties": {"osmid": "29045098", "oneway": "False", "lanes": "2", "ref": "D074", "name": "General Marcial Samaniego", "highway": "primary", "length": 38.702, "maxspeed": "60", "bridge": NaN, "access": NaN, "tunnel": NaN, "junction": NaN, "width": NaN, "service": NaN, "roughness": 5.0}}, {"type": "Feature", "geometry": {"type": "LineString", "coordinates": [[-57.3681755, -25.4394733], [-57.3681053, -25.4392522]]}, "properties": {"osmid": "29045098", "oneway": "False", "lanes": "2", "ref": "D074", "name": "General Marcial Samaniego", "highway": "primary", "length": 25.576, "maxspeed": "60", "bridge": NaN, "access": NaN, "tunnel": NaN, "junction": NaN, "width": NaN, "service": NaN, "roughness": 5.0}}, {"type": "Feature", "geometry": {"type": "LineString", "coordinates": [[-57.3681053, -25.4392522], [-57.3678775, -25.4384736]]}, "properties": {"osmid": "29045098", "oneway": "False", "lanes": "2", "ref": "D074", "name": "General Marcial Samaniego", "highway": "primary", "length": 89.547, "maxspeed": "60", "bridge": NaN, "access": NaN, "tunnel": NaN, "junction": NaN, "width": NaN, "service": NaN, "roughness": 5.0}}, {"type": "Feature", "geometry": {"type": "LineString", "coordinates": [[-57.3678775, -25.4384736], [-57.367705, -25.4379142]]}, "properties": {"osmid": "29045098", "oneway": "False", "lanes": "2", "ref": "D074", "name": "General Marcial Samaniego", "highway": "primary", "length": 64.569, "maxspeed": "60", "bridge": NaN, "access": NaN, "tunnel": NaN, "junction": NaN, "width": NaN, "service": NaN, "roughness": 5.0}}, {"type": "Feature", "geometry": {"type": "LineString", "coordinates": [[-57.367705, -25.4379142], [-57.3665119, -25.4338592]]}, "properties": {"osmid": "29045098", "oneway": "False", "lanes": "2", "ref": "D074", "name": "General Marcial Samaniego", "highway": "primary", "length": 466.542, "maxspeed": "60", "bridge": NaN, "access": NaN, "tunnel": NaN, "junction": NaN, "width": NaN, "service": NaN, "roughness": 5.0}}, {"type": "Feature", "geometry": {"type": "LineString", "coordinates": [[-57.3665119, -25.4338592], [-57.3663149, -25.4332159]]}, "properties": {"osmid": "29045098", "oneway": "False", "lanes": "2", "ref": "D074", "name": "General Marcial Samaniego", "highway": "primary", "length": 74.217, "maxspeed": "60", "bridge": NaN, "access": NaN, "tunnel": NaN, "junction": NaN, "width": NaN, "service": NaN, "roughness": 5.0}}, {"type": "Feature", "geometry": {"type": "LineString", "coordinates": [[-57.3663149, -25.4332159], [-57.3660651, -25.4323549]]}, "properties": {"osmid": "29045098", "oneway": "False", "lanes": "2", "ref": "D074", "name": "General Marcial Samaniego", "highway": "primary", "length": 98.971, "maxspeed": "60", "bridge": NaN, "access": NaN, "tunnel": NaN, "junction": NaN, "width": NaN, "service": NaN, "roughness": 5.0}}, {"type": "Feature", "geometry": {"type": "LineString", "coordinates": [[-57.3660651, -25.4323549], [-57.3658108, -25.4314783]]}, "properties": {"osmid": "29045098", "oneway": "False", "lanes": "2", "ref": "D074", "name": "General Marcial Samaniego", "highway": "primary", "length": 100.763, "maxspeed": "60", "bridge": NaN, "access": NaN, "tunnel": NaN, "junction": NaN, "width": NaN, "service": NaN, "roughness": 5.0}}, {"type": "Feature", "geometry": {"type": "LineString", "coordinates": [[-57.3658108, -25.4314783], [-57.3654422, -25.4301689]]}, "properties": {"osmid": "29045098", "oneway": "False", "lanes": "2", "ref": "D074", "name": "General Marcial Samaniego", "highway": "primary", "length": 150.23, "maxspeed": "60", "bridge": NaN, "access": NaN, "tunnel": NaN, "junction": NaN, "width": NaN, "service": NaN, "roughness": 5.0}}, {"type": "Feature", "geometry": {"type": "LineString", "coordinates": [[-57.3654422, -25.4301689], [-57.3652316, -25.4294873]]}, "properties": {"osmid": "29045098", "oneway": "False", "lanes": "2", "ref": "D074", "name": "General Marcial Samaniego", "highway": "primary", "length": 78.686, "maxspeed": "60", "bridge": NaN, "access": NaN, "tunnel": NaN, "junction": NaN, "width": NaN, "service": NaN, "roughness": 5.0}}, {"type": "Feature", "geometry": {"type": "LineString", "coordinates": [[-57.3652316, -25.4294873], [-57.3651561, -25.429242]]}, "properties": {"osmid": "29045098", "oneway": "False", "lanes": "2", "ref": "D074", "name": "General Marcial Samaniego", "highway": "primary", "length": 28.31, "maxspeed": "60", "bridge": NaN, "access": NaN, "tunnel": NaN, "junction": NaN, "width": NaN, "service": NaN, "roughness": 5.0}}, {"type": "Feature", "geometry": {"type": "LineString", "coordinates": [[-57.3651561, -25.429242], [-57.3648562, -25.4283554]]}, "properties": {"osmid": "29045098", "oneway": "False", "lanes": "2", "ref": "D074", "name": "General Marcial Samaniego", "highway": "primary", "length": 103.083, "maxspeed": "60", "bridge": NaN, "access": NaN, "tunnel": NaN, "junction": NaN, "width": NaN, "service": NaN, "roughness": 5.0}}, {"type": "Feature", "geometry": {"type": "LineString", "coordinates": [[-57.3648562, -25.4283554], [-57.3646682, -25.4277073]]}, "properties": {"osmid": "29045098", "oneway": "False", "lanes": "2", "ref": "D074", "name": "General Marcial Samaniego", "highway": "primary", "length": 74.498, "maxspeed": "60", "bridge": NaN, "access": NaN, "tunnel": NaN, "junction": NaN, "width": NaN, "service": NaN, "roughness": 5.0}}, {"type": "Feature", "geometry": {"type": "LineString", "coordinates": [[-57.3646682, -25.4277073], [-57.3642898, -25.4263787]]}, "properties": {"osmid": "29045098", "oneway": "False", "lanes": "2", "ref": "D074", "name": "General Marcial Samaniego", "highway": "primary", "length": 152.543, "maxspeed": "60", "bridge": NaN, "access": NaN, "tunnel": NaN, "junction": NaN, "width": NaN, "service": NaN, "roughness": 5.0}}, {"type": "Feature", "geometry": {"type": "LineString", "coordinates": [[-57.3642898, -25.4263787], [-57.3638155, -25.4246106]]}, "properties": {"osmid": "29045098", "oneway": "False", "lanes": "2", "ref": "D074", "name": "General Marcial Samaniego", "highway": "primary", "length": 202.292, "maxspeed": "60", "bridge": NaN, "access": NaN, "tunnel": NaN, "junction": NaN, "width": NaN, "service": NaN, "roughness": 5.0}}, {"type": "Feature", "geometry": {"type": "LineString", "coordinates": [[-57.3638155, -25.4246106], [-57.3633957, -25.4232736]]}, "properties": {"osmid": "29045098", "oneway": "False", "lanes": "2", "ref": "D074", "name": "General Marcial Samaniego", "highway": "primary", "length": 154.53, "maxspeed": "60", "bridge": NaN, "access": NaN, "tunnel": NaN, "junction": NaN, "width": NaN, "service": NaN, "roughness": 5.0}}, {"type": "Feature", "geometry": {"type": "LineString", "coordinates": [[-57.3633957, -25.4232736], [-57.3632938, -25.4229099]]}, "properties": {"osmid": "29045098", "oneway": "False", "lanes": "2", "ref": "D074", "name": "General Marcial Samaniego", "highway": "primary", "length": 41.716, "maxspeed": "60", "bridge": NaN, "access": NaN, "tunnel": NaN, "junction": NaN, "width": NaN, "service": NaN, "roughness": 5.0}}, {"type": "Feature", "geometry": {"type": "LineString", "coordinates": [[-57.3632938, -25.4229099], [-57.3629983, -25.4218774]]}, "properties": {"osmid": "29045098", "oneway": "False", "lanes": "2", "ref": "D074", "name": "General Marcial Samaniego", "highway": "primary", "length": 118.582, "maxspeed": "60", "bridge": NaN, "access": NaN, "tunnel": NaN, "junction": NaN, "width": NaN, "service": NaN, "roughness": 5.0}}]}