{"type": "FeatureCollection", "features": [{"type": "Feature", "geometry": {"type": "LineString", "coordinates": [[-56.8533683, -25.461535], [-56.853663, -25.4615476]]}, "properties": {"osmid": "164029685", "oneway": "False", "lanes": "2", "ref": "PY02", "name": "Ruta Nacional Mariscal Estigarribia", "highway": "trunk", "length": 29.62, "maxspeed": NaN, "bridge": NaN, "access": NaN, "tunnel": NaN, "junction": NaN, "width": NaN, "service": NaN, "roughness": 7.0}}, {"type": "Feature", "geometry": {"type": "LineString", "coordinates": [[-56.853663, -25.4615476], [-56.8547701, -25.4616044]]}, "properties": {"osmid": "164029685", "oneway": "False", "lanes": "2", "ref": "PY02", "name": "Ruta Nacional Mariscal Estigarribia", "highway": "trunk", "length": 111.327, "maxspeed": NaN, "bridge": NaN, "access": NaN, "tunnel": NaN, "junction": NaN, "width": NaN, "service": NaN, "roughness": 7.0}}, {"type": "Feature", "geometry": {"type": "LineString", "coordinates": [[-56.8547701, -25.4616044], [-56.8559883, -25.4616653]]}, "properties": {"osmid": "164029685", "oneway": "False", "lanes": "2", "ref": "PY02", "name": "Ruta Nacional Mariscal Estigarribia", "highway": "trunk", "length": 122.489, "maxspeed": NaN, "bridge": NaN, "access": NaN, "tunnel": NaN, "junction": NaN, "width": NaN, "service": NaN, "roughness": 7.0}}, {"type": "Feature", "geometry": {"type": "LineString", "coordinates": [[-56.8559883, -25.4616653], [-56.8585589, -25.4617717]]}, "properties": {"osmid": "164029685", "oneway": "False", "lanes": "2", "ref": "PY02", "name": "Ruta Nacional Mariscal Estigarribia", "highway": "trunk", "length": 258.346, "maxspeed": NaN, "bridge": NaN, "access": NaN, "tunnel": NaN, "junction": NaN, "width": NaN, "service": NaN, "roughness": 7.0}}, {"type": "Feature", "geometry": {"type": "LineString", "coordinates": [[-56.8585589, -25.4617717], [-56.859744, -25.4618147]]}, "properties": {"osmid": "164029685", "oneway": "False", "lanes": "2", "ref": "PY02", "name": "Ruta Nacional Mariscal Estigarribia", "highway": "trunk", "length": 119.074, "maxspeed": NaN, "bridge": NaN, "access": NaN, "tunnel": NaN, "junction": NaN, "width": NaN, "service": NaN, "roughness": 7.0}}, {"type": "Feature", "geometry": {"type": "LineString", "coordinates": [[-56.859744, -25.4618147], [-56.8605444, -25.4618298]]}, "properties": {"osmid": "164029685", "oneway": "False", "lanes": "2", "ref": "PY02", "name": "Ruta Nacional Mariscal Estigarribia", "highway": "trunk", "length": 80.374, "maxspeed": NaN, "bridge": NaN, "access": NaN, "tunnel": NaN, "junction": NaN, "width": NaN, "service": NaN, "roughness": 7.0}}, {"type": "Feature", "geometry": {"type": "LineString", "coordinates": [[-56.8605444, -25.4618298], [-56.8608086, -25.4618348]]}, "properties": {"osmid": "164029685", "oneway": "False", "lanes": "2", "ref": "PY02", "name": "Ruta Nacional Mariscal Estigarribia", "highway": "trunk", "length": 26.53, "maxspeed": NaN, "bridge": NaN, "access": NaN, "tunnel": NaN, "junction": NaN, "width": NaN, "service": NaN, "roughness": 7.0}}, {"type": "Feature", "geometry": {"type": "LineString", "coordinates": [[-56.8608086, -25.4618348], [-56.8620125, -25.4618863]]}, "properties": {"osmid": "164029685", "oneway": "False", "lanes": "2", "ref": "PY02", "name": "Ruta Nacional Mariscal Estigarribia", "highway": "trunk", "length": 121.001, "maxspeed": NaN, "bridge": NaN, "access": NaN, "tunnel": NaN, "junction": NaN, "width": NaN, "service": NaN, "roughness": 7.0}}, {"type": "Feature", "geometry": {"type": "LineString", "coordinates": [[-56.8620125, -25.4618863], [-56.8629707, -25.4619236]]}, "properties": {"osmid": "164029685", "oneway": "False", "lanes": "2", "ref": "PY02", "name": "Ruta Nacional Mariscal Estigarribia", "highway": "trunk", "length": 96.288, "maxspeed": NaN, "bridge": NaN, "access": NaN, "tunnel": NaN, "junction": NaN, "width": NaN, "service": NaN, "roughness": 7.0}}, {"type": "Feature", "geometry": {"type": "LineString", "coordinates": [[-56.8629707, -25.4619236], [-56.863105, -25.4619263]]}, "properties": {"osmid": "164029685", "oneway": "False", "lanes": "2", "ref": "PY02", "name": "Ruta Nacional Mariscal Estigarribia", "highway": "trunk", "length": 13.486, "maxspeed": NaN, "bridge": NaN, "access": NaN, "tunnel": NaN, "junction": NaN, "width": NaN, "service": NaN, "roughness": 7.0}}, {"type": "Feature", "geometry": {"type": "LineString", "coordinates": [[-56.863105, -25.4619263], [-56.8638628, -25.4619664]]}, "properties": {"osmid": "164029685", "oneway": "False", "lanes": "2", "ref": "PY02", "name": "Ruta Nacional Mariscal Estigarribia", "highway": "trunk", "length": 76.21, "maxspeed": NaN, "bridge": NaN, "access": NaN, "tunnel": NaN, "junction": NaN, "width": NaN, "service": NaN, "roughness": 7.0}}, {"type": "Feature", "geometry": {"type": "LineString", "coordinates": [[-56.8638628, -25.4619664], [-56.8640759, -25.4619649]]}, "properties": {"osmid": "164029685", "oneway": "False", "lanes": "2", "ref": "PY02", "name": "Ruta Nacional Mariscal Estigarribia", "highway": "trunk", "length": 21.395, "maxspeed": NaN, "bridge": NaN, "access": NaN, "tunnel": NaN, "junction": NaN, "width": NaN, "service": NaN, "roughness": 7.0}}, {"type": "Feature", "geometry": {"type": "LineString", "coordinates": [[-56.8640759, -25.4619649], [-56.8649917, -25.4619874]]}, "properties": {"osmid": "164029685", "oneway": "False", "lanes": "2", "ref": "PY02", "name": "Ruta Nacional Mariscal Estigarribia", "highway": "trunk", "length": 91.976, "maxspeed": NaN, "bridge": NaN, "access": NaN, "tunnel": NaN, "junction": NaN, "width": NaN, "service": NaN, "roughness": 7.0}}, {"type": "Feature", "geometry": {"type": "LineString", "coordinates": [[-56.8649917, -25.4619874], [-56.8657869, -25.4620272]]}, "properties": {"osmid": "164029685", "oneway": "False", "lanes": "2", "ref": "PY02", "name": "Ruta Nacional Mariscal Estigarribia", "highway": "trunk", "length": 79.956, "maxspeed": NaN, "bridge": NaN, "access": NaN, "tunnel": NaN, "junction": NaN, "width": NaN, "service": NaN, "roughness": 7.0}}, {"type": "Feature", "geometry": {"type": "LineString", "coordinates": [[-56.8657869, -25.4620272], [-56.8659801, -25.4620264]]}, "properties": {"osmid": "164029685", "oneway": "False", "lanes": "2", "ref": "PY02", "name": "Ruta Nacional Mariscal Estigarribia", "highway": "trunk", "length": 19.396, "maxspeed": NaN, "bridge": NaN, "access": NaN, "tunnel": NaN, "junction": NaN, "width": NaN, "service": NaN, "roughness": 7.0}}, {"type": "Feature", "geometry": {"type": "LineString", "coordinates": [[-56.8659801, -25.4620264], [-56.8660846, -25.462026]]}, "properties": {"osmid": "164029685", "oneway": "False", "lanes": "2", "ref": "PY02", "name": "Ruta Nacional Mariscal Estigarribia", "highway": "trunk", "length": 10.491, "maxspeed": NaN, "bridge": NaN, "access": NaN, "tunnel": NaN, "junction": NaN, "width": NaN, "service": NaN, "roughness": 7.0}}, {"type": "Feature", "geometry": {"type": "LineString", "coordinates": [[-56.8660846, -25.462026], [-56.8663663, -25.4620248]]}, "properties": {"osmid": "164029685", "oneway": "False", "lanes": "2", "ref": "PY02", "name": "Ruta Nacional Mariscal Estigarribia", "highway": "trunk", "length": 28.282, "maxspeed": NaN, "bridge": NaN, "access": NaN, "tunnel": NaN, "junction": NaN, "width": NaN, "service": NaN, "roughness": 7.0}}, {"type": "Feature", "geometry": {"type": "LineString", "coordinates": [[-56.8663663, -25.4620248], [-56.8669512, -25.4619988]]}, "properties": {"osmid": "164029685", "oneway": "False", "lanes": "2", "ref": "PY02", "name": "Ruta Nacional Mariscal Estigarribia", "highway": "trunk", "length": 58.792, "maxspeed": NaN, "bridge": NaN, "access": NaN, "tunnel": NaN, "junction": NaN, "width": NaN, "service": NaN, "roughness": 7.0}}, {"type": "Feature", "geometry": {"type": "LineString", "coordinates": [[-56.8669512, -25.4619988], [-56.8678028, -25.4619092]]}, "properties": {"osmid": "164029685", "oneway": "False", "lanes": "2", "ref": "PY02", "name": "Ruta Nacional Mariscal Estigarribia", "highway": "trunk", "length": 86.075, "maxspeed": NaN, "bridge": NaN, "access": NaN, "tunnel": NaN, "junction": NaN, "width": NaN, "service": NaN, "roughness": 7.0}}, {"type": "Feature", "geometry": {"type": "LineString", "coordinates": [[-56.8678028, -25.4619092], [-56.8686557, -25.4618532]]}, "properties": {"osmid": "164029685", "oneway": "False", "lanes": "2", "ref": "PY02", "name": "Ruta Nacional Mariscal Estigarribia", "highway": "trunk", "length": 85.853, "maxspeed": NaN, "bridge": NaN, "access": NaN, "tunnel": NaN, "junction": NaN, "width": NaN, "service": NaN, "roughness": 7.0}}, {"type": "Feature", "geometry": {"type": "LineString", "coordinates": [[-56.8686557, -25.4618532], [-56.8689456, -25.461844]]}, "properties": {"osmid": "164029685", "oneway": "False", "lanes": "2", "ref": "PY02", "name": "Ruta Nacional Mariscal Estigarribia", "highway": "trunk", "length": 29.122, "maxspeed": NaN, "bridge": NaN, "access": NaN, "tunnel": NaN, "junction": NaN, "width": NaN, "service": NaN, "roughness": 7.0}}, {"type": "Feature", "geometry": {"type": "LineString", "coordinates": [[-56.8689456, -25.461844], [-56.8693333, -25.461861]]}, "properties": {"osmid": "164029685", "oneway": "False", "lanes": "2", "ref": "PY02", "name": "Ruta Nacional Mariscal Estigarribia", "highway": "trunk", "length": 38.969, "maxspeed": NaN, "bridge": NaN, "access": NaN, "tunnel": NaN, "junction": NaN, "width": NaN, "service": NaN, "roughness": 7.0}}, {"type": "Feature", "geometry": {"type": "LineString", "coordinates": [[-56.8693333, -25.461861], [-56.8699018, -25.4619111]]}, "properties": {"osmid": "164029685", "oneway": "False", "lanes": "2", "ref": "PY02", "name": "Ruta Nacional Mariscal Estigarribia", "highway": "trunk", "length": 57.346, "maxspeed": NaN, "bridge": NaN, "access": NaN, "tunnel": NaN, "junction": NaN, "width": NaN, "service": NaN, "roughness": 7.0}}, {"type": "Feature", "geometry": {"type": "LineString", "coordinates": [[-56.8699018, -25.4619111], [-56.8707155, -25.4620482]]}, "properties": {"osmid": "164029685", "oneway": "False", "lanes": "2", "ref": "PY02", "name": "Ruta Nacional Mariscal Estigarribia", "highway": "trunk", "length": 83.102, "maxspeed": NaN, "bridge": NaN, "access": NaN, "tunnel": NaN, "junction": NaN, "width": NaN, "service": NaN, "roughness": 7.0}}, {"type": "Feature", "geometry": {"type": "LineString", "coordinates": [[-56.8707155, -25.4620482], [-56.8714214, -25.4621477]]}, "properties": {"osmid": "164029685", "oneway": "False", "lanes": "2", "ref": "PY02", "name": "Ruta Nacional Mariscal Estigarribia", "highway": "trunk", "length": 71.727, "maxspeed": NaN, "bridge": NaN, "access": NaN, "tunnel": NaN, "junction": NaN, "width": NaN, "service": NaN, "roughness": 7.0}}, {"type": "Feature", "geometry": {"type": "LineString", "coordinates": [[-56.8714214, -25.4621477], [-56.8719128, -25.4622184]]}, "properties": {"osmid": "164029685", "oneway": "False", "lanes": "2", "ref": "PY02", "name": "Ruta Nacional Mariscal Estigarribia", "highway": "trunk", "length": 49.956, "maxspeed": NaN, "bridge": NaN, "access": NaN, "tunnel": NaN, "junction": NaN, "width": NaN, "service": NaN, "roughness": 7.0}}, {"type": "Feature", "geometry": {"type": "LineString", "coordinates": [[-56.8719128, -25.4622184], [-56.8723814, -25.4622885]]}, "properties": {"osmid": "164029685", "oneway": "False", "lanes": "2", "ref": "PY02", "name": "Ruta Nacional Mariscal Estigarribia", "highway": "trunk", "length": 47.686, "maxspeed": NaN, "bridge": NaN, "access": NaN, "tunnel": NaN, "junction": NaN, "width": NaN, "service": NaN, "roughness": 7.0}}, {"type": "Feature", "geometry": {"type": "LineString", "coordinates": [[-56.8723814, -25.4622885], [-56.8728666, -25.4623725]]}, "properties": {"osmid": "164029685", "oneway": "False", "lanes": "2", "ref": "PY02", "name": "Ruta Nacional Mariscal Estigarribia", "highway": "trunk", "length": 49.599, "maxspeed": NaN, "bridge": NaN, "access": NaN, "tunnel": NaN, "junction": NaN, "width": NaN, "service": NaN, "roughness": 7.0}}, {"type": "Feature", "geometry": {"type": "LineString", "coordinates": [[-56.8728666, -25.4623725], [-56.8732016, -25.4624441]]}, "properties": {"osmid": "164029685", "oneway": "False", "lanes": "2", "ref": "PY02", "name": "Ruta Nacional Mariscal Estigarribia", "highway": "trunk", "length": 34.562, "maxspeed": NaN, "bridge": NaN, "access": NaN, "tunnel": NaN, "junction": NaN, "width": NaN, "service": NaN, "roughness": 7.0}}, {"type": "Feature", "geometry": {"type": "LineString", "coordinates": [[-56.8732016, -25.4624441], [-56.8735702, -25.4625556]]}, "properties": {"osmid": "164029685", "oneway": "False", "lanes": "2", "ref": "PY02", "name": "Ruta Nacional Mariscal Estigarribia", "highway": "trunk", "length": 39.027, "maxspeed": NaN, "bridge": NaN, "access": NaN, "tunnel": NaN, "junction": NaN, "width": NaN, "service": NaN, "roughness": 7.0}}, {"type": "Feature", "geometry": {"type": "LineString", "coordinates": [[-56.8735702, -25.4625556], [-56.8739515, -25.4626939]]}, "properties": {"osmid": "164029685", "oneway": "False", "lanes": "2", "ref": "PY02", "name": "Ruta Nacional Mariscal Estigarribia", "highway": "trunk", "length": 41.254, "maxspeed": NaN, "bridge": NaN, "access": NaN, "tunnel": NaN, "junction": NaN, "width": NaN, "service": NaN, "roughness": 7.0}}, {"type": "Feature", "geometry": {"type": "LineString", "coordinates": [[-56.8739515, -25.4626939], [-56.8743313, -25.4628595]]}, "properties": {"osmid": "164029685", "oneway": "False", "lanes": "2", "ref": "PY02", "name": "Ruta Nacional Mariscal Estigarribia", "highway": "trunk", "length": 42.343, "maxspeed": NaN, "bridge": NaN, "access": NaN, "tunnel": NaN, "junction": NaN, "width": NaN, "service": NaN, "roughness": 7.0}}, {"type": "Feature", "geometry": {"type": "LineString", "coordinates": [[-56.8743313, -25.4628595], [-56.8746645, -25.463029]]}, "properties": {"osmid": "164029685", "oneway": "False", "lanes": "2", "ref": "PY02", "name": "Ruta Nacional Mariscal Estigarribia", "highway": "trunk", "length": 38.396, "maxspeed": NaN, "bridge": NaN, "access": NaN, "tunnel": NaN, "junction": NaN, "width": NaN, "service": NaN, "roughness": 7.0}}, {"type": "Feature", "geometry": {"type": "LineString", "coordinates": [[-56.8746645, -25.463029], [-56.8749311, -25.4632002]]}, "properties": {"osmid": "164029685", "oneway": "False", "lanes": "2", "ref": "PY02", "name": "Ruta Nacional Mariscal Estigarribia", "highway": "trunk", "length": 32.844, "maxspeed": NaN, "bridge": NaN, "access": NaN, "tunnel": NaN, "junction": NaN, "width": NaN, "service": NaN, "roughness": 7.0}}, {"type": "Feature", "geometry": {"type": "LineString", "coordinates": [[-56.8749311, -25.4632002], [-56.8760314, -25.4639321]]}, "properties": {"osmid": "164029685", "oneway": "False", "lanes": "2", "ref": "PY02", "name": "Ruta Nacional Mariscal Estigarribia", "highway": "trunk", "length": 137.206, "maxspeed": NaN, "bridge": NaN, "access": NaN, "tunnel": NaN, "junction": NaN, "width": NaN, "service": NaN, "roughness": 7.0}}, {"type": "Feature", "geometry": {"type": "LineString", "coordinates": [[-56.8760314, -25.4639321], [-56.8762225, -25.4640449]]}, "properties": {"osmid": "164029685", "oneway": "False", "lanes": "2", "ref": "PY02", "name": "Ruta Nacional Mariscal Estigarribia", "highway": "trunk", "length": 22.921, "maxspeed": NaN, "bridge": NaN, "access": NaN, "tunnel": NaN, "junction": NaN, "width": NaN, "service": NaN, "roughness": 7.0}}, {"type": "Feature", "geometry": {"type": "LineString", "coordinates": [[-56.8762225, -25.4640449], [-56.8764274, -25.4641475]]}, "properties": {"osmid": "164029685", "oneway": "False", "lanes": "2", "ref": "PY02", "name": "Ruta Nacional Mariscal Estigarribia", "highway": "trunk", "length": 23.522, "maxspeed": NaN, "bridge": NaN, "access": NaN, "tunnel": NaN, "junction": NaN, "width": NaN, "service": NaN, "roughness": 7.0}}, {"type": "Feature", "geometry": {"type": "LineString", "coordinates": [[-56.8764274, -25.4641475], [-56.8766633, -25.4642453]]}, "properties": {"osmid": "164029685", "oneway": "False", "lanes": "2", "ref": "PY02", "name": "Ruta Nacional Mariscal Estigarribia", "highway": "trunk", "length": 26.06, "maxspeed": NaN, "bridge": NaN, "access": NaN, "tunnel": NaN, "junction": NaN, "width": NaN, "service": NaN, "roughness": 7.0}}, {"type": "Feature", "geometry": {"type": "LineString", "coordinates": [[-56.8766633, -25.4642453], [-56.8769018, -25.4643234]]}, "properties": {"osmid": "164029685", "oneway": "False", "lanes": "2", "ref": "PY02", "name": "Ruta Nacional Mariscal Estigarribia", "highway": "trunk", "length": 25.47, "maxspeed": NaN, "bridge": NaN, "access": NaN, "tunnel": NaN, "junction": NaN, "width": NaN, "service": NaN, "roughness": 7.0}}, {"type": "Feature", "geometry": {"type": "LineString", "coordinates": [[-56.8769018, -25.4643234], [-56.8771598, -25.4643866]]}, "properties": {"osmid": "164029685", "oneway": "False", "lanes": "2", "ref": "PY02", "name": "Ruta Nacional Mariscal Estigarribia", "highway": "trunk", "length": 26.838, "maxspeed": NaN, "bridge": NaN, "access": NaN, "tunnel": NaN, "junction": NaN, "width": NaN, "service": NaN, "roughness": 7.0}}, {"type": "Feature", "geometry": {"type": "LineString", "coordinates": [[-56.8771598, -25.4643866], [-56.8773946, -25.464426]]}, "properties": {"osmid": "164029685", "oneway": "False", "lanes": "2", "ref": "PY02", "name": "Ruta Nacional Mariscal Estigarribia", "highway": "trunk", "length": 23.976, "maxspeed": NaN, "bridge": NaN, "access": NaN, "tunnel": NaN, "junction": NaN, "width": NaN, "service": NaN, "roughness": 7.0}}, {"type": "Feature", "geometry": {"type": "LineString", "coordinates": [[-56.8773946, -25.464426], [-56.877683, -25.464452]]}, "properties": {"osmid": "164029685", "oneway": "False", "lanes": "2", "ref": "PY02", "name": "Ruta Nacional Mariscal Estigarribia", "highway": "trunk", "length": 29.097, "maxspeed": NaN, "bridge": NaN, "access": NaN, "tunnel": NaN, "junction": NaN, "width": NaN, "service": NaN, "roughness": 7.0}}, {"type": "Feature", "geometry": {"type": "LineString", "coordinates": [[-56.877683, -25.464452], [-56.8779542, -25.4644543]]}, "properties": {"osmid": "164029685", "oneway": "False", "lanes": "2", "ref": "PY02", "name": "Ruta Nacional Mariscal Estigarribia", "highway": "trunk", "length": 27.228, "maxspeed": NaN, "bridge": NaN, "access": NaN, "tunnel": NaN, "junction": NaN, "width": NaN, "service": NaN, "roughness": 7.0}}, {"type": "Feature", "geometry": {"type": "LineString", "coordinates": [[-56.8779542, -25.4644543], [-56.8782264, -25.4644352]]}, "properties": {"osmid": "164029685", "oneway": "False", "lanes": "2", "ref": "PY02", "name": "Ruta Nacional Mariscal Estigarribia", "highway": "trunk", "length": 27.409, "maxspeed": NaN, "bridge": NaN, "access": NaN, "tunnel": NaN, "junction": NaN, "width": NaN, "service": NaN, "roughness": 7.0}}, {"type": "Feature", "geometry": {"type": "LineString", "coordinates": [[-56.8782264, -25.4644352], [-56.8797077, -25.4687519]]}, "properties": {"osmid": "164040191", "oneway": "False", "lanes": "2", "ref": "D011", "name": "Ruta Itacurub\u00ed - Valenzuela", "highway": "primary", "length": 502.504, "maxspeed": "60", "bridge": NaN, "access": NaN, "tunnel": NaN, "junction": NaN, "width": NaN, "service": NaN, "roughness": 7.0}}, {"type": "Feature", "geometry": {"type": "LineString", "coordinates": [[-56.8797077, -25.4687519], [-56.8800806, -25.469933]]}, "properties": {"osmid": "164040191", "oneway": "False", "lanes": "2", "ref": "D011", "name": "Ruta Itacurub\u00ed - Valenzuela", "highway": "primary", "length": 136.564, "maxspeed": "60", "bridge": NaN, "access": NaN, "tunnel": NaN, "junction": NaN, "width": NaN, "service": NaN, "roughness": 7.0}}, {"type": "Feature", "geometry": {"type": "LineString", "coordinates": [[-56.8800806, -25.469933], [-56.8803753, -25.4708662]]}, "properties": {"osmid": "164040191", "oneway": "False", "lanes": "2", "ref": "D011", "name": "Ruta Itacurub\u00ed - Valenzuela", "highway": "primary", "length": 107.902, "maxspeed": "60", "bridge": NaN, "access": NaN, "tunnel": NaN, "junction": NaN, "width": NaN, "service": NaN, "roughness": 7.0}}, {"type": "Feature", "geometry": {"type": "LineString", "coordinates": [[-56.8803753, -25.4708662], [-56.880507, -25.4712752]]}, "properties": {"osmid": "164040191", "oneway": "False", "lanes": "2", "ref": "D011", "name": "Ruta Itacurub\u00ed - Valenzuela", "highway": "primary", "length": 47.362, "maxspeed": "60", "bridge": NaN, "access": NaN, "tunnel": NaN, "junction": NaN, "width": NaN, "service": NaN, "roughness": 7.0}}, {"type": "Feature", "geometry": {"type": "LineString", "coordinates": [[-56.880507, -25.4712752], [-56.8806143, -25.471711]]}, "properties": {"osmid": "164040191", "oneway": "False", "lanes": "2", "ref": "D011", "name": "Ruta Itacurub\u00ed - Valenzuela", "highway": "primary", "length": 49.642, "maxspeed": "60", "bridge": NaN, "access": NaN, "tunnel": NaN, "junction": NaN, "width": NaN, "service": NaN, "roughness": 7.0}}, {"type": "Feature", "geometry": {"type": "LineString", "coordinates": [[-56.8806143, -25.471711], [-56.880845, -25.4726457]]}, "properties": {"osmid": "164040191", "oneway": "False", "lanes": "2", "ref": "D011", "name": "Ruta Itacurub\u00ed - Valenzuela", "highway": "primary", "length": 106.483, "maxspeed": "60", "bridge": NaN, "access": NaN, "tunnel": NaN, "junction": NaN, "width": NaN, "service": NaN, "roughness": 7.0}}, {"type": "Feature", "geometry": {"type": "LineString", "coordinates": [[-56.880845, -25.4726457], [-56.8810649, -25.4737451]]}, "properties": {"osmid": "164040191", "oneway": "False", "lanes": "2", "ref": "D011", "name": "Ruta Itacurub\u00ed - Valenzuela", "highway": "primary", "length": 124.225, "maxspeed": "60", "bridge": NaN, "access": NaN, "tunnel": NaN, "junction": NaN, "width": NaN, "service": NaN, "roughness": 7.0}}, {"type": "Feature", "geometry": {"type": "LineString", "coordinates": [[-56.8810649, -25.4737451], [-56.88114, -25.4742003]]}, "properties": {"osmid": "164040191", "oneway": "False", "lanes": "2", "ref": "D011", "name": "Ruta Itacurub\u00ed - Valenzuela", "highway": "primary", "length": 51.174, "maxspeed": "60", "bridge": NaN, "access": NaN, "tunnel": NaN, "junction": NaN, "width": NaN, "service": NaN, "roughness": 7.0}}, {"type": "Feature", "geometry": {"type": "LineString", "coordinates": [[-56.88114, -25.4742003], [-56.8811829, -25.4745393]]}, "properties": {"osmid": "164040191", "oneway": "False", "lanes": "2", "ref": "D011", "name": "Ruta Itacurub\u00ed - Valenzuela", "highway": "primary", "length": 37.94, "maxspeed": "60", "bridge": NaN, "access": NaN, "tunnel": NaN, "junction": NaN, "width": NaN, "service": NaN, "roughness": 7.0}}, {"type": "Feature", "geometry": {"type": "LineString", "coordinates": [[-56.8811829, -25.4745393], [-56.8811829, -25.474888]]}, "properties": {"osmid": "164040191", "oneway": "False", "lanes": "2", "ref": "D011", "name": "Ruta Itacurub\u00ed - Valenzuela", "highway": "primary", "length": 38.774, "maxspeed": "60", "bridge": NaN, "access": NaN, "tunnel": NaN, "junction": NaN, "width": NaN, "service": NaN, "roughness": 7.0}}, {"type": "Feature", "geometry": {"type": "LineString", "coordinates": [[-56.8811829, -25.474888], [-56.8811668, -25.4759195]]}, "properties": {"osmid": "164040191", "oneway": "False", "lanes": "2", "ref": "D011", "name": "Ruta Itacurub\u00ed - Valenzuela", "highway": "primary", "length": 114.709, "maxspeed": "60", "bridge": NaN, "access": NaN, "tunnel": NaN, "junction": NaN, "width": NaN, "service": NaN, "roughness": 7.0}}, {"type": "Feature", "geometry": {"type": "LineString", "coordinates": [[-56.8811668, -25.4759195], [-56.8811347, -25.4763263]]}, "properties": {"osmid": "164040191", "oneway": "False", "lanes": "2", "ref": "D011", "name": "Ruta Itacurub\u00ed - Valenzuela", "highway": "primary", "length": 45.349, "maxspeed": "60", "bridge": NaN, "access": NaN, "tunnel": NaN, "junction": NaN, "width": NaN, "service": NaN, "roughness": 7.0}}, {"type": "Feature", "geometry": {"type": "LineString", "coordinates": [[-56.8811347, -25.4763263], [-56.8810703, -25.4768445]]}, "properties": {"osmid": "164040191", "oneway": "False", "lanes": "2", "ref": "D011", "name": "Ruta Itacurub\u00ed - Valenzuela", "highway": "primary", "length": 57.983, "maxspeed": "60", "bridge": NaN, "access": NaN, "tunnel": NaN, "junction": NaN, "width": NaN, "service": NaN, "roughness": 7.0}}, {"type": "Feature", "geometry": {"type": "LineString", "coordinates": [[-56.8810703, -25.4768445], [-56.880854, -25.4784019]]}, "properties": {"osmid": "164040191", "oneway": "False", "lanes": "2", "ref": "D011", "name": "Ruta Itacurub\u00ed - Valenzuela", "highway": "primary", "length": 174.531, "maxspeed": "60", "bridge": NaN, "access": NaN, "tunnel": NaN, "junction": NaN, "width": NaN, "service": NaN, "roughness": 7.0}}, {"type": "Feature", "geometry": {"type": "LineString", "coordinates": [[-56.880854, -25.4784019], [-56.880845, -25.4784668]]}, "properties": {"osmid": "164040191", "oneway": "False", "lanes": "2", "ref": "D011", "name": "Ruta Itacurub\u00ed - Valenzuela", "highway": "primary", "length": 7.273, "maxspeed": "60", "bridge": NaN, "access": NaN, "tunnel": NaN, "junction": NaN, "width": NaN, "service": NaN, "roughness": 7.0}}, {"type": "Feature", "geometry": {"type": "LineString", "coordinates": [[-56.880845, -25.4784668], [-56.8806948, -25.4792707]]}, "properties": {"osmid": "164040191", "oneway": "False", "lanes": "2", "ref": "D011", "name": "Ruta Itacurub\u00ed - Valenzuela", "highway": "primary", "length": 90.652, "maxspeed": "60", "bridge": NaN, "access": NaN, "tunnel": NaN, "junction": NaN, "width": NaN, "service": NaN, "roughness": 7.0}}, {"type": "Feature", "geometry": {"type": "LineString", "coordinates": [[-56.8806948, -25.4792707], [-56.8806572, -25.4795564]]}, "properties": {"osmid": "164040191", "oneway": "False", "lanes": "2", "ref": "D011", "name": "Ruta Itacurub\u00ed - Valenzuela", "highway": "primary", "length": 31.992, "maxspeed": "60", "bridge": NaN, "access": NaN, "tunnel": NaN, "junction": NaN, "width": NaN, "service": NaN, "roughness": 7.0}}, {"type": "Feature", "geometry": {"type": "LineString", "coordinates": [[-56.8806572, -25.4795564], [-56.8806304, -25.479968]]}, "properties": {"osmid": "164040191", "oneway": "False", "lanes": "2", "ref": "D011", "name": "Ruta Itacurub\u00ed - Valenzuela", "highway": "primary", "length": 45.847, "maxspeed": "60", "bridge": NaN, "access": NaN, "tunnel": NaN, "junction": NaN, "width": NaN, "service": NaN, "roughness": 7.0}}, {"type": "Feature", "geometry": {"type": "LineString", "coordinates": [[-56.8806304, -25.479968], [-56.8805119, -25.4837894]]}, "properties": {"osmid": "164040191", "oneway": "False", "lanes": "2", "ref": "D011", "name": "Ruta Itacurub\u00ed - Valenzuela", "highway": "primary", "length": 425.087, "maxspeed": "60", "bridge": NaN, "access": NaN, "tunnel": NaN, "junction": NaN, "width": NaN, "service": NaN, "roughness": 7.0}}, {"type": "Feature", "geometry": {"type": "LineString", "coordinates": [[-56.8805119, -25.4837894], [-56.8804649, -25.4841193]]}, "properties": {"osmid": "164040191", "oneway": "False", "lanes": "2", "ref": "D011", "name": "Ruta Itacurub\u00ed - Valenzuela", "highway": "primary", "length": 36.985, "maxspeed": "60", "bridge": NaN, "access": NaN, "tunnel": NaN, "junction": NaN, "width": NaN, "service": NaN, "roughness": 7.0}}, {"type": "Feature", "geometry": {"type": "LineString", "coordinates": [[-56.8804649, -25.4841193], [-56.88033, -25.4847476]]}, "properties": {"osmid": "164040191", "oneway": "False", "lanes": "2", "ref": "D011", "name": "Ruta Itacurub\u00ed - Valenzuela", "highway": "primary", "length": 71.164, "maxspeed": "60", "bridge": NaN, "access": NaN, "tunnel": NaN, "junction": NaN, "width": NaN, "service": NaN, "roughness": 7.0}}, {"type": "Feature", "geometry": {"type": "LineString", "coordinates": [[-56.88033, -25.4847476], [-56.8802817, -25.485014]]}, "properties": {"osmid": "164040191", "oneway": "False", "lanes": "2", "ref": "D011", "name": "Ruta Itacurub\u00ed - Valenzuela", "highway": "primary", "length": 30.016, "maxspeed": "60", "bridge": NaN, "access": NaN, "tunnel": NaN, "junction": NaN, "width": NaN, "service": NaN, "roughness": 7.0}}, {"type": "Feature", "geometry": {"type": "LineString", "coordinates": [[-56.8802817, -25.485014], [-56.8799491, -25.4867524]]}, "properties": {"osmid": "164040191", "oneway": "False", "lanes": "2", "ref": "D011", "name": "Ruta Itacurub\u00ed - Valenzuela", "highway": "primary", "length": 196.163, "maxspeed": "60", "bridge": NaN, "access": NaN, "tunnel": NaN, "junction": NaN, "width": NaN, "service": NaN, "roughness": 7.0}}, {"type": "Feature", "geometry": {"type": "LineString", "coordinates": [[-56.8799491, -25.4867524], [-56.8799062, -25.487101]]}, "properties": {"osmid": "164040191", "oneway": "False", "lanes": "2", "ref": "D011", "name": "Ruta Itacurub\u00ed - Valenzuela", "highway": "primary", "length": 39.001, "maxspeed": "60", "bridge": NaN, "access": NaN, "tunnel": NaN, "junction": NaN, "width": NaN, "service": NaN, "roughness": 7.0}}, {"type": "Feature", "geometry": {"type": "LineString", "coordinates": [[-56.8799062, -25.487101], [-56.8798794, -25.487503]]}, "properties": {"osmid": "164040191", "oneway": "False", "lanes": "2", "ref": "D011", "name": "Ruta Itacurub\u00ed - Valenzuela", "highway": "primary", "length": 44.781, "maxspeed": "60", "bridge": NaN, "access": NaN, "tunnel": NaN, "junction": NaN, "width": NaN, "service": NaN, "roughness": 7.0}}, {"type": "Feature", "geometry": {"type": "LineString", "coordinates": [[-56.8798794, -25.487503], [-56.8798579, -25.4880259]]}, "properties": {"osmid": "164040191", "oneway": "False", "lanes": "2", "ref": "D011", "name": "Ruta Itacurub\u00ed - Valenzuela", "highway": "primary", "length": 58.184, "maxspeed": "60", "bridge": NaN, "access": NaN, "tunnel": NaN, "junction": NaN, "width": NaN, "service": NaN, "roughness": 7.0}}, {"type": "Feature", "geometry": {"type": "LineString", "coordinates": [[-56.8798579, -25.4880259], [-56.879638, -25.4912315]]}, "properties": {"osmid": "164040191", "oneway": "False", "lanes": "2", "ref": "D011", "name": "Ruta Itacurub\u00ed - Valenzuela", "highway": "primary", "length": 357.13, "maxspeed": "60", "bridge": NaN, "access": NaN, "tunnel": NaN, "junction": NaN, "width": NaN, "service": NaN, "roughness": 7.0}}, {"type": "Feature", "geometry": {"type": "LineString", "coordinates": [[-56.879638, -25.4912315], [-56.8796058, -25.4914736]]}, "properties": {"osmid": "164040191", "oneway": "False", "lanes": "2", "ref": "D011", "name": "Ruta Itacurub\u00ed - Valenzuela", "highway": "primary", "length": 27.114, "maxspeed": "60", "bridge": NaN, "access": NaN, "tunnel": NaN, "junction": NaN, "width": NaN, "service": NaN, "roughness": 7.0}}, {"type": "Feature", "geometry": {"type": "LineString", "coordinates": [[-56.8796058, -25.4914736], [-56.8795361, -25.4917787]]}, "properties": {"osmid": "164040191", "oneway": "False", "lanes": "2", "ref": "D011", "name": "Ruta Itacurub\u00ed - Valenzuela", "highway": "primary", "length": 34.639, "maxspeed": "60", "bridge": NaN, "access": NaN, "tunnel": NaN, "junction": NaN, "width": NaN, "service": NaN, "roughness": 7.0}}, {"type": "Feature", "geometry": {"type": "LineString", "coordinates": [[-56.8795361, -25.4917787], [-56.8794395, -25.4921225]]}, "properties": {"osmid": "164040191", "oneway": "False", "lanes": "2", "ref": "D011", "name": "Ruta Itacurub\u00ed - Valenzuela", "highway": "primary", "length": 39.439, "maxspeed": "60", "bridge": NaN, "access": NaN, "tunnel": NaN, "junction": NaN, "width": NaN, "service": NaN, "roughness": 7.0}}, {"type": "Feature", "geometry": {"type": "LineString", "coordinates": [[-56.8794395, -25.4921225], [-56.8791713, -25.4929408]]}, "properties": {"osmid": "164040191", "oneway": "False", "lanes": "2", "ref": "D011", "name": "Ruta Itacurub\u00ed - Valenzuela", "highway": "primary", "length": 94.889, "maxspeed": "60", "bridge": NaN, "access": NaN, "tunnel": NaN, "junction": NaN, "width": NaN, "service": NaN, "roughness": 7.0}}, {"type": "Feature", "geometry": {"type": "LineString", "coordinates": [[-56.8791713, -25.4929408], [-56.8790372, -25.4934105]]}, "properties": {"osmid": "164040191", "oneway": "False", "lanes": "2", "ref": "D011", "name": "Ruta Itacurub\u00ed - Valenzuela", "highway": "primary", "length": 53.935, "maxspeed": "60", "bridge": NaN, "access": NaN, "tunnel": NaN, "junction": NaN, "width": NaN, "service": NaN, "roughness": 7.0}}, {"type": "Feature", "geometry": {"type": "LineString", "coordinates": [[-56.8790372, -25.4934105], [-56.8790224, -25.4935011]]}, "properties": {"osmid": "164040191", "oneway": "False", "lanes": "2", "ref": "D011", "name": "Ruta Itacurub\u00ed - Valenzuela", "highway": "primary", "length": 10.183, "maxspeed": "60", "bridge": NaN, "access": NaN, "tunnel": NaN, "junction": NaN, "width": NaN, "service": NaN, "roughness": 7.0}}, {"type": "Feature", "geometry": {"type": "LineString", "coordinates": [[-56.8790224, -25.4935011], [-56.8789648, -25.4938538]]}, "properties": {"osmid": "164040191", "oneway": "False", "lanes": "2", "ref": "D011", "name": "Ruta Itacurub\u00ed - Valenzuela", "highway": "primary", "length": 39.642, "maxspeed": "60", "bridge": NaN, "access": NaN, "tunnel": NaN, "junction": NaN, "width": NaN, "service": NaN, "roughness": 7.0}}, {"type": "Feature", "geometry": {"type": "LineString", "coordinates": [[-56.8789648, -25.4938538], [-56.8787421, -25.4950132]]}, "properties": {"osmid": "164040191", "oneway": "False", "lanes": "2", "ref": "D011", "name": "Ruta Itacurub\u00ed - Valenzuela", "highway": "primary", "length": 130.843, "maxspeed": "60", "bridge": NaN, "access": NaN, "tunnel": NaN, "junction": NaN, "width": NaN, "service": NaN, "roughness": 7.0}}, {"type": "Feature", "geometry": {"type": "LineString", "coordinates": [[-56.8787421, -25.4950132], [-56.8784793, -25.4964368]]}, "properties": {"osmid": "164040191", "oneway": "False", "lanes": "2", "ref": "D011", "name": "Ruta Itacurub\u00ed - Valenzuela", "highway": "primary", "length": 160.48, "maxspeed": "60", "bridge": NaN, "access": NaN, "tunnel": NaN, "junction": NaN, "width": NaN, "service": NaN, "roughness": 7.0}}, {"type": "Feature", "geometry": {"type": "LineString", "coordinates": [[-56.8784793, -25.4964368], [-56.8781681, -25.4981799]]}, "properties": {"osmid": "164040191", "oneway": "False", "lanes": "2", "ref": "D011", "name": "Ruta Itacurub\u00ed - Valenzuela", "highway": "primary", "length": 196.325, "maxspeed": "60", "bridge": NaN, "access": NaN, "tunnel": NaN, "junction": NaN, "width": NaN, "service": NaN, "roughness": 7.0}}, {"type": "Feature", "geometry": {"type": "LineString", "coordinates": [[-56.8781681, -25.4981799], [-56.8774332, -25.5022518]]}, "properties": {"osmid": "164040191", "oneway": "False", "lanes": "2", "ref": "D011", "name": "Ruta Itacurub\u00ed - Valenzuela", "highway": "primary", "length": 458.743, "maxspeed": "60", "bridge": NaN, "access": NaN, "tunnel": NaN, "junction": NaN, "width": NaN, "service": NaN, "roughness": 7.0}}, {"type": "Feature", "geometry": {"type": "LineString", "coordinates": [[-56.8774332, -25.5022518], [-56.8772347, -25.5034042]]}, "properties": {"osmid": "164040191", "oneway": "False", "lanes": "2", "ref": "D011", "name": "Ruta Itacurub\u00ed - Valenzuela", "highway": "primary", "length": 129.681, "maxspeed": "60", "bridge": NaN, "access": NaN, "tunnel": NaN, "junction": NaN, "width": NaN, "service": NaN, "roughness": 7.0}}, {"type": "Feature", "geometry": {"type": "LineString", "coordinates": [[-56.8772347, -25.5034042], [-56.8771221, -25.5039271]]}, "properties": {"osmid": "164040191", "oneway": "False", "lanes": "2", "ref": "D011", "name": "Ruta Itacurub\u00ed - Valenzuela", "highway": "primary", "length": 59.232, "maxspeed": "60", "bridge": NaN, "access": NaN, "tunnel": NaN, "junction": NaN, "width": NaN, "service": NaN, "roughness": 7.0}}, {"type": "Feature", "geometry": {"type": "LineString", "coordinates": [[-56.8771221, -25.5039271], [-56.8769504, -25.5045952]]}, "properties": {"osmid": "164040191", "oneway": "False", "lanes": "2", "ref": "D011", "name": "Ruta Itacurub\u00ed - Valenzuela", "highway": "primary", "length": 76.262, "maxspeed": "60", "bridge": NaN, "access": NaN, "tunnel": NaN, "junction": NaN, "width": NaN, "service": NaN, "roughness": 7.0}}, {"type": "Feature", "geometry": {"type": "LineString", "coordinates": [[-56.8769504, -25.5045952], [-56.8760492, -25.5077229]]}, "properties": {"osmid": "164040191", "oneway": "False", "lanes": "2", "ref": "D011", "name": "Ruta Itacurub\u00ed - Valenzuela", "highway": "primary", "length": 359.352, "maxspeed": "60", "bridge": NaN, "access": NaN, "tunnel": NaN, "junction": NaN, "width": NaN, "service": NaN, "roughness": 7.0}}, {"type": "Feature", "geometry": {"type": "LineString", "coordinates": [[-56.8760492, -25.5077229], [-56.8753357, -25.5102356]]}, "properties": {"osmid": "164040191", "oneway": "False", "lanes": "2", "ref": "D011", "name": "Ruta Itacurub\u00ed - Valenzuela", "highway": "primary", "length": 288.429, "maxspeed": "60", "bridge": NaN, "access": NaN, "tunnel": NaN, "junction": NaN, "width": NaN, "service": NaN, "roughness": 7.0}}, {"type": "Feature", "geometry": {"type": "LineString", "coordinates": [[-56.8753357, -25.5102356], [-56.8752445, -25.5105794]]}, "properties": {"osmid": "164040191", "oneway": "False", "lanes": "2", "ref": "D011", "name": "Ruta Itacurub\u00ed - Valenzuela", "highway": "primary", "length": 39.309, "maxspeed": "60", "bridge": NaN, "access": NaN, "tunnel": NaN, "junction": NaN, "width": NaN, "service": NaN, "roughness": 7.0}}, {"type": "Feature", "geometry": {"type": "LineString", "coordinates": [[-56.8752445, -25.5105794], [-56.8752016, -25.5109086]]}, "properties": {"osmid": "164040191", "oneway": "False", "lanes": "2", "ref": "D011", "name": "Ruta Itacurub\u00ed - Valenzuela", "highway": "primary", "length": 36.858, "maxspeed": "60", "bridge": NaN, "access": NaN, "tunnel": NaN, "junction": NaN, "width": NaN, "service": NaN, "roughness": 7.0}}, {"type": "Feature", "geometry": {"type": "LineString", "coordinates": [[-56.8752016, -25.5109086], [-56.8751641, -25.5113007]]}, "properties": {"osmid": "164040191", "oneway": "False", "lanes": "2", "ref": "D011", "name": "Ruta Itacurub\u00ed - Valenzuela", "highway": "primary", "length": 43.762, "maxspeed": "60", "bridge": NaN, "access": NaN, "tunnel": NaN, "junction": NaN, "width": NaN, "service": NaN, "roughness": 7.0}}, {"type": "Feature", "geometry": {"type": "LineString", "coordinates": [[-56.8751641, -25.5113007], [-56.8751587, -25.5116348]]}, "properties": {"osmid": "164040191", "oneway": "False", "lanes": "2", "ref": "D011", "name": "Ruta Itacurub\u00ed - Valenzuela", "highway": "primary", "length": 37.154, "maxspeed": "60", "bridge": NaN, "access": NaN, "tunnel": NaN, "junction": NaN, "width": NaN, "service": NaN, "roughness": 7.0}}, {"type": "Feature", "geometry": {"type": "LineString", "coordinates": [[-56.8751587, -25.5116348], [-56.875148, -25.5176428]]}, "properties": {"osmid": "164040191", "oneway": "False", "lanes": "2", "ref": "D011", "name": "Ruta Itacurub\u00ed - Valenzuela", "highway": "primary", "length": 668.061, "maxspeed": "60", "bridge": NaN, "access": NaN, "tunnel": NaN, "junction": NaN, "width": NaN, "service": NaN, "roughness": 7.0}}, {"type": "Feature", "geometry": {"type": "LineString", "coordinates": [[-56.875148, -25.5176428], [-56.8751641, -25.5181608]]}, "properties": {"osmid": "164040191", "oneway": "False", "lanes": "2", "ref": "D011", "name": "Ruta Itacurub\u00ed - Valenzuela", "highway": "primary", "length": 57.622, "maxspeed": "60", "bridge": NaN, "access": NaN, "tunnel": NaN, "junction": NaN, "width": NaN, "service": NaN, "roughness": 7.0}}, {"type": "Feature", "geometry": {"type": "LineString", "coordinates": [[-56.8751641, -25.5181608], [-56.8752123, -25.5193227]]}, "properties": {"osmid": "164040191", "oneway": "False", "lanes": "2", "ref": "D011", "name": "Ruta Itacurub\u00ed - Valenzuela", "highway": "primary", "length": 129.288, "maxspeed": "60", "bridge": NaN, "access": NaN, "tunnel": NaN, "junction": NaN, "width": NaN, "service": NaN, "roughness": 7.0}}, {"type": "Feature", "geometry": {"type": "LineString", "coordinates": [[-56.8752123, -25.5193227], [-56.8755879, -25.5259547]]}, "properties": {"osmid": "164040191", "oneway": "False", "lanes": "2", "ref": "D011", "name": "Ruta Itacurub\u00ed - Valenzuela", "highway": "primary", "length": 738.408, "maxspeed": "60", "bridge": NaN, "access": NaN, "tunnel": NaN, "junction": NaN, "width": NaN, "service": NaN, "roughness": 7.0}}, {"type": "Feature", "geometry": {"type": "LineString", "coordinates": [[-56.8755879, -25.5259547], [-56.8756308, -25.5268648]]}, "properties": {"osmid": "164040191", "oneway": "False", "lanes": "2", "ref": "D011", "name": "Ruta Itacurub\u00ed - Valenzuela", "highway": "primary", "length": 101.29, "maxspeed": "60", "bridge": NaN, "access": NaN, "tunnel": NaN, "junction": NaN, "width": NaN, "service": NaN, "roughness": 7.0}}, {"type": "Feature", "geometry": {"type": "LineString", "coordinates": [[-56.8756308, -25.5268648], [-56.875679, -25.5272085]]}, "properties": {"osmid": "164040191", "oneway": "False", "lanes": "2", "ref": "D011", "name": "Ruta Itacurub\u00ed - Valenzuela", "highway": "primary", "length": 38.523, "maxspeed": "60", "bridge": NaN, "access": NaN, "tunnel": NaN, "junction": NaN, "width": NaN, "service": NaN, "roughness": 7.0}}, {"type": "Feature", "geometry": {"type": "LineString", "coordinates": [[-56.875679, -25.5272085], [-56.8757917, -25.5274893]]}, "properties": {"osmid": "164040191", "oneway": "False", "lanes": "2", "ref": "D011", "name": "Ruta Itacurub\u00ed - Valenzuela", "highway": "primary", "length": 33.208, "maxspeed": "60", "bridge": NaN, "access": NaN, "tunnel": NaN, "junction": NaN, "width": NaN, "service": NaN, "roughness": 7.0}}, {"type": "Feature", "geometry": {"type": "LineString", "coordinates": [[-56.8757917, -25.5274893], [-56.8759526, -25.5277361]]}, "properties": {"osmid": "164040191", "oneway": "False", "lanes": "2", "ref": "D011", "name": "Ruta Itacurub\u00ed - Valenzuela", "highway": "primary", "length": 31.84, "maxspeed": "60", "bridge": NaN, "access": NaN, "tunnel": NaN, "junction": NaN, "width": NaN, "service": NaN, "roughness": 7.0}}, {"type": "Feature", "geometry": {"type": "LineString", "coordinates": [[-56.8759526, -25.5277361], [-56.8788333, -25.5311924]]}, "properties": {"osmid": "164040191", "oneway": "False", "lanes": "2", "ref": "D011", "name": "Ruta Itacurub\u00ed - Valenzuela", "highway": "primary", "length": 480.886, "maxspeed": "60", "bridge": NaN, "access": NaN, "tunnel": NaN, "junction": NaN, "width": NaN, "service": NaN, "roughness": 7.0}}, {"type": "Feature", "geometry": {"type": "LineString", "coordinates": [[-56.8788333, -25.5311924], [-56.8790074, -25.5314661]]}, "properties": {"osmid": "164040191", "oneway": "False", "lanes": "2", "ref": "D011", "name": "Ruta Itacurub\u00ed - Valenzuela", "highway": "primary", "length": 35.091, "maxspeed": "60", "bridge": NaN, "access": NaN, "tunnel": NaN, "junction": NaN, "width": NaN, "service": NaN, "roughness": 7.0}}, {"type": "Feature", "geometry": {"type": "LineString", "coordinates": [[-56.8790074, -25.5314661], [-56.879064, -25.5316861]]}, "properties": {"osmid": "164040191", "oneway": "False", "lanes": "2", "ref": "D011", "name": "Ruta Itacurub\u00ed - Valenzuela", "highway": "primary", "length": 25.113, "maxspeed": "60", "bridge": NaN, "access": NaN, "tunnel": NaN, "junction": NaN, "width": NaN, "service": NaN, "roughness": 7.0}}, {"type": "Feature", "geometry": {"type": "LineString", "coordinates": [[-56.879064, -25.5316861], [-56.8790855, -25.5319427]]}, "properties": {"osmid": "164040191", "oneway": "False", "lanes": "2", "ref": "D011", "name": "Ruta Itacurub\u00ed - Valenzuela", "highway": "primary", "length": 28.614, "maxspeed": "60", "bridge": NaN, "access": NaN, "tunnel": NaN, "junction": NaN, "width": NaN, "service": NaN, "roughness": 7.0}}, {"type": "Feature", "geometry": {"type": "LineString", "coordinates": [[-56.8790855, -25.5319427], [-56.8790533, -25.5323105]]}, "properties": {"osmid": "164040191", "oneway": "False", "lanes": "2", "ref": "D011", "name": "Ruta Itacurub\u00ed - Valenzuela", "highway": "primary", "length": 41.025, "maxspeed": "60", "bridge": NaN, "access": NaN, "tunnel": NaN, "junction": NaN, "width": NaN, "service": NaN, "roughness": 7.0}}, {"type": "Feature", "geometry": {"type": "LineString", "coordinates": [[-56.8790533, -25.5323105], [-56.8786992, -25.5370106]]}, "properties": {"osmid": "164040191", "oneway": "False", "lanes": "2", "ref": "D011", "name": "Ruta Itacurub\u00ed - Valenzuela", "highway": "primary", "length": 523.834, "maxspeed": "60", "bridge": NaN, "access": NaN, "tunnel": NaN, "junction": NaN, "width": NaN, "service": NaN, "roughness": 7.0}}, {"type": "Feature", "geometry": {"type": "LineString", "coordinates": [[-56.8786992, -25.5370106], [-56.8786992, -25.5372429]]}, "properties": {"osmid": "164040191", "oneway": "False", "lanes": "2", "ref": "D011", "name": "Ruta Itacurub\u00ed - Valenzuela", "highway": "primary", "length": 25.831, "maxspeed": "60", "bridge": NaN, "access": NaN, "tunnel": NaN, "junction": NaN, "width": NaN, "service": NaN, "roughness": 7.0}}, {"type": "Feature", "geometry": {"type": "LineString", "coordinates": [[-56.8786992, -25.5372429], [-56.8787031, -25.5373763]]}, "properties": {"osmid": "164040191", "oneway": "False", "lanes": "2", "ref": "D011", "name": "Ruta Itacurub\u00ed - Valenzuela", "highway": "primary", "length": 14.839, "maxspeed": "60", "bridge": NaN, "access": NaN, "tunnel": NaN, "junction": NaN, "width": NaN, "service": NaN, "roughness": 7.0}}, {"type": "Feature", "geometry": {"type": "LineString", "coordinates": [[-56.8787031, -25.5373763], [-56.8787046, -25.5374269]]}, "properties": {"osmid": "164040191", "oneway": "False", "lanes": "2", "ref": "D011", "name": "Ruta Itacurub\u00ed - Valenzuela", "highway": "primary", "length": 5.628, "maxspeed": "60", "bridge": NaN, "access": NaN, "tunnel": NaN, "junction": NaN, "width": NaN, "service": NaN, "roughness": 7.0}}, {"type": "Feature", "geometry": {"type": "LineString", "coordinates": [[-56.8787046, -25.5374269], [-56.879579, -25.5416089]]}, "properties": {"osmid": "164040191", "oneway": "False", "lanes": "2", "ref": "D011", "name": "Ruta Itacurub\u00ed - Valenzuela", "highway": "primary", "length": 473.221, "maxspeed": "60", "bridge": NaN, "access": NaN, "tunnel": NaN, "junction": NaN, "width": NaN, "service": NaN, "roughness": 7.0}}, {"type": "Feature", "geometry": {"type": "LineString", "coordinates": [[-56.879579, -25.5416089], [-56.8803729, -25.5457713]]}, "properties": {"osmid": "164040191", "oneway": "False", "lanes": "2", "ref": "D011", "name": "Ruta Itacurub\u00ed - Valenzuela", "highway": "primary", "length": 469.642, "maxspeed": "60", "bridge": NaN, "access": NaN, "tunnel": NaN, "junction": NaN, "width": NaN, "service": NaN, "roughness": 7.0}}, {"type": "Feature", "geometry": {"type": "LineString", "coordinates": [[-56.8803729, -25.5457713], [-56.8811078, -25.5502531]]}, "properties": {"osmid": "164040191", "oneway": "False", "lanes": "2", "ref": "D011", "name": "Ruta Itacurub\u00ed - Valenzuela", "highway": "primary", "length": 503.778, "maxspeed": "60", "bridge": NaN, "access": NaN, "tunnel": NaN, "junction": NaN, "width": NaN, "service": NaN, "roughness": 7.0}}, {"type": "Feature", "geometry": {"type": "LineString", "coordinates": [[-56.8811078, -25.5502531], [-56.8812679, -25.5511314]]}, "properties": {"osmid": "164040191", "oneway": "False", "lanes": "2", "ref": "D011", "name": "Ruta Itacurub\u00ed - Valenzuela", "highway": "primary", "length": 98.975, "maxspeed": "60", "bridge": NaN, "access": NaN, "tunnel": NaN, "junction": NaN, "width": NaN, "service": NaN, "roughness": 7.0}}, {"type": "Feature", "geometry": {"type": "LineString", "coordinates": [[-56.8812679, -25.5511314], [-56.8814404, -25.5520777]]}, "properties": {"osmid": "164040191", "oneway": "False", "lanes": "2", "ref": "D011", "name": "Ruta Itacurub\u00ed - Valenzuela", "highway": "primary", "length": 106.637, "maxspeed": "60", "bridge": NaN, "access": NaN, "tunnel": NaN, "junction": NaN, "width": NaN, "service": NaN, "roughness": 7.0}}, {"type": "Feature", "geometry": {"type": "LineString", "coordinates": [[-56.8814404, -25.5520777], [-56.8814887, -25.5524794]]}, "properties": {"osmid": "164040191", "oneway": "False", "lanes": "2", "ref": "D011", "name": "Ruta Itacurub\u00ed - Valenzuela", "highway": "primary", "length": 44.929, "maxspeed": "60", "bridge": NaN, "access": NaN, "tunnel": NaN, "junction": NaN, "width": NaN, "service": NaN, "roughness": 7.0}}, {"type": "Feature", "geometry": {"type": "LineString", "coordinates": [[-56.8814887, -25.5524794], [-56.8815263, -25.5528617]]}, "properties": {"osmid": "164040191", "oneway": "False", "lanes": "2", "ref": "D011", "name": "Ruta Itacurub\u00ed - Valenzuela", "highway": "primary", "length": 42.677, "maxspeed": "60", "bridge": NaN, "access": NaN, "tunnel": NaN, "junction": NaN, "width": NaN, "service": NaN, "roughness": 7.0}}, {"type": "Feature", "geometry": {"type": "LineString", "coordinates": [[-56.8815263, -25.5528617], [-56.8815209, -25.5531666]]}, "properties": {"osmid": "164040191", "oneway": "False", "lanes": "2", "ref": "D011", "name": "Ruta Itacurub\u00ed - Valenzuela", "highway": "primary", "length": 33.908, "maxspeed": "60", "bridge": NaN, "access": NaN, "tunnel": NaN, "junction": NaN, "width": NaN, "service": NaN, "roughness": 7.0}}, {"type": "Feature", "geometry": {"type": "LineString", "coordinates": [[-56.8815209, -25.5531666], [-56.8814966, -25.5532355]]}, "properties": {"osmid": "164040191", "oneway": "False", "lanes": "2", "ref": "D011", "name": "Ruta Itacurub\u00ed - Valenzuela", "highway": "primary", "length": 8.04, "maxspeed": "60", "bridge": NaN, "access": NaN, "tunnel": NaN, "junction": NaN, "width": NaN, "service": NaN, "roughness": 7.0}}, {"type": "Feature", "geometry": {"type": "LineString", "coordinates": [[-56.8814966, -25.5532355], [-56.8814458, -25.5533796]]}, "properties": {"osmid": "164040191", "oneway": "False", "lanes": "2", "ref": "D011", "name": "Ruta Itacurub\u00ed - Valenzuela", "highway": "primary", "length": 16.814, "maxspeed": "60", "bridge": NaN, "access": NaN, "tunnel": NaN, "junction": NaN, "width": NaN, "service": NaN, "roughness": 7.0}}, {"type": "Feature", "geometry": {"type": "LineString", "coordinates": [[-56.8814458, -25.5533796], [-56.8813087, -25.5536726]]}, "properties": {"osmid": "164040191", "oneway": "False", "lanes": "2", "ref": "D011", "name": "Ruta Itacurub\u00ed - Valenzuela", "highway": "primary", "length": 35.364, "maxspeed": "60", "bridge": NaN, "access": NaN, "tunnel": NaN, "junction": NaN, "width": NaN, "service": NaN, "roughness": 7.0}}, {"type": "Feature", "geometry": {"type": "LineString", "coordinates": [[-56.8813087, -25.5536726], [-56.8811454, -25.5539748]]}, "properties": {"osmid": "164040191", "oneway": "False", "lanes": "2", "ref": "D011", "name": "Ruta Itacurub\u00ed - Valenzuela", "highway": "primary", "length": 37.384, "maxspeed": "60", "bridge": NaN, "access": NaN, "tunnel": NaN, "junction": NaN, "width": NaN, "service": NaN, "roughness": 7.0}}, {"type": "Feature", "geometry": {"type": "LineString", "coordinates": [[-56.8811454, -25.5539748], [-56.8798539, -25.5560864]]}, "properties": {"osmid": "164040191", "oneway": "False", "lanes": "2", "ref": "D011", "name": "Ruta Itacurub\u00ed - Valenzuela", "highway": "primary", "length": 268.172, "maxspeed": "60", "bridge": NaN, "access": NaN, "tunnel": NaN, "junction": NaN, "width": NaN, "service": NaN, "roughness": 7.0}}, {"type": "Feature", "geometry": {"type": "LineString", "coordinates": [[-56.8798539, -25.5560864], [-56.8783253, -25.558667]]}, "properties": {"osmid": "229955608", "oneway": "False", "lanes": "2", "ref": "D011", "name": "Ruta Itacurub\u00ed - Valenzuela", "highway": "primary", "length": 325.352, "maxspeed": "60", "bridge": NaN, "access": NaN, "tunnel": NaN, "junction": NaN, "width": NaN, "service": NaN, "roughness": 7.0}}, {"type": "Feature", "geometry": {"type": "LineString", "coordinates": [[-56.8783253, -25.558667], [-56.8774547, -25.5600625]]}, "properties": {"osmid": "229955608", "oneway": "False", "lanes": "2", "ref": "D011", "name": "Ruta Itacurub\u00ed - Valenzuela", "highway": "primary", "length": 178.061, "maxspeed": "60", "bridge": NaN, "access": NaN, "tunnel": NaN, "junction": NaN, "width": NaN, "service": NaN, "roughness": 7.0}}, {"type": "Feature", "geometry": {"type": "LineString", "coordinates": [[-56.8774547, -25.5600625], [-56.8769592, -25.5608841]]}, "properties": {"osmid": "229955608", "oneway": "False", "lanes": "2", "ref": "D011", "name": "Ruta Itacurub\u00ed - Valenzuela", "highway": "primary", "length": 104.004, "maxspeed": "60", "bridge": NaN, "access": NaN, "tunnel": NaN, "junction": NaN, "width": NaN, "service": NaN, "roughness": 7.0}}, {"type": "Feature", "geometry": {"type": "LineString", "coordinates": [[-56.8769592, -25.5608841], [-56.8768588, -25.5611379]]}, "properties": {"osmid": "229955608", "oneway": "False", "lanes": "2", "ref": "D011", "name": "Ruta Itacurub\u00ed - Valenzuela", "highway": "primary", "length": 29.965, "maxspeed": "60", "bridge": NaN, "access": NaN, "tunnel": NaN, "junction": NaN, "width": NaN, "service": NaN, "roughness": 7.0}}, {"type": "Feature", "geometry": {"type": "LineString", "coordinates": [[-56.8768588, -25.5611379], [-56.8763172, -25.5633501]]}, "properties": {"osmid": "229955608", "oneway": "False", "lanes": "2", "ref": "D011", "name": "Ruta Itacurub\u00ed - Valenzuela", "highway": "primary", "length": 251.914, "maxspeed": "60", "bridge": NaN, "access": NaN, "tunnel": NaN, "junction": NaN, "width": NaN, "service": NaN, "roughness": 7.0}}, {"type": "Feature", "geometry": {"type": "LineString", "coordinates": [[-56.8763172, -25.5633501], [-56.876226, -25.5637144]]}, "properties": {"osmid": "229955608", "oneway": "False", "lanes": "2", "ref": "D011", "name": "Ruta Itacurub\u00ed - Valenzuela", "highway": "primary", "length": 41.529, "maxspeed": "60", "bridge": NaN, "access": NaN, "tunnel": NaN, "junction": NaN, "width": NaN, "service": NaN, "roughness": 7.0}}, {"type": "Feature", "geometry": {"type": "LineString", "coordinates": [[-56.876226, -25.5637144], [-56.876226, -25.5640669]]}, "properties": {"osmid": "229955608", "oneway": "False", "lanes": "2", "ref": "D011", "name": "Ruta Itacurub\u00ed - Valenzuela", "highway": "primary", "length": 39.196, "maxspeed": "60", "bridge": NaN, "access": NaN, "tunnel": NaN, "junction": NaN, "width": NaN, "service": NaN, "roughness": 7.0}}, {"type": "Feature", "geometry": {"type": "LineString", "coordinates": [[-56.876226, -25.5640669], [-56.8763823, -25.5651011]]}, "properties": {"osmid": "229955608", "oneway": "False", "lanes": "2", "ref": "D011", "name": "Ruta Itacurub\u00ed - Valenzuela", "highway": "primary", "length": 116.062, "maxspeed": "60", "bridge": NaN, "access": NaN, "tunnel": NaN, "junction": NaN, "width": NaN, "service": NaN, "roughness": 7.0}}, {"type": "Feature", "geometry": {"type": "LineString", "coordinates": [[-56.8763823, -25.5651011], [-56.8765777, -25.5662762]]}, "properties": {"osmid": "229955608", "oneway": "False", "lanes": "2", "ref": "D011", "name": "Ruta Itacurub\u00ed - Valenzuela", "highway": "primary", "length": 132.127, "maxspeed": "60", "bridge": NaN, "access": NaN, "tunnel": NaN, "junction": NaN, "width": NaN, "service": NaN, "roughness": 7.0}}, {"type": "Feature", "geometry": {"type": "LineString", "coordinates": [[-56.8765777, -25.5662762], [-56.8765647, -25.566711]]}, "properties": {"osmid": "229955608", "oneway": "False", "lanes": "2", "ref": "D011", "name": "Ruta Itacurub\u00ed - Valenzuela", "highway": "primary", "length": 48.365, "maxspeed": "60", "bridge": NaN, "access": NaN, "tunnel": NaN, "junction": NaN, "width": NaN, "service": NaN, "roughness": 7.0}}, {"type": "Feature", "geometry": {"type": "LineString", "coordinates": [[-56.8765647, -25.566711], [-56.8764865, -25.5671106]]}, "properties": {"osmid": "229955608", "oneway": "False", "lanes": "2", "ref": "D011", "name": "Ruta Itacurub\u00ed - Valenzuela", "highway": "primary", "length": 45.121, "maxspeed": "60", "bridge": NaN, "access": NaN, "tunnel": NaN, "junction": NaN, "width": NaN, "service": NaN, "roughness": 7.0}}, {"type": "Feature", "geometry": {"type": "LineString", "coordinates": [[-56.8764865, -25.5671106], [-56.8763384, -25.5675834]]}, "properties": {"osmid": "229955608", "oneway": "False", "lanes": "2", "ref": "D011", "name": "Ruta Itacurub\u00ed - Valenzuela", "highway": "primary", "length": 54.632, "maxspeed": "60", "bridge": NaN, "access": NaN, "tunnel": NaN, "junction": NaN, "width": NaN, "service": NaN, "roughness": 7.0}}, {"type": "Feature", "geometry": {"type": "LineString", "coordinates": [[-56.8763384, -25.5675834], [-56.8752299, -25.5706658]]}, "properties": {"osmid": "229955608", "oneway": "False", "lanes": "2", "ref": "D011", "name": "Ruta Itacurub\u00ed - Valenzuela", "highway": "primary", "length": 360.332, "maxspeed": "60", "bridge": NaN, "access": NaN, "tunnel": NaN, "junction": NaN, "width": NaN, "service": NaN, "roughness": 7.0}}, {"type": "Feature", "geometry": {"type": "LineString", "coordinates": [[-56.8752299, -25.5706658], [-56.8741526, -25.5736613]]}, "properties": {"osmid": "229955608", "oneway": "False", "lanes": "2", "ref": "D011", "name": "Ruta Itacurub\u00ed - Valenzuela", "highway": "primary", "length": 350.174, "maxspeed": "60", "bridge": NaN, "access": NaN, "tunnel": NaN, "junction": NaN, "width": NaN, "service": NaN, "roughness": 7.0}}, {"type": "Feature", "geometry": {"type": "LineString", "coordinates": [[-56.8741526, -25.5736613], [-56.8725516, -25.5778819]]}, "properties": {"osmid": "69292911", "oneway": "False", "lanes": "2", "ref": "D011", "name": "Ruta Departamental 011", "highway": "primary", "length": 496.022, "maxspeed": "60", "bridge": NaN, "access": NaN, "tunnel": NaN, "junction": NaN, "width": NaN, "service": NaN, "roughness": 7.0}}, {"type": "Feature", "geometry": {"type": "LineString", "coordinates": [[-56.8725516, -25.5778819], [-56.8725202, -25.5779745]]}, "properties": {"osmid": "164042884", "oneway": "False", "lanes": "2", "ref": "D011", "name": NaN, "highway": "primary", "length": 10.768, "maxspeed": NaN, "bridge": "yes", "access": NaN, "tunnel": NaN, "junction": NaN, "width": NaN, "service": NaN, "roughness": 7.0}}, {"type": "Feature", "geometry": {"type": "LineString", "coordinates": [[-56.8725202, -25.5779745], [-56.8724591, -25.5781913]]}, "properties": {"osmid": "164042883", "oneway": "False", "lanes": "2", "ref": "D011", "name": "Ruta Itacurub\u00ed - Valenzuela", "highway": "primary", "length": 24.874, "maxspeed": "60", "bridge": NaN, "access": NaN, "tunnel": NaN, "junction": NaN, "width": NaN, "service": NaN, "roughness": 7.0}}, {"type": "Feature", "geometry": {"type": "LineString", "coordinates": [[-56.8724591, -25.5781913], [-56.872411, -25.5784291]]}, "properties": {"osmid": "164042883", "oneway": "False", "lanes": "2", "ref": "D011", "name": "Ruta Itacurub\u00ed - Valenzuela", "highway": "primary", "length": 26.879, "maxspeed": "60", "bridge": NaN, "access": NaN, "tunnel": NaN, "junction": NaN, "width": NaN, "service": NaN, "roughness": 7.0}}, {"type": "Feature", "geometry": {"type": "LineString", "coordinates": [[-56.872411, -25.5784291], [-56.8723971, -25.5787098]]}, "properties": {"osmid": "164042883", "oneway": "False", "lanes": "2", "ref": "D011", "name": "Ruta Itacurub\u00ed - Valenzuela", "highway": "primary", "length": 31.244, "maxspeed": "60", "bridge": NaN, "access": NaN, "tunnel": NaN, "junction": NaN, "width": NaN, "service": NaN, "roughness": 7.0}}, {"type": "Feature", "geometry": {"type": "LineString", "coordinates": [[-56.8723971, -25.5787098], [-56.8723687, -25.5829774]]}, "properties": {"osmid": "164042883", "oneway": "False", "lanes": "2", "ref": "D011", "name": "Ruta Itacurub\u00ed - Valenzuela", "highway": "primary", "length": 474.545, "maxspeed": "60", "bridge": NaN, "access": NaN, "tunnel": NaN, "junction": NaN, "width": NaN, "service": NaN, "roughness": 7.0}}, {"type": "Feature", "geometry": {"type": "LineString", "coordinates": [[-56.8723687, -25.5829774], [-56.8723683, -25.5830155]]}, "properties": {"osmid": "164042883", "oneway": "False", "lanes": "2", "ref": "D011", "name": "Ruta Itacurub\u00ed - Valenzuela", "highway": "primary", "length": 4.237, "maxspeed": "60", "bridge": NaN, "access": NaN, "tunnel": NaN, "junction": NaN, "width": NaN, "service": NaN, "roughness": 7.0}}, {"type": "Feature", "geometry": {"type": "LineString", "coordinates": [[-56.8723683, -25.5830155], [-56.8723624, -25.5835845]]}, "properties": {"osmid": "164042883", "oneway": "False", "lanes": "2", "ref": "D011", "name": "Ruta Itacurub\u00ed - Valenzuela", "highway": "primary", "length": 63.273, "maxspeed": "60", "bridge": NaN, "access": NaN, "tunnel": NaN, "junction": NaN, "width": NaN, "service": NaN, "roughness": 7.0}}, {"type": "Feature", "geometry": {"type": "LineString", "coordinates": [[-56.8723624, -25.5835845], [-56.8723569, -25.5841182]]}, "properties": {"osmid": "164042883", "oneway": "False", "lanes": "2", "ref": "D011", "name": "Ruta Itacurub\u00ed - Valenzuela", "highway": "primary", "length": 59.347, "maxspeed": "60", "bridge": NaN, "access": NaN, "tunnel": NaN, "junction": NaN, "width": NaN, "service": NaN, "roughness": 7.0}}, {"type": "Feature", "geometry": {"type": "LineString", "coordinates": [[-56.8723569, -25.5841182], [-56.8723437, -25.5853925]]}, "properties": {"osmid": "164042883", "oneway": "False", "lanes": "2", "ref": "D011", "name": "Ruta Itacurub\u00ed - Valenzuela", "highway": "primary", "length": 141.702, "maxspeed": "60", "bridge": NaN, "access": NaN, "tunnel": NaN, "junction": NaN, "width": NaN, "service": NaN, "roughness": 7.0}}, {"type": "Feature", "geometry": {"type": "LineString", "coordinates": [[-56.8723437, -25.5853925], [-56.8723351, -25.585728]]}, "properties": {"osmid": "164042883", "oneway": "False", "lanes": "2", "ref": "D011", "name": "Ruta Itacurub\u00ed - Valenzuela", "highway": "primary", "length": 37.316, "maxspeed": "60", "bridge": NaN, "access": NaN, "tunnel": NaN, "junction": NaN, "width": NaN, "service": NaN, "roughness": 7.0}}, {"type": "Feature", "geometry": {"type": "LineString", "coordinates": [[-56.8723351, -25.585728], [-56.8723291, -25.5858077]]}, "properties": {"osmid": "164042883", "oneway": "False", "lanes": "2", "ref": "D011", "name": "Ruta Itacurub\u00ed - Valenzuela", "highway": "primary", "length": 8.883, "maxspeed": "60", "bridge": NaN, "access": NaN, "tunnel": NaN, "junction": NaN, "width": NaN, "service": NaN, "roughness": 7.0}}, {"type": "Feature", "geometry": {"type": "LineString", "coordinates": [[-56.8723291, -25.5858077], [-56.872314, -25.5860067]]}, "properties": {"osmid": "164042883", "oneway": "False", "lanes": "2", "ref": "D011", "name": "Ruta Itacurub\u00ed - Valenzuela", "highway": "primary", "length": 22.18, "maxspeed": "60", "bridge": NaN, "access": NaN, "tunnel": NaN, "junction": NaN, "width": NaN, "service": NaN, "roughness": 7.0}}, {"type": "Feature", "geometry": {"type": "LineString", "coordinates": [[-56.872314, -25.5860067], [-56.8722525, -25.5864439]]}, "properties": {"osmid": "164042883", "oneway": "False", "lanes": "2", "ref": "D011", "name": "Ruta Itacurub\u00ed - Valenzuela", "highway": "primary", "length": 49.004, "maxspeed": "60", "bridge": NaN, "access": NaN, "tunnel": NaN, "junction": NaN, "width": NaN, "service": NaN, "roughness": 7.0}}, {"type": "Feature", "geometry": {"type": "LineString", "coordinates": [[-56.8722525, -25.5864439], [-56.8720213, -25.5883122]]}, "properties": {"osmid": "164042883", "oneway": "False", "lanes": "2", "ref": "D011", "name": "Ruta Itacurub\u00ed - Valenzuela", "highway": "primary", "length": 209.036, "maxspeed": "60", "bridge": NaN, "access": NaN, "tunnel": NaN, "junction": NaN, "width": NaN, "service": NaN, "roughness": 7.0}}]}