{"type": "FeatureCollection", "features": [{"type": "Feature", "geometry": {"type": "LineString", "coordinates": [[-57.3538587, -25.3927481], [-57.3531281, -25.3931375]]}, "properties": {"osmid": "164427503", "oneway": "True", "lanes": "2", "ref": "PY02", "name": "Ruta Nacional Mariscal Estigarribia", "highway": "trunk", "length": 85.211, "maxspeed": NaN, "bridge": NaN, "access": NaN, "tunnel": NaN, "junction": NaN, "width": NaN, "service": NaN, "roughness": 5.0}}, {"type": "Feature", "geometry": {"type": "LineString", "coordinates": [[-57.3531281, -25.3931375], [-57.352728, -25.3924862]]}, "properties": {"osmid": "870987330", "oneway": "True", "lanes": "2", "ref": "D074", "name": "Calle Pati\u00f1o", "highway": "primary", "length": 82.826, "maxspeed": "40", "bridge": NaN, "access": NaN, "tunnel": NaN, "junction": NaN, "width": NaN, "service": NaN, "roughness": 5.0}}, {"type": "Feature", "geometry": {"type": "LineString", "coordinates": [[-57.352728, -25.3924862], [-57.3524475, -25.3919855]]}, "properties": {"osmid": "870987330", "oneway": "True", "lanes": "2", "ref": "D074", "name": "Calle Pati\u00f1o", "highway": "primary", "length": 62.399, "maxspeed": "40", "bridge": NaN, "access": NaN, "tunnel": NaN, "junction": NaN, "width": NaN, "service": NaN, "roughness": 5.0}}, {"type": "Feature", "geometry": {"type": "LineString", "coordinates": [[-57.3524475, -25.3919855], [-57.352242, -25.3914962]]}, "properties": {"osmid": "870987330", "oneway": "True", "lanes": "2", "ref": "D074", "name": "Calle Pati\u00f1o", "highway": "primary", "length": 58.192, "maxspeed": "40", "bridge": NaN, "access": NaN, "tunnel": NaN, "junction": NaN, "width": NaN, "service": NaN, "roughness": 5.0}}, {"type": "Feature", "geometry": {"type": "LineString", "coordinates": [[-57.352242, -25.3914962], [-57.352096, -25.3910574]]}, "properties": {"osmid": "870987330", "oneway": "True", "lanes": "2", "ref": "D074", "name": "Calle Pati\u00f1o", "highway": "primary", "length": 50.949, "maxspeed": "40", "bridge": NaN, "access": NaN, "tunnel": NaN, "junction": NaN, "width": NaN, "service": NaN, "roughness": 5.0}}, {"type": "Feature", "geometry": {"type": "LineString", "coordinates": [[-57.352096, -25.3910574], [-57.3520088, -25.3907368]]}, "properties": {"osmid": "870987330", "oneway": "True", "lanes": "2", "ref": "D074", "name": "Calle Pati\u00f1o", "highway": "primary", "length": 36.71, "maxspeed": "40", "bridge": NaN, "access": NaN, "tunnel": NaN, "junction": NaN, "width": NaN, "service": NaN, "roughness": 5.0}}, {"type": "Feature", "geometry": {"type": "LineString", "coordinates": [[-57.3520088, -25.3907368], [-57.3518343, -25.3901262]]}, "properties": {"osmid": "164725074", "oneway": "False", "lanes": "2", "ref": "D074", "name": "Calle Pati\u00f1o", "highway": "primary", "length": 70.122, "maxspeed": "40", "bridge": NaN, "access": NaN, "tunnel": NaN, "junction": NaN, "width": NaN, "service": NaN, "roughness": 5.0}}, {"type": "Feature", "geometry": {"type": "LineString", "coordinates": [[-57.3518343, -25.3901262], [-57.3517592, -25.3897288]]}, "properties": {"osmid": "164725074", "oneway": "False", "lanes": "2", "ref": "D074", "name": "Calle Pati\u00f1o", "highway": "primary", "length": 44.828, "maxspeed": "40", "bridge": NaN, "access": NaN, "tunnel": NaN, "junction": NaN, "width": NaN, "service": NaN, "roughness": 5.0}}, {"type": "Feature", "geometry": {"type": "LineString", "coordinates": [[-57.3517592, -25.3897288], [-57.3515925, -25.388847]]}, "properties": {"osmid": "164725074", "oneway": "False", "lanes": "2", "ref": "D074", "name": "Calle Pati\u00f1o", "highway": "primary", "length": 99.472, "maxspeed": "40", "bridge": NaN, "access": NaN, "tunnel": NaN, "junction": NaN, "width": NaN, "service": NaN, "roughness": 5.0}}, {"type": "Feature", "geometry": {"type": "LineString", "coordinates": [[-57.3515925, -25.388847], [-57.3513445, -25.3875961]]}, "properties": {"osmid": "164725074", "oneway": "False", "lanes": "2", "ref": "D074", "name": "Calle Pati\u00f1o", "highway": "primary", "length": 141.307, "maxspeed": "40", "bridge": NaN, "access": NaN, "tunnel": NaN, "junction": NaN, "width": NaN, "service": NaN, "roughness": 5.0}}, {"type": "Feature", "geometry": {"type": "LineString", "coordinates": [[-57.3513445, -25.3875961], [-57.3511192, -25.3865076]]}, "properties": {"osmid": "164725074", "oneway": "False", "lanes": "2", "ref": "D074", "name": "Calle Pati\u00f1o", "highway": "primary", "length": 123.134, "maxspeed": "40", "bridge": NaN, "access": NaN, "tunnel": NaN, "junction": NaN, "width": NaN, "service": NaN, "roughness": 5.0}}, {"type": "Feature", "geometry": {"type": "LineString", "coordinates": [[-57.3511192, -25.3865076], [-57.3510516, -25.3861916]]}, "properties": {"osmid": "164725074", "oneway": "False", "lanes": "2", "ref": "D074", "name": "Calle Pati\u00f1o", "highway": "primary", "length": 35.788, "maxspeed": "40", "bridge": NaN, "access": NaN, "tunnel": NaN, "junction": NaN, "width": NaN, "service": NaN, "roughness": 5.0}}, {"type": "Feature", "geometry": {"type": "LineString", "coordinates": [[-57.3510516, -25.3861916], [-57.350814, -25.3850809]]}, "properties": {"osmid": "164725074", "oneway": "False", "lanes": "2", "ref": "D074", "name": "Calle Pati\u00f1o", "highway": "primary", "length": 125.79, "maxspeed": "40", "bridge": NaN, "access": NaN, "tunnel": NaN, "junction": NaN, "width": NaN, "service": NaN, "roughness": 5.0}}, {"type": "Feature", "geometry": {"type": "LineString", "coordinates": [[-57.350814, -25.3850809], [-57.3504416, -25.3833107]]}, "properties": {"osmid": "164725074", "oneway": "False", "lanes": "2", "ref": "D074", "name": "Calle Pati\u00f1o", "highway": "primary", "length": 200.361, "maxspeed": "40", "bridge": NaN, "access": NaN, "tunnel": NaN, "junction": NaN, "width": NaN, "service": NaN, "roughness": 5.0}}, {"type": "Feature", "geometry": {"type": "LineString", "coordinates": [[-57.3504416, -25.3833107], [-57.3501097, -25.3817246]]}, "properties": {"osmid": "164725074", "oneway": "False", "lanes": "2", "ref": "D074", "name": "Calle Pati\u00f1o", "highway": "primary", "length": 179.491, "maxspeed": "40", "bridge": NaN, "access": NaN, "tunnel": NaN, "junction": NaN, "width": NaN, "service": NaN, "roughness": 5.0}}, {"type": "Feature", "geometry": {"type": "LineString", "coordinates": [[-57.3501097, -25.3817246], [-57.3494162, -25.3788135]]}, "properties": {"osmid": "164725074", "oneway": "False", "lanes": "2", "ref": "D074", "name": "Calle Pati\u00f1o", "highway": "primary", "length": 331.113, "maxspeed": "40", "bridge": NaN, "access": NaN, "tunnel": NaN, "junction": NaN, "width": NaN, "service": NaN, "roughness": 5.0}}, {"type": "Feature", "geometry": {"type": "LineString", "coordinates": [[-57.3494162, -25.3788135], [-57.3491614, -25.3775121]]}, "properties": {"osmid": "164725074", "oneway": "False", "lanes": "2", "ref": "D074", "name": "Calle Pati\u00f1o", "highway": "primary", "length": 146.956, "maxspeed": "40", "bridge": NaN, "access": NaN, "tunnel": NaN, "junction": NaN, "width": NaN, "service": NaN, "roughness": 5.0}}, {"type": "Feature", "geometry": {"type": "LineString", "coordinates": [[-57.3491614, -25.3775121], [-57.3485976, -25.375077]]}, "properties": {"osmid": "164725074", "oneway": "False", "lanes": "2", "ref": "D074", "name": "Calle Pati\u00f1o", "highway": "primary", "length": 276.632, "maxspeed": "40", "bridge": NaN, "access": NaN, "tunnel": NaN, "junction": NaN, "width": NaN, "service": NaN, "roughness": 5.0}}, {"type": "Feature", "geometry": {"type": "LineString", "coordinates": [[-57.3485976, -25.375077], [-57.348451, -25.3744618]]}, "properties": {"osmid": "164725074", "oneway": "False", "lanes": "2", "ref": "D074", "name": "Calle Pati\u00f1o", "highway": "primary", "length": 69.975, "maxspeed": "40", "bridge": NaN, "access": NaN, "tunnel": NaN, "junction": NaN, "width": NaN, "service": NaN, "roughness": 5.0}}, {"type": "Feature", "geometry": {"type": "LineString", "coordinates": [[-57.348451, -25.3744618], [-57.3481174, -25.3728132]]}, "properties": {"osmid": "164725074", "oneway": "False", "lanes": "2", "ref": "D074", "name": "Calle Pati\u00f1o", "highway": "primary", "length": 186.355, "maxspeed": "40", "bridge": NaN, "access": NaN, "tunnel": NaN, "junction": NaN, "width": NaN, "service": NaN, "roughness": 5.0}}, {"type": "Feature", "geometry": {"type": "LineString", "coordinates": [[-57.3481174, -25.3728132], [-57.3474789, -25.3696579]]}, "properties": {"osmid": "164725074", "oneway": "False", "lanes": "2", "ref": "D074", "name": "Calle Pati\u00f1o", "highway": "primary", "length": 356.67, "maxspeed": "40", "bridge": NaN, "access": NaN, "tunnel": NaN, "junction": NaN, "width": NaN, "service": NaN, "roughness": 5.0}}, {"type": "Feature", "geometry": {"type": "LineString", "coordinates": [[-57.3474789, -25.3696579], [-57.3471689, -25.3683516]]}, "properties": {"osmid": "164725074", "oneway": "False", "lanes": "2", "ref": "D074", "name": "Calle Pati\u00f1o", "highway": "primary", "length": 148.556, "maxspeed": "40", "bridge": NaN, "access": NaN, "tunnel": NaN, "junction": NaN, "width": NaN, "service": NaN, "roughness": 5.0}}, {"type": "Feature", "geometry": {"type": "LineString", "coordinates": [[-57.3471689, -25.3683516], [-57.3466782, -25.3660129]]}, "properties": {"osmid": "164725074", "oneway": "False", "lanes": "2", "ref": "D074", "name": "Calle Pati\u00f1o", "highway": "primary", "length": 264.684, "maxspeed": "40", "bridge": NaN, "access": NaN, "tunnel": NaN, "junction": NaN, "width": NaN, "service": NaN, "roughness": 5.0}}, {"type": "Feature", "geometry": {"type": "LineString", "coordinates": [[-57.3466782, -25.3660129], [-57.3464672, -25.365007]]}, "properties": {"osmid": "164725074", "oneway": "False", "lanes": "2", "ref": "D074", "name": "Calle Pati\u00f1o", "highway": "primary", "length": 113.843, "maxspeed": "40", "bridge": NaN, "access": NaN, "tunnel": NaN, "junction": NaN, "width": NaN, "service": NaN, "roughness": 5.0}}, {"type": "Feature", "geometry": {"type": "LineString", "coordinates": [[-57.3464672, -25.365007], [-57.3451046, -25.3587248]]}, "properties": {"osmid": "164725074", "oneway": "False", "lanes": "2", "ref": "D074", "name": "Calle Pati\u00f1o", "highway": "primary", "length": 711.84, "maxspeed": "40", "bridge": NaN, "access": NaN, "tunnel": NaN, "junction": NaN, "width": NaN, "service": NaN, "roughness": 5.0}}, {"type": "Feature", "geometry": {"type": "LineString", "coordinates": [[-57.3451046, -25.3587248], [-57.3449341, -25.3583293]]}, "properties": {"osmid": "164725074", "oneway": "False", "lanes": "2", "ref": "D074", "name": "Calle Pati\u00f1o", "highway": "primary", "length": 47.197, "maxspeed": "40", "bridge": NaN, "access": NaN, "tunnel": NaN, "junction": NaN, "width": NaN, "service": NaN, "roughness": 5.0}}, {"type": "Feature", "geometry": {"type": "LineString", "coordinates": [[-57.3449341, -25.3583293], [-57.3426084, -25.3549763]]}, "properties": {"osmid": "164725074", "oneway": "False", "lanes": "2", "ref": "D074", "name": "Calle Pati\u00f1o", "highway": "primary", "length": 440.022, "maxspeed": "40", "bridge": NaN, "access": NaN, "tunnel": NaN, "junction": NaN, "width": NaN, "service": NaN, "roughness": 5.0}}, {"type": "Feature", "geometry": {"type": "LineString", "coordinates": [[-57.3426084, -25.3549763], [-57.3422308, -25.3544979]]}, "properties": {"osmid": "164725074", "oneway": "False", "lanes": "2", "ref": "D074", "name": "Calle Pati\u00f1o", "highway": "primary", "length": 65.341, "maxspeed": "40", "bridge": NaN, "access": NaN, "tunnel": NaN, "junction": NaN, "width": NaN, "service": NaN, "roughness": 5.0}}, {"type": "Feature", "geometry": {"type": "LineString", "coordinates": [[-57.3422308, -25.3544979], [-57.3420291, -25.3543087]]}, "properties": {"osmid": "164725074", "oneway": "False", "lanes": "2", "ref": "D074", "name": "Calle Pati\u00f1o", "highway": "primary", "length": 29.213, "maxspeed": "40", "bridge": NaN, "access": NaN, "tunnel": NaN, "junction": NaN, "width": NaN, "service": NaN, "roughness": 5.0}}, {"type": "Feature", "geometry": {"type": "LineString", "coordinates": [[-57.3420291, -25.3543087], [-57.3419297, -25.3542321]]}, "properties": {"osmid": "164725074", "oneway": "False", "lanes": "2", "ref": "D074", "name": "Calle Pati\u00f1o", "highway": "primary", "length": 13.127, "maxspeed": "40", "bridge": NaN, "access": NaN, "tunnel": NaN, "junction": NaN, "width": NaN, "service": NaN, "roughness": 5.0}}, {"type": "Feature", "geometry": {"type": "LineString", "coordinates": [[-57.3419297, -25.3542321], [-57.3416966, -25.3540536]]}, "properties": {"osmid": "164725074", "oneway": "False", "lanes": "2", "ref": "D074", "name": "Calle Pati\u00f1o", "highway": "primary", "length": 30.702, "maxspeed": "40", "bridge": NaN, "access": NaN, "tunnel": NaN, "junction": NaN, "width": NaN, "service": NaN, "roughness": 5.0}}, {"type": "Feature", "geometry": {"type": "LineString", "coordinates": [[-57.3416966, -25.3540536], [-57.3410878, -25.3536279]]}, "properties": {"osmid": "164725074", "oneway": "False", "lanes": "2", "ref": "D074", "name": "Calle Pati\u00f1o", "highway": "primary", "length": 77.35, "maxspeed": "40", "bridge": NaN, "access": NaN, "tunnel": NaN, "junction": NaN, "width": NaN, "service": NaN, "roughness": 5.0}}, {"type": "Feature", "geometry": {"type": "LineString", "coordinates": [[-57.3410878, -25.3536279], [-57.3402209, -25.3529941]]}, "properties": {"osmid": "164725074", "oneway": "False", "lanes": "2", "ref": "D074", "name": "Calle Pati\u00f1o", "highway": "primary", "length": 112.049, "maxspeed": "40", "bridge": NaN, "access": NaN, "tunnel": NaN, "junction": NaN, "width": NaN, "service": NaN, "roughness": 5.0}}, {"type": "Feature", "geometry": {"type": "LineString", "coordinates": [[-57.3402209, -25.3529941], [-57.3393142, -25.352367]]}, "properties": {"osmid": "164725074", "oneway": "False", "lanes": "2", "ref": "D074", "name": "Calle Pati\u00f1o", "highway": "primary", "length": 114.732, "maxspeed": "40", "bridge": NaN, "access": NaN, "tunnel": NaN, "junction": NaN, "width": NaN, "service": NaN, "roughness": 5.0}}, {"type": "Feature", "geometry": {"type": "LineString", "coordinates": [[-57.3393142, -25.352367], [-57.3384661, -25.3517619]]}, "properties": {"osmid": "164725074", "oneway": "False", "lanes": "2", "ref": "D074", "name": "Calle Pati\u00f1o", "highway": "primary", "length": 108.582, "maxspeed": "40", "bridge": NaN, "access": NaN, "tunnel": NaN, "junction": NaN, "width": NaN, "service": NaN, "roughness": 5.0}}]}