{"type": "FeatureCollection", "features": [{"type": "Feature", "geometry": {"type": "LineString", "coordinates": [[-57.3531721, -25.393218], [-57.3531281, -25.3931375]]}, "properties": {"osmid": "870987330", "oneway": "True", "lanes": "2", "ref": "D074", "name": "Calle Pati\u00f1o", "highway": "primary", "length": 9.983, "maxspeed": "40", "bridge": NaN, "access": NaN, "tunnel": NaN, "junction": NaN, "width": NaN, "service": NaN, "roughness": 4.0}}, {"type": "Feature", "geometry": {"type": "LineString", "coordinates": [[-57.3531281, -25.3931375], [-57.351853, -25.3938033]]}, "properties": {"osmid": "164427503", "oneway": "True", "lanes": "2", "ref": "PY02", "name": "Ruta Nacional Mariscal Estigarribia", "highway": "trunk", "length": 147.943, "maxspeed": NaN, "bridge": NaN, "access": NaN, "tunnel": NaN, "junction": NaN, "width": NaN, "service": NaN, "roughness": 4.0}}, {"type": "Feature", "geometry": {"type": "LineString", "coordinates": [[-57.351853, -25.3938033], [-57.3511604, -25.3941608]]}, "properties": {"osmid": "164427503", "oneway": "True", "lanes": "2", "ref": "PY02", "name": "Ruta Nacional Mariscal Estigarribia", "highway": "trunk", "length": 80.129, "maxspeed": NaN, "bridge": NaN, "access": NaN, "tunnel": NaN, "junction": NaN, "width": NaN, "service": NaN, "roughness": 4.0}}, {"type": "Feature", "geometry": {"type": "LineString", "coordinates": [[-57.3511604, -25.3941608], [-57.3503223, -25.3945897]]}, "properties": {"osmid": "164427503", "oneway": "True", "lanes": "2", "ref": "PY02", "name": "Ruta Nacional Mariscal Estigarribia", "highway": "trunk", "length": 96.758, "maxspeed": NaN, "bridge": NaN, "access": NaN, "tunnel": NaN, "junction": NaN, "width": NaN, "service": NaN, "roughness": 4.0}}, {"type": "Feature", "geometry": {"type": "LineString", "coordinates": [[-57.3503223, -25.3945897], [-57.3501262, -25.3946907]]}, "properties": {"osmid": "164427503", "oneway": "True", "lanes": "2", "ref": "PY02", "name": "Ruta Nacional Mariscal Estigarribia", "highway": "trunk", "length": 22.675, "maxspeed": NaN, "bridge": NaN, "access": NaN, "tunnel": NaN, "junction": NaN, "width": NaN, "service": NaN, "roughness": 4.0}}, {"type": "Feature", "geometry": {"type": "LineString", "coordinates": [[-57.3501262, -25.3946907], [-57.3499273, -25.3947911]]}, "properties": {"osmid": "164427503", "oneway": "True", "lanes": "2", "ref": "PY02", "name": "Ruta Nacional Mariscal Estigarribia", "highway": "trunk", "length": 22.887, "maxspeed": NaN, "bridge": NaN, "access": NaN, "tunnel": NaN, "junction": NaN, "width": NaN, "service": NaN, "roughness": 4.0}}, {"type": "Feature", "geometry": {"type": "LineString", "coordinates": [[-57.3499273, -25.3947911], [-57.3493262, -25.3951052]]}, "properties": {"osmid": "164427503", "oneway": "True", "lanes": "2", "ref": "PY02", "name": "Ruta Nacional Mariscal Estigarribia", "highway": "trunk", "length": 69.755, "maxspeed": NaN, "bridge": NaN, "access": NaN, "tunnel": NaN, "junction": NaN, "width": NaN, "service": NaN, "roughness": 4.0}}, {"type": "Feature", "geometry": {"type": "LineString", "coordinates": [[-57.3493262, -25.3951052], [-57.3483367, -25.3956263]]}, "properties": {"osmid": "164427503", "oneway": "True", "lanes": "2", "ref": "PY02", "name": "Ruta Nacional Mariscal Estigarribia", "highway": "trunk", "length": 115.052, "maxspeed": NaN, "bridge": NaN, "access": NaN, "tunnel": NaN, "junction": NaN, "width": NaN, "service": NaN, "roughness": 4.0}}, {"type": "Feature", "geometry": {"type": "LineString", "coordinates": [[-57.3483367, -25.3956263], [-57.348131, -25.3957162]]}, "properties": {"osmid": "164427503", "oneway": "True", "lanes": "2", "ref": "PY02", "name": "Ruta Nacional Mariscal Estigarribia", "highway": "trunk", "length": 22.954, "maxspeed": NaN, "bridge": NaN, "access": NaN, "tunnel": NaN, "junction": NaN, "width": NaN, "service": NaN, "roughness": 4.0}}, {"type": "Feature", "geometry": {"type": "LineString", "coordinates": [[-57.348131, -25.3957162], [-57.3479118, -25.3957957]]}, "properties": {"osmid": "164427503", "oneway": "True", "lanes": "2", "ref": "PY02", "name": "Ruta Nacional Mariscal Estigarribia", "highway": "trunk", "length": 23.727, "maxspeed": NaN, "bridge": NaN, "access": NaN, "tunnel": NaN, "junction": NaN, "width": NaN, "service": NaN, "roughness": 4.0}}, {"type": "Feature", "geometry": {"type": "LineString", "coordinates": [[-57.3479118, -25.3957957], [-57.3476337, -25.3958783]]}, "properties": {"osmid": "164427503", "oneway": "True", "lanes": "2", "ref": "PY02", "name": "Ruta Nacional Mariscal Estigarribia", "highway": "trunk", "length": 29.406, "maxspeed": NaN, "bridge": NaN, "access": NaN, "tunnel": NaN, "junction": NaN, "width": NaN, "service": NaN, "roughness": 4.0}}, {"type": "Feature", "geometry": {"type": "LineString", "coordinates": [[-57.3476337, -25.3958783], [-57.3475756, -25.39589]]}, "properties": {"osmid": "164427503", "oneway": "True", "lanes": "2", "ref": "PY02", "name": "Ruta Nacional Mariscal Estigarribia", "highway": "trunk", "length": 5.979, "maxspeed": NaN, "bridge": NaN, "access": NaN, "tunnel": NaN, "junction": NaN, "width": NaN, "service": NaN, "roughness": 4.0}}, {"type": "Feature", "geometry": {"type": "LineString", "coordinates": [[-57.3475756, -25.39589], [-57.3473319, -25.3959454]]}, "properties": {"osmid": "164427503", "oneway": "True", "lanes": "2", "ref": "PY02", "name": "Ruta Nacional Mariscal Estigarribia", "highway": "trunk", "length": 25.243, "maxspeed": NaN, "bridge": NaN, "access": NaN, "tunnel": NaN, "junction": NaN, "width": NaN, "service": NaN, "roughness": 4.0}}, {"type": "Feature", "geometry": {"type": "LineString", "coordinates": [[-57.3473319, -25.3959454], [-57.3461478, -25.3961366]]}, "properties": {"osmid": "164427503", "oneway": "True", "lanes": "2", "ref": "PY02", "name": "Ruta Nacional Mariscal Estigarribia", "highway": "trunk", "length": 120.828, "maxspeed": NaN, "bridge": NaN, "access": NaN, "tunnel": NaN, "junction": NaN, "width": NaN, "service": NaN, "roughness": 4.0}}, {"type": "Feature", "geometry": {"type": "LineString", "coordinates": [[-57.3461478, -25.3961366], [-57.3445333, -25.3963929]]}, "properties": {"osmid": "357942152", "oneway": "True", "lanes": "2", "ref": "PY02", "name": "Ruta Nacional Mariscal Estigarribia", "highway": "trunk", "length": 164.661, "maxspeed": NaN, "bridge": NaN, "access": NaN, "tunnel": NaN, "junction": NaN, "width": NaN, "service": NaN, "roughness": 4.0}}, {"type": "Feature", "geometry": {"type": "LineString", "coordinates": [[-57.3445333, -25.3963929], [-57.343244, -25.396597]]}, "properties": {"osmid": "357942152", "oneway": "True", "lanes": "2", "ref": "PY02", "name": "Ruta Nacional Mariscal Estigarribia", "highway": "trunk", "length": 131.483, "maxspeed": NaN, "bridge": NaN, "access": NaN, "tunnel": NaN, "junction": NaN, "width": NaN, "service": NaN, "roughness": 4.0}}, {"type": "Feature", "geometry": {"type": "LineString", "coordinates": [[-57.343244, -25.396597], [-57.3422291, -25.3967542]]}, "properties": {"osmid": "357942152", "oneway": "True", "lanes": "2", "ref": "PY02", "name": "Ruta Nacional Mariscal Estigarribia", "highway": "trunk", "length": 103.434, "maxspeed": NaN, "bridge": NaN, "access": NaN, "tunnel": NaN, "junction": NaN, "width": NaN, "service": NaN, "roughness": 4.0}}, {"type": "Feature", "geometry": {"type": "LineString", "coordinates": [[-57.3422291, -25.3967542], [-57.3416756, -25.396838]]}, "properties": {"osmid": "357942152", "oneway": "True", "lanes": "2", "ref": "PY02", "name": "Ruta Nacional Mariscal Estigarribia", "highway": "trunk", "length": 56.374, "maxspeed": NaN, "bridge": NaN, "access": NaN, "tunnel": NaN, "junction": NaN, "width": NaN, "service": NaN, "roughness": 4.0}}, {"type": "Feature", "geometry": {"type": "LineString", "coordinates": [[-57.3416756, -25.396838], [-57.3408214, -25.3969752]]}, "properties": {"osmid": "357942152", "oneway": "True", "lanes": "2", "ref": "PY02", "name": "Ruta Nacional Mariscal Estigarribia", "highway": "trunk", "length": 87.149, "maxspeed": NaN, "bridge": NaN, "access": NaN, "tunnel": NaN, "junction": NaN, "width": NaN, "service": NaN, "roughness": 4.0}}, {"type": "Feature", "geometry": {"type": "LineString", "coordinates": [[-57.3408214, -25.3969752], [-57.3387658, -25.3973218]]}, "properties": {"osmid": "357942152", "oneway": "True", "lanes": "2", "ref": "PY02", "name": "Ruta Nacional Mariscal Estigarribia", "highway": "trunk", "length": 210.049, "maxspeed": NaN, "bridge": NaN, "access": NaN, "tunnel": NaN, "junction": NaN, "width": NaN, "service": NaN, "roughness": 4.0}}, {"type": "Feature", "geometry": {"type": "LineString", "coordinates": [[-57.3387658, -25.3973218], [-57.3362558, -25.3976989]]}, "properties": {"osmid": "357942152", "oneway": "True", "lanes": "2", "ref": "PY02", "name": "Ruta Nacional Mariscal Estigarribia", "highway": "trunk", "length": 255.589, "maxspeed": NaN, "bridge": NaN, "access": NaN, "tunnel": NaN, "junction": NaN, "width": NaN, "service": NaN, "roughness": 4.0}}, {"type": "Feature", "geometry": {"type": "LineString", "coordinates": [[-57.3362558, -25.3976989], [-57.336083, -25.3977205]]}, "properties": {"osmid": "357942152", "oneway": "True", "lanes": "2", "ref": "PY02", "name": "Ruta Nacional Mariscal Estigarribia", "highway": "trunk", "length": 17.523, "maxspeed": NaN, "bridge": NaN, "access": NaN, "tunnel": NaN, "junction": NaN, "width": NaN, "service": NaN, "roughness": 4.0}}, {"type": "Feature", "geometry": {"type": "LineString", "coordinates": [[-57.336083, -25.3977205], [-57.3355056, -25.3978152]]}, "properties": {"osmid": "357942152", "oneway": "True", "lanes": "2", "ref": "PY02", "name": "Ruta Nacional Mariscal Estigarribia", "highway": "trunk", "length": 58.947, "maxspeed": NaN, "bridge": NaN, "access": NaN, "tunnel": NaN, "junction": NaN, "width": NaN, "service": NaN, "roughness": 4.0}}, {"type": "Feature", "geometry": {"type": "LineString", "coordinates": [[-57.3355056, -25.3978152], [-57.3351622, -25.3978714]]}, "properties": {"osmid": "357942152", "oneway": "True", "lanes": "2", "ref": "PY02", "name": "Ruta Nacional Mariscal Estigarribia", "highway": "trunk", "length": 35.055, "maxspeed": NaN, "bridge": NaN, "access": NaN, "tunnel": NaN, "junction": NaN, "width": NaN, "service": NaN, "roughness": 4.0}}, {"type": "Feature", "geometry": {"type": "LineString", "coordinates": [[-57.3351622, -25.3978714], [-57.3345762, -25.3979555]]}, "properties": {"osmid": "357942152", "oneway": "True", "lanes": "2", "ref": "PY02", "name": "Ruta Nacional Mariscal Estigarribia", "highway": "trunk", "length": 59.601, "maxspeed": NaN, "bridge": NaN, "access": NaN, "tunnel": NaN, "junction": NaN, "width": NaN, "service": NaN, "roughness": 4.0}}, {"type": "Feature", "geometry": {"type": "LineString", "coordinates": [[-57.3345762, -25.3979555], [-57.3300334, -25.3986978]]}, "properties": {"osmid": "357942152", "oneway": "True", "lanes": "2", "ref": "PY02", "name": "Ruta Nacional Mariscal Estigarribia", "highway": "trunk", "length": 463.719, "maxspeed": NaN, "bridge": NaN, "access": NaN, "tunnel": NaN, "junction": NaN, "width": NaN, "service": NaN, "roughness": 4.0}}, {"type": "Feature", "geometry": {"type": "LineString", "coordinates": [[-57.3300334, -25.3986978], [-57.3284387, -25.3989213]]}, "properties": {"osmid": "357942152", "oneway": "True", "lanes": "2", "ref": "PY02", "name": "Ruta Nacional Mariscal Estigarribia", "highway": "trunk", "length": 162.1, "maxspeed": NaN, "bridge": NaN, "access": NaN, "tunnel": NaN, "junction": NaN, "width": NaN, "service": NaN, "roughness": 4.0}}, {"type": "Feature", "geometry": {"type": "LineString", "coordinates": [[-57.3284387, -25.3989213], [-57.3271789, -25.3991316]]}, "properties": {"osmid": "357942152", "oneway": "True", "lanes": "2", "ref": "PY02", "name": "Ruta Nacional Mariscal Estigarribia", "highway": "trunk", "length": 128.686, "maxspeed": NaN, "bridge": NaN, "access": NaN, "tunnel": NaN, "junction": NaN, "width": NaN, "service": NaN, "roughness": 4.0}}, {"type": "Feature", "geometry": {"type": "LineString", "coordinates": [[-57.3271789, -25.3991316], [-57.3249878, -25.3994981]]}, "properties": {"osmid": "357942152", "oneway": "True", "lanes": "2", "ref": "PY02", "name": "Ruta Nacional Mariscal Estigarribia", "highway": "trunk", "length": 223.831, "maxspeed": NaN, "bridge": NaN, "access": NaN, "tunnel": NaN, "junction": NaN, "width": NaN, "service": NaN, "roughness": 4.0}}, {"type": "Feature", "geometry": {"type": "LineString", "coordinates": [[-57.3249878, -25.3994981], [-57.3244749, -25.3995867]]}, "properties": {"osmid": "357942152", "oneway": "True", "lanes": "2", "ref": "PY02", "name": "Ruta Nacional Mariscal Estigarribia", "highway": "trunk", "length": 52.453, "maxspeed": NaN, "bridge": NaN, "access": NaN, "tunnel": NaN, "junction": NaN, "width": NaN, "service": NaN, "roughness": 4.0}}, {"type": "Feature", "geometry": {"type": "LineString", "coordinates": [[-57.3244749, -25.3995867], [-57.3242534, -25.3996271]]}, "properties": {"osmid": "357942152", "oneway": "True", "lanes": "2", "ref": "PY02", "name": "Ruta Nacional Mariscal Estigarribia", "highway": "trunk", "length": 22.698, "maxspeed": NaN, "bridge": NaN, "access": NaN, "tunnel": NaN, "junction": NaN, "width": NaN, "service": NaN, "roughness": 4.0}}, {"type": "Feature", "geometry": {"type": "LineString", "coordinates": [[-57.3242534, -25.3996271], [-57.3240888, -25.3996572]]}, "properties": {"osmid": "357942152", "oneway": "True", "lanes": "2", "ref": "PY02", "name": "Ruta Nacional Mariscal Estigarribia", "highway": "trunk", "length": 16.869, "maxspeed": NaN, "bridge": NaN, "access": NaN, "tunnel": NaN, "junction": NaN, "width": NaN, "service": NaN, "roughness": 4.0}}, {"type": "Feature", "geometry": {"type": "LineString", "coordinates": [[-57.3240888, -25.3996572], [-57.3236352, -25.3997499]]}, "properties": {"osmid": "357942152", "oneway": "True", "lanes": "2", "ref": "PY02", "name": "Ruta Nacional Mariscal Estigarribia", "highway": "trunk", "length": 46.714, "maxspeed": NaN, "bridge": NaN, "access": NaN, "tunnel": NaN, "junction": NaN, "width": NaN, "service": NaN, "roughness": 4.0}}, {"type": "Feature", "geometry": {"type": "LineString", "coordinates": [[-57.3236352, -25.3997499], [-57.3214688, -25.4002028]]}, "properties": {"osmid": "357942152", "oneway": "True", "lanes": "2", "ref": "PY02", "name": "Ruta Nacional Mariscal Estigarribia", "highway": "trunk", "length": 223.359, "maxspeed": NaN, "bridge": NaN, "access": NaN, "tunnel": NaN, "junction": NaN, "width": NaN, "service": NaN, "roughness": 4.0}}, {"type": "Feature", "geometry": {"type": "LineString", "coordinates": [[-57.3214688, -25.4002028], [-57.320877, -25.4003316]]}, "properties": {"osmid": "357942152", "oneway": "True", "lanes": "2", "ref": "PY02", "name": "Ruta Nacional Mariscal Estigarribia", "highway": "trunk", "length": 61.145, "maxspeed": NaN, "bridge": NaN, "access": NaN, "tunnel": NaN, "junction": NaN, "width": NaN, "service": NaN, "roughness": 4.0}}, {"type": "Feature", "geometry": {"type": "LineString", "coordinates": [[-57.320877, -25.4003316], [-57.3205396, -25.4003986]]}, "properties": {"osmid": "357942152", "oneway": "True", "lanes": "2", "ref": "PY02", "name": "Ruta Nacional Mariscal Estigarribia", "highway": "trunk", "length": 34.7, "maxspeed": NaN, "bridge": NaN, "access": NaN, "tunnel": NaN, "junction": NaN, "width": NaN, "service": NaN, "roughness": 4.0}}, {"type": "Feature", "geometry": {"type": "LineString", "coordinates": [[-57.3205396, -25.4003986], [-57.3183874, -25.400852]]}, "properties": {"osmid": "357942152", "oneway": "True", "lanes": "2", "ref": "PY02", "name": "Ruta Nacional Mariscal Estigarribia", "highway": "trunk", "length": 221.981, "maxspeed": NaN, "bridge": NaN, "access": NaN, "tunnel": NaN, "junction": NaN, "width": NaN, "service": NaN, "roughness": 4.0}}, {"type": "Feature", "geometry": {"type": "LineString", "coordinates": [[-57.3183874, -25.400852], [-57.3168967, -25.401214]]}, "properties": {"osmid": "357942152", "oneway": "True", "lanes": "2", "ref": "PY02", "name": "Ruta Nacional Mariscal Estigarribia", "highway": "trunk", "length": 155.05, "maxspeed": NaN, "bridge": NaN, "access": NaN, "tunnel": NaN, "junction": NaN, "width": NaN, "service": NaN, "roughness": 4.0}}, {"type": "Feature", "geometry": {"type": "LineString", "coordinates": [[-57.3168967, -25.401214], [-57.3164179, -25.4013088]]}, "properties": {"osmid": "357942152", "oneway": "True", "lanes": "2", "ref": "PY02", "name": "Ruta Nacional Mariscal Estigarribia", "highway": "trunk", "length": 49.235, "maxspeed": NaN, "bridge": NaN, "access": NaN, "tunnel": NaN, "junction": NaN, "width": NaN, "service": NaN, "roughness": 4.0}}, {"type": "Feature", "geometry": {"type": "LineString", "coordinates": [[-57.3164179, -25.4013088], [-57.3160049, -25.4013806]]}, "properties": {"osmid": "357942152", "oneway": "True", "lanes": "2", "ref": "PY02", "name": "Ruta Nacional Mariscal Estigarribia", "highway": "trunk", "length": 42.245, "maxspeed": NaN, "bridge": NaN, "access": NaN, "tunnel": NaN, "junction": NaN, "width": NaN, "service": NaN, "roughness": 4.0}}, {"type": "Feature", "geometry": {"type": "LineString", "coordinates": [[-57.3160049, -25.4013806], [-57.3156811, -25.4014127]]}, "properties": {"osmid": "357942152", "oneway": "True", "lanes": "2", "ref": "PY02", "name": "Ruta Nacional Mariscal Estigarribia", "highway": "trunk", "length": 32.719, "maxspeed": NaN, "bridge": NaN, "access": NaN, "tunnel": NaN, "junction": NaN, "width": NaN, "service": NaN, "roughness": 4.0}}, {"type": "Feature", "geometry": {"type": "LineString", "coordinates": [[-57.3156811, -25.4014127], [-57.3153332, -25.4014305]]}, "properties": {"osmid": "357942152", "oneway": "True", "lanes": "2", "ref": "PY02", "name": "Ruta Nacional Mariscal Estigarribia", "highway": "trunk", "length": 35.001, "maxspeed": NaN, "bridge": NaN, "access": NaN, "tunnel": NaN, "junction": NaN, "width": NaN, "service": NaN, "roughness": 4.0}}, {"type": "Feature", "geometry": {"type": "LineString", "coordinates": [[-57.3153332, -25.4014305], [-57.3146211, -25.4014458]]}, "properties": {"osmid": "357942152", "oneway": "True", "lanes": "2", "ref": "PY02", "name": "Ruta Nacional Mariscal Estigarribia", "highway": "trunk", "length": 71.547, "maxspeed": NaN, "bridge": NaN, "access": NaN, "tunnel": NaN, "junction": NaN, "width": NaN, "service": NaN, "roughness": 4.0}}, {"type": "Feature", "geometry": {"type": "LineString", "coordinates": [[-57.3146211, -25.4014458], [-57.312034, -25.4014988]]}, "properties": {"osmid": "357942152", "oneway": "True", "lanes": "2", "ref": "PY02", "name": "Ruta Nacional Mariscal Estigarribia", "highway": "trunk", "length": 259.929, "maxspeed": NaN, "bridge": NaN, "access": NaN, "tunnel": NaN, "junction": NaN, "width": NaN, "service": NaN, "roughness": 4.0}}, {"type": "Feature", "geometry": {"type": "LineString", "coordinates": [[-57.312034, -25.4014988], [-57.3095017, -25.4015462]]}, "properties": {"osmid": "357942152", "oneway": "True", "lanes": "2", "ref": "PY02", "name": "Ruta Nacional Mariscal Estigarribia", "highway": "trunk", "length": 254.412, "maxspeed": NaN, "bridge": NaN, "access": NaN, "tunnel": NaN, "junction": NaN, "width": NaN, "service": NaN, "roughness": 4.0}}, {"type": "Feature", "geometry": {"type": "LineString", "coordinates": [[-57.3095017, -25.4015462], [-57.3087341, -25.4015612]]}, "properties": {"osmid": "357942152", "oneway": "True", "lanes": "2", "ref": "PY02", "name": "Ruta Nacional Mariscal Estigarribia", "highway": "trunk", "length": 77.12, "maxspeed": NaN, "bridge": NaN, "access": NaN, "tunnel": NaN, "junction": NaN, "width": NaN, "service": NaN, "roughness": 4.0}}, {"type": "Feature", "geometry": {"type": "LineString", "coordinates": [[-57.3087341, -25.4015612], [-57.3083979, -25.4015792]]}, "properties": {"osmid": "357942152", "oneway": "True", "lanes": "2", "ref": "PY02", "name": "Ruta Nacional Mariscal Estigarribia", "highway": "trunk", "length": 33.829, "maxspeed": NaN, "bridge": NaN, "access": NaN, "tunnel": NaN, "junction": NaN, "width": NaN, "service": NaN, "roughness": 4.0}}, {"type": "Feature", "geometry": {"type": "LineString", "coordinates": [[-57.3083979, -25.4015792], [-57.3081368, -25.4016009]]}, "properties": {"osmid": "357942152", "oneway": "True", "lanes": "2", "ref": "PY02", "name": "Ruta Nacional Mariscal Estigarribia", "highway": "trunk", "length": 26.337, "maxspeed": NaN, "bridge": NaN, "access": NaN, "tunnel": NaN, "junction": NaN, "width": NaN, "service": NaN, "roughness": 4.0}}, {"type": "Feature", "geometry": {"type": "LineString", "coordinates": [[-57.3081368, -25.4016009], [-57.3078828, -25.4016286]]}, "properties": {"osmid": "357942152", "oneway": "True", "lanes": "2", "ref": "PY02", "name": "Ruta Nacional Mariscal Estigarribia", "highway": "trunk", "length": 25.698, "maxspeed": NaN, "bridge": NaN, "access": NaN, "tunnel": NaN, "junction": NaN, "width": NaN, "service": NaN, "roughness": 4.0}}, {"type": "Feature", "geometry": {"type": "LineString", "coordinates": [[-57.3078828, -25.4016286], [-57.3074077, -25.4016993]]}, "properties": {"osmid": "357942152", "oneway": "True", "lanes": "2", "ref": "PY02", "name": "Ruta Nacional Mariscal Estigarribia", "highway": "trunk", "length": 48.365, "maxspeed": NaN, "bridge": NaN, "access": NaN, "tunnel": NaN, "junction": NaN, "width": NaN, "service": NaN, "roughness": 4.0}}, {"type": "Feature", "geometry": {"type": "LineString", "coordinates": [[-57.3074077, -25.4016993], [-57.3057416, -25.4019281]]}, "properties": {"osmid": "357942152", "oneway": "True", "lanes": "2", "ref": "PY02", "name": "Ruta Nacional Mariscal Estigarribia", "highway": "trunk", "length": 169.274, "maxspeed": NaN, "bridge": NaN, "access": NaN, "tunnel": NaN, "junction": NaN, "width": NaN, "service": NaN, "roughness": 4.0}}, {"type": "Feature", "geometry": {"type": "LineString", "coordinates": [[-57.3057416, -25.4019281], [-57.3022131, -25.4024702]]}, "properties": {"osmid": "357942152", "oneway": "True", "lanes": "2", "ref": "PY02", "name": "Ruta Nacional Mariscal Estigarribia", "highway": "trunk", "length": 359.508, "maxspeed": NaN, "bridge": NaN, "access": NaN, "tunnel": NaN, "junction": NaN, "width": NaN, "service": NaN, "roughness": 4.0}}, {"type": "Feature", "geometry": {"type": "LineString", "coordinates": [[-57.3022131, -25.4024702], [-57.3011336, -25.4026267]]}, "properties": {"osmid": "357942152", "oneway": "True", "lanes": "2", "ref": "PY02", "name": "Ruta Nacional Mariscal Estigarribia", "highway": "trunk", "length": 109.817, "maxspeed": NaN, "bridge": NaN, "access": NaN, "tunnel": NaN, "junction": NaN, "width": NaN, "service": NaN, "roughness": 4.0}}, {"type": "Feature", "geometry": {"type": "LineString", "coordinates": [[-57.3011336, -25.4026267], [-57.2990334, -25.4029483]]}, "properties": {"osmid": "359449499", "oneway": "True", "lanes": "2", "ref": "PY02", "name": "Ruta Nacional Mariscal Estigarribia", "highway": "trunk", "length": 213.962, "maxspeed": NaN, "bridge": NaN, "access": NaN, "tunnel": NaN, "junction": NaN, "width": NaN, "service": NaN, "roughness": 4.0}}, {"type": "Feature", "geometry": {"type": "LineString", "coordinates": [[-57.2990334, -25.4029483], [-57.2975281, -25.4031745]]}, "properties": {"osmid": "359449499", "oneway": "True", "lanes": "2", "ref": "PY02", "name": "Ruta Nacional Mariscal Estigarribia", "highway": "trunk", "length": 153.276, "maxspeed": NaN, "bridge": NaN, "access": NaN, "tunnel": NaN, "junction": NaN, "width": NaN, "service": NaN, "roughness": 4.0}}, {"type": "Feature", "geometry": {"type": "LineString", "coordinates": [[-57.2975281, -25.4031745], [-57.2967984, -25.4033056]]}, "properties": {"osmid": "359449499", "oneway": "True", "lanes": "2", "ref": "PY02", "name": "Ruta Nacional Mariscal Estigarribia", "highway": "trunk", "length": 74.729, "maxspeed": NaN, "bridge": NaN, "access": NaN, "tunnel": NaN, "junction": NaN, "width": NaN, "service": NaN, "roughness": 4.0}}, {"type": "Feature", "geometry": {"type": "LineString", "coordinates": [[-57.2967984, -25.4033056], [-57.2965293, -25.4033538]]}, "properties": {"osmid": "359449499", "oneway": "True", "lanes": "2", "ref": "PY02", "name": "Ruta Nacional Mariscal Estigarribia", "highway": "trunk", "length": 27.556, "maxspeed": NaN, "bridge": NaN, "access": NaN, "tunnel": NaN, "junction": NaN, "width": NaN, "service": NaN, "roughness": 4.0}}, {"type": "Feature", "geometry": {"type": "LineString", "coordinates": [[-57.2965293, -25.4033538], [-57.2962335, -25.4034023]]}, "properties": {"osmid": "359449499", "oneway": "True", "lanes": "2", "ref": "PY02", "name": "Ruta Nacional Mariscal Estigarribia", "highway": "trunk", "length": 30.197, "maxspeed": NaN, "bridge": NaN, "access": NaN, "tunnel": NaN, "junction": NaN, "width": NaN, "service": NaN, "roughness": 4.0}}, {"type": "Feature", "geometry": {"type": "LineString", "coordinates": [[-57.2962335, -25.4034023], [-57.2959309, -25.4034654]]}, "properties": {"osmid": "359449499", "oneway": "True", "lanes": "2", "ref": "PY02", "name": "Ruta Nacional Mariscal Estigarribia", "highway": "trunk", "length": 31.194, "maxspeed": NaN, "bridge": NaN, "access": NaN, "tunnel": NaN, "junction": NaN, "width": NaN, "service": NaN, "roughness": 4.0}}, {"type": "Feature", "geometry": {"type": "LineString", "coordinates": [[-57.2959309, -25.4034654], [-57.2955701, -25.4034936]]}, "properties": {"osmid": "359449499", "oneway": "True", "lanes": "2", "ref": "PY02", "name": "Ruta Nacional Mariscal Estigarribia", "highway": "trunk", "length": 36.375, "maxspeed": NaN, "bridge": NaN, "access": NaN, "tunnel": NaN, "junction": NaN, "width": NaN, "service": NaN, "roughness": 4.0}}, {"type": "Feature", "geometry": {"type": "LineString", "coordinates": [[-57.2955701, -25.4034936], [-57.2952184, -25.403541]]}, "properties": {"osmid": "359449499", "oneway": "True", "lanes": "2", "ref": "PY02", "name": "Ruta Nacional Mariscal Estigarribia", "highway": "trunk", "length": 35.717, "maxspeed": NaN, "bridge": NaN, "access": NaN, "tunnel": NaN, "junction": NaN, "width": NaN, "service": NaN, "roughness": 4.0}}, {"type": "Feature", "geometry": {"type": "LineString", "coordinates": [[-57.2952184, -25.403541], [-57.2949271, -25.4035475]]}, "properties": {"osmid": "359449499", "oneway": "True", "lanes": "2", "ref": "PY02", "name": "Ruta Nacional Mariscal Estigarribia", "highway": "trunk", "length": 29.268, "maxspeed": NaN, "bridge": NaN, "access": NaN, "tunnel": NaN, "junction": NaN, "width": NaN, "service": NaN, "roughness": 4.0}}, {"type": "Feature", "geometry": {"type": "LineString", "coordinates": [[-57.2949271, -25.4035475], [-57.2946589, -25.4035257]]}, "properties": {"osmid": "359449499", "oneway": "True", "lanes": "2", "ref": "PY02", "name": "Ruta Nacional Mariscal Estigarribia", "highway": "trunk", "length": 27.048, "maxspeed": NaN, "bridge": NaN, "access": NaN, "tunnel": NaN, "junction": NaN, "width": NaN, "service": NaN, "roughness": 4.0}}, {"type": "Feature", "geometry": {"type": "LineString", "coordinates": [[-57.2946589, -25.4035257], [-57.2943532, -25.40347]]}, "properties": {"osmid": "359449499", "oneway": "True", "lanes": "2", "ref": "PY02", "name": "Ruta Nacional Mariscal Estigarribia", "highway": "trunk", "length": 31.324, "maxspeed": NaN, "bridge": NaN, "access": NaN, "tunnel": NaN, "junction": NaN, "width": NaN, "service": NaN, "roughness": 4.0}}, {"type": "Feature", "geometry": {"type": "LineString", "coordinates": [[-57.2943532, -25.40347], [-57.2938564, -25.403298]]}, "properties": {"osmid": "359449499", "oneway": "True", "lanes": "2", "ref": "PY02", "name": "Ruta Nacional Mariscal Estigarribia", "highway": "trunk", "length": 53.44, "maxspeed": NaN, "bridge": NaN, "access": NaN, "tunnel": NaN, "junction": NaN, "width": NaN, "service": NaN, "roughness": 4.0}}, {"type": "Feature", "geometry": {"type": "LineString", "coordinates": [[-57.2938564, -25.403298], [-57.2930426, -25.4029017]]}, "properties": {"osmid": "814014050", "oneway": "True", "lanes": "2", "ref": "PY02", "name": "Mariscal Jos\u00e9 F\u00e9lix Estigarribia", "highway": "trunk", "length": 92.863, "maxspeed": "50", "bridge": NaN, "access": NaN, "tunnel": NaN, "junction": NaN, "width": NaN, "service": NaN, "roughness": 4.0}}, {"type": "Feature", "geometry": {"type": "LineString", "coordinates": [[-57.2930426, -25.4029017], [-57.2917413, -25.4022864]]}, "properties": {"osmid": "814014050", "oneway": "True", "lanes": "2", "ref": "PY02", "name": "Mariscal Jos\u00e9 F\u00e9lix Estigarribia", "highway": "trunk", "length": 147.532, "maxspeed": "50", "bridge": NaN, "access": NaN, "tunnel": NaN, "junction": NaN, "width": NaN, "service": NaN, "roughness": 4.0}}, {"type": "Feature", "geometry": {"type": "LineString", "coordinates": [[-57.2917413, -25.4022864], [-57.290404, -25.4016501]]}, "properties": {"osmid": "814014050", "oneway": "True", "lanes": "2", "ref": "PY02", "name": "Mariscal Jos\u00e9 F\u00e9lix Estigarribia", "highway": "trunk", "length": 151.82, "maxspeed": "50", "bridge": NaN, "access": NaN, "tunnel": NaN, "junction": NaN, "width": NaN, "service": NaN, "roughness": 4.0}}, {"type": "Feature", "geometry": {"type": "LineString", "coordinates": [[-57.290404, -25.4016501], [-57.2891163, -25.4010237]]}, "properties": {"osmid": "814014051", "oneway": "True", "lanes": "2", "ref": "PY02", "name": "Mariscal Jos\u00e9 F\u00e9lix Estigarribia", "highway": "trunk", "length": 146.905, "maxspeed": "50", "bridge": NaN, "access": NaN, "tunnel": NaN, "junction": NaN, "width": NaN, "service": NaN, "roughness": 4.0}}, {"type": "Feature", "geometry": {"type": "LineString", "coordinates": [[-57.2891163, -25.4010237], [-57.2888298, -25.4008875]]}, "properties": {"osmid": "814014051", "oneway": "True", "lanes": "2", "ref": "PY02", "name": "Mariscal Jos\u00e9 F\u00e9lix Estigarribia", "highway": "trunk", "length": 32.52, "maxspeed": "50", "bridge": NaN, "access": NaN, "tunnel": NaN, "junction": NaN, "width": NaN, "service": NaN, "roughness": 4.0}}, {"type": "Feature", "geometry": {"type": "LineString", "coordinates": [[-57.2888298, -25.4008875], [-57.2885767, -25.4007669]]}, "properties": {"osmid": "814014051", "oneway": "True", "lanes": "2", "ref": "PY02", "name": "Mariscal Jos\u00e9 F\u00e9lix Estigarribia", "highway": "trunk", "length": 28.743, "maxspeed": "50", "bridge": NaN, "access": NaN, "tunnel": NaN, "junction": NaN, "width": NaN, "service": NaN, "roughness": 4.0}}, {"type": "Feature", "geometry": {"type": "LineString", "coordinates": [[-57.2885767, -25.4007669], [-57.2873814, -25.4001919]]}, "properties": {"osmid": "814014051", "oneway": "True", "lanes": "2", "ref": "PY02", "name": "Mariscal Jos\u00e9 F\u00e9lix Estigarribia", "highway": "trunk", "length": 136.026, "maxspeed": "50", "bridge": NaN, "access": NaN, "tunnel": NaN, "junction": NaN, "width": NaN, "service": NaN, "roughness": 4.0}}, {"type": "Feature", "geometry": {"type": "LineString", "coordinates": [[-57.2873814, -25.4001919], [-57.2860701, -25.3995718]]}, "properties": {"osmid": "814014051", "oneway": "True", "lanes": "2", "ref": "PY02", "name": "Mariscal Jos\u00e9 F\u00e9lix Estigarribia", "highway": "trunk", "length": 148.672, "maxspeed": "50", "bridge": NaN, "access": NaN, "tunnel": NaN, "junction": NaN, "width": NaN, "service": NaN, "roughness": 4.0}}, {"type": "Feature", "geometry": {"type": "LineString", "coordinates": [[-57.2860701, -25.3995718], [-57.2847504, -25.3989487]]}, "properties": {"osmid": "359449497", "oneway": "True", "lanes": "2", "ref": "PY02", "name": "Mariscal Jos\u00e9 F\u00e9lix Estigarribia", "highway": "trunk", "length": 149.575, "maxspeed": "50", "bridge": NaN, "access": NaN, "tunnel": NaN, "junction": NaN, "width": NaN, "service": NaN, "roughness": 4.0}}, {"type": "Feature", "geometry": {"type": "LineString", "coordinates": [[-57.2847504, -25.3989487], [-57.284076, -25.3986257]]}, "properties": {"osmid": "359449497", "oneway": "True", "lanes": "2", "ref": "PY02", "name": "Mariscal Jos\u00e9 F\u00e9lix Estigarribia", "highway": "trunk", "length": 76.674, "maxspeed": "50", "bridge": NaN, "access": NaN, "tunnel": NaN, "junction": NaN, "width": NaN, "service": NaN, "roughness": 4.0}}, {"type": "Feature", "geometry": {"type": "LineString", "coordinates": [[-57.284076, -25.3986257], [-57.2838105, -25.398488]]}, "properties": {"osmid": "359449497", "oneway": "True", "lanes": "2", "ref": "PY02", "name": "Mariscal Jos\u00e9 F\u00e9lix Estigarribia", "highway": "trunk", "length": 30.752, "maxspeed": "50", "bridge": NaN, "access": NaN, "tunnel": NaN, "junction": NaN, "width": NaN, "service": NaN, "roughness": 4.0}}, {"type": "Feature", "geometry": {"type": "LineString", "coordinates": [[-57.2838105, -25.398488], [-57.2834411, -25.3982887]]}, "properties": {"osmid": "359449497", "oneway": "True", "lanes": "2", "ref": "PY02", "name": "Mariscal Jos\u00e9 F\u00e9lix Estigarribia", "highway": "trunk", "length": 43.22, "maxspeed": "50", "bridge": NaN, "access": NaN, "tunnel": NaN, "junction": NaN, "width": NaN, "service": NaN, "roughness": 4.0}}, {"type": "Feature", "geometry": {"type": "LineString", "coordinates": [[-57.2834411, -25.3982887], [-57.2832411, -25.3981394]]}, "properties": {"osmid": "359449497", "oneway": "True", "lanes": "2", "ref": "PY02", "name": "Mariscal Jos\u00e9 F\u00e9lix Estigarribia", "highway": "trunk", "length": 26.061, "maxspeed": "50", "bridge": NaN, "access": NaN, "tunnel": NaN, "junction": NaN, "width": NaN, "service": NaN, "roughness": 4.0}}, {"type": "Feature", "geometry": {"type": "LineString", "coordinates": [[-57.2832411, -25.3981394], [-57.2830133, -25.3979768]]}, "properties": {"osmid": "359449497", "oneway": "True", "lanes": "2", "ref": "PY02", "name": "Mariscal Jos\u00e9 F\u00e9lix Estigarribia", "highway": "trunk", "length": 29.163, "maxspeed": "50", "bridge": NaN, "access": NaN, "tunnel": NaN, "junction": NaN, "width": NaN, "service": NaN, "roughness": 4.0}}, {"type": "Feature", "geometry": {"type": "LineString", "coordinates": [[-57.2830133, -25.3979768], [-57.2823707, -25.3974239]]}, "properties": {"osmid": "359449497", "oneway": "True", "lanes": "2", "ref": "PY02", "name": "Mariscal Jos\u00e9 F\u00e9lix Estigarribia", "highway": "trunk", "length": 89.142, "maxspeed": "50", "bridge": NaN, "access": NaN, "tunnel": NaN, "junction": NaN, "width": NaN, "service": NaN, "roughness": 4.0}}, {"type": "Feature", "geometry": {"type": "LineString", "coordinates": [[-57.2823707, -25.3974239], [-57.2817922, -25.3968957]]}, "properties": {"osmid": "359449497", "oneway": "True", "lanes": "2", "ref": "PY02", "name": "Mariscal Jos\u00e9 F\u00e9lix Estigarribia", "highway": "trunk", "length": 82.622, "maxspeed": "50", "bridge": NaN, "access": NaN, "tunnel": NaN, "junction": NaN, "width": NaN, "service": NaN, "roughness": 4.0}}, {"type": "Feature", "geometry": {"type": "LineString", "coordinates": [[-57.2817922, -25.3968957], [-57.281252, -25.396425]]}, "properties": {"osmid": "359449497", "oneway": "True", "lanes": "2", "ref": "PY02", "name": "Mariscal Jos\u00e9 F\u00e9lix Estigarribia", "highway": "trunk", "length": 75.391, "maxspeed": "50", "bridge": NaN, "access": NaN, "tunnel": NaN, "junction": NaN, "width": NaN, "service": NaN, "roughness": 4.0}}, {"type": "Feature", "geometry": {"type": "LineString", "coordinates": [[-57.281252, -25.396425], [-57.280656, -25.3959204]]}, "properties": {"osmid": "359449497", "oneway": "True", "lanes": "2", "ref": "PY02", "name": "Mariscal Jos\u00e9 F\u00e9lix Estigarribia", "highway": "trunk", "length": 82.051, "maxspeed": "50", "bridge": NaN, "access": NaN, "tunnel": NaN, "junction": NaN, "width": NaN, "service": NaN, "roughness": 4.0}}, {"type": "Feature", "geometry": {"type": "LineString", "coordinates": [[-57.280656, -25.3959204], [-57.2800981, -25.3954376]]}, "properties": {"osmid": "359449497", "oneway": "True", "lanes": "2", "ref": "PY02", "name": "Mariscal Jos\u00e9 F\u00e9lix Estigarribia", "highway": "trunk", "length": 77.606, "maxspeed": "50", "bridge": NaN, "access": NaN, "tunnel": NaN, "junction": NaN, "width": NaN, "service": NaN, "roughness": 4.0}}, {"type": "Feature", "geometry": {"type": "LineString", "coordinates": [[-57.2800981, -25.3954376], [-57.2789916, -25.394465]]}, "properties": {"osmid": "359449497", "oneway": "True", "lanes": "2", "ref": "PY02", "name": "Mariscal Jos\u00e9 F\u00e9lix Estigarribia", "highway": "trunk", "length": 155.081, "maxspeed": "50", "bridge": NaN, "access": NaN, "tunnel": NaN, "junction": NaN, "width": NaN, "service": NaN, "roughness": 4.0}}, {"type": "Feature", "geometry": {"type": "LineString", "coordinates": [[-57.2789916, -25.394465], [-57.278157, -25.3937613]]}, "properties": {"osmid": "359449497", "oneway": "True", "lanes": "2", "ref": "PY02", "name": "Mariscal Jos\u00e9 F\u00e9lix Estigarribia", "highway": "trunk", "length": 114.679, "maxspeed": "50", "bridge": NaN, "access": NaN, "tunnel": NaN, "junction": NaN, "width": NaN, "service": NaN, "roughness": 4.0}}, {"type": "Feature", "geometry": {"type": "LineString", "coordinates": [[-57.278157, -25.3937613], [-57.2780432, -25.3936934]]}, "properties": {"osmid": "164472898", "oneway": "True", "lanes": "2", "ref": NaN, "name": NaN, "highway": "trunk_link", "length": 13.7, "maxspeed": NaN, "bridge": NaN, "access": NaN, "tunnel": NaN, "junction": NaN, "width": NaN, "service": NaN, "roughness": 4.0}}, {"type": "Feature", "geometry": {"type": "LineString", "coordinates": [[-57.2780432, -25.3936934], [-57.2779068, -25.3936953]]}, "properties": {"osmid": "164472898", "oneway": "True", "lanes": "2", "ref": NaN, "name": NaN, "highway": "trunk_link", "length": 13.703, "maxspeed": NaN, "bridge": NaN, "access": NaN, "tunnel": NaN, "junction": NaN, "width": NaN, "service": NaN, "roughness": 4.0}}, {"type": "Feature", "geometry": {"type": "LineString", "coordinates": [[-57.2779068, -25.3936953], [-57.2777953, -25.3937662]]}, "properties": {"osmid": "164472898", "oneway": "True", "lanes": "2", "ref": NaN, "name": NaN, "highway": "trunk_link", "length": 13.697, "maxspeed": NaN, "bridge": NaN, "access": NaN, "tunnel": NaN, "junction": NaN, "width": NaN, "service": NaN, "roughness": 4.0}}, {"type": "Feature", "geometry": {"type": "LineString", "coordinates": [[-57.2777953, -25.3937662], [-57.2777473, -25.3938816]]}, "properties": {"osmid": "164472898", "oneway": "True", "lanes": "2", "ref": NaN, "name": NaN, "highway": "trunk_link", "length": 13.708, "maxspeed": NaN, "bridge": NaN, "access": NaN, "tunnel": NaN, "junction": NaN, "width": NaN, "service": NaN, "roughness": 4.0}}, {"type": "Feature", "geometry": {"type": "LineString", "coordinates": [[-57.2777473, -25.3938816], [-57.2777797, -25.3940013]]}, "properties": {"osmid": "164472898", "oneway": "True", "lanes": "2", "ref": NaN, "name": NaN, "highway": "trunk_link", "length": 13.702, "maxspeed": NaN, "bridge": NaN, "access": NaN, "tunnel": NaN, "junction": NaN, "width": NaN, "service": NaN, "roughness": 4.0}}, {"type": "Feature", "geometry": {"type": "LineString", "coordinates": [[-57.2777797, -25.3940013], [-57.2776336, -25.3936969]]}, "properties": {"osmid": "814014049", "oneway": "True", "lanes": "2", "ref": "PY02", "name": "Bernardino Caballero Melgarejo", "highway": "trunk", "length": 36.893, "maxspeed": "50", "bridge": NaN, "access": NaN, "tunnel": NaN, "junction": NaN, "width": NaN, "service": NaN, "roughness": 4.0}}, {"type": "Feature", "geometry": {"type": "LineString", "coordinates": [[-57.2776336, -25.3936969], [-57.2775006, -25.3934698]]}, "properties": {"osmid": "814014049", "oneway": "True", "lanes": "2", "ref": "PY02", "name": "Bernardino Caballero Melgarejo", "highway": "trunk", "length": 28.569, "maxspeed": "50", "bridge": NaN, "access": NaN, "tunnel": NaN, "junction": NaN, "width": NaN, "service": NaN, "roughness": 4.0}}, {"type": "Feature", "geometry": {"type": "LineString", "coordinates": [[-57.2775006, -25.3934698], [-57.2773231, -25.3932472]]}, "properties": {"osmid": "814014049", "oneway": "True", "lanes": "2", "ref": "PY02", "name": "Bernardino Caballero Melgarejo", "highway": "trunk", "length": 30.505, "maxspeed": "50", "bridge": NaN, "access": NaN, "tunnel": NaN, "junction": NaN, "width": NaN, "service": NaN, "roughness": 4.0}}, {"type": "Feature", "geometry": {"type": "LineString", "coordinates": [[-57.2773231, -25.3932472], [-57.277065, -25.3929818]]}, "properties": {"osmid": "449933670", "oneway": "True", "lanes": "2", "ref": "PY02", "name": "Ruta Nacional Mariscal Estigarribia", "highway": "trunk", "length": 39.282, "maxspeed": NaN, "bridge": NaN, "access": NaN, "tunnel": NaN, "junction": NaN, "width": NaN, "service": NaN, "roughness": 4.0}}, {"type": "Feature", "geometry": {"type": "LineString", "coordinates": [[-57.277065, -25.3929818], [-57.2767762, -25.3927262]]}, "properties": {"osmid": "449933670", "oneway": "True", "lanes": "2", "ref": "PY02", "name": "Ruta Nacional Mariscal Estigarribia", "highway": "trunk", "length": 40.613, "maxspeed": NaN, "bridge": NaN, "access": NaN, "tunnel": NaN, "junction": NaN, "width": NaN, "service": NaN, "roughness": 4.0}}, {"type": "Feature", "geometry": {"type": "LineString", "coordinates": [[-57.2767762, -25.3927262], [-57.2754108, -25.391545]]}, "properties": {"osmid": "449933670", "oneway": "True", "lanes": "2", "ref": "PY02", "name": "Ruta Nacional Mariscal Estigarribia", "highway": "trunk", "length": 189.904, "maxspeed": NaN, "bridge": NaN, "access": NaN, "tunnel": NaN, "junction": NaN, "width": NaN, "service": NaN, "roughness": 4.0}}, {"type": "Feature", "geometry": {"type": "LineString", "coordinates": [[-57.2754108, -25.391545], [-57.275241, -25.391398]]}, "properties": {"osmid": "636330037", "oneway": "True", "lanes": "2", "ref": "PY02", "name": "Ruta Nacional Mariscal Estigarribia", "highway": "trunk", "length": 23.625, "maxspeed": NaN, "bridge": "yes", "access": NaN, "tunnel": NaN, "junction": NaN, "width": NaN, "service": NaN, "roughness": 4.0}}, {"type": "Feature", "geometry": {"type": "LineString", "coordinates": [[-57.275241, -25.391398], [-57.274679, -25.3909119]]}, "properties": {"osmid": "636330038", "oneway": "True", "lanes": "2", "ref": "PY02", "name": "Ruta Nacional Mariscal Estigarribia", "highway": "trunk", "length": 78.159, "maxspeed": NaN, "bridge": NaN, "access": NaN, "tunnel": NaN, "junction": NaN, "width": NaN, "service": NaN, "roughness": 4.0}}, {"type": "Feature", "geometry": {"type": "LineString", "coordinates": [[-57.274679, -25.3909119], [-57.2744576, -25.3907223]]}, "properties": {"osmid": "636330038", "oneway": "True", "lanes": "2", "ref": "PY02", "name": "Ruta Nacional Mariscal Estigarribia", "highway": "trunk", "length": 30.645, "maxspeed": NaN, "bridge": NaN, "access": NaN, "tunnel": NaN, "junction": NaN, "width": NaN, "service": NaN, "roughness": 4.0}}, {"type": "Feature", "geometry": {"type": "LineString", "coordinates": [[-57.2744576, -25.3907223], [-57.2742361, -25.3905327]]}, "properties": {"osmid": "636330035", "oneway": "True", "lanes": "2", "ref": "PY02", "name": "Ruta Nacional Mariscal Estigarribia", "highway": "trunk", "length": 30.652, "maxspeed": NaN, "bridge": "yes", "access": NaN, "tunnel": NaN, "junction": NaN, "width": NaN, "service": NaN, "roughness": 4.0}}, {"type": "Feature", "geometry": {"type": "LineString", "coordinates": [[-57.2742361, -25.3905327], [-57.2740197, -25.3903715]]}, "properties": {"osmid": "636330034", "oneway": "True", "lanes": "2", "ref": "PY02", "name": "Ruta Nacional Mariscal Estigarribia", "highway": "trunk", "length": 28.175, "maxspeed": NaN, "bridge": NaN, "access": NaN, "tunnel": NaN, "junction": NaN, "width": NaN, "service": NaN, "roughness": 4.0}}, {"type": "Feature", "geometry": {"type": "LineString", "coordinates": [[-57.2740197, -25.3903715], [-57.2737979, -25.3902326]]}, "properties": {"osmid": "636330034", "oneway": "True", "lanes": "2", "ref": "PY02", "name": "Ruta Nacional Mariscal Estigarribia", "highway": "trunk", "length": 27.111, "maxspeed": NaN, "bridge": NaN, "access": NaN, "tunnel": NaN, "junction": NaN, "width": NaN, "service": NaN, "roughness": 4.0}}, {"type": "Feature", "geometry": {"type": "LineString", "coordinates": [[-57.2737979, -25.3902326], [-57.2735645, -25.3901106]]}, "properties": {"osmid": "636330034", "oneway": "True", "lanes": "2", "ref": "PY02", "name": "Ruta Nacional Mariscal Estigarribia", "highway": "trunk", "length": 27.088, "maxspeed": NaN, "bridge": NaN, "access": NaN, "tunnel": NaN, "junction": NaN, "width": NaN, "service": NaN, "roughness": 4.0}}, {"type": "Feature", "geometry": {"type": "LineString", "coordinates": [[-57.2735645, -25.3901106], [-57.2732484, -25.3899792]]}, "properties": {"osmid": "636330034", "oneway": "True", "lanes": "2", "ref": "PY02", "name": "Ruta Nacional Mariscal Estigarribia", "highway": "trunk", "length": 34.954, "maxspeed": NaN, "bridge": NaN, "access": NaN, "tunnel": NaN, "junction": NaN, "width": NaN, "service": NaN, "roughness": 4.0}}, {"type": "Feature", "geometry": {"type": "LineString", "coordinates": [[-57.2732484, -25.3899792], [-57.2729292, -25.3898812]]}, "properties": {"osmid": "636330034", "oneway": "True", "lanes": "2", "ref": "PY02", "name": "Ruta Nacional Mariscal Estigarribia", "highway": "trunk", "length": 33.866, "maxspeed": NaN, "bridge": NaN, "access": NaN, "tunnel": NaN, "junction": NaN, "width": NaN, "service": NaN, "roughness": 4.0}}, {"type": "Feature", "geometry": {"type": "LineString", "coordinates": [[-57.2729292, -25.3898812], [-57.2722378, -25.3896832]]}, "properties": {"osmid": "636330034", "oneway": "True", "lanes": "2", "ref": "PY02", "name": "Ruta Nacional Mariscal Estigarribia", "highway": "trunk", "length": 72.861, "maxspeed": NaN, "bridge": NaN, "access": NaN, "tunnel": NaN, "junction": NaN, "width": NaN, "service": NaN, "roughness": 4.0}}, {"type": "Feature", "geometry": {"type": "LineString", "coordinates": [[-57.2722378, -25.3896832], [-57.2716524, -25.3895156]]}, "properties": {"osmid": "636330034", "oneway": "True", "lanes": "2", "ref": "PY02", "name": "Ruta Nacional Mariscal Estigarribia", "highway": "trunk", "length": 61.689, "maxspeed": NaN, "bridge": NaN, "access": NaN, "tunnel": NaN, "junction": NaN, "width": NaN, "service": NaN, "roughness": 4.0}}, {"type": "Feature", "geometry": {"type": "LineString", "coordinates": [[-57.2716524, -25.3895156], [-57.2713527, -25.3894299]]}, "properties": {"osmid": "636330034", "oneway": "True", "lanes": "2", "ref": "PY02", "name": "Ruta Nacional Mariscal Estigarribia", "highway": "trunk", "length": 31.579, "maxspeed": NaN, "bridge": NaN, "access": NaN, "tunnel": NaN, "junction": NaN, "width": NaN, "service": NaN, "roughness": 4.0}}, {"type": "Feature", "geometry": {"type": "LineString", "coordinates": [[-57.2713527, -25.3894299], [-57.2712379, -25.3893919]]}, "properties": {"osmid": "605361482", "oneway": "True", "lanes": "2", "ref": "PY02", "name": "Ruta Nacional Mariscal Estigarribia", "highway": "trunk", "length": 12.282, "maxspeed": NaN, "bridge": NaN, "access": NaN, "tunnel": "yes", "junction": NaN, "width": NaN, "service": NaN, "roughness": 4.0}}, {"type": "Feature", "geometry": {"type": "LineString", "coordinates": [[-57.2712379, -25.3893919], [-57.271166, -25.3893659]]}, "properties": {"osmid": "605361482", "oneway": "True", "lanes": "2", "ref": "PY02", "name": "Ruta Nacional Mariscal Estigarribia", "highway": "trunk", "length": 7.78, "maxspeed": NaN, "bridge": NaN, "access": NaN, "tunnel": "yes", "junction": NaN, "width": NaN, "service": NaN, "roughness": 4.0}}, {"type": "Feature", "geometry": {"type": "LineString", "coordinates": [[-57.271166, -25.3893659], [-57.2701916, -25.389013]]}, "properties": {"osmid": "605361480", "oneway": "True", "lanes": "2", "ref": "PY02", "name": "Ruta Nacional Mariscal Estigarribia", "highway": "trunk", "length": 105.456, "maxspeed": NaN, "bridge": NaN, "access": NaN, "tunnel": NaN, "junction": NaN, "width": NaN, "service": NaN, "roughness": 4.0}}, {"type": "Feature", "geometry": {"type": "LineString", "coordinates": [[-57.2701916, -25.389013], [-57.2692167, -25.3887004]]}, "properties": {"osmid": "605361480", "oneway": "True", "lanes": "2", "ref": "PY02", "name": "Ruta Nacional Mariscal Estigarribia", "highway": "trunk", "length": 103.92, "maxspeed": NaN, "bridge": NaN, "access": NaN, "tunnel": NaN, "junction": NaN, "width": NaN, "service": NaN, "roughness": 4.0}}, {"type": "Feature", "geometry": {"type": "LineString", "coordinates": [[-57.2692167, -25.3887004], [-57.2689239, -25.3886095]]}, "properties": {"osmid": "164484762", "oneway": "True", "lanes": "2", "ref": "PY02", "name": "Ruta Nacional Mariscal Estigarribia", "highway": "trunk", "length": 31.102, "maxspeed": NaN, "bridge": "yes", "access": NaN, "tunnel": NaN, "junction": NaN, "width": NaN, "service": NaN, "roughness": 4.0}}, {"type": "Feature", "geometry": {"type": "LineString", "coordinates": [[-57.2689239, -25.3886095], [-57.2670368, -25.3880052]]}, "properties": {"osmid": "177015299", "oneway": "True", "lanes": "2", "ref": "PY02", "name": "Ruta Nacional Mariscal Estigarribia", "highway": "trunk", "length": 201.128, "maxspeed": NaN, "bridge": NaN, "access": NaN, "tunnel": NaN, "junction": NaN, "width": NaN, "service": NaN, "roughness": 4.0}}, {"type": "Feature", "geometry": {"type": "LineString", "coordinates": [[-57.2670368, -25.3880052], [-57.2666654, -25.38788]]}, "properties": {"osmid": "177015299", "oneway": "True", "lanes": "2", "ref": "PY02", "name": "Ruta Nacional Mariscal Estigarribia", "highway": "trunk", "length": 39.822, "maxspeed": NaN, "bridge": NaN, "access": NaN, "tunnel": NaN, "junction": NaN, "width": NaN, "service": NaN, "roughness": 4.0}}]}