{"type": "FeatureCollection", "features": [{"type": "Feature", "geometry": {"type": "LineString", "coordinates": [[-57.4910201, -25.2677488], [-57.4924521, -25.2674126]]}, "properties": {"osmid": "166748770", "oneway": "True", "lanes": "2", "ref": "D023;D067", "name": "Cerro Cor\u00e1", "highway": "primary", "length": 148.77, "maxspeed": "40", "bridge": NaN, "access": NaN, "tunnel": NaN, "junction": NaN, "width": NaN, "service": NaN, "roughness": 7.0}}, {"type": "Feature", "geometry": {"type": "LineString", "coordinates": [[-57.4924521, -25.2674126], [-57.4934452, -25.2671634]]}, "properties": {"osmid": "367645731", "oneway": "True", "lanes": "2", "ref": "D023;D067", "name": "Cerro Cor\u00e1", "highway": "primary", "length": 103.636, "maxspeed": "40", "bridge": NaN, "access": NaN, "tunnel": NaN, "junction": NaN, "width": NaN, "service": NaN, "roughness": 7.0}}, {"type": "Feature", "geometry": {"type": "LineString", "coordinates": [[-57.4934452, -25.2671634], [-57.4934678, -25.2671581]]}, "properties": {"osmid": "802057657", "oneway": "True", "lanes": "2", "ref": "D023;D067", "name": "Avenida General Elizardo Aquino", "highway": "primary", "length": 2.348, "maxspeed": "40", "bridge": NaN, "access": NaN, "tunnel": NaN, "junction": NaN, "width": NaN, "service": NaN, "roughness": 7.0}}, {"type": "Feature", "geometry": {"type": "LineString", "coordinates": [[-57.4934678, -25.2671581], [-57.4941288, -25.2670017]]}, "properties": {"osmid": "802057657", "oneway": "True", "lanes": "2", "ref": "D023;D067", "name": "Avenida General Elizardo Aquino", "highway": "primary", "length": 68.706, "maxspeed": "40", "bridge": NaN, "access": NaN, "tunnel": NaN, "junction": NaN, "width": NaN, "service": NaN, "roughness": 7.0}}, {"type": "Feature", "geometry": {"type": "LineString", "coordinates": [[-57.4941288, -25.2670017], [-57.4944936, -25.2682921]]}, "properties": {"osmid": "128398699", "oneway": "True", "lanes": "2", "ref": "D067", "name": "Eugenio A. Garay", "highway": "primary", "length": 148.101, "maxspeed": "40", "bridge": NaN, "access": NaN, "tunnel": NaN, "junction": NaN, "width": NaN, "service": NaN, "roughness": 7.0}}, {"type": "Feature", "geometry": {"type": "LineString", "coordinates": [[-57.4944936, -25.2682921], [-57.4948906, -25.2695777]]}, "properties": {"osmid": "128398699", "oneway": "True", "lanes": "2", "ref": "D067", "name": "Eugenio A. Garay", "highway": "primary", "length": 148.422, "maxspeed": "40", "bridge": NaN, "access": NaN, "tunnel": NaN, "junction": NaN, "width": NaN, "service": NaN, "roughness": 7.0}}, {"type": "Feature", "geometry": {"type": "LineString", "coordinates": [[-57.4948906, -25.2695777], [-57.4952649, -25.2708605]]}, "properties": {"osmid": "128398699", "oneway": "True", "lanes": "2", "ref": "D067", "name": "Eugenio A. Garay", "highway": "primary", "length": 147.523, "maxspeed": "40", "bridge": NaN, "access": NaN, "tunnel": NaN, "junction": NaN, "width": NaN, "service": NaN, "roughness": 7.0}}, {"type": "Feature", "geometry": {"type": "LineString", "coordinates": [[-57.4952649, -25.2708605], [-57.4956301, -25.2721421]]}, "properties": {"osmid": "128398699", "oneway": "True", "lanes": "2", "ref": "D067", "name": "Eugenio A. Garay", "highway": "primary", "length": 147.163, "maxspeed": "40", "bridge": NaN, "access": NaN, "tunnel": NaN, "junction": NaN, "width": NaN, "service": NaN, "roughness": 7.0}}, {"type": "Feature", "geometry": {"type": "LineString", "coordinates": [[-57.4956301, -25.2721421], [-57.4961264, -25.2737217]]}, "properties": {"osmid": "128398699", "oneway": "True", "lanes": "2", "ref": "D067", "name": "Eugenio A. Garay", "highway": "primary", "length": 182.596, "maxspeed": "40", "bridge": NaN, "access": NaN, "tunnel": NaN, "junction": NaN, "width": NaN, "service": NaN, "roughness": 7.0}}, {"type": "Feature", "geometry": {"type": "LineString", "coordinates": [[-57.4961264, -25.2737217], [-57.4962511, -25.2740078]]}, "properties": {"osmid": "128398699", "oneway": "True", "lanes": "2", "ref": "D067", "name": "Eugenio A. Garay", "highway": "primary", "length": 34.195, "maxspeed": "40", "bridge": NaN, "access": NaN, "tunnel": NaN, "junction": NaN, "width": NaN, "service": NaN, "roughness": 7.0}}, {"type": "Feature", "geometry": {"type": "LineString", "coordinates": [[-57.4962511, -25.2740078], [-57.4963927, -25.2744356]]}, "properties": {"osmid": "128398699", "oneway": "True", "lanes": "2", "ref": "D067", "name": "Eugenio A. Garay", "highway": "primary", "length": 49.654, "maxspeed": "40", "bridge": NaN, "access": NaN, "tunnel": NaN, "junction": NaN, "width": NaN, "service": NaN, "roughness": 7.0}}, {"type": "Feature", "geometry": {"type": "LineString", "coordinates": [[-57.4963927, -25.2744356], [-57.4967384, -25.275513]]}, "properties": {"osmid": "822389868", "oneway": "False", "lanes": "2", "ref": "D067", "name": "Capit\u00e1n Andr\u00e9s Insfran", "highway": "primary", "length": 124.743, "maxspeed": "50", "bridge": NaN, "access": "yes", "tunnel": NaN, "junction": NaN, "width": NaN, "service": NaN, "roughness": 7.0}}, {"type": "Feature", "geometry": {"type": "LineString", "coordinates": [[-57.4967384, -25.275513], [-57.4970672, -25.2765482]]}, "properties": {"osmid": "822389868", "oneway": "False", "lanes": "2", "ref": "D067", "name": "Capit\u00e1n Andr\u00e9s Insfran", "highway": "primary", "length": 119.763, "maxspeed": "50", "bridge": NaN, "access": "yes", "tunnel": NaN, "junction": NaN, "width": NaN, "service": NaN, "roughness": 7.0}}, {"type": "Feature", "geometry": {"type": "LineString", "coordinates": [[-57.4970672, -25.2765482], [-57.4972673, -25.2771676]]}, "properties": {"osmid": "822389868", "oneway": "False", "lanes": "2", "ref": "D067", "name": "Capit\u00e1n Andr\u00e9s Insfran", "highway": "primary", "length": 71.753, "maxspeed": "50", "bridge": NaN, "access": "yes", "tunnel": NaN, "junction": NaN, "width": NaN, "service": NaN, "roughness": 7.0}}, {"type": "Feature", "geometry": {"type": "LineString", "coordinates": [[-57.4972673, -25.2771676], [-57.4973284, -25.2773568]]}, "properties": {"osmid": "822389868", "oneway": "False", "lanes": "2", "ref": "D067", "name": "Capit\u00e1n Andr\u00e9s Insfran", "highway": "primary", "length": 21.917, "maxspeed": "50", "bridge": NaN, "access": "yes", "tunnel": NaN, "junction": NaN, "width": NaN, "service": NaN, "roughness": 7.0}}, {"type": "Feature", "geometry": {"type": "LineString", "coordinates": [[-57.4973284, -25.2773568], [-57.4973558, -25.2774558]]}, "properties": {"osmid": "822389868", "oneway": "False", "lanes": "2", "ref": "D067", "name": "Capit\u00e1n Andr\u00e9s Insfran", "highway": "primary", "length": 11.348, "maxspeed": "50", "bridge": NaN, "access": "yes", "tunnel": NaN, "junction": NaN, "width": NaN, "service": NaN, "roughness": 7.0}}, {"type": "Feature", "geometry": {"type": "LineString", "coordinates": [[-57.4973558, -25.2774558], [-57.4976559, -25.2784612]]}, "properties": {"osmid": "822389868", "oneway": "False", "lanes": "2", "ref": "D067", "name": "Capit\u00e1n Andr\u00e9s Insfran", "highway": "primary", "length": 115.796, "maxspeed": "50", "bridge": NaN, "access": "yes", "tunnel": NaN, "junction": NaN, "width": NaN, "service": NaN, "roughness": 7.0}}, {"type": "Feature", "geometry": {"type": "LineString", "coordinates": [[-57.4976559, -25.2784612], [-57.497778, -25.2788688]]}, "properties": {"osmid": "822389868", "oneway": "False", "lanes": "2", "ref": "D067", "name": "Capit\u00e1n Andr\u00e9s Insfran", "highway": "primary", "length": 46.956, "maxspeed": "50", "bridge": NaN, "access": "yes", "tunnel": NaN, "junction": NaN, "width": NaN, "service": NaN, "roughness": 7.0}}, {"type": "Feature", "geometry": {"type": "LineString", "coordinates": [[-57.497778, -25.2788688], [-57.4978213, -25.2790185]]}, "properties": {"osmid": "822389868", "oneway": "False", "lanes": "2", "ref": "D067", "name": "Capit\u00e1n Andr\u00e9s Insfran", "highway": "primary", "length": 17.206, "maxspeed": "50", "bridge": NaN, "access": "yes", "tunnel": NaN, "junction": NaN, "width": NaN, "service": NaN, "roughness": 7.0}}, {"type": "Feature", "geometry": {"type": "LineString", "coordinates": [[-57.4978213, -25.2790185], [-57.4979155, -25.2793869]]}, "properties": {"osmid": "822389860", "oneway": "False", "lanes": "2", "ref": "D067", "name": "Capit\u00e1n Andr\u00e9s Insfran", "highway": "primary", "length": 42.045, "maxspeed": "50", "bridge": NaN, "access": "yes", "tunnel": NaN, "junction": NaN, "width": NaN, "service": NaN, "roughness": 7.0}}, {"type": "Feature", "geometry": {"type": "LineString", "coordinates": [[-57.4979155, -25.2793869], [-57.4983365, -25.2809385]]}, "properties": {"osmid": "822389860", "oneway": "False", "lanes": "2", "ref": "D067", "name": "Capit\u00e1n Andr\u00e9s Insfran", "highway": "primary", "length": 177.647, "maxspeed": "50", "bridge": NaN, "access": "yes", "tunnel": NaN, "junction": NaN, "width": NaN, "service": NaN, "roughness": 7.0}}, {"type": "Feature", "geometry": {"type": "LineString", "coordinates": [[-57.4983365, -25.2809385], [-57.4987178, -25.2822974]]}, "properties": {"osmid": "822389860", "oneway": "False", "lanes": "2", "ref": "D067", "name": "Capit\u00e1n Andr\u00e9s Insfran", "highway": "primary", "length": 155.891, "maxspeed": "50", "bridge": NaN, "access": "yes", "tunnel": NaN, "junction": NaN, "width": NaN, "service": NaN, "roughness": 7.0}}, {"type": "Feature", "geometry": {"type": "LineString", "coordinates": [[-57.4987178, -25.2822974], [-57.4987208, -25.2823082]]}, "properties": {"osmid": "822389860", "oneway": "False", "lanes": "2", "ref": "D067", "name": "Capit\u00e1n Andr\u00e9s Insfran", "highway": "primary", "length": 1.238, "maxspeed": "50", "bridge": NaN, "access": "yes", "tunnel": NaN, "junction": NaN, "width": NaN, "service": NaN, "roughness": 7.0}}, {"type": "Feature", "geometry": {"type": "LineString", "coordinates": [[-57.4987208, -25.2823082], [-57.4987605, -25.2824517]]}, "properties": {"osmid": "822389860", "oneway": "False", "lanes": "2", "ref": "D067", "name": "Capit\u00e1n Andr\u00e9s Insfran", "highway": "primary", "length": 16.448, "maxspeed": "50", "bridge": NaN, "access": "yes", "tunnel": NaN, "junction": NaN, "width": NaN, "service": NaN, "roughness": 7.0}}, {"type": "Feature", "geometry": {"type": "LineString", "coordinates": [[-57.4987605, -25.2824517], [-57.4987862, -25.2825446]]}, "properties": {"osmid": "822389860", "oneway": "False", "lanes": "2", "ref": "D067", "name": "Capit\u00e1n Andr\u00e9s Insfran", "highway": "primary", "length": 10.648, "maxspeed": "50", "bridge": NaN, "access": "yes", "tunnel": NaN, "junction": NaN, "width": NaN, "service": NaN, "roughness": 7.0}}, {"type": "Feature", "geometry": {"type": "LineString", "coordinates": [[-57.4987862, -25.2825446], [-57.4989505, -25.2831387]]}, "properties": {"osmid": "822389860", "oneway": "False", "lanes": "2", "ref": "D067", "name": "Capit\u00e1n Andr\u00e9s Insfran", "highway": "primary", "length": 68.095, "maxspeed": "50", "bridge": NaN, "access": "yes", "tunnel": NaN, "junction": NaN, "width": NaN, "service": NaN, "roughness": 7.0}}, {"type": "Feature", "geometry": {"type": "LineString", "coordinates": [[-57.4989505, -25.2831387], [-57.4991349, -25.2838052]]}, "properties": {"osmid": "822389860", "oneway": "False", "lanes": "2", "ref": "D067", "name": "Capit\u00e1n Andr\u00e9s Insfran", "highway": "primary", "length": 76.395, "maxspeed": "50", "bridge": NaN, "access": "yes", "tunnel": NaN, "junction": NaN, "width": NaN, "service": NaN, "roughness": 7.0}}, {"type": "Feature", "geometry": {"type": "LineString", "coordinates": [[-57.4991349, -25.2838052], [-57.4991453, -25.2838416]]}, "properties": {"osmid": "822389860", "oneway": "False", "lanes": "2", "ref": "D067", "name": "Capit\u00e1n Andr\u00e9s Insfran", "highway": "primary", "length": 4.18, "maxspeed": "50", "bridge": NaN, "access": "yes", "tunnel": NaN, "junction": NaN, "width": NaN, "service": NaN, "roughness": 7.0}}, {"type": "Feature", "geometry": {"type": "LineString", "coordinates": [[-57.4991453, -25.2838416], [-57.4993324, -25.2844961]]}, "properties": {"osmid": "822389860", "oneway": "False", "lanes": "2", "ref": "D067", "name": "Capit\u00e1n Andr\u00e9s Insfran", "highway": "primary", "length": 75.169, "maxspeed": "50", "bridge": NaN, "access": "yes", "tunnel": NaN, "junction": NaN, "width": NaN, "service": NaN, "roughness": 7.0}}, {"type": "Feature", "geometry": {"type": "LineString", "coordinates": [[-57.4993324, -25.2844961], [-57.4995176, -25.2850962]]}, "properties": {"osmid": "822389860", "oneway": "False", "lanes": "2", "ref": "D067", "name": "Capit\u00e1n Andr\u00e9s Insfran", "highway": "primary", "length": 69.277, "maxspeed": "50", "bridge": NaN, "access": "yes", "tunnel": NaN, "junction": NaN, "width": NaN, "service": NaN, "roughness": 7.0}}, {"type": "Feature", "geometry": {"type": "LineString", "coordinates": [[-57.4995176, -25.2850962], [-57.4996396, -25.285537]]}, "properties": {"osmid": "822389860", "oneway": "False", "lanes": "2", "ref": "D067", "name": "Capit\u00e1n Andr\u00e9s Insfran", "highway": "primary", "length": 50.526, "maxspeed": "50", "bridge": NaN, "access": "yes", "tunnel": NaN, "junction": NaN, "width": NaN, "service": NaN, "roughness": 7.0}}, {"type": "Feature", "geometry": {"type": "LineString", "coordinates": [[-57.4996396, -25.285537], [-57.4996717, -25.2856531]]}, "properties": {"osmid": "822389860", "oneway": "False", "lanes": "2", "ref": "D067", "name": "Capit\u00e1n Andr\u00e9s Insfran", "highway": "primary", "length": 13.307, "maxspeed": "50", "bridge": NaN, "access": "yes", "tunnel": NaN, "junction": NaN, "width": NaN, "service": NaN, "roughness": 7.0}}, {"type": "Feature", "geometry": {"type": "LineString", "coordinates": [[-57.4996717, -25.2856531], [-57.499696, -25.2857424]]}, "properties": {"osmid": "822389860", "oneway": "False", "lanes": "2", "ref": "D067", "name": "Capit\u00e1n Andr\u00e9s Insfran", "highway": "primary", "length": 10.226, "maxspeed": "50", "bridge": NaN, "access": "yes", "tunnel": NaN, "junction": NaN, "width": NaN, "service": NaN, "roughness": 7.0}}, {"type": "Feature", "geometry": {"type": "LineString", "coordinates": [[-57.499696, -25.2857424], [-57.4999309, -25.286606]]}, "properties": {"osmid": "822389860", "oneway": "False", "lanes": "2", "ref": "D067", "name": "Capit\u00e1n Andr\u00e9s Insfran", "highway": "primary", "length": 98.89, "maxspeed": "50", "bridge": NaN, "access": "yes", "tunnel": NaN, "junction": NaN, "width": NaN, "service": NaN, "roughness": 7.0}}, {"type": "Feature", "geometry": {"type": "LineString", "coordinates": [[-57.4999309, -25.286606], [-57.5000721, -25.2871086]]}, "properties": {"osmid": "822389860", "oneway": "False", "lanes": "2", "ref": "D067", "name": "Capit\u00e1n Andr\u00e9s Insfran", "highway": "primary", "length": 57.662, "maxspeed": "50", "bridge": NaN, "access": "yes", "tunnel": NaN, "junction": NaN, "width": NaN, "service": NaN, "roughness": 7.0}}, {"type": "Feature", "geometry": {"type": "LineString", "coordinates": [[-57.5000721, -25.2871086], [-57.500119, -25.2872753]]}, "properties": {"osmid": "822389860", "oneway": "False", "lanes": "2", "ref": "D067", "name": "Capit\u00e1n Andr\u00e9s Insfran", "highway": "primary", "length": 19.127, "maxspeed": "50", "bridge": NaN, "access": "yes", "tunnel": NaN, "junction": NaN, "width": NaN, "service": NaN, "roughness": 7.0}}, {"type": "Feature", "geometry": {"type": "LineString", "coordinates": [[-57.500119, -25.2872753], [-57.5006231, -25.2890181]]}, "properties": {"osmid": "822389860", "oneway": "False", "lanes": "2", "ref": "D067", "name": "Capit\u00e1n Andr\u00e9s Insfran", "highway": "primary", "length": 200.309, "maxspeed": "50", "bridge": NaN, "access": "yes", "tunnel": NaN, "junction": NaN, "width": NaN, "service": NaN, "roughness": 7.0}}, {"type": "Feature", "geometry": {"type": "LineString", "coordinates": [[-57.5006231, -25.2890181], [-57.500822, -25.2896863]]}, "properties": {"osmid": "822389859", "oneway": "False", "lanes": "2", "ref": "D067", "name": "Capit\u00e1n Andr\u00e9s Insfran", "highway": "primary", "length": 76.944, "maxspeed": "50", "bridge": NaN, "access": "yes", "tunnel": NaN, "junction": NaN, "width": NaN, "service": NaN, "roughness": 7.0}}, {"type": "Feature", "geometry": {"type": "LineString", "coordinates": [[-57.500822, -25.2896863], [-57.5008879, -25.2899143]]}, "properties": {"osmid": "822389859", "oneway": "False", "lanes": "2", "ref": "D067", "name": "Capit\u00e1n Andr\u00e9s Insfran", "highway": "primary", "length": 26.204, "maxspeed": "50", "bridge": NaN, "access": "yes", "tunnel": NaN, "junction": NaN, "width": NaN, "service": NaN, "roughness": 7.0}}, {"type": "Feature", "geometry": {"type": "LineString", "coordinates": [[-57.5008879, -25.2899143], [-57.5010711, -25.2905561]]}, "properties": {"osmid": "914745637", "oneway": "False", "lanes": "2", "ref": "D067", "name": "Capit\u00e1n Andr\u00e9s Insfran", "highway": "primary", "length": 73.703, "maxspeed": "50", "bridge": NaN, "access": "yes", "tunnel": NaN, "junction": NaN, "width": NaN, "service": NaN, "roughness": 7.0}}, {"type": "Feature", "geometry": {"type": "LineString", "coordinates": [[-57.5010711, -25.2905561], [-57.5014022, -25.2917145]]}, "properties": {"osmid": "914745637", "oneway": "False", "lanes": "2", "ref": "D067", "name": "Capit\u00e1n Andr\u00e9s Insfran", "highway": "primary", "length": 133.04, "maxspeed": "50", "bridge": NaN, "access": "yes", "tunnel": NaN, "junction": NaN, "width": NaN, "service": NaN, "roughness": 7.0}}, {"type": "Feature", "geometry": {"type": "LineString", "coordinates": [[-57.5014022, -25.2917145], [-57.5014493, -25.2918974]]}, "properties": {"osmid": "914745637", "oneway": "False", "lanes": "2", "ref": "D067", "name": "Capit\u00e1n Andr\u00e9s Insfran", "highway": "primary", "length": 20.882, "maxspeed": "50", "bridge": NaN, "access": "yes", "tunnel": NaN, "junction": NaN, "width": NaN, "service": NaN, "roughness": 7.0}}, {"type": "Feature", "geometry": {"type": "LineString", "coordinates": [[-57.5014493, -25.2918974], [-57.5014873, -25.2920564]]}, "properties": {"osmid": "914745637", "oneway": "False", "lanes": "2", "ref": "D067", "name": "Capit\u00e1n Andr\u00e9s Insfran", "highway": "primary", "length": 18.088, "maxspeed": "50", "bridge": NaN, "access": "yes", "tunnel": NaN, "junction": NaN, "width": NaN, "service": NaN, "roughness": 7.0}}, {"type": "Feature", "geometry": {"type": "LineString", "coordinates": [[-57.5014873, -25.2920564], [-57.5015247, -25.2922132]]}, "properties": {"osmid": "914745637", "oneway": "False", "lanes": "2", "ref": "D067", "name": "Capit\u00e1n Andr\u00e9s Insfran", "highway": "primary", "length": 17.836, "maxspeed": "50", "bridge": NaN, "access": "yes", "tunnel": NaN, "junction": NaN, "width": NaN, "service": NaN, "roughness": 7.0}}, {"type": "Feature", "geometry": {"type": "LineString", "coordinates": [[-57.5015247, -25.2922132], [-57.5015696, -25.2923903]]}, "properties": {"osmid": "914745637", "oneway": "False", "lanes": "2", "ref": "D067", "name": "Capit\u00e1n Andr\u00e9s Insfran", "highway": "primary", "length": 20.203, "maxspeed": "50", "bridge": NaN, "access": "yes", "tunnel": NaN, "junction": NaN, "width": NaN, "service": NaN, "roughness": 7.0}}, {"type": "Feature", "geometry": {"type": "LineString", "coordinates": [[-57.5015696, -25.2923903], [-57.5019564, -25.2939155]]}, "properties": {"osmid": "914745637", "oneway": "False", "lanes": "2", "ref": "D067", "name": "Capit\u00e1n Andr\u00e9s Insfran", "highway": "primary", "length": 173.996, "maxspeed": "50", "bridge": NaN, "access": "yes", "tunnel": NaN, "junction": NaN, "width": NaN, "service": NaN, "roughness": 7.0}}, {"type": "Feature", "geometry": {"type": "LineString", "coordinates": [[-57.5019564, -25.2939155], [-57.5024349, -25.2957857]]}, "properties": {"osmid": "338436144", "oneway": "False", "lanes": "2", "ref": "D067", "name": "Capit\u00e1n Andr\u00e9s Insfran", "highway": "primary", "length": 213.449, "maxspeed": "50", "bridge": NaN, "access": "yes", "tunnel": NaN, "junction": NaN, "width": NaN, "service": NaN, "roughness": 7.0}}, {"type": "Feature", "geometry": {"type": "LineString", "coordinates": [[-57.5024349, -25.2957857], [-57.5024676, -25.2959134]]}, "properties": {"osmid": "338436144", "oneway": "False", "lanes": "2", "ref": "D067", "name": "Capit\u00e1n Andr\u00e9s Insfran", "highway": "primary", "length": 14.575, "maxspeed": "50", "bridge": NaN, "access": "yes", "tunnel": NaN, "junction": NaN, "width": NaN, "service": NaN, "roughness": 7.0}}, {"type": "Feature", "geometry": {"type": "LineString", "coordinates": [[-57.5024676, -25.2959134], [-57.5024884, -25.2959945]]}, "properties": {"osmid": "338436144", "oneway": "False", "lanes": "2", "ref": "D067", "name": "Capit\u00e1n Andr\u00e9s Insfran", "highway": "primary", "length": 9.257, "maxspeed": "50", "bridge": NaN, "access": "yes", "tunnel": NaN, "junction": NaN, "width": NaN, "service": NaN, "roughness": 7.0}}, {"type": "Feature", "geometry": {"type": "LineString", "coordinates": [[-57.5024884, -25.2959945], [-57.5026473, -25.2966134]]}, "properties": {"osmid": "338436144", "oneway": "False", "lanes": "2", "ref": "D067", "name": "Capit\u00e1n Andr\u00e9s Insfran", "highway": "primary", "length": 70.648, "maxspeed": "50", "bridge": NaN, "access": "yes", "tunnel": NaN, "junction": NaN, "width": NaN, "service": NaN, "roughness": 7.0}}, {"type": "Feature", "geometry": {"type": "LineString", "coordinates": [[-57.5026473, -25.2966134], [-57.5026979, -25.2968103]]}, "properties": {"osmid": "338436144", "oneway": "False", "lanes": "2", "ref": "D067", "name": "Capit\u00e1n Andr\u00e9s Insfran", "highway": "primary", "length": 22.477, "maxspeed": "50", "bridge": NaN, "access": "yes", "tunnel": NaN, "junction": NaN, "width": NaN, "service": NaN, "roughness": 7.0}}, {"type": "Feature", "geometry": {"type": "LineString", "coordinates": [[-57.5026979, -25.2968103], [-57.502737, -25.296965]]}, "properties": {"osmid": "338436144", "oneway": "False", "lanes": "2", "ref": "D067", "name": "Capit\u00e1n Andr\u00e9s Insfran", "highway": "primary", "length": 17.645, "maxspeed": "50", "bridge": NaN, "access": "yes", "tunnel": NaN, "junction": NaN, "width": NaN, "service": NaN, "roughness": 7.0}}, {"type": "Feature", "geometry": {"type": "LineString", "coordinates": [[-57.502737, -25.296965], [-57.5030771, -25.2983087]]}, "properties": {"osmid": "338436144", "oneway": "False", "lanes": "2", "ref": "D067", "name": "Capit\u00e1n Andr\u00e9s Insfran", "highway": "primary", "length": 153.275, "maxspeed": "50", "bridge": NaN, "access": "yes", "tunnel": NaN, "junction": NaN, "width": NaN, "service": NaN, "roughness": 7.0}}, {"type": "Feature", "geometry": {"type": "LineString", "coordinates": [[-57.5030771, -25.2983087], [-57.5034045, -25.2995764]]}, "properties": {"osmid": "338436144", "oneway": "False", "lanes": "2", "ref": "D067", "name": "Capit\u00e1n Andr\u00e9s Insfran", "highway": "primary", "length": 144.754, "maxspeed": "50", "bridge": NaN, "access": "yes", "tunnel": NaN, "junction": NaN, "width": NaN, "service": NaN, "roughness": 7.0}}, {"type": "Feature", "geometry": {"type": "LineString", "coordinates": [[-57.5034045, -25.2995764], [-57.5034517, -25.2997558]]}, "properties": {"osmid": "338436145", "oneway": "False", "lanes": "2", "ref": "D067", "name": "Capit\u00e1n Andr\u00e9s Insfran", "highway": "primary", "length": 20.505, "maxspeed": "50", "bridge": NaN, "access": "yes", "tunnel": NaN, "junction": NaN, "width": NaN, "service": NaN, "roughness": 7.0}}, {"type": "Feature", "geometry": {"type": "LineString", "coordinates": [[-57.5034517, -25.2997558], [-57.5034693, -25.2998228]]}, "properties": {"osmid": "338436145", "oneway": "False", "lanes": "2", "ref": "D067", "name": "Capit\u00e1n Andr\u00e9s Insfran", "highway": "primary", "length": 7.657, "maxspeed": "50", "bridge": NaN, "access": "yes", "tunnel": NaN, "junction": NaN, "width": NaN, "service": NaN, "roughness": 7.0}}, {"type": "Feature", "geometry": {"type": "LineString", "coordinates": [[-57.5034693, -25.2998228], [-57.5034798, -25.299863]]}, "properties": {"osmid": "338436145", "oneway": "False", "lanes": "2", "ref": "D067", "name": "Capit\u00e1n Andr\u00e9s Insfran", "highway": "primary", "length": 4.593, "maxspeed": "50", "bridge": NaN, "access": "yes", "tunnel": NaN, "junction": NaN, "width": NaN, "service": NaN, "roughness": 7.0}}, {"type": "Feature", "geometry": {"type": "LineString", "coordinates": [[-57.5034798, -25.299863], [-57.503489, -25.2998988]]}, "properties": {"osmid": "279687767", "oneway": "False", "lanes": "2", "ref": "D067", "name": "Capit\u00e1n Andr\u00e9s Insfran", "highway": "primary", "length": 4.087, "maxspeed": "50", "bridge": NaN, "access": "yes", "tunnel": NaN, "junction": NaN, "width": NaN, "service": NaN, "roughness": 7.0}}, {"type": "Feature", "geometry": {"type": "LineString", "coordinates": [[-57.503489, -25.2998988], [-57.503516, -25.3000042]]}, "properties": {"osmid": "279687767", "oneway": "False", "lanes": "2", "ref": "D067", "name": "Capit\u00e1n Andr\u00e9s Insfran", "highway": "primary", "length": 12.03, "maxspeed": "50", "bridge": NaN, "access": "yes", "tunnel": NaN, "junction": NaN, "width": NaN, "service": NaN, "roughness": 7.0}}, {"type": "Feature", "geometry": {"type": "LineString", "coordinates": [[-57.503516, -25.3000042], [-57.5036732, -25.3006173]]}, "properties": {"osmid": "279687767", "oneway": "False", "lanes": "2", "ref": "D067", "name": "Capit\u00e1n Andr\u00e9s Insfran", "highway": "primary", "length": 69.981, "maxspeed": "50", "bridge": NaN, "access": "yes", "tunnel": NaN, "junction": NaN, "width": NaN, "service": NaN, "roughness": 7.0}}, {"type": "Feature", "geometry": {"type": "LineString", "coordinates": [[-57.5036732, -25.3006173], [-57.5037418, -25.300885]]}, "properties": {"osmid": "279687767", "oneway": "False", "lanes": "2", "ref": "D067", "name": "Capit\u00e1n Andr\u00e9s Insfran", "highway": "primary", "length": 30.555, "maxspeed": "50", "bridge": NaN, "access": "yes", "tunnel": NaN, "junction": NaN, "width": NaN, "service": NaN, "roughness": 7.0}}, {"type": "Feature", "geometry": {"type": "LineString", "coordinates": [[-57.5037418, -25.300885], [-57.5038779, -25.301416]]}, "properties": {"osmid": "279687767", "oneway": "False", "lanes": "2", "ref": "D067", "name": "Capit\u00e1n Andr\u00e9s Insfran", "highway": "primary", "length": 60.609, "maxspeed": "50", "bridge": NaN, "access": "yes", "tunnel": NaN, "junction": NaN, "width": NaN, "service": NaN, "roughness": 7.0}}, {"type": "Feature", "geometry": {"type": "LineString", "coordinates": [[-57.5038779, -25.301416], [-57.5042257, -25.3027725]]}, "properties": {"osmid": "279687767", "oneway": "False", "lanes": "2", "ref": "D067", "name": "Capit\u00e1n Andr\u00e9s Insfran", "highway": "primary", "length": 154.835, "maxspeed": "50", "bridge": NaN, "access": "yes", "tunnel": NaN, "junction": NaN, "width": NaN, "service": NaN, "roughness": 7.0}}, {"type": "Feature", "geometry": {"type": "LineString", "coordinates": [[-57.5042257, -25.3027725], [-57.5042566, -25.3028932]]}, "properties": {"osmid": "279687767", "oneway": "False", "lanes": "2", "ref": "D067", "name": "Capit\u00e1n Andr\u00e9s Insfran", "highway": "primary", "length": 13.776, "maxspeed": "50", "bridge": NaN, "access": "yes", "tunnel": NaN, "junction": NaN, "width": NaN, "service": NaN, "roughness": 7.0}}, {"type": "Feature", "geometry": {"type": "LineString", "coordinates": [[-57.5042566, -25.3028932], [-57.5042886, -25.3030241]]}, "properties": {"osmid": "914745636", "oneway": "False", "lanes": "2", "ref": "D067", "name": "Capit\u00e1n Andr\u00e9s Insfran", "highway": "primary", "length": 14.907, "maxspeed": "50", "bridge": NaN, "access": "yes", "tunnel": NaN, "junction": NaN, "width": NaN, "service": NaN, "roughness": 7.0}}, {"type": "Feature", "geometry": {"type": "LineString", "coordinates": [[-57.5042886, -25.3030241], [-57.5044053, -25.3035025]]}, "properties": {"osmid": "914745636", "oneway": "False", "lanes": "2", "ref": "D067", "name": "Capit\u00e1n Andr\u00e9s Insfran", "highway": "primary", "length": 54.474, "maxspeed": "50", "bridge": NaN, "access": "yes", "tunnel": NaN, "junction": NaN, "width": NaN, "service": NaN, "roughness": 7.0}}, {"type": "Feature", "geometry": {"type": "LineString", "coordinates": [[-57.5044053, -25.3035025], [-57.5047005, -25.3047129]]}, "properties": {"osmid": "914745636", "oneway": "False", "lanes": "2", "ref": "D067", "name": "Capit\u00e1n Andr\u00e9s Insfran", "highway": "primary", "length": 137.823, "maxspeed": "50", "bridge": NaN, "access": "yes", "tunnel": NaN, "junction": NaN, "width": NaN, "service": NaN, "roughness": 7.0}}, {"type": "Feature", "geometry": {"type": "LineString", "coordinates": [[-57.5047005, -25.3047129], [-57.5048563, -25.305373]]}, "properties": {"osmid": "914745635", "oneway": "False", "lanes": "2", "ref": "D067", "name": "Capit\u00e1n Andr\u00e9s Insfran", "highway": "primary", "length": 75.052, "maxspeed": "50", "bridge": NaN, "access": "yes", "tunnel": NaN, "junction": NaN, "width": NaN, "service": NaN, "roughness": 7.0}}, {"type": "Feature", "geometry": {"type": "LineString", "coordinates": [[-57.5048563, -25.305373], [-57.5048938, -25.3055319]]}, "properties": {"osmid": "914745635", "oneway": "False", "lanes": "2", "ref": "D067", "name": "Capit\u00e1n Andr\u00e9s Insfran", "highway": "primary", "length": 18.067, "maxspeed": "50", "bridge": NaN, "access": "yes", "tunnel": NaN, "junction": NaN, "width": NaN, "service": NaN, "roughness": 7.0}}, {"type": "Feature", "geometry": {"type": "LineString", "coordinates": [[-57.5048938, -25.3055319], [-57.5049253, -25.3056624]]}, "properties": {"osmid": "914745635", "oneway": "False", "lanes": "2", "ref": "D067", "name": "Capit\u00e1n Andr\u00e9s Insfran", "highway": "primary", "length": 14.852, "maxspeed": "50", "bridge": NaN, "access": "yes", "tunnel": NaN, "junction": NaN, "width": NaN, "service": NaN, "roughness": 7.0}}, {"type": "Feature", "geometry": {"type": "LineString", "coordinates": [[-57.5049253, -25.3056624], [-57.5051995, -25.3067971]]}, "properties": {"osmid": "914745635", "oneway": "False", "lanes": "2", "ref": "D067", "name": "Capit\u00e1n Andr\u00e9s Insfran", "highway": "primary", "length": 129.149, "maxspeed": "50", "bridge": NaN, "access": "yes", "tunnel": NaN, "junction": NaN, "width": NaN, "service": NaN, "roughness": 7.0}}, {"type": "Feature", "geometry": {"type": "LineString", "coordinates": [[-57.5051995, -25.3067971], [-57.5054418, -25.3078518]]}, "properties": {"osmid": "914745635", "oneway": "False", "lanes": "2", "ref": "D067", "name": "Capit\u00e1n Andr\u00e9s Insfran", "highway": "primary", "length": 119.78, "maxspeed": "50", "bridge": NaN, "access": "yes", "tunnel": NaN, "junction": NaN, "width": NaN, "service": NaN, "roughness": 7.0}}, {"type": "Feature", "geometry": {"type": "LineString", "coordinates": [[-57.5054418, -25.3078518], [-57.5054616, -25.3079378]]}, "properties": {"osmid": "914745635", "oneway": "False", "lanes": "2", "ref": "D067", "name": "Capit\u00e1n Andr\u00e9s Insfran", "highway": "primary", "length": 9.768, "maxspeed": "50", "bridge": NaN, "access": "yes", "tunnel": NaN, "junction": NaN, "width": NaN, "service": NaN, "roughness": 7.0}}, {"type": "Feature", "geometry": {"type": "LineString", "coordinates": [[-57.5054616, -25.3079378], [-57.50547, -25.3079735]]}, "properties": {"osmid": "914745635", "oneway": "False", "lanes": "2", "ref": "D067", "name": "Capit\u00e1n Andr\u00e9s Insfran", "highway": "primary", "length": 4.058, "maxspeed": "50", "bridge": NaN, "access": "yes", "tunnel": NaN, "junction": NaN, "width": NaN, "service": NaN, "roughness": 7.0}}, {"type": "Feature", "geometry": {"type": "LineString", "coordinates": [[-57.50547, -25.3079735], [-57.5055295, -25.3082198]]}, "properties": {"osmid": "164804487", "oneway": "False", "lanes": "2", "ref": "D067", "name": "General Eugenio A. Garay", "highway": "primary", "length": 28.033, "maxspeed": "50", "bridge": NaN, "access": "yes", "tunnel": NaN, "junction": NaN, "width": NaN, "service": NaN, "roughness": 7.0}}, {"type": "Feature", "geometry": {"type": "LineString", "coordinates": [[-57.5055295, -25.3082198], [-57.5056496, -25.3088649]]}, "properties": {"osmid": "164804487", "oneway": "False", "lanes": "2", "ref": "D067", "name": "General Eugenio A. Garay", "highway": "primary", "length": 72.741, "maxspeed": "50", "bridge": NaN, "access": "yes", "tunnel": NaN, "junction": NaN, "width": NaN, "service": NaN, "roughness": 7.0}}, {"type": "Feature", "geometry": {"type": "LineString", "coordinates": [[-57.5056496, -25.3088649], [-57.5057993, -25.3095291]]}, "properties": {"osmid": "164804487", "oneway": "False", "lanes": "2", "ref": "D067", "name": "General Eugenio A. Garay", "highway": "primary", "length": 75.373, "maxspeed": "50", "bridge": NaN, "access": "yes", "tunnel": NaN, "junction": NaN, "width": NaN, "service": NaN, "roughness": 7.0}}, {"type": "Feature", "geometry": {"type": "LineString", "coordinates": [[-57.5057993, -25.3095291], [-57.5059016, -25.3098795]]}, "properties": {"osmid": "164804487", "oneway": "False", "lanes": "2", "ref": "D067", "name": "General Eugenio A. Garay", "highway": "primary", "length": 40.297, "maxspeed": "50", "bridge": NaN, "access": "yes", "tunnel": NaN, "junction": NaN, "width": NaN, "service": NaN, "roughness": 7.0}}, {"type": "Feature", "geometry": {"type": "LineString", "coordinates": [[-57.5059016, -25.3098795], [-57.5060021, -25.3103709]]}, "properties": {"osmid": "164804487", "oneway": "False", "lanes": "2", "ref": "D067", "name": "General Eugenio A. Garay", "highway": "primary", "length": 55.567, "maxspeed": "50", "bridge": NaN, "access": "yes", "tunnel": NaN, "junction": NaN, "width": NaN, "service": NaN, "roughness": 7.0}}, {"type": "Feature", "geometry": {"type": "LineString", "coordinates": [[-57.5060021, -25.3103709], [-57.506049, -25.3106549]]}, "properties": {"osmid": "164804487", "oneway": "False", "lanes": "2", "ref": "D067", "name": "General Eugenio A. Garay", "highway": "primary", "length": 31.929, "maxspeed": "50", "bridge": NaN, "access": "yes", "tunnel": NaN, "junction": NaN, "width": NaN, "service": NaN, "roughness": 7.0}}, {"type": "Feature", "geometry": {"type": "LineString", "coordinates": [[-57.506049, -25.3106549], [-57.5065569, -25.3127139]]}, "properties": {"osmid": "164804487", "oneway": "False", "lanes": "2", "ref": "D067", "name": "General Eugenio A. Garay", "highway": "primary", "length": 234.574, "maxspeed": "50", "bridge": NaN, "access": "yes", "tunnel": NaN, "junction": NaN, "width": NaN, "service": NaN, "roughness": 7.0}}, {"type": "Feature", "geometry": {"type": "LineString", "coordinates": [[-57.5065569, -25.3127139], [-57.5067816, -25.3137157]]}, "properties": {"osmid": "164804487", "oneway": "False", "lanes": "2", "ref": "D067", "name": "General Eugenio A. Garay", "highway": "primary", "length": 113.662, "maxspeed": "50", "bridge": NaN, "access": "yes", "tunnel": NaN, "junction": NaN, "width": NaN, "service": NaN, "roughness": 7.0}}, {"type": "Feature", "geometry": {"type": "LineString", "coordinates": [[-57.5067816, -25.3137157], [-57.5070668, -25.3149179]]}, "properties": {"osmid": "164804487", "oneway": "False", "lanes": "2", "ref": "D067", "name": "General Eugenio A. Garay", "highway": "primary", "length": 136.718, "maxspeed": "50", "bridge": NaN, "access": "yes", "tunnel": NaN, "junction": NaN, "width": NaN, "service": NaN, "roughness": 7.0}}, {"type": "Feature", "geometry": {"type": "LineString", "coordinates": [[-57.5070668, -25.3149179], [-57.5072055, -25.3153123]]}, "properties": {"osmid": "164804487", "oneway": "False", "lanes": "2", "ref": "D067", "name": "General Eugenio A. Garay", "highway": "primary", "length": 46.018, "maxspeed": "50", "bridge": NaN, "access": "yes", "tunnel": NaN, "junction": NaN, "width": NaN, "service": NaN, "roughness": 7.0}}, {"type": "Feature", "geometry": {"type": "LineString", "coordinates": [[-57.5072055, -25.3153123], [-57.5073882, -25.3162821]]}, "properties": {"osmid": "164804487", "oneway": "False", "lanes": "2", "ref": "D067", "name": "General Eugenio A. Garay", "highway": "primary", "length": 109.39, "maxspeed": "50", "bridge": NaN, "access": "yes", "tunnel": NaN, "junction": NaN, "width": NaN, "service": NaN, "roughness": 7.0}}, {"type": "Feature", "geometry": {"type": "LineString", "coordinates": [[-57.5073882, -25.3162821], [-57.5077364, -25.3178226]]}, "properties": {"osmid": "164804487", "oneway": "False", "lanes": "2", "ref": "D067", "name": "General Eugenio A. Garay", "highway": "primary", "length": 174.835, "maxspeed": "50", "bridge": NaN, "access": "yes", "tunnel": NaN, "junction": NaN, "width": NaN, "service": NaN, "roughness": 7.0}}, {"type": "Feature", "geometry": {"type": "LineString", "coordinates": [[-57.5077364, -25.3178226], [-57.507786, -25.318057]]}, "properties": {"osmid": "164804487", "oneway": "False", "lanes": "2", "ref": "D067", "name": "General Eugenio A. Garay", "highway": "primary", "length": 26.537, "maxspeed": "50", "bridge": NaN, "access": "yes", "tunnel": NaN, "junction": NaN, "width": NaN, "service": NaN, "roughness": 7.0}}, {"type": "Feature", "geometry": {"type": "LineString", "coordinates": [[-57.507786, -25.318057], [-57.5080233, -25.319179]]}, "properties": {"osmid": "164804487", "oneway": "False", "lanes": "2", "ref": "D067", "name": "General Eugenio A. Garay", "highway": "primary", "length": 127.02, "maxspeed": "50", "bridge": NaN, "access": "yes", "tunnel": NaN, "junction": NaN, "width": NaN, "service": NaN, "roughness": 7.0}}, {"type": "Feature", "geometry": {"type": "LineString", "coordinates": [[-57.5080233, -25.319179], [-57.5083122, -25.3205486]]}, "properties": {"osmid": "164804487", "oneway": "False", "lanes": "2", "ref": "D067", "name": "General Eugenio A. Garay", "highway": "primary", "length": 155.036, "maxspeed": "50", "bridge": NaN, "access": "yes", "tunnel": NaN, "junction": NaN, "width": NaN, "service": NaN, "roughness": 7.0}}, {"type": "Feature", "geometry": {"type": "LineString", "coordinates": [[-57.5083122, -25.3205486], [-57.5083586, -25.3207813]]}, "properties": {"osmid": "164804487", "oneway": "False", "lanes": "2", "ref": "D067", "name": "General Eugenio A. Garay", "highway": "primary", "length": 26.292, "maxspeed": "50", "bridge": NaN, "access": "yes", "tunnel": NaN, "junction": NaN, "width": NaN, "service": NaN, "roughness": 7.0}}, {"type": "Feature", "geometry": {"type": "LineString", "coordinates": [[-57.5083586, -25.3207813], [-57.5084728, -25.3213686]]}, "properties": {"osmid": "164804487", "oneway": "False", "lanes": "2", "ref": "D067", "name": "General Eugenio A. Garay", "highway": "primary", "length": 66.306, "maxspeed": "50", "bridge": NaN, "access": "yes", "tunnel": NaN, "junction": NaN, "width": NaN, "service": NaN, "roughness": 7.0}}, {"type": "Feature", "geometry": {"type": "LineString", "coordinates": [[-57.5084728, -25.3213686], [-57.5086504, -25.3222971]]}, "properties": {"osmid": "164804487", "oneway": "False", "lanes": "2", "ref": "D067", "name": "General Eugenio A. Garay", "highway": "primary", "length": 104.776, "maxspeed": "50", "bridge": NaN, "access": "yes", "tunnel": NaN, "junction": NaN, "width": NaN, "service": NaN, "roughness": 7.0}}, {"type": "Feature", "geometry": {"type": "LineString", "coordinates": [[-57.5086504, -25.3222971], [-57.5086779, -25.3224399]]}, "properties": {"osmid": "164804487", "oneway": "False", "lanes": "2", "ref": "D067", "name": "General Eugenio A. Garay", "highway": "primary", "length": 16.117, "maxspeed": "50", "bridge": NaN, "access": "yes", "tunnel": NaN, "junction": NaN, "width": NaN, "service": NaN, "roughness": 7.0}}, {"type": "Feature", "geometry": {"type": "LineString", "coordinates": [[-57.5086779, -25.3224399], [-57.5087604, -25.3228689]]}, "properties": {"osmid": "164804487", "oneway": "False", "lanes": "2", "ref": "D067", "name": "General Eugenio A. Garay", "highway": "primary", "length": 48.418, "maxspeed": "50", "bridge": NaN, "access": "yes", "tunnel": NaN, "junction": NaN, "width": NaN, "service": NaN, "roughness": 7.0}}, {"type": "Feature", "geometry": {"type": "LineString", "coordinates": [[-57.5087604, -25.3228689], [-57.5087844, -25.3230176]]}, "properties": {"osmid": "164804487", "oneway": "False", "lanes": "2", "ref": "D067", "name": "General Eugenio A. Garay", "highway": "primary", "length": 16.71, "maxspeed": "50", "bridge": NaN, "access": "yes", "tunnel": NaN, "junction": NaN, "width": NaN, "service": NaN, "roughness": 7.0}}, {"type": "Feature", "geometry": {"type": "LineString", "coordinates": [[-57.5087844, -25.3230176], [-57.5088188, -25.3232313]]}, "properties": {"osmid": "164804487", "oneway": "False", "lanes": "2", "ref": "D067", "name": "General Eugenio A. Garay", "highway": "primary", "length": 24.013, "maxspeed": "50", "bridge": NaN, "access": "yes", "tunnel": NaN, "junction": NaN, "width": NaN, "service": NaN, "roughness": 7.0}}, {"type": "Feature", "geometry": {"type": "LineString", "coordinates": [[-57.5088188, -25.3232313], [-57.5089087, -25.3237898]]}, "properties": {"osmid": "164804487", "oneway": "False", "lanes": "2", "ref": "D067", "name": "General Eugenio A. Garay", "highway": "primary", "length": 62.756, "maxspeed": "50", "bridge": NaN, "access": "yes", "tunnel": NaN, "junction": NaN, "width": NaN, "service": NaN, "roughness": 7.0}}, {"type": "Feature", "geometry": {"type": "LineString", "coordinates": [[-57.5089087, -25.3237898], [-57.5090549, -25.3247173]]}, "properties": {"osmid": "164804487", "oneway": "False", "lanes": "2", "ref": "D067", "name": "General Eugenio A. Garay", "highway": "primary", "length": 104.175, "maxspeed": "50", "bridge": NaN, "access": "yes", "tunnel": NaN, "junction": NaN, "width": NaN, "service": NaN, "roughness": 7.0}}, {"type": "Feature", "geometry": {"type": "LineString", "coordinates": [[-57.5090549, -25.3247173], [-57.5092058, -25.3256367]]}, "properties": {"osmid": "661879064", "oneway": "False", "lanes": "2", "ref": "D067", "name": "General Eugenio A. Garay", "highway": "primary", "length": 103.352, "maxspeed": "40", "bridge": NaN, "access": "yes", "tunnel": NaN, "junction": NaN, "width": NaN, "service": NaN, "roughness": 7.0}}, {"type": "Feature", "geometry": {"type": "LineString", "coordinates": [[-57.5092058, -25.3256367], [-57.5092795, -25.3260949]]}, "properties": {"osmid": "661879064", "oneway": "False", "lanes": "2", "ref": "D067", "name": "General Eugenio A. Garay", "highway": "primary", "length": 51.485, "maxspeed": "40", "bridge": NaN, "access": "yes", "tunnel": NaN, "junction": NaN, "width": NaN, "service": NaN, "roughness": 7.0}}, {"type": "Feature", "geometry": {"type": "LineString", "coordinates": [[-57.5092795, -25.3260949], [-57.5094323, -25.3270451]]}, "properties": {"osmid": "661879064", "oneway": "False", "lanes": "2", "ref": "D067", "name": "General Eugenio A. Garay", "highway": "primary", "length": 106.768, "maxspeed": "40", "bridge": NaN, "access": "yes", "tunnel": NaN, "junction": NaN, "width": NaN, "service": NaN, "roughness": 7.0}}, {"type": "Feature", "geometry": {"type": "LineString", "coordinates": [[-57.5094323, -25.3270451], [-57.5094397, -25.3270909]]}, "properties": {"osmid": "661879064", "oneway": "False", "lanes": "2", "ref": "D067", "name": "General Eugenio A. Garay", "highway": "primary", "length": 5.147, "maxspeed": "40", "bridge": NaN, "access": "yes", "tunnel": NaN, "junction": NaN, "width": NaN, "service": NaN, "roughness": 7.0}}, {"type": "Feature", "geometry": {"type": "LineString", "coordinates": [[-57.5094397, -25.3270909], [-57.5097472, -25.3290032]]}, "properties": {"osmid": "661879064", "oneway": "False", "lanes": "2", "ref": "D067", "name": "General Eugenio A. Garay", "highway": "primary", "length": 214.873, "maxspeed": "40", "bridge": NaN, "access": "yes", "tunnel": NaN, "junction": NaN, "width": NaN, "service": NaN, "roughness": 7.0}}, {"type": "Feature", "geometry": {"type": "LineString", "coordinates": [[-57.5097472, -25.3290032], [-57.5097681, -25.3291331]]}, "properties": {"osmid": "661879064", "oneway": "False", "lanes": "2", "ref": "D067", "name": "General Eugenio A. Garay", "highway": "primary", "length": 14.596, "maxspeed": "40", "bridge": NaN, "access": "yes", "tunnel": NaN, "junction": NaN, "width": NaN, "service": NaN, "roughness": 7.0}}, {"type": "Feature", "geometry": {"type": "LineString", "coordinates": [[-57.5097681, -25.3291331], [-57.5097899, -25.3292686]]}, "properties": {"osmid": "446855128", "oneway": "False", "lanes": "2", "ref": "D067", "name": "General Eugenio Alejandrino Garay", "highway": "primary", "length": 15.225, "maxspeed": "50", "bridge": NaN, "access": "yes", "tunnel": NaN, "junction": NaN, "width": NaN, "service": NaN, "roughness": 7.0}}, {"type": "Feature", "geometry": {"type": "LineString", "coordinates": [[-57.5097899, -25.3292686], [-57.5099521, -25.3301855]]}, "properties": {"osmid": "446855128", "oneway": "False", "lanes": "2", "ref": "D067", "name": "General Eugenio Alejandrino Garay", "highway": "primary", "length": 103.25, "maxspeed": "50", "bridge": NaN, "access": "yes", "tunnel": NaN, "junction": NaN, "width": NaN, "service": NaN, "roughness": 7.0}}, {"type": "Feature", "geometry": {"type": "LineString", "coordinates": [[-57.5099521, -25.3301855], [-57.5100597, -25.330794]]}, "properties": {"osmid": "446855128", "oneway": "False", "lanes": "2", "ref": "D067", "name": "General Eugenio Alejandrino Garay", "highway": "primary", "length": 68.521, "maxspeed": "50", "bridge": NaN, "access": "yes", "tunnel": NaN, "junction": NaN, "width": NaN, "service": NaN, "roughness": 7.0}}, {"type": "Feature", "geometry": {"type": "LineString", "coordinates": [[-57.5100597, -25.330794], [-57.5102, -25.3317113]]}, "properties": {"osmid": "446855128", "oneway": "False", "lanes": "2", "ref": "D067", "name": "General Eugenio Alejandrino Garay", "highway": "primary", "length": 102.969, "maxspeed": "50", "bridge": NaN, "access": "yes", "tunnel": NaN, "junction": NaN, "width": NaN, "service": NaN, "roughness": 7.0}}, {"type": "Feature", "geometry": {"type": "LineString", "coordinates": [[-57.5102, -25.3317113], [-57.5102237, -25.3318512]]}, "properties": {"osmid": "446855128", "oneway": "False", "lanes": "2", "ref": "D067", "name": "General Eugenio Alejandrino Garay", "highway": "primary", "length": 15.737, "maxspeed": "50", "bridge": NaN, "access": "yes", "tunnel": NaN, "junction": NaN, "width": NaN, "service": NaN, "roughness": 7.0}}, {"type": "Feature", "geometry": {"type": "LineString", "coordinates": [[-57.5102237, -25.3318512], [-57.5104047, -25.3329205]]}, "properties": {"osmid": "446855128", "oneway": "False", "lanes": "2", "ref": "D067", "name": "General Eugenio Alejandrino Garay", "highway": "primary", "length": 120.284, "maxspeed": "50", "bridge": NaN, "access": "yes", "tunnel": NaN, "junction": NaN, "width": NaN, "service": NaN, "roughness": 7.0}}, {"type": "Feature", "geometry": {"type": "LineString", "coordinates": [[-57.5104047, -25.3329205], [-57.5104345, -25.3330905]]}, "properties": {"osmid": "446855128", "oneway": "False", "lanes": "2", "ref": "D067", "name": "General Eugenio Alejandrino Garay", "highway": "primary", "length": 19.139, "maxspeed": "50", "bridge": NaN, "access": "yes", "tunnel": NaN, "junction": NaN, "width": NaN, "service": NaN, "roughness": 7.0}}, {"type": "Feature", "geometry": {"type": "LineString", "coordinates": [[-57.5104345, -25.3330905], [-57.5104474, -25.333167]]}, "properties": {"osmid": "446855128", "oneway": "False", "lanes": "2", "ref": "D067", "name": "General Eugenio Alejandrino Garay", "highway": "primary", "length": 8.605, "maxspeed": "50", "bridge": NaN, "access": "yes", "tunnel": NaN, "junction": NaN, "width": NaN, "service": NaN, "roughness": 7.0}}, {"type": "Feature", "geometry": {"type": "LineString", "coordinates": [[-57.5104474, -25.333167], [-57.5106078, -25.334118]]}, "properties": {"osmid": "446855128", "oneway": "False", "lanes": "2", "ref": "D067", "name": "General Eugenio Alejandrino Garay", "highway": "primary", "length": 106.968, "maxspeed": "50", "bridge": NaN, "access": "yes", "tunnel": NaN, "junction": NaN, "width": NaN, "service": NaN, "roughness": 7.0}}, {"type": "Feature", "geometry": {"type": "LineString", "coordinates": [[-57.5106078, -25.334118], [-57.5106188, -25.3342746]]}, "properties": {"osmid": "446855128", "oneway": "False", "lanes": "2", "ref": "D067", "name": "General Eugenio Alejandrino Garay", "highway": "primary", "length": 17.448, "maxspeed": "50", "bridge": NaN, "access": "yes", "tunnel": NaN, "junction": NaN, "width": NaN, "service": NaN, "roughness": 7.0}}, {"type": "Feature", "geometry": {"type": "LineString", "coordinates": [[-57.5106188, -25.3342746], [-57.5106314, -25.3344551]]}, "properties": {"osmid": "446855128", "oneway": "False", "lanes": "2", "ref": "D067", "name": "General Eugenio Alejandrino Garay", "highway": "primary", "length": 20.111, "maxspeed": "50", "bridge": NaN, "access": "yes", "tunnel": NaN, "junction": NaN, "width": NaN, "service": NaN, "roughness": 7.0}}, {"type": "Feature", "geometry": {"type": "LineString", "coordinates": [[-57.5106314, -25.3344551], [-57.5106246, -25.3346482]]}, "properties": {"osmid": "446855128", "oneway": "False", "lanes": "2", "ref": "D067", "name": "General Eugenio Alejandrino Garay", "highway": "primary", "length": 21.483, "maxspeed": "50", "bridge": NaN, "access": "yes", "tunnel": NaN, "junction": NaN, "width": NaN, "service": NaN, "roughness": 7.0}}, {"type": "Feature", "geometry": {"type": "LineString", "coordinates": [[-57.5106246, -25.3346482], [-57.510596, -25.3348721]]}, "properties": {"osmid": "446855128", "oneway": "False", "lanes": "2", "ref": "D067", "name": "General Eugenio Alejandrino Garay", "highway": "primary", "length": 25.062, "maxspeed": "50", "bridge": NaN, "access": "yes", "tunnel": NaN, "junction": NaN, "width": NaN, "service": NaN, "roughness": 7.0}}, {"type": "Feature", "geometry": {"type": "LineString", "coordinates": [[-57.510596, -25.3348721], [-57.5104593, -25.3356594]]}, "properties": {"osmid": "446855128", "oneway": "False", "lanes": "2", "ref": "D067", "name": "General Eugenio Alejandrino Garay", "highway": "primary", "length": 88.615, "maxspeed": "50", "bridge": NaN, "access": "yes", "tunnel": NaN, "junction": NaN, "width": NaN, "service": NaN, "roughness": 7.0}}, {"type": "Feature", "geometry": {"type": "LineString", "coordinates": [[-57.5104593, -25.3356594], [-57.5103802, -25.3360982]]}, "properties": {"osmid": "446855128", "oneway": "False", "lanes": "2", "ref": "D067", "name": "General Eugenio Alejandrino Garay", "highway": "primary", "length": 49.436, "maxspeed": "50", "bridge": NaN, "access": "yes", "tunnel": NaN, "junction": NaN, "width": NaN, "service": NaN, "roughness": 7.0}}, {"type": "Feature", "geometry": {"type": "LineString", "coordinates": [[-57.5103802, -25.3360982], [-57.5102797, -25.3365376]]}, "properties": {"osmid": "446855128", "oneway": "False", "lanes": "2", "ref": "D067", "name": "General Eugenio Alejandrino Garay", "highway": "primary", "length": 49.892, "maxspeed": "50", "bridge": NaN, "access": "yes", "tunnel": NaN, "junction": NaN, "width": NaN, "service": NaN, "roughness": 7.0}}, {"type": "Feature", "geometry": {"type": "LineString", "coordinates": [[-57.5102797, -25.3365376], [-57.5102719, -25.3366681]]}, "properties": {"osmid": "30033180", "oneway": "True", "lanes": "1", "ref": "D067", "name": "General Eugenio A. Garay", "highway": "primary", "length": 14.532, "maxspeed": "40", "bridge": NaN, "access": NaN, "tunnel": NaN, "junction": NaN, "width": NaN, "service": NaN, "roughness": 7.0}}, {"type": "Feature", "geometry": {"type": "LineString", "coordinates": [[-57.5102719, -25.3366681], [-57.5102719, -25.3367161]]}, "properties": {"osmid": "30033180", "oneway": "True", "lanes": "1", "ref": "D067", "name": "General Eugenio A. Garay", "highway": "primary", "length": 5.337, "maxspeed": "40", "bridge": NaN, "access": NaN, "tunnel": NaN, "junction": NaN, "width": NaN, "service": NaN, "roughness": 7.0}}, {"type": "Feature", "geometry": {"type": "LineString", "coordinates": [[-57.5102719, -25.3367161], [-57.5102965, -25.3368655]]}, "properties": {"osmid": "30033180", "oneway": "True", "lanes": "1", "ref": "D067", "name": "General Eugenio A. Garay", "highway": "primary", "length": 16.795, "maxspeed": "40", "bridge": NaN, "access": NaN, "tunnel": NaN, "junction": NaN, "width": NaN, "service": NaN, "roughness": 7.0}}, {"type": "Feature", "geometry": {"type": "LineString", "coordinates": [[-57.5102965, -25.3368655], [-57.5103123, -25.3369617]]}, "properties": {"osmid": "30033180", "oneway": "True", "lanes": "1", "ref": "D067", "name": "General Eugenio A. Garay", "highway": "primary", "length": 10.814, "maxspeed": "40", "bridge": NaN, "access": NaN, "tunnel": NaN, "junction": NaN, "width": NaN, "service": NaN, "roughness": 7.0}}, {"type": "Feature", "geometry": {"type": "LineString", "coordinates": [[-57.5103123, -25.3369617], [-57.5103299, -25.3370714]]}, "properties": {"osmid": "30033180", "oneway": "True", "lanes": "1", "ref": "D067", "name": "General Eugenio A. Garay", "highway": "primary", "length": 12.326, "maxspeed": "40", "bridge": NaN, "access": NaN, "tunnel": NaN, "junction": NaN, "width": NaN, "service": NaN, "roughness": 7.0}}, {"type": "Feature", "geometry": {"type": "LineString", "coordinates": [[-57.5103299, -25.3370714], [-57.5103576, -25.3372358]]}, "properties": {"osmid": "30033180", "oneway": "True", "lanes": "1", "ref": "D067", "name": "General Eugenio A. Garay", "highway": "primary", "length": 18.491, "maxspeed": "40", "bridge": NaN, "access": NaN, "tunnel": NaN, "junction": NaN, "width": NaN, "service": NaN, "roughness": 7.0}}, {"type": "Feature", "geometry": {"type": "LineString", "coordinates": [[-57.5103576, -25.3372358], [-57.5103647, -25.3373413]]}, "properties": {"osmid": "30033180", "oneway": "True", "lanes": "1", "ref": "D067", "name": "General Eugenio A. Garay", "highway": "primary", "length": 11.753, "maxspeed": "40", "bridge": NaN, "access": NaN, "tunnel": NaN, "junction": NaN, "width": NaN, "service": NaN, "roughness": 7.0}}, {"type": "Feature", "geometry": {"type": "LineString", "coordinates": [[-57.5103647, -25.3373413], [-57.5103609, -25.3373932]]}, "properties": {"osmid": "30033180", "oneway": "True", "lanes": "1", "ref": "D067", "name": "General Eugenio A. Garay", "highway": "primary", "length": 5.784, "maxspeed": "40", "bridge": NaN, "access": NaN, "tunnel": NaN, "junction": NaN, "width": NaN, "service": NaN, "roughness": 7.0}}, {"type": "Feature", "geometry": {"type": "LineString", "coordinates": [[-57.5103609, -25.3373932], [-57.5103483, -25.3374428]]}, "properties": {"osmid": "30033180", "oneway": "True", "lanes": "1", "ref": "D067", "name": "General Eugenio A. Garay", "highway": "primary", "length": 5.659, "maxspeed": "40", "bridge": NaN, "access": NaN, "tunnel": NaN, "junction": NaN, "width": NaN, "service": NaN, "roughness": 7.0}}, {"type": "Feature", "geometry": {"type": "LineString", "coordinates": [[-57.5103483, -25.3374428], [-57.5103002, -25.3375927]]}, "properties": {"osmid": "30033180", "oneway": "True", "lanes": "1", "ref": "D067", "name": "General Eugenio A. Garay", "highway": "primary", "length": 17.355, "maxspeed": "40", "bridge": NaN, "access": NaN, "tunnel": NaN, "junction": NaN, "width": NaN, "service": NaN, "roughness": 7.0}}, {"type": "Feature", "geometry": {"type": "LineString", "coordinates": [[-57.5103002, -25.3375927], [-57.5101463, -25.3378191]]}, "properties": {"osmid": "802057656", "oneway": "True", "lanes": "2", "ref": "D027;D067", "name": "Avenida Mariscal L\u00f3pez", "highway": "primary", "length": 29.546, "maxspeed": "60", "bridge": NaN, "access": NaN, "tunnel": NaN, "junction": NaN, "width": NaN, "service": NaN, "roughness": 7.0}}, {"type": "Feature", "geometry": {"type": "LineString", "coordinates": [[-57.5101463, -25.3378191], [-57.5100075, -25.3380376]]}, "properties": {"osmid": "802057656", "oneway": "True", "lanes": "2", "ref": "D027;D067", "name": "Avenida Mariscal L\u00f3pez", "highway": "primary", "length": 28.016, "maxspeed": "60", "bridge": NaN, "access": NaN, "tunnel": NaN, "junction": NaN, "width": NaN, "service": NaN, "roughness": 7.0}}, {"type": "Feature", "geometry": {"type": "LineString", "coordinates": [[-57.5100075, -25.3380376], [-57.5099133, -25.3382109]]}, "properties": {"osmid": "802057656", "oneway": "True", "lanes": "2", "ref": "D027;D067", "name": "Avenida Mariscal L\u00f3pez", "highway": "primary", "length": 21.47, "maxspeed": "60", "bridge": NaN, "access": NaN, "tunnel": NaN, "junction": NaN, "width": NaN, "service": NaN, "roughness": 7.0}}, {"type": "Feature", "geometry": {"type": "LineString", "coordinates": [[-57.5099133, -25.3382109], [-57.509791, -25.3384293]]}, "properties": {"osmid": "466952696", "oneway": "True", "lanes": "2", "ref": "D027;D067", "name": "Avenida Mariscal L\u00f3pez", "highway": "primary", "length": 27.218, "maxspeed": NaN, "bridge": "yes", "access": NaN, "tunnel": NaN, "junction": NaN, "width": NaN, "service": NaN, "roughness": 7.0}}, {"type": "Feature", "geometry": {"type": "LineString", "coordinates": [[-57.509791, -25.3384293], [-57.509608, -25.3387784]]}, "properties": {"osmid": "466952697", "oneway": "True", "lanes": "2", "ref": "D027;D067", "name": "Avenida Mariscal L\u00f3pez", "highway": "primary", "length": 42.954, "maxspeed": NaN, "bridge": NaN, "access": NaN, "tunnel": NaN, "junction": NaN, "width": NaN, "service": NaN, "roughness": 7.0}}, {"type": "Feature", "geometry": {"type": "LineString", "coordinates": [[-57.509608, -25.3387784], [-57.5089368, -25.339942]]}, "properties": {"osmid": "48162002", "oneway": "True", "lanes": "2", "ref": "D027;D067", "name": "Doctor Gaspar Rodr\u00edguez de Francia", "highway": "primary", "length": 145.914, "maxspeed": NaN, "bridge": NaN, "access": NaN, "tunnel": NaN, "junction": NaN, "width": NaN, "service": NaN, "roughness": 7.0}}]}