{"type": "FeatureCollection", "features": [{"type": "Feature", "geometry": {"type": "LineString", "coordinates": [[-57.537691, -25.396951], [-57.5393146, -25.3962473]]}, "properties": {"osmid": "822949801", "oneway": "False", "lanes": "2", "ref": "D067", "name": "Bernardino Caballero", "highway": "primary", "length": 180.889, "maxspeed": "40", "bridge": NaN, "access": NaN, "tunnel": NaN, "junction": NaN, "width": NaN, "service": NaN, "roughness": 4.333333333333333}}, {"type": "Feature", "geometry": {"type": "LineString", "coordinates": [[-57.5393146, -25.3962473], [-57.5396239, -25.3961173]]}, "properties": {"osmid": "822949801", "oneway": "False", "lanes": "2", "ref": "D067", "name": "Bernardino Caballero", "highway": "primary", "length": 34.267, "maxspeed": "40", "bridge": NaN, "access": NaN, "tunnel": NaN, "junction": NaN, "width": NaN, "service": NaN, "roughness": 4.333333333333333}}, {"type": "Feature", "geometry": {"type": "LineString", "coordinates": [[-57.5396239, -25.3961173], [-57.5399765, -25.3959794]]}, "properties": {"osmid": "48161984", "oneway": "False", "lanes": "2", "ref": "D067", "name": "Bernardino Caballero", "highway": "primary", "length": 38.595, "maxspeed": "40", "bridge": NaN, "access": NaN, "tunnel": NaN, "junction": NaN, "width": NaN, "service": NaN, "roughness": 4.333333333333333}}, {"type": "Feature", "geometry": {"type": "LineString", "coordinates": [[-57.5399765, -25.3959794], [-57.5413712, -25.3954384]]}, "properties": {"osmid": "48161984", "oneway": "False", "lanes": "2", "ref": "D067", "name": "Bernardino Caballero", "highway": "primary", "length": 152.467, "maxspeed": "40", "bridge": NaN, "access": NaN, "tunnel": NaN, "junction": NaN, "width": NaN, "service": NaN, "roughness": 4.333333333333333}}, {"type": "Feature", "geometry": {"type": "LineString", "coordinates": [[-57.5413712, -25.3954384], [-57.5417763, -25.3952857]]}, "properties": {"osmid": "48161984", "oneway": "False", "lanes": "2", "ref": "D067", "name": "Bernardino Caballero", "highway": "primary", "length": 44.093, "maxspeed": "40", "bridge": NaN, "access": NaN, "tunnel": NaN, "junction": NaN, "width": NaN, "service": NaN, "roughness": 4.333333333333333}}, {"type": "Feature", "geometry": {"type": "LineString", "coordinates": [[-57.5417763, -25.3952857], [-57.5419185, -25.396294]]}, "properties": {"osmid": "279528201", "oneway": "False", "lanes": "2", "ref": NaN, "name": "Primer Presidente", "highway": "tertiary", "length": 113.024, "maxspeed": NaN, "bridge": NaN, "access": NaN, "tunnel": NaN, "junction": NaN, "width": NaN, "service": NaN, "roughness": 4.333333333333333}}, {"type": "Feature", "geometry": {"type": "LineString", "coordinates": [[-57.5419185, -25.396294], [-57.5419334, -25.3963995]]}, "properties": {"osmid": "279528201", "oneway": "False", "lanes": "2", "ref": NaN, "name": "Primer Presidente", "highway": "tertiary", "length": 11.826, "maxspeed": NaN, "bridge": NaN, "access": NaN, "tunnel": NaN, "junction": NaN, "width": NaN, "service": NaN, "roughness": 4.333333333333333}}, {"type": "Feature", "geometry": {"type": "LineString", "coordinates": [[-57.5419334, -25.3963995], [-57.5420635, -25.397322]]}, "properties": {"osmid": "279528201", "oneway": "False", "lanes": "2", "ref": NaN, "name": "Primer Presidente", "highway": "tertiary", "length": 103.407, "maxspeed": NaN, "bridge": NaN, "access": NaN, "tunnel": NaN, "junction": NaN, "width": NaN, "service": NaN, "roughness": 4.333333333333333}}, {"type": "Feature", "geometry": {"type": "LineString", "coordinates": [[-57.5420635, -25.397322], [-57.5421596, -25.398003]]}, "properties": {"osmid": "279528201", "oneway": "False", "lanes": "2", "ref": NaN, "name": "Primer Presidente", "highway": "tertiary", "length": 76.337, "maxspeed": NaN, "bridge": NaN, "access": NaN, "tunnel": NaN, "junction": NaN, "width": NaN, "service": NaN, "roughness": 4.333333333333333}}, {"type": "Feature", "geometry": {"type": "LineString", "coordinates": [[-57.5421596, -25.398003], [-57.5422189, -25.398349]]}, "properties": {"osmid": "279528201", "oneway": "False", "lanes": "2", "ref": NaN, "name": "Primer Presidente", "highway": "tertiary", "length": 38.932, "maxspeed": NaN, "bridge": NaN, "access": NaN, "tunnel": NaN, "junction": NaN, "width": NaN, "service": NaN, "roughness": 4.333333333333333}}, {"type": "Feature", "geometry": {"type": "LineString", "coordinates": [[-57.5422189, -25.398349], [-57.5422776, -25.3986912]]}, "properties": {"osmid": "279528201", "oneway": "False", "lanes": "2", "ref": NaN, "name": "Primer Presidente", "highway": "tertiary", "length": 38.505, "maxspeed": NaN, "bridge": NaN, "access": NaN, "tunnel": NaN, "junction": NaN, "width": NaN, "service": NaN, "roughness": 4.333333333333333}}, {"type": "Feature", "geometry": {"type": "LineString", "coordinates": [[-57.5422776, -25.3986912], [-57.5423849, -25.3993696]]}, "properties": {"osmid": "279528201", "oneway": "False", "lanes": "2", "ref": NaN, "name": "Primer Presidente", "highway": "tertiary", "length": 76.201, "maxspeed": NaN, "bridge": NaN, "access": NaN, "tunnel": NaN, "junction": NaN, "width": NaN, "service": NaN, "roughness": 4.333333333333333}}, {"type": "Feature", "geometry": {"type": "LineString", "coordinates": [[-57.5423849, -25.3993696], [-57.5424605, -25.3997979]]}, "properties": {"osmid": "279528201", "oneway": "False", "lanes": "2", "ref": NaN, "name": "Primer Presidente", "highway": "tertiary", "length": 48.226, "maxspeed": NaN, "bridge": NaN, "access": NaN, "tunnel": NaN, "junction": NaN, "width": NaN, "service": NaN, "roughness": 4.333333333333333}}, {"type": "Feature", "geometry": {"type": "LineString", "coordinates": [[-57.5424605, -25.3997979], [-57.5425029, -25.4000383]]}, "properties": {"osmid": "279528201", "oneway": "False", "lanes": "2", "ref": NaN, "name": "Primer Presidente", "highway": "tertiary", "length": 27.068, "maxspeed": NaN, "bridge": NaN, "access": NaN, "tunnel": NaN, "junction": NaN, "width": NaN, "service": NaN, "roughness": 4.333333333333333}}, {"type": "Feature", "geometry": {"type": "LineString", "coordinates": [[-57.5425029, -25.4000383], [-57.5425671, -25.4004126]]}, "properties": {"osmid": "279528201", "oneway": "False", "lanes": "2", "ref": NaN, "name": "Primer Presidente", "highway": "tertiary", "length": 42.117, "maxspeed": NaN, "bridge": NaN, "access": NaN, "tunnel": NaN, "junction": NaN, "width": NaN, "service": NaN, "roughness": 4.333333333333333}}, {"type": "Feature", "geometry": {"type": "LineString", "coordinates": [[-57.5425671, -25.4004126], [-57.5426209, -25.4007264]]}, "properties": {"osmid": "279528201", "oneway": "False", "lanes": "2", "ref": NaN, "name": "Primer Presidente", "highway": "tertiary", "length": 35.309, "maxspeed": NaN, "bridge": NaN, "access": NaN, "tunnel": NaN, "junction": NaN, "width": NaN, "service": NaN, "roughness": 4.333333333333333}}, {"type": "Feature", "geometry": {"type": "LineString", "coordinates": [[-57.5426209, -25.4007264], [-57.5427878, -25.4019535]]}, "properties": {"osmid": "279528201", "oneway": "False", "lanes": "2", "ref": NaN, "name": "Primer Presidente", "highway": "tertiary", "length": 137.473, "maxspeed": NaN, "bridge": NaN, "access": NaN, "tunnel": NaN, "junction": NaN, "width": NaN, "service": NaN, "roughness": 4.333333333333333}}, {"type": "Feature", "geometry": {"type": "LineString", "coordinates": [[-57.5427878, -25.4019535], [-57.543207, -25.4020811]]}, "properties": {"osmid": "467232856", "oneway": "False", "lanes": NaN, "ref": NaN, "name": NaN, "highway": "tertiary", "length": 44.433, "maxspeed": NaN, "bridge": NaN, "access": NaN, "tunnel": NaN, "junction": NaN, "width": NaN, "service": NaN, "roughness": 4.333333333333333}}, {"type": "Feature", "geometry": {"type": "LineString", "coordinates": [[-57.543207, -25.4020811], [-57.5432614, -25.4020977]]}, "properties": {"osmid": "467232856", "oneway": "False", "lanes": NaN, "ref": NaN, "name": NaN, "highway": "tertiary", "length": 5.768, "maxspeed": NaN, "bridge": NaN, "access": NaN, "tunnel": NaN, "junction": NaN, "width": NaN, "service": NaN, "roughness": 4.333333333333333}}, {"type": "Feature", "geometry": {"type": "LineString", "coordinates": [[-57.5432614, -25.4020977], [-57.5431888, -25.4023872]]}, "properties": {"osmid": "649652238", "oneway": "True", "lanes": "2", "ref": "PY01", "name": "Acceso Sur", "highway": "trunk", "length": 33.007, "maxspeed": "60", "bridge": NaN, "access": NaN, "tunnel": NaN, "junction": NaN, "width": NaN, "service": NaN, "roughness": 4.333333333333333}}, {"type": "Feature", "geometry": {"type": "LineString", "coordinates": [[-57.5431888, -25.4023872], [-57.5430729, -25.4028562]]}, "properties": {"osmid": "649652238", "oneway": "True", "lanes": "2", "ref": "PY01", "name": "Acceso Sur", "highway": "trunk", "length": 53.434, "maxspeed": "60", "bridge": NaN, "access": NaN, "tunnel": NaN, "junction": NaN, "width": NaN, "service": NaN, "roughness": 4.333333333333333}}, {"type": "Feature", "geometry": {"type": "LineString", "coordinates": [[-57.5430729, -25.4028562], [-57.5430191, -25.4030737]]}, "properties": {"osmid": "649652238", "oneway": "True", "lanes": "2", "ref": "PY01", "name": "Acceso Sur", "highway": "trunk", "length": 24.781, "maxspeed": "60", "bridge": NaN, "access": NaN, "tunnel": NaN, "junction": NaN, "width": NaN, "service": NaN, "roughness": 4.333333333333333}}, {"type": "Feature", "geometry": {"type": "LineString", "coordinates": [[-57.5430191, -25.4030737], [-57.5427349, -25.4042238]]}, "properties": {"osmid": "649652238", "oneway": "True", "lanes": "2", "ref": "PY01", "name": "Acceso Sur", "highway": "trunk", "length": 131.033, "maxspeed": "60", "bridge": NaN, "access": NaN, "tunnel": NaN, "junction": NaN, "width": NaN, "service": NaN, "roughness": 4.333333333333333}}, {"type": "Feature", "geometry": {"type": "LineString", "coordinates": [[-57.5427349, -25.4042238], [-57.5426619, -25.4045192]]}, "properties": {"osmid": "649652238", "oneway": "True", "lanes": "2", "ref": "PY01", "name": "Acceso Sur", "highway": "trunk", "length": 33.655, "maxspeed": "60", "bridge": NaN, "access": NaN, "tunnel": NaN, "junction": NaN, "width": NaN, "service": NaN, "roughness": 4.333333333333333}}, {"type": "Feature", "geometry": {"type": "LineString", "coordinates": [[-57.5426619, -25.4045192], [-57.5426268, -25.4046548]]}, "properties": {"osmid": "649652238", "oneway": "True", "lanes": "2", "ref": "PY01", "name": "Acceso Sur", "highway": "trunk", "length": 15.485, "maxspeed": "60", "bridge": NaN, "access": NaN, "tunnel": NaN, "junction": NaN, "width": NaN, "service": NaN, "roughness": 4.333333333333333}}, {"type": "Feature", "geometry": {"type": "LineString", "coordinates": [[-57.5426268, -25.4046548], [-57.5425845, -25.4048183]]}, "properties": {"osmid": "649652238", "oneway": "True", "lanes": "2", "ref": "PY01", "name": "Acceso Sur", "highway": "trunk", "length": 18.67, "maxspeed": "60", "bridge": NaN, "access": NaN, "tunnel": NaN, "junction": NaN, "width": NaN, "service": NaN, "roughness": 4.333333333333333}}, {"type": "Feature", "geometry": {"type": "LineString", "coordinates": [[-57.5425845, -25.4048183], [-57.5426122, -25.4048246]]}, "properties": {"osmid": "443656958", "oneway": "False", "lanes": "2", "ref": NaN, "name": "Avenida Cadete de Boquer\u00f3n", "highway": "trunk_link", "length": 2.869, "maxspeed": NaN, "bridge": NaN, "access": NaN, "tunnel": NaN, "junction": NaN, "width": NaN, "service": NaN, "roughness": 4.333333333333333}}, {"type": "Feature", "geometry": {"type": "LineString", "coordinates": [[-57.5426122, -25.4048246], [-57.542681, -25.4048401]]}, "properties": {"osmid": "712527309", "oneway": "False", "lanes": "2", "ref": NaN, "name": "Avenida Cadete de Boquer\u00f3n", "highway": "trunk_link", "length": 7.122, "maxspeed": NaN, "bridge": NaN, "access": NaN, "tunnel": NaN, "junction": NaN, "width": NaN, "service": NaN, "roughness": 4.333333333333333}}, {"type": "Feature", "geometry": {"type": "LineString", "coordinates": [[-57.542681, -25.4048401], [-57.5427639, -25.4049016]]}, "properties": {"osmid": "649652242", "oneway": "False", "lanes": "2", "ref": NaN, "name": "Avenida Cadete de Boquer\u00f3n", "highway": "secondary", "length": 10.775, "maxspeed": NaN, "bridge": NaN, "access": NaN, "tunnel": NaN, "junction": NaN, "width": NaN, "service": NaN, "roughness": 4.333333333333333}}, {"type": "Feature", "geometry": {"type": "LineString", "coordinates": [[-57.5427639, -25.4049016], [-57.54284, -25.404934]]}, "properties": {"osmid": "467268920", "oneway": "True", "lanes": "2", "ref": NaN, "name": "Avenida Cadete de Boquer\u00f3n", "highway": "secondary", "length": 8.45, "maxspeed": NaN, "bridge": NaN, "access": NaN, "tunnel": NaN, "junction": NaN, "width": NaN, "service": NaN, "roughness": 4.333333333333333}}, {"type": "Feature", "geometry": {"type": "LineString", "coordinates": [[-57.54284, -25.404934], [-57.5432156, -25.4053499]]}, "properties": {"osmid": "467268920", "oneway": "True", "lanes": "2", "ref": NaN, "name": "Avenida Cadete de Boquer\u00f3n", "highway": "secondary", "length": 59.682, "maxspeed": NaN, "bridge": NaN, "access": NaN, "tunnel": NaN, "junction": NaN, "width": NaN, "service": NaN, "roughness": 4.333333333333333}}, {"type": "Feature", "geometry": {"type": "LineString", "coordinates": [[-57.5432156, -25.4053499], [-57.5432577, -25.4054374]]}, "properties": {"osmid": "467268920", "oneway": "True", "lanes": "2", "ref": NaN, "name": "Avenida Cadete de Boquer\u00f3n", "highway": "secondary", "length": 10.609, "maxspeed": NaN, "bridge": NaN, "access": NaN, "tunnel": NaN, "junction": NaN, "width": NaN, "service": NaN, "roughness": 4.333333333333333}}, {"type": "Feature", "geometry": {"type": "LineString", "coordinates": [[-57.5432577, -25.4054374], [-57.5432984, -25.4054793]]}, "properties": {"osmid": "467268919", "oneway": "False", "lanes": "2", "ref": NaN, "name": "Avenida Cadete de Boquer\u00f3n", "highway": "secondary", "length": 6.198, "maxspeed": NaN, "bridge": NaN, "access": NaN, "tunnel": NaN, "junction": NaN, "width": NaN, "service": NaN, "roughness": 4.333333333333333}}, {"type": "Feature", "geometry": {"type": "LineString", "coordinates": [[-57.5432984, -25.4054793], [-57.5444651, -25.4067493]]}, "properties": {"osmid": "467268919", "oneway": "False", "lanes": "2", "ref": NaN, "name": "Avenida Cadete de Boquer\u00f3n", "highway": "secondary", "length": 183.507, "maxspeed": NaN, "bridge": NaN, "access": NaN, "tunnel": NaN, "junction": NaN, "width": NaN, "service": NaN, "roughness": 4.333333333333333}}, {"type": "Feature", "geometry": {"type": "LineString", "coordinates": [[-57.5444651, -25.4067493], [-57.5448303, -25.4071469]]}, "properties": {"osmid": "467268919", "oneway": "False", "lanes": "2", "ref": NaN, "name": "Avenida Cadete de Boquer\u00f3n", "highway": "secondary", "length": 57.447, "maxspeed": NaN, "bridge": NaN, "access": NaN, "tunnel": NaN, "junction": NaN, "width": NaN, "service": NaN, "roughness": 4.333333333333333}}, {"type": "Feature", "geometry": {"type": "LineString", "coordinates": [[-57.5448303, -25.4071469], [-57.5453986, -25.4078159]]}, "properties": {"osmid": "467268919", "oneway": "False", "lanes": "2", "ref": NaN, "name": "Avenida Cadete de Boquer\u00f3n", "highway": "secondary", "length": 93.765, "maxspeed": NaN, "bridge": NaN, "access": NaN, "tunnel": NaN, "junction": NaN, "width": NaN, "service": NaN, "roughness": 4.333333333333333}}, {"type": "Feature", "geometry": {"type": "LineString", "coordinates": [[-57.5453986, -25.4078159], [-57.5458667, -25.408367]]}, "properties": {"osmid": "467268919", "oneway": "False", "lanes": "2", "ref": NaN, "name": "Avenida Cadete de Boquer\u00f3n", "highway": "secondary", "length": 77.238, "maxspeed": NaN, "bridge": NaN, "access": NaN, "tunnel": NaN, "junction": NaN, "width": NaN, "service": NaN, "roughness": 4.333333333333333}}, {"type": "Feature", "geometry": {"type": "LineString", "coordinates": [[-57.5458667, -25.408367], [-57.5461829, -25.4087456]]}, "properties": {"osmid": "467268919", "oneway": "False", "lanes": "2", "ref": NaN, "name": "Avenida Cadete de Boquer\u00f3n", "highway": "secondary", "length": 52.734, "maxspeed": NaN, "bridge": NaN, "access": NaN, "tunnel": NaN, "junction": NaN, "width": NaN, "service": NaN, "roughness": 4.333333333333333}}, {"type": "Feature", "geometry": {"type": "LineString", "coordinates": [[-57.5461829, -25.4087456], [-57.546553, -25.409172]]}, "properties": {"osmid": "467268919", "oneway": "False", "lanes": "2", "ref": NaN, "name": "Avenida Cadete de Boquer\u00f3n", "highway": "secondary", "length": 60.248, "maxspeed": NaN, "bridge": NaN, "access": NaN, "tunnel": NaN, "junction": NaN, "width": NaN, "service": NaN, "roughness": 4.333333333333333}}, {"type": "Feature", "geometry": {"type": "LineString", "coordinates": [[-57.546553, -25.409172], [-57.5468749, -25.4095887]]}, "properties": {"osmid": "443656955", "oneway": "False", "lanes": NaN, "ref": NaN, "name": "Avenida Cadete de Boquer\u00f3n", "highway": "secondary", "length": 56.5, "maxspeed": NaN, "bridge": NaN, "access": NaN, "tunnel": NaN, "junction": NaN, "width": NaN, "service": NaN, "roughness": 4.333333333333333}}, {"type": "Feature", "geometry": {"type": "LineString", "coordinates": [[-57.5468749, -25.4095887], [-57.5471431, -25.4098697]]}, "properties": {"osmid": "443656957", "oneway": "False", "lanes": NaN, "ref": NaN, "name": "Avenida Cadete de Boquer\u00f3n", "highway": "secondary", "length": 41.254, "maxspeed": NaN, "bridge": NaN, "access": NaN, "tunnel": NaN, "junction": NaN, "width": NaN, "service": NaN, "roughness": 4.333333333333333}}, {"type": "Feature", "geometry": {"type": "LineString", "coordinates": [[-57.5471431, -25.4098697], [-57.5473684, -25.4100974]]}, "properties": {"osmid": "443656957", "oneway": "False", "lanes": NaN, "ref": NaN, "name": "Avenida Cadete de Boquer\u00f3n", "highway": "secondary", "length": 33.958, "maxspeed": NaN, "bridge": NaN, "access": NaN, "tunnel": NaN, "junction": NaN, "width": NaN, "service": NaN, "roughness": 4.333333333333333}}, {"type": "Feature", "geometry": {"type": "LineString", "coordinates": [[-57.5473684, -25.4100974], [-57.5477761, -25.4103591]]}, "properties": {"osmid": "443656956", "oneway": "False", "lanes": NaN, "ref": NaN, "name": "Avenida Cadete de Boquer\u00f3n", "highway": "secondary", "length": 50.235, "maxspeed": NaN, "bridge": NaN, "access": NaN, "tunnel": NaN, "junction": NaN, "width": NaN, "service": NaN, "roughness": 4.333333333333333}}, {"type": "Feature", "geometry": {"type": "LineString", "coordinates": [[-57.5477761, -25.4103591], [-57.548066, -25.4105445]]}, "properties": {"osmid": "66697220", "oneway": "False", "lanes": "2", "ref": NaN, "name": "Avenida Cadete de Boquer\u00f3n", "highway": "secondary", "length": 35.676, "maxspeed": "40", "bridge": NaN, "access": NaN, "tunnel": NaN, "junction": NaN, "width": NaN, "service": NaN, "roughness": 4.333333333333333}}, {"type": "Feature", "geometry": {"type": "LineString", "coordinates": [[-57.548066, -25.4105445], [-57.5488597, -25.411052]]}, "properties": {"osmid": "66697220", "oneway": "False", "lanes": "2", "ref": NaN, "name": "Avenida Cadete de Boquer\u00f3n", "highway": "secondary", "length": 97.67, "maxspeed": "40", "bridge": NaN, "access": NaN, "tunnel": NaN, "junction": NaN, "width": NaN, "service": NaN, "roughness": 4.333333333333333}}, {"type": "Feature", "geometry": {"type": "LineString", "coordinates": [[-57.5488597, -25.411052], [-57.5493184, -25.4113258]]}, "properties": {"osmid": "66697220", "oneway": "False", "lanes": "2", "ref": NaN, "name": "Avenida Cadete de Boquer\u00f3n", "highway": "secondary", "length": 55.221, "maxspeed": "40", "bridge": NaN, "access": NaN, "tunnel": NaN, "junction": NaN, "width": NaN, "service": NaN, "roughness": 4.333333333333333}}, {"type": "Feature", "geometry": {"type": "LineString", "coordinates": [[-57.5493184, -25.4113258], [-57.5494042, -25.4113791]]}, "properties": {"osmid": "66697220", "oneway": "False", "lanes": "2", "ref": NaN, "name": "Avenida Cadete de Boquer\u00f3n", "highway": "secondary", "length": 10.459, "maxspeed": "40", "bridge": NaN, "access": NaN, "tunnel": NaN, "junction": NaN, "width": NaN, "service": NaN, "roughness": 4.333333333333333}}, {"type": "Feature", "geometry": {"type": "LineString", "coordinates": [[-57.5494042, -25.4113791], [-57.5509467, -25.4122934]]}, "properties": {"osmid": "66697220", "oneway": "False", "lanes": "2", "ref": NaN, "name": "Avenida Cadete de Boquer\u00f3n", "highway": "secondary", "length": 185.303, "maxspeed": "40", "bridge": NaN, "access": NaN, "tunnel": NaN, "junction": NaN, "width": NaN, "service": NaN, "roughness": 4.333333333333333}}, {"type": "Feature", "geometry": {"type": "LineString", "coordinates": [[-57.5509467, -25.4122934], [-57.5518253, -25.4128454]]}, "properties": {"osmid": "66697220", "oneway": "False", "lanes": "2", "ref": NaN, "name": "Avenida Cadete de Boquer\u00f3n", "highway": "secondary", "length": 107.491, "maxspeed": "40", "bridge": NaN, "access": NaN, "tunnel": NaN, "junction": NaN, "width": NaN, "service": NaN, "roughness": 4.333333333333333}}, {"type": "Feature", "geometry": {"type": "LineString", "coordinates": [[-57.5518253, -25.4128454], [-57.5524476, -25.4132317]]}, "properties": {"osmid": "66697220", "oneway": "False", "lanes": "2", "ref": NaN, "name": "Avenida Cadete de Boquer\u00f3n", "highway": "secondary", "length": 75.839, "maxspeed": "40", "bridge": NaN, "access": NaN, "tunnel": NaN, "junction": NaN, "width": NaN, "service": NaN, "roughness": 4.333333333333333}}, {"type": "Feature", "geometry": {"type": "LineString", "coordinates": [[-57.5524476, -25.4132317], [-57.5542673, -25.4143718]]}, "properties": {"osmid": "66697220", "oneway": "False", "lanes": "2", "ref": NaN, "name": "Avenida Cadete de Boquer\u00f3n", "highway": "secondary", "length": 222.426, "maxspeed": "40", "bridge": NaN, "access": NaN, "tunnel": NaN, "junction": NaN, "width": NaN, "service": NaN, "roughness": 4.333333333333333}}, {"type": "Feature", "geometry": {"type": "LineString", "coordinates": [[-57.5542673, -25.4143718], [-57.5543836, -25.4144407]]}, "properties": {"osmid": "66697220", "oneway": "False", "lanes": "2", "ref": NaN, "name": "Avenida Cadete de Boquer\u00f3n", "highway": "secondary", "length": 13.969, "maxspeed": "40", "bridge": NaN, "access": NaN, "tunnel": NaN, "junction": NaN, "width": NaN, "service": NaN, "roughness": 4.333333333333333}}, {"type": "Feature", "geometry": {"type": "LineString", "coordinates": [[-57.5543836, -25.4144407], [-57.555324, -25.4150025]]}, "properties": {"osmid": "737707345", "oneway": "False", "lanes": "2", "ref": NaN, "name": "Avenida Cadete de Boquer\u00f3n", "highway": "secondary", "length": 113.238, "maxspeed": "40", "bridge": NaN, "access": NaN, "tunnel": NaN, "junction": NaN, "width": NaN, "service": NaN, "roughness": 4.333333333333333}}, {"type": "Feature", "geometry": {"type": "LineString", "coordinates": [[-57.555324, -25.4150025], [-57.5558325, -25.4153344]]}, "properties": {"osmid": "737707345", "oneway": "False", "lanes": "2", "ref": NaN, "name": "Avenida Cadete de Boquer\u00f3n", "highway": "secondary", "length": 63.01, "maxspeed": "40", "bridge": NaN, "access": NaN, "tunnel": NaN, "junction": NaN, "width": NaN, "service": NaN, "roughness": 4.333333333333333}}, {"type": "Feature", "geometry": {"type": "LineString", "coordinates": [[-57.5558325, -25.4153344], [-57.5563574, -25.4156621]]}, "properties": {"osmid": "737707345", "oneway": "False", "lanes": "2", "ref": NaN, "name": "Avenida Cadete de Boquer\u00f3n", "highway": "secondary", "length": 64.085, "maxspeed": "40", "bridge": NaN, "access": NaN, "tunnel": NaN, "junction": NaN, "width": NaN, "service": NaN, "roughness": 4.333333333333333}}, {"type": "Feature", "geometry": {"type": "LineString", "coordinates": [[-57.5563574, -25.4156621], [-57.5565921, -25.4158275]]}, "properties": {"osmid": "737707345", "oneway": "False", "lanes": "2", "ref": NaN, "name": "Avenida Cadete de Boquer\u00f3n", "highway": "secondary", "length": 29.898, "maxspeed": "40", "bridge": NaN, "access": NaN, "tunnel": NaN, "junction": NaN, "width": NaN, "service": NaN, "roughness": 4.333333333333333}}, {"type": "Feature", "geometry": {"type": "LineString", "coordinates": [[-57.5565921, -25.4158275], [-57.5568244, -25.4159992]]}, "properties": {"osmid": "737707345", "oneway": "False", "lanes": "2", "ref": NaN, "name": "Avenida Cadete de Boquer\u00f3n", "highway": "secondary", "length": 30.147, "maxspeed": "40", "bridge": NaN, "access": NaN, "tunnel": NaN, "junction": NaN, "width": NaN, "service": NaN, "roughness": 4.333333333333333}}, {"type": "Feature", "geometry": {"type": "LineString", "coordinates": [[-57.5568244, -25.4159992], [-57.5573607, -25.416404]]}, "properties": {"osmid": "737707345", "oneway": "False", "lanes": "2", "ref": NaN, "name": "Avenida Cadete de Boquer\u00f3n", "highway": "secondary", "length": 70.194, "maxspeed": "40", "bridge": NaN, "access": NaN, "tunnel": NaN, "junction": NaN, "width": NaN, "service": NaN, "roughness": 4.333333333333333}}, {"type": "Feature", "geometry": {"type": "LineString", "coordinates": [[-57.5573607, -25.416404], [-57.5574479, -25.4164744]]}, "properties": {"osmid": "737707345", "oneway": "False", "lanes": "2", "ref": NaN, "name": "Avenida Cadete de Boquer\u00f3n", "highway": "secondary", "length": 11.746, "maxspeed": "40", "bridge": NaN, "access": NaN, "tunnel": NaN, "junction": NaN, "width": NaN, "service": NaN, "roughness": 4.333333333333333}}, {"type": "Feature", "geometry": {"type": "LineString", "coordinates": [[-57.5574479, -25.4164744], [-57.558207, -25.41709]]}, "properties": {"osmid": "737707345", "oneway": "False", "lanes": "2", "ref": NaN, "name": "Avenida Cadete de Boquer\u00f3n", "highway": "secondary", "length": 102.459, "maxspeed": "40", "bridge": NaN, "access": NaN, "tunnel": NaN, "junction": NaN, "width": NaN, "service": NaN, "roughness": 4.333333333333333}}, {"type": "Feature", "geometry": {"type": "LineString", "coordinates": [[-57.558207, -25.41709], [-57.5586158, -25.4173996]]}, "properties": {"osmid": "737707345", "oneway": "False", "lanes": "2", "ref": NaN, "name": "Avenida Cadete de Boquer\u00f3n", "highway": "secondary", "length": 53.58, "maxspeed": "40", "bridge": NaN, "access": NaN, "tunnel": NaN, "junction": NaN, "width": NaN, "service": NaN, "roughness": 4.333333333333333}}, {"type": "Feature", "geometry": {"type": "LineString", "coordinates": [[-57.5586158, -25.4173996], [-57.558866, -25.4175753]]}, "properties": {"osmid": "737707345", "oneway": "False", "lanes": "2", "ref": NaN, "name": "Avenida Cadete de Boquer\u00f3n", "highway": "secondary", "length": 31.829, "maxspeed": "40", "bridge": NaN, "access": NaN, "tunnel": NaN, "junction": NaN, "width": NaN, "service": NaN, "roughness": 4.333333333333333}}, {"type": "Feature", "geometry": {"type": "LineString", "coordinates": [[-57.558866, -25.4175753], [-57.5590789, -25.4177288]]}, "properties": {"osmid": "737707345", "oneway": "False", "lanes": "2", "ref": NaN, "name": "Avenida Cadete de Boquer\u00f3n", "highway": "secondary", "length": 27.359, "maxspeed": "40", "bridge": NaN, "access": NaN, "tunnel": NaN, "junction": NaN, "width": NaN, "service": NaN, "roughness": 4.333333333333333}}, {"type": "Feature", "geometry": {"type": "LineString", "coordinates": [[-57.5590789, -25.4177288], [-57.5599916, -25.4183682]]}, "properties": {"osmid": "737707345", "oneway": "False", "lanes": "2", "ref": NaN, "name": "Avenida Cadete de Boquer\u00f3n", "highway": "secondary", "length": 116.005, "maxspeed": "40", "bridge": NaN, "access": NaN, "tunnel": NaN, "junction": NaN, "width": NaN, "service": NaN, "roughness": 4.333333333333333}}, {"type": "Feature", "geometry": {"type": "LineString", "coordinates": [[-57.5599916, -25.4183682], [-57.5600619, -25.4184094]]}, "properties": {"osmid": "737707345", "oneway": "False", "lanes": "2", "ref": NaN, "name": "Avenida Cadete de Boquer\u00f3n", "highway": "secondary", "length": 8.416, "maxspeed": "40", "bridge": NaN, "access": NaN, "tunnel": NaN, "junction": NaN, "width": NaN, "service": NaN, "roughness": 4.333333333333333}}, {"type": "Feature", "geometry": {"type": "LineString", "coordinates": [[-57.5600619, -25.4184094], [-57.5605917, -25.4187124]]}, "properties": {"osmid": "737707345", "oneway": "False", "lanes": "2", "ref": NaN, "name": "Avenida Cadete de Boquer\u00f3n", "highway": "secondary", "length": 62.978, "maxspeed": "40", "bridge": NaN, "access": NaN, "tunnel": NaN, "junction": NaN, "width": NaN, "service": NaN, "roughness": 4.333333333333333}}, {"type": "Feature", "geometry": {"type": "LineString", "coordinates": [[-57.5605917, -25.4187124], [-57.560936, -25.4188796]]}, "properties": {"osmid": "737707345", "oneway": "False", "lanes": "2", "ref": NaN, "name": "Avenida Cadete de Boquer\u00f3n", "highway": "secondary", "length": 39.26, "maxspeed": "40", "bridge": NaN, "access": NaN, "tunnel": NaN, "junction": NaN, "width": NaN, "service": NaN, "roughness": 4.333333333333333}}, {"type": "Feature", "geometry": {"type": "LineString", "coordinates": [[-57.560936, -25.4188796], [-57.5612408, -25.4190273]]}, "properties": {"osmid": "737707345", "oneway": "False", "lanes": "2", "ref": NaN, "name": "Avenida Cadete de Boquer\u00f3n", "highway": "secondary", "length": 34.739, "maxspeed": "40", "bridge": NaN, "access": NaN, "tunnel": NaN, "junction": NaN, "width": NaN, "service": NaN, "roughness": 4.333333333333333}}]}