{"type": "FeatureCollection", "features": [{"type": "Feature", "geometry": {"type": "LineString", "coordinates": [[-57.1505177, -25.6329081], [-57.1514225, -25.633836]]}, "properties": {"osmid": "705651148", "oneway": "False", "lanes": "2", "ref": NaN, "name": "Mariscal Francisco Solano L\u00f3pez", "highway": "trunk", "length": 137.381, "maxspeed": NaN, "bridge": NaN, "access": NaN, "tunnel": NaN, "junction": NaN, "width": NaN, "service": NaN, "roughness": 2.4000001}}, {"type": "Feature", "geometry": {"type": "LineString", "coordinates": [[-57.1514225, -25.633836], [-57.1521323, -25.6345892]]}, "properties": {"osmid": "705651148", "oneway": "False", "lanes": "2", "ref": NaN, "name": "Mariscal Francisco Solano L\u00f3pez", "highway": "trunk", "length": 109.899, "maxspeed": NaN, "bridge": NaN, "access": NaN, "tunnel": NaN, "junction": NaN, "width": NaN, "service": NaN, "roughness": 2.4000001}}, {"type": "Feature", "geometry": {"type": "LineString", "coordinates": [[-57.1521323, -25.6345892], [-57.1526851, -25.6351748]]}, "properties": {"osmid": "705651148", "oneway": "False", "lanes": "2", "ref": NaN, "name": "Mariscal Francisco Solano L\u00f3pez", "highway": "trunk", "length": 85.506, "maxspeed": NaN, "bridge": NaN, "access": NaN, "tunnel": NaN, "junction": NaN, "width": NaN, "service": NaN, "roughness": 2.4000001}}, {"type": "Feature", "geometry": {"type": "LineString", "coordinates": [[-57.1526851, -25.6351748], [-57.1530767, -25.6355881]]}, "properties": {"osmid": "705651148", "oneway": "False", "lanes": "2", "ref": NaN, "name": "Mariscal Francisco Solano L\u00f3pez", "highway": "trunk", "length": 60.442, "maxspeed": NaN, "bridge": NaN, "access": NaN, "tunnel": NaN, "junction": NaN, "width": NaN, "service": NaN, "roughness": 2.4000001}}, {"type": "Feature", "geometry": {"type": "LineString", "coordinates": [[-57.1530767, -25.6355881], [-57.1531016, -25.6356138]]}, "properties": {"osmid": "705651148", "oneway": "False", "lanes": "2", "ref": NaN, "name": "Mariscal Francisco Solano L\u00f3pez", "highway": "trunk", "length": 3.794, "maxspeed": NaN, "bridge": NaN, "access": NaN, "tunnel": NaN, "junction": NaN, "width": NaN, "service": NaN, "roughness": 2.4000001}}, {"type": "Feature", "geometry": {"type": "LineString", "coordinates": [[-57.1531016, -25.6356138], [-57.1533222, -25.6358509]]}, "properties": {"osmid": "680897961", "oneway": "True", "lanes": "1", "ref": NaN, "name": "Mariscal Francisco Solano L\u00f3pez", "highway": "trunk", "length": 34.412, "maxspeed": NaN, "bridge": NaN, "access": NaN, "tunnel": NaN, "junction": NaN, "width": NaN, "service": NaN, "roughness": 2.4000001}}, {"type": "Feature", "geometry": {"type": "LineString", "coordinates": [[-57.1533222, -25.6358509], [-57.1534673, -25.6359916]]}, "properties": {"osmid": "680897961", "oneway": "True", "lanes": "1", "ref": NaN, "name": "Mariscal Francisco Solano L\u00f3pez", "highway": "trunk", "length": 21.363, "maxspeed": NaN, "bridge": NaN, "access": NaN, "tunnel": NaN, "junction": NaN, "width": NaN, "service": NaN, "roughness": 2.4000001}}, {"type": "Feature", "geometry": {"type": "LineString", "coordinates": [[-57.1534673, -25.6359916], [-57.1536362, -25.6361727]]}, "properties": {"osmid": "680897961", "oneway": "True", "lanes": "1", "ref": NaN, "name": "Mariscal Francisco Solano L\u00f3pez", "highway": "trunk", "length": 26.31, "maxspeed": NaN, "bridge": NaN, "access": NaN, "tunnel": NaN, "junction": NaN, "width": NaN, "service": NaN, "roughness": 2.4000001}}, {"type": "Feature", "geometry": {"type": "LineString", "coordinates": [[-57.1536362, -25.6361727], [-57.1538159, -25.6363589]]}, "properties": {"osmid": "680406347", "oneway": "True", "lanes": "1", "ref": NaN, "name": NaN, "highway": "trunk_link", "length": 27.445, "maxspeed": NaN, "bridge": NaN, "access": NaN, "tunnel": NaN, "junction": NaN, "width": NaN, "service": NaN, "roughness": 2.4000001}}, {"type": "Feature", "geometry": {"type": "LineString", "coordinates": [[-57.1538159, -25.6363589], [-57.1539581, -25.6365305]]}, "properties": {"osmid": "680406347", "oneway": "True", "lanes": "1", "ref": NaN, "name": NaN, "highway": "trunk_link", "length": 23.818, "maxspeed": NaN, "bridge": NaN, "access": NaN, "tunnel": NaN, "junction": NaN, "width": NaN, "service": NaN, "roughness": 2.4000001}}, {"type": "Feature", "geometry": {"type": "LineString", "coordinates": [[-57.1539581, -25.6365305], [-57.1540681, -25.636666]]}, "properties": {"osmid": "680406347", "oneway": "True", "lanes": "1", "ref": NaN, "name": NaN, "highway": "trunk_link", "length": 18.671, "maxspeed": NaN, "bridge": NaN, "access": NaN, "tunnel": NaN, "junction": NaN, "width": NaN, "service": NaN, "roughness": 2.4000001}}, {"type": "Feature", "geometry": {"type": "LineString", "coordinates": [[-57.1540681, -25.636666], [-57.154237, -25.6369005]]}, "properties": {"osmid": "680406347", "oneway": "True", "lanes": "1", "ref": NaN, "name": NaN, "highway": "trunk_link", "length": 31.09, "maxspeed": NaN, "bridge": NaN, "access": NaN, "tunnel": NaN, "junction": NaN, "width": NaN, "service": NaN, "roughness": 2.4000001}}, {"type": "Feature", "geometry": {"type": "LineString", "coordinates": [[-57.154237, -25.6369005], [-57.1544409, -25.637314]]}, "properties": {"osmid": "583379251", "oneway": "True", "lanes": "1", "ref": "PY01", "name": "Circunvalaci\u00f3n Ruta Nacional Mariscal L\u00f3pez", "highway": "trunk", "length": 50.318, "maxspeed": NaN, "bridge": NaN, "access": NaN, "tunnel": NaN, "junction": NaN, "width": NaN, "service": NaN, "roughness": 2.4000001}}, {"type": "Feature", "geometry": {"type": "LineString", "coordinates": [[-57.1544409, -25.637314], [-57.1546823, -25.6377832]]}, "properties": {"osmid": "583379251", "oneway": "True", "lanes": "1", "ref": "PY01", "name": "Circunvalaci\u00f3n Ruta Nacional Mariscal L\u00f3pez", "highway": "trunk", "length": 57.512, "maxspeed": NaN, "bridge": NaN, "access": NaN, "tunnel": NaN, "junction": NaN, "width": NaN, "service": NaN, "roughness": 2.4000001}}, {"type": "Feature", "geometry": {"type": "LineString", "coordinates": [[-57.1546823, -25.6377832], [-57.1552436, -25.6391123]]}, "properties": {"osmid": "504892961", "oneway": "False", "lanes": "2", "ref": "PY01", "name": "Ruta Nacional Mariscal L\u00f3pez", "highway": "trunk", "length": 158.139, "maxspeed": NaN, "bridge": NaN, "access": NaN, "tunnel": NaN, "junction": NaN, "width": NaN, "service": NaN, "roughness": 2.4000001}}, {"type": "Feature", "geometry": {"type": "LineString", "coordinates": [[-57.1552436, -25.6391123], [-57.1570058, -25.6430999]]}, "properties": {"osmid": "504892961", "oneway": "False", "lanes": "2", "ref": "PY01", "name": "Ruta Nacional Mariscal L\u00f3pez", "highway": "trunk", "length": 477.295, "maxspeed": NaN, "bridge": NaN, "access": NaN, "tunnel": NaN, "junction": NaN, "width": NaN, "service": NaN, "roughness": 2.4000001}}, {"type": "Feature", "geometry": {"type": "LineString", "coordinates": [[-57.1570058, -25.6430999], [-57.1572446, -25.643649]]}, "properties": {"osmid": "504892961", "oneway": "False", "lanes": "2", "ref": "PY01", "name": "Ruta Nacional Mariscal L\u00f3pez", "highway": "trunk", "length": 65.582, "maxspeed": NaN, "bridge": NaN, "access": NaN, "tunnel": NaN, "junction": NaN, "width": NaN, "service": NaN, "roughness": 2.4000001}}, {"type": "Feature", "geometry": {"type": "LineString", "coordinates": [[-57.1572446, -25.643649], [-57.1582439, -25.6459797]]}, "properties": {"osmid": "504892961", "oneway": "False", "lanes": "2", "ref": "PY01", "name": "Ruta Nacional Mariscal L\u00f3pez", "highway": "trunk", "length": 277.848, "maxspeed": NaN, "bridge": NaN, "access": NaN, "tunnel": NaN, "junction": NaN, "width": NaN, "service": NaN, "roughness": 2.4000001}}, {"type": "Feature", "geometry": {"type": "LineString", "coordinates": [[-57.1582439, -25.6459797], [-57.1583715, -25.6462789]]}, "properties": {"osmid": "504892960", "oneway": "False", "lanes": "2", "ref": "PY01", "name": "Ruta Nacional Mariscal L\u00f3pez", "highway": "trunk", "length": 35.644, "maxspeed": NaN, "bridge": "yes", "access": NaN, "tunnel": NaN, "junction": NaN, "width": NaN, "service": NaN, "roughness": 2.4000001}}, {"type": "Feature", "geometry": {"type": "LineString", "coordinates": [[-57.1583715, -25.6462789], [-57.1587493, -25.6471723]]}, "properties": {"osmid": "450083339", "oneway": "False", "lanes": "2", "ref": "PY01", "name": "Ruta Nacional Mariscal L\u00f3pez", "highway": "trunk", "length": 106.315, "maxspeed": NaN, "bridge": NaN, "access": NaN, "tunnel": NaN, "junction": NaN, "width": NaN, "service": NaN, "roughness": 2.4000001}}, {"type": "Feature", "geometry": {"type": "LineString", "coordinates": [[-57.1587493, -25.6471723], [-57.1589456, -25.6478628]]}, "properties": {"osmid": "450083339", "oneway": "False", "lanes": "2", "ref": "PY01", "name": "Ruta Nacional Mariscal L\u00f3pez", "highway": "trunk", "length": 79.261, "maxspeed": NaN, "bridge": NaN, "access": NaN, "tunnel": NaN, "junction": NaN, "width": NaN, "service": NaN, "roughness": 2.4000001}}, {"type": "Feature", "geometry": {"type": "LineString", "coordinates": [[-57.1589456, -25.6478628], [-57.1596497, -25.6508597]]}, "properties": {"osmid": "450083339", "oneway": "False", "lanes": "2", "ref": "PY01", "name": "Ruta Nacional Mariscal L\u00f3pez", "highway": "trunk", "length": 340.632, "maxspeed": NaN, "bridge": NaN, "access": NaN, "tunnel": NaN, "junction": NaN, "width": NaN, "service": NaN, "roughness": 2.4000001}}, {"type": "Feature", "geometry": {"type": "LineString", "coordinates": [[-57.1596497, -25.6508597], [-57.1597785, -25.6515561]]}, "properties": {"osmid": "450083339", "oneway": "False", "lanes": "2", "ref": "PY01", "name": "Ruta Nacional Mariscal L\u00f3pez", "highway": "trunk", "length": 78.505, "maxspeed": NaN, "bridge": NaN, "access": NaN, "tunnel": NaN, "junction": NaN, "width": NaN, "service": NaN, "roughness": 2.4000001}}, {"type": "Feature", "geometry": {"type": "LineString", "coordinates": [[-57.1597785, -25.6515561], [-57.1601057, -25.6540513]]}, "properties": {"osmid": "450083339", "oneway": "False", "lanes": "2", "ref": "PY01", "name": "Ruta Nacional Mariscal L\u00f3pez", "highway": "trunk", "length": 279.386, "maxspeed": NaN, "bridge": NaN, "access": NaN, "tunnel": NaN, "junction": NaN, "width": NaN, "service": NaN, "roughness": 2.4000001}}, {"type": "Feature", "geometry": {"type": "LineString", "coordinates": [[-57.1601057, -25.6540513], [-57.1601754, -25.6544381]]}, "properties": {"osmid": "450083339", "oneway": "False", "lanes": "2", "ref": "PY01", "name": "Ruta Nacional Mariscal L\u00f3pez", "highway": "trunk", "length": 43.574, "maxspeed": NaN, "bridge": NaN, "access": NaN, "tunnel": NaN, "junction": NaN, "width": NaN, "service": NaN, "roughness": 2.4000001}}, {"type": "Feature", "geometry": {"type": "LineString", "coordinates": [[-57.1601754, -25.6544381], [-57.1604812, -25.6557437]]}, "properties": {"osmid": "450083339", "oneway": "False", "lanes": "2", "ref": "PY01", "name": "Ruta Nacional Mariscal L\u00f3pez", "highway": "trunk", "length": 148.377, "maxspeed": NaN, "bridge": NaN, "access": NaN, "tunnel": NaN, "junction": NaN, "width": NaN, "service": NaN, "roughness": 2.4000001}}, {"type": "Feature", "geometry": {"type": "LineString", "coordinates": [[-57.1604812, -25.6557437], [-57.161023, -25.6580309]]}, "properties": {"osmid": "450083339", "oneway": "False", "lanes": "2", "ref": "PY01", "name": "Ruta Nacional Mariscal L\u00f3pez", "highway": "trunk", "length": 260.059, "maxspeed": NaN, "bridge": NaN, "access": NaN, "tunnel": NaN, "junction": NaN, "width": NaN, "service": NaN, "roughness": 2.4000001}}, {"type": "Feature", "geometry": {"type": "LineString", "coordinates": [[-57.161023, -25.6580309], [-57.1613483, -25.6592477]]}, "properties": {"osmid": "450083339", "oneway": "False", "lanes": "2", "ref": "PY01", "name": "Ruta Nacional Mariscal L\u00f3pez", "highway": "trunk", "length": 139.175, "maxspeed": NaN, "bridge": NaN, "access": NaN, "tunnel": NaN, "junction": NaN, "width": NaN, "service": NaN, "roughness": 2.4000001}}, {"type": "Feature", "geometry": {"type": "LineString", "coordinates": [[-57.1613483, -25.6592477], [-57.1631333, -25.6646122]]}, "properties": {"osmid": "450083339", "oneway": "False", "lanes": "2", "ref": "PY01", "name": "Ruta Nacional Mariscal L\u00f3pez", "highway": "trunk", "length": 622.757, "maxspeed": NaN, "bridge": NaN, "access": NaN, "tunnel": NaN, "junction": NaN, "width": NaN, "service": NaN, "roughness": 2.4000001}}, {"type": "Feature", "geometry": {"type": "LineString", "coordinates": [[-57.1631333, -25.6646122], [-57.163376, -25.6653682]]}, "properties": {"osmid": "450083339", "oneway": "False", "lanes": "2", "ref": "PY01", "name": "Ruta Nacional Mariscal L\u00f3pez", "highway": "trunk", "length": 87.512, "maxspeed": NaN, "bridge": NaN, "access": NaN, "tunnel": NaN, "junction": NaN, "width": NaN, "service": NaN, "roughness": 2.4000001}}, {"type": "Feature", "geometry": {"type": "LineString", "coordinates": [[-57.163376, -25.6653682], [-57.1637507, -25.6664236]]}, "properties": {"osmid": "450083339", "oneway": "False", "lanes": "2", "ref": "PY01", "name": "Ruta Nacional Mariscal L\u00f3pez", "highway": "trunk", "length": 123.218, "maxspeed": NaN, "bridge": NaN, "access": NaN, "tunnel": NaN, "junction": NaN, "width": NaN, "service": NaN, "roughness": 2.4000001}}, {"type": "Feature", "geometry": {"type": "LineString", "coordinates": [[-57.1637507, -25.6664236], [-57.1652207, -25.6702519]]}, "properties": {"osmid": "450083339", "oneway": "False", "lanes": "2", "ref": "PY01", "name": "Ruta Nacional Mariscal L\u00f3pez", "highway": "trunk", "length": 450.461, "maxspeed": NaN, "bridge": NaN, "access": NaN, "tunnel": NaN, "junction": NaN, "width": NaN, "service": NaN, "roughness": 2.4000001}}, {"type": "Feature", "geometry": {"type": "LineString", "coordinates": [[-57.1652207, -25.6702519], [-57.1653199, -25.6705541]]}, "properties": {"osmid": "450083339", "oneway": "False", "lanes": "2", "ref": "PY01", "name": "Ruta Nacional Mariscal L\u00f3pez", "highway": "trunk", "length": 35.043, "maxspeed": NaN, "bridge": NaN, "access": NaN, "tunnel": NaN, "junction": NaN, "width": NaN, "service": NaN, "roughness": 2.4000001}}, {"type": "Feature", "geometry": {"type": "LineString", "coordinates": [[-57.1653199, -25.6705541], [-57.1660312, -25.6730858]]}, "properties": {"osmid": "450083339", "oneway": "False", "lanes": "2", "ref": "PY01", "name": "Ruta Nacional Mariscal L\u00f3pez", "highway": "trunk", "length": 290.398, "maxspeed": NaN, "bridge": NaN, "access": NaN, "tunnel": NaN, "junction": NaN, "width": NaN, "service": NaN, "roughness": 2.4000001}}, {"type": "Feature", "geometry": {"type": "LineString", "coordinates": [[-57.1660312, -25.6730858], [-57.1661731, -25.6736889]]}, "properties": {"osmid": "450083339", "oneway": "False", "lanes": "2", "ref": "PY01", "name": "Ruta Nacional Mariscal L\u00f3pez", "highway": "trunk", "length": 68.553, "maxspeed": NaN, "bridge": NaN, "access": NaN, "tunnel": NaN, "junction": NaN, "width": NaN, "service": NaN, "roughness": 2.4000001}}, {"type": "Feature", "geometry": {"type": "LineString", "coordinates": [[-57.1661731, -25.6736889], [-57.1665381, -25.6759427]]}, "properties": {"osmid": "450083339", "oneway": "False", "lanes": "2", "ref": "PY01", "name": "Ruta Nacional Mariscal L\u00f3pez", "highway": "trunk", "length": 253.267, "maxspeed": NaN, "bridge": NaN, "access": NaN, "tunnel": NaN, "junction": NaN, "width": NaN, "service": NaN, "roughness": 2.4000001}}, {"type": "Feature", "geometry": {"type": "LineString", "coordinates": [[-57.1665381, -25.6759427], [-57.1666825, -25.6767167]]}, "properties": {"osmid": "450083339", "oneway": "False", "lanes": "2", "ref": "PY01", "name": "Ruta Nacional Mariscal L\u00f3pez", "highway": "trunk", "length": 87.273, "maxspeed": NaN, "bridge": NaN, "access": NaN, "tunnel": NaN, "junction": NaN, "width": NaN, "service": NaN, "roughness": 2.4000001}}, {"type": "Feature", "geometry": {"type": "LineString", "coordinates": [[-57.1666825, -25.6767167], [-57.1674074, -25.67977]]}, "properties": {"osmid": "450083339", "oneway": "False", "lanes": "2", "ref": "PY01", "name": "Ruta Nacional Mariscal L\u00f3pez", "highway": "trunk", "length": 347.197, "maxspeed": NaN, "bridge": NaN, "access": NaN, "tunnel": NaN, "junction": NaN, "width": NaN, "service": NaN, "roughness": 2.4000001}}, {"type": "Feature", "geometry": {"type": "LineString", "coordinates": [[-57.1674074, -25.67977], [-57.1674843, -25.6801944]]}, "properties": {"osmid": "450083339", "oneway": "False", "lanes": "2", "ref": "PY01", "name": "Ruta Nacional Mariscal L\u00f3pez", "highway": "trunk", "length": 47.816, "maxspeed": NaN, "bridge": NaN, "access": NaN, "tunnel": NaN, "junction": NaN, "width": NaN, "service": NaN, "roughness": 2.4000001}}, {"type": "Feature", "geometry": {"type": "LineString", "coordinates": [[-57.1674843, -25.6801944], [-57.1677412, -25.6829902]]}, "properties": {"osmid": "450083339", "oneway": "False", "lanes": "2", "ref": "PY01", "name": "Ruta Nacional Mariscal L\u00f3pez", "highway": "trunk", "length": 311.943, "maxspeed": NaN, "bridge": NaN, "access": NaN, "tunnel": NaN, "junction": NaN, "width": NaN, "service": NaN, "roughness": 2.4000001}}, {"type": "Feature", "geometry": {"type": "LineString", "coordinates": [[-57.1677412, -25.6829902], [-57.1678703, -25.6838539]]}, "properties": {"osmid": "450083339", "oneway": "False", "lanes": "2", "ref": "PY01", "name": "Ruta Nacional Mariscal L\u00f3pez", "highway": "trunk", "length": 96.907, "maxspeed": NaN, "bridge": NaN, "access": NaN, "tunnel": NaN, "junction": NaN, "width": NaN, "service": NaN, "roughness": 2.4000001}}, {"type": "Feature", "geometry": {"type": "LineString", "coordinates": [[-57.1678703, -25.6838539], [-57.1689771, -25.6912558]]}, "properties": {"osmid": "450083339", "oneway": "False", "lanes": "2", "ref": "PY01", "name": "Ruta Nacional Mariscal L\u00f3pez", "highway": "trunk", "length": 830.494, "maxspeed": NaN, "bridge": NaN, "access": NaN, "tunnel": NaN, "junction": NaN, "width": NaN, "service": NaN, "roughness": 2.4000001}}, {"type": "Feature", "geometry": {"type": "LineString", "coordinates": [[-57.1689771, -25.6912558], [-57.1692101, -25.6922049]]}, "properties": {"osmid": "450083339", "oneway": "False", "lanes": "2", "ref": "PY01", "name": "Ruta Nacional Mariscal L\u00f3pez", "highway": "trunk", "length": 108.087, "maxspeed": NaN, "bridge": NaN, "access": NaN, "tunnel": NaN, "junction": NaN, "width": NaN, "service": NaN, "roughness": 2.4000001}}, {"type": "Feature", "geometry": {"type": "LineString", "coordinates": [[-57.1692101, -25.6922049], [-57.1694344, -25.6926429]]}, "properties": {"osmid": "450083339", "oneway": "False", "lanes": "2", "ref": "PY01", "name": "Ruta Nacional Mariscal L\u00f3pez", "highway": "trunk", "length": 53.639, "maxspeed": NaN, "bridge": NaN, "access": NaN, "tunnel": NaN, "junction": NaN, "width": NaN, "service": NaN, "roughness": 2.4000001}}, {"type": "Feature", "geometry": {"type": "LineString", "coordinates": [[-57.1694344, -25.6926429], [-57.1697724, -25.6930828]]}, "properties": {"osmid": "450083339", "oneway": "False", "lanes": "2", "ref": "PY01", "name": "Ruta Nacional Mariscal L\u00f3pez", "highway": "trunk", "length": 59.495, "maxspeed": NaN, "bridge": NaN, "access": NaN, "tunnel": NaN, "junction": NaN, "width": NaN, "service": NaN, "roughness": 2.4000001}}, {"type": "Feature", "geometry": {"type": "LineString", "coordinates": [[-57.1697724, -25.6930828], [-57.170797, -25.6940351]]}, "properties": {"osmid": "450083339", "oneway": "False", "lanes": "2", "ref": "PY01", "name": "Ruta Nacional Mariscal L\u00f3pez", "highway": "trunk", "length": 147.49, "maxspeed": NaN, "bridge": NaN, "access": NaN, "tunnel": NaN, "junction": NaN, "width": NaN, "service": NaN, "roughness": 2.4000001}}, {"type": "Feature", "geometry": {"type": "LineString", "coordinates": [[-57.170797, -25.6940351], [-57.1777685, -25.7002727]]}, "properties": {"osmid": "450083339", "oneway": "False", "lanes": "2", "ref": "PY01", "name": "Ruta Nacional Mariscal L\u00f3pez", "highway": "trunk", "length": 984.383, "maxspeed": NaN, "bridge": NaN, "access": NaN, "tunnel": NaN, "junction": NaN, "width": NaN, "service": NaN, "roughness": 2.4000001}}, {"type": "Feature", "geometry": {"type": "LineString", "coordinates": [[-57.1777685, -25.7002727], [-57.1866105, -25.7081927]]}, "properties": {"osmid": "450083339", "oneway": "False", "lanes": "2", "ref": "PY01", "name": "Ruta Nacional Mariscal L\u00f3pez", "highway": "trunk", "length": 1249.153, "maxspeed": NaN, "bridge": NaN, "access": NaN, "tunnel": NaN, "junction": NaN, "width": NaN, "service": NaN, "roughness": 2.4000001}}, {"type": "Feature", "geometry": {"type": "LineString", "coordinates": [[-57.1866105, -25.7081927], [-57.1883051, -25.7097042]]}, "properties": {"osmid": "450083339", "oneway": "False", "lanes": "2", "ref": "PY01", "name": "Ruta Nacional Mariscal L\u00f3pez", "highway": "trunk", "length": 238.899, "maxspeed": NaN, "bridge": NaN, "access": NaN, "tunnel": NaN, "junction": NaN, "width": NaN, "service": NaN, "roughness": 2.4000001}}, {"type": "Feature", "geometry": {"type": "LineString", "coordinates": [[-57.1883051, -25.7097042], [-57.1912004, -25.7120827]]}, "properties": {"osmid": "450083339", "oneway": "False", "lanes": "2", "ref": "PY01", "name": "Ruta Nacional Mariscal L\u00f3pez", "highway": "trunk", "length": 392.541, "maxspeed": NaN, "bridge": NaN, "access": NaN, "tunnel": NaN, "junction": NaN, "width": NaN, "service": NaN, "roughness": 2.4000001}}, {"type": "Feature", "geometry": {"type": "LineString", "coordinates": [[-57.1912004, -25.7120827], [-57.192367, -25.7130647]]}, "properties": {"osmid": "450083339", "oneway": "False", "lanes": "2", "ref": "PY01", "name": "Ruta Nacional Mariscal L\u00f3pez", "highway": "trunk", "length": 159.947, "maxspeed": NaN, "bridge": NaN, "access": NaN, "tunnel": NaN, "junction": NaN, "width": NaN, "service": NaN, "roughness": 2.4000001}}, {"type": "Feature", "geometry": {"type": "LineString", "coordinates": [[-57.192367, -25.7130647], [-57.2028904, -25.7222116]]}, "properties": {"osmid": "450083339", "oneway": "False", "lanes": "2", "ref": "PY01", "name": "Ruta Nacional Mariscal L\u00f3pez", "highway": "trunk", "length": 1464.887, "maxspeed": NaN, "bridge": NaN, "access": NaN, "tunnel": NaN, "junction": NaN, "width": NaN, "service": NaN, "roughness": 2.4000001}}, {"type": "Feature", "geometry": {"type": "LineString", "coordinates": [[-57.2028904, -25.7222116], [-57.2031008, -25.7223944]]}, "properties": {"osmid": "909454562", "oneway": "False", "lanes": "2", "ref": "PY01", "name": "Ruta Nacional Mariscal L\u00f3pez", "highway": "trunk", "length": 29.282, "maxspeed": NaN, "bridge": "yes", "access": NaN, "tunnel": NaN, "junction": NaN, "width": NaN, "service": NaN, "roughness": 2.4000001}}, {"type": "Feature", "geometry": {"type": "LineString", "coordinates": [[-57.2031008, -25.7223944], [-57.2032679, -25.7225397]]}, "properties": {"osmid": "909454561", "oneway": "False", "lanes": "2", "ref": "PY01", "name": "Ruta Nacional Mariscal L\u00f3pez", "highway": "trunk", "length": 23.265, "maxspeed": NaN, "bridge": NaN, "access": NaN, "tunnel": NaN, "junction": NaN, "width": NaN, "service": NaN, "roughness": 2.4000001}}, {"type": "Feature", "geometry": {"type": "LineString", "coordinates": [[-57.2032679, -25.7225397], [-57.2038043, -25.7230356]]}, "properties": {"osmid": "909454561", "oneway": "False", "lanes": "2", "ref": "PY01", "name": "Ruta Nacional Mariscal L\u00f3pez", "highway": "trunk", "length": 76.993, "maxspeed": NaN, "bridge": NaN, "access": NaN, "tunnel": NaN, "junction": NaN, "width": NaN, "service": NaN, "roughness": 2.4000001}}, {"type": "Feature", "geometry": {"type": "LineString", "coordinates": [[-57.2038043, -25.7230356], [-57.2039652, -25.7232434]]}, "properties": {"osmid": "909454561", "oneway": "False", "lanes": "2", "ref": "PY01", "name": "Ruta Nacional Mariscal L\u00f3pez", "highway": "trunk", "length": 28.173, "maxspeed": NaN, "bridge": NaN, "access": NaN, "tunnel": NaN, "junction": NaN, "width": NaN, "service": NaN, "roughness": 2.4000001}}, {"type": "Feature", "geometry": {"type": "LineString", "coordinates": [[-57.2039652, -25.7232434], [-57.204625, -25.7245531]]}, "properties": {"osmid": "909454561", "oneway": "False", "lanes": "2", "ref": "PY01", "name": "Ruta Nacional Mariscal L\u00f3pez", "highway": "trunk", "length": 159.929, "maxspeed": NaN, "bridge": NaN, "access": NaN, "tunnel": NaN, "junction": NaN, "width": NaN, "service": NaN, "roughness": 2.4000001}}, {"type": "Feature", "geometry": {"type": "LineString", "coordinates": [[-57.204625, -25.7245531], [-57.2048932, -25.7252248]]}, "properties": {"osmid": "909454561", "oneway": "False", "lanes": "2", "ref": "PY01", "name": "Ruta Nacional Mariscal L\u00f3pez", "highway": "trunk", "length": 79.375, "maxspeed": NaN, "bridge": NaN, "access": NaN, "tunnel": NaN, "junction": NaN, "width": NaN, "service": NaN, "roughness": 2.4000001}}, {"type": "Feature", "geometry": {"type": "LineString", "coordinates": [[-57.2048932, -25.7252248], [-57.2050059, -25.7255534]]}, "properties": {"osmid": "909454561", "oneway": "False", "lanes": "2", "ref": "PY01", "name": "Ruta Nacional Mariscal L\u00f3pez", "highway": "trunk", "length": 38.243, "maxspeed": NaN, "bridge": NaN, "access": NaN, "tunnel": NaN, "junction": NaN, "width": NaN, "service": NaN, "roughness": 2.4000001}}, {"type": "Feature", "geometry": {"type": "LineString", "coordinates": [[-57.2050059, -25.7255534], [-57.2051882, -25.7261962]]}, "properties": {"osmid": "679251383", "oneway": "False", "lanes": "2", "ref": "PY01", "name": "Ruta Nacional Mariscal L\u00f3pez", "highway": "trunk", "length": 73.772, "maxspeed": NaN, "bridge": "yes", "access": NaN, "tunnel": NaN, "junction": NaN, "width": NaN, "service": NaN, "roughness": 2.4000001}}, {"type": "Feature", "geometry": {"type": "LineString", "coordinates": [[-57.2051882, -25.7261962], [-57.2056872, -25.7280133]]}, "properties": {"osmid": "909454565", "oneway": "False", "lanes": "2", "ref": "PY01", "name": "Ruta Nacional Mariscal L\u00f3pez", "highway": "trunk", "length": 208.144, "maxspeed": NaN, "bridge": NaN, "access": NaN, "tunnel": NaN, "junction": NaN, "width": NaN, "service": NaN, "roughness": 2.4000001}}, {"type": "Feature", "geometry": {"type": "LineString", "coordinates": [[-57.2056872, -25.7280133], [-57.2061324, -25.7290523]]}, "properties": {"osmid": "909454565", "oneway": "False", "lanes": "2", "ref": "PY01", "name": "Ruta Nacional Mariscal L\u00f3pez", "highway": "trunk", "length": 123.84, "maxspeed": NaN, "bridge": NaN, "access": NaN, "tunnel": NaN, "junction": NaN, "width": NaN, "service": NaN, "roughness": 2.4000001}}, {"type": "Feature", "geometry": {"type": "LineString", "coordinates": [[-57.2061324, -25.7290523], [-57.2062072, -25.7292011]]}, "properties": {"osmid": "909454565", "oneway": "False", "lanes": "2", "ref": "PY01", "name": "Ruta Nacional Mariscal L\u00f3pez", "highway": "trunk", "length": 18.163, "maxspeed": NaN, "bridge": NaN, "access": NaN, "tunnel": NaN, "junction": NaN, "width": NaN, "service": NaN, "roughness": 2.4000001}}, {"type": "Feature", "geometry": {"type": "LineString", "coordinates": [[-57.2062072, -25.7292011], [-57.2063389, -25.7294633]]}, "properties": {"osmid": "909454566", "oneway": "False", "lanes": "2", "ref": "PY01", "name": "Ruta Nacional Mariscal L\u00f3pez", "highway": "trunk", "length": 32.001, "maxspeed": NaN, "bridge": "yes", "access": NaN, "tunnel": NaN, "junction": NaN, "width": NaN, "service": NaN, "roughness": 2.4000001}}, {"type": "Feature", "geometry": {"type": "LineString", "coordinates": [[-57.2063389, -25.7294633], [-57.2089977, -25.7347561]]}, "properties": {"osmid": "679251384", "oneway": "False", "lanes": "2", "ref": "PY01", "name": "Ruta Nacional Mariscal L\u00f3pez", "highway": "trunk", "length": 645.989, "maxspeed": NaN, "bridge": NaN, "access": NaN, "tunnel": NaN, "junction": NaN, "width": NaN, "service": NaN, "roughness": 2.4000001}}, {"type": "Feature", "geometry": {"type": "LineString", "coordinates": [[-57.2089977, -25.7347561], [-57.2113442, -25.7394811]]}, "properties": {"osmid": "679251384", "oneway": "False", "lanes": "2", "ref": "PY01", "name": "Ruta Nacional Mariscal L\u00f3pez", "highway": "trunk", "length": 575.572, "maxspeed": NaN, "bridge": NaN, "access": NaN, "tunnel": NaN, "junction": NaN, "width": NaN, "service": NaN, "roughness": 2.4000001}}, {"type": "Feature", "geometry": {"type": "LineString", "coordinates": [[-57.2113442, -25.7394811], [-57.2114294, -25.7396526]]}, "properties": {"osmid": "909454570", "oneway": "False", "lanes": "2", "ref": "PY01", "name": "Ruta Nacional Mariscal L\u00f3pez", "highway": "trunk", "length": 20.892, "maxspeed": NaN, "bridge": "yes", "access": NaN, "tunnel": NaN, "junction": NaN, "width": NaN, "service": NaN, "roughness": 2.4000001}}, {"type": "Feature", "geometry": {"type": "LineString", "coordinates": [[-57.2114294, -25.7396526], [-57.2125516, -25.7419123]]}, "properties": {"osmid": "909454572", "oneway": "False", "lanes": "2", "ref": "PY01", "name": "Ruta Nacional Mariscal L\u00f3pez", "highway": "trunk", "length": 275.262, "maxspeed": NaN, "bridge": NaN, "access": NaN, "tunnel": NaN, "junction": NaN, "width": NaN, "service": NaN, "roughness": 2.4000001}}, {"type": "Feature", "geometry": {"type": "LineString", "coordinates": [[-57.2125516, -25.7419123], [-57.2131348, -25.7431705]]}, "properties": {"osmid": "909454572", "oneway": "False", "lanes": "2", "ref": "PY01", "name": "Ruta Nacional Mariscal L\u00f3pez", "highway": "trunk", "length": 151.61, "maxspeed": NaN, "bridge": NaN, "access": NaN, "tunnel": NaN, "junction": NaN, "width": NaN, "service": NaN, "roughness": 2.4000001}}, {"type": "Feature", "geometry": {"type": "LineString", "coordinates": [[-57.2131348, -25.7431705], [-57.2132043, -25.7433204]]}, "properties": {"osmid": "909454573", "oneway": "False", "lanes": "2", "ref": "PY01", "name": "Ruta Nacional Mariscal L\u00f3pez", "highway": "trunk", "length": 18.063, "maxspeed": NaN, "bridge": "yes", "access": NaN, "tunnel": NaN, "junction": NaN, "width": NaN, "service": NaN, "roughness": 2.4000001}}, {"type": "Feature", "geometry": {"type": "LineString", "coordinates": [[-57.2132043, -25.7433204], [-57.2137601, -25.7445196]]}, "properties": {"osmid": "909454577", "oneway": "False", "lanes": "2", "ref": "PY01", "name": "Ruta Nacional Mariscal L\u00f3pez", "highway": "trunk", "length": 144.499, "maxspeed": NaN, "bridge": NaN, "access": NaN, "tunnel": NaN, "junction": NaN, "width": NaN, "service": NaN, "roughness": 2.4000001}}, {"type": "Feature", "geometry": {"type": "LineString", "coordinates": [[-57.2137601, -25.7445196], [-57.2138607, -25.7447367]]}, "properties": {"osmid": "909454578", "oneway": "False", "lanes": "2", "ref": "PY01", "name": "Ruta Nacional Mariscal L\u00f3pez", "highway": "trunk", "length": 26.159, "maxspeed": NaN, "bridge": "yes", "access": NaN, "tunnel": NaN, "junction": NaN, "width": NaN, "service": NaN, "roughness": 2.4000001}}, {"type": "Feature", "geometry": {"type": "LineString", "coordinates": [[-57.2138607, -25.7447367], [-57.214687, -25.7465193]]}, "properties": {"osmid": "909454569", "oneway": "False", "lanes": "2", "ref": "PY01", "name": "Ruta Nacional Mariscal L\u00f3pez", "highway": "trunk", "length": 214.8, "maxspeed": NaN, "bridge": NaN, "access": NaN, "tunnel": NaN, "junction": NaN, "width": NaN, "service": NaN, "roughness": 2.4000001}}, {"type": "Feature", "geometry": {"type": "LineString", "coordinates": [[-57.214687, -25.7465193], [-57.2149213, -25.7470248]]}, "properties": {"osmid": "909454569", "oneway": "False", "lanes": "2", "ref": "PY01", "name": "Ruta Nacional Mariscal L\u00f3pez", "highway": "trunk", "length": 60.911, "maxspeed": NaN, "bridge": NaN, "access": NaN, "tunnel": NaN, "junction": NaN, "width": NaN, "service": NaN, "roughness": 2.4000001}}, {"type": "Feature", "geometry": {"type": "LineString", "coordinates": [[-57.2149213, -25.7470248], [-57.2151892, -25.7475101]]}, "properties": {"osmid": "589971268", "oneway": "True", "lanes": "1", "ref": "PY01", "name": "Ruta Nacional Mariscal L\u00f3pez", "highway": "trunk", "length": 60.266, "maxspeed": NaN, "bridge": NaN, "access": NaN, "tunnel": NaN, "junction": NaN, "width": NaN, "service": NaN, "roughness": 2.4000001}}, {"type": "Feature", "geometry": {"type": "LineString", "coordinates": [[-57.2151892, -25.7475101], [-57.2153819, -25.747845]]}, "properties": {"osmid": "589971268", "oneway": "True", "lanes": "1", "ref": "PY01", "name": "Ruta Nacional Mariscal L\u00f3pez", "highway": "trunk", "length": 41.943, "maxspeed": NaN, "bridge": NaN, "access": NaN, "tunnel": NaN, "junction": NaN, "width": NaN, "service": NaN, "roughness": 2.4000001}}, {"type": "Feature", "geometry": {"type": "LineString", "coordinates": [[-57.2153819, -25.747845], [-57.2155779, -25.7481341]]}, "properties": {"osmid": "589971268", "oneway": "True", "lanes": "1", "ref": "PY01", "name": "Ruta Nacional Mariscal L\u00f3pez", "highway": "trunk", "length": 37.666, "maxspeed": NaN, "bridge": NaN, "access": NaN, "tunnel": NaN, "junction": NaN, "width": NaN, "service": NaN, "roughness": 2.4000001}}, {"type": "Feature", "geometry": {"type": "LineString", "coordinates": [[-57.2155779, -25.7481341], [-57.2157966, -25.7483925]]}, "properties": {"osmid": "589971268", "oneway": "True", "lanes": "1", "ref": "PY01", "name": "Ruta Nacional Mariscal L\u00f3pez", "highway": "trunk", "length": 36.13, "maxspeed": NaN, "bridge": NaN, "access": NaN, "tunnel": NaN, "junction": NaN, "width": NaN, "service": NaN, "roughness": 2.4000001}}, {"type": "Feature", "geometry": {"type": "LineString", "coordinates": [[-57.2157966, -25.7483925], [-57.2159733, -25.7485608]]}, "properties": {"osmid": "589971268", "oneway": "True", "lanes": "1", "ref": "PY01", "name": "Ruta Nacional Mariscal L\u00f3pez", "highway": "trunk", "length": 25.757, "maxspeed": NaN, "bridge": NaN, "access": NaN, "tunnel": NaN, "junction": NaN, "width": NaN, "service": NaN, "roughness": 2.4000001}}, {"type": "Feature", "geometry": {"type": "LineString", "coordinates": [[-57.2159733, -25.7485608], [-57.2162471, -25.7487536]]}, "properties": {"osmid": "589971268", "oneway": "True", "lanes": "1", "ref": "PY01", "name": "Ruta Nacional Mariscal L\u00f3pez", "highway": "trunk", "length": 34.808, "maxspeed": NaN, "bridge": NaN, "access": NaN, "tunnel": NaN, "junction": NaN, "width": NaN, "service": NaN, "roughness": 2.4000001}}, {"type": "Feature", "geometry": {"type": "LineString", "coordinates": [[-57.2162471, -25.7487536], [-57.2165926, -25.7489459]]}, "properties": {"osmid": "589971268", "oneway": "True", "lanes": "1", "ref": "PY01", "name": "Ruta Nacional Mariscal L\u00f3pez", "highway": "trunk", "length": 40.677, "maxspeed": NaN, "bridge": NaN, "access": NaN, "tunnel": NaN, "junction": NaN, "width": NaN, "service": NaN, "roughness": 2.4000001}}, {"type": "Feature", "geometry": {"type": "LineString", "coordinates": [[-57.2165926, -25.7489459], [-57.2172909, -25.749344]]}, "properties": {"osmid": "589971266", "oneway": "True", "lanes": "1", "ref": "PY01", "name": "Ruta Nacional Mariscal L\u00f3pez", "highway": "trunk", "length": 82.77, "maxspeed": NaN, "bridge": "yes", "access": NaN, "tunnel": NaN, "junction": NaN, "width": NaN, "service": NaN, "roughness": 2.4000001}}, {"type": "Feature", "geometry": {"type": "LineString", "coordinates": [[-57.2172909, -25.749344], [-57.2179145, -25.7496791]]}, "properties": {"osmid": "589971265", "oneway": "True", "lanes": "1", "ref": "PY01", "name": "Ruta Nacional Mariscal L\u00f3pez", "highway": "trunk", "length": 72.727, "maxspeed": NaN, "bridge": NaN, "access": NaN, "tunnel": NaN, "junction": NaN, "width": NaN, "service": NaN, "roughness": 2.4000001}}, {"type": "Feature", "geometry": {"type": "LineString", "coordinates": [[-57.2179145, -25.7496791], [-57.2182715, -25.7498721]]}, "properties": {"osmid": "589971265", "oneway": "True", "lanes": "1", "ref": "PY01", "name": "Ruta Nacional Mariscal L\u00f3pez", "highway": "trunk", "length": 41.701, "maxspeed": NaN, "bridge": NaN, "access": NaN, "tunnel": NaN, "junction": NaN, "width": NaN, "service": NaN, "roughness": 2.4000001}}, {"type": "Feature", "geometry": {"type": "LineString", "coordinates": [[-57.2182715, -25.7498721], [-57.2185925, -25.7500456]]}, "properties": {"osmid": "909454582", "oneway": "True", "lanes": "1", "ref": "PY01", "name": "Ruta Nacional Mariscal L\u00f3pez", "highway": "trunk", "length": 37.494, "maxspeed": NaN, "bridge": "yes", "access": NaN, "tunnel": NaN, "junction": NaN, "width": NaN, "service": NaN, "roughness": 2.4000001}}, {"type": "Feature", "geometry": {"type": "LineString", "coordinates": [[-57.2185925, -25.7500456], [-57.2186946, -25.7501008]]}, "properties": {"osmid": "909454581", "oneway": "True", "lanes": "1", "ref": "PY01", "name": "Ruta Nacional Mariscal L\u00f3pez", "highway": "trunk", "length": 11.926, "maxspeed": NaN, "bridge": NaN, "access": NaN, "tunnel": NaN, "junction": NaN, "width": NaN, "service": NaN, "roughness": 2.4000001}}, {"type": "Feature", "geometry": {"type": "LineString", "coordinates": [[-57.2186946, -25.7501008], [-57.2192208, -25.7503622]]}, "properties": {"osmid": "909454581", "oneway": "True", "lanes": "1", "ref": "PY01", "name": "Ruta Nacional Mariscal L\u00f3pez", "highway": "trunk", "length": 60.185, "maxspeed": NaN, "bridge": NaN, "access": NaN, "tunnel": NaN, "junction": NaN, "width": NaN, "service": NaN, "roughness": 2.4000001}}, {"type": "Feature", "geometry": {"type": "LineString", "coordinates": [[-57.2192208, -25.7503622], [-57.2195507, -25.750542]]}, "properties": {"osmid": "909454581", "oneway": "True", "lanes": "1", "ref": "PY01", "name": "Ruta Nacional Mariscal L\u00f3pez", "highway": "trunk", "length": 38.618, "maxspeed": NaN, "bridge": NaN, "access": NaN, "tunnel": NaN, "junction": NaN, "width": NaN, "service": NaN, "roughness": 2.4000001}}, {"type": "Feature", "geometry": {"type": "LineString", "coordinates": [[-57.2195507, -25.750542], [-57.2199583, -25.7507489]]}, "properties": {"osmid": "589971262", "oneway": "False", "lanes": "1", "ref": "PY01", "name": "Ruta Nacional Mariscal L\u00f3pez", "highway": "trunk", "length": 46.859, "maxspeed": NaN, "bridge": NaN, "access": NaN, "tunnel": NaN, "junction": NaN, "width": NaN, "service": NaN, "roughness": 2.4000001}}, {"type": "Feature", "geometry": {"type": "LineString", "coordinates": [[-57.2199583, -25.7507489], [-57.2200719, -25.7508065]]}, "properties": {"osmid": "589971262", "oneway": "False", "lanes": "1", "ref": "PY01", "name": "Ruta Nacional Mariscal L\u00f3pez", "highway": "trunk", "length": 13.056, "maxspeed": NaN, "bridge": NaN, "access": NaN, "tunnel": NaN, "junction": NaN, "width": NaN, "service": NaN, "roughness": 2.4000001}}, {"type": "Feature", "geometry": {"type": "LineString", "coordinates": [[-57.2200719, -25.7508065], [-57.2204209, -25.7509622]]}, "properties": {"osmid": "589971261", "oneway": "False", "lanes": "1", "ref": "PY01", "name": "Ruta Nacional Mariscal L\u00f3pez", "highway": "trunk", "length": 39.006, "maxspeed": NaN, "bridge": "yes", "access": NaN, "tunnel": NaN, "junction": NaN, "width": NaN, "service": NaN, "roughness": 2.4000001}}, {"type": "Feature", "geometry": {"type": "LineString", "coordinates": [[-57.2204209, -25.7509622], [-57.2220165, -25.7517028]]}, "properties": {"osmid": "589971260", "oneway": "False", "lanes": "1", "ref": "PY01", "name": "Ruta Nacional Mariscal L\u00f3pez", "highway": "trunk", "length": 179.774, "maxspeed": NaN, "bridge": NaN, "access": NaN, "tunnel": NaN, "junction": NaN, "width": NaN, "service": NaN, "roughness": 2.4000001}}, {"type": "Feature", "geometry": {"type": "LineString", "coordinates": [[-57.2220165, -25.7517028], [-57.2222579, -25.7518164]]}, "properties": {"osmid": "589971258", "oneway": "False", "lanes": "1", "ref": "PY01", "name": "Ruta Nacional Mariscal L\u00f3pez", "highway": "trunk", "length": 27.278, "maxspeed": NaN, "bridge": "yes", "access": NaN, "tunnel": NaN, "junction": NaN, "width": NaN, "service": NaN, "roughness": 2.4000001}}, {"type": "Feature", "geometry": {"type": "LineString", "coordinates": [[-57.2222579, -25.7518164], [-57.2235887, -25.7524289]]}, "properties": {"osmid": "589971269", "oneway": "False", "lanes": "1", "ref": "PY01", "name": "Ruta Nacional Mariscal L\u00f3pez", "highway": "trunk", "length": 149.675, "maxspeed": NaN, "bridge": NaN, "access": NaN, "tunnel": NaN, "junction": NaN, "width": NaN, "service": NaN, "roughness": 2.4000001}}, {"type": "Feature", "geometry": {"type": "LineString", "coordinates": [[-57.2235887, -25.7524289], [-57.2250553, -25.7531137]]}, "properties": {"osmid": "589971269", "oneway": "False", "lanes": "1", "ref": "PY01", "name": "Ruta Nacional Mariscal L\u00f3pez", "highway": "trunk", "length": 165.446, "maxspeed": NaN, "bridge": NaN, "access": NaN, "tunnel": NaN, "junction": NaN, "width": NaN, "service": NaN, "roughness": 2.4000001}}, {"type": "Feature", "geometry": {"type": "LineString", "coordinates": [[-57.2250553, -25.7531137], [-57.2254473, -25.7533329]]}, "properties": {"osmid": "589971269", "oneway": "False", "lanes": "1", "ref": "PY01", "name": "Ruta Nacional Mariscal L\u00f3pez", "highway": "trunk", "length": 46.21, "maxspeed": NaN, "bridge": NaN, "access": NaN, "tunnel": NaN, "junction": NaN, "width": NaN, "service": NaN, "roughness": 2.4000001}}, {"type": "Feature", "geometry": {"type": "LineString", "coordinates": [[-57.2254473, -25.7533329], [-57.2256636, -25.7535003]]}, "properties": {"osmid": "589971269", "oneway": "False", "lanes": "1", "ref": "PY01", "name": "Ruta Nacional Mariscal L\u00f3pez", "highway": "trunk", "length": 28.561, "maxspeed": NaN, "bridge": NaN, "access": NaN, "tunnel": NaN, "junction": NaN, "width": NaN, "service": NaN, "roughness": 2.4000001}}, {"type": "Feature", "geometry": {"type": "LineString", "coordinates": [[-57.2256636, -25.7535003], [-57.2258461, -25.7536768]]}, "properties": {"osmid": "589971269", "oneway": "False", "lanes": "1", "ref": "PY01", "name": "Ruta Nacional Mariscal L\u00f3pez", "highway": "trunk", "length": 26.819, "maxspeed": NaN, "bridge": NaN, "access": NaN, "tunnel": NaN, "junction": NaN, "width": NaN, "service": NaN, "roughness": 2.4000001}}, {"type": "Feature", "geometry": {"type": "LineString", "coordinates": [[-57.2258461, -25.7536768], [-57.2260951, -25.7539594]]}, "properties": {"osmid": "589971269", "oneway": "False", "lanes": "1", "ref": "PY01", "name": "Ruta Nacional Mariscal L\u00f3pez", "highway": "trunk", "length": 40.116, "maxspeed": NaN, "bridge": NaN, "access": NaN, "tunnel": NaN, "junction": NaN, "width": NaN, "service": NaN, "roughness": 2.4000001}}, {"type": "Feature", "geometry": {"type": "LineString", "coordinates": [[-57.2260951, -25.7539594], [-57.226522, -25.7544438]]}, "properties": {"osmid": "589971269", "oneway": "False", "lanes": "1", "ref": "PY01", "name": "Ruta Nacional Mariscal L\u00f3pez", "highway": "trunk", "length": 68.769, "maxspeed": NaN, "bridge": NaN, "access": NaN, "tunnel": NaN, "junction": NaN, "width": NaN, "service": NaN, "roughness": 2.4000001}}, {"type": "Feature", "geometry": {"type": "LineString", "coordinates": [[-57.226522, -25.7544438], [-57.2268937, -25.75487]]}, "properties": {"osmid": "589971254", "oneway": "False", "lanes": "1", "ref": "PY01", "name": "Ruta Nacional Mariscal L\u00f3pez", "highway": "trunk", "length": 60.263, "maxspeed": NaN, "bridge": "yes", "access": NaN, "tunnel": NaN, "junction": NaN, "width": NaN, "service": NaN, "roughness": 2.4000001}}, {"type": "Feature", "geometry": {"type": "LineString", "coordinates": [[-57.2268937, -25.75487], [-57.2292761, -25.7576031]]}, "properties": {"osmid": "589971249", "oneway": "False", "lanes": "1", "ref": "PY01", "name": "Ruta Nacional Mariscal L\u00f3pez", "highway": "trunk", "length": 386.375, "maxspeed": NaN, "bridge": NaN, "access": NaN, "tunnel": NaN, "junction": NaN, "width": NaN, "service": NaN, "roughness": 2.4000001}}, {"type": "Feature", "geometry": {"type": "LineString", "coordinates": [[-57.2292761, -25.7576031], [-57.2317093, -25.7604123]]}, "properties": {"osmid": "589971249", "oneway": "False", "lanes": "1", "ref": "PY01", "name": "Ruta Nacional Mariscal L\u00f3pez", "highway": "trunk", "length": 396.171, "maxspeed": NaN, "bridge": NaN, "access": NaN, "tunnel": NaN, "junction": NaN, "width": NaN, "service": NaN, "roughness": 2.4000001}}, {"type": "Feature", "geometry": {"type": "LineString", "coordinates": [[-57.2317093, -25.7604123], [-57.2318515, -25.7605734]]}, "properties": {"osmid": "589971249", "oneway": "False", "lanes": "1", "ref": "PY01", "name": "Ruta Nacional Mariscal L\u00f3pez", "highway": "trunk", "length": 22.884, "maxspeed": NaN, "bridge": NaN, "access": NaN, "tunnel": NaN, "junction": NaN, "width": NaN, "service": NaN, "roughness": 2.4000001}}, {"type": "Feature", "geometry": {"type": "LineString", "coordinates": [[-57.2318515, -25.7605734], [-57.2329873, -25.7618658]]}, "properties": {"osmid": "589971249", "oneway": "False", "lanes": "1", "ref": "PY01", "name": "Ruta Nacional Mariscal L\u00f3pez", "highway": "trunk", "length": 183.275, "maxspeed": NaN, "bridge": NaN, "access": NaN, "tunnel": NaN, "junction": NaN, "width": NaN, "service": NaN, "roughness": 2.4000001}}, {"type": "Feature", "geometry": {"type": "LineString", "coordinates": [[-57.2329873, -25.7618658], [-57.2330744, -25.7619425]]}, "properties": {"osmid": "700954733", "oneway": "True", "lanes": "2", "ref": "PY01", "name": "Circunvalaci\u00f3n de la Ruta Nacional Mariscal L\u00f3pe", "highway": "trunk", "length": 12.199, "maxspeed": "50", "bridge": NaN, "access": NaN, "tunnel": NaN, "junction": NaN, "width": NaN, "service": NaN, "roughness": 2.4000001}}, {"type": "Feature", "geometry": {"type": "LineString", "coordinates": [[-57.2330744, -25.7619425], [-57.2331616, -25.7620193]]}, "properties": {"osmid": "700954733", "oneway": "True", "lanes": "2", "ref": "PY01", "name": "Circunvalaci\u00f3n de la Ruta Nacional Mariscal L\u00f3pe", "highway": "trunk", "length": 12.214, "maxspeed": "50", "bridge": NaN, "access": NaN, "tunnel": NaN, "junction": NaN, "width": NaN, "service": NaN, "roughness": 2.4000001}}, {"type": "Feature", "geometry": {"type": "LineString", "coordinates": [[-57.2331616, -25.7620193], [-57.23337, -25.7622454]]}, "properties": {"osmid": "700954734", "oneway": "True", "lanes": "1", "ref": "PY01", "name": "Mariscal Francisco Solano L\u00f3pez", "highway": "primary", "length": 32.675, "maxspeed": NaN, "bridge": NaN, "access": NaN, "tunnel": NaN, "junction": NaN, "width": NaN, "service": NaN, "roughness": 2.4000001}}, {"type": "Feature", "geometry": {"type": "LineString", "coordinates": [[-57.23337, -25.7622454], [-57.2336383, -25.7625466]]}, "properties": {"osmid": "700954734", "oneway": "True", "lanes": "1", "ref": "PY01", "name": "Mariscal Francisco Solano L\u00f3pez", "highway": "primary", "length": 42.937, "maxspeed": NaN, "bridge": NaN, "access": NaN, "tunnel": NaN, "junction": NaN, "width": NaN, "service": NaN, "roughness": 2.4000001}}, {"type": "Feature", "geometry": {"type": "LineString", "coordinates": [[-57.2336383, -25.7625466], [-57.2337073, -25.7626428]]}, "properties": {"osmid": "700954734", "oneway": "True", "lanes": "1", "ref": "PY01", "name": "Mariscal Francisco Solano L\u00f3pez", "highway": "primary", "length": 12.735, "maxspeed": NaN, "bridge": NaN, "access": NaN, "tunnel": NaN, "junction": NaN, "width": NaN, "service": NaN, "roughness": 2.4000001}}, {"type": "Feature", "geometry": {"type": "LineString", "coordinates": [[-57.2337073, -25.7626428], [-57.2339401, -25.7629247]]}, "properties": {"osmid": "700954734", "oneway": "True", "lanes": "1", "ref": "PY01", "name": "Mariscal Francisco Solano L\u00f3pez", "highway": "primary", "length": 39.065, "maxspeed": NaN, "bridge": NaN, "access": NaN, "tunnel": NaN, "junction": NaN, "width": NaN, "service": NaN, "roughness": 2.4000001}}, {"type": "Feature", "geometry": {"type": "LineString", "coordinates": [[-57.2339401, -25.7629247], [-57.2344036, -25.7634859]]}, "properties": {"osmid": "700954734", "oneway": "True", "lanes": "1", "ref": "PY01", "name": "Mariscal Francisco Solano L\u00f3pez", "highway": "primary", "length": 77.772, "maxspeed": NaN, "bridge": NaN, "access": NaN, "tunnel": NaN, "junction": NaN, "width": NaN, "service": NaN, "roughness": 2.4000001}}, {"type": "Feature", "geometry": {"type": "LineString", "coordinates": [[-57.2344036, -25.7634859], [-57.2346003, -25.763724]]}, "properties": {"osmid": "700954734", "oneway": "True", "lanes": "1", "ref": "PY01", "name": "Mariscal Francisco Solano L\u00f3pez", "highway": "primary", "length": 32.999, "maxspeed": NaN, "bridge": NaN, "access": NaN, "tunnel": NaN, "junction": NaN, "width": NaN, "service": NaN, "roughness": 2.4000001}}, {"type": "Feature", "geometry": {"type": "LineString", "coordinates": [[-57.2346003, -25.763724], [-57.2346196, -25.7637474]]}, "properties": {"osmid": "700954734", "oneway": "True", "lanes": "1", "ref": "PY01", "name": "Mariscal Francisco Solano L\u00f3pez", "highway": "primary", "length": 3.241, "maxspeed": NaN, "bridge": NaN, "access": NaN, "tunnel": NaN, "junction": NaN, "width": NaN, "service": NaN, "roughness": 2.4000001}}, {"type": "Feature", "geometry": {"type": "LineString", "coordinates": [[-57.2346196, -25.7637474], [-57.2350385, -25.764219]]}, "properties": {"osmid": "700954734", "oneway": "True", "lanes": "1", "ref": "PY01", "name": "Mariscal Francisco Solano L\u00f3pez", "highway": "primary", "length": 67.154, "maxspeed": NaN, "bridge": NaN, "access": NaN, "tunnel": NaN, "junction": NaN, "width": NaN, "service": NaN, "roughness": 2.4000001}}, {"type": "Feature", "geometry": {"type": "LineString", "coordinates": [[-57.2350385, -25.764219], [-57.2353163, -25.7645317]]}, "properties": {"osmid": "700954734", "oneway": "True", "lanes": "1", "ref": "PY01", "name": "Mariscal Francisco Solano L\u00f3pez", "highway": "primary", "length": 44.53, "maxspeed": NaN, "bridge": NaN, "access": NaN, "tunnel": NaN, "junction": NaN, "width": NaN, "service": NaN, "roughness": 2.4000001}}, {"type": "Feature", "geometry": {"type": "LineString", "coordinates": [[-57.2353163, -25.7645317], [-57.2353389, -25.7645894]]}, "properties": {"osmid": "700954734", "oneway": "True", "lanes": "1", "ref": "PY01", "name": "Mariscal Francisco Solano L\u00f3pez", "highway": "primary", "length": 6.803, "maxspeed": NaN, "bridge": NaN, "access": NaN, "tunnel": NaN, "junction": NaN, "width": NaN, "service": NaN, "roughness": 2.4000001}}, {"type": "Feature", "geometry": {"type": "LineString", "coordinates": [[-57.2353389, -25.7645894], [-57.2355026, -25.7647966]]}, "properties": {"osmid": "893117457", "oneway": "False", "lanes": "2", "ref": "PY01", "name": "Mariscal Francisco Solano L\u00f3pez", "highway": "primary", "length": 28.276, "maxspeed": NaN, "bridge": NaN, "access": NaN, "tunnel": NaN, "junction": NaN, "width": NaN, "service": NaN, "roughness": 2.4000001}}, {"type": "Feature", "geometry": {"type": "LineString", "coordinates": [[-57.2355026, -25.7647966], [-57.2358228, -25.7651704]]}, "properties": {"osmid": "893117457", "oneway": "False", "lanes": "2", "ref": "PY01", "name": "Mariscal Francisco Solano L\u00f3pez", "highway": "primary", "length": 52.496, "maxspeed": NaN, "bridge": NaN, "access": NaN, "tunnel": NaN, "junction": NaN, "width": NaN, "service": NaN, "roughness": 2.4000001}}, {"type": "Feature", "geometry": {"type": "LineString", "coordinates": [[-57.2358228, -25.7651704], [-57.2358994, -25.7652504]]}, "properties": {"osmid": "893117457", "oneway": "False", "lanes": "2", "ref": "PY01", "name": "Mariscal Francisco Solano L\u00f3pez", "highway": "primary", "length": 11.746, "maxspeed": NaN, "bridge": NaN, "access": NaN, "tunnel": NaN, "junction": NaN, "width": NaN, "service": NaN, "roughness": 2.4000001}}, {"type": "Feature", "geometry": {"type": "LineString", "coordinates": [[-57.2358994, -25.7652504], [-57.2365573, -25.7659641]]}, "properties": {"osmid": "893117457", "oneway": "False", "lanes": "2", "ref": "PY01", "name": "Mariscal Francisco Solano L\u00f3pez", "highway": "primary", "length": 103.143, "maxspeed": NaN, "bridge": NaN, "access": NaN, "tunnel": NaN, "junction": NaN, "width": NaN, "service": NaN, "roughness": 2.4000001}}, {"type": "Feature", "geometry": {"type": "LineString", "coordinates": [[-57.2365573, -25.7659641], [-57.2367294, -25.7661645]]}, "properties": {"osmid": "893117457", "oneway": "False", "lanes": "2", "ref": "PY01", "name": "Mariscal Francisco Solano L\u00f3pez", "highway": "primary", "length": 28.17, "maxspeed": NaN, "bridge": NaN, "access": NaN, "tunnel": NaN, "junction": NaN, "width": NaN, "service": NaN, "roughness": 2.4000001}}, {"type": "Feature", "geometry": {"type": "LineString", "coordinates": [[-57.2367294, -25.7661645], [-57.237088, -25.7665921]]}, "properties": {"osmid": "893117457", "oneway": "False", "lanes": "2", "ref": "PY01", "name": "Mariscal Francisco Solano L\u00f3pez", "highway": "primary", "length": 59.584, "maxspeed": NaN, "bridge": NaN, "access": NaN, "tunnel": NaN, "junction": NaN, "width": NaN, "service": NaN, "roughness": 2.4000001}}, {"type": "Feature", "geometry": {"type": "LineString", "coordinates": [[-57.237088, -25.7665921], [-57.2371709, -25.7666993]]}, "properties": {"osmid": "893117457", "oneway": "False", "lanes": "2", "ref": "PY01", "name": "Mariscal Francisco Solano L\u00f3pez", "highway": "primary", "length": 14.526, "maxspeed": NaN, "bridge": NaN, "access": NaN, "tunnel": NaN, "junction": NaN, "width": NaN, "service": NaN, "roughness": 2.4000001}}, {"type": "Feature", "geometry": {"type": "LineString", "coordinates": [[-57.2371709, -25.7666993], [-57.2372663, -25.766773]]}, "properties": {"osmid": "893117457", "oneway": "False", "lanes": "2", "ref": "PY01", "name": "Mariscal Francisco Solano L\u00f3pez", "highway": "primary", "length": 12.587, "maxspeed": NaN, "bridge": NaN, "access": NaN, "tunnel": NaN, "junction": NaN, "width": NaN, "service": NaN, "roughness": 2.4000001}}, {"type": "Feature", "geometry": {"type": "LineString", "coordinates": [[-57.2372663, -25.766773], [-57.237427, -25.7668653]]}, "properties": {"osmid": "893117457", "oneway": "False", "lanes": "2", "ref": "PY01", "name": "Mariscal Francisco Solano L\u00f3pez", "highway": "primary", "length": 19.087, "maxspeed": NaN, "bridge": NaN, "access": NaN, "tunnel": NaN, "junction": NaN, "width": NaN, "service": NaN, "roughness": 2.4000001}}, {"type": "Feature", "geometry": {"type": "LineString", "coordinates": [[-57.237427, -25.7668653], [-57.2385948, -25.7673039]]}, "properties": {"osmid": "893117458", "oneway": "False", "lanes": "2", "ref": "PY01", "name": "Mariscal Francisco Solano L\u00f3pez", "highway": "trunk", "length": 126.704, "maxspeed": NaN, "bridge": NaN, "access": NaN, "tunnel": NaN, "junction": NaN, "width": NaN, "service": NaN, "roughness": 2.4000001}}, {"type": "Feature", "geometry": {"type": "LineString", "coordinates": [[-57.2385948, -25.7673039], [-57.2398891, -25.7677707]]}, "properties": {"osmid": "893117458", "oneway": "False", "lanes": "2", "ref": "PY01", "name": "Mariscal Francisco Solano L\u00f3pez", "highway": "trunk", "length": 139.616, "maxspeed": NaN, "bridge": NaN, "access": NaN, "tunnel": NaN, "junction": NaN, "width": NaN, "service": NaN, "roughness": 2.4000001}}, {"type": "Feature", "geometry": {"type": "LineString", "coordinates": [[-57.2398891, -25.7677707], [-57.2399597, -25.7677962]]}, "properties": {"osmid": "893117458", "oneway": "False", "lanes": "2", "ref": "PY01", "name": "Mariscal Francisco Solano L\u00f3pez", "highway": "trunk", "length": 7.617, "maxspeed": NaN, "bridge": NaN, "access": NaN, "tunnel": NaN, "junction": NaN, "width": NaN, "service": NaN, "roughness": 2.4000001}}, {"type": "Feature", "geometry": {"type": "LineString", "coordinates": [[-57.2399597, -25.7677962], [-57.2412876, -25.7682752]]}, "properties": {"osmid": "893117458", "oneway": "False", "lanes": "2", "ref": "PY01", "name": "Mariscal Francisco Solano L\u00f3pez", "highway": "trunk", "length": 143.244, "maxspeed": NaN, "bridge": NaN, "access": NaN, "tunnel": NaN, "junction": NaN, "width": NaN, "service": NaN, "roughness": 2.4000001}}, {"type": "Feature", "geometry": {"type": "LineString", "coordinates": [[-57.2412876, -25.7682752], [-57.2420274, -25.768542]]}, "properties": {"osmid": "893117458", "oneway": "False", "lanes": "2", "ref": "PY01", "name": "Mariscal Francisco Solano L\u00f3pez", "highway": "trunk", "length": 79.801, "maxspeed": NaN, "bridge": NaN, "access": NaN, "tunnel": NaN, "junction": NaN, "width": NaN, "service": NaN, "roughness": 2.4000001}}, {"type": "Feature", "geometry": {"type": "LineString", "coordinates": [[-57.2420274, -25.768542], [-57.242063, -25.7685548]]}, "properties": {"osmid": "893117458", "oneway": "False", "lanes": "2", "ref": "PY01", "name": "Mariscal Francisco Solano L\u00f3pez", "highway": "trunk", "length": 3.839, "maxspeed": NaN, "bridge": NaN, "access": NaN, "tunnel": NaN, "junction": NaN, "width": NaN, "service": NaN, "roughness": 2.4000001}}, {"type": "Feature", "geometry": {"type": "LineString", "coordinates": [[-57.242063, -25.7685548], [-57.2422889, -25.7686363]]}, "properties": {"osmid": "893117458", "oneway": "False", "lanes": "2", "ref": "PY01", "name": "Mariscal Francisco Solano L\u00f3pez", "highway": "trunk", "length": 24.369, "maxspeed": NaN, "bridge": NaN, "access": NaN, "tunnel": NaN, "junction": NaN, "width": NaN, "service": NaN, "roughness": 2.4000001}}, {"type": "Feature", "geometry": {"type": "LineString", "coordinates": [[-57.2422889, -25.7686363], [-57.2426636, -25.7687763]]}, "properties": {"osmid": "893117458", "oneway": "False", "lanes": "2", "ref": "PY01", "name": "Mariscal Francisco Solano L\u00f3pez", "highway": "trunk", "length": 40.623, "maxspeed": NaN, "bridge": NaN, "access": NaN, "tunnel": NaN, "junction": NaN, "width": NaN, "service": NaN, "roughness": 2.4000001}}, {"type": "Feature", "geometry": {"type": "LineString", "coordinates": [[-57.2426636, -25.7687763], [-57.2427149, -25.7687955]]}, "properties": {"osmid": "893117458", "oneway": "False", "lanes": "2", "ref": "PY01", "name": "Mariscal Francisco Solano L\u00f3pez", "highway": "trunk", "length": 5.563, "maxspeed": NaN, "bridge": NaN, "access": NaN, "tunnel": NaN, "junction": NaN, "width": NaN, "service": NaN, "roughness": 2.4000001}}, {"type": "Feature", "geometry": {"type": "LineString", "coordinates": [[-57.2427149, -25.7687955], [-57.2428187, -25.7685446]]}, "properties": {"osmid": "725865645", "oneway": "True", "lanes": "2", "ref": NaN, "name": "Teniente Manuel Cabello", "highway": "tertiary", "length": 29.772, "maxspeed": NaN, "bridge": NaN, "access": NaN, "tunnel": NaN, "junction": NaN, "width": NaN, "service": NaN, "roughness": 2.4000001}}, {"type": "Feature", "geometry": {"type": "LineString", "coordinates": [[-57.2428187, -25.7685446], [-57.2429914, -25.7681274]]}, "properties": {"osmid": "725865645", "oneway": "True", "lanes": "2", "ref": NaN, "name": "Teniente Manuel Cabello", "highway": "tertiary", "length": 49.509, "maxspeed": NaN, "bridge": NaN, "access": NaN, "tunnel": NaN, "junction": NaN, "width": NaN, "service": NaN, "roughness": 2.4000001}}, {"type": "Feature", "geometry": {"type": "LineString", "coordinates": [[-57.2429914, -25.7681274], [-57.2432859, -25.7675109]]}, "properties": {"osmid": "725865645", "oneway": "True", "lanes": "2", "ref": NaN, "name": "Teniente Manuel Cabello", "highway": "tertiary", "length": 74.626, "maxspeed": NaN, "bridge": NaN, "access": NaN, "tunnel": NaN, "junction": NaN, "width": NaN, "service": NaN, "roughness": 2.4000001}}, {"type": "Feature", "geometry": {"type": "LineString", "coordinates": [[-57.2432859, -25.7675109], [-57.2437619, -25.7662951]]}, "properties": {"osmid": "416771773", "oneway": "False", "lanes": "2", "ref": NaN, "name": "Teniente Manuel Cabello", "highway": "tertiary", "length": 143.348, "maxspeed": NaN, "bridge": NaN, "access": NaN, "tunnel": NaN, "junction": NaN, "width": NaN, "service": NaN, "roughness": 2.4000001}}, {"type": "Feature", "geometry": {"type": "LineString", "coordinates": [[-57.2437619, -25.7662951], [-57.2440493, -25.7656298]]}, "properties": {"osmid": "416771773", "oneway": "False", "lanes": "2", "ref": NaN, "name": "Teniente Manuel Cabello", "highway": "tertiary", "length": 79.379, "maxspeed": NaN, "bridge": NaN, "access": NaN, "tunnel": NaN, "junction": NaN, "width": NaN, "service": NaN, "roughness": 2.4000001}}, {"type": "Feature", "geometry": {"type": "LineString", "coordinates": [[-57.2440493, -25.7656298], [-57.2443251, -25.7649947]]}, "properties": {"osmid": "416771773", "oneway": "False", "lanes": "2", "ref": NaN, "name": "Teniente Manuel Cabello", "highway": "tertiary", "length": 75.829, "maxspeed": NaN, "bridge": NaN, "access": NaN, "tunnel": NaN, "junction": NaN, "width": NaN, "service": NaN, "roughness": 2.4000001}}, {"type": "Feature", "geometry": {"type": "LineString", "coordinates": [[-57.2443251, -25.7649947], [-57.2444249, -25.7647754]]}, "properties": {"osmid": "416771773", "oneway": "False", "lanes": "2", "ref": NaN, "name": "Teniente Manuel Cabello", "highway": "tertiary", "length": 26.354, "maxspeed": NaN, "bridge": NaN, "access": NaN, "tunnel": NaN, "junction": NaN, "width": NaN, "service": NaN, "roughness": 2.4000001}}, {"type": "Feature", "geometry": {"type": "LineString", "coordinates": [[-57.2444249, -25.7647754], [-57.2448717, -25.7637488]]}, "properties": {"osmid": "416771773", "oneway": "False", "lanes": "2", "ref": NaN, "name": "Teniente Manuel Cabello", "highway": "tertiary", "length": 122.608, "maxspeed": NaN, "bridge": NaN, "access": NaN, "tunnel": NaN, "junction": NaN, "width": NaN, "service": NaN, "roughness": 2.4000001}}, {"type": "Feature", "geometry": {"type": "LineString", "coordinates": [[-57.2448717, -25.7637488], [-57.2454253, -25.7625172]]}, "properties": {"osmid": "416771773", "oneway": "False", "lanes": "2", "ref": NaN, "name": "Teniente Manuel Cabello", "highway": "tertiary", "length": 147.744, "maxspeed": NaN, "bridge": NaN, "access": NaN, "tunnel": NaN, "junction": NaN, "width": NaN, "service": NaN, "roughness": 2.4000001}}]}