{"type": "FeatureCollection", "features": [{"type": "Feature", "geometry": {"type": "LineString", "coordinates": [[-57.3384661, -25.3517619], [-57.3369758, -25.3506854]]}, "properties": {"osmid": "164725074", "oneway": "False", "lanes": "2", "ref": "D074", "name": "Calle Pati\u00f1o", "highway": "primary", "length": 191.717, "maxspeed": "40", "bridge": NaN, "access": NaN, "tunnel": NaN, "junction": NaN, "width": NaN, "service": NaN, "roughness": 3.0}}, {"type": "Feature", "geometry": {"type": "LineString", "coordinates": [[-57.3369758, -25.3506854], [-57.3368449, -25.3506348]]}, "properties": {"osmid": "164722452", "oneway": "True", "lanes": "2", "ref": "D074", "name": NaN, "highway": "primary", "length": 14.307, "maxspeed": NaN, "bridge": NaN, "access": NaN, "tunnel": NaN, "junction": NaN, "width": NaN, "service": NaN, "roughness": 3.0}}, {"type": "Feature", "geometry": {"type": "LineString", "coordinates": [[-57.3368449, -25.3506348], [-57.3367046, -25.3506125]]}, "properties": {"osmid": "164722452", "oneway": "True", "lanes": "2", "ref": "D074", "name": NaN, "highway": "primary", "length": 14.315, "maxspeed": NaN, "bridge": NaN, "access": NaN, "tunnel": NaN, "junction": NaN, "width": NaN, "service": NaN, "roughness": 3.0}}, {"type": "Feature", "geometry": {"type": "LineString", "coordinates": [[-57.3367046, -25.3506125], [-57.3365746, -25.3506179]]}, "properties": {"osmid": "164722452", "oneway": "True", "lanes": "2", "ref": "D074", "name": NaN, "highway": "primary", "length": 13.077, "maxspeed": NaN, "bridge": NaN, "access": NaN, "tunnel": NaN, "junction": NaN, "width": NaN, "service": NaN, "roughness": 3.0}}, {"type": "Feature", "geometry": {"type": "LineString", "coordinates": [[-57.3365746, -25.3506179], [-57.3355084, -25.3522593]]}, "properties": {"osmid": "164742445", "oneway": "False", "lanes": "2", "ref": "D023", "name": "Ruta Departamental 23", "highway": "primary", "length": 211.638, "maxspeed": NaN, "bridge": NaN, "access": NaN, "tunnel": NaN, "junction": NaN, "width": NaN, "service": NaN, "roughness": 3.0}}, {"type": "Feature", "geometry": {"type": "LineString", "coordinates": [[-57.3355084, -25.3522593], [-57.3354775, -25.3523119]]}, "properties": {"osmid": "164742445", "oneway": "False", "lanes": "2", "ref": "D023", "name": "Ruta Departamental 23", "highway": "primary", "length": 6.622, "maxspeed": NaN, "bridge": NaN, "access": NaN, "tunnel": NaN, "junction": NaN, "width": NaN, "service": NaN, "roughness": 3.0}}, {"type": "Feature", "geometry": {"type": "LineString", "coordinates": [[-57.3354775, -25.3523119], [-57.3341955, -25.3542701]]}, "properties": {"osmid": "164742445", "oneway": "False", "lanes": "2", "ref": "D023", "name": "Ruta Departamental 23", "highway": "primary", "length": 252.996, "maxspeed": NaN, "bridge": NaN, "access": NaN, "tunnel": NaN, "junction": NaN, "width": NaN, "service": NaN, "roughness": 3.0}}, {"type": "Feature", "geometry": {"type": "LineString", "coordinates": [[-57.3341955, -25.3542701], [-57.3338914, -25.3546579]]}, "properties": {"osmid": "164742445", "oneway": "False", "lanes": "2", "ref": "D023", "name": "Ruta Departamental 23", "highway": "primary", "length": 52.851, "maxspeed": NaN, "bridge": NaN, "access": NaN, "tunnel": NaN, "junction": NaN, "width": NaN, "service": NaN, "roughness": 3.0}}, {"type": "Feature", "geometry": {"type": "LineString", "coordinates": [[-57.3338914, -25.3546579], [-57.3336886, -25.3548839]]}, "properties": {"osmid": "164742445", "oneway": "False", "lanes": "2", "ref": "D023", "name": "Ruta Departamental 23", "highway": "primary", "length": 32.354, "maxspeed": NaN, "bridge": NaN, "access": NaN, "tunnel": NaN, "junction": NaN, "width": NaN, "service": NaN, "roughness": 3.0}}, {"type": "Feature", "geometry": {"type": "LineString", "coordinates": [[-57.3336886, -25.3548839], [-57.3335372, -25.3550309]]}, "properties": {"osmid": "164742445", "oneway": "False", "lanes": "2", "ref": "D023", "name": "Ruta Departamental 23", "highway": "primary", "length": 22.33, "maxspeed": NaN, "bridge": NaN, "access": NaN, "tunnel": NaN, "junction": NaN, "width": NaN, "service": NaN, "roughness": 3.0}}, {"type": "Feature", "geometry": {"type": "LineString", "coordinates": [[-57.3335372, -25.3550309], [-57.3333709, -25.3551923]]}, "properties": {"osmid": "164742445", "oneway": "False", "lanes": "2", "ref": "D023", "name": "Ruta Departamental 23", "highway": "primary", "length": 24.522, "maxspeed": NaN, "bridge": NaN, "access": NaN, "tunnel": NaN, "junction": NaN, "width": NaN, "service": NaN, "roughness": 3.0}}, {"type": "Feature", "geometry": {"type": "LineString", "coordinates": [[-57.3333709, -25.3551923], [-57.3330026, -25.3554611]]}, "properties": {"osmid": "164742445", "oneway": "False", "lanes": "2", "ref": "D023", "name": "Ruta Departamental 23", "highway": "primary", "length": 47.571, "maxspeed": NaN, "bridge": NaN, "access": NaN, "tunnel": NaN, "junction": NaN, "width": NaN, "service": NaN, "roughness": 3.0}}, {"type": "Feature", "geometry": {"type": "LineString", "coordinates": [[-57.3330026, -25.3554611], [-57.3327491, -25.3556535]]}, "properties": {"osmid": "164742445", "oneway": "False", "lanes": "2", "ref": "D023", "name": "Ruta Departamental 23", "highway": "primary", "length": 33.265, "maxspeed": NaN, "bridge": NaN, "access": NaN, "tunnel": NaN, "junction": NaN, "width": NaN, "service": NaN, "roughness": 3.0}}, {"type": "Feature", "geometry": {"type": "LineString", "coordinates": [[-57.3327491, -25.3556535], [-57.3323826, -25.3558786]]}, "properties": {"osmid": "164742445", "oneway": "False", "lanes": "2", "ref": "D023", "name": "Ruta Departamental 23", "highway": "primary", "length": 44.528, "maxspeed": NaN, "bridge": NaN, "access": NaN, "tunnel": NaN, "junction": NaN, "width": NaN, "service": NaN, "roughness": 3.0}}, {"type": "Feature", "geometry": {"type": "LineString", "coordinates": [[-57.3323826, -25.3558786], [-57.332001, -25.3560646]]}, "properties": {"osmid": "164742445", "oneway": "False", "lanes": "2", "ref": "D023", "name": "Ruta Departamental 23", "highway": "primary", "length": 43.567, "maxspeed": NaN, "bridge": NaN, "access": NaN, "tunnel": NaN, "junction": NaN, "width": NaN, "service": NaN, "roughness": 3.0}}, {"type": "Feature", "geometry": {"type": "LineString", "coordinates": [[-57.332001, -25.3560646], [-57.3312914, -25.3563533]]}, "properties": {"osmid": "164742445", "oneway": "False", "lanes": "2", "ref": "D023", "name": "Ruta Departamental 23", "highway": "primary", "length": 78.196, "maxspeed": NaN, "bridge": NaN, "access": NaN, "tunnel": NaN, "junction": NaN, "width": NaN, "service": NaN, "roughness": 3.0}}, {"type": "Feature", "geometry": {"type": "LineString", "coordinates": [[-57.3312914, -25.3563533], [-57.3297476, -25.3569233]]}, "properties": {"osmid": "164742445", "oneway": "False", "lanes": "2", "ref": "D023", "name": "Ruta Departamental 23", "highway": "primary", "length": 167.574, "maxspeed": NaN, "bridge": NaN, "access": NaN, "tunnel": NaN, "junction": NaN, "width": NaN, "service": NaN, "roughness": 3.0}}, {"type": "Feature", "geometry": {"type": "LineString", "coordinates": [[-57.3297476, -25.3569233], [-57.3293922, -25.3570544]]}, "properties": {"osmid": "164742445", "oneway": "False", "lanes": "2", "ref": "D023", "name": "Ruta Departamental 23", "highway": "primary", "length": 38.572, "maxspeed": NaN, "bridge": NaN, "access": NaN, "tunnel": NaN, "junction": NaN, "width": NaN, "service": NaN, "roughness": 3.0}}, {"type": "Feature", "geometry": {"type": "LineString", "coordinates": [[-57.3293922, -25.3570544], [-57.325834, -25.3583853]]}, "properties": {"osmid": "164742445", "oneway": "False", "lanes": "2", "ref": "D023", "name": "Ruta Departamental 23", "highway": "primary", "length": 386.951, "maxspeed": NaN, "bridge": NaN, "access": NaN, "tunnel": NaN, "junction": NaN, "width": NaN, "service": NaN, "roughness": 3.0}}, {"type": "Feature", "geometry": {"type": "LineString", "coordinates": [[-57.325834, -25.3583853], [-57.3244393, -25.358904]]}, "properties": {"osmid": "164742445", "oneway": "False", "lanes": "2", "ref": "D023", "name": "Ruta Departamental 23", "highway": "primary", "length": 151.545, "maxspeed": NaN, "bridge": NaN, "access": NaN, "tunnel": NaN, "junction": NaN, "width": NaN, "service": NaN, "roughness": 3.0}}, {"type": "Feature", "geometry": {"type": "LineString", "coordinates": [[-57.3244393, -25.358904], [-57.3233346, -25.359331]]}, "properties": {"osmid": "164742445", "oneway": "False", "lanes": "2", "ref": "D023", "name": "Ruta Departamental 23", "highway": "primary", "length": 120.729, "maxspeed": NaN, "bridge": NaN, "access": NaN, "tunnel": NaN, "junction": NaN, "width": NaN, "service": NaN, "roughness": 3.0}}, {"type": "Feature", "geometry": {"type": "LineString", "coordinates": [[-57.3233346, -25.359331], [-57.3230162, -25.3594496]]}, "properties": {"osmid": "164742442", "oneway": "False", "lanes": "2", "ref": "D023", "name": "Ruta Departamental 23", "highway": "primary", "length": 34.604, "maxspeed": NaN, "bridge": "yes", "access": NaN, "tunnel": NaN, "junction": NaN, "width": NaN, "service": NaN, "roughness": 3.0}}, {"type": "Feature", "geometry": {"type": "LineString", "coordinates": [[-57.3230162, -25.3594496], [-57.3226102, -25.3596068]]}, "properties": {"osmid": "854781648", "oneway": "False", "lanes": "2", "ref": "D023", "name": "Ruta Departamental 23", "highway": "primary", "length": 44.382, "maxspeed": NaN, "bridge": NaN, "access": NaN, "tunnel": NaN, "junction": NaN, "width": NaN, "service": NaN, "roughness": 3.0}}, {"type": "Feature", "geometry": {"type": "LineString", "coordinates": [[-57.3226102, -25.3596068], [-57.3221512, -25.359811]]}, "properties": {"osmid": "854781648", "oneway": "False", "lanes": "2", "ref": "D023", "name": "Ruta Departamental 23", "highway": "primary", "length": 51.407, "maxspeed": NaN, "bridge": NaN, "access": NaN, "tunnel": NaN, "junction": NaN, "width": NaN, "service": NaN, "roughness": 3.0}}, {"type": "Feature", "geometry": {"type": "LineString", "coordinates": [[-57.3221512, -25.359811], [-57.321706, -25.3600243]]}, "properties": {"osmid": "854781648", "oneway": "False", "lanes": "2", "ref": "D023", "name": "Ruta Departamental 23", "highway": "primary", "length": 50.632, "maxspeed": NaN, "bridge": NaN, "access": NaN, "tunnel": NaN, "junction": NaN, "width": NaN, "service": NaN, "roughness": 3.0}}, {"type": "Feature", "geometry": {"type": "LineString", "coordinates": [[-57.321706, -25.3600243], [-57.3212446, -25.3602667]]}, "properties": {"osmid": "854781648", "oneway": "False", "lanes": "2", "ref": "D023", "name": "Ruta Departamental 23", "highway": "primary", "length": 53.627, "maxspeed": NaN, "bridge": NaN, "access": NaN, "tunnel": NaN, "junction": NaN, "width": NaN, "service": NaN, "roughness": 3.0}}, {"type": "Feature", "geometry": {"type": "LineString", "coordinates": [[-57.3212446, -25.3602667], [-57.3208477, -25.3605042]]}, "properties": {"osmid": "854781648", "oneway": "False", "lanes": "2", "ref": "D023", "name": "Ruta Departamental 23", "highway": "primary", "length": 47.832, "maxspeed": NaN, "bridge": NaN, "access": NaN, "tunnel": NaN, "junction": NaN, "width": NaN, "service": NaN, "roughness": 3.0}}, {"type": "Feature", "geometry": {"type": "LineString", "coordinates": [[-57.3208477, -25.3605042], [-57.3204239, -25.3608047]]}, "properties": {"osmid": "854781648", "oneway": "False", "lanes": "2", "ref": "D023", "name": "Ruta Departamental 23", "highway": "primary", "length": 54.128, "maxspeed": NaN, "bridge": NaN, "access": NaN, "tunnel": NaN, "junction": NaN, "width": NaN, "service": NaN, "roughness": 3.0}}, {"type": "Feature", "geometry": {"type": "LineString", "coordinates": [[-57.3204239, -25.3608047], [-57.3175123, -25.3629078]]}, "properties": {"osmid": "854781648", "oneway": "False", "lanes": "2", "ref": "D023", "name": "Ruta Departamental 23", "highway": "primary", "length": 374.533, "maxspeed": NaN, "bridge": NaN, "access": NaN, "tunnel": NaN, "junction": NaN, "width": NaN, "service": NaN, "roughness": 3.0}}, {"type": "Feature", "geometry": {"type": "LineString", "coordinates": [[-57.3175123, -25.3629078], [-57.3173127, -25.3630574]]}, "properties": {"osmid": "854781648", "oneway": "False", "lanes": "2", "ref": "D023", "name": "Ruta Departamental 23", "highway": "primary", "length": 26.056, "maxspeed": NaN, "bridge": NaN, "access": NaN, "tunnel": NaN, "junction": NaN, "width": NaN, "service": NaN, "roughness": 3.0}}, {"type": "Feature", "geometry": {"type": "LineString", "coordinates": [[-57.3173127, -25.3630574], [-57.3168277, -25.3634074]]}, "properties": {"osmid": "854781648", "oneway": "False", "lanes": "2", "ref": "D023", "name": "Ruta Departamental 23", "highway": "primary", "length": 62.365, "maxspeed": NaN, "bridge": NaN, "access": NaN, "tunnel": NaN, "junction": NaN, "width": NaN, "service": NaN, "roughness": 3.0}}, {"type": "Feature", "geometry": {"type": "LineString", "coordinates": [[-57.3168277, -25.3634074], [-57.3144848, -25.3650982]]}, "properties": {"osmid": "854781648", "oneway": "False", "lanes": "2", "ref": "D023", "name": "Ruta Departamental 23", "highway": "primary", "length": 301.269, "maxspeed": NaN, "bridge": NaN, "access": NaN, "tunnel": NaN, "junction": NaN, "width": NaN, "service": NaN, "roughness": 3.0}}, {"type": "Feature", "geometry": {"type": "LineString", "coordinates": [[-57.3144848, -25.3650982], [-57.3137148, -25.3656612]]}, "properties": {"osmid": "854781648", "oneway": "False", "lanes": "2", "ref": "D023", "name": "Ruta Departamental 23", "highway": "primary", "length": 99.522, "maxspeed": NaN, "bridge": NaN, "access": NaN, "tunnel": NaN, "junction": NaN, "width": NaN, "service": NaN, "roughness": 3.0}}, {"type": "Feature", "geometry": {"type": "LineString", "coordinates": [[-57.3137148, -25.3656612], [-57.3134165, -25.3658737]]}, "properties": {"osmid": "854781648", "oneway": "False", "lanes": "2", "ref": "D023", "name": "Ruta Departamental 23", "highway": "primary", "length": 38.166, "maxspeed": NaN, "bridge": NaN, "access": NaN, "tunnel": NaN, "junction": NaN, "width": NaN, "service": NaN, "roughness": 3.0}}, {"type": "Feature", "geometry": {"type": "LineString", "coordinates": [[-57.3134165, -25.3658737], [-57.3118461, -25.3670004]]}, "properties": {"osmid": "854781648", "oneway": "False", "lanes": "2", "ref": "D023", "name": "Ruta Departamental 23", "highway": "primary", "length": 201.475, "maxspeed": NaN, "bridge": NaN, "access": NaN, "tunnel": NaN, "junction": NaN, "width": NaN, "service": NaN, "roughness": 3.0}}, {"type": "Feature", "geometry": {"type": "LineString", "coordinates": [[-57.3118461, -25.3670004], [-57.310652, -25.3678559]]}, "properties": {"osmid": "854781648", "oneway": "False", "lanes": "2", "ref": "D023", "name": "Ruta Departamental 23", "highway": "primary", "length": 153.112, "maxspeed": NaN, "bridge": NaN, "access": NaN, "tunnel": NaN, "junction": NaN, "width": NaN, "service": NaN, "roughness": 3.0}}, {"type": "Feature", "geometry": {"type": "LineString", "coordinates": [[-57.310652, -25.3678559], [-57.3095952, -25.368568]]}, "properties": {"osmid": "854781648", "oneway": "False", "lanes": "2", "ref": "D023", "name": "Ruta Departamental 23", "highway": "primary", "length": 132.454, "maxspeed": NaN, "bridge": NaN, "access": NaN, "tunnel": NaN, "junction": NaN, "width": NaN, "service": NaN, "roughness": 3.0}}, {"type": "Feature", "geometry": {"type": "LineString", "coordinates": [[-57.3095952, -25.368568], [-57.3088018, -25.3691465]]}, "properties": {"osmid": "854781648", "oneway": "False", "lanes": "2", "ref": "D023", "name": "Ruta Departamental 23", "highway": "primary", "length": 102.432, "maxspeed": NaN, "bridge": NaN, "access": NaN, "tunnel": NaN, "junction": NaN, "width": NaN, "service": NaN, "roughness": 3.0}}, {"type": "Feature", "geometry": {"type": "LineString", "coordinates": [[-57.3088018, -25.3691465], [-57.3081213, -25.3696918]]}, "properties": {"osmid": "854781648", "oneway": "False", "lanes": "2", "ref": "D023", "name": "Ruta Departamental 23", "highway": "primary", "length": 91.385, "maxspeed": NaN, "bridge": NaN, "access": NaN, "tunnel": NaN, "junction": NaN, "width": NaN, "service": NaN, "roughness": 3.0}}, {"type": "Feature", "geometry": {"type": "LineString", "coordinates": [[-57.3081213, -25.3696918], [-57.3072842, -25.3702846]]}, "properties": {"osmid": "854781648", "oneway": "False", "lanes": "2", "ref": "D023", "name": "Ruta Departamental 23", "highway": "primary", "length": 106.858, "maxspeed": NaN, "bridge": NaN, "access": NaN, "tunnel": NaN, "junction": NaN, "width": NaN, "service": NaN, "roughness": 3.0}}, {"type": "Feature", "geometry": {"type": "LineString", "coordinates": [[-57.3072842, -25.3702846], [-57.3066571, -25.3707954]]}, "properties": {"osmid": "854781648", "oneway": "False", "lanes": "2", "ref": "D023", "name": "Ruta Departamental 23", "highway": "primary", "length": 84.828, "maxspeed": NaN, "bridge": NaN, "access": NaN, "tunnel": NaN, "junction": NaN, "width": NaN, "service": NaN, "roughness": 3.0}}, {"type": "Feature", "geometry": {"type": "LineString", "coordinates": [[-57.3066571, -25.3707954], [-57.3062976, -25.3711147]]}, "properties": {"osmid": "854781648", "oneway": "False", "lanes": "2", "ref": "D023", "name": "Ruta Departamental 23", "highway": "primary", "length": 50.648, "maxspeed": NaN, "bridge": NaN, "access": NaN, "tunnel": NaN, "junction": NaN, "width": NaN, "service": NaN, "roughness": 3.0}}, {"type": "Feature", "geometry": {"type": "LineString", "coordinates": [[-57.3062976, -25.3711147], [-57.3059795, -25.3714014]]}, "properties": {"osmid": "854781648", "oneway": "False", "lanes": "2", "ref": "D023", "name": "Ruta Departamental 23", "highway": "primary", "length": 45.141, "maxspeed": NaN, "bridge": NaN, "access": NaN, "tunnel": NaN, "junction": NaN, "width": NaN, "service": NaN, "roughness": 3.0}}, {"type": "Feature", "geometry": {"type": "LineString", "coordinates": [[-57.3059795, -25.3714014], [-57.305644, -25.3717191]]}, "properties": {"osmid": "854781648", "oneway": "False", "lanes": "2", "ref": "D023", "name": "Ruta Departamental 23", "highway": "primary", "length": 48.828, "maxspeed": NaN, "bridge": NaN, "access": NaN, "tunnel": NaN, "junction": NaN, "width": NaN, "service": NaN, "roughness": 3.0}}, {"type": "Feature", "geometry": {"type": "LineString", "coordinates": [[-57.305644, -25.3717191], [-57.3052899, -25.3720892]]}, "properties": {"osmid": "854781648", "oneway": "False", "lanes": "2", "ref": "D023", "name": "Ruta Departamental 23", "highway": "primary", "length": 54.399, "maxspeed": NaN, "bridge": NaN, "access": NaN, "tunnel": NaN, "junction": NaN, "width": NaN, "service": NaN, "roughness": 3.0}}, {"type": "Feature", "geometry": {"type": "LineString", "coordinates": [[-57.3052899, -25.3720892], [-57.3049152, -25.3725099]]}, "properties": {"osmid": "854781648", "oneway": "False", "lanes": "2", "ref": "D023", "name": "Ruta Departamental 23", "highway": "primary", "length": 60.046, "maxspeed": NaN, "bridge": NaN, "access": NaN, "tunnel": NaN, "junction": NaN, "width": NaN, "service": NaN, "roughness": 3.0}}, {"type": "Feature", "geometry": {"type": "LineString", "coordinates": [[-57.3049152, -25.3725099], [-57.3046079, -25.3728826]]}, "properties": {"osmid": "854781648", "oneway": "False", "lanes": "2", "ref": "D023", "name": "Ruta Departamental 23", "highway": "primary", "length": 51.679, "maxspeed": NaN, "bridge": NaN, "access": NaN, "tunnel": NaN, "junction": NaN, "width": NaN, "service": NaN, "roughness": 3.0}}, {"type": "Feature", "geometry": {"type": "LineString", "coordinates": [[-57.3046079, -25.3728826], [-57.3043096, -25.3732871]]}, "properties": {"osmid": "854781648", "oneway": "False", "lanes": "2", "ref": "D023", "name": "Ruta Departamental 23", "highway": "primary", "length": 54.049, "maxspeed": NaN, "bridge": NaN, "access": NaN, "tunnel": NaN, "junction": NaN, "width": NaN, "service": NaN, "roughness": 3.0}}, {"type": "Feature", "geometry": {"type": "LineString", "coordinates": [[-57.3043096, -25.3732871], [-57.3040783, -25.3736074]]}, "properties": {"osmid": "854781648", "oneway": "False", "lanes": "2", "ref": "D023", "name": "Ruta Departamental 23", "highway": "primary", "length": 42.527, "maxspeed": NaN, "bridge": NaN, "access": NaN, "tunnel": NaN, "junction": NaN, "width": NaN, "service": NaN, "roughness": 3.0}}, {"type": "Feature", "geometry": {"type": "LineString", "coordinates": [[-57.3040783, -25.3736074], [-57.3040124, -25.3736986]]}, "properties": {"osmid": "854781648", "oneway": "False", "lanes": "2", "ref": "D023", "name": "Ruta Departamental 23", "highway": "primary", "length": 12.111, "maxspeed": NaN, "bridge": NaN, "access": NaN, "tunnel": NaN, "junction": NaN, "width": NaN, "service": NaN, "roughness": 3.0}}, {"type": "Feature", "geometry": {"type": "LineString", "coordinates": [[-57.3040124, -25.3736986], [-57.3034835, -25.3745383]]}, "properties": {"osmid": "854781648", "oneway": "False", "lanes": "2", "ref": "D023", "name": "Ruta Departamental 23", "highway": "primary", "length": 107.432, "maxspeed": NaN, "bridge": NaN, "access": NaN, "tunnel": NaN, "junction": NaN, "width": NaN, "service": NaN, "roughness": 3.0}}, {"type": "Feature", "geometry": {"type": "LineString", "coordinates": [[-57.3034835, -25.3745383], [-57.3032142, -25.3750061]]}, "properties": {"osmid": "854781648", "oneway": "False", "lanes": "2", "ref": "D023", "name": "Ruta Departamental 23", "highway": "primary", "length": 58.633, "maxspeed": NaN, "bridge": NaN, "access": NaN, "tunnel": NaN, "junction": NaN, "width": NaN, "service": NaN, "roughness": 3.0}}, {"type": "Feature", "geometry": {"type": "LineString", "coordinates": [[-57.3032142, -25.3750061], [-57.3029591, -25.3755198]]}, "properties": {"osmid": "854781648", "oneway": "False", "lanes": "2", "ref": "D023", "name": "Ruta Departamental 23", "highway": "primary", "length": 62.607, "maxspeed": NaN, "bridge": NaN, "access": NaN, "tunnel": NaN, "junction": NaN, "width": NaN, "service": NaN, "roughness": 3.0}}, {"type": "Feature", "geometry": {"type": "LineString", "coordinates": [[-57.3029591, -25.3755198], [-57.3027705, -25.3759641]]}, "properties": {"osmid": "854781648", "oneway": "False", "lanes": "2", "ref": "D023", "name": "Ruta Departamental 23", "highway": "primary", "length": 52.913, "maxspeed": NaN, "bridge": NaN, "access": NaN, "tunnel": NaN, "junction": NaN, "width": NaN, "service": NaN, "roughness": 3.0}}, {"type": "Feature", "geometry": {"type": "LineString", "coordinates": [[-57.3027705, -25.3759641], [-57.3025817, -25.3764635]]}, "properties": {"osmid": "854781648", "oneway": "False", "lanes": "2", "ref": "D023", "name": "Ruta Departamental 23", "highway": "primary", "length": 58.681, "maxspeed": NaN, "bridge": NaN, "access": NaN, "tunnel": NaN, "junction": NaN, "width": NaN, "service": NaN, "roughness": 3.0}}, {"type": "Feature", "geometry": {"type": "LineString", "coordinates": [[-57.3025817, -25.3764635], [-57.3025645, -25.3765099]]}, "properties": {"osmid": "854781648", "oneway": "False", "lanes": "2", "ref": "D023", "name": "Ruta Departamental 23", "highway": "primary", "length": 5.441, "maxspeed": NaN, "bridge": NaN, "access": NaN, "tunnel": NaN, "junction": NaN, "width": NaN, "service": NaN, "roughness": 3.0}}, {"type": "Feature", "geometry": {"type": "LineString", "coordinates": [[-57.3025645, -25.3765099], [-57.3023173, -25.3771748]]}, "properties": {"osmid": "854781648", "oneway": "False", "lanes": "2", "ref": "D023", "name": "Ruta Departamental 23", "highway": "primary", "length": 77.993, "maxspeed": NaN, "bridge": NaN, "access": NaN, "tunnel": NaN, "junction": NaN, "width": NaN, "service": NaN, "roughness": 3.0}}, {"type": "Feature", "geometry": {"type": "LineString", "coordinates": [[-57.3023173, -25.3771748], [-57.30217, -25.3776849]]}, "properties": {"osmid": "854781648", "oneway": "False", "lanes": "2", "ref": "D023", "name": "Ruta Departamental 23", "highway": "primary", "length": 58.619, "maxspeed": NaN, "bridge": NaN, "access": NaN, "tunnel": NaN, "junction": NaN, "width": NaN, "service": NaN, "roughness": 3.0}}, {"type": "Feature", "geometry": {"type": "LineString", "coordinates": [[-57.30217, -25.3776849], [-57.301919, -25.3787699]]}, "properties": {"osmid": "854781648", "oneway": "False", "lanes": "2", "ref": "D023", "name": "Ruta Departamental 23", "highway": "primary", "length": 123.254, "maxspeed": NaN, "bridge": NaN, "access": NaN, "tunnel": NaN, "junction": NaN, "width": NaN, "service": NaN, "roughness": 3.0}}, {"type": "Feature", "geometry": {"type": "LineString", "coordinates": [[-57.301919, -25.3787699], [-57.3019063, -25.3789812]]}, "properties": {"osmid": "854781648", "oneway": "False", "lanes": "2", "ref": "D023", "name": "Ruta Departamental 23", "highway": "primary", "length": 23.53, "maxspeed": NaN, "bridge": NaN, "access": NaN, "tunnel": NaN, "junction": NaN, "width": NaN, "service": NaN, "roughness": 3.0}}, {"type": "Feature", "geometry": {"type": "LineString", "coordinates": [[-57.3019063, -25.3789812], [-57.3017612, -25.3794753]]}, "properties": {"osmid": "854781648", "oneway": "False", "lanes": "2", "ref": "D023", "name": "Ruta Departamental 23", "highway": "primary", "length": 56.842, "maxspeed": NaN, "bridge": NaN, "access": NaN, "tunnel": NaN, "junction": NaN, "width": NaN, "service": NaN, "roughness": 3.0}}, {"type": "Feature", "geometry": {"type": "LineString", "coordinates": [[-57.3017612, -25.3794753], [-57.301508, -25.3802357]]}, "properties": {"osmid": "854781648", "oneway": "False", "lanes": "2", "ref": "D023", "name": "Ruta Departamental 23", "highway": "primary", "length": 88.296, "maxspeed": NaN, "bridge": NaN, "access": NaN, "tunnel": NaN, "junction": NaN, "width": NaN, "service": NaN, "roughness": 3.0}}, {"type": "Feature", "geometry": {"type": "LineString", "coordinates": [[-57.301508, -25.3802357], [-57.3012634, -25.3808673]]}, "properties": {"osmid": "854781648", "oneway": "False", "lanes": "2", "ref": "D023", "name": "Ruta Departamental 23", "highway": "primary", "length": 74.406, "maxspeed": NaN, "bridge": NaN, "access": NaN, "tunnel": NaN, "junction": NaN, "width": NaN, "service": NaN, "roughness": 3.0}}, {"type": "Feature", "geometry": {"type": "LineString", "coordinates": [[-57.3012634, -25.3808673], [-57.3010365, -25.3813994]]}, "properties": {"osmid": "854781648", "oneway": "False", "lanes": "2", "ref": "D023", "name": "Ruta Departamental 23", "highway": "primary", "length": 63.406, "maxspeed": NaN, "bridge": NaN, "access": NaN, "tunnel": NaN, "junction": NaN, "width": NaN, "service": NaN, "roughness": 3.0}}, {"type": "Feature", "geometry": {"type": "LineString", "coordinates": [[-57.3010365, -25.3813994], [-57.3007677, -25.3819211]]}, "properties": {"osmid": "854781648", "oneway": "False", "lanes": "2", "ref": "D023", "name": "Ruta Departamental 23", "highway": "primary", "length": 63.988, "maxspeed": NaN, "bridge": NaN, "access": NaN, "tunnel": NaN, "junction": NaN, "width": NaN, "service": NaN, "roughness": 3.0}}, {"type": "Feature", "geometry": {"type": "LineString", "coordinates": [[-57.3007677, -25.3819211], [-57.300569, -25.3822757]]}, "properties": {"osmid": "854781648", "oneway": "False", "lanes": "2", "ref": "D023", "name": "Ruta Departamental 23", "highway": "primary", "length": 44.195, "maxspeed": NaN, "bridge": NaN, "access": NaN, "tunnel": NaN, "junction": NaN, "width": NaN, "service": NaN, "roughness": 3.0}}, {"type": "Feature", "geometry": {"type": "LineString", "coordinates": [[-57.300569, -25.3822757], [-57.3002179, -25.3828388]]}, "properties": {"osmid": "854781648", "oneway": "False", "lanes": "2", "ref": "D023", "name": "Ruta Departamental 23", "highway": "primary", "length": 71.865, "maxspeed": NaN, "bridge": NaN, "access": NaN, "tunnel": NaN, "junction": NaN, "width": NaN, "service": NaN, "roughness": 3.0}}, {"type": "Feature", "geometry": {"type": "LineString", "coordinates": [[-57.3002179, -25.3828388], [-57.2997745, -25.3835656]]}, "properties": {"osmid": "854781648", "oneway": "False", "lanes": "2", "ref": "D023", "name": "Ruta Departamental 23", "highway": "primary", "length": 92.279, "maxspeed": NaN, "bridge": NaN, "access": NaN, "tunnel": NaN, "junction": NaN, "width": NaN, "service": NaN, "roughness": 3.0}}, {"type": "Feature", "geometry": {"type": "LineString", "coordinates": [[-57.2997745, -25.3835656], [-57.2981311, -25.386266]]}, "properties": {"osmid": "854781648", "oneway": "False", "lanes": "2", "ref": "D023", "name": "Ruta Departamental 23", "highway": "primary", "length": 342.664, "maxspeed": NaN, "bridge": NaN, "access": NaN, "tunnel": NaN, "junction": NaN, "width": NaN, "service": NaN, "roughness": 3.0}}, {"type": "Feature", "geometry": {"type": "LineString", "coordinates": [[-57.2981311, -25.386266], [-57.2963694, -25.3890658]]}, "properties": {"osmid": "854781648", "oneway": "False", "lanes": "2", "ref": "D023", "name": "Ruta Departamental 23", "highway": "primary", "length": 358.11, "maxspeed": NaN, "bridge": NaN, "access": NaN, "tunnel": NaN, "junction": NaN, "width": NaN, "service": NaN, "roughness": 3.0}}, {"type": "Feature", "geometry": {"type": "LineString", "coordinates": [[-57.2963694, -25.3890658], [-57.2956646, -25.3902258]]}, "properties": {"osmid": "854781648", "oneway": "False", "lanes": "2", "ref": "D023", "name": "Ruta Departamental 23", "highway": "primary", "length": 147.14, "maxspeed": NaN, "bridge": NaN, "access": NaN, "tunnel": NaN, "junction": NaN, "width": NaN, "service": NaN, "roughness": 3.0}}, {"type": "Feature", "geometry": {"type": "LineString", "coordinates": [[-57.2956646, -25.3902258], [-57.2947322, -25.3916905]]}, "properties": {"osmid": "854781648", "oneway": "False", "lanes": "2", "ref": "D023", "name": "Ruta Departamental 23", "highway": "primary", "length": 187.879, "maxspeed": NaN, "bridge": NaN, "access": NaN, "tunnel": NaN, "junction": NaN, "width": NaN, "service": NaN, "roughness": 3.0}}, {"type": "Feature", "geometry": {"type": "LineString", "coordinates": [[-57.2947322, -25.3916905], [-57.2940681, -25.3927821]]}, "properties": {"osmid": "854781648", "oneway": "False", "lanes": "2", "ref": "D023", "name": "Ruta Departamental 23", "highway": "primary", "length": 138.505, "maxspeed": NaN, "bridge": NaN, "access": NaN, "tunnel": NaN, "junction": NaN, "width": NaN, "service": NaN, "roughness": 3.0}}, {"type": "Feature", "geometry": {"type": "LineString", "coordinates": [[-57.2940681, -25.3927821], [-57.2939606, -25.392998]]}, "properties": {"osmid": "854781648", "oneway": "False", "lanes": "2", "ref": "D023", "name": "Ruta Departamental 23", "highway": "primary", "length": 26.324, "maxspeed": NaN, "bridge": NaN, "access": NaN, "tunnel": NaN, "junction": NaN, "width": NaN, "service": NaN, "roughness": 3.0}}, {"type": "Feature", "geometry": {"type": "LineString", "coordinates": [[-57.2939606, -25.392998], [-57.2938297, -25.3932769]]}, "properties": {"osmid": "854781648", "oneway": "False", "lanes": "2", "ref": "D023", "name": "Ruta Departamental 23", "highway": "primary", "length": 33.685, "maxspeed": NaN, "bridge": NaN, "access": NaN, "tunnel": NaN, "junction": NaN, "width": NaN, "service": NaN, "roughness": 3.0}}, {"type": "Feature", "geometry": {"type": "LineString", "coordinates": [[-57.2938297, -25.3932769], [-57.2937358, -25.3935599]]}, "properties": {"osmid": "854781648", "oneway": "False", "lanes": "2", "ref": "D023", "name": "Ruta Departamental 23", "highway": "primary", "length": 32.851, "maxspeed": NaN, "bridge": NaN, "access": NaN, "tunnel": NaN, "junction": NaN, "width": NaN, "service": NaN, "roughness": 3.0}}, {"type": "Feature", "geometry": {"type": "LineString", "coordinates": [[-57.2937358, -25.3935599], [-57.2936945, -25.393795]]}, "properties": {"osmid": "854781648", "oneway": "False", "lanes": "2", "ref": "D023", "name": "Ruta Departamental 23", "highway": "primary", "length": 26.469, "maxspeed": NaN, "bridge": NaN, "access": NaN, "tunnel": NaN, "junction": NaN, "width": NaN, "service": NaN, "roughness": 3.0}}, {"type": "Feature", "geometry": {"type": "LineString", "coordinates": [[-57.2936945, -25.393795], [-57.2936801, -25.3941549]]}, "properties": {"osmid": "854781648", "oneway": "False", "lanes": "2", "ref": "D023", "name": "Ruta Departamental 23", "highway": "primary", "length": 40.045, "maxspeed": NaN, "bridge": NaN, "access": NaN, "tunnel": NaN, "junction": NaN, "width": NaN, "service": NaN, "roughness": 3.0}}, {"type": "Feature", "geometry": {"type": "LineString", "coordinates": [[-57.2936801, -25.3941549], [-57.2936629, -25.394762]]}, "properties": {"osmid": "854781648", "oneway": "False", "lanes": "2", "ref": "D023", "name": "Ruta Departamental 23", "highway": "primary", "length": 67.529, "maxspeed": NaN, "bridge": NaN, "access": NaN, "tunnel": NaN, "junction": NaN, "width": NaN, "service": NaN, "roughness": 3.0}}, {"type": "Feature", "geometry": {"type": "LineString", "coordinates": [[-57.2936629, -25.394762], [-57.2936855, -25.3952335]]}, "properties": {"osmid": "854781648", "oneway": "False", "lanes": "2", "ref": "D023", "name": "Ruta Departamental 23", "highway": "primary", "length": 52.478, "maxspeed": NaN, "bridge": NaN, "access": NaN, "tunnel": NaN, "junction": NaN, "width": NaN, "service": NaN, "roughness": 3.0}}, {"type": "Feature", "geometry": {"type": "LineString", "coordinates": [[-57.2936855, -25.3952335], [-57.2936926, -25.3953523]]}, "properties": {"osmid": "854781648", "oneway": "False", "lanes": "2", "ref": "D023", "name": "Ruta Departamental 23", "highway": "primary", "length": 13.229, "maxspeed": NaN, "bridge": NaN, "access": NaN, "tunnel": NaN, "junction": NaN, "width": NaN, "service": NaN, "roughness": 3.0}}, {"type": "Feature", "geometry": {"type": "LineString", "coordinates": [[-57.2936926, -25.3953523], [-57.2936783, -25.3956114]]}, "properties": {"osmid": "854781648", "oneway": "False", "lanes": "2", "ref": "D023", "name": "Ruta Departamental 23", "highway": "primary", "length": 28.846, "maxspeed": NaN, "bridge": NaN, "access": NaN, "tunnel": NaN, "junction": NaN, "width": NaN, "service": NaN, "roughness": 3.0}}, {"type": "Feature", "geometry": {"type": "LineString", "coordinates": [[-57.2936783, -25.3956114], [-57.2937087, -25.3957763]]}, "properties": {"osmid": "854781648", "oneway": "False", "lanes": "2", "ref": "D023", "name": "Ruta Departamental 23", "highway": "primary", "length": 18.589, "maxspeed": NaN, "bridge": NaN, "access": NaN, "tunnel": NaN, "junction": NaN, "width": NaN, "service": NaN, "roughness": 3.0}}, {"type": "Feature", "geometry": {"type": "LineString", "coordinates": [[-57.2937087, -25.3957763], [-57.2937036, -25.3959473]]}, "properties": {"osmid": "854781648", "oneway": "False", "lanes": "2", "ref": "D023", "name": "Ruta Departamental 23", "highway": "primary", "length": 19.021, "maxspeed": NaN, "bridge": NaN, "access": NaN, "tunnel": NaN, "junction": NaN, "width": NaN, "service": NaN, "roughness": 3.0}}, {"type": "Feature", "geometry": {"type": "LineString", "coordinates": [[-57.2937036, -25.3959473], [-57.2936368, -25.3961206]]}, "properties": {"osmid": "854781648", "oneway": "False", "lanes": "2", "ref": "D023", "name": "Ruta Departamental 23", "highway": "primary", "length": 20.405, "maxspeed": NaN, "bridge": NaN, "access": NaN, "tunnel": NaN, "junction": NaN, "width": NaN, "service": NaN, "roughness": 3.0}}, {"type": "Feature", "geometry": {"type": "LineString", "coordinates": [[-57.2936368, -25.3961206], [-57.2935097, -25.3963534]]}, "properties": {"osmid": "854781648", "oneway": "False", "lanes": "2", "ref": "D023", "name": "Ruta Departamental 23", "highway": "primary", "length": 28.863, "maxspeed": NaN, "bridge": NaN, "access": NaN, "tunnel": NaN, "junction": NaN, "width": NaN, "service": NaN, "roughness": 3.0}}, {"type": "Feature", "geometry": {"type": "LineString", "coordinates": [[-57.2935097, -25.3963534], [-57.2932666, -25.3967074]]}, "properties": {"osmid": "854781648", "oneway": "False", "lanes": "2", "ref": "D023", "name": "Ruta Departamental 23", "highway": "primary", "length": 46.322, "maxspeed": NaN, "bridge": NaN, "access": NaN, "tunnel": NaN, "junction": NaN, "width": NaN, "service": NaN, "roughness": 3.0}}, {"type": "Feature", "geometry": {"type": "LineString", "coordinates": [[-57.2932666, -25.3967074], [-57.2928868, -25.3973622]]}, "properties": {"osmid": "854781648", "oneway": "False", "lanes": "2", "ref": "D023", "name": "Ruta Departamental 23", "highway": "primary", "length": 82.2, "maxspeed": NaN, "bridge": NaN, "access": NaN, "tunnel": NaN, "junction": NaN, "width": NaN, "service": NaN, "roughness": 3.0}}, {"type": "Feature", "geometry": {"type": "LineString", "coordinates": [[-57.2928868, -25.3973622], [-57.2927313, -25.3976348]]}, "properties": {"osmid": "854781648", "oneway": "False", "lanes": "2", "ref": "D023", "name": "Ruta Departamental 23", "highway": "primary", "length": 34.1, "maxspeed": NaN, "bridge": NaN, "access": NaN, "tunnel": NaN, "junction": NaN, "width": NaN, "service": NaN, "roughness": 3.0}}, {"type": "Feature", "geometry": {"type": "LineString", "coordinates": [[-57.2927313, -25.3976348], [-57.2920429, -25.398918]]}, "properties": {"osmid": "854781648", "oneway": "False", "lanes": "2", "ref": "D023", "name": "Ruta Departamental 23", "highway": "primary", "length": 158.558, "maxspeed": NaN, "bridge": NaN, "access": NaN, "tunnel": NaN, "junction": NaN, "width": NaN, "service": NaN, "roughness": 3.0}}, {"type": "Feature", "geometry": {"type": "LineString", "coordinates": [[-57.2920429, -25.398918], [-57.2911241, -25.4004429]]}, "properties": {"osmid": "164459782", "oneway": "False", "lanes": "2", "ref": "D023", "name": "Ruta Departamental 23", "highway": "primary", "length": 193.051, "maxspeed": NaN, "bridge": NaN, "access": NaN, "tunnel": NaN, "junction": NaN, "width": NaN, "service": NaN, "roughness": 3.0}}, {"type": "Feature", "geometry": {"type": "LineString", "coordinates": [[-57.2911241, -25.4004429], [-57.290404, -25.4016501]]}, "properties": {"osmid": "164459782", "oneway": "False", "lanes": "2", "ref": "D023", "name": "Ruta Departamental 23", "highway": "primary", "length": 152.482, "maxspeed": NaN, "bridge": NaN, "access": NaN, "tunnel": NaN, "junction": NaN, "width": NaN, "service": NaN, "roughness": 3.0}}, {"type": "Feature", "geometry": {"type": "LineString", "coordinates": [[-57.290404, -25.4016501], [-57.2897098, -25.4028091]]}, "properties": {"osmid": "164459782", "oneway": "False", "lanes": "2", "ref": "D023", "name": "Ruta Departamental 23", "highway": "primary", "length": 146.529, "maxspeed": NaN, "bridge": NaN, "access": NaN, "tunnel": NaN, "junction": NaN, "width": NaN, "service": NaN, "roughness": 3.0}}, {"type": "Feature", "geometry": {"type": "LineString", "coordinates": [[-57.2897098, -25.4028091], [-57.289448, -25.4032523]]}, "properties": {"osmid": "117010327", "oneway": "False", "lanes": "2", "ref": "D023", "name": "Iturbe", "highway": "tertiary", "length": 55.859, "maxspeed": NaN, "bridge": NaN, "access": NaN, "tunnel": NaN, "junction": NaN, "width": NaN, "service": NaN, "roughness": 3.0}}, {"type": "Feature", "geometry": {"type": "LineString", "coordinates": [[-57.289448, -25.4032523], [-57.2893584, -25.403449]]}, "properties": {"osmid": "117010327", "oneway": "False", "lanes": "2", "ref": "D023", "name": "Iturbe", "highway": "tertiary", "length": 23.651, "maxspeed": NaN, "bridge": NaN, "access": NaN, "tunnel": NaN, "junction": NaN, "width": NaN, "service": NaN, "roughness": 3.0}}, {"type": "Feature", "geometry": {"type": "LineString", "coordinates": [[-57.2893584, -25.403449], [-57.2892662, -25.4036852]]}, "properties": {"osmid": "117010327", "oneway": "False", "lanes": "2", "ref": "D023", "name": "Iturbe", "highway": "tertiary", "length": 27.849, "maxspeed": NaN, "bridge": NaN, "access": NaN, "tunnel": NaN, "junction": NaN, "width": NaN, "service": NaN, "roughness": 3.0}}, {"type": "Feature", "geometry": {"type": "LineString", "coordinates": [[-57.2892662, -25.4036852], [-57.2892112, -25.4038682]]}, "properties": {"osmid": "117010327", "oneway": "False", "lanes": "2", "ref": "D023", "name": "Iturbe", "highway": "tertiary", "length": 21.085, "maxspeed": NaN, "bridge": NaN, "access": NaN, "tunnel": NaN, "junction": NaN, "width": NaN, "service": NaN, "roughness": 3.0}}, {"type": "Feature", "geometry": {"type": "LineString", "coordinates": [[-57.2892112, -25.4038682], [-57.2891707, -25.4040247]]}, "properties": {"osmid": "117010327", "oneway": "False", "lanes": "2", "ref": "D023", "name": "Iturbe", "highway": "tertiary", "length": 17.871, "maxspeed": NaN, "bridge": NaN, "access": NaN, "tunnel": NaN, "junction": NaN, "width": NaN, "service": NaN, "roughness": 3.0}}, {"type": "Feature", "geometry": {"type": "LineString", "coordinates": [[-57.2891707, -25.4040247], [-57.2888273, -25.4046281]]}, "properties": {"osmid": "117010327", "oneway": "False", "lanes": "2", "ref": "D023", "name": "Iturbe", "highway": "tertiary", "length": 75.442, "maxspeed": NaN, "bridge": NaN, "access": NaN, "tunnel": NaN, "junction": NaN, "width": NaN, "service": NaN, "roughness": 3.0}}, {"type": "Feature", "geometry": {"type": "LineString", "coordinates": [[-57.2888273, -25.4046281], [-57.2884807, -25.4052332]]}, "properties": {"osmid": "117010327", "oneway": "False", "lanes": "2", "ref": "D023", "name": "Iturbe", "highway": "tertiary", "length": 75.757, "maxspeed": NaN, "bridge": NaN, "access": NaN, "tunnel": NaN, "junction": NaN, "width": NaN, "service": NaN, "roughness": 3.0}}, {"type": "Feature", "geometry": {"type": "LineString", "coordinates": [[-57.2884807, -25.4052332], [-57.2878365, -25.4063608]]}, "properties": {"osmid": "117010327", "oneway": "False", "lanes": "2", "ref": "D023", "name": "Iturbe", "highway": "tertiary", "length": 141.095, "maxspeed": NaN, "bridge": NaN, "access": NaN, "tunnel": NaN, "junction": NaN, "width": NaN, "service": NaN, "roughness": 3.0}}, {"type": "Feature", "geometry": {"type": "LineString", "coordinates": [[-57.2878365, -25.4063608], [-57.2872019, -25.4075361]]}, "properties": {"osmid": "117010327", "oneway": "False", "lanes": "2", "ref": "D023", "name": "Iturbe", "highway": "tertiary", "length": 145.403, "maxspeed": NaN, "bridge": NaN, "access": NaN, "tunnel": NaN, "junction": NaN, "width": NaN, "service": NaN, "roughness": 3.0}}, {"type": "Feature", "geometry": {"type": "LineString", "coordinates": [[-57.2872019, -25.4075361], [-57.2884714, -25.408173]]}, "properties": {"osmid": "279942497", "oneway": "False", "lanes": NaN, "ref": "D023", "name": "Curupayty", "highway": "tertiary", "length": 145.856, "maxspeed": NaN, "bridge": NaN, "access": NaN, "tunnel": NaN, "junction": NaN, "width": NaN, "service": NaN, "roughness": 3.0}}]}