{"type": "FeatureCollection", "features": [{"type": "Feature", "geometry": {"type": "LineString", "coordinates": [[-57.1777685, -25.7002727], [-57.170797, -25.6940351]]}, "properties": {"osmid": "450083339", "oneway": "False", "lanes": "2", "ref": "PY01", "name": "Ruta Nacional Mariscal L\u00f3pez", "highway": "trunk", "length": 984.383, "maxspeed": NaN, "bridge": NaN, "access": NaN, "tunnel": NaN, "junction": NaN, "width": NaN, "service": NaN, "roughness": 3.0}}, {"type": "Feature", "geometry": {"type": "LineString", "coordinates": [[-57.170797, -25.6940351], [-57.1697724, -25.6930828]]}, "properties": {"osmid": "450083339", "oneway": "False", "lanes": "2", "ref": "PY01", "name": "Ruta Nacional Mariscal L\u00f3pez", "highway": "trunk", "length": 147.49, "maxspeed": NaN, "bridge": NaN, "access": NaN, "tunnel": NaN, "junction": NaN, "width": NaN, "service": NaN, "roughness": 3.0}}, {"type": "Feature", "geometry": {"type": "LineString", "coordinates": [[-57.1697724, -25.6930828], [-57.1694344, -25.6926429]]}, "properties": {"osmid": "450083339", "oneway": "False", "lanes": "2", "ref": "PY01", "name": "Ruta Nacional Mariscal L\u00f3pez", "highway": "trunk", "length": 59.495, "maxspeed": NaN, "bridge": NaN, "access": NaN, "tunnel": NaN, "junction": NaN, "width": NaN, "service": NaN, "roughness": 3.0}}, {"type": "Feature", "geometry": {"type": "LineString", "coordinates": [[-57.1694344, -25.6926429], [-57.1692101, -25.6922049]]}, "properties": {"osmid": "450083339", "oneway": "False", "lanes": "2", "ref": "PY01", "name": "Ruta Nacional Mariscal L\u00f3pez", "highway": "trunk", "length": 53.639, "maxspeed": NaN, "bridge": NaN, "access": NaN, "tunnel": NaN, "junction": NaN, "width": NaN, "service": NaN, "roughness": 3.0}}, {"type": "Feature", "geometry": {"type": "LineString", "coordinates": [[-57.1692101, -25.6922049], [-57.1689771, -25.6912558]]}, "properties": {"osmid": "450083339", "oneway": "False", "lanes": "2", "ref": "PY01", "name": "Ruta Nacional Mariscal L\u00f3pez", "highway": "trunk", "length": 108.087, "maxspeed": NaN, "bridge": NaN, "access": NaN, "tunnel": NaN, "junction": NaN, "width": NaN, "service": NaN, "roughness": 3.0}}, {"type": "Feature", "geometry": {"type": "LineString", "coordinates": [[-57.1689771, -25.6912558], [-57.1678703, -25.6838539]]}, "properties": {"osmid": "450083339", "oneway": "False", "lanes": "2", "ref": "PY01", "name": "Ruta Nacional Mariscal L\u00f3pez", "highway": "trunk", "length": 830.494, "maxspeed": NaN, "bridge": NaN, "access": NaN, "tunnel": NaN, "junction": NaN, "width": NaN, "service": NaN, "roughness": 3.0}}, {"type": "Feature", "geometry": {"type": "LineString", "coordinates": [[-57.1678703, -25.6838539], [-57.1677412, -25.6829902]]}, "properties": {"osmid": "450083339", "oneway": "False", "lanes": "2", "ref": "PY01", "name": "Ruta Nacional Mariscal L\u00f3pez", "highway": "trunk", "length": 96.907, "maxspeed": NaN, "bridge": NaN, "access": NaN, "tunnel": NaN, "junction": NaN, "width": NaN, "service": NaN, "roughness": 3.0}}, {"type": "Feature", "geometry": {"type": "LineString", "coordinates": [[-57.1677412, -25.6829902], [-57.1674843, -25.6801944]]}, "properties": {"osmid": "450083339", "oneway": "False", "lanes": "2", "ref": "PY01", "name": "Ruta Nacional Mariscal L\u00f3pez", "highway": "trunk", "length": 311.943, "maxspeed": NaN, "bridge": NaN, "access": NaN, "tunnel": NaN, "junction": NaN, "width": NaN, "service": NaN, "roughness": 3.0}}, {"type": "Feature", "geometry": {"type": "LineString", "coordinates": [[-57.1674843, -25.6801944], [-57.1674074, -25.67977]]}, "properties": {"osmid": "450083339", "oneway": "False", "lanes": "2", "ref": "PY01", "name": "Ruta Nacional Mariscal L\u00f3pez", "highway": "trunk", "length": 47.816, "maxspeed": NaN, "bridge": NaN, "access": NaN, "tunnel": NaN, "junction": NaN, "width": NaN, "service": NaN, "roughness": 3.0}}, {"type": "Feature", "geometry": {"type": "LineString", "coordinates": [[-57.1674074, -25.67977], [-57.1666825, -25.6767167]]}, "properties": {"osmid": "450083339", "oneway": "False", "lanes": "2", "ref": "PY01", "name": "Ruta Nacional Mariscal L\u00f3pez", "highway": "trunk", "length": 347.197, "maxspeed": NaN, "bridge": NaN, "access": NaN, "tunnel": NaN, "junction": NaN, "width": NaN, "service": NaN, "roughness": 3.0}}, {"type": "Feature", "geometry": {"type": "LineString", "coordinates": [[-57.1666825, -25.6767167], [-57.1665381, -25.6759427]]}, "properties": {"osmid": "450083339", "oneway": "False", "lanes": "2", "ref": "PY01", "name": "Ruta Nacional Mariscal L\u00f3pez", "highway": "trunk", "length": 87.273, "maxspeed": NaN, "bridge": NaN, "access": NaN, "tunnel": NaN, "junction": NaN, "width": NaN, "service": NaN, "roughness": 3.0}}, {"type": "Feature", "geometry": {"type": "LineString", "coordinates": [[-57.1665381, -25.6759427], [-57.1661731, -25.6736889]]}, "properties": {"osmid": "450083339", "oneway": "False", "lanes": "2", "ref": "PY01", "name": "Ruta Nacional Mariscal L\u00f3pez", "highway": "trunk", "length": 253.267, "maxspeed": NaN, "bridge": NaN, "access": NaN, "tunnel": NaN, "junction": NaN, "width": NaN, "service": NaN, "roughness": 3.0}}, {"type": "Feature", "geometry": {"type": "LineString", "coordinates": [[-57.1661731, -25.6736889], [-57.1660312, -25.6730858]]}, "properties": {"osmid": "450083339", "oneway": "False", "lanes": "2", "ref": "PY01", "name": "Ruta Nacional Mariscal L\u00f3pez", "highway": "trunk", "length": 68.553, "maxspeed": NaN, "bridge": NaN, "access": NaN, "tunnel": NaN, "junction": NaN, "width": NaN, "service": NaN, "roughness": 3.0}}, {"type": "Feature", "geometry": {"type": "LineString", "coordinates": [[-57.1660312, -25.6730858], [-57.1653199, -25.6705541]]}, "properties": {"osmid": "450083339", "oneway": "False", "lanes": "2", "ref": "PY01", "name": "Ruta Nacional Mariscal L\u00f3pez", "highway": "trunk", "length": 290.398, "maxspeed": NaN, "bridge": NaN, "access": NaN, "tunnel": NaN, "junction": NaN, "width": NaN, "service": NaN, "roughness": 3.0}}, {"type": "Feature", "geometry": {"type": "LineString", "coordinates": [[-57.1653199, -25.6705541], [-57.1652207, -25.6702519]]}, "properties": {"osmid": "450083339", "oneway": "False", "lanes": "2", "ref": "PY01", "name": "Ruta Nacional Mariscal L\u00f3pez", "highway": "trunk", "length": 35.043, "maxspeed": NaN, "bridge": NaN, "access": NaN, "tunnel": NaN, "junction": NaN, "width": NaN, "service": NaN, "roughness": 3.0}}, {"type": "Feature", "geometry": {"type": "LineString", "coordinates": [[-57.1652207, -25.6702519], [-57.1637507, -25.6664236]]}, "properties": {"osmid": "450083339", "oneway": "False", "lanes": "2", "ref": "PY01", "name": "Ruta Nacional Mariscal L\u00f3pez", "highway": "trunk", "length": 450.461, "maxspeed": NaN, "bridge": NaN, "access": NaN, "tunnel": NaN, "junction": NaN, "width": NaN, "service": NaN, "roughness": 3.0}}, {"type": "Feature", "geometry": {"type": "LineString", "coordinates": [[-57.1637507, -25.6664236], [-57.163376, -25.6653682]]}, "properties": {"osmid": "450083339", "oneway": "False", "lanes": "2", "ref": "PY01", "name": "Ruta Nacional Mariscal L\u00f3pez", "highway": "trunk", "length": 123.218, "maxspeed": NaN, "bridge": NaN, "access": NaN, "tunnel": NaN, "junction": NaN, "width": NaN, "service": NaN, "roughness": 3.0}}, {"type": "Feature", "geometry": {"type": "LineString", "coordinates": [[-57.163376, -25.6653682], [-57.1631333, -25.6646122]]}, "properties": {"osmid": "450083339", "oneway": "False", "lanes": "2", "ref": "PY01", "name": "Ruta Nacional Mariscal L\u00f3pez", "highway": "trunk", "length": 87.512, "maxspeed": NaN, "bridge": NaN, "access": NaN, "tunnel": NaN, "junction": NaN, "width": NaN, "service": NaN, "roughness": 3.0}}, {"type": "Feature", "geometry": {"type": "LineString", "coordinates": [[-57.1631333, -25.6646122], [-57.1613483, -25.6592477]]}, "properties": {"osmid": "450083339", "oneway": "False", "lanes": "2", "ref": "PY01", "name": "Ruta Nacional Mariscal L\u00f3pez", "highway": "trunk", "length": 622.757, "maxspeed": NaN, "bridge": NaN, "access": NaN, "tunnel": NaN, "junction": NaN, "width": NaN, "service": NaN, "roughness": 3.0}}, {"type": "Feature", "geometry": {"type": "LineString", "coordinates": [[-57.1613483, -25.6592477], [-57.161023, -25.6580309]]}, "properties": {"osmid": "450083339", "oneway": "False", "lanes": "2", "ref": "PY01", "name": "Ruta Nacional Mariscal L\u00f3pez", "highway": "trunk", "length": 139.175, "maxspeed": NaN, "bridge": NaN, "access": NaN, "tunnel": NaN, "junction": NaN, "width": NaN, "service": NaN, "roughness": 3.0}}, {"type": "Feature", "geometry": {"type": "LineString", "coordinates": [[-57.161023, -25.6580309], [-57.1604812, -25.6557437]]}, "properties": {"osmid": "450083339", "oneway": "False", "lanes": "2", "ref": "PY01", "name": "Ruta Nacional Mariscal L\u00f3pez", "highway": "trunk", "length": 260.059, "maxspeed": NaN, "bridge": NaN, "access": NaN, "tunnel": NaN, "junction": NaN, "width": NaN, "service": NaN, "roughness": 3.0}}, {"type": "Feature", "geometry": {"type": "LineString", "coordinates": [[-57.1604812, -25.6557437], [-57.1601754, -25.6544381]]}, "properties": {"osmid": "450083339", "oneway": "False", "lanes": "2", "ref": "PY01", "name": "Ruta Nacional Mariscal L\u00f3pez", "highway": "trunk", "length": 148.377, "maxspeed": NaN, "bridge": NaN, "access": NaN, "tunnel": NaN, "junction": NaN, "width": NaN, "service": NaN, "roughness": 3.0}}, {"type": "Feature", "geometry": {"type": "LineString", "coordinates": [[-57.1601754, -25.6544381], [-57.1601057, -25.6540513]]}, "properties": {"osmid": "450083339", "oneway": "False", "lanes": "2", "ref": "PY01", "name": "Ruta Nacional Mariscal L\u00f3pez", "highway": "trunk", "length": 43.574, "maxspeed": NaN, "bridge": NaN, "access": NaN, "tunnel": NaN, "junction": NaN, "width": NaN, "service": NaN, "roughness": 3.0}}, {"type": "Feature", "geometry": {"type": "LineString", "coordinates": [[-57.1601057, -25.6540513], [-57.1597785, -25.6515561]]}, "properties": {"osmid": "450083339", "oneway": "False", "lanes": "2", "ref": "PY01", "name": "Ruta Nacional Mariscal L\u00f3pez", "highway": "trunk", "length": 279.386, "maxspeed": NaN, "bridge": NaN, "access": NaN, "tunnel": NaN, "junction": NaN, "width": NaN, "service": NaN, "roughness": 3.0}}, {"type": "Feature", "geometry": {"type": "LineString", "coordinates": [[-57.1597785, -25.6515561], [-57.1596497, -25.6508597]]}, "properties": {"osmid": "450083339", "oneway": "False", "lanes": "2", "ref": "PY01", "name": "Ruta Nacional Mariscal L\u00f3pez", "highway": "trunk", "length": 78.505, "maxspeed": NaN, "bridge": NaN, "access": NaN, "tunnel": NaN, "junction": NaN, "width": NaN, "service": NaN, "roughness": 3.0}}, {"type": "Feature", "geometry": {"type": "LineString", "coordinates": [[-57.1596497, -25.6508597], [-57.1589456, -25.6478628]]}, "properties": {"osmid": "450083339", "oneway": "False", "lanes": "2", "ref": "PY01", "name": "Ruta Nacional Mariscal L\u00f3pez", "highway": "trunk", "length": 340.632, "maxspeed": NaN, "bridge": NaN, "access": NaN, "tunnel": NaN, "junction": NaN, "width": NaN, "service": NaN, "roughness": 3.0}}, {"type": "Feature", "geometry": {"type": "LineString", "coordinates": [[-57.1589456, -25.6478628], [-57.1587493, -25.6471723]]}, "properties": {"osmid": "450083339", "oneway": "False", "lanes": "2", "ref": "PY01", "name": "Ruta Nacional Mariscal L\u00f3pez", "highway": "trunk", "length": 79.261, "maxspeed": NaN, "bridge": NaN, "access": NaN, "tunnel": NaN, "junction": NaN, "width": NaN, "service": NaN, "roughness": 3.0}}, {"type": "Feature", "geometry": {"type": "LineString", "coordinates": [[-57.1587493, -25.6471723], [-57.1583715, -25.6462789]]}, "properties": {"osmid": "450083339", "oneway": "False", "lanes": "2", "ref": "PY01", "name": "Ruta Nacional Mariscal L\u00f3pez", "highway": "trunk", "length": 106.315, "maxspeed": NaN, "bridge": NaN, "access": NaN, "tunnel": NaN, "junction": NaN, "width": NaN, "service": NaN, "roughness": 3.0}}, {"type": "Feature", "geometry": {"type": "LineString", "coordinates": [[-57.1583715, -25.6462789], [-57.1582439, -25.6459797]]}, "properties": {"osmid": "504892960", "oneway": "False", "lanes": "2", "ref": "PY01", "name": "Ruta Nacional Mariscal L\u00f3pez", "highway": "trunk", "length": 35.644, "maxspeed": NaN, "bridge": "yes", "access": NaN, "tunnel": NaN, "junction": NaN, "width": NaN, "service": NaN, "roughness": 3.0}}, {"type": "Feature", "geometry": {"type": "LineString", "coordinates": [[-57.1582439, -25.6459797], [-57.1572446, -25.643649]]}, "properties": {"osmid": "504892961", "oneway": "False", "lanes": "2", "ref": "PY01", "name": "Ruta Nacional Mariscal L\u00f3pez", "highway": "trunk", "length": 277.848, "maxspeed": NaN, "bridge": NaN, "access": NaN, "tunnel": NaN, "junction": NaN, "width": NaN, "service": NaN, "roughness": 3.0}}, {"type": "Feature", "geometry": {"type": "LineString", "coordinates": [[-57.1572446, -25.643649], [-57.1570058, -25.6430999]]}, "properties": {"osmid": "504892961", "oneway": "False", "lanes": "2", "ref": "PY01", "name": "Ruta Nacional Mariscal L\u00f3pez", "highway": "trunk", "length": 65.582, "maxspeed": NaN, "bridge": NaN, "access": NaN, "tunnel": NaN, "junction": NaN, "width": NaN, "service": NaN, "roughness": 3.0}}, {"type": "Feature", "geometry": {"type": "LineString", "coordinates": [[-57.1570058, -25.6430999], [-57.1552436, -25.6391123]]}, "properties": {"osmid": "504892961", "oneway": "False", "lanes": "2", "ref": "PY01", "name": "Ruta Nacional Mariscal L\u00f3pez", "highway": "trunk", "length": 477.295, "maxspeed": NaN, "bridge": NaN, "access": NaN, "tunnel": NaN, "junction": NaN, "width": NaN, "service": NaN, "roughness": 3.0}}, {"type": "Feature", "geometry": {"type": "LineString", "coordinates": [[-57.1552436, -25.6391123], [-57.1546823, -25.6377832]]}, "properties": {"osmid": "504892961", "oneway": "False", "lanes": "2", "ref": "PY01", "name": "Ruta Nacional Mariscal L\u00f3pez", "highway": "trunk", "length": 158.139, "maxspeed": NaN, "bridge": NaN, "access": NaN, "tunnel": NaN, "junction": NaN, "width": NaN, "service": NaN, "roughness": 3.0}}, {"type": "Feature", "geometry": {"type": "LineString", "coordinates": [[-57.1546823, -25.6377832], [-57.1544409, -25.637314]]}, "properties": {"osmid": "583379251", "oneway": "True", "lanes": "1", "ref": "PY01", "name": "Circunvalaci\u00f3n Ruta Nacional Mariscal L\u00f3pez", "highway": "trunk", "length": 57.512, "maxspeed": NaN, "bridge": NaN, "access": NaN, "tunnel": NaN, "junction": NaN, "width": NaN, "service": NaN, "roughness": 3.0}}, {"type": "Feature", "geometry": {"type": "LineString", "coordinates": [[-57.1544409, -25.637314], [-57.154237, -25.6369005]]}, "properties": {"osmid": "583379251", "oneway": "True", "lanes": "1", "ref": "PY01", "name": "Circunvalaci\u00f3n Ruta Nacional Mariscal L\u00f3pez", "highway": "trunk", "length": 50.318, "maxspeed": NaN, "bridge": NaN, "access": NaN, "tunnel": NaN, "junction": NaN, "width": NaN, "service": NaN, "roughness": 3.0}}, {"type": "Feature", "geometry": {"type": "LineString", "coordinates": [[-57.154237, -25.6369005], [-57.1540681, -25.636666]]}, "properties": {"osmid": "680406347", "oneway": "True", "lanes": "1", "ref": NaN, "name": NaN, "highway": "trunk_link", "length": 31.09, "maxspeed": NaN, "bridge": NaN, "access": NaN, "tunnel": NaN, "junction": NaN, "width": NaN, "service": NaN, "roughness": 3.0}}, {"type": "Feature", "geometry": {"type": "LineString", "coordinates": [[-57.1540681, -25.636666], [-57.1539581, -25.6365305]]}, "properties": {"osmid": "680406347", "oneway": "True", "lanes": "1", "ref": NaN, "name": NaN, "highway": "trunk_link", "length": 18.671, "maxspeed": NaN, "bridge": NaN, "access": NaN, "tunnel": NaN, "junction": NaN, "width": NaN, "service": NaN, "roughness": 3.0}}, {"type": "Feature", "geometry": {"type": "LineString", "coordinates": [[-57.1539581, -25.6365305], [-57.1538159, -25.6363589]]}, "properties": {"osmid": "680406347", "oneway": "True", "lanes": "1", "ref": NaN, "name": NaN, "highway": "trunk_link", "length": 23.818, "maxspeed": NaN, "bridge": NaN, "access": NaN, "tunnel": NaN, "junction": NaN, "width": NaN, "service": NaN, "roughness": 3.0}}, {"type": "Feature", "geometry": {"type": "LineString", "coordinates": [[-57.1538159, -25.6363589], [-57.1536362, -25.6361727]]}, "properties": {"osmid": "680406347", "oneway": "True", "lanes": "1", "ref": NaN, "name": NaN, "highway": "trunk_link", "length": 27.445, "maxspeed": NaN, "bridge": NaN, "access": NaN, "tunnel": NaN, "junction": NaN, "width": NaN, "service": NaN, "roughness": 3.0}}, {"type": "Feature", "geometry": {"type": "LineString", "coordinates": [[-57.1536362, -25.6361727], [-57.1534673, -25.6359916]]}, "properties": {"osmid": "680897961", "oneway": "True", "lanes": "1", "ref": NaN, "name": "Mariscal Francisco Solano L\u00f3pez", "highway": "trunk", "length": 26.31, "maxspeed": NaN, "bridge": NaN, "access": NaN, "tunnel": NaN, "junction": NaN, "width": NaN, "service": NaN, "roughness": 3.0}}, {"type": "Feature", "geometry": {"type": "LineString", "coordinates": [[-57.1534673, -25.6359916], [-57.1533222, -25.6358509]]}, "properties": {"osmid": "680897961", "oneway": "True", "lanes": "1", "ref": NaN, "name": "Mariscal Francisco Solano L\u00f3pez", "highway": "trunk", "length": 21.363, "maxspeed": NaN, "bridge": NaN, "access": NaN, "tunnel": NaN, "junction": NaN, "width": NaN, "service": NaN, "roughness": 3.0}}, {"type": "Feature", "geometry": {"type": "LineString", "coordinates": [[-57.1533222, -25.6358509], [-57.1531016, -25.6356138]]}, "properties": {"osmid": "680897961", "oneway": "True", "lanes": "1", "ref": NaN, "name": "Mariscal Francisco Solano L\u00f3pez", "highway": "trunk", "length": 34.412, "maxspeed": NaN, "bridge": NaN, "access": NaN, "tunnel": NaN, "junction": NaN, "width": NaN, "service": NaN, "roughness": 3.0}}, {"type": "Feature", "geometry": {"type": "LineString", "coordinates": [[-57.1531016, -25.6356138], [-57.1530767, -25.6355881]]}, "properties": {"osmid": "705651148", "oneway": "False", "lanes": "2", "ref": NaN, "name": "Mariscal Francisco Solano L\u00f3pez", "highway": "trunk", "length": 3.794, "maxspeed": NaN, "bridge": NaN, "access": NaN, "tunnel": NaN, "junction": NaN, "width": NaN, "service": NaN, "roughness": 3.0}}, {"type": "Feature", "geometry": {"type": "LineString", "coordinates": [[-57.1530767, -25.6355881], [-57.1526851, -25.6351748]]}, "properties": {"osmid": "705651148", "oneway": "False", "lanes": "2", "ref": NaN, "name": "Mariscal Francisco Solano L\u00f3pez", "highway": "trunk", "length": 60.442, "maxspeed": NaN, "bridge": NaN, "access": NaN, "tunnel": NaN, "junction": NaN, "width": NaN, "service": NaN, "roughness": 3.0}}, {"type": "Feature", "geometry": {"type": "LineString", "coordinates": [[-57.1526851, -25.6351748], [-57.1521323, -25.6345892]]}, "properties": {"osmid": "705651148", "oneway": "False", "lanes": "2", "ref": NaN, "name": "Mariscal Francisco Solano L\u00f3pez", "highway": "trunk", "length": 85.506, "maxspeed": NaN, "bridge": NaN, "access": NaN, "tunnel": NaN, "junction": NaN, "width": NaN, "service": NaN, "roughness": 3.0}}, {"type": "Feature", "geometry": {"type": "LineString", "coordinates": [[-57.1521323, -25.6345892], [-57.1514225, -25.633836]]}, "properties": {"osmid": "705651148", "oneway": "False", "lanes": "2", "ref": NaN, "name": "Mariscal Francisco Solano L\u00f3pez", "highway": "trunk", "length": 109.899, "maxspeed": NaN, "bridge": NaN, "access": NaN, "tunnel": NaN, "junction": NaN, "width": NaN, "service": NaN, "roughness": 3.0}}, {"type": "Feature", "geometry": {"type": "LineString", "coordinates": [[-57.1514225, -25.633836], [-57.1505177, -25.6329081]]}, "properties": {"osmid": "705651148", "oneway": "False", "lanes": "2", "ref": NaN, "name": "Mariscal Francisco Solano L\u00f3pez", "highway": "trunk", "length": 137.381, "maxspeed": NaN, "bridge": NaN, "access": NaN, "tunnel": NaN, "junction": NaN, "width": NaN, "service": NaN, "roughness": 3.0}}, {"type": "Feature", "geometry": {"type": "LineString", "coordinates": [[-57.1505177, -25.6329081], [-57.1503516, -25.6327004]]}, "properties": {"osmid": "705651148", "oneway": "False", "lanes": "2", "ref": NaN, "name": "Mariscal Francisco Solano L\u00f3pez", "highway": "trunk", "length": 28.472, "maxspeed": NaN, "bridge": NaN, "access": NaN, "tunnel": NaN, "junction": NaN, "width": NaN, "service": NaN, "roughness": 3.0}}, {"type": "Feature", "geometry": {"type": "LineString", "coordinates": [[-57.1503516, -25.6327004], [-57.1502427, -25.6325088]]}, "properties": {"osmid": "705651148", "oneway": "False", "lanes": "2", "ref": NaN, "name": "Mariscal Francisco Solano L\u00f3pez", "highway": "trunk", "length": 23.939, "maxspeed": NaN, "bridge": NaN, "access": NaN, "tunnel": NaN, "junction": NaN, "width": NaN, "service": NaN, "roughness": 3.0}}, {"type": "Feature", "geometry": {"type": "LineString", "coordinates": [[-57.1502427, -25.6325088], [-57.1500743, -25.6322287]]}, "properties": {"osmid": "705651148", "oneway": "False", "lanes": "2", "ref": NaN, "name": "Mariscal Francisco Solano L\u00f3pez", "highway": "trunk", "length": 35.427, "maxspeed": NaN, "bridge": NaN, "access": NaN, "tunnel": NaN, "junction": NaN, "width": NaN, "service": NaN, "roughness": 3.0}}, {"type": "Feature", "geometry": {"type": "LineString", "coordinates": [[-57.1500743, -25.6322287], [-57.149974, -25.6319438]]}, "properties": {"osmid": "705651148", "oneway": "False", "lanes": "2", "ref": NaN, "name": "Mariscal Francisco Solano L\u00f3pez", "highway": "trunk", "length": 33.237, "maxspeed": NaN, "bridge": NaN, "access": NaN, "tunnel": NaN, "junction": NaN, "width": NaN, "service": NaN, "roughness": 3.0}}, {"type": "Feature", "geometry": {"type": "LineString", "coordinates": [[-57.149974, -25.6319438], [-57.1499, -25.6316549]]}, "properties": {"osmid": "705651148", "oneway": "False", "lanes": "2", "ref": NaN, "name": "Mariscal Francisco Solano L\u00f3pez", "highway": "trunk", "length": 32.97, "maxspeed": NaN, "bridge": NaN, "access": NaN, "tunnel": NaN, "junction": NaN, "width": NaN, "service": NaN, "roughness": 3.0}}, {"type": "Feature", "geometry": {"type": "LineString", "coordinates": [[-57.1499, -25.6316549], [-57.1498404, -25.6314328]]}, "properties": {"osmid": "705651148", "oneway": "False", "lanes": "2", "ref": NaN, "name": "Mariscal Francisco Solano L\u00f3pez", "highway": "trunk", "length": 25.409, "maxspeed": NaN, "bridge": NaN, "access": NaN, "tunnel": NaN, "junction": NaN, "width": NaN, "service": NaN, "roughness": 3.0}}, {"type": "Feature", "geometry": {"type": "LineString", "coordinates": [[-57.1498404, -25.6314328], [-57.1497658, -25.6311625]]}, "properties": {"osmid": "705651148", "oneway": "False", "lanes": "2", "ref": NaN, "name": "Mariscal Francisco Solano L\u00f3pez", "highway": "trunk", "length": 30.973, "maxspeed": NaN, "bridge": NaN, "access": NaN, "tunnel": NaN, "junction": NaN, "width": NaN, "service": NaN, "roughness": 3.0}}, {"type": "Feature", "geometry": {"type": "LineString", "coordinates": [[-57.1497658, -25.6311625], [-57.1496545, -25.6307153]]}, "properties": {"osmid": "705651148", "oneway": "False", "lanes": "2", "ref": NaN, "name": "Mariscal Francisco Solano L\u00f3pez", "highway": "trunk", "length": 50.963, "maxspeed": NaN, "bridge": NaN, "access": NaN, "tunnel": NaN, "junction": NaN, "width": NaN, "service": NaN, "roughness": 3.0}}, {"type": "Feature", "geometry": {"type": "LineString", "coordinates": [[-57.1496545, -25.6307153], [-57.1496025, -25.6305108]]}, "properties": {"osmid": "706509517", "oneway": "False", "lanes": "2", "ref": NaN, "name": "Mariscal Francisco Solano L\u00f3pez", "highway": "primary", "length": 23.329, "maxspeed": NaN, "bridge": NaN, "access": NaN, "tunnel": NaN, "junction": NaN, "width": NaN, "service": NaN, "roughness": 3.0}}, {"type": "Feature", "geometry": {"type": "LineString", "coordinates": [[-57.1496025, -25.6305108], [-57.1495508, -25.6303021]]}, "properties": {"osmid": "706509517", "oneway": "False", "lanes": "2", "ref": NaN, "name": "Mariscal Francisco Solano L\u00f3pez", "highway": "primary", "length": 23.778, "maxspeed": NaN, "bridge": NaN, "access": NaN, "tunnel": NaN, "junction": NaN, "width": NaN, "service": NaN, "roughness": 3.0}}, {"type": "Feature", "geometry": {"type": "LineString", "coordinates": [[-57.1495508, -25.6303021], [-57.1495104, -25.6301316]]}, "properties": {"osmid": "814014054", "oneway": "False", "lanes": "2", "ref": NaN, "name": "Mariscal Francisco Solano L\u00f3pez", "highway": "primary", "length": 19.387, "maxspeed": NaN, "bridge": NaN, "access": NaN, "tunnel": NaN, "junction": NaN, "width": NaN, "service": NaN, "roughness": 3.0}}, {"type": "Feature", "geometry": {"type": "LineString", "coordinates": [[-57.1495104, -25.6301316], [-57.149099, -25.6284366]]}, "properties": {"osmid": "814014054", "oneway": "False", "lanes": "2", "ref": NaN, "name": "Mariscal Francisco Solano L\u00f3pez", "highway": "primary", "length": 192.936, "maxspeed": NaN, "bridge": NaN, "access": NaN, "tunnel": NaN, "junction": NaN, "width": NaN, "service": NaN, "roughness": 3.0}}, {"type": "Feature", "geometry": {"type": "LineString", "coordinates": [[-57.149099, -25.6284366], [-57.1490135, -25.6281214]]}, "properties": {"osmid": "814014054", "oneway": "False", "lanes": "2", "ref": NaN, "name": "Mariscal Francisco Solano L\u00f3pez", "highway": "primary", "length": 36.082, "maxspeed": NaN, "bridge": NaN, "access": NaN, "tunnel": NaN, "junction": NaN, "width": NaN, "service": NaN, "roughness": 3.0}}, {"type": "Feature", "geometry": {"type": "LineString", "coordinates": [[-57.1490135, -25.6281214], [-57.1488554, -25.6275383]]}, "properties": {"osmid": "814014054", "oneway": "False", "lanes": "2", "ref": NaN, "name": "Mariscal Francisco Solano L\u00f3pez", "highway": "primary", "length": 66.747, "maxspeed": NaN, "bridge": NaN, "access": NaN, "tunnel": NaN, "junction": NaN, "width": NaN, "service": NaN, "roughness": 3.0}}, {"type": "Feature", "geometry": {"type": "LineString", "coordinates": [[-57.1488554, -25.6275383], [-57.148781, -25.6271892]]}, "properties": {"osmid": "814014054", "oneway": "False", "lanes": "2", "ref": NaN, "name": "Mariscal Francisco Solano L\u00f3pez", "highway": "primary", "length": 39.528, "maxspeed": NaN, "bridge": NaN, "access": NaN, "tunnel": NaN, "junction": NaN, "width": NaN, "service": NaN, "roughness": 3.0}}, {"type": "Feature", "geometry": {"type": "LineString", "coordinates": [[-57.148781, -25.6271892], [-57.1487267, -25.6269307]]}, "properties": {"osmid": "814014054", "oneway": "False", "lanes": "2", "ref": NaN, "name": "Mariscal Francisco Solano L\u00f3pez", "highway": "primary", "length": 29.255, "maxspeed": NaN, "bridge": NaN, "access": NaN, "tunnel": NaN, "junction": NaN, "width": NaN, "service": NaN, "roughness": 3.0}}, {"type": "Feature", "geometry": {"type": "LineString", "coordinates": [[-57.1487267, -25.6269307], [-57.1487021, -25.6266731]]}, "properties": {"osmid": "814014054", "oneway": "False", "lanes": "2", "ref": NaN, "name": "Mariscal Francisco Solano L\u00f3pez", "highway": "primary", "length": 28.75, "maxspeed": NaN, "bridge": NaN, "access": NaN, "tunnel": NaN, "junction": NaN, "width": NaN, "service": NaN, "roughness": 3.0}}, {"type": "Feature", "geometry": {"type": "LineString", "coordinates": [[-57.1487021, -25.6266731], [-57.1486911, -25.6264005]]}, "properties": {"osmid": "814014054", "oneway": "False", "lanes": "2", "ref": NaN, "name": "Mariscal Francisco Solano L\u00f3pez", "highway": "primary", "length": 30.332, "maxspeed": NaN, "bridge": NaN, "access": NaN, "tunnel": NaN, "junction": NaN, "width": NaN, "service": NaN, "roughness": 3.0}}, {"type": "Feature", "geometry": {"type": "LineString", "coordinates": [[-57.1486911, -25.6264005], [-57.1487122, -25.6261241]]}, "properties": {"osmid": "814014054", "oneway": "False", "lanes": "2", "ref": NaN, "name": "Mariscal Francisco Solano L\u00f3pez", "highway": "primary", "length": 30.807, "maxspeed": NaN, "bridge": NaN, "access": NaN, "tunnel": NaN, "junction": NaN, "width": NaN, "service": NaN, "roughness": 3.0}}, {"type": "Feature", "geometry": {"type": "LineString", "coordinates": [[-57.1487122, -25.6261241], [-57.1487589, -25.6258724]]}, "properties": {"osmid": "814014054", "oneway": "False", "lanes": "2", "ref": NaN, "name": "Mariscal Francisco Solano L\u00f3pez", "highway": "primary", "length": 28.377, "maxspeed": NaN, "bridge": NaN, "access": NaN, "tunnel": NaN, "junction": NaN, "width": NaN, "service": NaN, "roughness": 3.0}}, {"type": "Feature", "geometry": {"type": "LineString", "coordinates": [[-57.1487589, -25.6258724], [-57.1488101, -25.6256763]]}, "properties": {"osmid": "814014054", "oneway": "False", "lanes": "2", "ref": NaN, "name": "Mariscal Francisco Solano L\u00f3pez", "highway": "primary", "length": 22.401, "maxspeed": NaN, "bridge": NaN, "access": NaN, "tunnel": NaN, "junction": NaN, "width": NaN, "service": NaN, "roughness": 3.0}}, {"type": "Feature", "geometry": {"type": "LineString", "coordinates": [[-57.1488101, -25.6256763], [-57.1488893, -25.6254274]]}, "properties": {"osmid": "814014054", "oneway": "False", "lanes": "2", "ref": NaN, "name": "Mariscal Francisco Solano L\u00f3pez", "highway": "primary", "length": 28.793, "maxspeed": NaN, "bridge": NaN, "access": NaN, "tunnel": NaN, "junction": NaN, "width": NaN, "service": NaN, "roughness": 3.0}}, {"type": "Feature", "geometry": {"type": "LineString", "coordinates": [[-57.1488893, -25.6254274], [-57.1489732, -25.6252472]]}, "properties": {"osmid": "814014054", "oneway": "False", "lanes": "2", "ref": NaN, "name": "Mariscal Francisco Solano L\u00f3pez", "highway": "primary", "length": 21.731, "maxspeed": NaN, "bridge": NaN, "access": NaN, "tunnel": NaN, "junction": NaN, "width": NaN, "service": NaN, "roughness": 3.0}}, {"type": "Feature", "geometry": {"type": "LineString", "coordinates": [[-57.1489732, -25.6252472], [-57.1490808, -25.625053]]}, "properties": {"osmid": "814014054", "oneway": "False", "lanes": "2", "ref": NaN, "name": "Mariscal Francisco Solano L\u00f3pez", "highway": "primary", "length": 24.139, "maxspeed": NaN, "bridge": NaN, "access": NaN, "tunnel": NaN, "junction": NaN, "width": NaN, "service": NaN, "roughness": 3.0}}, {"type": "Feature", "geometry": {"type": "LineString", "coordinates": [[-57.1490808, -25.625053], [-57.1492417, -25.62486]]}, "properties": {"osmid": "814014054", "oneway": "False", "lanes": "2", "ref": NaN, "name": "Mariscal Francisco Solano L\u00f3pez", "highway": "primary", "length": 26.847, "maxspeed": NaN, "bridge": NaN, "access": NaN, "tunnel": NaN, "junction": NaN, "width": NaN, "service": NaN, "roughness": 3.0}}, {"type": "Feature", "geometry": {"type": "LineString", "coordinates": [[-57.1492417, -25.62486], [-57.1495668, -25.6245063]]}, "properties": {"osmid": "814014054", "oneway": "False", "lanes": "2", "ref": NaN, "name": "Mariscal Francisco Solano L\u00f3pez", "highway": "primary", "length": 51.08, "maxspeed": NaN, "bridge": NaN, "access": NaN, "tunnel": NaN, "junction": NaN, "width": NaN, "service": NaN, "roughness": 3.0}}, {"type": "Feature", "geometry": {"type": "LineString", "coordinates": [[-57.1495668, -25.6245063], [-57.1484533, -25.6236016]]}, "properties": {"osmid": "130660956", "oneway": "False", "lanes": "2", "ref": "D010", "name": "Mariscal Estigarribia", "highway": "primary", "length": 150.277, "maxspeed": NaN, "bridge": NaN, "access": NaN, "tunnel": NaN, "junction": NaN, "width": NaN, "service": NaN, "roughness": 3.0}}, {"type": "Feature", "geometry": {"type": "LineString", "coordinates": [[-57.1484533, -25.6236016], [-57.1474012, -25.6227113]]}, "properties": {"osmid": "130660956", "oneway": "False", "lanes": "2", "ref": "D010", "name": "Mariscal Estigarribia", "highway": "primary", "length": 144.662, "maxspeed": NaN, "bridge": NaN, "access": NaN, "tunnel": NaN, "junction": NaN, "width": NaN, "service": NaN, "roughness": 3.0}}, {"type": "Feature", "geometry": {"type": "LineString", "coordinates": [[-57.1474012, -25.6227113], [-57.1467285, -25.6221635]]}, "properties": {"osmid": "130660956", "oneway": "False", "lanes": "2", "ref": "D010", "name": "Mariscal Estigarribia", "highway": "primary", "length": 90.88, "maxspeed": NaN, "bridge": NaN, "access": NaN, "tunnel": NaN, "junction": NaN, "width": NaN, "service": NaN, "roughness": 3.0}}, {"type": "Feature", "geometry": {"type": "LineString", "coordinates": [[-57.1467285, -25.6221635], [-57.1456929, -25.621318]]}, "properties": {"osmid": "130660956", "oneway": "False", "lanes": "2", "ref": "D010", "name": "Mariscal Estigarribia", "highway": "primary", "length": 140.07, "maxspeed": NaN, "bridge": NaN, "access": NaN, "tunnel": NaN, "junction": NaN, "width": NaN, "service": NaN, "roughness": 3.0}}, {"type": "Feature", "geometry": {"type": "LineString", "coordinates": [[-57.1456929, -25.621318], [-57.1466434, -25.6203586]]}, "properties": {"osmid": "133153151", "oneway": "False", "lanes": "2", "ref": NaN, "name": "Pa\u00b4\u00ed G\u00f3mez", "highway": "tertiary", "length": 143.048, "maxspeed": NaN, "bridge": NaN, "access": NaN, "tunnel": NaN, "junction": NaN, "width": NaN, "service": NaN, "roughness": 3.0}}, {"type": "Feature", "geometry": {"type": "LineString", "coordinates": [[-57.1466434, -25.6203586], [-57.1471841, -25.6198127]]}, "properties": {"osmid": "133153151", "oneway": "False", "lanes": "2", "ref": NaN, "name": "Pa\u00b4\u00ed G\u00f3mez", "highway": "tertiary", "length": 81.385, "maxspeed": NaN, "bridge": NaN, "access": NaN, "tunnel": NaN, "junction": NaN, "width": NaN, "service": NaN, "roughness": 3.0}}, {"type": "Feature", "geometry": {"type": "LineString", "coordinates": [[-57.1471841, -25.6198127], [-57.147336, -25.6196627]]}, "properties": {"osmid": "133153151", "oneway": "False", "lanes": "2", "ref": NaN, "name": "Pa\u00b4\u00ed G\u00f3mez", "highway": "tertiary", "length": 22.586, "maxspeed": NaN, "bridge": NaN, "access": NaN, "tunnel": NaN, "junction": NaN, "width": NaN, "service": NaN, "roughness": 3.0}}, {"type": "Feature", "geometry": {"type": "LineString", "coordinates": [[-57.147336, -25.6196627], [-57.147406, -25.6195936]]}, "properties": {"osmid": "133153151", "oneway": "False", "lanes": "2", "ref": NaN, "name": "Pa\u00b4\u00ed G\u00f3mez", "highway": "tertiary", "length": 10.407, "maxspeed": NaN, "bridge": NaN, "access": NaN, "tunnel": NaN, "junction": NaN, "width": NaN, "service": NaN, "roughness": 3.0}}, {"type": "Feature", "geometry": {"type": "LineString", "coordinates": [[-57.147406, -25.6195936], [-57.1463059, -25.6187035]]}, "properties": {"osmid": "4019455", "oneway": "True", "lanes": "1", "ref": NaN, "name": "Avenida Fernando Pinedo", "highway": "tertiary", "length": 148.196, "maxspeed": NaN, "bridge": NaN, "access": NaN, "tunnel": NaN, "junction": NaN, "width": NaN, "service": NaN, "roughness": 3.0}}, {"type": "Feature", "geometry": {"type": "LineString", "coordinates": [[-57.1463059, -25.6187035], [-57.1452489, -25.6178483]]}, "properties": {"osmid": "4019455", "oneway": "True", "lanes": "1", "ref": NaN, "name": "Avenida Fernando Pinedo", "highway": "tertiary", "length": 142.388, "maxspeed": NaN, "bridge": NaN, "access": NaN, "tunnel": NaN, "junction": NaN, "width": NaN, "service": NaN, "roughness": 3.0}}]}