{"type": "FeatureCollection", "features": [{"type": "Feature", "geometry": {"type": "LineString", "coordinates": [[-54.6226743, -25.5288544], [-54.6229693, -25.5292102]]}, "properties": {"osmid": "228427897", "oneway": "True", "lanes": "2", "ref": NaN, "name": "Avenida Capitan del Puerto", "highway": "tertiary", "length": 49.411, "maxspeed": NaN, "bridge": NaN, "access": NaN, "tunnel": NaN, "junction": NaN, "width": NaN, "service": NaN, "roughness": 4.0}}, {"type": "Feature", "geometry": {"type": "LineString", "coordinates": [[-54.6229693, -25.5292102], [-54.6231061, -25.5293869]]}, "properties": {"osmid": "228427897", "oneway": "True", "lanes": "2", "ref": NaN, "name": "Avenida Capitan del Puerto", "highway": "tertiary", "length": 23.968, "maxspeed": NaN, "bridge": NaN, "access": NaN, "tunnel": NaN, "junction": NaN, "width": NaN, "service": NaN, "roughness": 4.0}}, {"type": "Feature", "geometry": {"type": "LineString", "coordinates": [[-54.6231061, -25.5293869], [-54.6235004, -25.5300961]]}, "properties": {"osmid": "228427897", "oneway": "True", "lanes": "2", "ref": NaN, "name": "Avenida Capitan del Puerto", "highway": "tertiary", "length": 88.227, "maxspeed": NaN, "bridge": NaN, "access": NaN, "tunnel": NaN, "junction": NaN, "width": NaN, "service": NaN, "roughness": 4.0}}, {"type": "Feature", "geometry": {"type": "LineString", "coordinates": [[-54.6235004, -25.5300961], [-54.623605, -25.5303647]]}, "properties": {"osmid": "228427897", "oneway": "True", "lanes": "2", "ref": NaN, "name": "Avenida Capitan del Puerto", "highway": "tertiary", "length": 31.657, "maxspeed": NaN, "bridge": NaN, "access": NaN, "tunnel": NaN, "junction": NaN, "width": NaN, "service": NaN, "roughness": 4.0}}, {"type": "Feature", "geometry": {"type": "LineString", "coordinates": [[-54.623605, -25.5303647], [-54.6236479, -25.5304833]]}, "properties": {"osmid": "228427897", "oneway": "True", "lanes": "2", "ref": NaN, "name": "Avenida Capitan del Puerto", "highway": "tertiary", "length": 13.872, "maxspeed": NaN, "bridge": NaN, "access": NaN, "tunnel": NaN, "junction": NaN, "width": NaN, "service": NaN, "roughness": 4.0}}, {"type": "Feature", "geometry": {"type": "LineString", "coordinates": [[-54.6236479, -25.5304833], [-54.6237294, -25.5307403]]}, "properties": {"osmid": "228427897", "oneway": "True", "lanes": "2", "ref": NaN, "name": "Avenida Capitan del Puerto", "highway": "tertiary", "length": 29.724, "maxspeed": NaN, "bridge": NaN, "access": NaN, "tunnel": NaN, "junction": NaN, "width": NaN, "service": NaN, "roughness": 4.0}}, {"type": "Feature", "geometry": {"type": "LineString", "coordinates": [[-54.6237294, -25.5307403], [-54.6237624, -25.5308866]]}, "properties": {"osmid": "228427897", "oneway": "True", "lanes": "2", "ref": NaN, "name": "Avenida Capitan del Puerto", "highway": "tertiary", "length": 16.601, "maxspeed": NaN, "bridge": NaN, "access": NaN, "tunnel": NaN, "junction": NaN, "width": NaN, "service": NaN, "roughness": 4.0}}, {"type": "Feature", "geometry": {"type": "LineString", "coordinates": [[-54.6237624, -25.5308866], [-54.6237755, -25.5309448]]}, "properties": {"osmid": "228427897", "oneway": "True", "lanes": "2", "ref": NaN, "name": "Avenida Capitan del Puerto", "highway": "tertiary", "length": 6.604, "maxspeed": NaN, "bridge": NaN, "access": NaN, "tunnel": NaN, "junction": NaN, "width": NaN, "service": NaN, "roughness": 4.0}}, {"type": "Feature", "geometry": {"type": "LineString", "coordinates": [[-54.6237755, -25.5309448], [-54.6238262, -25.5311696]]}, "properties": {"osmid": "228427897", "oneway": "True", "lanes": "2", "ref": NaN, "name": "Avenida Capitan del Puerto", "highway": "tertiary", "length": 25.509, "maxspeed": NaN, "bridge": NaN, "access": NaN, "tunnel": NaN, "junction": NaN, "width": NaN, "service": NaN, "roughness": 4.0}}, {"type": "Feature", "geometry": {"type": "LineString", "coordinates": [[-54.6238262, -25.5311696], [-54.6238379, -25.5313075]]}, "properties": {"osmid": "228427897", "oneway": "True", "lanes": "2", "ref": NaN, "name": "Avenida Capitan del Puerto", "highway": "tertiary", "length": 15.379, "maxspeed": NaN, "bridge": NaN, "access": NaN, "tunnel": NaN, "junction": NaN, "width": NaN, "service": NaN, "roughness": 4.0}}, {"type": "Feature", "geometry": {"type": "LineString", "coordinates": [[-54.6238379, -25.5313075], [-54.6238406, -25.5313385]]}, "properties": {"osmid": "228427897", "oneway": "True", "lanes": "2", "ref": NaN, "name": "Avenida Capitan del Puerto", "highway": "tertiary", "length": 3.458, "maxspeed": NaN, "bridge": NaN, "access": NaN, "tunnel": NaN, "junction": NaN, "width": NaN, "service": NaN, "roughness": 4.0}}, {"type": "Feature", "geometry": {"type": "LineString", "coordinates": [[-54.6238406, -25.5313385], [-54.6238579, -25.5315425]]}, "properties": {"osmid": "228427897", "oneway": "True", "lanes": "2", "ref": NaN, "name": "Avenida Capitan del Puerto", "highway": "tertiary", "length": 22.75, "maxspeed": NaN, "bridge": NaN, "access": NaN, "tunnel": NaN, "junction": NaN, "width": NaN, "service": NaN, "roughness": 4.0}}, {"type": "Feature", "geometry": {"type": "LineString", "coordinates": [[-54.6238579, -25.5315425], [-54.6238717, -25.5317704]]}, "properties": {"osmid": "228427897", "oneway": "True", "lanes": "2", "ref": NaN, "name": "Avenida Capitan del Puerto", "highway": "tertiary", "length": 25.379, "maxspeed": NaN, "bridge": NaN, "access": NaN, "tunnel": NaN, "junction": NaN, "width": NaN, "service": NaN, "roughness": 4.0}}, {"type": "Feature", "geometry": {"type": "LineString", "coordinates": [[-54.6238717, -25.5317704], [-54.6238719, -25.5317743]]}, "properties": {"osmid": "228427897", "oneway": "True", "lanes": "2", "ref": NaN, "name": "Avenida Capitan del Puerto", "highway": "tertiary", "length": 0.434, "maxspeed": NaN, "bridge": NaN, "access": NaN, "tunnel": NaN, "junction": NaN, "width": NaN, "service": NaN, "roughness": 4.0}}, {"type": "Feature", "geometry": {"type": "LineString", "coordinates": [[-54.6238719, -25.5317743], [-54.6239041, -25.5323072]]}, "properties": {"osmid": "228427897", "oneway": "True", "lanes": "2", "ref": NaN, "name": "Avenida Capitan del Puerto", "highway": "tertiary", "length": 59.344, "maxspeed": NaN, "bridge": NaN, "access": NaN, "tunnel": NaN, "junction": NaN, "width": NaN, "service": NaN, "roughness": 4.0}}, {"type": "Feature", "geometry": {"type": "LineString", "coordinates": [[-54.6239041, -25.5323072], [-54.6237437, -25.5323591]]}, "properties": {"osmid": "231713403", "oneway": "True", "lanes": NaN, "ref": NaN, "name": "Avenida Choferes del Chaco", "highway": "tertiary", "length": 17.097, "maxspeed": NaN, "bridge": NaN, "access": NaN, "tunnel": NaN, "junction": NaN, "width": NaN, "service": NaN, "roughness": 4.0}}, {"type": "Feature", "geometry": {"type": "LineString", "coordinates": [[-54.6237437, -25.5323591], [-54.6237687, -25.5327077]]}, "properties": {"osmid": "788723354", "oneway": "True", "lanes": "2", "ref": NaN, "name": "Avenida Capitan del Puerto", "highway": "tertiary", "length": 38.844, "maxspeed": NaN, "bridge": NaN, "access": NaN, "tunnel": NaN, "junction": NaN, "width": NaN, "service": NaN, "roughness": 4.0}}, {"type": "Feature", "geometry": {"type": "LineString", "coordinates": [[-54.6237687, -25.5327077], [-54.6237735, -25.5327834]]}, "properties": {"osmid": "788723354", "oneway": "True", "lanes": "2", "ref": NaN, "name": "Avenida Capitan del Puerto", "highway": "tertiary", "length": 8.431, "maxspeed": NaN, "bridge": NaN, "access": NaN, "tunnel": NaN, "junction": NaN, "width": NaN, "service": NaN, "roughness": 4.0}}, {"type": "Feature", "geometry": {"type": "LineString", "coordinates": [[-54.6237735, -25.5327834], [-54.6238252, -25.5335961]]}, "properties": {"osmid": "788723354", "oneway": "True", "lanes": "2", "ref": NaN, "name": "Avenida Capitan del Puerto", "highway": "tertiary", "length": 90.517, "maxspeed": NaN, "bridge": NaN, "access": NaN, "tunnel": NaN, "junction": NaN, "width": NaN, "service": NaN, "roughness": 4.0}}, {"type": "Feature", "geometry": {"type": "LineString", "coordinates": [[-54.6238252, -25.5335961], [-54.6238988, -25.5348058]]}, "properties": {"osmid": "788723354", "oneway": "True", "lanes": "2", "ref": NaN, "name": "Avenida Capitan del Puerto", "highway": "tertiary", "length": 134.715, "maxspeed": NaN, "bridge": NaN, "access": NaN, "tunnel": NaN, "junction": NaN, "width": NaN, "service": NaN, "roughness": 4.0}}, {"type": "Feature", "geometry": {"type": "LineString", "coordinates": [[-54.6238988, -25.5348058], [-54.6239633, -25.5359948]]}, "properties": {"osmid": "788723354", "oneway": "True", "lanes": "2", "ref": NaN, "name": "Avenida Capitan del Puerto", "highway": "tertiary", "length": 132.369, "maxspeed": NaN, "bridge": NaN, "access": NaN, "tunnel": NaN, "junction": NaN, "width": NaN, "service": NaN, "roughness": 4.0}}, {"type": "Feature", "geometry": {"type": "LineString", "coordinates": [[-54.6239633, -25.5359948], [-54.6239714, -25.5361068]]}, "properties": {"osmid": "228427930", "oneway": "True", "lanes": "2", "ref": NaN, "name": "Avenida Capitan del Puerto", "highway": "secondary", "length": 12.48, "maxspeed": NaN, "bridge": NaN, "access": NaN, "tunnel": NaN, "junction": NaN, "width": NaN, "service": NaN, "roughness": 4.0}}, {"type": "Feature", "geometry": {"type": "LineString", "coordinates": [[-54.6239714, -25.5361068], [-54.6231987, -25.536161]]}, "properties": {"osmid": "228526423", "oneway": "False", "lanes": "2", "ref": NaN, "name": "Avenida Am\u00e9rica", "highway": "secondary", "length": 77.761, "maxspeed": NaN, "bridge": NaN, "access": NaN, "tunnel": NaN, "junction": NaN, "width": NaN, "service": NaN, "roughness": 4.0}}, {"type": "Feature", "geometry": {"type": "LineString", "coordinates": [[-54.6231987, -25.536161], [-54.6227832, -25.5361811]]}, "properties": {"osmid": "228526423", "oneway": "False", "lanes": "2", "ref": NaN, "name": "Avenida Am\u00e9rica", "highway": "secondary", "length": 41.748, "maxspeed": NaN, "bridge": NaN, "access": NaN, "tunnel": NaN, "junction": NaN, "width": NaN, "service": NaN, "roughness": 4.0}}, {"type": "Feature", "geometry": {"type": "LineString", "coordinates": [[-54.6227832, -25.5361811], [-54.6224399, -25.5362005]]}, "properties": {"osmid": "228526423", "oneway": "False", "lanes": "2", "ref": NaN, "name": "Avenida Am\u00e9rica", "highway": "secondary", "length": 34.512, "maxspeed": NaN, "bridge": NaN, "access": NaN, "tunnel": NaN, "junction": NaN, "width": NaN, "service": NaN, "roughness": 4.0}}, {"type": "Feature", "geometry": {"type": "LineString", "coordinates": [[-54.6224399, -25.5362005], [-54.6216862, -25.5362513]]}, "properties": {"osmid": "228526423", "oneway": "False", "lanes": "2", "ref": NaN, "name": "Avenida Am\u00e9rica", "highway": "secondary", "length": 75.831, "maxspeed": NaN, "bridge": NaN, "access": NaN, "tunnel": NaN, "junction": NaN, "width": NaN, "service": NaN, "roughness": 4.0}}, {"type": "Feature", "geometry": {"type": "LineString", "coordinates": [[-54.6216862, -25.5362513], [-54.6215509, -25.536261]]}, "properties": {"osmid": "228526423", "oneway": "False", "lanes": "2", "ref": NaN, "name": "Avenida Am\u00e9rica", "highway": "secondary", "length": 13.618, "maxspeed": NaN, "bridge": NaN, "access": NaN, "tunnel": NaN, "junction": NaN, "width": NaN, "service": NaN, "roughness": 4.0}}, {"type": "Feature", "geometry": {"type": "LineString", "coordinates": [[-54.6215509, -25.536261], [-54.6215165, -25.5362635]]}, "properties": {"osmid": "228526423", "oneway": "False", "lanes": "2", "ref": NaN, "name": "Avenida Am\u00e9rica", "highway": "secondary", "length": 3.463, "maxspeed": NaN, "bridge": NaN, "access": NaN, "tunnel": NaN, "junction": NaN, "width": NaN, "service": NaN, "roughness": 4.0}}, {"type": "Feature", "geometry": {"type": "LineString", "coordinates": [[-54.6215165, -25.5362635], [-54.621241, -25.5362832]]}, "properties": {"osmid": "228526423", "oneway": "False", "lanes": "2", "ref": NaN, "name": "Avenida Am\u00e9rica", "highway": "secondary", "length": 27.728, "maxspeed": NaN, "bridge": NaN, "access": NaN, "tunnel": NaN, "junction": NaN, "width": NaN, "service": NaN, "roughness": 4.0}}, {"type": "Feature", "geometry": {"type": "LineString", "coordinates": [[-54.621241, -25.5362832], [-54.6212289, -25.536284]]}, "properties": {"osmid": "228526423", "oneway": "False", "lanes": "2", "ref": NaN, "name": "Avenida Am\u00e9rica", "highway": "secondary", "length": 1.217, "maxspeed": NaN, "bridge": NaN, "access": NaN, "tunnel": NaN, "junction": NaN, "width": NaN, "service": NaN, "roughness": 4.0}}, {"type": "Feature", "geometry": {"type": "LineString", "coordinates": [[-54.6212289, -25.536284], [-54.6210993, -25.5362933]]}, "properties": {"osmid": "228526423", "oneway": "False", "lanes": "2", "ref": NaN, "name": "Avenida Am\u00e9rica", "highway": "secondary", "length": 13.044, "maxspeed": NaN, "bridge": NaN, "access": NaN, "tunnel": NaN, "junction": NaN, "width": NaN, "service": NaN, "roughness": 4.0}}, {"type": "Feature", "geometry": {"type": "LineString", "coordinates": [[-54.6210993, -25.5362933], [-54.62108, -25.5362947]]}, "properties": {"osmid": "228526423", "oneway": "False", "lanes": "2", "ref": NaN, "name": "Avenida Am\u00e9rica", "highway": "secondary", "length": 1.943, "maxspeed": NaN, "bridge": NaN, "access": NaN, "tunnel": NaN, "junction": NaN, "width": NaN, "service": NaN, "roughness": 4.0}}, {"type": "Feature", "geometry": {"type": "LineString", "coordinates": [[-54.62108, -25.5362947], [-54.6210404, -25.5362975]]}, "properties": {"osmid": "228526423", "oneway": "False", "lanes": "2", "ref": NaN, "name": "Avenida Am\u00e9rica", "highway": "secondary", "length": 3.985, "maxspeed": NaN, "bridge": NaN, "access": NaN, "tunnel": NaN, "junction": NaN, "width": NaN, "service": NaN, "roughness": 4.0}}, {"type": "Feature", "geometry": {"type": "LineString", "coordinates": [[-54.6210404, -25.5362975], [-54.6210103, -25.5362997]]}, "properties": {"osmid": "228526423", "oneway": "False", "lanes": "2", "ref": NaN, "name": "Avenida Am\u00e9rica", "highway": "secondary", "length": 3.03, "maxspeed": NaN, "bridge": NaN, "access": NaN, "tunnel": NaN, "junction": NaN, "width": NaN, "service": NaN, "roughness": 4.0}}, {"type": "Feature", "geometry": {"type": "LineString", "coordinates": [[-54.6210103, -25.5362997], [-54.6205937, -25.5363238]]}, "properties": {"osmid": "228526423", "oneway": "False", "lanes": "2", "ref": NaN, "name": "Avenida Am\u00e9rica", "highway": "secondary", "length": 41.884, "maxspeed": NaN, "bridge": NaN, "access": NaN, "tunnel": NaN, "junction": NaN, "width": NaN, "service": NaN, "roughness": 4.0}}, {"type": "Feature", "geometry": {"type": "LineString", "coordinates": [[-54.6205937, -25.5363238], [-54.6204672, -25.5363312]]}, "properties": {"osmid": "228526423", "oneway": "False", "lanes": "2", "ref": NaN, "name": "Avenida Am\u00e9rica", "highway": "secondary", "length": 12.719, "maxspeed": NaN, "bridge": NaN, "access": NaN, "tunnel": NaN, "junction": NaN, "width": NaN, "service": NaN, "roughness": 4.0}}, {"type": "Feature", "geometry": {"type": "LineString", "coordinates": [[-54.6204672, -25.5363312], [-54.6203424, -25.5363384]]}, "properties": {"osmid": "228526423", "oneway": "False", "lanes": "2", "ref": NaN, "name": "Avenida Am\u00e9rica", "highway": "secondary", "length": 12.547, "maxspeed": NaN, "bridge": NaN, "access": NaN, "tunnel": NaN, "junction": NaN, "width": NaN, "service": NaN, "roughness": 4.0}}, {"type": "Feature", "geometry": {"type": "LineString", "coordinates": [[-54.6203424, -25.5363384], [-54.618991, -25.5364015]]}, "properties": {"osmid": "228526423", "oneway": "False", "lanes": "2", "ref": NaN, "name": "Avenida Am\u00e9rica", "highway": "secondary", "length": 135.771, "maxspeed": NaN, "bridge": NaN, "access": NaN, "tunnel": NaN, "junction": NaN, "width": NaN, "service": NaN, "roughness": 4.0}}, {"type": "Feature", "geometry": {"type": "LineString", "coordinates": [[-54.618991, -25.5364015], [-54.6189828, -25.5362873]]}, "properties": {"osmid": "445988229", "oneway": "False", "lanes": "2", "ref": NaN, "name": NaN, "highway": "unclassified", "length": 12.725, "maxspeed": NaN, "bridge": NaN, "access": NaN, "tunnel": NaN, "junction": NaN, "width": NaN, "service": NaN, "roughness": 4.0}}, {"type": "Feature", "geometry": {"type": "LineString", "coordinates": [[-54.6189828, -25.5362873], [-54.6189805, -25.536255]]}, "properties": {"osmid": "445988229", "oneway": "False", "lanes": "2", "ref": NaN, "name": NaN, "highway": "unclassified", "length": 3.599, "maxspeed": NaN, "bridge": NaN, "access": NaN, "tunnel": NaN, "junction": NaN, "width": NaN, "service": NaN, "roughness": 4.0}}, {"type": "Feature", "geometry": {"type": "LineString", "coordinates": [[-54.6189805, -25.536255], [-54.6188945, -25.5350559]]}, "properties": {"osmid": "445988229", "oneway": "False", "lanes": "2", "ref": NaN, "name": NaN, "highway": "unclassified", "length": 133.613, "maxspeed": NaN, "bridge": NaN, "access": NaN, "tunnel": NaN, "junction": NaN, "width": NaN, "service": NaN, "roughness": 4.0}}, {"type": "Feature", "geometry": {"type": "LineString", "coordinates": [[-54.6188945, -25.5350559], [-54.6188355, -25.5339184]]}, "properties": {"osmid": "445988229", "oneway": "False", "lanes": "2", "ref": NaN, "name": NaN, "highway": "unclassified", "length": 126.623, "maxspeed": NaN, "bridge": NaN, "access": NaN, "tunnel": NaN, "junction": NaN, "width": NaN, "service": NaN, "roughness": 4.0}}]}