{"type": "FeatureCollection", "features": [{"type": "Feature", "geometry": {"type": "LineString", "coordinates": [[-57.3574895, -25.565996], [-57.3576182, -25.5659041]]}, "properties": {"osmid": "267944001", "oneway": "False", "lanes": NaN, "ref": NaN, "name": NaN, "highway": "unclassified", "length": 16.465, "maxspeed": NaN, "bridge": NaN, "access": NaN, "tunnel": NaN, "junction": NaN, "width": NaN, "service": NaN, "roughness": 7.0}}, {"type": "Feature", "geometry": {"type": "LineString", "coordinates": [[-57.3576182, -25.5659041], [-57.3577201, -25.5658121]]}, "properties": {"osmid": "267944001", "oneway": "False", "lanes": NaN, "ref": NaN, "name": NaN, "highway": "unclassified", "length": 14.461, "maxspeed": NaN, "bridge": NaN, "access": NaN, "tunnel": NaN, "junction": NaN, "width": NaN, "service": NaN, "roughness": 7.0}}, {"type": "Feature", "geometry": {"type": "LineString", "coordinates": [[-57.3577201, -25.5658121], [-57.3579776, -25.5655169]]}, "properties": {"osmid": "267944001", "oneway": "False", "lanes": NaN, "ref": NaN, "name": NaN, "highway": "unclassified", "length": 41.769, "maxspeed": NaN, "bridge": NaN, "access": NaN, "tunnel": NaN, "junction": NaN, "width": NaN, "service": NaN, "roughness": 7.0}}, {"type": "Feature", "geometry": {"type": "LineString", "coordinates": [[-57.3579776, -25.5655169], [-57.3589302, -25.5644674]]}, "properties": {"osmid": "267944001", "oneway": "False", "lanes": NaN, "ref": NaN, "name": NaN, "highway": "unclassified", "length": 150.829, "maxspeed": NaN, "bridge": NaN, "access": NaN, "tunnel": NaN, "junction": NaN, "width": NaN, "service": NaN, "roughness": 7.0}}, {"type": "Feature", "geometry": {"type": "LineString", "coordinates": [[-57.3589302, -25.5644674], [-57.3593348, -25.5640216]]}, "properties": {"osmid": "267944001", "oneway": "False", "lanes": NaN, "ref": NaN, "name": NaN, "highway": "unclassified", "length": 64.066, "maxspeed": NaN, "bridge": NaN, "access": NaN, "tunnel": NaN, "junction": NaN, "width": NaN, "service": NaN, "roughness": 7.0}}, {"type": "Feature", "geometry": {"type": "LineString", "coordinates": [[-57.3593348, -25.5640216], [-57.3594341, -25.5638897]]}, "properties": {"osmid": "267944001", "oneway": "False", "lanes": NaN, "ref": NaN, "name": NaN, "highway": "unclassified", "length": 17.729, "maxspeed": NaN, "bridge": NaN, "access": NaN, "tunnel": NaN, "junction": NaN, "width": NaN, "service": NaN, "roughness": 7.0}}, {"type": "Feature", "geometry": {"type": "LineString", "coordinates": [[-57.3594341, -25.5638897], [-57.3594743, -25.5637748]]}, "properties": {"osmid": "267944001", "oneway": "False", "lanes": NaN, "ref": NaN, "name": NaN, "highway": "unclassified", "length": 13.398, "maxspeed": NaN, "bridge": NaN, "access": NaN, "tunnel": NaN, "junction": NaN, "width": NaN, "service": NaN, "roughness": 7.0}}, {"type": "Feature", "geometry": {"type": "LineString", "coordinates": [[-57.3594743, -25.5637748], [-57.3595011, -25.5636442]]}, "properties": {"osmid": "267944001", "oneway": "False", "lanes": NaN, "ref": NaN, "name": NaN, "highway": "unclassified", "length": 14.769, "maxspeed": NaN, "bridge": NaN, "access": NaN, "tunnel": NaN, "junction": NaN, "width": NaN, "service": NaN, "roughness": 7.0}}, {"type": "Feature", "geometry": {"type": "LineString", "coordinates": [[-57.3595011, -25.5636442], [-57.359882, -25.560276]]}, "properties": {"osmid": "267944001", "oneway": "False", "lanes": NaN, "ref": NaN, "name": NaN, "highway": "unclassified", "length": 376.471, "maxspeed": NaN, "bridge": NaN, "access": NaN, "tunnel": NaN, "junction": NaN, "width": NaN, "service": NaN, "roughness": 7.0}}, {"type": "Feature", "geometry": {"type": "LineString", "coordinates": [[-57.359882, -25.560276], [-57.3598793, -25.5600957]]}, "properties": {"osmid": "267944001", "oneway": "False", "lanes": NaN, "ref": NaN, "name": NaN, "highway": "unclassified", "length": 20.05, "maxspeed": NaN, "bridge": NaN, "access": NaN, "tunnel": NaN, "junction": NaN, "width": NaN, "service": NaN, "roughness": 7.0}}, {"type": "Feature", "geometry": {"type": "LineString", "coordinates": [[-57.3598793, -25.5600957], [-57.359882, -25.5598453]]}, "properties": {"osmid": "267944001", "oneway": "False", "lanes": NaN, "ref": NaN, "name": NaN, "highway": "unclassified", "length": 27.845, "maxspeed": NaN, "bridge": NaN, "access": NaN, "tunnel": NaN, "junction": NaN, "width": NaN, "service": NaN, "roughness": 7.0}}, {"type": "Feature", "geometry": {"type": "LineString", "coordinates": [[-57.359882, -25.5598453], [-57.3597398, -25.5576905]]}, "properties": {"osmid": "267944001", "oneway": "False", "lanes": NaN, "ref": NaN, "name": NaN, "highway": "unclassified", "length": 240.027, "maxspeed": NaN, "bridge": NaN, "access": NaN, "tunnel": NaN, "junction": NaN, "width": NaN, "service": NaN, "roughness": 7.0}}, {"type": "Feature", "geometry": {"type": "LineString", "coordinates": [[-57.3597398, -25.5576905], [-57.3596728, -25.5568351]]}, "properties": {"osmid": "267944001", "oneway": "False", "lanes": NaN, "ref": NaN, "name": NaN, "highway": "unclassified", "length": 95.353, "maxspeed": NaN, "bridge": NaN, "access": NaN, "tunnel": NaN, "junction": NaN, "width": NaN, "service": NaN, "roughness": 7.0}}, {"type": "Feature", "geometry": {"type": "LineString", "coordinates": [[-57.3596728, -25.5568351], [-57.3595172, -25.5554173]]}, "properties": {"osmid": "267944001", "oneway": "False", "lanes": NaN, "ref": NaN, "name": NaN, "highway": "unclassified", "length": 158.423, "maxspeed": NaN, "bridge": NaN, "access": NaN, "tunnel": NaN, "junction": NaN, "width": NaN, "service": NaN, "roughness": 7.0}}, {"type": "Feature", "geometry": {"type": "LineString", "coordinates": [[-57.3595172, -25.5554173], [-57.3595172, -25.5552576]]}, "properties": {"osmid": "267944001", "oneway": "False", "lanes": NaN, "ref": NaN, "name": NaN, "highway": "unclassified", "length": 17.758, "maxspeed": NaN, "bridge": NaN, "access": NaN, "tunnel": NaN, "junction": NaN, "width": NaN, "service": NaN, "roughness": 7.0}}, {"type": "Feature", "geometry": {"type": "LineString", "coordinates": [[-57.3595172, -25.5552576], [-57.3595333, -25.5550834]]}, "properties": {"osmid": "267944001", "oneway": "False", "lanes": NaN, "ref": NaN, "name": NaN, "highway": "unclassified", "length": 19.437, "maxspeed": NaN, "bridge": NaN, "access": NaN, "tunnel": NaN, "junction": NaN, "width": NaN, "service": NaN, "roughness": 7.0}}, {"type": "Feature", "geometry": {"type": "LineString", "coordinates": [[-57.3595333, -25.5550834], [-57.3595762, -25.554914]]}, "properties": {"osmid": "267944001", "oneway": "False", "lanes": NaN, "ref": NaN, "name": NaN, "highway": "unclassified", "length": 19.322, "maxspeed": NaN, "bridge": NaN, "access": NaN, "tunnel": NaN, "junction": NaN, "width": NaN, "service": NaN, "roughness": 7.0}}, {"type": "Feature", "geometry": {"type": "LineString", "coordinates": [[-57.3595762, -25.554914], [-57.3604023, -25.5525523]]}, "properties": {"osmid": "267944001", "oneway": "False", "lanes": NaN, "ref": NaN, "name": NaN, "highway": "unclassified", "length": 275.375, "maxspeed": NaN, "bridge": NaN, "access": NaN, "tunnel": NaN, "junction": NaN, "width": NaN, "service": NaN, "roughness": 7.0}}, {"type": "Feature", "geometry": {"type": "LineString", "coordinates": [[-57.3604023, -25.5525523], [-57.3607081, -25.5517731]]}, "properties": {"osmid": "267944001", "oneway": "False", "lanes": NaN, "ref": NaN, "name": NaN, "highway": "unclassified", "length": 91.914, "maxspeed": NaN, "bridge": NaN, "access": NaN, "tunnel": NaN, "junction": NaN, "width": NaN, "service": NaN, "roughness": 7.0}}, {"type": "Feature", "geometry": {"type": "LineString", "coordinates": [[-57.3607081, -25.5517731], [-57.3607242, -25.5516327]]}, "properties": {"osmid": "267944001", "oneway": "False", "lanes": NaN, "ref": NaN, "name": NaN, "highway": "unclassified", "length": 15.695, "maxspeed": NaN, "bridge": NaN, "access": NaN, "tunnel": NaN, "junction": NaN, "width": NaN, "service": NaN, "roughness": 7.0}}, {"type": "Feature", "geometry": {"type": "LineString", "coordinates": [[-57.3607242, -25.5516327], [-57.3607349, -25.5515069]]}, "properties": {"osmid": "267944001", "oneway": "False", "lanes": NaN, "ref": NaN, "name": NaN, "highway": "unclassified", "length": 14.029, "maxspeed": NaN, "bridge": NaN, "access": NaN, "tunnel": NaN, "junction": NaN, "width": NaN, "service": NaN, "roughness": 7.0}}, {"type": "Feature", "geometry": {"type": "LineString", "coordinates": [[-57.3607349, -25.5515069], [-57.3607027, -25.5513665]]}, "properties": {"osmid": "267944001", "oneway": "False", "lanes": NaN, "ref": NaN, "name": NaN, "highway": "unclassified", "length": 15.942, "maxspeed": NaN, "bridge": NaN, "access": NaN, "tunnel": NaN, "junction": NaN, "width": NaN, "service": NaN, "roughness": 7.0}}, {"type": "Feature", "geometry": {"type": "LineString", "coordinates": [[-57.3607027, -25.5513665], [-57.3602575, -25.5491886]]}, "properties": {"osmid": "267944001", "oneway": "False", "lanes": NaN, "ref": NaN, "name": NaN, "highway": "unclassified", "length": 246.256, "maxspeed": NaN, "bridge": NaN, "access": NaN, "tunnel": NaN, "junction": NaN, "width": NaN, "service": NaN, "roughness": 7.0}}, {"type": "Feature", "geometry": {"type": "LineString", "coordinates": [[-57.3602575, -25.5491886], [-57.3601824, -25.548966]]}, "properties": {"osmid": "267944001", "oneway": "False", "lanes": NaN, "ref": NaN, "name": NaN, "highway": "unclassified", "length": 25.873, "maxspeed": NaN, "bridge": NaN, "access": NaN, "tunnel": NaN, "junction": NaN, "width": NaN, "service": NaN, "roughness": 7.0}}, {"type": "Feature", "geometry": {"type": "LineString", "coordinates": [[-57.3601824, -25.548966], [-57.3601019, -25.5487821]]}, "properties": {"osmid": "267944001", "oneway": "False", "lanes": NaN, "ref": NaN, "name": NaN, "highway": "unclassified", "length": 21.986, "maxspeed": NaN, "bridge": NaN, "access": NaN, "tunnel": NaN, "junction": NaN, "width": NaN, "service": NaN, "roughness": 7.0}}, {"type": "Feature", "geometry": {"type": "LineString", "coordinates": [[-57.3601019, -25.5487821], [-57.3597103, -25.5479786]]}, "properties": {"osmid": "267944001", "oneway": "False", "lanes": NaN, "ref": NaN, "name": NaN, "highway": "unclassified", "length": 97.601, "maxspeed": NaN, "bridge": NaN, "access": NaN, "tunnel": NaN, "junction": NaN, "width": NaN, "service": NaN, "roughness": 7.0}}, {"type": "Feature", "geometry": {"type": "LineString", "coordinates": [[-57.3597103, -25.5479786], [-57.3594797, -25.5474995]]}, "properties": {"osmid": "267944001", "oneway": "False", "lanes": NaN, "ref": NaN, "name": NaN, "highway": "unclassified", "length": 58.08, "maxspeed": NaN, "bridge": NaN, "access": NaN, "tunnel": NaN, "junction": NaN, "width": NaN, "service": NaN, "roughness": 7.0}}, {"type": "Feature", "geometry": {"type": "LineString", "coordinates": [[-57.3594797, -25.5474995], [-57.3593804, -25.547256]]}, "properties": {"osmid": "267944001", "oneway": "False", "lanes": NaN, "ref": NaN, "name": NaN, "highway": "unclassified", "length": 28.851, "maxspeed": NaN, "bridge": NaN, "access": NaN, "tunnel": NaN, "junction": NaN, "width": NaN, "service": NaN, "roughness": 7.0}}, {"type": "Feature", "geometry": {"type": "LineString", "coordinates": [[-57.3593804, -25.547256], [-57.359072, -25.5463718]]}, "properties": {"osmid": "267944001", "oneway": "False", "lanes": NaN, "ref": NaN, "name": NaN, "highway": "unclassified", "length": 103.072, "maxspeed": NaN, "bridge": NaN, "access": NaN, "tunnel": NaN, "junction": NaN, "width": NaN, "service": NaN, "roughness": 7.0}}, {"type": "Feature", "geometry": {"type": "LineString", "coordinates": [[-57.359072, -25.5463718], [-57.3589432, -25.5459507]]}, "properties": {"osmid": "267944001", "oneway": "False", "lanes": NaN, "ref": NaN, "name": NaN, "highway": "unclassified", "length": 48.575, "maxspeed": NaN, "bridge": NaN, "access": NaN, "tunnel": NaN, "junction": NaN, "width": NaN, "service": NaN, "roughness": 7.0}}, {"type": "Feature", "geometry": {"type": "LineString", "coordinates": [[-57.3589432, -25.5459507], [-57.3588788, -25.5458055]]}, "properties": {"osmid": "267944001", "oneway": "False", "lanes": NaN, "ref": NaN, "name": NaN, "highway": "unclassified", "length": 17.39, "maxspeed": NaN, "bridge": NaN, "access": NaN, "tunnel": NaN, "junction": NaN, "width": NaN, "service": NaN, "roughness": 7.0}}, {"type": "Feature", "geometry": {"type": "LineString", "coordinates": [[-57.3588788, -25.5458055], [-57.3588252, -25.5456555]]}, "properties": {"osmid": "267944001", "oneway": "False", "lanes": NaN, "ref": NaN, "name": NaN, "highway": "unclassified", "length": 17.525, "maxspeed": NaN, "bridge": NaN, "access": NaN, "tunnel": NaN, "junction": NaN, "width": NaN, "service": NaN, "roughness": 7.0}}, {"type": "Feature", "geometry": {"type": "LineString", "coordinates": [[-57.3588252, -25.5456555], [-57.3585784, -25.544823]]}, "properties": {"osmid": "267944001", "oneway": "False", "lanes": NaN, "ref": NaN, "name": NaN, "highway": "unclassified", "length": 95.824, "maxspeed": NaN, "bridge": NaN, "access": NaN, "tunnel": NaN, "junction": NaN, "width": NaN, "service": NaN, "roughness": 7.0}}, {"type": "Feature", "geometry": {"type": "LineString", "coordinates": [[-57.3585784, -25.544823], [-57.3584551, -25.5443438]]}, "properties": {"osmid": "267944001", "oneway": "False", "lanes": NaN, "ref": NaN, "name": NaN, "highway": "unclassified", "length": 54.702, "maxspeed": NaN, "bridge": NaN, "access": NaN, "tunnel": NaN, "junction": NaN, "width": NaN, "service": NaN, "roughness": 7.0}}, {"type": "Feature", "geometry": {"type": "LineString", "coordinates": [[-57.3584551, -25.5443438], [-57.3584336, -25.5441889]]}, "properties": {"osmid": "267944001", "oneway": "False", "lanes": NaN, "ref": NaN, "name": NaN, "highway": "unclassified", "length": 17.359, "maxspeed": NaN, "bridge": NaN, "access": NaN, "tunnel": NaN, "junction": NaN, "width": NaN, "service": NaN, "roughness": 7.0}}, {"type": "Feature", "geometry": {"type": "LineString", "coordinates": [[-57.3584336, -25.5441889], [-57.358439, -25.5440389]]}, "properties": {"osmid": "267944001", "oneway": "False", "lanes": NaN, "ref": NaN, "name": NaN, "highway": "unclassified", "length": 16.688, "maxspeed": NaN, "bridge": NaN, "access": NaN, "tunnel": NaN, "junction": NaN, "width": NaN, "service": NaN, "roughness": 7.0}}, {"type": "Feature", "geometry": {"type": "LineString", "coordinates": [[-57.358439, -25.5440389], [-57.3586562, -25.5416803]]}, "properties": {"osmid": "267944001", "oneway": "False", "lanes": NaN, "ref": NaN, "name": NaN, "highway": "unclassified", "length": 263.168, "maxspeed": NaN, "bridge": NaN, "access": NaN, "tunnel": NaN, "junction": NaN, "width": NaN, "service": NaN, "roughness": 7.0}}, {"type": "Feature", "geometry": {"type": "LineString", "coordinates": [[-57.3586562, -25.5416803], [-57.3587716, -25.5405491]]}, "properties": {"osmid": "267944001", "oneway": "False", "lanes": NaN, "ref": NaN, "name": NaN, "highway": "unclassified", "length": 126.316, "maxspeed": NaN, "bridge": NaN, "access": NaN, "tunnel": NaN, "junction": NaN, "width": NaN, "service": NaN, "roughness": 7.0}}, {"type": "Feature", "geometry": {"type": "LineString", "coordinates": [[-57.3587716, -25.5405491], [-57.3588037, -25.5403459]]}, "properties": {"osmid": "267944001", "oneway": "False", "lanes": NaN, "ref": NaN, "name": NaN, "highway": "unclassified", "length": 22.823, "maxspeed": NaN, "bridge": NaN, "access": NaN, "tunnel": NaN, "junction": NaN, "width": NaN, "service": NaN, "roughness": 7.0}}, {"type": "Feature", "geometry": {"type": "LineString", "coordinates": [[-57.3588037, -25.5403459], [-57.3588601, -25.5400733]]}, "properties": {"osmid": "267944001", "oneway": "False", "lanes": NaN, "ref": NaN, "name": NaN, "highway": "unclassified", "length": 30.835, "maxspeed": NaN, "bridge": NaN, "access": NaN, "tunnel": NaN, "junction": NaN, "width": NaN, "service": NaN, "roughness": 7.0}}, {"type": "Feature", "geometry": {"type": "LineString", "coordinates": [[-57.3588601, -25.5400733], [-57.359029, -25.5393439]]}, "properties": {"osmid": "267944001", "oneway": "False", "lanes": NaN, "ref": NaN, "name": NaN, "highway": "unclassified", "length": 82.857, "maxspeed": NaN, "bridge": NaN, "access": NaN, "tunnel": NaN, "junction": NaN, "width": NaN, "service": NaN, "roughness": 7.0}}, {"type": "Feature", "geometry": {"type": "LineString", "coordinates": [[-57.359029, -25.5393439], [-57.36, -25.5354039]]}, "properties": {"osmid": "267944001", "oneway": "False", "lanes": NaN, "ref": NaN, "name": NaN, "highway": "unclassified", "length": 448.81, "maxspeed": NaN, "bridge": NaN, "access": NaN, "tunnel": NaN, "junction": NaN, "width": NaN, "service": NaN, "roughness": 7.0}}, {"type": "Feature", "geometry": {"type": "LineString", "coordinates": [[-57.36, -25.5354039], [-57.3602039, -25.5344164]]}, "properties": {"osmid": "267944001", "oneway": "False", "lanes": NaN, "ref": NaN, "name": NaN, "highway": "unclassified", "length": 111.695, "maxspeed": NaN, "bridge": NaN, "access": NaN, "tunnel": NaN, "junction": NaN, "width": NaN, "service": NaN, "roughness": 7.0}}, {"type": "Feature", "geometry": {"type": "LineString", "coordinates": [[-57.3602039, -25.5344164], [-57.3602843, -25.5339566]]}, "properties": {"osmid": "267944001", "oneway": "False", "lanes": NaN, "ref": NaN, "name": NaN, "highway": "unclassified", "length": 51.76, "maxspeed": NaN, "bridge": NaN, "access": NaN, "tunnel": NaN, "junction": NaN, "width": NaN, "service": NaN, "roughness": 7.0}}, {"type": "Feature", "geometry": {"type": "LineString", "coordinates": [[-57.3602843, -25.5339566], [-57.3603272, -25.533671]]}, "properties": {"osmid": "267944001", "oneway": "False", "lanes": NaN, "ref": NaN, "name": NaN, "highway": "unclassified", "length": 32.048, "maxspeed": NaN, "bridge": NaN, "access": NaN, "tunnel": NaN, "junction": NaN, "width": NaN, "service": NaN, "roughness": 7.0}}, {"type": "Feature", "geometry": {"type": "LineString", "coordinates": [[-57.3603272, -25.533671], [-57.3603541, -25.5333999]]}, "properties": {"osmid": "267944001", "oneway": "False", "lanes": NaN, "ref": NaN, "name": NaN, "highway": "unclassified", "length": 30.266, "maxspeed": NaN, "bridge": NaN, "access": NaN, "tunnel": NaN, "junction": NaN, "width": NaN, "service": NaN, "roughness": 7.0}}, {"type": "Feature", "geometry": {"type": "LineString", "coordinates": [[-57.3603541, -25.5333999], [-57.3603809, -25.5330466]]}, "properties": {"osmid": "267944001", "oneway": "False", "lanes": NaN, "ref": NaN, "name": NaN, "highway": "unclassified", "length": 39.377, "maxspeed": NaN, "bridge": NaN, "access": NaN, "tunnel": NaN, "junction": NaN, "width": NaN, "service": NaN, "roughness": 7.0}}, {"type": "Feature", "geometry": {"type": "LineString", "coordinates": [[-57.3603809, -25.5330466], [-57.3603809, -25.5326497]]}, "properties": {"osmid": "267944001", "oneway": "False", "lanes": NaN, "ref": NaN, "name": NaN, "highway": "unclassified", "length": 44.133, "maxspeed": NaN, "bridge": NaN, "access": NaN, "tunnel": NaN, "junction": NaN, "width": NaN, "service": NaN, "roughness": 7.0}}, {"type": "Feature", "geometry": {"type": "LineString", "coordinates": [[-57.3603809, -25.5326497], [-57.3603702, -25.5325238]]}, "properties": {"osmid": "267944001", "oneway": "False", "lanes": NaN, "ref": NaN, "name": NaN, "highway": "unclassified", "length": 14.041, "maxspeed": NaN, "bridge": NaN, "access": NaN, "tunnel": NaN, "junction": NaN, "width": NaN, "service": NaN, "roughness": 7.0}}, {"type": "Feature", "geometry": {"type": "LineString", "coordinates": [[-57.3603702, -25.5325238], [-57.3603326, -25.5324367]]}, "properties": {"osmid": "267944001", "oneway": "False", "lanes": NaN, "ref": NaN, "name": NaN, "highway": "unclassified", "length": 10.394, "maxspeed": NaN, "bridge": NaN, "access": NaN, "tunnel": NaN, "junction": NaN, "width": NaN, "service": NaN, "roughness": 7.0}}, {"type": "Feature", "geometry": {"type": "LineString", "coordinates": [[-57.3603326, -25.5324367], [-57.3602682, -25.5323108]]}, "properties": {"osmid": "267944001", "oneway": "False", "lanes": NaN, "ref": NaN, "name": NaN, "highway": "unclassified", "length": 15.419, "maxspeed": NaN, "bridge": NaN, "access": NaN, "tunnel": NaN, "junction": NaN, "width": NaN, "service": NaN, "roughness": 7.0}}, {"type": "Feature", "geometry": {"type": "LineString", "coordinates": [[-57.3602682, -25.5323108], [-57.3599582, -25.531805]]}, "properties": {"osmid": "267944001", "oneway": "False", "lanes": NaN, "ref": NaN, "name": NaN, "highway": "unclassified", "length": 64.27, "maxspeed": NaN, "bridge": NaN, "access": NaN, "tunnel": NaN, "junction": NaN, "width": NaN, "service": NaN, "roughness": 7.0}}, {"type": "Feature", "geometry": {"type": "LineString", "coordinates": [[-57.3599582, -25.531805], [-57.3594877, -25.5310992]]}, "properties": {"osmid": "267944005", "oneway": "False", "lanes": NaN, "ref": NaN, "name": NaN, "highway": "unclassified", "length": 91.586, "maxspeed": NaN, "bridge": NaN, "access": NaN, "tunnel": NaN, "junction": NaN, "width": NaN, "service": NaN, "roughness": 7.0}}, {"type": "Feature", "geometry": {"type": "LineString", "coordinates": [[-57.3594877, -25.5310992], [-57.3585248, -25.5296582]]}, "properties": {"osmid": "267944005", "oneway": "False", "lanes": NaN, "ref": NaN, "name": NaN, "highway": "unclassified", "length": 187.106, "maxspeed": NaN, "bridge": NaN, "access": NaN, "tunnel": NaN, "junction": NaN, "width": NaN, "service": NaN, "roughness": 7.0}}, {"type": "Feature", "geometry": {"type": "LineString", "coordinates": [[-57.3585248, -25.5296582], [-57.3583263, -25.5292758]]}, "properties": {"osmid": "267944005", "oneway": "False", "lanes": NaN, "ref": NaN, "name": NaN, "highway": "unclassified", "length": 46.955, "maxspeed": NaN, "bridge": NaN, "access": NaN, "tunnel": NaN, "junction": NaN, "width": NaN, "service": NaN, "roughness": 7.0}}, {"type": "Feature", "geometry": {"type": "LineString", "coordinates": [[-57.3583263, -25.5292758], [-57.3582056, -25.5290178]]}, "properties": {"osmid": "267944005", "oneway": "False", "lanes": NaN, "ref": NaN, "name": NaN, "highway": "unclassified", "length": 31.14, "maxspeed": NaN, "bridge": NaN, "access": NaN, "tunnel": NaN, "junction": NaN, "width": NaN, "service": NaN, "roughness": 7.0}}, {"type": "Feature", "geometry": {"type": "LineString", "coordinates": [[-57.3582056, -25.5290178], [-57.3580849, -25.5287433]]}, "properties": {"osmid": "267944005", "oneway": "False", "lanes": NaN, "ref": NaN, "name": NaN, "highway": "unclassified", "length": 32.838, "maxspeed": NaN, "bridge": NaN, "access": NaN, "tunnel": NaN, "junction": NaN, "width": NaN, "service": NaN, "roughness": 7.0}}, {"type": "Feature", "geometry": {"type": "LineString", "coordinates": [[-57.3580849, -25.5287433], [-57.3579723, -25.5284383]]}, "properties": {"osmid": "267944005", "oneway": "False", "lanes": NaN, "ref": NaN, "name": NaN, "highway": "unclassified", "length": 35.747, "maxspeed": NaN, "bridge": NaN, "access": NaN, "tunnel": NaN, "junction": NaN, "width": NaN, "service": NaN, "roughness": 7.0}}, {"type": "Feature", "geometry": {"type": "LineString", "coordinates": [[-57.3579723, -25.5284383], [-57.3578864, -25.5281285]]}, "properties": {"osmid": "267944005", "oneway": "False", "lanes": NaN, "ref": NaN, "name": NaN, "highway": "unclassified", "length": 35.51, "maxspeed": NaN, "bridge": NaN, "access": NaN, "tunnel": NaN, "junction": NaN, "width": NaN, "service": NaN, "roughness": 7.0}}, {"type": "Feature", "geometry": {"type": "LineString", "coordinates": [[-57.3578864, -25.5281285], [-57.3578167, -25.5277945]]}, "properties": {"osmid": "267944005", "oneway": "False", "lanes": NaN, "ref": NaN, "name": NaN, "highway": "unclassified", "length": 37.792, "maxspeed": NaN, "bridge": NaN, "access": NaN, "tunnel": NaN, "junction": NaN, "width": NaN, "service": NaN, "roughness": 7.0}}, {"type": "Feature", "geometry": {"type": "LineString", "coordinates": [[-57.3578167, -25.5277945], [-57.357747, -25.5273637]]}, "properties": {"osmid": "267944005", "oneway": "False", "lanes": NaN, "ref": NaN, "name": NaN, "highway": "unclassified", "length": 48.411, "maxspeed": NaN, "bridge": NaN, "access": NaN, "tunnel": NaN, "junction": NaN, "width": NaN, "service": NaN, "roughness": 7.0}}, {"type": "Feature", "geometry": {"type": "LineString", "coordinates": [[-57.357747, -25.5273637], [-57.3577362, -25.5272088]]}, "properties": {"osmid": "267944005", "oneway": "False", "lanes": NaN, "ref": NaN, "name": NaN, "highway": "unclassified", "length": 17.258, "maxspeed": NaN, "bridge": NaN, "access": NaN, "tunnel": NaN, "junction": NaN, "width": NaN, "service": NaN, "roughness": 7.0}}, {"type": "Feature", "geometry": {"type": "LineString", "coordinates": [[-57.3577362, -25.5272088], [-57.3577416, -25.5270636]]}, "properties": {"osmid": "267944005", "oneway": "False", "lanes": NaN, "ref": NaN, "name": NaN, "highway": "unclassified", "length": 16.155, "maxspeed": NaN, "bridge": NaN, "access": NaN, "tunnel": NaN, "junction": NaN, "width": NaN, "service": NaN, "roughness": 7.0}}, {"type": "Feature", "geometry": {"type": "LineString", "coordinates": [[-57.3577416, -25.5270636], [-57.357763, -25.5269038]]}, "properties": {"osmid": "267944005", "oneway": "False", "lanes": NaN, "ref": NaN, "name": NaN, "highway": "unclassified", "length": 17.898, "maxspeed": NaN, "bridge": NaN, "access": NaN, "tunnel": NaN, "junction": NaN, "width": NaN, "service": NaN, "roughness": 7.0}}, {"type": "Feature", "geometry": {"type": "LineString", "coordinates": [[-57.357763, -25.5269038], [-57.3578006, -25.5267538]]}, "properties": {"osmid": "267944005", "oneway": "False", "lanes": NaN, "ref": NaN, "name": NaN, "highway": "unclassified", "length": 17.101, "maxspeed": NaN, "bridge": NaN, "access": NaN, "tunnel": NaN, "junction": NaN, "width": NaN, "service": NaN, "roughness": 7.0}}, {"type": "Feature", "geometry": {"type": "LineString", "coordinates": [[-57.3578006, -25.5267538], [-57.3580688, -25.525834]]}, "properties": {"osmid": "267944005", "oneway": "False", "lanes": NaN, "ref": NaN, "name": NaN, "highway": "unclassified", "length": 105.759, "maxspeed": NaN, "bridge": NaN, "access": NaN, "tunnel": NaN, "junction": NaN, "width": NaN, "service": NaN, "roughness": 7.0}}, {"type": "Feature", "geometry": {"type": "LineString", "coordinates": [[-57.3580688, -25.525834], [-57.358101, -25.5256646]]}, "properties": {"osmid": "267944005", "oneway": "False", "lanes": NaN, "ref": NaN, "name": NaN, "highway": "unclassified", "length": 19.112, "maxspeed": NaN, "bridge": NaN, "access": NaN, "tunnel": NaN, "junction": NaN, "width": NaN, "service": NaN, "roughness": 7.0}}, {"type": "Feature", "geometry": {"type": "LineString", "coordinates": [[-57.358101, -25.5256646], [-57.3581117, -25.5254709]]}, "properties": {"osmid": "267944005", "oneway": "False", "lanes": NaN, "ref": NaN, "name": NaN, "highway": "unclassified", "length": 21.565, "maxspeed": NaN, "bridge": NaN, "access": NaN, "tunnel": NaN, "junction": NaN, "width": NaN, "service": NaN, "roughness": 7.0}}, {"type": "Feature", "geometry": {"type": "LineString", "coordinates": [[-57.3581117, -25.5254709], [-57.3580795, -25.5253064]]}, "properties": {"osmid": "267944005", "oneway": "False", "lanes": NaN, "ref": NaN, "name": NaN, "highway": "unclassified", "length": 18.575, "maxspeed": NaN, "bridge": NaN, "access": NaN, "tunnel": NaN, "junction": NaN, "width": NaN, "service": NaN, "roughness": 7.0}}, {"type": "Feature", "geometry": {"type": "LineString", "coordinates": [[-57.3580795, -25.5253064], [-57.3580205, -25.5251369]]}, "properties": {"osmid": "267944005", "oneway": "False", "lanes": NaN, "ref": NaN, "name": NaN, "highway": "unclassified", "length": 19.755, "maxspeed": NaN, "bridge": NaN, "access": NaN, "tunnel": NaN, "junction": NaN, "width": NaN, "service": NaN, "roughness": 7.0}}, {"type": "Feature", "geometry": {"type": "LineString", "coordinates": [[-57.3580205, -25.5251369], [-57.3579347, -25.524953]]}, "properties": {"osmid": "267944005", "oneway": "False", "lanes": NaN, "ref": NaN, "name": NaN, "highway": "unclassified", "length": 22.187, "maxspeed": NaN, "bridge": NaN, "access": NaN, "tunnel": NaN, "junction": NaN, "width": NaN, "service": NaN, "roughness": 7.0}}, {"type": "Feature", "geometry": {"type": "LineString", "coordinates": [[-57.3579347, -25.524953], [-57.3573967, -25.5240664]]}, "properties": {"osmid": "267944005", "oneway": "False", "lanes": NaN, "ref": NaN, "name": NaN, "highway": "unclassified", "length": 112.398, "maxspeed": NaN, "bridge": NaN, "access": NaN, "tunnel": NaN, "junction": NaN, "width": NaN, "service": NaN, "roughness": 7.0}}, {"type": "Feature", "geometry": {"type": "LineString", "coordinates": [[-57.3573967, -25.5240664], [-57.3559982, -25.5219032]]}, "properties": {"osmid": "267944005", "oneway": "False", "lanes": NaN, "ref": NaN, "name": NaN, "highway": "unclassified", "length": 278.48, "maxspeed": NaN, "bridge": NaN, "access": NaN, "tunnel": NaN, "junction": NaN, "width": NaN, "service": NaN, "roughness": 7.0}}, {"type": "Feature", "geometry": {"type": "LineString", "coordinates": [[-57.3559982, -25.5219032], [-57.3558909, -25.521787]]}, "properties": {"osmid": "267944005", "oneway": "False", "lanes": NaN, "ref": NaN, "name": NaN, "highway": "unclassified", "length": 16.819, "maxspeed": NaN, "bridge": NaN, "access": NaN, "tunnel": NaN, "junction": NaN, "width": NaN, "service": NaN, "roughness": 7.0}}, {"type": "Feature", "geometry": {"type": "LineString", "coordinates": [[-57.3558909, -25.521787], [-57.3557621, -25.5216854]]}, "properties": {"osmid": "267944005", "oneway": "False", "lanes": NaN, "ref": NaN, "name": NaN, "highway": "unclassified", "length": 17.166, "maxspeed": NaN, "bridge": NaN, "access": NaN, "tunnel": NaN, "junction": NaN, "width": NaN, "service": NaN, "roughness": 7.0}}, {"type": "Feature", "geometry": {"type": "LineString", "coordinates": [[-57.3557621, -25.5216854], [-57.3556226, -25.5216031]]}, "properties": {"osmid": "267944005", "oneway": "False", "lanes": NaN, "ref": NaN, "name": NaN, "highway": "unclassified", "length": 16.724, "maxspeed": NaN, "bridge": NaN, "access": NaN, "tunnel": NaN, "junction": NaN, "width": NaN, "service": NaN, "roughness": 7.0}}, {"type": "Feature", "geometry": {"type": "LineString", "coordinates": [[-57.3556226, -25.5216031], [-57.3547965, -25.5211916]]}, "properties": {"osmid": "267944005", "oneway": "False", "lanes": NaN, "ref": NaN, "name": NaN, "highway": "unclassified", "length": 94.685, "maxspeed": NaN, "bridge": NaN, "access": NaN, "tunnel": NaN, "junction": NaN, "width": NaN, "service": NaN, "roughness": 7.0}}, {"type": "Feature", "geometry": {"type": "LineString", "coordinates": [[-57.3547965, -25.5211916], [-57.3547, -25.5210948]]}, "properties": {"osmid": "267944005", "oneway": "False", "lanes": NaN, "ref": NaN, "name": NaN, "highway": "unclassified", "length": 14.478, "maxspeed": NaN, "bridge": NaN, "access": NaN, "tunnel": NaN, "junction": NaN, "width": NaN, "service": NaN, "roughness": 7.0}}, {"type": "Feature", "geometry": {"type": "LineString", "coordinates": [[-57.3547, -25.5210948], [-57.3546517, -25.5209883]]}, "properties": {"osmid": "267944005", "oneway": "False", "lanes": NaN, "ref": NaN, "name": NaN, "highway": "unclassified", "length": 12.796, "maxspeed": NaN, "bridge": NaN, "access": NaN, "tunnel": NaN, "junction": NaN, "width": NaN, "service": NaN, "roughness": 7.0}}, {"type": "Feature", "geometry": {"type": "LineString", "coordinates": [[-57.3546517, -25.5209883], [-57.3546141, -25.5208333]]}, "properties": {"osmid": "267944005", "oneway": "False", "lanes": NaN, "ref": NaN, "name": NaN, "highway": "unclassified", "length": 17.643, "maxspeed": NaN, "bridge": NaN, "access": NaN, "tunnel": NaN, "junction": NaN, "width": NaN, "service": NaN, "roughness": 7.0}}, {"type": "Feature", "geometry": {"type": "LineString", "coordinates": [[-57.3546141, -25.5208333], [-57.3546302, -25.5206784]]}, "properties": {"osmid": "267944005", "oneway": "False", "lanes": NaN, "ref": NaN, "name": NaN, "highway": "unclassified", "length": 17.3, "maxspeed": NaN, "bridge": NaN, "access": NaN, "tunnel": NaN, "junction": NaN, "width": NaN, "service": NaN, "roughness": 7.0}}, {"type": "Feature", "geometry": {"type": "LineString", "coordinates": [[-57.3546302, -25.5206784], [-57.3546571, -25.5205597]]}, "properties": {"osmid": "267944005", "oneway": "False", "lanes": NaN, "ref": NaN, "name": NaN, "highway": "unclassified", "length": 13.472, "maxspeed": NaN, "bridge": NaN, "access": NaN, "tunnel": NaN, "junction": NaN, "width": NaN, "service": NaN, "roughness": 7.0}}, {"type": "Feature", "geometry": {"type": "LineString", "coordinates": [[-57.3546571, -25.5205597], [-57.3558115, -25.520631]]}, "properties": {"osmid": "267939002", "oneway": "False", "lanes": "2", "ref": "PY01", "name": "Acceso Sur", "highway": "trunk", "length": 116.11, "maxspeed": "40", "bridge": NaN, "access": NaN, "tunnel": NaN, "junction": NaN, "width": NaN, "service": NaN, "roughness": 7.0}}, {"type": "Feature", "geometry": {"type": "LineString", "coordinates": [[-57.3558115, -25.520631], [-57.356312, -25.5206734]]}, "properties": {"osmid": "267938995", "oneway": "False", "lanes": "2", "ref": "PY01", "name": "Acceso Sur", "highway": "trunk", "length": 50.444, "maxspeed": "80", "bridge": "yes", "access": NaN, "tunnel": NaN, "junction": NaN, "width": NaN, "service": NaN, "roughness": 7.0}}, {"type": "Feature", "geometry": {"type": "LineString", "coordinates": [[-57.356312, -25.5206734], [-57.3565876, -25.5206957]]}, "properties": {"osmid": "268094644", "oneway": "False", "lanes": "2", "ref": "PY01", "name": "Acceso Sur", "highway": "trunk", "length": 27.766, "maxspeed": "80", "bridge": NaN, "access": NaN, "tunnel": NaN, "junction": NaN, "width": NaN, "service": NaN, "roughness": 7.0}}, {"type": "Feature", "geometry": {"type": "LineString", "coordinates": [[-57.3565876, -25.5206957], [-57.3570399, -25.5207322]]}, "properties": {"osmid": "268094644", "oneway": "False", "lanes": "2", "ref": "PY01", "name": "Acceso Sur", "highway": "trunk", "length": 45.567, "maxspeed": "80", "bridge": NaN, "access": NaN, "tunnel": NaN, "junction": NaN, "width": NaN, "service": NaN, "roughness": 7.0}}, {"type": "Feature", "geometry": {"type": "LineString", "coordinates": [[-57.3570399, -25.5207322], [-57.3597291, -25.5174674]]}, "properties": {"osmid": "267939004", "oneway": "False", "lanes": "2", "ref": "D074", "name": "Ruta Departamental 074", "highway": "tertiary", "length": 452.34, "maxspeed": "40", "bridge": NaN, "access": NaN, "tunnel": NaN, "junction": NaN, "width": NaN, "service": NaN, "roughness": 7.0}}, {"type": "Feature", "geometry": {"type": "LineString", "coordinates": [[-57.3597291, -25.5174674], [-57.3597935, -25.5173124]]}, "properties": {"osmid": "267939004", "oneway": "False", "lanes": "2", "ref": "D074", "name": "Ruta Departamental 074", "highway": "tertiary", "length": 18.407, "maxspeed": "40", "bridge": NaN, "access": NaN, "tunnel": NaN, "junction": NaN, "width": NaN, "service": NaN, "roughness": 7.0}}, {"type": "Feature", "geometry": {"type": "LineString", "coordinates": [[-57.3597935, -25.5173124], [-57.3598257, -25.5171817]]}, "properties": {"osmid": "267939004", "oneway": "False", "lanes": "2", "ref": "D074", "name": "Ruta Departamental 074", "highway": "tertiary", "length": 14.888, "maxspeed": "40", "bridge": NaN, "access": NaN, "tunnel": NaN, "junction": NaN, "width": NaN, "service": NaN, "roughness": 7.0}}, {"type": "Feature", "geometry": {"type": "LineString", "coordinates": [[-57.3598257, -25.5171817], [-57.3598203, -25.5170316]]}, "properties": {"osmid": "267939004", "oneway": "False", "lanes": "2", "ref": "D074", "name": "Ruta Departamental 074", "highway": "tertiary", "length": 16.699, "maxspeed": "40", "bridge": NaN, "access": NaN, "tunnel": NaN, "junction": NaN, "width": NaN, "service": NaN, "roughness": 7.0}}, {"type": "Feature", "geometry": {"type": "LineString", "coordinates": [[-57.3598203, -25.5170316], [-57.3598015, -25.5168985]]}, "properties": {"osmid": "267939004", "oneway": "False", "lanes": "2", "ref": "D074", "name": "Ruta Departamental 074", "highway": "tertiary", "length": 14.92, "maxspeed": "40", "bridge": NaN, "access": NaN, "tunnel": NaN, "junction": NaN, "width": NaN, "service": NaN, "roughness": 7.0}}, {"type": "Feature", "geometry": {"type": "LineString", "coordinates": [[-57.3598015, -25.5168985], [-57.3595306, -25.5155447]]}, "properties": {"osmid": "506755613", "oneway": "False", "lanes": "2", "ref": "D074", "name": "General Bernardino Caballero", "highway": "tertiary", "length": 152.971, "maxspeed": "40", "bridge": NaN, "access": NaN, "tunnel": NaN, "junction": NaN, "width": NaN, "service": NaN, "roughness": 7.0}}, {"type": "Feature", "geometry": {"type": "LineString", "coordinates": [[-57.3595306, -25.5155447], [-57.3593193, -25.5144737]]}, "properties": {"osmid": "506755613", "oneway": "False", "lanes": "2", "ref": "D074", "name": "General Bernardino Caballero", "highway": "tertiary", "length": 120.963, "maxspeed": "40", "bridge": NaN, "access": NaN, "tunnel": NaN, "junction": NaN, "width": NaN, "service": NaN, "roughness": 7.0}}, {"type": "Feature", "geometry": {"type": "LineString", "coordinates": [[-57.3593193, -25.5144737], [-57.3590549, -25.5131334]]}, "properties": {"osmid": "506755613", "oneway": "False", "lanes": "2", "ref": "D074", "name": "General Bernardino Caballero", "highway": "tertiary", "length": 151.378, "maxspeed": "40", "bridge": NaN, "access": NaN, "tunnel": NaN, "junction": NaN, "width": NaN, "service": NaN, "roughness": 7.0}}, {"type": "Feature", "geometry": {"type": "LineString", "coordinates": [[-57.3590549, -25.5131334], [-57.358794, -25.5118169]]}, "properties": {"osmid": "506755613", "oneway": "False", "lanes": "2", "ref": "D074", "name": "General Bernardino Caballero", "highway": "tertiary", "length": 148.711, "maxspeed": "40", "bridge": NaN, "access": NaN, "tunnel": NaN, "junction": NaN, "width": NaN, "service": NaN, "roughness": 7.0}}, {"type": "Feature", "geometry": {"type": "LineString", "coordinates": [[-57.358794, -25.5118169], [-57.3585566, -25.5105978]]}, "properties": {"osmid": "506755613", "oneway": "False", "lanes": "2", "ref": "D074", "name": "General Bernardino Caballero", "highway": "tertiary", "length": 137.636, "maxspeed": "40", "bridge": NaN, "access": NaN, "tunnel": NaN, "junction": NaN, "width": NaN, "service": NaN, "roughness": 7.0}}, {"type": "Feature", "geometry": {"type": "LineString", "coordinates": [[-57.3585566, -25.5105978], [-57.3583787, -25.5096839]]}, "properties": {"osmid": "506755613", "oneway": "False", "lanes": "2", "ref": "D074", "name": "General Bernardino Caballero", "highway": "tertiary", "length": 103.178, "maxspeed": "40", "bridge": NaN, "access": NaN, "tunnel": NaN, "junction": NaN, "width": NaN, "service": NaN, "roughness": 7.0}}, {"type": "Feature", "geometry": {"type": "LineString", "coordinates": [[-57.3583787, -25.5096839], [-57.3582067, -25.5088002]]}, "properties": {"osmid": "506755613", "oneway": "False", "lanes": "2", "ref": "D074", "name": "General Bernardino Caballero", "highway": "tertiary", "length": 99.768, "maxspeed": "40", "bridge": NaN, "access": NaN, "tunnel": NaN, "junction": NaN, "width": NaN, "service": NaN, "roughness": 7.0}}, {"type": "Feature", "geometry": {"type": "LineString", "coordinates": [[-57.3582067, -25.5088002], [-57.3579578, -25.5075219]]}, "properties": {"osmid": "506755613", "oneway": "False", "lanes": "2", "ref": "D074", "name": "General Bernardino Caballero", "highway": "tertiary", "length": 144.319, "maxspeed": "40", "bridge": NaN, "access": NaN, "tunnel": NaN, "junction": NaN, "width": NaN, "service": NaN, "roughness": 7.0}}, {"type": "Feature", "geometry": {"type": "LineString", "coordinates": [[-57.3579578, -25.5075219], [-57.3593247, -25.5072562]]}, "properties": {"osmid": "300592169", "oneway": "False", "lanes": "2", "ref": "D027", "name": "Ruta Departamental 027", "highway": "primary", "length": 140.323, "maxspeed": "60", "bridge": NaN, "access": NaN, "tunnel": NaN, "junction": NaN, "width": NaN, "service": NaN, "roughness": 7.0}}, {"type": "Feature", "geometry": {"type": "LineString", "coordinates": [[-57.3593247, -25.5072562], [-57.3607384, -25.5069977]]}, "properties": {"osmid": "300592169", "oneway": "False", "lanes": "2", "ref": "D027", "name": "Ruta Departamental 027", "highway": "primary", "length": 144.757, "maxspeed": "60", "bridge": NaN, "access": NaN, "tunnel": NaN, "junction": NaN, "width": NaN, "service": NaN, "roughness": 7.0}}, {"type": "Feature", "geometry": {"type": "LineString", "coordinates": [[-57.3607384, -25.5069977], [-57.361751, -25.5068128]]}, "properties": {"osmid": "300592169", "oneway": "False", "lanes": "2", "ref": "D027", "name": "Ruta Departamental 027", "highway": "primary", "length": 103.681, "maxspeed": "60", "bridge": NaN, "access": NaN, "tunnel": NaN, "junction": NaN, "width": NaN, "service": NaN, "roughness": 7.0}}, {"type": "Feature", "geometry": {"type": "LineString", "coordinates": [[-57.361751, -25.5068128], [-57.3627515, -25.5066146]]}, "properties": {"osmid": "300592169", "oneway": "False", "lanes": "2", "ref": "D027", "name": "Ruta Departamental 027", "highway": "primary", "length": 102.798, "maxspeed": "60", "bridge": NaN, "access": NaN, "tunnel": NaN, "junction": NaN, "width": NaN, "service": NaN, "roughness": 7.0}}, {"type": "Feature", "geometry": {"type": "LineString", "coordinates": [[-57.3627515, -25.5066146], [-57.3637595, -25.5064309]]}, "properties": {"osmid": "300592169", "oneway": "False", "lanes": "2", "ref": "D027", "name": "Ruta Departamental 027", "highway": "primary", "length": 103.202, "maxspeed": "60", "bridge": NaN, "access": NaN, "tunnel": NaN, "junction": NaN, "width": NaN, "service": NaN, "roughness": 7.0}}, {"type": "Feature", "geometry": {"type": "LineString", "coordinates": [[-57.3637595, -25.5064309], [-57.3650939, -25.5061877]]}, "properties": {"osmid": "300592169", "oneway": "False", "lanes": "2", "ref": "D027", "name": "Ruta Departamental 027", "highway": "primary", "length": 136.621, "maxspeed": "60", "bridge": NaN, "access": NaN, "tunnel": NaN, "junction": NaN, "width": NaN, "service": NaN, "roughness": 7.0}}, {"type": "Feature", "geometry": {"type": "LineString", "coordinates": [[-57.3650939, -25.5061877], [-57.3665361, -25.5059248]]}, "properties": {"osmid": "300592169", "oneway": "False", "lanes": "2", "ref": "D027", "name": "Ruta Departamental 027", "highway": "primary", "length": 147.659, "maxspeed": "60", "bridge": NaN, "access": NaN, "tunnel": NaN, "junction": NaN, "width": NaN, "service": NaN, "roughness": 7.0}}, {"type": "Feature", "geometry": {"type": "LineString", "coordinates": [[-57.3665361, -25.5059248], [-57.368046, -25.5056496]]}, "properties": {"osmid": "300592169", "oneway": "False", "lanes": "2", "ref": "D027", "name": "Ruta Departamental 027", "highway": "primary", "length": 154.59, "maxspeed": "60", "bridge": NaN, "access": NaN, "tunnel": NaN, "junction": NaN, "width": NaN, "service": NaN, "roughness": 7.0}}, {"type": "Feature", "geometry": {"type": "LineString", "coordinates": [[-57.368046, -25.5056496], [-57.3685841, -25.5055533]]}, "properties": {"osmid": "300592169", "oneway": "False", "lanes": "2", "ref": "D027", "name": "Ruta Departamental 027", "highway": "primary", "length": 55.054, "maxspeed": "60", "bridge": NaN, "access": NaN, "tunnel": NaN, "junction": NaN, "width": NaN, "service": NaN, "roughness": 7.0}}, {"type": "Feature", "geometry": {"type": "LineString", "coordinates": [[-57.3685841, -25.5055533], [-57.3688308, -25.5054763]]}, "properties": {"osmid": "300592169", "oneway": "False", "lanes": "2", "ref": "D027", "name": "Ruta Departamental 027", "highway": "primary", "length": 26.197, "maxspeed": "60", "bridge": NaN, "access": NaN, "tunnel": NaN, "junction": NaN, "width": NaN, "service": NaN, "roughness": 7.0}}, {"type": "Feature", "geometry": {"type": "LineString", "coordinates": [[-57.3688308, -25.5054763], [-57.3690449, -25.5053913]]}, "properties": {"osmid": "300592169", "oneway": "False", "lanes": "2", "ref": "D027", "name": "Ruta Departamental 027", "highway": "primary", "length": 23.474, "maxspeed": "60", "bridge": NaN, "access": NaN, "tunnel": NaN, "junction": NaN, "width": NaN, "service": NaN, "roughness": 7.0}}, {"type": "Feature", "geometry": {"type": "LineString", "coordinates": [[-57.3690449, -25.5053913], [-57.369188, -25.5053163]]}, "properties": {"osmid": "300592169", "oneway": "False", "lanes": "2", "ref": "D027", "name": "Ruta Departamental 027", "highway": "primary", "length": 16.607, "maxspeed": "60", "bridge": NaN, "access": NaN, "tunnel": NaN, "junction": NaN, "width": NaN, "service": NaN, "roughness": 7.0}}, {"type": "Feature", "geometry": {"type": "LineString", "coordinates": [[-57.369188, -25.5053163], [-57.369312, -25.505248]]}, "properties": {"osmid": "300592169", "oneway": "False", "lanes": "2", "ref": "D027", "name": "Ruta Departamental 027", "highway": "primary", "length": 14.579, "maxspeed": "60", "bridge": NaN, "access": NaN, "tunnel": NaN, "junction": NaN, "width": NaN, "service": NaN, "roughness": 7.0}}, {"type": "Feature", "geometry": {"type": "LineString", "coordinates": [[-57.369312, -25.505248], [-57.3703326, -25.5046542]]}, "properties": {"osmid": "300592169", "oneway": "False", "lanes": "2", "ref": "D027", "name": "Ruta Departamental 027", "highway": "primary", "length": 121.864, "maxspeed": "60", "bridge": NaN, "access": NaN, "tunnel": NaN, "junction": NaN, "width": NaN, "service": NaN, "roughness": 7.0}}, {"type": "Feature", "geometry": {"type": "LineString", "coordinates": [[-57.3703326, -25.5046542], [-57.3705293, -25.5045464]]}, "properties": {"osmid": "300592169", "oneway": "False", "lanes": "2", "ref": "D027", "name": "Ruta Departamental 027", "highway": "primary", "length": 23.095, "maxspeed": "60", "bridge": NaN, "access": NaN, "tunnel": NaN, "junction": NaN, "width": NaN, "service": NaN, "roughness": 7.0}}, {"type": "Feature", "geometry": {"type": "LineString", "coordinates": [[-57.3705293, -25.5045464], [-57.3708785, -25.5043392]]}, "properties": {"osmid": "300592169", "oneway": "False", "lanes": "2", "ref": "D027", "name": "Ruta Departamental 027", "highway": "primary", "length": 41.941, "maxspeed": "60", "bridge": NaN, "access": NaN, "tunnel": NaN, "junction": NaN, "width": NaN, "service": NaN, "roughness": 7.0}}, {"type": "Feature", "geometry": {"type": "LineString", "coordinates": [[-57.3708785, -25.5043392], [-57.3712132, -25.5041407]]}, "properties": {"osmid": "300592169", "oneway": "False", "lanes": "2", "ref": "D027", "name": "Ruta Departamental 027", "highway": "primary", "length": 40.193, "maxspeed": "60", "bridge": NaN, "access": NaN, "tunnel": NaN, "junction": NaN, "width": NaN, "service": NaN, "roughness": 7.0}}, {"type": "Feature", "geometry": {"type": "LineString", "coordinates": [[-57.3712132, -25.5041407], [-57.3713588, -25.5040543]]}, "properties": {"osmid": "300592169", "oneway": "False", "lanes": "2", "ref": "D027", "name": "Ruta Departamental 027", "highway": "primary", "length": 17.488, "maxspeed": "60", "bridge": NaN, "access": NaN, "tunnel": NaN, "junction": NaN, "width": NaN, "service": NaN, "roughness": 7.0}}, {"type": "Feature", "geometry": {"type": "LineString", "coordinates": [[-57.3713588, -25.5040543], [-57.3717295, -25.5038003]]}, "properties": {"osmid": "300592169", "oneway": "False", "lanes": "2", "ref": "D027", "name": "Ruta Departamental 027", "highway": "primary", "length": 46.71, "maxspeed": "60", "bridge": NaN, "access": NaN, "tunnel": NaN, "junction": NaN, "width": NaN, "service": NaN, "roughness": 7.0}}, {"type": "Feature", "geometry": {"type": "LineString", "coordinates": [[-57.3717295, -25.5038003], [-57.3718876, -25.503672]]}, "properties": {"osmid": "300592169", "oneway": "False", "lanes": "2", "ref": "D027", "name": "Ruta Departamental 027", "highway": "primary", "length": 21.337, "maxspeed": "60", "bridge": NaN, "access": NaN, "tunnel": NaN, "junction": NaN, "width": NaN, "service": NaN, "roughness": 7.0}}, {"type": "Feature", "geometry": {"type": "LineString", "coordinates": [[-57.3718876, -25.503672], [-57.3719837, -25.5035941]]}, "properties": {"osmid": "300592169", "oneway": "False", "lanes": "2", "ref": "D027", "name": "Ruta Departamental 027", "highway": "primary", "length": 12.963, "maxspeed": "60", "bridge": NaN, "access": NaN, "tunnel": NaN, "junction": NaN, "width": NaN, "service": NaN, "roughness": 7.0}}, {"type": "Feature", "geometry": {"type": "LineString", "coordinates": [[-57.3719837, -25.5035941], [-57.3726884, -25.5030222]]}, "properties": {"osmid": "300592169", "oneway": "False", "lanes": "2", "ref": "D027", "name": "Ruta Departamental 027", "highway": "primary", "length": 95.11, "maxspeed": "60", "bridge": NaN, "access": NaN, "tunnel": NaN, "junction": NaN, "width": NaN, "service": NaN, "roughness": 7.0}}, {"type": "Feature", "geometry": {"type": "LineString", "coordinates": [[-57.3726884, -25.5030222], [-57.3735821, -25.502297]]}, "properties": {"osmid": "300592169", "oneway": "False", "lanes": "2", "ref": "D027", "name": "Ruta Departamental 027", "highway": "primary", "length": 120.612, "maxspeed": "60", "bridge": NaN, "access": NaN, "tunnel": NaN, "junction": NaN, "width": NaN, "service": NaN, "roughness": 7.0}}, {"type": "Feature", "geometry": {"type": "LineString", "coordinates": [[-57.3735821, -25.502297], [-57.3738499, -25.5020812]]}, "properties": {"osmid": "300592169", "oneway": "False", "lanes": "2", "ref": "D027", "name": "Ruta Departamental 027", "highway": "primary", "length": 36.03, "maxspeed": "60", "bridge": NaN, "access": NaN, "tunnel": NaN, "junction": NaN, "width": NaN, "service": NaN, "roughness": 7.0}}, {"type": "Feature", "geometry": {"type": "LineString", "coordinates": [[-57.3738499, -25.5020812], [-57.3752242, -25.5009611]]}, "properties": {"osmid": "300592169", "oneway": "False", "lanes": "2", "ref": "D027", "name": "Ruta Departamental 027", "highway": "primary", "length": 185.84, "maxspeed": "60", "bridge": NaN, "access": NaN, "tunnel": NaN, "junction": NaN, "width": NaN, "service": NaN, "roughness": 7.0}}, {"type": "Feature", "geometry": {"type": "LineString", "coordinates": [[-57.3752242, -25.5009611], [-57.3760503, -25.5002878]]}, "properties": {"osmid": "300592169", "oneway": "False", "lanes": "2", "ref": "D027", "name": "Ruta Departamental 027", "highway": "primary", "length": 111.71, "maxspeed": "60", "bridge": NaN, "access": NaN, "tunnel": NaN, "junction": NaN, "width": NaN, "service": NaN, "roughness": 7.0}}, {"type": "Feature", "geometry": {"type": "LineString", "coordinates": [[-57.3760503, -25.5002878], [-57.3761656, -25.5001938]]}, "properties": {"osmid": "300592169", "oneway": "False", "lanes": "2", "ref": "D027", "name": "Ruta Departamental 027", "highway": "primary", "length": 15.594, "maxspeed": "60", "bridge": NaN, "access": NaN, "tunnel": NaN, "junction": NaN, "width": NaN, "service": NaN, "roughness": 7.0}}, {"type": "Feature", "geometry": {"type": "LineString", "coordinates": [[-57.3761656, -25.5001938], [-57.3769484, -25.499544]]}, "properties": {"osmid": "300592169", "oneway": "False", "lanes": "2", "ref": "D027", "name": "Ruta Departamental 027", "highway": "primary", "length": 106.738, "maxspeed": "60", "bridge": NaN, "access": NaN, "tunnel": NaN, "junction": NaN, "width": NaN, "service": NaN, "roughness": 7.0}}, {"type": "Feature", "geometry": {"type": "LineString", "coordinates": [[-57.3769484, -25.499544], [-57.3776938, -25.4988977]]}, "properties": {"osmid": "300592169", "oneway": "False", "lanes": "2", "ref": "D027", "name": "Ruta Departamental 027", "highway": "primary", "length": 103.737, "maxspeed": "60", "bridge": NaN, "access": NaN, "tunnel": NaN, "junction": NaN, "width": NaN, "service": NaN, "roughness": 7.0}}, {"type": "Feature", "geometry": {"type": "LineString", "coordinates": [[-57.3776938, -25.4988977], [-57.3778111, -25.498796]]}, "properties": {"osmid": "300592169", "oneway": "False", "lanes": "2", "ref": "D027", "name": "Ruta Departamental 027", "highway": "primary", "length": 16.324, "maxspeed": "60", "bridge": NaN, "access": NaN, "tunnel": NaN, "junction": NaN, "width": NaN, "service": NaN, "roughness": 7.0}}, {"type": "Feature", "geometry": {"type": "LineString", "coordinates": [[-57.3778111, -25.498796], [-57.3781577, -25.498541]]}, "properties": {"osmid": "300592169", "oneway": "False", "lanes": "2", "ref": "D027", "name": "Ruta Departamental 027", "highway": "primary", "length": 44.878, "maxspeed": "60", "bridge": NaN, "access": NaN, "tunnel": NaN, "junction": NaN, "width": NaN, "service": NaN, "roughness": 7.0}}, {"type": "Feature", "geometry": {"type": "LineString", "coordinates": [[-57.3781577, -25.498541], [-57.3784176, -25.4983636]]}, "properties": {"osmid": "300592169", "oneway": "False", "lanes": "2", "ref": "D027", "name": "Ruta Departamental 027", "highway": "primary", "length": 32.704, "maxspeed": "60", "bridge": NaN, "access": NaN, "tunnel": NaN, "junction": NaN, "width": NaN, "service": NaN, "roughness": 7.0}}, {"type": "Feature", "geometry": {"type": "LineString", "coordinates": [[-57.3784176, -25.4983636], [-57.3786434, -25.4982529]]}, "properties": {"osmid": "300592169", "oneway": "False", "lanes": "2", "ref": "D027", "name": "Ruta Departamental 027", "highway": "primary", "length": 25.79, "maxspeed": "60", "bridge": NaN, "access": NaN, "tunnel": NaN, "junction": NaN, "width": NaN, "service": NaN, "roughness": 7.0}}, {"type": "Feature", "geometry": {"type": "LineString", "coordinates": [[-57.3786434, -25.4982529], [-57.3789911, -25.4981157]]}, "properties": {"osmid": "300592169", "oneway": "False", "lanes": "2", "ref": "D027", "name": "Ruta Departamental 027", "highway": "primary", "length": 38.086, "maxspeed": "60", "bridge": NaN, "access": NaN, "tunnel": NaN, "junction": NaN, "width": NaN, "service": NaN, "roughness": 7.0}}, {"type": "Feature", "geometry": {"type": "LineString", "coordinates": [[-57.3789911, -25.4981157], [-57.3790653, -25.4980864]]}, "properties": {"osmid": "300592169", "oneway": "False", "lanes": "2", "ref": "D027", "name": "Ruta Departamental 027", "highway": "primary", "length": 8.129, "maxspeed": "60", "bridge": NaN, "access": NaN, "tunnel": NaN, "junction": NaN, "width": NaN, "service": NaN, "roughness": 7.0}}, {"type": "Feature", "geometry": {"type": "LineString", "coordinates": [[-57.3790653, -25.4980864], [-57.3793773, -25.4979669]]}, "properties": {"osmid": "300592169", "oneway": "False", "lanes": "2", "ref": "D027", "name": "Ruta Departamental 027", "highway": "primary", "length": 34.016, "maxspeed": "60", "bridge": NaN, "access": NaN, "tunnel": NaN, "junction": NaN, "width": NaN, "service": NaN, "roughness": 7.0}}, {"type": "Feature", "geometry": {"type": "LineString", "coordinates": [[-57.3793773, -25.4979669], [-57.3794269, -25.4979479]]}, "properties": {"osmid": "300592169", "oneway": "False", "lanes": "2", "ref": "D027", "name": "Ruta Departamental 027", "highway": "primary", "length": 5.408, "maxspeed": "60", "bridge": NaN, "access": NaN, "tunnel": NaN, "junction": NaN, "width": NaN, "service": NaN, "roughness": 7.0}}, {"type": "Feature", "geometry": {"type": "LineString", "coordinates": [[-57.3794269, -25.4979479], [-57.3797592, -25.4978508]]}, "properties": {"osmid": "300592169", "oneway": "False", "lanes": "2", "ref": "D027", "name": "Ruta Departamental 027", "highway": "primary", "length": 35.055, "maxspeed": "60", "bridge": NaN, "access": NaN, "tunnel": NaN, "junction": NaN, "width": NaN, "service": NaN, "roughness": 7.0}}, {"type": "Feature", "geometry": {"type": "LineString", "coordinates": [[-57.3797592, -25.4978508], [-57.383171, -25.4970628]]}, "properties": {"osmid": "300592169", "oneway": "False", "lanes": "2", "ref": "D027", "name": "Ruta Departamental 027", "highway": "primary", "length": 353.459, "maxspeed": "60", "bridge": NaN, "access": NaN, "tunnel": NaN, "junction": NaN, "width": NaN, "service": NaN, "roughness": 7.0}}, {"type": "Feature", "geometry": {"type": "LineString", "coordinates": [[-57.383171, -25.4970628], [-57.3843175, -25.4967953]]}, "properties": {"osmid": "300592169", "oneway": "False", "lanes": "2", "ref": "D027", "name": "Ruta Departamental 027", "highway": "primary", "length": 118.851, "maxspeed": "60", "bridge": NaN, "access": NaN, "tunnel": NaN, "junction": NaN, "width": NaN, "service": NaN, "roughness": 7.0}}, {"type": "Feature", "geometry": {"type": "LineString", "coordinates": [[-57.3843175, -25.4967953], [-57.3850318, -25.4966287]]}, "properties": {"osmid": "300592169", "oneway": "False", "lanes": "2", "ref": "D027", "name": "Ruta Departamental 027", "highway": "primary", "length": 74.046, "maxspeed": "60", "bridge": NaN, "access": NaN, "tunnel": NaN, "junction": NaN, "width": NaN, "service": NaN, "roughness": 7.0}}, {"type": "Feature", "geometry": {"type": "LineString", "coordinates": [[-57.3850318, -25.4966287], [-57.386006, -25.4964014]]}, "properties": {"osmid": "300592169", "oneway": "False", "lanes": "2", "ref": "D027", "name": "Ruta Departamental 027", "highway": "primary", "length": 100.99, "maxspeed": "60", "bridge": NaN, "access": NaN, "tunnel": NaN, "junction": NaN, "width": NaN, "service": NaN, "roughness": 7.0}}, {"type": "Feature", "geometry": {"type": "LineString", "coordinates": [[-57.386006, -25.4964014], [-57.3871993, -25.496123]]}, "properties": {"osmid": "300592169", "oneway": "False", "lanes": "2", "ref": "D027", "name": "Ruta Departamental 027", "highway": "primary", "length": 123.703, "maxspeed": "60", "bridge": NaN, "access": NaN, "tunnel": NaN, "junction": NaN, "width": NaN, "service": NaN, "roughness": 7.0}}, {"type": "Feature", "geometry": {"type": "LineString", "coordinates": [[-57.3871993, -25.496123], [-57.3883837, -25.4958403]]}, "properties": {"osmid": "300592169", "oneway": "False", "lanes": "2", "ref": "D027", "name": "Ruta Departamental 027", "highway": "primary", "length": 122.96, "maxspeed": "60", "bridge": NaN, "access": NaN, "tunnel": NaN, "junction": NaN, "width": NaN, "service": NaN, "roughness": 7.0}}, {"type": "Feature", "geometry": {"type": "LineString", "coordinates": [[-57.3883837, -25.4958403], [-57.389324, -25.4956308]]}, "properties": {"osmid": "300592169", "oneway": "False", "lanes": "2", "ref": "D027", "name": "Ruta Departamental 027", "highway": "primary", "length": 97.207, "maxspeed": "60", "bridge": NaN, "access": NaN, "tunnel": NaN, "junction": NaN, "width": NaN, "service": NaN, "roughness": 7.0}}, {"type": "Feature", "geometry": {"type": "LineString", "coordinates": [[-57.389324, -25.4956308], [-57.3912095, -25.4951694]]}, "properties": {"osmid": "300592169", "oneway": "False", "lanes": "2", "ref": "D027", "name": "Ruta Departamental 027", "highway": "primary", "length": 196.073, "maxspeed": "60", "bridge": NaN, "access": NaN, "tunnel": NaN, "junction": NaN, "width": NaN, "service": NaN, "roughness": 7.0}}, {"type": "Feature", "geometry": {"type": "LineString", "coordinates": [[-57.3912095, -25.4951694], [-57.3924907, -25.4949021]]}, "properties": {"osmid": "300592169", "oneway": "False", "lanes": "2", "ref": "D027", "name": "Ruta Departamental 027", "highway": "primary", "length": 131.981, "maxspeed": "60", "bridge": NaN, "access": NaN, "tunnel": NaN, "junction": NaN, "width": NaN, "service": NaN, "roughness": 7.0}}, {"type": "Feature", "geometry": {"type": "LineString", "coordinates": [[-57.3924907, -25.4949021], [-57.3926995, -25.4948484]]}, "properties": {"osmid": "300592169", "oneway": "False", "lanes": "2", "ref": "D027", "name": "Ruta Departamental 027", "highway": "primary", "length": 21.791, "maxspeed": "60", "bridge": NaN, "access": NaN, "tunnel": NaN, "junction": NaN, "width": NaN, "service": NaN, "roughness": 7.0}}, {"type": "Feature", "geometry": {"type": "LineString", "coordinates": [[-57.3926995, -25.4948484], [-57.3928707, -25.4947898]]}, "properties": {"osmid": "300592169", "oneway": "False", "lanes": "2", "ref": "D027", "name": "Ruta Departamental 027", "highway": "primary", "length": 18.377, "maxspeed": "60", "bridge": NaN, "access": NaN, "tunnel": NaN, "junction": NaN, "width": NaN, "service": NaN, "roughness": 7.0}}, {"type": "Feature", "geometry": {"type": "LineString", "coordinates": [[-57.3928707, -25.4947898], [-57.3931121, -25.4946762]]}, "properties": {"osmid": "300592169", "oneway": "False", "lanes": "2", "ref": "D027", "name": "Ruta Departamental 027", "highway": "primary", "length": 27.324, "maxspeed": "60", "bridge": NaN, "access": NaN, "tunnel": NaN, "junction": NaN, "width": NaN, "service": NaN, "roughness": 7.0}}, {"type": "Feature", "geometry": {"type": "LineString", "coordinates": [[-57.3931121, -25.4946762], [-57.3932944, -25.4945577]]}, "properties": {"osmid": "300592169", "oneway": "False", "lanes": "2", "ref": "D027", "name": "Ruta Departamental 027", "highway": "primary", "length": 22.548, "maxspeed": "60", "bridge": NaN, "access": NaN, "tunnel": NaN, "junction": NaN, "width": NaN, "service": NaN, "roughness": 7.0}}, {"type": "Feature", "geometry": {"type": "LineString", "coordinates": [[-57.3932944, -25.4945577], [-57.3962447, -25.4920933]]}, "properties": {"osmid": "300592169", "oneway": "False", "lanes": "2", "ref": "D027", "name": "Ruta Departamental 027", "highway": "primary", "length": 403.457, "maxspeed": "60", "bridge": NaN, "access": NaN, "tunnel": NaN, "junction": NaN, "width": NaN, "service": NaN, "roughness": 7.0}}, {"type": "Feature", "geometry": {"type": "LineString", "coordinates": [[-57.3962447, -25.4920933], [-57.3970068, -25.4914165]]}, "properties": {"osmid": "300592169", "oneway": "False", "lanes": "2", "ref": "D027", "name": "Ruta Departamental 027", "highway": "primary", "length": 107.306, "maxspeed": "60", "bridge": NaN, "access": NaN, "tunnel": NaN, "junction": NaN, "width": NaN, "service": NaN, "roughness": 7.0}}, {"type": "Feature", "geometry": {"type": "LineString", "coordinates": [[-57.3970068, -25.4914165], [-57.3978973, -25.4906255]]}, "properties": {"osmid": "300592169", "oneway": "False", "lanes": "2", "ref": "D027", "name": "Ruta Departamental 027", "highway": "primary", "length": 125.399, "maxspeed": "60", "bridge": NaN, "access": NaN, "tunnel": NaN, "junction": NaN, "width": NaN, "service": NaN, "roughness": 7.0}}, {"type": "Feature", "geometry": {"type": "LineString", "coordinates": [[-57.3978973, -25.4906255], [-57.3984486, -25.4901359]]}, "properties": {"osmid": "300592169", "oneway": "False", "lanes": "2", "ref": "D027", "name": "Ruta Departamental 027", "highway": "primary", "length": 77.626, "maxspeed": "60", "bridge": NaN, "access": NaN, "tunnel": NaN, "junction": NaN, "width": NaN, "service": NaN, "roughness": 7.0}}, {"type": "Feature", "geometry": {"type": "LineString", "coordinates": [[-57.3984486, -25.4901359], [-57.3996737, -25.4890478]]}, "properties": {"osmid": "300592169", "oneway": "False", "lanes": "2", "ref": "D027", "name": "Ruta Departamental 027", "highway": "primary", "length": 172.509, "maxspeed": "60", "bridge": NaN, "access": NaN, "tunnel": NaN, "junction": NaN, "width": NaN, "service": NaN, "roughness": 7.0}}, {"type": "Feature", "geometry": {"type": "LineString", "coordinates": [[-57.3996737, -25.4890478], [-57.4006431, -25.4881868]]}, "properties": {"osmid": "300592169", "oneway": "False", "lanes": "2", "ref": "D027", "name": "Ruta Departamental 027", "highway": "primary", "length": 136.504, "maxspeed": "60", "bridge": NaN, "access": NaN, "tunnel": NaN, "junction": NaN, "width": NaN, "service": NaN, "roughness": 7.0}}, {"type": "Feature", "geometry": {"type": "LineString", "coordinates": [[-57.4006431, -25.4881868], [-57.4022576, -25.4867528]]}, "properties": {"osmid": "300592169", "oneway": "False", "lanes": "2", "ref": "D027", "name": "Ruta Departamental 027", "highway": "primary", "length": 227.347, "maxspeed": "60", "bridge": NaN, "access": NaN, "tunnel": NaN, "junction": NaN, "width": NaN, "service": NaN, "roughness": 7.0}}, {"type": "Feature", "geometry": {"type": "LineString", "coordinates": [[-57.4022576, -25.4867528], [-57.4048214, -25.4843753]]}, "properties": {"osmid": "300592169", "oneway": "False", "lanes": "2", "ref": "D027", "name": "Ruta Departamental 027", "highway": "primary", "length": 368.937, "maxspeed": "60", "bridge": NaN, "access": NaN, "tunnel": NaN, "junction": NaN, "width": NaN, "service": NaN, "roughness": 7.0}}, {"type": "Feature", "geometry": {"type": "LineString", "coordinates": [[-57.4048214, -25.4843753], [-57.4090226, -25.4804794]]}, "properties": {"osmid": "300592169", "oneway": "False", "lanes": "2", "ref": "D027", "name": "Ruta Departamental 027", "highway": "primary", "length": 604.569, "maxspeed": "60", "bridge": NaN, "access": NaN, "tunnel": NaN, "junction": NaN, "width": NaN, "service": NaN, "roughness": 7.0}}, {"type": "Feature", "geometry": {"type": "LineString", "coordinates": [[-57.4090226, -25.4804794], [-57.4095794, -25.480016]]}, "properties": {"osmid": "300592169", "oneway": "False", "lanes": "2", "ref": "D027", "name": "Ruta Departamental 027", "highway": "primary", "length": 76.019, "maxspeed": "60", "bridge": NaN, "access": NaN, "tunnel": NaN, "junction": NaN, "width": NaN, "service": NaN, "roughness": 7.0}}, {"type": "Feature", "geometry": {"type": "LineString", "coordinates": [[-57.4095794, -25.480016], [-57.4139206, -25.4761069]]}, "properties": {"osmid": "300592169", "oneway": "False", "lanes": "2", "ref": "D027", "name": "Ruta Departamental 027", "highway": "primary", "length": 615.5, "maxspeed": "60", "bridge": NaN, "access": NaN, "tunnel": NaN, "junction": NaN, "width": NaN, "service": NaN, "roughness": 7.0}}, {"type": "Feature", "geometry": {"type": "LineString", "coordinates": [[-57.4139206, -25.4761069], [-57.4140253, -25.4760126]]}, "properties": {"osmid": "300592169", "oneway": "False", "lanes": "2", "ref": "D027", "name": "Ruta Departamental 027", "highway": "primary", "length": 14.846, "maxspeed": "60", "bridge": NaN, "access": NaN, "tunnel": NaN, "junction": NaN, "width": NaN, "service": NaN, "roughness": 7.0}}, {"type": "Feature", "geometry": {"type": "LineString", "coordinates": [[-57.4140253, -25.4760126], [-57.4130526, -25.4751338]]}, "properties": {"osmid": "164786901", "oneway": "False", "lanes": "2", "ref": "D073", "name": "Ruta Departamental 73", "highway": "secondary", "length": 138.141, "maxspeed": "50", "bridge": NaN, "access": NaN, "tunnel": NaN, "junction": NaN, "width": NaN, "service": NaN, "roughness": 7.0}}, {"type": "Feature", "geometry": {"type": "LineString", "coordinates": [[-57.4130526, -25.4751338], [-57.4128341, -25.4749364]]}, "properties": {"osmid": "164786901", "oneway": "False", "lanes": "2", "ref": "D073", "name": "Ruta Departamental 73", "highway": "secondary", "length": 31.031, "maxspeed": "50", "bridge": NaN, "access": NaN, "tunnel": NaN, "junction": NaN, "width": NaN, "service": NaN, "roughness": 7.0}}, {"type": "Feature", "geometry": {"type": "LineString", "coordinates": [[-57.4128341, -25.4749364], [-57.4126302, -25.4747573]]}, "properties": {"osmid": "164786901", "oneway": "False", "lanes": "2", "ref": "D073", "name": "Ruta Departamental 73", "highway": "secondary", "length": 28.558, "maxspeed": "50", "bridge": NaN, "access": NaN, "tunnel": NaN, "junction": NaN, "width": NaN, "service": NaN, "roughness": 7.0}}, {"type": "Feature", "geometry": {"type": "LineString", "coordinates": [[-57.4126302, -25.4747573], [-57.4125337, -25.4746604]]}, "properties": {"osmid": "164786901", "oneway": "False", "lanes": "2", "ref": "D073", "name": "Ruta Departamental 73", "highway": "secondary", "length": 14.489, "maxspeed": "50", "bridge": NaN, "access": NaN, "tunnel": NaN, "junction": NaN, "width": NaN, "service": NaN, "roughness": 7.0}}, {"type": "Feature", "geometry": {"type": "LineString", "coordinates": [[-57.4125337, -25.4746604], [-57.4121689, -25.4740841]]}, "properties": {"osmid": "164786901", "oneway": "False", "lanes": "2", "ref": "D073", "name": "Ruta Departamental 73", "highway": "secondary", "length": 73.807, "maxspeed": "50", "bridge": NaN, "access": NaN, "tunnel": NaN, "junction": NaN, "width": NaN, "service": NaN, "roughness": 7.0}}, {"type": "Feature", "geometry": {"type": "LineString", "coordinates": [[-57.4121689, -25.4740841], [-57.4118915, -25.4736028]]}, "properties": {"osmid": "164786901", "oneway": "False", "lanes": "2", "ref": "D073", "name": "Ruta Departamental 73", "highway": "secondary", "length": 60.329, "maxspeed": "50", "bridge": NaN, "access": NaN, "tunnel": NaN, "junction": NaN, "width": NaN, "service": NaN, "roughness": 7.0}}, {"type": "Feature", "geometry": {"type": "LineString", "coordinates": [[-57.4118915, -25.4736028], [-57.4116609, -25.4732028]]}, "properties": {"osmid": "164786901", "oneway": "False", "lanes": "2", "ref": "D073", "name": "Ruta Departamental 73", "highway": "secondary", "length": 50.141, "maxspeed": "50", "bridge": NaN, "access": NaN, "tunnel": NaN, "junction": NaN, "width": NaN, "service": NaN, "roughness": 7.0}}, {"type": "Feature", "geometry": {"type": "LineString", "coordinates": [[-57.4116609, -25.4732028], [-57.4103879, -25.4709943]]}, "properties": {"osmid": "164786901", "oneway": "False", "lanes": "2", "ref": "D073", "name": "Ruta Departamental 73", "highway": "secondary", "length": 276.835, "maxspeed": "50", "bridge": NaN, "access": NaN, "tunnel": NaN, "junction": NaN, "width": NaN, "service": NaN, "roughness": 7.0}}, {"type": "Feature", "geometry": {"type": "LineString", "coordinates": [[-57.4103879, -25.4709943], [-57.4092904, -25.4691808]]}, "properties": {"osmid": "164786901", "oneway": "False", "lanes": "2", "ref": "D073", "name": "Ruta Departamental 73", "highway": "secondary", "length": 229.788, "maxspeed": "50", "bridge": NaN, "access": NaN, "tunnel": NaN, "junction": NaN, "width": NaN, "service": NaN, "roughness": 7.0}}, {"type": "Feature", "geometry": {"type": "LineString", "coordinates": [[-57.4092904, -25.4691808], [-57.4091541, -25.4688876]]}, "properties": {"osmid": "164786901", "oneway": "False", "lanes": "2", "ref": "D073", "name": "Ruta Departamental 73", "highway": "secondary", "length": 35.357, "maxspeed": "50", "bridge": NaN, "access": NaN, "tunnel": NaN, "junction": NaN, "width": NaN, "service": NaN, "roughness": 7.0}}, {"type": "Feature", "geometry": {"type": "LineString", "coordinates": [[-57.4091541, -25.4688876], [-57.4090844, -25.4687132]]}, "properties": {"osmid": "164786901", "oneway": "False", "lanes": "2", "ref": "D073", "name": "Ruta Departamental 73", "highway": "secondary", "length": 20.616, "maxspeed": "50", "bridge": NaN, "access": NaN, "tunnel": NaN, "junction": NaN, "width": NaN, "service": NaN, "roughness": 7.0}}, {"type": "Feature", "geometry": {"type": "LineString", "coordinates": [[-57.4090844, -25.4687132], [-57.4090575, -25.4685098]]}, "properties": {"osmid": "164786901", "oneway": "False", "lanes": "2", "ref": "D073", "name": "Ruta Departamental 73", "highway": "secondary", "length": 22.778, "maxspeed": "50", "bridge": NaN, "access": NaN, "tunnel": NaN, "junction": NaN, "width": NaN, "service": NaN, "roughness": 7.0}}, {"type": "Feature", "geometry": {"type": "LineString", "coordinates": [[-57.4090575, -25.4685098], [-57.4090285, -25.4678144]]}, "properties": {"osmid": "164786901", "oneway": "False", "lanes": "2", "ref": "D073", "name": "Ruta Departamental 73", "highway": "secondary", "length": 77.38, "maxspeed": "50", "bridge": NaN, "access": NaN, "tunnel": NaN, "junction": NaN, "width": NaN, "service": NaN, "roughness": 7.0}}, {"type": "Feature", "geometry": {"type": "LineString", "coordinates": [[-57.4090285, -25.4678144], [-57.408964, -25.467159]]}, "properties": {"osmid": "164786901", "oneway": "False", "lanes": "2", "ref": "D073", "name": "Ruta Departamental 73", "highway": "secondary", "length": 73.164, "maxspeed": "50", "bridge": NaN, "access": NaN, "tunnel": NaN, "junction": NaN, "width": NaN, "service": NaN, "roughness": 7.0}}, {"type": "Feature", "geometry": {"type": "LineString", "coordinates": [[-57.408964, -25.467159], [-57.4088833, -25.4667969]]}, "properties": {"osmid": "164786901", "oneway": "False", "lanes": "2", "ref": "D073", "name": "Ruta Departamental 73", "highway": "secondary", "length": 41.071, "maxspeed": "50", "bridge": NaN, "access": NaN, "tunnel": NaN, "junction": NaN, "width": NaN, "service": NaN, "roughness": 7.0}}, {"type": "Feature", "geometry": {"type": "LineString", "coordinates": [[-57.4088833, -25.4667969], [-57.4088116, -25.4665197]]}, "properties": {"osmid": "164786901", "oneway": "False", "lanes": "2", "ref": "D073", "name": "Ruta Departamental 73", "highway": "secondary", "length": 31.653, "maxspeed": "50", "bridge": NaN, "access": NaN, "tunnel": NaN, "junction": NaN, "width": NaN, "service": NaN, "roughness": 7.0}}, {"type": "Feature", "geometry": {"type": "LineString", "coordinates": [[-57.4088116, -25.4665197], [-57.4086238, -25.465987]]}, "properties": {"osmid": "164786901", "oneway": "False", "lanes": "2", "ref": "D073", "name": "Ruta Departamental 73", "highway": "secondary", "length": 62.162, "maxspeed": "50", "bridge": NaN, "access": NaN, "tunnel": NaN, "junction": NaN, "width": NaN, "service": NaN, "roughness": 7.0}}, {"type": "Feature", "geometry": {"type": "LineString", "coordinates": [[-57.4086238, -25.465987], [-57.4082282, -25.4649818]]}, "properties": {"osmid": "164786901", "oneway": "False", "lanes": "2", "ref": "D073", "name": "Ruta Departamental 73", "highway": "secondary", "length": 118.619, "maxspeed": "50", "bridge": NaN, "access": NaN, "tunnel": NaN, "junction": NaN, "width": NaN, "service": NaN, "roughness": 7.0}}, {"type": "Feature", "geometry": {"type": "LineString", "coordinates": [[-57.4082282, -25.4649818], [-57.4078935, -25.4641076]]}, "properties": {"osmid": "164786901", "oneway": "False", "lanes": "2", "ref": "D073", "name": "Ruta Departamental 73", "highway": "secondary", "length": 102.85, "maxspeed": "50", "bridge": NaN, "access": NaN, "tunnel": NaN, "junction": NaN, "width": NaN, "service": NaN, "roughness": 7.0}}, {"type": "Feature", "geometry": {"type": "LineString", "coordinates": [[-57.4078935, -25.4641076], [-57.4074323, -25.4627518]]}, "properties": {"osmid": "164786901", "oneway": "False", "lanes": "2", "ref": "D073", "name": "Ruta Departamental 73", "highway": "secondary", "length": 157.708, "maxspeed": "50", "bridge": NaN, "access": NaN, "tunnel": NaN, "junction": NaN, "width": NaN, "service": NaN, "roughness": 7.0}}, {"type": "Feature", "geometry": {"type": "LineString", "coordinates": [[-57.4074323, -25.4627518], [-57.4069919, -25.4616193]]}, "properties": {"osmid": "164786901", "oneway": "False", "lanes": "2", "ref": "D073", "name": "Ruta Departamental 73", "highway": "secondary", "length": 133.465, "maxspeed": "50", "bridge": NaN, "access": NaN, "tunnel": NaN, "junction": NaN, "width": NaN, "service": NaN, "roughness": 7.0}}, {"type": "Feature", "geometry": {"type": "LineString", "coordinates": [[-57.4069919, -25.4616193], [-57.4069246, -25.4614462]]}, "properties": {"osmid": "164786901", "oneway": "False", "lanes": "2", "ref": "D073", "name": "Ruta Departamental 73", "highway": "secondary", "length": 20.399, "maxspeed": "50", "bridge": NaN, "access": NaN, "tunnel": NaN, "junction": NaN, "width": NaN, "service": NaN, "roughness": 7.0}}, {"type": "Feature", "geometry": {"type": "LineString", "coordinates": [[-57.4069246, -25.4614462], [-57.4065255, -25.4603394]]}, "properties": {"osmid": "164786901", "oneway": "False", "lanes": "2", "ref": "D073", "name": "Ruta Departamental 73", "highway": "secondary", "length": 129.429, "maxspeed": "50", "bridge": NaN, "access": NaN, "tunnel": NaN, "junction": NaN, "width": NaN, "service": NaN, "roughness": 7.0}}, {"type": "Feature", "geometry": {"type": "LineString", "coordinates": [[-57.4065255, -25.4603394], [-57.4061218, -25.4591089]]}, "properties": {"osmid": "164786901", "oneway": "False", "lanes": "2", "ref": "D073", "name": "Ruta Departamental 73", "highway": "secondary", "length": 142.702, "maxspeed": "50", "bridge": NaN, "access": NaN, "tunnel": NaN, "junction": NaN, "width": NaN, "service": NaN, "roughness": 7.0}}, {"type": "Feature", "geometry": {"type": "LineString", "coordinates": [[-57.4061218, -25.4591089], [-57.4055703, -25.4574275]]}, "properties": {"osmid": "164786901", "oneway": "False", "lanes": "2", "ref": "D073", "name": "Ruta Departamental 73", "highway": "secondary", "length": 194.99, "maxspeed": "50", "bridge": NaN, "access": NaN, "tunnel": NaN, "junction": NaN, "width": NaN, "service": NaN, "roughness": 7.0}}, {"type": "Feature", "geometry": {"type": "LineString", "coordinates": [[-57.4055703, -25.4574275], [-57.4055277, -25.4572977]]}, "properties": {"osmid": "164786901", "oneway": "False", "lanes": "2", "ref": "D073", "name": "Ruta Departamental 73", "highway": "secondary", "length": 15.053, "maxspeed": "50", "bridge": NaN, "access": NaN, "tunnel": NaN, "junction": NaN, "width": NaN, "service": NaN, "roughness": 7.0}}, {"type": "Feature", "geometry": {"type": "LineString", "coordinates": [[-57.4055277, -25.4572977], [-57.4054153, -25.4569345]]}, "properties": {"osmid": "164786901", "oneway": "False", "lanes": "2", "ref": "D073", "name": "Ruta Departamental 73", "highway": "secondary", "length": 41.933, "maxspeed": "50", "bridge": NaN, "access": NaN, "tunnel": NaN, "junction": NaN, "width": NaN, "service": NaN, "roughness": 7.0}}, {"type": "Feature", "geometry": {"type": "LineString", "coordinates": [[-57.4054153, -25.4569345], [-57.4053456, -25.4566633]]}, "properties": {"osmid": "164786901", "oneway": "False", "lanes": "2", "ref": "D073", "name": "Ruta Departamental 73", "highway": "secondary", "length": 30.957, "maxspeed": "50", "bridge": NaN, "access": NaN, "tunnel": NaN, "junction": NaN, "width": NaN, "service": NaN, "roughness": 7.0}}, {"type": "Feature", "geometry": {"type": "LineString", "coordinates": [[-57.4053456, -25.4566633], [-57.4052222, -25.4560675]]}, "properties": {"osmid": "164786901", "oneway": "False", "lanes": "2", "ref": "D073", "name": "Ruta Departamental 73", "highway": "secondary", "length": 67.399, "maxspeed": "50", "bridge": NaN, "access": NaN, "tunnel": NaN, "junction": NaN, "width": NaN, "service": NaN, "roughness": 7.0}}, {"type": "Feature", "geometry": {"type": "LineString", "coordinates": [[-57.4052222, -25.4560675], [-57.4051256, -25.4555396]]}, "properties": {"osmid": "164786901", "oneway": "False", "lanes": "2", "ref": "D073", "name": "Ruta Departamental 73", "highway": "secondary", "length": 59.496, "maxspeed": "50", "bridge": NaN, "access": NaN, "tunnel": NaN, "junction": NaN, "width": NaN, "service": NaN, "roughness": 7.0}}, {"type": "Feature", "geometry": {"type": "LineString", "coordinates": [[-57.4051256, -25.4555396], [-57.4050559, -25.4549583]]}, "properties": {"osmid": "164786901", "oneway": "False", "lanes": "2", "ref": "D073", "name": "Ruta Departamental 73", "highway": "secondary", "length": 65.015, "maxspeed": "50", "bridge": NaN, "access": NaN, "tunnel": NaN, "junction": NaN, "width": NaN, "service": NaN, "roughness": 7.0}}, {"type": "Feature", "geometry": {"type": "LineString", "coordinates": [[-57.4050559, -25.4549583], [-57.4049808, -25.4539702]]}, "properties": {"osmid": "164786901", "oneway": "False", "lanes": "2", "ref": "D073", "name": "Ruta Departamental 73", "highway": "secondary", "length": 110.13, "maxspeed": "50", "bridge": NaN, "access": NaN, "tunnel": NaN, "junction": NaN, "width": NaN, "service": NaN, "roughness": 7.0}}, {"type": "Feature", "geometry": {"type": "LineString", "coordinates": [[-57.4049808, -25.4539702], [-57.4049218, -25.4534374]]}, "properties": {"osmid": "164786901", "oneway": "False", "lanes": "2", "ref": "D073", "name": "Ruta Departamental 73", "highway": "secondary", "length": 59.54, "maxspeed": "50", "bridge": NaN, "access": NaN, "tunnel": NaN, "junction": NaN, "width": NaN, "service": NaN, "roughness": 7.0}}, {"type": "Feature", "geometry": {"type": "LineString", "coordinates": [[-57.4049218, -25.4534374], [-57.4048252, -25.4529869]]}, "properties": {"osmid": "164786901", "oneway": "False", "lanes": "2", "ref": "D073", "name": "Ruta Departamental 73", "highway": "secondary", "length": 51.024, "maxspeed": "50", "bridge": NaN, "access": NaN, "tunnel": NaN, "junction": NaN, "width": NaN, "service": NaN, "roughness": 7.0}}, {"type": "Feature", "geometry": {"type": "LineString", "coordinates": [[-57.4048252, -25.4529869], [-57.4046705, -25.4521551]]}, "properties": {"osmid": "164786901", "oneway": "False", "lanes": "2", "ref": "D073", "name": "Ruta Departamental 73", "highway": "secondary", "length": 93.787, "maxspeed": "50", "bridge": NaN, "access": NaN, "tunnel": NaN, "junction": NaN, "width": NaN, "service": NaN, "roughness": 7.0}}, {"type": "Feature", "geometry": {"type": "LineString", "coordinates": [[-57.4046705, -25.4521551], [-57.4045946, -25.4517469]]}, "properties": {"osmid": "164786901", "oneway": "False", "lanes": "2", "ref": "D073", "name": "Ruta Departamental 73", "highway": "secondary", "length": 46.025, "maxspeed": "50", "bridge": NaN, "access": NaN, "tunnel": NaN, "junction": NaN, "width": NaN, "service": NaN, "roughness": 7.0}}, {"type": "Feature", "geometry": {"type": "LineString", "coordinates": [[-57.4045946, -25.4517469], [-57.4045624, -25.451558]]}, "properties": {"osmid": "164786901", "oneway": "False", "lanes": "2", "ref": "D073", "name": "Ruta Departamental 73", "highway": "secondary", "length": 21.252, "maxspeed": "50", "bridge": NaN, "access": NaN, "tunnel": NaN, "junction": NaN, "width": NaN, "service": NaN, "roughness": 7.0}}, {"type": "Feature", "geometry": {"type": "LineString", "coordinates": [[-57.4045624, -25.451558], [-57.4044551, -25.4509768]]}, "properties": {"osmid": "164787187", "oneway": "False", "lanes": "2", "ref": "D073", "name": "Ruta Departamental 73", "highway": "secondary", "length": 65.518, "maxspeed": "50", "bridge": NaN, "access": NaN, "tunnel": NaN, "junction": NaN, "width": NaN, "service": NaN, "roughness": 7.0}}, {"type": "Feature", "geometry": {"type": "LineString", "coordinates": [[-57.4044551, -25.4509768], [-57.4044283, -25.4507685]]}, "properties": {"osmid": "164787187", "oneway": "False", "lanes": "2", "ref": "D073", "name": "Ruta Departamental 73", "highway": "secondary", "length": 23.318, "maxspeed": "50", "bridge": NaN, "access": NaN, "tunnel": NaN, "junction": NaN, "width": NaN, "service": NaN, "roughness": 7.0}}, {"type": "Feature", "geometry": {"type": "LineString", "coordinates": [[-57.4044283, -25.4507685], [-57.4043746, -25.4498385]]}, "properties": {"osmid": "164787187", "oneway": "False", "lanes": "2", "ref": "D073", "name": "Ruta Departamental 73", "highway": "secondary", "length": 103.552, "maxspeed": "50", "bridge": NaN, "access": NaN, "tunnel": NaN, "junction": NaN, "width": NaN, "service": NaN, "roughness": 7.0}}, {"type": "Feature", "geometry": {"type": "LineString", "coordinates": [[-57.4043746, -25.4498385], [-57.4042995, -25.4492717]]}, "properties": {"osmid": "164787187", "oneway": "False", "lanes": "2", "ref": "D073", "name": "Ruta Departamental 73", "highway": "secondary", "length": 63.475, "maxspeed": "50", "bridge": NaN, "access": NaN, "tunnel": NaN, "junction": NaN, "width": NaN, "service": NaN, "roughness": 7.0}}, {"type": "Feature", "geometry": {"type": "LineString", "coordinates": [[-57.4042995, -25.4492717], [-57.4042459, -25.4489278]]}, "properties": {"osmid": "164787187", "oneway": "False", "lanes": "2", "ref": "D073", "name": "Ruta Departamental 73", "highway": "secondary", "length": 38.617, "maxspeed": "50", "bridge": NaN, "access": NaN, "tunnel": NaN, "junction": NaN, "width": NaN, "service": NaN, "roughness": 7.0}}, {"type": "Feature", "geometry": {"type": "LineString", "coordinates": [[-57.4042459, -25.4489278], [-57.4040689, -25.4480753]]}, "properties": {"osmid": "164787187", "oneway": "False", "lanes": "2", "ref": "D073", "name": "Ruta Departamental 73", "highway": "secondary", "length": 96.445, "maxspeed": "50", "bridge": NaN, "access": NaN, "tunnel": NaN, "junction": NaN, "width": NaN, "service": NaN, "roughness": 7.0}}, {"type": "Feature", "geometry": {"type": "LineString", "coordinates": [[-57.4040689, -25.4480753], [-57.4039884, -25.4476393]]}, "properties": {"osmid": "164787187", "oneway": "False", "lanes": "2", "ref": "D073", "name": "Ruta Departamental 73", "highway": "secondary", "length": 49.15, "maxspeed": "50", "bridge": NaN, "access": NaN, "tunnel": NaN, "junction": NaN, "width": NaN, "service": NaN, "roughness": 7.0}}, {"type": "Feature", "geometry": {"type": "LineString", "coordinates": [[-57.4039884, -25.4476393], [-57.4039669, -25.4473681]]}, "properties": {"osmid": "164787187", "oneway": "False", "lanes": "2", "ref": "D073", "name": "Ruta Departamental 73", "highway": "secondary", "length": 30.233, "maxspeed": "50", "bridge": NaN, "access": NaN, "tunnel": NaN, "junction": NaN, "width": NaN, "service": NaN, "roughness": 7.0}}, {"type": "Feature", "geometry": {"type": "LineString", "coordinates": [[-57.4039669, -25.4473681], [-57.4039669, -25.4472809]]}, "properties": {"osmid": "164787181", "oneway": "False", "lanes": "2", "ref": "D073", "name": "Ruta Departamental 73", "highway": "secondary", "length": 9.696, "maxspeed": "50", "bridge": "yes", "access": NaN, "tunnel": NaN, "junction": NaN, "width": NaN, "service": NaN, "roughness": 7.0}}, {"type": "Feature", "geometry": {"type": "LineString", "coordinates": [[-57.4039669, -25.4472809], [-57.4039616, -25.4459682]]}, "properties": {"osmid": "164787188", "oneway": "False", "lanes": "2", "ref": "D073", "name": "Ruta Departamental 73", "highway": "secondary", "length": 145.967, "maxspeed": "50", "bridge": NaN, "access": NaN, "tunnel": NaN, "junction": NaN, "width": NaN, "service": NaN, "roughness": 7.0}}, {"type": "Feature", "geometry": {"type": "LineString", "coordinates": [[-57.4039616, -25.4459682], [-57.4039455, -25.4455758]]}, "properties": {"osmid": "164787188", "oneway": "False", "lanes": "2", "ref": "D073", "name": "Ruta Departamental 73", "highway": "secondary", "length": 43.663, "maxspeed": "50", "bridge": NaN, "access": NaN, "tunnel": NaN, "junction": NaN, "width": NaN, "service": NaN, "roughness": 7.0}}, {"type": "Feature", "geometry": {"type": "LineString", "coordinates": [[-57.4039455, -25.4455758], [-57.4038918, -25.444762]]}, "properties": {"osmid": "164787188", "oneway": "False", "lanes": "2", "ref": "D073", "name": "Ruta Departamental 73", "highway": "secondary", "length": 90.651, "maxspeed": "50", "bridge": NaN, "access": NaN, "tunnel": NaN, "junction": NaN, "width": NaN, "service": NaN, "roughness": 7.0}}, {"type": "Feature", "geometry": {"type": "LineString", "coordinates": [[-57.4038918, -25.444762], [-57.4038633, -25.4443238]]}, "properties": {"osmid": "164787188", "oneway": "False", "lanes": "2", "ref": "D073", "name": "Ruta Departamental 73", "highway": "secondary", "length": 48.81, "maxspeed": "50", "bridge": NaN, "access": NaN, "tunnel": NaN, "junction": NaN, "width": NaN, "service": NaN, "roughness": 7.0}}, {"type": "Feature", "geometry": {"type": "LineString", "coordinates": [[-57.4038633, -25.4443238], [-57.4037094, -25.4419621]]}, "properties": {"osmid": "164787188", "oneway": "False", "lanes": "2", "ref": "D073", "name": "Ruta Departamental 73", "highway": "secondary", "length": 263.064, "maxspeed": "50", "bridge": NaN, "access": NaN, "tunnel": NaN, "junction": NaN, "width": NaN, "service": NaN, "roughness": 7.0}}, {"type": "Feature", "geometry": {"type": "LineString", "coordinates": [[-57.4037094, -25.4419621], [-57.4036397, -25.4409787]]}, "properties": {"osmid": "164787188", "oneway": "False", "lanes": "2", "ref": "D073", "name": "Ruta Departamental 73", "highway": "secondary", "length": 109.573, "maxspeed": "50", "bridge": NaN, "access": NaN, "tunnel": NaN, "junction": NaN, "width": NaN, "service": NaN, "roughness": 7.0}}, {"type": "Feature", "geometry": {"type": "LineString", "coordinates": [[-57.4036397, -25.4409787], [-57.4036046, -25.4405571]]}, "properties": {"osmid": "164787188", "oneway": "False", "lanes": "2", "ref": "D073", "name": "Ruta Departamental 73", "highway": "secondary", "length": 47.012, "maxspeed": "50", "bridge": NaN, "access": NaN, "tunnel": NaN, "junction": NaN, "width": NaN, "service": NaN, "roughness": 7.0}}, {"type": "Feature", "geometry": {"type": "LineString", "coordinates": [[-57.4036046, -25.4405571], [-57.40355, -25.4403499]]}, "properties": {"osmid": "164787188", "oneway": "False", "lanes": "2", "ref": "D073", "name": "Ruta Departamental 73", "highway": "secondary", "length": 23.683, "maxspeed": "50", "bridge": NaN, "access": NaN, "tunnel": NaN, "junction": NaN, "width": NaN, "service": NaN, "roughness": 7.0}}, {"type": "Feature", "geometry": {"type": "LineString", "coordinates": [[-57.40355, -25.4403499], [-57.4033071, -25.439259]]}, "properties": {"osmid": "854599327", "oneway": "False", "lanes": "2", "ref": NaN, "name": "Las Piedras", "highway": "tertiary", "length": 123.731, "maxspeed": NaN, "bridge": NaN, "access": NaN, "tunnel": NaN, "junction": NaN, "width": NaN, "service": NaN, "roughness": 7.0}}, {"type": "Feature", "geometry": {"type": "LineString", "coordinates": [[-57.4033071, -25.439259], [-57.4032642, -25.4390313]]}, "properties": {"osmid": "854599327", "oneway": "False", "lanes": "2", "ref": NaN, "name": "Las Piedras", "highway": "tertiary", "length": 25.683, "maxspeed": NaN, "bridge": NaN, "access": NaN, "tunnel": NaN, "junction": NaN, "width": NaN, "service": NaN, "roughness": 7.0}}, {"type": "Feature", "geometry": {"type": "LineString", "coordinates": [[-57.4032642, -25.4390313], [-57.4032481, -25.4387552]]}, "properties": {"osmid": "854599327", "oneway": "False", "lanes": "2", "ref": NaN, "name": "Las Piedras", "highway": "tertiary", "length": 30.743, "maxspeed": NaN, "bridge": NaN, "access": NaN, "tunnel": NaN, "junction": NaN, "width": NaN, "service": NaN, "roughness": 7.0}}, {"type": "Feature", "geometry": {"type": "LineString", "coordinates": [[-57.4032481, -25.4387552], [-57.4032535, -25.4381593]]}, "properties": {"osmid": "854599327", "oneway": "False", "lanes": "2", "ref": NaN, "name": "Las Piedras", "highway": "tertiary", "length": 66.263, "maxspeed": NaN, "bridge": NaN, "access": NaN, "tunnel": NaN, "junction": NaN, "width": NaN, "service": NaN, "roughness": 7.0}}, {"type": "Feature", "geometry": {"type": "LineString", "coordinates": [[-57.4032535, -25.4381593], [-57.4033168, -25.4377502]]}, "properties": {"osmid": "854599327", "oneway": "False", "lanes": "2", "ref": NaN, "name": "Las Piedras", "highway": "tertiary", "length": 45.932, "maxspeed": NaN, "bridge": NaN, "access": NaN, "tunnel": NaN, "junction": NaN, "width": NaN, "service": NaN, "roughness": 7.0}}, {"type": "Feature", "geometry": {"type": "LineString", "coordinates": [[-57.4033168, -25.4377502], [-57.4033983, -25.4374714]]}, "properties": {"osmid": "854599327", "oneway": "False", "lanes": "2", "ref": NaN, "name": "Las Piedras", "highway": "tertiary", "length": 32.063, "maxspeed": NaN, "bridge": NaN, "access": NaN, "tunnel": NaN, "junction": NaN, "width": NaN, "service": NaN, "roughness": 7.0}}, {"type": "Feature", "geometry": {"type": "LineString", "coordinates": [[-57.4033983, -25.4374714], [-57.4036011, -25.4369509]]}, "properties": {"osmid": "854599327", "oneway": "False", "lanes": "2", "ref": NaN, "name": "Las Piedras", "highway": "tertiary", "length": 61.355, "maxspeed": NaN, "bridge": NaN, "access": NaN, "tunnel": NaN, "junction": NaN, "width": NaN, "service": NaN, "roughness": 7.0}}, {"type": "Feature", "geometry": {"type": "LineString", "coordinates": [[-57.4036011, -25.4369509], [-57.4038043, -25.4365194]]}, "properties": {"osmid": "854599327", "oneway": "False", "lanes": "2", "ref": NaN, "name": "Las Piedras", "highway": "tertiary", "length": 52.139, "maxspeed": NaN, "bridge": NaN, "access": NaN, "tunnel": NaN, "junction": NaN, "width": NaN, "service": NaN, "roughness": 7.0}}, {"type": "Feature", "geometry": {"type": "LineString", "coordinates": [[-57.4038043, -25.4365194], [-57.4038908, -25.4363357]]}, "properties": {"osmid": "854599327", "oneway": "False", "lanes": "2", "ref": NaN, "name": "Las Piedras", "highway": "tertiary", "length": 22.197, "maxspeed": NaN, "bridge": NaN, "access": NaN, "tunnel": NaN, "junction": NaN, "width": NaN, "service": NaN, "roughness": 7.0}}, {"type": "Feature", "geometry": {"type": "LineString", "coordinates": [[-57.4038908, -25.4363357], [-57.4040528, -25.4359212]]}, "properties": {"osmid": "854599327", "oneway": "False", "lanes": "2", "ref": NaN, "name": "Las Piedras", "highway": "tertiary", "length": 48.877, "maxspeed": NaN, "bridge": NaN, "access": NaN, "tunnel": NaN, "junction": NaN, "width": NaN, "service": NaN, "roughness": 7.0}}, {"type": "Feature", "geometry": {"type": "LineString", "coordinates": [[-57.4040528, -25.4359212], [-57.4041053, -25.4357447]]}, "properties": {"osmid": "854599327", "oneway": "False", "lanes": "2", "ref": NaN, "name": "Las Piedras", "highway": "tertiary", "length": 20.322, "maxspeed": NaN, "bridge": NaN, "access": NaN, "tunnel": NaN, "junction": NaN, "width": NaN, "service": NaN, "roughness": 7.0}}, {"type": "Feature", "geometry": {"type": "LineString", "coordinates": [[-57.4041053, -25.4357447], [-57.4041225, -25.4355918]]}, "properties": {"osmid": "854599327", "oneway": "False", "lanes": "2", "ref": NaN, "name": "Las Piedras", "highway": "tertiary", "length": 17.089, "maxspeed": NaN, "bridge": NaN, "access": NaN, "tunnel": NaN, "junction": NaN, "width": NaN, "service": NaN, "roughness": 7.0}}, {"type": "Feature", "geometry": {"type": "LineString", "coordinates": [[-57.4041225, -25.4355918], [-57.4040581, -25.4352479]]}, "properties": {"osmid": "854599327", "oneway": "False", "lanes": "2", "ref": NaN, "name": "Las Piedras", "highway": "tertiary", "length": 38.783, "maxspeed": NaN, "bridge": NaN, "access": NaN, "tunnel": NaN, "junction": NaN, "width": NaN, "service": NaN, "roughness": 7.0}}, {"type": "Feature", "geometry": {"type": "LineString", "coordinates": [[-57.4040581, -25.4352479], [-57.4036494, -25.4336325]]}, "properties": {"osmid": "854599327", "oneway": "False", "lanes": "2", "ref": NaN, "name": "Las Piedras", "highway": "tertiary", "length": 184.253, "maxspeed": NaN, "bridge": NaN, "access": NaN, "tunnel": NaN, "junction": NaN, "width": NaN, "service": NaN, "roughness": 7.0}}, {"type": "Feature", "geometry": {"type": "LineString", "coordinates": [[-57.4036494, -25.4336325], [-57.4034466, -25.4330678]]}, "properties": {"osmid": "854599327", "oneway": "False", "lanes": "2", "ref": NaN, "name": "Las Piedras", "highway": "tertiary", "length": 66.012, "maxspeed": NaN, "bridge": NaN, "access": NaN, "tunnel": NaN, "junction": NaN, "width": NaN, "service": NaN, "roughness": 7.0}}, {"type": "Feature", "geometry": {"type": "LineString", "coordinates": [[-57.4034466, -25.4330678], [-57.403291, -25.4326657]]}, "properties": {"osmid": "854599327", "oneway": "False", "lanes": "2", "ref": NaN, "name": "Las Piedras", "highway": "tertiary", "length": 47.363, "maxspeed": NaN, "bridge": NaN, "access": NaN, "tunnel": NaN, "junction": NaN, "width": NaN, "service": NaN, "roughness": 7.0}}, {"type": "Feature", "geometry": {"type": "LineString", "coordinates": [[-57.403291, -25.4326657], [-57.4031998, -25.4323218]]}, "properties": {"osmid": "854599327", "oneway": "False", "lanes": "2", "ref": NaN, "name": "Las Piedras", "highway": "tertiary", "length": 39.321, "maxspeed": NaN, "bridge": NaN, "access": NaN, "tunnel": NaN, "junction": NaN, "width": NaN, "service": NaN, "roughness": 7.0}}, {"type": "Feature", "geometry": {"type": "LineString", "coordinates": [[-57.4031998, -25.4323218], [-57.4031194, -25.4317307]]}, "properties": {"osmid": "854599327", "oneway": "False", "lanes": "2", "ref": NaN, "name": "Las Piedras", "highway": "tertiary", "length": 66.221, "maxspeed": NaN, "bridge": NaN, "access": NaN, "tunnel": NaN, "junction": NaN, "width": NaN, "service": NaN, "roughness": 7.0}}, {"type": "Feature", "geometry": {"type": "LineString", "coordinates": [[-57.4031194, -25.4317307], [-57.403114, -25.4314207]]}, "properties": {"osmid": "854599327", "oneway": "False", "lanes": "2", "ref": NaN, "name": "Las Piedras", "highway": "tertiary", "length": 34.475, "maxspeed": NaN, "bridge": NaN, "access": NaN, "tunnel": NaN, "junction": NaN, "width": NaN, "service": NaN, "roughness": 7.0}}, {"type": "Feature", "geometry": {"type": "LineString", "coordinates": [[-57.403114, -25.4314207], [-57.4031623, -25.4311978]]}, "properties": {"osmid": "854599327", "oneway": "False", "lanes": "2", "ref": NaN, "name": "Las Piedras", "highway": "tertiary", "length": 25.256, "maxspeed": NaN, "bridge": NaN, "access": NaN, "tunnel": NaN, "junction": NaN, "width": NaN, "service": NaN, "roughness": 7.0}}, {"type": "Feature", "geometry": {"type": "LineString", "coordinates": [[-57.4031623, -25.4311978], [-57.4032524, -25.4309098]]}, "properties": {"osmid": "854599327", "oneway": "False", "lanes": "2", "ref": NaN, "name": "Las Piedras", "highway": "tertiary", "length": 33.278, "maxspeed": NaN, "bridge": NaN, "access": NaN, "tunnel": NaN, "junction": NaN, "width": NaN, "service": NaN, "roughness": 7.0}}, {"type": "Feature", "geometry": {"type": "LineString", "coordinates": [[-57.4032524, -25.4309098], [-57.4037835, -25.4290252]]}, "properties": {"osmid": "854599327", "oneway": "False", "lanes": "2", "ref": NaN, "name": "Las Piedras", "highway": "tertiary", "length": 216.239, "maxspeed": NaN, "bridge": NaN, "access": NaN, "tunnel": NaN, "junction": NaN, "width": NaN, "service": NaN, "roughness": 7.0}}]}