{"type": "FeatureCollection", "features": [{"type": "Feature", "geometry": {"type": "LineString", "coordinates": [[-56.8232809, -26.9719264], [-56.8228873, -26.9722079]]}, "properties": {"osmid": "606070752", "oneway": "False", "lanes": "2", "ref": "PY01", "name": "Ruta Nacional Mariscal L\u00f3pez", "highway": "trunk", "length": 50.012, "maxspeed": NaN, "bridge": NaN, "access": NaN, "tunnel": NaN, "junction": NaN, "width": NaN, "service": NaN, "roughness": 2.8299999}}, {"type": "Feature", "geometry": {"type": "LineString", "coordinates": [[-56.8228873, -26.9722079], [-56.8214468, -26.9732382]]}, "properties": {"osmid": "606070752", "oneway": "False", "lanes": "2", "ref": "PY01", "name": "Ruta Nacional Mariscal L\u00f3pez", "highway": "trunk", "length": 183.039, "maxspeed": NaN, "bridge": NaN, "access": NaN, "tunnel": NaN, "junction": NaN, "width": NaN, "service": NaN, "roughness": 2.8299999}}, {"type": "Feature", "geometry": {"type": "LineString", "coordinates": [[-56.8214468, -26.9732382], [-56.821059, -26.9735156]]}, "properties": {"osmid": "606070752", "oneway": "False", "lanes": "2", "ref": "PY01", "name": "Ruta Nacional Mariscal L\u00f3pez", "highway": "trunk", "length": 49.278, "maxspeed": NaN, "bridge": NaN, "access": NaN, "tunnel": NaN, "junction": NaN, "width": NaN, "service": NaN, "roughness": 2.8299999}}, {"type": "Feature", "geometry": {"type": "LineString", "coordinates": [[-56.821059, -26.9735156], [-56.8151253, -26.9777595]]}, "properties": {"osmid": "606070752", "oneway": "False", "lanes": "2", "ref": "PY01", "name": "Ruta Nacional Mariscal L\u00f3pez", "highway": "trunk", "length": 753.955, "maxspeed": NaN, "bridge": NaN, "access": NaN, "tunnel": NaN, "junction": NaN, "width": NaN, "service": NaN, "roughness": 2.8299999}}, {"type": "Feature", "geometry": {"type": "LineString", "coordinates": [[-56.8151253, -26.9777595], [-56.7980704, -26.9898991]]}, "properties": {"osmid": "606070752", "oneway": "False", "lanes": "2", "ref": "PY01", "name": "Ruta Nacional Mariscal L\u00f3pez", "highway": "trunk", "length": 2162.896, "maxspeed": NaN, "bridge": NaN, "access": NaN, "tunnel": NaN, "junction": NaN, "width": NaN, "service": NaN, "roughness": 2.8299999}}, {"type": "Feature", "geometry": {"type": "LineString", "coordinates": [[-56.7980704, -26.9898991], [-56.7955053, -26.9916547]]}, "properties": {"osmid": "606070752", "oneway": "False", "lanes": "2", "ref": "PY01", "name": "Ruta Nacional Mariscal L\u00f3pez", "highway": "trunk", "length": 320.477, "maxspeed": NaN, "bridge": NaN, "access": NaN, "tunnel": NaN, "junction": NaN, "width": NaN, "service": NaN, "roughness": 2.8299999}}, {"type": "Feature", "geometry": {"type": "LineString", "coordinates": [[-56.7955053, -26.9916547], [-56.7932002, -26.9928518]]}, "properties": {"osmid": "606070752", "oneway": "False", "lanes": "2", "ref": "PY01", "name": "Ruta Nacional Mariscal L\u00f3pez", "highway": "trunk", "length": 264.354, "maxspeed": NaN, "bridge": NaN, "access": NaN, "tunnel": NaN, "junction": NaN, "width": NaN, "service": NaN, "roughness": 2.8299999}}, {"type": "Feature", "geometry": {"type": "LineString", "coordinates": [[-56.7932002, -26.9928518], [-56.7915548, -26.9937064]]}, "properties": {"osmid": "606070752", "oneway": "False", "lanes": "2", "ref": "PY01", "name": "Ruta Nacional Mariscal L\u00f3pez", "highway": "trunk", "length": 188.702, "maxspeed": NaN, "bridge": NaN, "access": NaN, "tunnel": NaN, "junction": NaN, "width": NaN, "service": NaN, "roughness": 2.8299999}}, {"type": "Feature", "geometry": {"type": "LineString", "coordinates": [[-56.7915548, -26.9937064], [-56.7903408, -26.9943306]]}, "properties": {"osmid": "170706999", "oneway": "False", "lanes": "2", "ref": "PY01", "name": "Ruta Nacional Mariscal L\u00f3pez", "highway": "trunk", "length": 138.873, "maxspeed": NaN, "bridge": NaN, "access": NaN, "tunnel": NaN, "junction": NaN, "width": NaN, "service": NaN, "roughness": 2.8299999}}, {"type": "Feature", "geometry": {"type": "LineString", "coordinates": [[-56.7903408, -26.9943306], [-56.7872714, -26.9959089]]}, "properties": {"osmid": "170706999", "oneway": "False", "lanes": "2", "ref": "PY01", "name": "Ruta Nacional Mariscal L\u00f3pez", "highway": "trunk", "length": 351.122, "maxspeed": NaN, "bridge": NaN, "access": NaN, "tunnel": NaN, "junction": NaN, "width": NaN, "service": NaN, "roughness": 2.8299999}}, {"type": "Feature", "geometry": {"type": "LineString", "coordinates": [[-56.7872714, -26.9959089], [-56.7860372, -26.9965435]]}, "properties": {"osmid": "170706999", "oneway": "False", "lanes": "2", "ref": "PY01", "name": "Ruta Nacional Mariscal L\u00f3pez", "highway": "trunk", "length": 141.183, "maxspeed": NaN, "bridge": NaN, "access": NaN, "tunnel": NaN, "junction": NaN, "width": NaN, "service": NaN, "roughness": 2.8299999}}, {"type": "Feature", "geometry": {"type": "LineString", "coordinates": [[-56.7860372, -26.9965435], [-56.7842279, -26.997133]]}, "properties": {"osmid": "170706999", "oneway": "False", "lanes": "2", "ref": "PY01", "name": "Ruta Nacional Mariscal L\u00f3pez", "highway": "trunk", "length": 190.871, "maxspeed": NaN, "bridge": NaN, "access": NaN, "tunnel": NaN, "junction": NaN, "width": NaN, "service": NaN, "roughness": 2.8299999}}, {"type": "Feature", "geometry": {"type": "LineString", "coordinates": [[-56.7842279, -26.997133], [-56.7822073, -26.9972715]]}, "properties": {"osmid": "170706999", "oneway": "False", "lanes": "2", "ref": "PY01", "name": "Ruta Nacional Mariscal L\u00f3pez", "highway": "trunk", "length": 200.789, "maxspeed": NaN, "bridge": NaN, "access": NaN, "tunnel": NaN, "junction": NaN, "width": NaN, "service": NaN, "roughness": 2.8299999}}, {"type": "Feature", "geometry": {"type": "LineString", "coordinates": [[-56.7822073, -26.9972715], [-56.7734513, -26.9978255]]}, "properties": {"osmid": "170706999", "oneway": "False", "lanes": "2", "ref": "PY01", "name": "Ruta Nacional Mariscal L\u00f3pez", "highway": "trunk", "length": 869.709, "maxspeed": NaN, "bridge": NaN, "access": NaN, "tunnel": NaN, "junction": NaN, "width": NaN, "service": NaN, "roughness": 2.8299999}}, {"type": "Feature", "geometry": {"type": "LineString", "coordinates": [[-56.7734513, -26.9978255], [-56.7624502, -26.998518]]}, "properties": {"osmid": "170706999", "oneway": "False", "lanes": "2", "ref": "PY01", "name": "Ruta Nacional Mariscal L\u00f3pez", "highway": "trunk", "length": 1092.674, "maxspeed": NaN, "bridge": NaN, "access": NaN, "tunnel": NaN, "junction": NaN, "width": NaN, "service": NaN, "roughness": 2.8299999}}, {"type": "Feature", "geometry": {"type": "LineString", "coordinates": [[-56.7624502, -26.998518], [-56.7411846, -26.9999221]]}, "properties": {"osmid": "170706999", "oneway": "False", "lanes": "2", "ref": "PY01", "name": "Ruta Nacional Mariscal L\u00f3pez", "highway": "trunk", "length": 2112.692, "maxspeed": NaN, "bridge": NaN, "access": NaN, "tunnel": NaN, "junction": NaN, "width": NaN, "service": NaN, "roughness": 2.8299999}}, {"type": "Feature", "geometry": {"type": "LineString", "coordinates": [[-56.7411846, -26.9999221], [-56.7398685, -27.0001216]]}, "properties": {"osmid": "170706999", "oneway": "False", "lanes": "2", "ref": "PY01", "name": "Ruta Nacional Mariscal L\u00f3pez", "highway": "trunk", "length": 132.267, "maxspeed": NaN, "bridge": NaN, "access": NaN, "tunnel": NaN, "junction": NaN, "width": NaN, "service": NaN, "roughness": 2.8299999}}, {"type": "Feature", "geometry": {"type": "LineString", "coordinates": [[-56.7398685, -27.0001216], [-56.7390849, -27.000318]]}, "properties": {"osmid": "170706999", "oneway": "False", "lanes": "2", "ref": "PY01", "name": "Ruta Nacional Mariscal L\u00f3pez", "highway": "trunk", "length": 80.649, "maxspeed": NaN, "bridge": NaN, "access": NaN, "tunnel": NaN, "junction": NaN, "width": NaN, "service": NaN, "roughness": 2.8299999}}, {"type": "Feature", "geometry": {"type": "LineString", "coordinates": [[-56.7390849, -27.000318], [-56.7384899, -27.0005039]]}, "properties": {"osmid": "170706999", "oneway": "False", "lanes": "2", "ref": "PY01", "name": "Ruta Nacional Mariscal L\u00f3pez", "highway": "trunk", "length": 62.469, "maxspeed": NaN, "bridge": NaN, "access": NaN, "tunnel": NaN, "junction": NaN, "width": NaN, "service": NaN, "roughness": 2.8299999}}, {"type": "Feature", "geometry": {"type": "LineString", "coordinates": [[-56.7384899, -27.0005039], [-56.7384293, -27.0005248]]}, "properties": {"osmid": "170706999", "oneway": "False", "lanes": "2", "ref": "PY01", "name": "Ruta Nacional Mariscal L\u00f3pez", "highway": "trunk", "length": 6.438, "maxspeed": NaN, "bridge": NaN, "access": NaN, "tunnel": NaN, "junction": NaN, "width": NaN, "service": NaN, "roughness": 2.8299999}}, {"type": "Feature", "geometry": {"type": "LineString", "coordinates": [[-56.7384293, -27.0005248], [-56.7379997, -27.0006879]]}, "properties": {"osmid": "170706999", "oneway": "False", "lanes": "2", "ref": "PY01", "name": "Ruta Nacional Mariscal L\u00f3pez", "highway": "trunk", "length": 46.265, "maxspeed": NaN, "bridge": NaN, "access": NaN, "tunnel": NaN, "junction": NaN, "width": NaN, "service": NaN, "roughness": 2.8299999}}, {"type": "Feature", "geometry": {"type": "LineString", "coordinates": [[-56.7379997, -27.0006879], [-56.7353561, -27.0016709]]}, "properties": {"osmid": "170706999", "oneway": "False", "lanes": "2", "ref": "PY01", "name": "Ruta Nacional Mariscal L\u00f3pez", "highway": "trunk", "length": 283.807, "maxspeed": NaN, "bridge": NaN, "access": NaN, "tunnel": NaN, "junction": NaN, "width": NaN, "service": NaN, "roughness": 2.8299999}}, {"type": "Feature", "geometry": {"type": "LineString", "coordinates": [[-56.7353561, -27.0016709], [-56.7329369, -27.0025974]]}, "properties": {"osmid": "170706999", "oneway": "False", "lanes": "2", "ref": "PY01", "name": "Ruta Nacional Mariscal L\u00f3pez", "highway": "trunk", "length": 260.882, "maxspeed": NaN, "bridge": NaN, "access": NaN, "tunnel": NaN, "junction": NaN, "width": NaN, "service": NaN, "roughness": 2.8299999}}, {"type": "Feature", "geometry": {"type": "LineString", "coordinates": [[-56.7329369, -27.0025974], [-56.730489, -27.0034727]]}, "properties": {"osmid": "170706999", "oneway": "False", "lanes": "2", "ref": "PY01", "name": "Ruta Nacional Mariscal L\u00f3pez", "highway": "trunk", "length": 261.322, "maxspeed": NaN, "bridge": NaN, "access": NaN, "tunnel": NaN, "junction": NaN, "width": NaN, "service": NaN, "roughness": 2.8299999}}, {"type": "Feature", "geometry": {"type": "LineString", "coordinates": [[-56.730489, -27.0034727], [-56.729752, -27.0037471]]}, "properties": {"osmid": "170706999", "oneway": "False", "lanes": "2", "ref": "PY01", "name": "Ruta Nacional Mariscal L\u00f3pez", "highway": "trunk", "length": 79.135, "maxspeed": NaN, "bridge": NaN, "access": NaN, "tunnel": NaN, "junction": NaN, "width": NaN, "service": NaN, "roughness": 2.8299999}}, {"type": "Feature", "geometry": {"type": "LineString", "coordinates": [[-56.729752, -27.0037471], [-56.7284681, -27.0042251]]}, "properties": {"osmid": "170706999", "oneway": "False", "lanes": "2", "ref": "PY01", "name": "Ruta Nacional Mariscal L\u00f3pez", "highway": "trunk", "length": 137.857, "maxspeed": NaN, "bridge": NaN, "access": NaN, "tunnel": NaN, "junction": NaN, "width": NaN, "service": NaN, "roughness": 2.8299999}}, {"type": "Feature", "geometry": {"type": "LineString", "coordinates": [[-56.7284681, -27.0042251], [-56.7275862, -27.0047365]]}, "properties": {"osmid": "170706999", "oneway": "False", "lanes": "2", "ref": "PY01", "name": "Ruta Nacional Mariscal L\u00f3pez", "highway": "trunk", "length": 104.247, "maxspeed": NaN, "bridge": NaN, "access": NaN, "tunnel": NaN, "junction": NaN, "width": NaN, "service": NaN, "roughness": 2.8299999}}, {"type": "Feature", "geometry": {"type": "LineString", "coordinates": [[-56.7275862, -27.0047365], [-56.7270608, -27.0052373]]}, "properties": {"osmid": "170706999", "oneway": "False", "lanes": "2", "ref": "PY01", "name": "Ruta Nacional Mariscal L\u00f3pez", "highway": "trunk", "length": 76.226, "maxspeed": NaN, "bridge": NaN, "access": NaN, "tunnel": NaN, "junction": NaN, "width": NaN, "service": NaN, "roughness": 2.8299999}}, {"type": "Feature", "geometry": {"type": "LineString", "coordinates": [[-56.7270608, -27.0052373], [-56.7262533, -27.0062805]]}, "properties": {"osmid": "170706999", "oneway": "False", "lanes": "2", "ref": "PY01", "name": "Ruta Nacional Mariscal L\u00f3pez", "highway": "trunk", "length": 140.91, "maxspeed": NaN, "bridge": NaN, "access": NaN, "tunnel": NaN, "junction": NaN, "width": NaN, "service": NaN, "roughness": 2.8299999}}, {"type": "Feature", "geometry": {"type": "LineString", "coordinates": [[-56.7262533, -27.0062805], [-56.7223109, -27.0113733]]}, "properties": {"osmid": "170706999", "oneway": "False", "lanes": "2", "ref": "PY01", "name": "Ruta Nacional Mariscal L\u00f3pez", "highway": "trunk", "length": 687.917, "maxspeed": NaN, "bridge": NaN, "access": NaN, "tunnel": NaN, "junction": NaN, "width": NaN, "service": NaN, "roughness": 2.8299999}}, {"type": "Feature", "geometry": {"type": "LineString", "coordinates": [[-56.7223109, -27.0113733], [-56.7196575, -27.0148008]]}, "properties": {"osmid": "170706999", "oneway": "False", "lanes": "2", "ref": "PY01", "name": "Ruta Nacional Mariscal L\u00f3pez", "highway": "trunk", "length": 462.976, "maxspeed": NaN, "bridge": NaN, "access": NaN, "tunnel": NaN, "junction": NaN, "width": NaN, "service": NaN, "roughness": 2.8299999}}, {"type": "Feature", "geometry": {"type": "LineString", "coordinates": [[-56.7196575, -27.0148008], [-56.7175795, -27.0167628]]}, "properties": {"osmid": "170706999", "oneway": "False", "lanes": "2", "ref": "PY01", "name": "Ruta Nacional Mariscal L\u00f3pez", "highway": "trunk", "length": 299.95, "maxspeed": NaN, "bridge": NaN, "access": NaN, "tunnel": NaN, "junction": NaN, "width": NaN, "service": NaN, "roughness": 2.8299999}}, {"type": "Feature", "geometry": {"type": "LineString", "coordinates": [[-56.7175795, -27.0167628], [-56.7136272, -27.0201582]]}, "properties": {"osmid": "170706999", "oneway": "False", "lanes": "2", "ref": "PY01", "name": "Ruta Nacional Mariscal L\u00f3pez", "highway": "trunk", "length": 543.9, "maxspeed": NaN, "bridge": NaN, "access": NaN, "tunnel": NaN, "junction": NaN, "width": NaN, "service": NaN, "roughness": 2.8299999}}, {"type": "Feature", "geometry": {"type": "LineString", "coordinates": [[-56.7136272, -27.0201582], [-56.7114333, -27.0220429]]}, "properties": {"osmid": "170706999", "oneway": "False", "lanes": "2", "ref": "PY01", "name": "Ruta Nacional Mariscal L\u00f3pez", "highway": "trunk", "length": 301.907, "maxspeed": NaN, "bridge": NaN, "access": NaN, "tunnel": NaN, "junction": NaN, "width": NaN, "service": NaN, "roughness": 2.8299999}}, {"type": "Feature", "geometry": {"type": "LineString", "coordinates": [[-56.7114333, -27.0220429], [-56.7097648, -27.0233976]]}, "properties": {"osmid": "170706999", "oneway": "False", "lanes": "2", "ref": "PY01", "name": "Ruta Nacional Mariscal L\u00f3pez", "highway": "trunk", "length": 223.622, "maxspeed": NaN, "bridge": NaN, "access": NaN, "tunnel": NaN, "junction": NaN, "width": NaN, "service": NaN, "roughness": 2.8299999}}, {"type": "Feature", "geometry": {"type": "LineString", "coordinates": [[-56.7097648, -27.0233976], [-56.7064618, -27.024513]]}, "properties": {"osmid": "170706999", "oneway": "False", "lanes": "2", "ref": "PY01", "name": "Ruta Nacional Mariscal L\u00f3pez", "highway": "trunk", "length": 349.896, "maxspeed": NaN, "bridge": NaN, "access": NaN, "tunnel": NaN, "junction": NaN, "width": NaN, "service": NaN, "roughness": 2.8299999}}, {"type": "Feature", "geometry": {"type": "LineString", "coordinates": [[-56.7064618, -27.024513], [-56.7011977, -27.0263051]]}, "properties": {"osmid": "170706999", "oneway": "False", "lanes": "2", "ref": "PY01", "name": "Ruta Nacional Mariscal L\u00f3pez", "highway": "trunk", "length": 558.206, "maxspeed": NaN, "bridge": NaN, "access": NaN, "tunnel": NaN, "junction": NaN, "width": NaN, "service": NaN, "roughness": 2.8299999}}, {"type": "Feature", "geometry": {"type": "LineString", "coordinates": [[-56.7011977, -27.0263051], [-56.6988412, -27.0271073]]}, "properties": {"osmid": "170706999", "oneway": "False", "lanes": "2", "ref": "PY01", "name": "Ruta Nacional Mariscal L\u00f3pez", "highway": "trunk", "length": 249.88, "maxspeed": NaN, "bridge": NaN, "access": NaN, "tunnel": NaN, "junction": NaN, "width": NaN, "service": NaN, "roughness": 2.8299999}}, {"type": "Feature", "geometry": {"type": "LineString", "coordinates": [[-56.6988412, -27.0271073], [-56.6866679, -27.0312513]]}, "properties": {"osmid": "170706999", "oneway": "False", "lanes": "2", "ref": "PY01", "name": "Ruta Nacional Mariscal L\u00f3pez", "highway": "trunk", "length": 1290.812, "maxspeed": NaN, "bridge": NaN, "access": NaN, "tunnel": NaN, "junction": NaN, "width": NaN, "service": NaN, "roughness": 2.8299999}}, {"type": "Feature", "geometry": {"type": "LineString", "coordinates": [[-56.6866679, -27.0312513], [-56.6827369, -27.0325895]]}, "properties": {"osmid": "170706999", "oneway": "False", "lanes": "2", "ref": "PY01", "name": "Ruta Nacional Mariscal L\u00f3pez", "highway": "trunk", "length": 416.821, "maxspeed": NaN, "bridge": NaN, "access": NaN, "tunnel": NaN, "junction": NaN, "width": NaN, "service": NaN, "roughness": 2.8299999}}, {"type": "Feature", "geometry": {"type": "LineString", "coordinates": [[-56.6827369, -27.0325895], [-56.6740921, -27.0352279]]}, "properties": {"osmid": "170706999", "oneway": "False", "lanes": "2", "ref": "PY01", "name": "Ruta Nacional Mariscal L\u00f3pez", "highway": "trunk", "length": 905.097, "maxspeed": NaN, "bridge": NaN, "access": NaN, "tunnel": NaN, "junction": NaN, "width": NaN, "service": NaN, "roughness": 2.8299999}}, {"type": "Feature", "geometry": {"type": "LineString", "coordinates": [[-56.6740921, -27.0352279], [-56.6727158, -27.035648]]}, "properties": {"osmid": "170706999", "oneway": "False", "lanes": "2", "ref": "PY01", "name": "Ruta Nacional Mariscal L\u00f3pez", "highway": "trunk", "length": 144.096, "maxspeed": NaN, "bridge": NaN, "access": NaN, "tunnel": NaN, "junction": NaN, "width": NaN, "service": NaN, "roughness": 2.8299999}}, {"type": "Feature", "geometry": {"type": "LineString", "coordinates": [[-56.6727158, -27.035648], [-56.6704319, -27.0365314]]}, "properties": {"osmid": "170706999", "oneway": "False", "lanes": "2", "ref": "PY01", "name": "Ruta Nacional Mariscal L\u00f3pez", "highway": "trunk", "length": 246.614, "maxspeed": NaN, "bridge": NaN, "access": NaN, "tunnel": NaN, "junction": NaN, "width": NaN, "service": NaN, "roughness": 2.8299999}}, {"type": "Feature", "geometry": {"type": "LineString", "coordinates": [[-56.6704319, -27.0365314], [-56.6683954, -27.0376616]]}, "properties": {"osmid": "170706999", "oneway": "False", "lanes": "2", "ref": "PY01", "name": "Ruta Nacional Mariscal L\u00f3pez", "highway": "trunk", "length": 237.649, "maxspeed": NaN, "bridge": NaN, "access": NaN, "tunnel": NaN, "junction": NaN, "width": NaN, "service": NaN, "roughness": 2.8299999}}, {"type": "Feature", "geometry": {"type": "LineString", "coordinates": [[-56.6683954, -27.0376616], [-56.665269, -27.0393965]]}, "properties": {"osmid": "170706999", "oneway": "False", "lanes": "2", "ref": "PY01", "name": "Ruta Nacional Mariscal L\u00f3pez", "highway": "trunk", "length": 364.821, "maxspeed": NaN, "bridge": NaN, "access": NaN, "tunnel": NaN, "junction": NaN, "width": NaN, "service": NaN, "roughness": 2.8299999}}, {"type": "Feature", "geometry": {"type": "LineString", "coordinates": [[-56.665269, -27.0393965], [-56.659418, -27.0425998]]}, "properties": {"osmid": "170706999", "oneway": "False", "lanes": "2", "ref": "PY01", "name": "Ruta Nacional Mariscal L\u00f3pez", "highway": "trunk", "length": 680.198, "maxspeed": NaN, "bridge": NaN, "access": NaN, "tunnel": NaN, "junction": NaN, "width": NaN, "service": NaN, "roughness": 2.8299999}}, {"type": "Feature", "geometry": {"type": "LineString", "coordinates": [[-56.659418, -27.0425998], [-56.6578219, -27.0432774]]}, "properties": {"osmid": "170706999", "oneway": "False", "lanes": "2", "ref": "PY01", "name": "Ruta Nacional Mariscal L\u00f3pez", "highway": "trunk", "length": 175.113, "maxspeed": NaN, "bridge": NaN, "access": NaN, "tunnel": NaN, "junction": NaN, "width": NaN, "service": NaN, "roughness": 2.8299999}}, {"type": "Feature", "geometry": {"type": "LineString", "coordinates": [[-56.6578219, -27.0432774], [-56.6573109, -27.0434943]]}, "properties": {"osmid": "170706999", "oneway": "False", "lanes": "2", "ref": "PY01", "name": "Ruta Nacional Mariscal L\u00f3pez", "highway": "trunk", "length": 56.061, "maxspeed": NaN, "bridge": NaN, "access": NaN, "tunnel": NaN, "junction": NaN, "width": NaN, "service": NaN, "roughness": 2.8299999}}, {"type": "Feature", "geometry": {"type": "LineString", "coordinates": [[-56.6573109, -27.0434943], [-56.6552247, -27.0441957]]}, "properties": {"osmid": "170706999", "oneway": "False", "lanes": "2", "ref": "PY01", "name": "Ruta Nacional Mariscal L\u00f3pez", "highway": "trunk", "length": 220.841, "maxspeed": NaN, "bridge": NaN, "access": NaN, "tunnel": NaN, "junction": NaN, "width": NaN, "service": NaN, "roughness": 2.8299999}}, {"type": "Feature", "geometry": {"type": "LineString", "coordinates": [[-56.6552247, -27.0441957], [-56.6533808, -27.0447786]]}, "properties": {"osmid": "170706999", "oneway": "False", "lanes": "2", "ref": "PY01", "name": "Ruta Nacional Mariscal L\u00f3pez", "highway": "trunk", "length": 193.775, "maxspeed": NaN, "bridge": NaN, "access": NaN, "tunnel": NaN, "junction": NaN, "width": NaN, "service": NaN, "roughness": 2.8299999}}, {"type": "Feature", "geometry": {"type": "LineString", "coordinates": [[-56.6533808, -27.0447786], [-56.6532921, -27.0448066]]}, "properties": {"osmid": "170706999", "oneway": "False", "lanes": "2", "ref": "PY01", "name": "Ruta Nacional Mariscal L\u00f3pez", "highway": "trunk", "length": 9.32, "maxspeed": NaN, "bridge": NaN, "access": NaN, "tunnel": NaN, "junction": NaN, "width": NaN, "service": NaN, "roughness": 2.8299999}}, {"type": "Feature", "geometry": {"type": "LineString", "coordinates": [[-56.6532921, -27.0448066], [-56.6515267, -27.0453646]]}, "properties": {"osmid": "170706999", "oneway": "False", "lanes": "2", "ref": "PY01", "name": "Ruta Nacional Mariscal L\u00f3pez", "highway": "trunk", "length": 185.521, "maxspeed": NaN, "bridge": NaN, "access": NaN, "tunnel": NaN, "junction": NaN, "width": NaN, "service": NaN, "roughness": 2.8299999}}, {"type": "Feature", "geometry": {"type": "LineString", "coordinates": [[-56.6515267, -27.0453646], [-56.6486319, -27.0462795]]}, "properties": {"osmid": "170706999", "oneway": "False", "lanes": "2", "ref": "PY01", "name": "Ruta Nacional Mariscal L\u00f3pez", "highway": "trunk", "length": 304.202, "maxspeed": NaN, "bridge": NaN, "access": NaN, "tunnel": NaN, "junction": NaN, "width": NaN, "service": NaN, "roughness": 2.8299999}}, {"type": "Feature", "geometry": {"type": "LineString", "coordinates": [[-56.6486319, -27.0462795], [-56.6484467, -27.0463483]]}, "properties": {"osmid": "170706999", "oneway": "False", "lanes": "2", "ref": "PY01", "name": "Ruta Nacional Mariscal L\u00f3pez", "highway": "trunk", "length": 19.873, "maxspeed": NaN, "bridge": NaN, "access": NaN, "tunnel": NaN, "junction": NaN, "width": NaN, "service": NaN, "roughness": 2.8299999}}, {"type": "Feature", "geometry": {"type": "LineString", "coordinates": [[-56.6484467, -27.0463483], [-56.6467554, -27.0469767]]}, "properties": {"osmid": "170706999", "oneway": "False", "lanes": "2", "ref": "PY01", "name": "Ruta Nacional Mariscal L\u00f3pez", "highway": "trunk", "length": 181.488, "maxspeed": NaN, "bridge": NaN, "access": NaN, "tunnel": NaN, "junction": NaN, "width": NaN, "service": NaN, "roughness": 2.8299999}}, {"type": "Feature", "geometry": {"type": "LineString", "coordinates": [[-56.6467554, -27.0469767], [-56.6450836, -27.0480349]]}, "properties": {"osmid": "170706999", "oneway": "False", "lanes": "2", "ref": "PY01", "name": "Ruta Nacional Mariscal L\u00f3pez", "highway": "trunk", "length": 203.118, "maxspeed": NaN, "bridge": NaN, "access": NaN, "tunnel": NaN, "junction": NaN, "width": NaN, "service": NaN, "roughness": 2.8299999}}, {"type": "Feature", "geometry": {"type": "LineString", "coordinates": [[-56.6450836, -27.0480349], [-56.6434257, -27.0492531]]}, "properties": {"osmid": "170706999", "oneway": "False", "lanes": "2", "ref": "PY01", "name": "Ruta Nacional Mariscal L\u00f3pez", "highway": "trunk", "length": 212.852, "maxspeed": NaN, "bridge": NaN, "access": NaN, "tunnel": NaN, "junction": NaN, "width": NaN, "service": NaN, "roughness": 2.8299999}}, {"type": "Feature", "geometry": {"type": "LineString", "coordinates": [[-56.6434257, -27.0492531], [-56.640096, -27.0518371]]}, "properties": {"osmid": "170706999", "oneway": "False", "lanes": "2", "ref": "PY01", "name": "Ruta Nacional Mariscal L\u00f3pez", "highway": "trunk", "length": 437.365, "maxspeed": NaN, "bridge": NaN, "access": NaN, "tunnel": NaN, "junction": NaN, "width": NaN, "service": NaN, "roughness": 2.8299999}}, {"type": "Feature", "geometry": {"type": "LineString", "coordinates": [[-56.640096, -27.0518371], [-56.6389892, -27.0526864]]}, "properties": {"osmid": "170706999", "oneway": "False", "lanes": "2", "ref": "PY01", "name": "Ruta Nacional Mariscal L\u00f3pez", "highway": "trunk", "length": 144.679, "maxspeed": NaN, "bridge": NaN, "access": NaN, "tunnel": NaN, "junction": NaN, "width": NaN, "service": NaN, "roughness": 2.8299999}}, {"type": "Feature", "geometry": {"type": "LineString", "coordinates": [[-56.6389892, -27.0526864], [-56.6336024, -27.0568203]]}, "properties": {"osmid": "170706999", "oneway": "False", "lanes": "2", "ref": "PY01", "name": "Ruta Nacional Mariscal L\u00f3pez", "highway": "trunk", "length": 704.169, "maxspeed": NaN, "bridge": NaN, "access": NaN, "tunnel": NaN, "junction": NaN, "width": NaN, "service": NaN, "roughness": 2.8299999}}, {"type": "Feature", "geometry": {"type": "LineString", "coordinates": [[-56.6336024, -27.0568203], [-56.6306181, -27.0591704]]}, "properties": {"osmid": "170706999", "oneway": "False", "lanes": "2", "ref": "PY01", "name": "Ruta Nacional Mariscal L\u00f3pez", "highway": "trunk", "length": 394.486, "maxspeed": NaN, "bridge": NaN, "access": NaN, "tunnel": NaN, "junction": NaN, "width": NaN, "service": NaN, "roughness": 2.8299999}}, {"type": "Feature", "geometry": {"type": "LineString", "coordinates": [[-56.6306181, -27.0591704], [-56.6281042, -27.0605462]]}, "properties": {"osmid": "170706999", "oneway": "False", "lanes": "2", "ref": "PY01", "name": "Ruta Nacional Mariscal L\u00f3pez", "highway": "trunk", "length": 292.184, "maxspeed": NaN, "bridge": NaN, "access": NaN, "tunnel": NaN, "junction": NaN, "width": NaN, "service": NaN, "roughness": 2.8299999}}, {"type": "Feature", "geometry": {"type": "LineString", "coordinates": [[-56.6281042, -27.0605462], [-56.6256126, -27.0617894]]}, "properties": {"osmid": "170706999", "oneway": "False", "lanes": "2", "ref": "PY01", "name": "Ruta Nacional Mariscal L\u00f3pez", "highway": "trunk", "length": 282.81, "maxspeed": NaN, "bridge": NaN, "access": NaN, "tunnel": NaN, "junction": NaN, "width": NaN, "service": NaN, "roughness": 2.8299999}}, {"type": "Feature", "geometry": {"type": "LineString", "coordinates": [[-56.6256126, -27.0617894], [-56.6251518, -27.0620193]]}, "properties": {"osmid": "170706999", "oneway": "False", "lanes": "2", "ref": "PY01", "name": "Ruta Nacional Mariscal L\u00f3pez", "highway": "trunk", "length": 52.302, "maxspeed": NaN, "bridge": NaN, "access": NaN, "tunnel": NaN, "junction": NaN, "width": NaN, "service": NaN, "roughness": 2.8299999}}, {"type": "Feature", "geometry": {"type": "LineString", "coordinates": [[-56.6251518, -27.0620193], [-56.6166086, -27.0662818]]}, "properties": {"osmid": "170706999", "oneway": "False", "lanes": "2", "ref": "PY01", "name": "Ruta Nacional Mariscal L\u00f3pez", "highway": "trunk", "length": 969.67, "maxspeed": NaN, "bridge": NaN, "access": NaN, "tunnel": NaN, "junction": NaN, "width": NaN, "service": NaN, "roughness": 2.8299999}}, {"type": "Feature", "geometry": {"type": "LineString", "coordinates": [[-56.6166086, -27.0662818], [-56.6046095, -27.072223]]}, "properties": {"osmid": "170706999", "oneway": "False", "lanes": "2", "ref": "PY01", "name": "Ruta Nacional Mariscal L\u00f3pez", "highway": "trunk", "length": 1359.404, "maxspeed": NaN, "bridge": NaN, "access": NaN, "tunnel": NaN, "junction": NaN, "width": NaN, "service": NaN, "roughness": 2.8299999}}, {"type": "Feature", "geometry": {"type": "LineString", "coordinates": [[-56.6046095, -27.072223], [-56.6032795, -27.0726753]]}, "properties": {"osmid": "170706999", "oneway": "False", "lanes": "2", "ref": "PY01", "name": "Ruta Nacional Mariscal L\u00f3pez", "highway": "trunk", "length": 140.963, "maxspeed": NaN, "bridge": NaN, "access": NaN, "tunnel": NaN, "junction": NaN, "width": NaN, "service": NaN, "roughness": 2.8299999}}, {"type": "Feature", "geometry": {"type": "LineString", "coordinates": [[-56.6032795, -27.0726753], [-56.6012588, -27.0730136]]}, "properties": {"osmid": "170706999", "oneway": "False", "lanes": "2", "ref": "PY01", "name": "Ruta Nacional Mariscal L\u00f3pez", "highway": "trunk", "length": 203.578, "maxspeed": NaN, "bridge": NaN, "access": NaN, "tunnel": NaN, "junction": NaN, "width": NaN, "service": NaN, "roughness": 2.8299999}}, {"type": "Feature", "geometry": {"type": "LineString", "coordinates": [[-56.6012588, -27.0730136], [-56.5915012, -27.0741977]]}, "properties": {"osmid": "170706999", "oneway": "False", "lanes": "2", "ref": "PY01", "name": "Ruta Nacional Mariscal L\u00f3pez", "highway": "trunk", "length": 975.037, "maxspeed": NaN, "bridge": NaN, "access": NaN, "tunnel": NaN, "junction": NaN, "width": NaN, "service": NaN, "roughness": 2.8299999}}, {"type": "Feature", "geometry": {"type": "LineString", "coordinates": [[-56.5915012, -27.0741977], [-56.5840432, -27.0751206]]}, "properties": {"osmid": "170706999", "oneway": "False", "lanes": "2", "ref": "PY01", "name": "Ruta Nacional Mariscal L\u00f3pez", "highway": "trunk", "length": 745.511, "maxspeed": NaN, "bridge": NaN, "access": NaN, "tunnel": NaN, "junction": NaN, "width": NaN, "service": NaN, "roughness": 2.8299999}}, {"type": "Feature", "geometry": {"type": "LineString", "coordinates": [[-56.5840432, -27.0751206], [-56.582536, -27.0753071]]}, "properties": {"osmid": "170706999", "oneway": "False", "lanes": "2", "ref": "PY01", "name": "Ruta Nacional Mariscal L\u00f3pez", "highway": "trunk", "length": 150.661, "maxspeed": NaN, "bridge": NaN, "access": NaN, "tunnel": NaN, "junction": NaN, "width": NaN, "service": NaN, "roughness": 2.8299999}}, {"type": "Feature", "geometry": {"type": "LineString", "coordinates": [[-56.582536, -27.0753071], [-56.5812622, -27.0754647]]}, "properties": {"osmid": "170706999", "oneway": "False", "lanes": "2", "ref": "PY01", "name": "Ruta Nacional Mariscal L\u00f3pez", "highway": "trunk", "length": 127.329, "maxspeed": NaN, "bridge": NaN, "access": NaN, "tunnel": NaN, "junction": NaN, "width": NaN, "service": NaN, "roughness": 2.8299999}}, {"type": "Feature", "geometry": {"type": "LineString", "coordinates": [[-56.5812622, -27.0754647], [-56.57967, -27.0756617]]}, "properties": {"osmid": "170706999", "oneway": "False", "lanes": "2", "ref": "PY01", "name": "Ruta Nacional Mariscal L\u00f3pez", "highway": "trunk", "length": 159.157, "maxspeed": NaN, "bridge": NaN, "access": NaN, "tunnel": NaN, "junction": NaN, "width": NaN, "service": NaN, "roughness": 2.8299999}}, {"type": "Feature", "geometry": {"type": "LineString", "coordinates": [[-56.57967, -27.0756617], [-56.5779614, -27.0759046]]}, "properties": {"osmid": "170706999", "oneway": "False", "lanes": "2", "ref": "PY01", "name": "Ruta Nacional Mariscal L\u00f3pez", "highway": "trunk", "length": 171.309, "maxspeed": NaN, "bridge": NaN, "access": NaN, "tunnel": NaN, "junction": NaN, "width": NaN, "service": NaN, "roughness": 2.8299999}}, {"type": "Feature", "geometry": {"type": "LineString", "coordinates": [[-56.5779614, -27.0759046], [-56.5761135, -27.0764736]]}, "properties": {"osmid": "170706999", "oneway": "False", "lanes": "2", "ref": "PY01", "name": "Ruta Nacional Mariscal L\u00f3pez", "highway": "trunk", "length": 193.589, "maxspeed": NaN, "bridge": NaN, "access": NaN, "tunnel": NaN, "junction": NaN, "width": NaN, "service": NaN, "roughness": 2.8299999}}, {"type": "Feature", "geometry": {"type": "LineString", "coordinates": [[-56.5761135, -27.0764736], [-56.5630137, -27.0811797]]}, "properties": {"osmid": "170706999", "oneway": "False", "lanes": "2", "ref": "PY01", "name": "Ruta Nacional Mariscal L\u00f3pez", "highway": "trunk", "length": 1398.549, "maxspeed": NaN, "bridge": NaN, "access": NaN, "tunnel": NaN, "junction": NaN, "width": NaN, "service": NaN, "roughness": 2.8299999}}, {"type": "Feature", "geometry": {"type": "LineString", "coordinates": [[-56.5630137, -27.0811797], [-56.5579684, -27.0829922]]}, "properties": {"osmid": "170706999", "oneway": "False", "lanes": "2", "ref": "PY01", "name": "Ruta Nacional Mariscal L\u00f3pez", "highway": "trunk", "length": 538.627, "maxspeed": NaN, "bridge": NaN, "access": NaN, "tunnel": NaN, "junction": NaN, "width": NaN, "service": NaN, "roughness": 2.8299999}}, {"type": "Feature", "geometry": {"type": "LineString", "coordinates": [[-56.5579684, -27.0829922], [-56.5565982, -27.0834239]]}, "properties": {"osmid": "170706999", "oneway": "False", "lanes": "2", "ref": "PY01", "name": "Ruta Nacional Mariscal L\u00f3pez", "highway": "trunk", "length": 143.896, "maxspeed": NaN, "bridge": NaN, "access": NaN, "tunnel": NaN, "junction": NaN, "width": NaN, "service": NaN, "roughness": 2.8299999}}, {"type": "Feature", "geometry": {"type": "LineString", "coordinates": [[-56.5565982, -27.0834239], [-56.5550784, -27.0836699]]}, "properties": {"osmid": "170706999", "oneway": "False", "lanes": "2", "ref": "PY01", "name": "Ruta Nacional Mariscal L\u00f3pez", "highway": "trunk", "length": 152.929, "maxspeed": NaN, "bridge": NaN, "access": NaN, "tunnel": NaN, "junction": NaN, "width": NaN, "service": NaN, "roughness": 2.8299999}}, {"type": "Feature", "geometry": {"type": "LineString", "coordinates": [[-56.5550784, -27.0836699], [-56.5545604, -27.0837412]]}, "properties": {"osmid": "170706999", "oneway": "False", "lanes": "2", "ref": "PY01", "name": "Ruta Nacional Mariscal L\u00f3pez", "highway": "trunk", "length": 51.892, "maxspeed": NaN, "bridge": NaN, "access": NaN, "tunnel": NaN, "junction": NaN, "width": NaN, "service": NaN, "roughness": 2.8299999}}, {"type": "Feature", "geometry": {"type": "LineString", "coordinates": [[-56.5545604, -27.0837412], [-56.5425575, -27.0853921]]}, "properties": {"osmid": "170706999", "oneway": "False", "lanes": "2", "ref": "PY01", "name": "Ruta Nacional Mariscal L\u00f3pez", "highway": "trunk", "length": 1202.394, "maxspeed": NaN, "bridge": NaN, "access": NaN, "tunnel": NaN, "junction": NaN, "width": NaN, "service": NaN, "roughness": 2.8299999}}, {"type": "Feature", "geometry": {"type": "LineString", "coordinates": [[-56.5425575, -27.0853921], [-56.5396052, -27.0859133]]}, "properties": {"osmid": "170706999", "oneway": "False", "lanes": "2", "ref": "PY01", "name": "Ruta Nacional Mariscal L\u00f3pez", "highway": "trunk", "length": 297.968, "maxspeed": NaN, "bridge": NaN, "access": NaN, "tunnel": NaN, "junction": NaN, "width": NaN, "service": NaN, "roughness": 2.8299999}}, {"type": "Feature", "geometry": {"type": "LineString", "coordinates": [[-56.5396052, -27.0859133], [-56.538637, -27.0860842]]}, "properties": {"osmid": "170706999", "oneway": "False", "lanes": "2", "ref": "PY01", "name": "Ruta Nacional Mariscal L\u00f3pez", "highway": "trunk", "length": 97.717, "maxspeed": NaN, "bridge": NaN, "access": NaN, "tunnel": NaN, "junction": NaN, "width": NaN, "service": NaN, "roughness": 2.8299999}}, {"type": "Feature", "geometry": {"type": "LineString", "coordinates": [[-56.538637, -27.0860842], [-56.5371911, -27.0863394]]}, "properties": {"osmid": "170706999", "oneway": "False", "lanes": "2", "ref": "PY01", "name": "Ruta Nacional Mariscal L\u00f3pez", "highway": "trunk", "length": 145.929, "maxspeed": NaN, "bridge": NaN, "access": NaN, "tunnel": NaN, "junction": NaN, "width": NaN, "service": NaN, "roughness": 2.8299999}}, {"type": "Feature", "geometry": {"type": "LineString", "coordinates": [[-56.5371911, -27.0863394], [-56.5296453, -27.0881342]]}, "properties": {"osmid": "170706999", "oneway": "False", "lanes": "2", "ref": "PY01", "name": "Ruta Nacional Mariscal L\u00f3pez", "highway": "trunk", "length": 773.223, "maxspeed": NaN, "bridge": NaN, "access": NaN, "tunnel": NaN, "junction": NaN, "width": NaN, "service": NaN, "roughness": 2.8299999}}, {"type": "Feature", "geometry": {"type": "LineString", "coordinates": [[-56.5296453, -27.0881342], [-56.5294501, -27.0881806]]}, "properties": {"osmid": "170706999", "oneway": "False", "lanes": "2", "ref": "PY01", "name": "Ruta Nacional Mariscal L\u00f3pez", "highway": "trunk", "length": 20.001, "maxspeed": NaN, "bridge": NaN, "access": NaN, "tunnel": NaN, "junction": NaN, "width": NaN, "service": NaN, "roughness": 2.8299999}}, {"type": "Feature", "geometry": {"type": "LineString", "coordinates": [[-56.5294501, -27.0881806], [-56.5285451, -27.0883959]]}, "properties": {"osmid": "170706999", "oneway": "False", "lanes": "2", "ref": "PY01", "name": "Ruta Nacional Mariscal L\u00f3pez", "highway": "trunk", "length": 92.736, "maxspeed": NaN, "bridge": NaN, "access": NaN, "tunnel": NaN, "junction": NaN, "width": NaN, "service": NaN, "roughness": 2.8299999}}, {"type": "Feature", "geometry": {"type": "LineString", "coordinates": [[-56.5285451, -27.0883959], [-56.5278446, -27.0885625]]}, "properties": {"osmid": "170706999", "oneway": "False", "lanes": "2", "ref": "PY01", "name": "Ruta Nacional Mariscal L\u00f3pez", "highway": "trunk", "length": 71.779, "maxspeed": NaN, "bridge": NaN, "access": NaN, "tunnel": NaN, "junction": NaN, "width": NaN, "service": NaN, "roughness": 2.8299999}}, {"type": "Feature", "geometry": {"type": "LineString", "coordinates": [[-56.5278446, -27.0885625], [-56.5266903, -27.0888371]]}, "properties": {"osmid": "170706999", "oneway": "False", "lanes": "2", "ref": "PY01", "name": "Ruta Nacional Mariscal L\u00f3pez", "highway": "trunk", "length": 118.282, "maxspeed": NaN, "bridge": NaN, "access": NaN, "tunnel": NaN, "junction": NaN, "width": NaN, "service": NaN, "roughness": 2.8299999}}, {"type": "Feature", "geometry": {"type": "LineString", "coordinates": [[-56.5266903, -27.0888371], [-56.5258244, -27.089043]]}, "properties": {"osmid": "170706999", "oneway": "False", "lanes": "2", "ref": "PY01", "name": "Ruta Nacional Mariscal L\u00f3pez", "highway": "trunk", "length": 88.726, "maxspeed": NaN, "bridge": NaN, "access": NaN, "tunnel": NaN, "junction": NaN, "width": NaN, "service": NaN, "roughness": 2.8299999}}, {"type": "Feature", "geometry": {"type": "LineString", "coordinates": [[-56.5258244, -27.089043], [-56.5255763, -27.089102]]}, "properties": {"osmid": "170706999", "oneway": "False", "lanes": "2", "ref": "PY01", "name": "Ruta Nacional Mariscal L\u00f3pez", "highway": "trunk", "length": 25.422, "maxspeed": NaN, "bridge": NaN, "access": NaN, "tunnel": NaN, "junction": NaN, "width": NaN, "service": NaN, "roughness": 2.8299999}}, {"type": "Feature", "geometry": {"type": "LineString", "coordinates": [[-56.5255763, -27.089102], [-56.5244142, -27.0893784]]}, "properties": {"osmid": "170706999", "oneway": "False", "lanes": "2", "ref": "PY01", "name": "Ruta Nacional Mariscal L\u00f3pez", "highway": "trunk", "length": 119.079, "maxspeed": NaN, "bridge": NaN, "access": NaN, "tunnel": NaN, "junction": NaN, "width": NaN, "service": NaN, "roughness": 2.8299999}}]}