{"type": "FeatureCollection", "features": [{"type": "Feature", "geometry": {"type": "LineString", "coordinates": [[-56.0412966, -25.0271999], [-56.0408487, -25.0267319]]}, "properties": {"osmid": "256746264", "oneway": "False", "lanes": NaN, "ref": "PY21", "name": "Ruta Nacional PY21", "highway": "trunk", "length": 68.881, "maxspeed": NaN, "bridge": NaN, "access": NaN, "tunnel": NaN, "junction": NaN, "width": NaN, "service": NaN, "roughness": 7.0}}, {"type": "Feature", "geometry": {"type": "LineString", "coordinates": [[-56.0408487, -25.0267319], [-56.0394711, -25.0253451]]}, "properties": {"osmid": "256746264", "oneway": "False", "lanes": NaN, "ref": "PY21", "name": "Ruta Nacional PY21", "highway": "trunk", "length": 207.473, "maxspeed": NaN, "bridge": NaN, "access": NaN, "tunnel": NaN, "junction": NaN, "width": NaN, "service": NaN, "roughness": 7.0}}, {"type": "Feature", "geometry": {"type": "LineString", "coordinates": [[-56.0394711, -25.0253451], [-56.0393819, -25.0252488]]}, "properties": {"osmid": "256746264", "oneway": "False", "lanes": NaN, "ref": "PY21", "name": "Ruta Nacional PY21", "highway": "trunk", "length": 13.98, "maxspeed": NaN, "bridge": NaN, "access": NaN, "tunnel": NaN, "junction": NaN, "width": NaN, "service": NaN, "roughness": 7.0}}, {"type": "Feature", "geometry": {"type": "LineString", "coordinates": [[-56.0393819, -25.0252488], [-56.0390524, -25.0248933]]}, "properties": {"osmid": "256746264", "oneway": "False", "lanes": NaN, "ref": "PY21", "name": "Ruta Nacional PY21", "highway": "trunk", "length": 51.622, "maxspeed": NaN, "bridge": NaN, "access": NaN, "tunnel": NaN, "junction": NaN, "width": NaN, "service": NaN, "roughness": 7.0}}, {"type": "Feature", "geometry": {"type": "LineString", "coordinates": [[-56.0390524, -25.0248933], [-56.0388839, -25.0246714]]}, "properties": {"osmid": "256746264", "oneway": "False", "lanes": NaN, "ref": "PY21", "name": "Ruta Nacional PY21", "highway": "trunk", "length": 29.951, "maxspeed": NaN, "bridge": NaN, "access": NaN, "tunnel": NaN, "junction": NaN, "width": NaN, "service": NaN, "roughness": 7.0}}, {"type": "Feature", "geometry": {"type": "LineString", "coordinates": [[-56.0388839, -25.0246714], [-56.0387276, -25.0244244]]}, "properties": {"osmid": "256746264", "oneway": "False", "lanes": NaN, "ref": "PY21", "name": "Ruta Nacional PY21", "highway": "trunk", "length": 31.66, "maxspeed": NaN, "bridge": NaN, "access": NaN, "tunnel": NaN, "junction": NaN, "width": NaN, "service": NaN, "roughness": 7.0}}, {"type": "Feature", "geometry": {"type": "LineString", "coordinates": [[-56.0387276, -25.0244244], [-56.038181, -25.0234285]]}, "properties": {"osmid": "256746264", "oneway": "False", "lanes": NaN, "ref": "PY21", "name": "Ruta Nacional PY21", "highway": "trunk", "length": 123.678, "maxspeed": NaN, "bridge": NaN, "access": NaN, "tunnel": NaN, "junction": NaN, "width": NaN, "service": NaN, "roughness": 7.0}}, {"type": "Feature", "geometry": {"type": "LineString", "coordinates": [[-56.038181, -25.0234285], [-56.0379551, -25.0230114]]}, "properties": {"osmid": "256746264", "oneway": "False", "lanes": NaN, "ref": "PY21", "name": "Ruta Nacional PY21", "highway": "trunk", "length": 51.664, "maxspeed": NaN, "bridge": NaN, "access": NaN, "tunnel": NaN, "junction": NaN, "width": NaN, "service": NaN, "roughness": 7.0}}, {"type": "Feature", "geometry": {"type": "LineString", "coordinates": [[-56.0379551, -25.0230114], [-56.0377915, -25.0227725]]}, "properties": {"osmid": "256746264", "oneway": "False", "lanes": NaN, "ref": "PY21", "name": "Ruta Nacional PY21", "highway": "trunk", "length": 31.263, "maxspeed": NaN, "bridge": NaN, "access": NaN, "tunnel": NaN, "junction": NaN, "width": NaN, "service": NaN, "roughness": 7.0}}, {"type": "Feature", "geometry": {"type": "LineString", "coordinates": [[-56.0377915, -25.0227725], [-56.0376263, -25.0225822]]}, "properties": {"osmid": "256746264", "oneway": "False", "lanes": NaN, "ref": "PY21", "name": "Ruta Nacional PY21", "highway": "trunk", "length": 26.923, "maxspeed": NaN, "bridge": NaN, "access": NaN, "tunnel": NaN, "junction": NaN, "width": NaN, "service": NaN, "roughness": 7.0}}, {"type": "Feature", "geometry": {"type": "LineString", "coordinates": [[-56.0376263, -25.0225822], [-56.0372748, -25.0222116]]}, "properties": {"osmid": "256746264", "oneway": "False", "lanes": NaN, "ref": "PY21", "name": "Ruta Nacional PY21", "highway": "trunk", "length": 54.337, "maxspeed": NaN, "bridge": NaN, "access": NaN, "tunnel": NaN, "junction": NaN, "width": NaN, "service": NaN, "roughness": 7.0}}, {"type": "Feature", "geometry": {"type": "LineString", "coordinates": [[-56.0372748, -25.0222116], [-56.0370604, -25.0220133]]}, "properties": {"osmid": "256746264", "oneway": "False", "lanes": NaN, "ref": "PY21", "name": "Ruta Nacional PY21", "highway": "trunk", "length": 30.869, "maxspeed": NaN, "bridge": NaN, "access": NaN, "tunnel": NaN, "junction": NaN, "width": NaN, "service": NaN, "roughness": 7.0}}, {"type": "Feature", "geometry": {"type": "LineString", "coordinates": [[-56.0370604, -25.0220133], [-56.0370024, -25.0219712]]}, "properties": {"osmid": "256746264", "oneway": "False", "lanes": NaN, "ref": "PY21", "name": "Ruta Nacional PY21", "highway": "trunk", "length": 7.488, "maxspeed": NaN, "bridge": NaN, "access": NaN, "tunnel": NaN, "junction": NaN, "width": NaN, "service": NaN, "roughness": 7.0}}, {"type": "Feature", "geometry": {"type": "LineString", "coordinates": [[-56.0370024, -25.0219712], [-56.0368586, -25.0218668]]}, "properties": {"osmid": "256746264", "oneway": "False", "lanes": NaN, "ref": "PY21", "name": "Ruta Nacional PY21", "highway": "trunk", "length": 18.566, "maxspeed": NaN, "bridge": NaN, "access": NaN, "tunnel": NaN, "junction": NaN, "width": NaN, "service": NaN, "roughness": 7.0}}, {"type": "Feature", "geometry": {"type": "LineString", "coordinates": [[-56.0368586, -25.0218668], [-56.036598, -25.0217203]]}, "properties": {"osmid": "256746264", "oneway": "False", "lanes": NaN, "ref": "PY21", "name": "Ruta Nacional PY21", "highway": "trunk", "length": 30.9, "maxspeed": NaN, "bridge": NaN, "access": NaN, "tunnel": NaN, "junction": NaN, "width": NaN, "service": NaN, "roughness": 7.0}}, {"type": "Feature", "geometry": {"type": "LineString", "coordinates": [[-56.036598, -25.0217203], [-56.035854, -25.021366]]}, "properties": {"osmid": "256746264", "oneway": "False", "lanes": NaN, "ref": "PY21", "name": "Ruta Nacional PY21", "highway": "trunk", "length": 84.687, "maxspeed": NaN, "bridge": NaN, "access": NaN, "tunnel": NaN, "junction": NaN, "width": NaN, "service": NaN, "roughness": 7.0}}, {"type": "Feature", "geometry": {"type": "LineString", "coordinates": [[-56.035854, -25.021366], [-56.0356776, -25.0212401]]}, "properties": {"osmid": "256746264", "oneway": "False", "lanes": NaN, "ref": "PY21", "name": "Ruta Nacional PY21", "highway": "trunk", "length": 22.625, "maxspeed": NaN, "bridge": NaN, "access": NaN, "tunnel": NaN, "junction": NaN, "width": NaN, "service": NaN, "roughness": 7.0}}, {"type": "Feature", "geometry": {"type": "LineString", "coordinates": [[-56.0356776, -25.0212401], [-56.0356109, -25.021176]]}, "properties": {"osmid": "256746264", "oneway": "False", "lanes": NaN, "ref": "PY21", "name": "Ruta Nacional PY21", "highway": "trunk", "length": 9.796, "maxspeed": NaN, "bridge": NaN, "access": NaN, "tunnel": NaN, "junction": NaN, "width": NaN, "service": NaN, "roughness": 7.0}}, {"type": "Feature", "geometry": {"type": "LineString", "coordinates": [[-56.0356109, -25.021176], [-56.0354946, -25.021064]]}, "properties": {"osmid": "256746264", "oneway": "False", "lanes": NaN, "ref": "PY21", "name": "Ruta Nacional PY21", "highway": "trunk", "length": 17.1, "maxspeed": NaN, "bridge": NaN, "access": NaN, "tunnel": NaN, "junction": NaN, "width": NaN, "service": NaN, "roughness": 7.0}}, {"type": "Feature", "geometry": {"type": "LineString", "coordinates": [[-56.0354946, -25.021064], [-56.0339154, -25.0191714]]}, "properties": {"osmid": "256746264", "oneway": "False", "lanes": NaN, "ref": "PY21", "name": "Ruta Nacional PY21", "highway": "trunk", "length": 263.833, "maxspeed": NaN, "bridge": NaN, "access": NaN, "tunnel": NaN, "junction": NaN, "width": NaN, "service": NaN, "roughness": 7.0}}, {"type": "Feature", "geometry": {"type": "LineString", "coordinates": [[-56.0339154, -25.0191714], [-56.0322428, -25.0168438]]}, "properties": {"osmid": "256746264", "oneway": "False", "lanes": NaN, "ref": "PY21", "name": "Ruta Nacional PY21", "highway": "trunk", "length": 308.854, "maxspeed": NaN, "bridge": NaN, "access": NaN, "tunnel": NaN, "junction": NaN, "width": NaN, "service": NaN, "roughness": 7.0}}, {"type": "Feature", "geometry": {"type": "LineString", "coordinates": [[-56.0322428, -25.0168438], [-56.0312274, -25.015402]]}, "properties": {"osmid": "256746264", "oneway": "False", "lanes": NaN, "ref": "PY21", "name": "Ruta Nacional PY21", "highway": "trunk", "length": 190.188, "maxspeed": NaN, "bridge": NaN, "access": NaN, "tunnel": NaN, "junction": NaN, "width": NaN, "service": NaN, "roughness": 7.0}}, {"type": "Feature", "geometry": {"type": "LineString", "coordinates": [[-56.0312274, -25.015402], [-56.0308581, -25.0151166]]}, "properties": {"osmid": "256746264", "oneway": "False", "lanes": NaN, "ref": "PY21", "name": "Ruta Nacional PY21", "highway": "trunk", "length": 48.907, "maxspeed": NaN, "bridge": NaN, "access": NaN, "tunnel": NaN, "junction": NaN, "width": NaN, "service": NaN, "roughness": 7.0}}, {"type": "Feature", "geometry": {"type": "LineString", "coordinates": [[-56.0308581, -25.0151166], [-56.030554, -25.0150624]]}, "properties": {"osmid": "256746264", "oneway": "False", "lanes": NaN, "ref": "PY21", "name": "Ruta Nacional PY21", "highway": "trunk", "length": 31.23, "maxspeed": NaN, "bridge": NaN, "access": NaN, "tunnel": NaN, "junction": NaN, "width": NaN, "service": NaN, "roughness": 7.0}}, {"type": "Feature", "geometry": {"type": "LineString", "coordinates": [[-56.030554, -25.0150624], [-56.0303096, -25.0150674]]}, "properties": {"osmid": "256746264", "oneway": "False", "lanes": NaN, "ref": "PY21", "name": "Ruta Nacional PY21", "highway": "trunk", "length": 24.633, "maxspeed": NaN, "bridge": NaN, "access": NaN, "tunnel": NaN, "junction": NaN, "width": NaN, "service": NaN, "roughness": 7.0}}, {"type": "Feature", "geometry": {"type": "LineString", "coordinates": [[-56.0303096, -25.0150674], [-56.0292236, -25.0153577]]}, "properties": {"osmid": "256746264", "oneway": "False", "lanes": NaN, "ref": "PY21", "name": "Ruta Nacional PY21", "highway": "trunk", "length": 114.092, "maxspeed": NaN, "bridge": NaN, "access": NaN, "tunnel": NaN, "junction": NaN, "width": NaN, "service": NaN, "roughness": 7.0}}, {"type": "Feature", "geometry": {"type": "LineString", "coordinates": [[-56.0292236, -25.0153577], [-56.0279746, -25.0158203]]}, "properties": {"osmid": "256746264", "oneway": "False", "lanes": NaN, "ref": "PY21", "name": "Ruta Nacional PY21", "highway": "trunk", "length": 135.961, "maxspeed": NaN, "bridge": NaN, "access": NaN, "tunnel": NaN, "junction": NaN, "width": NaN, "service": NaN, "roughness": 7.0}}, {"type": "Feature", "geometry": {"type": "LineString", "coordinates": [[-56.0279746, -25.0158203], [-56.0270134, -25.016337]]}, "properties": {"osmid": "256746264", "oneway": "False", "lanes": NaN, "ref": "PY21", "name": "Ruta Nacional PY21", "highway": "trunk", "length": 112.613, "maxspeed": NaN, "bridge": NaN, "access": NaN, "tunnel": NaN, "junction": NaN, "width": NaN, "service": NaN, "roughness": 7.0}}, {"type": "Feature", "geometry": {"type": "LineString", "coordinates": [[-56.0270134, -25.016337], [-56.023261, -25.0185071]]}, "properties": {"osmid": "256746264", "oneway": "False", "lanes": NaN, "ref": "PY21", "name": "Ruta Nacional PY21", "highway": "trunk", "length": 448.541, "maxspeed": NaN, "bridge": NaN, "access": NaN, "tunnel": NaN, "junction": NaN, "width": NaN, "service": NaN, "roughness": 7.0}}, {"type": "Feature", "geometry": {"type": "LineString", "coordinates": [[-56.023261, -25.0185071], [-56.0221804, -25.0190926]]}, "properties": {"osmid": "256746264", "oneway": "False", "lanes": NaN, "ref": "PY21", "name": "Ruta Nacional PY21", "highway": "trunk", "length": 126.863, "maxspeed": NaN, "bridge": NaN, "access": NaN, "tunnel": NaN, "junction": NaN, "width": NaN, "service": NaN, "roughness": 7.0}}, {"type": "Feature", "geometry": {"type": "LineString", "coordinates": [[-56.0221804, -25.0190926], [-56.0216319, -25.0192304]]}, "properties": {"osmid": "256746264", "oneway": "False", "lanes": NaN, "ref": "PY21", "name": "Ruta Nacional PY21", "highway": "trunk", "length": 57.352, "maxspeed": NaN, "bridge": NaN, "access": NaN, "tunnel": NaN, "junction": NaN, "width": NaN, "service": NaN, "roughness": 7.0}}, {"type": "Feature", "geometry": {"type": "LineString", "coordinates": [[-56.0216319, -25.0192304], [-56.0180344, -25.019493]]}, "properties": {"osmid": "256746264", "oneway": "False", "lanes": NaN, "ref": "PY21", "name": "Ruta Nacional PY21", "highway": "trunk", "length": 363.662, "maxspeed": NaN, "bridge": NaN, "access": NaN, "tunnel": NaN, "junction": NaN, "width": NaN, "service": NaN, "roughness": 7.0}}, {"type": "Feature", "geometry": {"type": "LineString", "coordinates": [[-56.0180344, -25.019493], [-56.016487, -25.0195869]]}, "properties": {"osmid": "256746264", "oneway": "False", "lanes": NaN, "ref": "PY21", "name": "Ruta Nacional PY21", "highway": "trunk", "length": 156.267, "maxspeed": NaN, "bridge": NaN, "access": NaN, "tunnel": NaN, "junction": NaN, "width": NaN, "service": NaN, "roughness": 7.0}}, {"type": "Feature", "geometry": {"type": "LineString", "coordinates": [[-56.016487, -25.0195869], [-56.0157997, -25.0196635]]}, "properties": {"osmid": "256746264", "oneway": "False", "lanes": NaN, "ref": "PY21", "name": "Ruta Nacional PY21", "highway": "trunk", "length": 69.775, "maxspeed": NaN, "bridge": NaN, "access": NaN, "tunnel": NaN, "junction": NaN, "width": NaN, "service": NaN, "roughness": 7.0}}, {"type": "Feature", "geometry": {"type": "LineString", "coordinates": [[-56.0157997, -25.0196635], [-56.0135764, -25.0203628]]}, "properties": {"osmid": "256746264", "oneway": "False", "lanes": NaN, "ref": "PY21", "name": "Ruta Nacional PY21", "highway": "trunk", "length": 237.132, "maxspeed": NaN, "bridge": NaN, "access": NaN, "tunnel": NaN, "junction": NaN, "width": NaN, "service": NaN, "roughness": 7.0}}, {"type": "Feature", "geometry": {"type": "LineString", "coordinates": [[-56.0135764, -25.0203628], [-56.0118101, -25.0208778]]}, "properties": {"osmid": "256746264", "oneway": "False", "lanes": NaN, "ref": "PY21", "name": "Ruta Nacional PY21", "highway": "trunk", "length": 186.959, "maxspeed": NaN, "bridge": NaN, "access": NaN, "tunnel": NaN, "junction": NaN, "width": NaN, "service": NaN, "roughness": 7.0}}, {"type": "Feature", "geometry": {"type": "LineString", "coordinates": [[-56.0118101, -25.0208778], [-56.0110037, -25.0211631]]}, "properties": {"osmid": "256746264", "oneway": "False", "lanes": NaN, "ref": "PY21", "name": "Ruta Nacional PY21", "highway": "trunk", "length": 87.226, "maxspeed": NaN, "bridge": NaN, "access": NaN, "tunnel": NaN, "junction": NaN, "width": NaN, "service": NaN, "roughness": 7.0}}, {"type": "Feature", "geometry": {"type": "LineString", "coordinates": [[-56.0110037, -25.0211631], [-56.0104892, -25.0212814]]}, "properties": {"osmid": "256746264", "oneway": "False", "lanes": NaN, "ref": "PY21", "name": "Ruta Nacional PY21", "highway": "trunk", "length": 53.484, "maxspeed": NaN, "bridge": NaN, "access": NaN, "tunnel": NaN, "junction": NaN, "width": NaN, "service": NaN, "roughness": 7.0}}, {"type": "Feature", "geometry": {"type": "LineString", "coordinates": [[-56.0104892, -25.0212814], [-56.0097058, -25.0212814]]}, "properties": {"osmid": "256746264", "oneway": "False", "lanes": NaN, "ref": "PY21", "name": "Ruta Nacional PY21", "highway": "trunk", "length": 78.935, "maxspeed": NaN, "bridge": NaN, "access": NaN, "tunnel": NaN, "junction": NaN, "width": NaN, "service": NaN, "roughness": 7.0}}, {"type": "Feature", "geometry": {"type": "LineString", "coordinates": [[-56.0097058, -25.0212814], [-56.0091337, -25.0212118]]}, "properties": {"osmid": "256746264", "oneway": "False", "lanes": NaN, "ref": "PY21", "name": "Ruta Nacional PY21", "highway": "trunk", "length": 58.162, "maxspeed": NaN, "bridge": NaN, "access": NaN, "tunnel": NaN, "junction": NaN, "width": NaN, "service": NaN, "roughness": 7.0}}, {"type": "Feature", "geometry": {"type": "LineString", "coordinates": [[-56.0091337, -25.0212118], [-56.007663, -25.0208882]]}, "properties": {"osmid": "256746264", "oneway": "False", "lanes": NaN, "ref": "PY21", "name": "Ruta Nacional PY21", "highway": "trunk", "length": 152.493, "maxspeed": NaN, "bridge": NaN, "access": NaN, "tunnel": NaN, "junction": NaN, "width": NaN, "service": NaN, "roughness": 7.0}}, {"type": "Feature", "geometry": {"type": "LineString", "coordinates": [[-56.007663, -25.0208882], [-56.0070026, -25.0207108]]}, "properties": {"osmid": "256746264", "oneway": "False", "lanes": NaN, "ref": "PY21", "name": "Ruta Nacional PY21", "highway": "trunk", "length": 69.404, "maxspeed": NaN, "bridge": NaN, "access": NaN, "tunnel": NaN, "junction": NaN, "width": NaN, "service": NaN, "roughness": 7.0}}, {"type": "Feature", "geometry": {"type": "LineString", "coordinates": [[-56.0070026, -25.0207108], [-56.0064305, -25.0206308]]}, "properties": {"osmid": "256746264", "oneway": "False", "lanes": NaN, "ref": "PY21", "name": "Ruta Nacional PY21", "highway": "trunk", "length": 58.327, "maxspeed": NaN, "bridge": NaN, "access": NaN, "tunnel": NaN, "junction": NaN, "width": NaN, "service": NaN, "roughness": 7.0}}, {"type": "Feature", "geometry": {"type": "LineString", "coordinates": [[-56.0064305, -25.0206308], [-56.005962, -25.0206447]]}, "properties": {"osmid": "256746264", "oneway": "False", "lanes": NaN, "ref": "PY21", "name": "Ruta Nacional PY21", "highway": "trunk", "length": 47.231, "maxspeed": NaN, "bridge": NaN, "access": NaN, "tunnel": NaN, "junction": NaN, "width": NaN, "service": NaN, "roughness": 7.0}}, {"type": "Feature", "geometry": {"type": "LineString", "coordinates": [[-56.005962, -25.0206447], [-56.0054244, -25.020763]]}, "properties": {"osmid": "256746264", "oneway": "False", "lanes": NaN, "ref": "PY21", "name": "Ruta Nacional PY21", "highway": "trunk", "length": 55.743, "maxspeed": NaN, "bridge": NaN, "access": NaN, "tunnel": NaN, "junction": NaN, "width": NaN, "service": NaN, "roughness": 7.0}}, {"type": "Feature", "geometry": {"type": "LineString", "coordinates": [[-56.0054244, -25.020763], [-56.0043608, -25.0211596]]}, "properties": {"osmid": "256746264", "oneway": "False", "lanes": NaN, "ref": "PY21", "name": "Ruta Nacional PY21", "highway": "trunk", "length": 115.887, "maxspeed": NaN, "bridge": NaN, "access": NaN, "tunnel": NaN, "junction": NaN, "width": NaN, "service": NaN, "roughness": 7.0}}, {"type": "Feature", "geometry": {"type": "LineString", "coordinates": [[-56.0043608, -25.0211596], [-56.0002829, -25.0228019]]}, "properties": {"osmid": "256746264", "oneway": "False", "lanes": NaN, "ref": "PY21", "name": "Ruta Nacional PY21", "highway": "trunk", "length": 449.639, "maxspeed": NaN, "bridge": NaN, "access": NaN, "tunnel": NaN, "junction": NaN, "width": NaN, "service": NaN, "roughness": 7.0}}, {"type": "Feature", "geometry": {"type": "LineString", "coordinates": [[-56.0002829, -25.0228019], [-55.9995226, -25.0230977]]}, "properties": {"osmid": "256746264", "oneway": "False", "lanes": NaN, "ref": "PY21", "name": "Ruta Nacional PY21", "highway": "trunk", "length": 83.369, "maxspeed": NaN, "bridge": NaN, "access": NaN, "tunnel": NaN, "junction": NaN, "width": NaN, "service": NaN, "roughness": 7.0}}, {"type": "Feature", "geometry": {"type": "LineString", "coordinates": [[-55.9995226, -25.0230977], [-55.9984398, -25.0233517]]}, "properties": {"osmid": "256746264", "oneway": "False", "lanes": NaN, "ref": "PY21", "name": "Ruta Nacional PY21", "highway": "trunk", "length": 112.697, "maxspeed": NaN, "bridge": NaN, "access": NaN, "tunnel": NaN, "junction": NaN, "width": NaN, "service": NaN, "roughness": 7.0}}, {"type": "Feature", "geometry": {"type": "LineString", "coordinates": [[-55.9984398, -25.0233517], [-55.9973185, -25.0235535]]}, "properties": {"osmid": "256746264", "oneway": "False", "lanes": NaN, "ref": "PY21", "name": "Ruta Nacional PY21", "highway": "trunk", "length": 115.186, "maxspeed": NaN, "bridge": NaN, "access": NaN, "tunnel": NaN, "junction": NaN, "width": NaN, "service": NaN, "roughness": 7.0}}, {"type": "Feature", "geometry": {"type": "LineString", "coordinates": [[-55.9973185, -25.0235535], [-55.9949954, -25.0241172]]}, "properties": {"osmid": "256746264", "oneway": "False", "lanes": NaN, "ref": "PY21", "name": "Ruta Nacional PY21", "highway": "trunk", "length": 242.317, "maxspeed": NaN, "bridge": NaN, "access": NaN, "tunnel": NaN, "junction": NaN, "width": NaN, "service": NaN, "roughness": 7.0}}, {"type": "Feature", "geometry": {"type": "LineString", "coordinates": [[-55.9949954, -25.0241172], [-55.9941468, -25.024312]]}, "properties": {"osmid": "256746264", "oneway": "False", "lanes": NaN, "ref": "PY21", "name": "Ruta Nacional PY21", "highway": "trunk", "length": 88.204, "maxspeed": NaN, "bridge": NaN, "access": NaN, "tunnel": NaN, "junction": NaN, "width": NaN, "service": NaN, "roughness": 7.0}}, {"type": "Feature", "geometry": {"type": "LineString", "coordinates": [[-55.9941468, -25.024312], [-55.9929219, -25.0243851]]}, "properties": {"osmid": "256746264", "oneway": "False", "lanes": NaN, "ref": "PY21", "name": "Ruta Nacional PY21", "highway": "trunk", "length": 123.685, "maxspeed": NaN, "bridge": NaN, "access": NaN, "tunnel": NaN, "junction": NaN, "width": NaN, "service": NaN, "roughness": 7.0}}, {"type": "Feature", "geometry": {"type": "LineString", "coordinates": [[-55.9929219, -25.0243851], [-55.9916548, -25.0244895]]}, "properties": {"osmid": "256746264", "oneway": "False", "lanes": NaN, "ref": "PY21", "name": "Ruta Nacional PY21", "highway": "trunk", "length": 128.196, "maxspeed": NaN, "bridge": NaN, "access": NaN, "tunnel": NaN, "junction": NaN, "width": NaN, "service": NaN, "roughness": 7.0}}, {"type": "Feature", "geometry": {"type": "LineString", "coordinates": [[-55.9916548, -25.0244895], [-55.9907447, -25.0245764]]}, "properties": {"osmid": "256746264", "oneway": "False", "lanes": NaN, "ref": "PY21", "name": "Ruta Nacional PY21", "highway": "trunk", "length": 92.207, "maxspeed": NaN, "bridge": NaN, "access": NaN, "tunnel": NaN, "junction": NaN, "width": NaN, "service": NaN, "roughness": 7.0}}, {"type": "Feature", "geometry": {"type": "LineString", "coordinates": [[-55.9907447, -25.0245764], [-55.9897395, -25.0247954]]}, "properties": {"osmid": "256746264", "oneway": "False", "lanes": NaN, "ref": "PY21", "name": "Ruta Nacional PY21", "highway": "trunk", "length": 104.167, "maxspeed": NaN, "bridge": NaN, "access": NaN, "tunnel": NaN, "junction": NaN, "width": NaN, "service": NaN, "roughness": 7.0}}, {"type": "Feature", "geometry": {"type": "LineString", "coordinates": [[-55.9897395, -25.0247954], [-55.9877765, -25.0253244]]}, "properties": {"osmid": "256746264", "oneway": "False", "lanes": NaN, "ref": "PY21", "name": "Ruta Nacional PY21", "highway": "trunk", "length": 206.347, "maxspeed": NaN, "bridge": NaN, "access": NaN, "tunnel": NaN, "junction": NaN, "width": NaN, "service": NaN, "roughness": 7.0}}, {"type": "Feature", "geometry": {"type": "LineString", "coordinates": [[-55.9877765, -25.0253244], [-55.9874832, -25.0254006]]}, "properties": {"osmid": "256746264", "oneway": "False", "lanes": NaN, "ref": "PY21", "name": "Ruta Nacional PY21", "highway": "trunk", "length": 30.742, "maxspeed": NaN, "bridge": NaN, "access": NaN, "tunnel": NaN, "junction": NaN, "width": NaN, "service": NaN, "roughness": 7.0}}, {"type": "Feature", "geometry": {"type": "LineString", "coordinates": [[-55.9874832, -25.0254006], [-55.9870217, -25.0254794]]}, "properties": {"osmid": "256746264", "oneway": "False", "lanes": NaN, "ref": "PY21", "name": "Ruta Nacional PY21", "highway": "trunk", "length": 47.317, "maxspeed": NaN, "bridge": NaN, "access": NaN, "tunnel": NaN, "junction": NaN, "width": NaN, "service": NaN, "roughness": 7.0}}, {"type": "Feature", "geometry": {"type": "LineString", "coordinates": [[-55.9870217, -25.0254794], [-55.9867257, -25.0254769]]}, "properties": {"osmid": "256746264", "oneway": "False", "lanes": NaN, "ref": "PY21", "name": "Ruta Nacional PY21", "highway": "trunk", "length": 29.825, "maxspeed": NaN, "bridge": NaN, "access": NaN, "tunnel": NaN, "junction": NaN, "width": NaN, "service": NaN, "roughness": 7.0}}, {"type": "Feature", "geometry": {"type": "LineString", "coordinates": [[-55.9867257, -25.0254769], [-55.9864596, -25.0253883]]}, "properties": {"osmid": "256746264", "oneway": "False", "lanes": NaN, "ref": "PY21", "name": "Ruta Nacional PY21", "highway": "trunk", "length": 28.564, "maxspeed": NaN, "bridge": NaN, "access": NaN, "tunnel": NaN, "junction": NaN, "width": NaN, "service": NaN, "roughness": 7.0}}, {"type": "Feature", "geometry": {"type": "LineString", "coordinates": [[-55.9864596, -25.0253883], [-55.9861908, -25.0252309]]}, "properties": {"osmid": "256746264", "oneway": "False", "lanes": NaN, "ref": "PY21", "name": "Ruta Nacional PY21", "highway": "trunk", "length": 32.246, "maxspeed": NaN, "bridge": NaN, "access": NaN, "tunnel": NaN, "junction": NaN, "width": NaN, "service": NaN, "roughness": 7.0}}, {"type": "Feature", "geometry": {"type": "LineString", "coordinates": [[-55.9861908, -25.0252309], [-55.9859736, -25.0249676]]}, "properties": {"osmid": "256746264", "oneway": "False", "lanes": NaN, "ref": "PY21", "name": "Ruta Nacional PY21", "highway": "trunk", "length": 36.553, "maxspeed": NaN, "bridge": NaN, "access": NaN, "tunnel": NaN, "junction": NaN, "width": NaN, "service": NaN, "roughness": 7.0}}, {"type": "Feature", "geometry": {"type": "LineString", "coordinates": [[-55.9859736, -25.0249676], [-55.9856152, -25.0244805]]}, "properties": {"osmid": "256746264", "oneway": "False", "lanes": NaN, "ref": "PY21", "name": "Ruta Nacional PY21", "highway": "trunk", "length": 65.097, "maxspeed": NaN, "bridge": NaN, "access": NaN, "tunnel": NaN, "junction": NaN, "width": NaN, "service": NaN, "roughness": 7.0}}, {"type": "Feature", "geometry": {"type": "LineString", "coordinates": [[-55.9856152, -25.0244805], [-55.9847925, -25.0231003]]}, "properties": {"osmid": "256746264", "oneway": "False", "lanes": NaN, "ref": "PY21", "name": "Ruta Nacional PY21", "highway": "trunk", "length": 174.427, "maxspeed": NaN, "bridge": NaN, "access": NaN, "tunnel": NaN, "junction": NaN, "width": NaN, "service": NaN, "roughness": 7.0}}, {"type": "Feature", "geometry": {"type": "LineString", "coordinates": [[-55.9847925, -25.0231003], [-55.9841897, -25.0220128]]}, "properties": {"osmid": "256746264", "oneway": "False", "lanes": NaN, "ref": "PY21", "name": "Ruta Nacional PY21", "highway": "trunk", "length": 135.321, "maxspeed": NaN, "bridge": NaN, "access": NaN, "tunnel": NaN, "junction": NaN, "width": NaN, "service": NaN, "roughness": 7.0}}, {"type": "Feature", "geometry": {"type": "LineString", "coordinates": [[-55.9841897, -25.0220128], [-55.9839019, -25.0216831]]}, "properties": {"osmid": "256746264", "oneway": "False", "lanes": NaN, "ref": "PY21", "name": "Ruta Nacional PY21", "highway": "trunk", "length": 46.743, "maxspeed": NaN, "bridge": NaN, "access": NaN, "tunnel": NaN, "junction": NaN, "width": NaN, "service": NaN, "roughness": 7.0}}, {"type": "Feature", "geometry": {"type": "LineString", "coordinates": [[-55.9839019, -25.0216831], [-55.9817331, -25.0199442]]}, "properties": {"osmid": "256746264", "oneway": "False", "lanes": NaN, "ref": "PY21", "name": "Ruta Nacional PY21", "highway": "trunk", "length": 291.79, "maxspeed": NaN, "bridge": NaN, "access": NaN, "tunnel": NaN, "junction": NaN, "width": NaN, "service": NaN, "roughness": 7.0}}, {"type": "Feature", "geometry": {"type": "LineString", "coordinates": [[-55.9817331, -25.0199442], [-55.9802894, -25.0188064]]}, "properties": {"osmid": "256746264", "oneway": "False", "lanes": NaN, "ref": "PY21", "name": "Ruta Nacional PY21", "highway": "trunk", "length": 192.79, "maxspeed": NaN, "bridge": NaN, "access": NaN, "tunnel": NaN, "junction": NaN, "width": NaN, "service": NaN, "roughness": 7.0}}, {"type": "Feature", "geometry": {"type": "LineString", "coordinates": [[-55.9802894, -25.0188064], [-55.9798228, -25.0184532]]}, "properties": {"osmid": "256746264", "oneway": "False", "lanes": NaN, "ref": "PY21", "name": "Ruta Nacional PY21", "highway": "trunk", "length": 61.261, "maxspeed": NaN, "bridge": NaN, "access": NaN, "tunnel": NaN, "junction": NaN, "width": NaN, "service": NaN, "roughness": 7.0}}, {"type": "Feature", "geometry": {"type": "LineString", "coordinates": [[-55.9798228, -25.0184532], [-55.9795828, -25.0183158]]}, "properties": {"osmid": "256746264", "oneway": "False", "lanes": NaN, "ref": "PY21", "name": "Ruta Nacional PY21", "highway": "trunk", "length": 28.605, "maxspeed": NaN, "bridge": NaN, "access": NaN, "tunnel": NaN, "junction": NaN, "width": NaN, "service": NaN, "roughness": 7.0}}, {"type": "Feature", "geometry": {"type": "LineString", "coordinates": [[-55.9795828, -25.0183158], [-55.9793146, -25.0182783]]}, "properties": {"osmid": "256746264", "oneway": "False", "lanes": NaN, "ref": "PY21", "name": "Ruta Nacional PY21", "highway": "trunk", "length": 27.344, "maxspeed": NaN, "bridge": NaN, "access": NaN, "tunnel": NaN, "junction": NaN, "width": NaN, "service": NaN, "roughness": 7.0}}, {"type": "Feature", "geometry": {"type": "LineString", "coordinates": [[-55.9793146, -25.0182783], [-55.9759695, -25.0184111]]}, "properties": {"osmid": "256746264", "oneway": "False", "lanes": NaN, "ref": "PY21", "name": "Ruta Nacional PY21", "highway": "trunk", "length": 337.382, "maxspeed": NaN, "bridge": NaN, "access": NaN, "tunnel": NaN, "junction": NaN, "width": NaN, "service": NaN, "roughness": 7.0}}, {"type": "Feature", "geometry": {"type": "LineString", "coordinates": [[-55.9759695, -25.0184111], [-55.9751278, -25.0184259]]}, "properties": {"osmid": "256746264", "oneway": "False", "lanes": NaN, "ref": "PY21", "name": "Ruta Nacional PY21", "highway": "trunk", "length": 84.827, "maxspeed": NaN, "bridge": NaN, "access": NaN, "tunnel": NaN, "junction": NaN, "width": NaN, "service": NaN, "roughness": 7.0}}, {"type": "Feature", "geometry": {"type": "LineString", "coordinates": [[-55.9751278, -25.0184259], [-55.9746608, -25.0184013]]}, "properties": {"osmid": "256746264", "oneway": "False", "lanes": NaN, "ref": "PY21", "name": "Ruta Nacional PY21", "highway": "trunk", "length": 47.135, "maxspeed": NaN, "bridge": NaN, "access": NaN, "tunnel": NaN, "junction": NaN, "width": NaN, "service": NaN, "roughness": 7.0}}, {"type": "Feature", "geometry": {"type": "LineString", "coordinates": [[-55.9746608, -25.0184013], [-55.972418, -25.0177862]]}, "properties": {"osmid": "256746264", "oneway": "False", "lanes": NaN, "ref": "PY21", "name": "Ruta Nacional PY21", "highway": "trunk", "length": 236.113, "maxspeed": NaN, "bridge": NaN, "access": NaN, "tunnel": NaN, "junction": NaN, "width": NaN, "service": NaN, "roughness": 7.0}}, {"type": "Feature", "geometry": {"type": "LineString", "coordinates": [[-55.972418, -25.0177862], [-55.9686331, -25.0167626]]}, "properties": {"osmid": "256746264", "oneway": "False", "lanes": NaN, "ref": "PY21", "name": "Ruta Nacional PY21", "highway": "trunk", "length": 397.999, "maxspeed": NaN, "bridge": NaN, "access": NaN, "tunnel": NaN, "junction": NaN, "width": NaN, "service": NaN, "roughness": 7.0}}, {"type": "Feature", "geometry": {"type": "LineString", "coordinates": [[-55.9686331, -25.0167626], [-55.9659179, -25.0160294]]}, "properties": {"osmid": "256746264", "oneway": "False", "lanes": NaN, "ref": "PY21", "name": "Ruta Nacional PY21", "highway": "trunk", "length": 285.482, "maxspeed": NaN, "bridge": NaN, "access": NaN, "tunnel": NaN, "junction": NaN, "width": NaN, "service": NaN, "roughness": 7.0}}, {"type": "Feature", "geometry": {"type": "LineString", "coordinates": [[-55.9659179, -25.0160294], [-55.9640716, -25.0155176]]}, "properties": {"osmid": "256746264", "oneway": "False", "lanes": NaN, "ref": "PY21", "name": "Ruta Nacional PY21", "highway": "trunk", "length": 194.55, "maxspeed": NaN, "bridge": NaN, "access": NaN, "tunnel": NaN, "junction": NaN, "width": NaN, "service": NaN, "roughness": 7.0}}, {"type": "Feature", "geometry": {"type": "LineString", "coordinates": [[-55.9640716, -25.0155176], [-55.9620706, -25.0147942]]}, "properties": {"osmid": "256746264", "oneway": "False", "lanes": NaN, "ref": "PY21", "name": "Ruta Nacional PY21", "highway": "trunk", "length": 217.083, "maxspeed": NaN, "bridge": NaN, "access": NaN, "tunnel": NaN, "junction": NaN, "width": NaN, "service": NaN, "roughness": 7.0}}, {"type": "Feature", "geometry": {"type": "LineString", "coordinates": [[-55.9620706, -25.0147942], [-55.9606748, -25.0142723]]}, "properties": {"osmid": "256746264", "oneway": "False", "lanes": NaN, "ref": "PY21", "name": "Ruta Nacional PY21", "highway": "trunk", "length": 152.15, "maxspeed": NaN, "bridge": NaN, "access": NaN, "tunnel": NaN, "junction": NaN, "width": NaN, "service": NaN, "roughness": 7.0}}, {"type": "Feature", "geometry": {"type": "LineString", "coordinates": [[-55.9606748, -25.0142723], [-55.9602428, -25.0140687]]}, "properties": {"osmid": "256746264", "oneway": "False", "lanes": NaN, "ref": "PY21", "name": "Ruta Nacional PY21", "highway": "trunk", "length": 49.066, "maxspeed": NaN, "bridge": NaN, "access": NaN, "tunnel": NaN, "junction": NaN, "width": NaN, "service": NaN, "roughness": 7.0}}, {"type": "Feature", "geometry": {"type": "LineString", "coordinates": [[-55.9602428, -25.0140687], [-55.9599433, -25.0137364]]}, "properties": {"osmid": "256746264", "oneway": "False", "lanes": NaN, "ref": "PY21", "name": "Ruta Nacional PY21", "highway": "trunk", "length": 47.709, "maxspeed": NaN, "bridge": NaN, "access": NaN, "tunnel": NaN, "junction": NaN, "width": NaN, "service": NaN, "roughness": 7.0}}, {"type": "Feature", "geometry": {"type": "LineString", "coordinates": [[-55.9599433, -25.0137364], [-55.9594921, -25.013171]]}, "properties": {"osmid": "256746264", "oneway": "False", "lanes": NaN, "ref": "PY21", "name": "Ruta Nacional PY21", "highway": "trunk", "length": 77.587, "maxspeed": NaN, "bridge": NaN, "access": NaN, "tunnel": NaN, "junction": NaN, "width": NaN, "service": NaN, "roughness": 7.0}}, {"type": "Feature", "geometry": {"type": "LineString", "coordinates": [[-55.9594921, -25.013171], [-55.9593882, -25.0130736]]}, "properties": {"osmid": "256746264", "oneway": "False", "lanes": NaN, "ref": "PY21", "name": "Ruta Nacional PY21", "highway": "trunk", "length": 15.064, "maxspeed": NaN, "bridge": NaN, "access": NaN, "tunnel": NaN, "junction": NaN, "width": NaN, "service": NaN, "roughness": 7.0}}, {"type": "Feature", "geometry": {"type": "LineString", "coordinates": [[-55.9593882, -25.0130736], [-55.9592631, -25.0130244]]}, "properties": {"osmid": "256746264", "oneway": "False", "lanes": NaN, "ref": "PY21", "name": "Ruta Nacional PY21", "highway": "trunk", "length": 13.742, "maxspeed": NaN, "bridge": NaN, "access": NaN, "tunnel": NaN, "junction": NaN, "width": NaN, "service": NaN, "roughness": 7.0}}, {"type": "Feature", "geometry": {"type": "LineString", "coordinates": [[-55.9592631, -25.0130244], [-55.9591249, -25.0130424]]}, "properties": {"osmid": "256746264", "oneway": "False", "lanes": NaN, "ref": "PY21", "name": "Ruta Nacional PY21", "highway": "trunk", "length": 14.069, "maxspeed": NaN, "bridge": NaN, "access": NaN, "tunnel": NaN, "junction": NaN, "width": NaN, "service": NaN, "roughness": 7.0}}, {"type": "Feature", "geometry": {"type": "LineString", "coordinates": [[-55.9591249, -25.0130424], [-55.959015, -25.0131213]]}, "properties": {"osmid": "256746264", "oneway": "False", "lanes": NaN, "ref": "PY21", "name": "Ruta Nacional PY21", "highway": "trunk", "length": 14.128, "maxspeed": NaN, "bridge": NaN, "access": NaN, "tunnel": NaN, "junction": NaN, "width": NaN, "service": NaN, "roughness": 7.0}}, {"type": "Feature", "geometry": {"type": "LineString", "coordinates": [[-55.959015, -25.0131213], [-55.9572996, -25.0144867]]}, "properties": {"osmid": "256746264", "oneway": "False", "lanes": NaN, "ref": "PY21", "name": "Ruta Nacional PY21", "highway": "trunk", "length": 230.064, "maxspeed": NaN, "bridge": NaN, "access": NaN, "tunnel": NaN, "junction": NaN, "width": NaN, "service": NaN, "roughness": 7.0}}, {"type": "Feature", "geometry": {"type": "LineString", "coordinates": [[-55.9572996, -25.0144867], [-55.9553773, -25.0153774]]}, "properties": {"osmid": "256746264", "oneway": "False", "lanes": NaN, "ref": "PY21", "name": "Ruta Nacional PY21", "highway": "trunk", "length": 217.552, "maxspeed": NaN, "bridge": NaN, "access": NaN, "tunnel": NaN, "junction": NaN, "width": NaN, "service": NaN, "roughness": 7.0}}, {"type": "Feature", "geometry": {"type": "LineString", "coordinates": [[-55.9553773, -25.0153774], [-55.9543998, -25.0158006]]}, "properties": {"osmid": "256746264", "oneway": "False", "lanes": NaN, "ref": "PY21", "name": "Ruta Nacional PY21", "highway": "trunk", "length": 109.161, "maxspeed": NaN, "bridge": NaN, "access": NaN, "tunnel": NaN, "junction": NaN, "width": NaN, "service": NaN, "roughness": 7.0}}, {"type": "Feature", "geometry": {"type": "LineString", "coordinates": [[-55.9543998, -25.0158006], [-55.9540414, -25.0159777]]}, "properties": {"osmid": "256746264", "oneway": "False", "lanes": NaN, "ref": "PY21", "name": "Ruta Nacional PY21", "highway": "trunk", "length": 41.134, "maxspeed": NaN, "bridge": NaN, "access": NaN, "tunnel": NaN, "junction": NaN, "width": NaN, "service": NaN, "roughness": 7.0}}, {"type": "Feature", "geometry": {"type": "LineString", "coordinates": [[-55.9540414, -25.0159777], [-55.9491541, -25.0195503]]}, "properties": {"osmid": "256746264", "oneway": "False", "lanes": NaN, "ref": "PY21", "name": "Ruta Nacional PY21", "highway": "trunk", "length": 632.712, "maxspeed": NaN, "bridge": NaN, "access": NaN, "tunnel": NaN, "junction": NaN, "width": NaN, "service": NaN, "roughness": 7.0}}, {"type": "Feature", "geometry": {"type": "LineString", "coordinates": [[-55.9491541, -25.0195503], [-55.9465604, -25.0214268]]}, "properties": {"osmid": "256746264", "oneway": "False", "lanes": NaN, "ref": "PY21", "name": "Ruta Nacional PY21", "highway": "trunk", "length": 334.421, "maxspeed": NaN, "bridge": NaN, "access": NaN, "tunnel": NaN, "junction": NaN, "width": NaN, "service": NaN, "roughness": 7.0}}, {"type": "Feature", "geometry": {"type": "LineString", "coordinates": [[-55.9465604, -25.0214268], [-55.9437346, -25.023664]]}, "properties": {"osmid": "256746264", "oneway": "False", "lanes": NaN, "ref": "PY21", "name": "Ruta Nacional PY21", "highway": "trunk", "length": 378.09, "maxspeed": NaN, "bridge": NaN, "access": NaN, "tunnel": NaN, "junction": NaN, "width": NaN, "service": NaN, "roughness": 7.0}}, {"type": "Feature", "geometry": {"type": "LineString", "coordinates": [[-55.9437346, -25.023664], [-55.9418414, -25.0251797]]}, "properties": {"osmid": "256746264", "oneway": "False", "lanes": NaN, "ref": "PY21", "name": "Ruta Nacional PY21", "highway": "trunk", "length": 254.543, "maxspeed": NaN, "bridge": NaN, "access": NaN, "tunnel": NaN, "junction": NaN, "width": NaN, "service": NaN, "roughness": 7.0}}, {"type": "Feature", "geometry": {"type": "LineString", "coordinates": [[-55.9418414, -25.0251797], [-55.9398139, -25.0268525]]}, "properties": {"osmid": "256746264", "oneway": "False", "lanes": NaN, "ref": "PY21", "name": "Ruta Nacional PY21", "highway": "trunk", "length": 276.278, "maxspeed": NaN, "bridge": NaN, "access": NaN, "tunnel": NaN, "junction": NaN, "width": NaN, "service": NaN, "roughness": 7.0}}, {"type": "Feature", "geometry": {"type": "LineString", "coordinates": [[-55.9398139, -25.0268525], [-55.9382685, -25.0284801]]}, "properties": {"osmid": "256746264", "oneway": "False", "lanes": NaN, "ref": "PY21", "name": "Ruta Nacional PY21", "highway": "trunk", "length": 238.743, "maxspeed": NaN, "bridge": NaN, "access": NaN, "tunnel": NaN, "junction": NaN, "width": NaN, "service": NaN, "roughness": 7.0}}, {"type": "Feature", "geometry": {"type": "LineString", "coordinates": [[-55.9382685, -25.0284801], [-55.937626, -25.02921]]}, "properties": {"osmid": "256746264", "oneway": "False", "lanes": NaN, "ref": "PY21", "name": "Ruta Nacional PY21", "highway": "trunk", "length": 103.815, "maxspeed": NaN, "bridge": NaN, "access": NaN, "tunnel": NaN, "junction": NaN, "width": NaN, "service": NaN, "roughness": 7.0}}, {"type": "Feature", "geometry": {"type": "LineString", "coordinates": [[-55.937626, -25.02921], [-55.9373744, -25.0294657]]}, "properties": {"osmid": "256746264", "oneway": "False", "lanes": NaN, "ref": "PY21", "name": "Ruta Nacional PY21", "highway": "trunk", "length": 38.092, "maxspeed": NaN, "bridge": NaN, "access": NaN, "tunnel": NaN, "junction": NaN, "width": NaN, "service": NaN, "roughness": 7.0}}, {"type": "Feature", "geometry": {"type": "LineString", "coordinates": [[-55.9373744, -25.0294657], [-55.9371564, -25.0296409]]}, "properties": {"osmid": "256746264", "oneway": "False", "lanes": NaN, "ref": "PY21", "name": "Ruta Nacional PY21", "highway": "trunk", "length": 29.359, "maxspeed": NaN, "bridge": NaN, "access": NaN, "tunnel": NaN, "junction": NaN, "width": NaN, "service": NaN, "roughness": 7.0}}, {"type": "Feature", "geometry": {"type": "LineString", "coordinates": [[-55.9371564, -25.0296409], [-55.9369018, -25.0298256]]}, "properties": {"osmid": "256746264", "oneway": "False", "lanes": NaN, "ref": "PY21", "name": "Ruta Nacional PY21", "highway": "trunk", "length": 32.86, "maxspeed": NaN, "bridge": NaN, "access": NaN, "tunnel": NaN, "junction": NaN, "width": NaN, "service": NaN, "roughness": 7.0}}, {"type": "Feature", "geometry": {"type": "LineString", "coordinates": [[-55.9369018, -25.0298256], [-55.9364104, -25.0300764]]}, "properties": {"osmid": "256746264", "oneway": "False", "lanes": NaN, "ref": "PY21", "name": "Ruta Nacional PY21", "highway": "trunk", "length": 56.824, "maxspeed": NaN, "bridge": NaN, "access": NaN, "tunnel": NaN, "junction": NaN, "width": NaN, "service": NaN, "roughness": 7.0}}, {"type": "Feature", "geometry": {"type": "LineString", "coordinates": [[-55.9364104, -25.0300764], [-55.9352769, -25.0306475]]}, "properties": {"osmid": "256746264", "oneway": "False", "lanes": NaN, "ref": "PY21", "name": "Ruta Nacional PY21", "highway": "trunk", "length": 130.671, "maxspeed": NaN, "bridge": NaN, "access": NaN, "tunnel": NaN, "junction": NaN, "width": NaN, "service": NaN, "roughness": 7.0}}, {"type": "Feature", "geometry": {"type": "LineString", "coordinates": [[-55.9352769, -25.0306475], [-55.9349245, -25.0307583]]}, "properties": {"osmid": "256746264", "oneway": "False", "lanes": NaN, "ref": "PY21", "name": "Ruta Nacional PY21", "highway": "trunk", "length": 37.582, "maxspeed": NaN, "bridge": NaN, "access": NaN, "tunnel": NaN, "junction": NaN, "width": NaN, "service": NaN, "roughness": 7.0}}, {"type": "Feature", "geometry": {"type": "LineString", "coordinates": [[-55.9349245, -25.0307583], [-55.9346056, -25.0308281]]}, "properties": {"osmid": "256746264", "oneway": "False", "lanes": NaN, "ref": "PY21", "name": "Ruta Nacional PY21", "highway": "trunk", "length": 33.054, "maxspeed": NaN, "bridge": NaN, "access": NaN, "tunnel": NaN, "junction": NaN, "width": NaN, "service": NaN, "roughness": 7.0}}, {"type": "Feature", "geometry": {"type": "LineString", "coordinates": [[-55.9346056, -25.0308281], [-55.9342381, -25.0308801]]}, "properties": {"osmid": "256746264", "oneway": "False", "lanes": NaN, "ref": "PY21", "name": "Ruta Nacional PY21", "highway": "trunk", "length": 37.475, "maxspeed": NaN, "bridge": NaN, "access": NaN, "tunnel": NaN, "junction": NaN, "width": NaN, "service": NaN, "roughness": 7.0}}, {"type": "Feature", "geometry": {"type": "LineString", "coordinates": [[-55.9342381, -25.0308801], [-55.928013, -25.0314059]]}, "properties": {"osmid": "256746264", "oneway": "False", "lanes": NaN, "ref": "PY21", "name": "Ruta Nacional PY21", "highway": "trunk", "length": 629.907, "maxspeed": NaN, "bridge": NaN, "access": NaN, "tunnel": NaN, "junction": NaN, "width": NaN, "service": NaN, "roughness": 7.0}}, {"type": "Feature", "geometry": {"type": "LineString", "coordinates": [[-55.928013, -25.0314059], [-55.9270876, -25.0314911]]}, "properties": {"osmid": "256746264", "oneway": "False", "lanes": NaN, "ref": "PY21", "name": "Ruta Nacional PY21", "highway": "trunk", "length": 93.715, "maxspeed": NaN, "bridge": NaN, "access": NaN, "tunnel": NaN, "junction": NaN, "width": NaN, "service": NaN, "roughness": 7.0}}, {"type": "Feature", "geometry": {"type": "LineString", "coordinates": [[-55.9270876, -25.0314911], [-55.9267728, -25.031545]]}, "properties": {"osmid": "256746264", "oneway": "False", "lanes": NaN, "ref": "PY21", "name": "Ruta Nacional PY21", "highway": "trunk", "length": 32.278, "maxspeed": NaN, "bridge": NaN, "access": NaN, "tunnel": NaN, "junction": NaN, "width": NaN, "service": NaN, "roughness": 7.0}}, {"type": "Feature", "geometry": {"type": "LineString", "coordinates": [[-55.9267728, -25.031545], [-55.9265002, -25.0316981]]}, "properties": {"osmid": "256746264", "oneway": "False", "lanes": NaN, "ref": "PY21", "name": "Ruta Nacional PY21", "highway": "trunk", "length": 32.313, "maxspeed": NaN, "bridge": NaN, "access": NaN, "tunnel": NaN, "junction": NaN, "width": NaN, "service": NaN, "roughness": 7.0}}, {"type": "Feature", "geometry": {"type": "LineString", "coordinates": [[-55.9265002, -25.0316981], [-55.9257475, -25.0323728]]}, "properties": {"osmid": "256746264", "oneway": "False", "lanes": NaN, "ref": "PY21", "name": "Ruta Nacional PY21", "highway": "trunk", "length": 106.675, "maxspeed": NaN, "bridge": NaN, "access": NaN, "tunnel": NaN, "junction": NaN, "width": NaN, "service": NaN, "roughness": 7.0}}, {"type": "Feature", "geometry": {"type": "LineString", "coordinates": [[-55.9257475, -25.0323728], [-55.9255787, -25.0325202]]}, "properties": {"osmid": "256746264", "oneway": "False", "lanes": NaN, "ref": "PY21", "name": "Ruta Nacional PY21", "highway": "trunk", "length": 23.619, "maxspeed": NaN, "bridge": NaN, "access": NaN, "tunnel": NaN, "junction": NaN, "width": NaN, "service": NaN, "roughness": 7.0}}, {"type": "Feature", "geometry": {"type": "LineString", "coordinates": [[-55.9255787, -25.0325202], [-55.9253137, -25.0327517]]}, "properties": {"osmid": "256746264", "oneway": "False", "lanes": NaN, "ref": "PY21", "name": "Ruta Nacional PY21", "highway": "trunk", "length": 37.087, "maxspeed": NaN, "bridge": NaN, "access": NaN, "tunnel": NaN, "junction": NaN, "width": NaN, "service": NaN, "roughness": 7.0}}, {"type": "Feature", "geometry": {"type": "LineString", "coordinates": [[-55.9253137, -25.0327517], [-55.9229227, -25.0349092]]}, "properties": {"osmid": "256746264", "oneway": "False", "lanes": NaN, "ref": "PY21", "name": "Ruta Nacional PY21", "highway": "trunk", "length": 339.974, "maxspeed": NaN, "bridge": NaN, "access": NaN, "tunnel": NaN, "junction": NaN, "width": NaN, "service": NaN, "roughness": 7.0}}, {"type": "Feature", "geometry": {"type": "LineString", "coordinates": [[-55.9229227, -25.0349092], [-55.9220306, -25.0357109]]}, "properties": {"osmid": "256746264", "oneway": "False", "lanes": NaN, "ref": "PY21", "name": "Ruta Nacional PY21", "highway": "trunk", "length": 126.589, "maxspeed": NaN, "bridge": NaN, "access": NaN, "tunnel": NaN, "junction": NaN, "width": NaN, "service": NaN, "roughness": 7.0}}, {"type": "Feature", "geometry": {"type": "LineString", "coordinates": [[-55.9220306, -25.0357109], [-55.9211385, -25.0364813]]}, "properties": {"osmid": "256746264", "oneway": "False", "lanes": NaN, "ref": "PY21", "name": "Ruta Nacional PY21", "highway": "trunk", "length": 124.162, "maxspeed": NaN, "bridge": NaN, "access": NaN, "tunnel": NaN, "junction": NaN, "width": NaN, "service": NaN, "roughness": 7.0}}, {"type": "Feature", "geometry": {"type": "LineString", "coordinates": [[-55.9211385, -25.0364813], [-55.9180405, -25.0390587]]}, "properties": {"osmid": "256746264", "oneway": "False", "lanes": NaN, "ref": "PY21", "name": "Ruta Nacional PY21", "highway": "trunk", "length": 423.733, "maxspeed": NaN, "bridge": NaN, "access": NaN, "tunnel": NaN, "junction": NaN, "width": NaN, "service": NaN, "roughness": 7.0}}, {"type": "Feature", "geometry": {"type": "LineString", "coordinates": [[-55.9180405, -25.0390587], [-55.9179102, -25.0392038]]}, "properties": {"osmid": "256746264", "oneway": "False", "lanes": NaN, "ref": "PY21", "name": "Ruta Nacional PY21", "highway": "trunk", "length": 20.8, "maxspeed": NaN, "bridge": NaN, "access": NaN, "tunnel": NaN, "junction": NaN, "width": NaN, "service": NaN, "roughness": 7.0}}, {"type": "Feature", "geometry": {"type": "LineString", "coordinates": [[-55.9179102, -25.0392038], [-55.9178211, -25.0394097]]}, "properties": {"osmid": "256746264", "oneway": "False", "lanes": NaN, "ref": "PY21", "name": "Ruta Nacional PY21", "highway": "trunk", "length": 24.592, "maxspeed": NaN, "bridge": NaN, "access": NaN, "tunnel": NaN, "junction": NaN, "width": NaN, "service": NaN, "roughness": 7.0}}, {"type": "Feature", "geometry": {"type": "LineString", "coordinates": [[-55.9178211, -25.0394097], [-55.9177986, -25.0395562]]}, "properties": {"osmid": "256746264", "oneway": "False", "lanes": NaN, "ref": "PY21", "name": "Ruta Nacional PY21", "highway": "trunk", "length": 16.447, "maxspeed": NaN, "bridge": NaN, "access": NaN, "tunnel": NaN, "junction": NaN, "width": NaN, "service": NaN, "roughness": 7.0}}, {"type": "Feature", "geometry": {"type": "LineString", "coordinates": [[-55.9177986, -25.0395562], [-55.9178171, -25.0397088]]}, "properties": {"osmid": "256746264", "oneway": "False", "lanes": NaN, "ref": "PY21", "name": "Ruta Nacional PY21", "highway": "trunk", "length": 17.07, "maxspeed": NaN, "bridge": NaN, "access": NaN, "tunnel": NaN, "junction": NaN, "width": NaN, "service": NaN, "roughness": 7.0}}, {"type": "Feature", "geometry": {"type": "LineString", "coordinates": [[-55.9178171, -25.0397088], [-55.9178463, -25.0398425]]}, "properties": {"osmid": "256746264", "oneway": "False", "lanes": NaN, "ref": "PY21", "name": "Ruta Nacional PY21", "highway": "trunk", "length": 15.155, "maxspeed": NaN, "bridge": NaN, "access": NaN, "tunnel": NaN, "junction": NaN, "width": NaN, "service": NaN, "roughness": 7.0}}, {"type": "Feature", "geometry": {"type": "LineString", "coordinates": [[-55.9178463, -25.0398425], [-55.9179611, -25.0399929]]}, "properties": {"osmid": "256746264", "oneway": "False", "lanes": NaN, "ref": "PY21", "name": "Ruta Nacional PY21", "highway": "trunk", "length": 20.333, "maxspeed": NaN, "bridge": NaN, "access": NaN, "tunnel": NaN, "junction": NaN, "width": NaN, "service": NaN, "roughness": 7.0}}, {"type": "Feature", "geometry": {"type": "LineString", "coordinates": [[-55.9179611, -25.0399929], [-55.9197143, -25.0416547]]}, "properties": {"osmid": "256746264", "oneway": "False", "lanes": NaN, "ref": "PY21", "name": "Ruta Nacional PY21", "highway": "trunk", "length": 255.619, "maxspeed": NaN, "bridge": NaN, "access": NaN, "tunnel": NaN, "junction": NaN, "width": NaN, "service": NaN, "roughness": 7.0}}, {"type": "Feature", "geometry": {"type": "LineString", "coordinates": [[-55.9197143, -25.0416547], [-55.9239365, -25.0456678]]}, "properties": {"osmid": "256746264", "oneway": "False", "lanes": NaN, "ref": "PY21", "name": "Ruta Nacional PY21", "highway": "trunk", "length": 616.481, "maxspeed": NaN, "bridge": NaN, "access": NaN, "tunnel": NaN, "junction": NaN, "width": NaN, "service": NaN, "roughness": 7.0}}, {"type": "Feature", "geometry": {"type": "LineString", "coordinates": [[-55.9239365, -25.0456678], [-55.9240581, -25.0458104]]}, "properties": {"osmid": "256746264", "oneway": "False", "lanes": NaN, "ref": "PY21", "name": "Ruta Nacional PY21", "highway": "trunk", "length": 20.037, "maxspeed": NaN, "bridge": NaN, "access": NaN, "tunnel": NaN, "junction": NaN, "width": NaN, "service": NaN, "roughness": 7.0}}, {"type": "Feature", "geometry": {"type": "LineString", "coordinates": [[-55.9240581, -25.0458104], [-55.9241278, -25.0459575]]}, "properties": {"osmid": "256746264", "oneway": "False", "lanes": NaN, "ref": "PY21", "name": "Ruta Nacional PY21", "highway": "trunk", "length": 17.8, "maxspeed": NaN, "bridge": NaN, "access": NaN, "tunnel": NaN, "junction": NaN, "width": NaN, "service": NaN, "roughness": 7.0}}, {"type": "Feature", "geometry": {"type": "LineString", "coordinates": [[-55.9241278, -25.0459575], [-55.9242526, -25.046007]]}, "properties": {"osmid": "256745515", "oneway": "False", "lanes": "2", "ref": NaN, "name": NaN, "highway": "tertiary", "length": 13.724, "maxspeed": NaN, "bridge": NaN, "access": NaN, "tunnel": NaN, "junction": NaN, "width": NaN, "service": NaN, "roughness": 7.0}}, {"type": "Feature", "geometry": {"type": "LineString", "coordinates": [[-55.9242526, -25.046007], [-55.9262354, -25.0479065]]}, "properties": {"osmid": "256745515", "oneway": "False", "lanes": "2", "ref": NaN, "name": NaN, "highway": "tertiary", "length": 290.705, "maxspeed": NaN, "bridge": NaN, "access": NaN, "tunnel": NaN, "junction": NaN, "width": NaN, "service": NaN, "roughness": 7.0}}, {"type": "Feature", "geometry": {"type": "LineString", "coordinates": [[-55.9262354, -25.0479065], [-55.9269039, -25.0485589]]}, "properties": {"osmid": "256745515", "oneway": "False", "lanes": "2", "ref": NaN, "name": NaN, "highway": "tertiary", "length": 98.983, "maxspeed": NaN, "bridge": NaN, "access": NaN, "tunnel": NaN, "junction": NaN, "width": NaN, "service": NaN, "roughness": 7.0}}, {"type": "Feature", "geometry": {"type": "LineString", "coordinates": [[-55.9269039, -25.0485589], [-55.9285675, -25.0501825]]}, "properties": {"osmid": "256745515", "oneway": "False", "lanes": "2", "ref": NaN, "name": NaN, "highway": "tertiary", "length": 246.329, "maxspeed": NaN, "bridge": NaN, "access": NaN, "tunnel": NaN, "junction": NaN, "width": NaN, "service": NaN, "roughness": 7.0}}, {"type": "Feature", "geometry": {"type": "LineString", "coordinates": [[-55.9285675, -25.0501825], [-55.9287392, -25.0503501]]}, "properties": {"osmid": "256745515", "oneway": "False", "lanes": "2", "ref": NaN, "name": NaN, "highway": "tertiary", "length": 25.426, "maxspeed": NaN, "bridge": NaN, "access": NaN, "tunnel": NaN, "junction": NaN, "width": NaN, "service": NaN, "roughness": 7.0}}, {"type": "Feature", "geometry": {"type": "LineString", "coordinates": [[-55.9287392, -25.0503501], [-55.9287317, -25.0504774]]}, "properties": {"osmid": "256749634", "oneway": "False", "lanes": "2", "ref": NaN, "name": "General D\u00e1z", "highway": "tertiary", "length": 14.175, "maxspeed": NaN, "bridge": NaN, "access": NaN, "tunnel": NaN, "junction": NaN, "width": NaN, "service": NaN, "roughness": 7.0}}, {"type": "Feature", "geometry": {"type": "LineString", "coordinates": [[-55.9287317, -25.0504774], [-55.9286383, -25.0506131]]}, "properties": {"osmid": "256749634", "oneway": "False", "lanes": "2", "ref": NaN, "name": "General D\u00e1z", "highway": "tertiary", "length": 17.782, "maxspeed": NaN, "bridge": NaN, "access": NaN, "tunnel": NaN, "junction": NaN, "width": NaN, "service": NaN, "roughness": 7.0}}, {"type": "Feature", "geometry": {"type": "LineString", "coordinates": [[-55.9286383, -25.0506131], [-55.928468, -25.0507786]]}, "properties": {"osmid": "256749634", "oneway": "False", "lanes": "2", "ref": NaN, "name": "General D\u00e1z", "highway": "tertiary", "length": 25.159, "maxspeed": NaN, "bridge": NaN, "access": NaN, "tunnel": NaN, "junction": NaN, "width": NaN, "service": NaN, "roughness": 7.0}}, {"type": "Feature", "geometry": {"type": "LineString", "coordinates": [[-55.928468, -25.0507786], [-55.9280349, -25.0512222]]}, "properties": {"osmid": "256749634", "oneway": "False", "lanes": "2", "ref": NaN, "name": "General D\u00e1z", "highway": "tertiary", "length": 65.852, "maxspeed": NaN, "bridge": NaN, "access": NaN, "tunnel": NaN, "junction": NaN, "width": NaN, "service": NaN, "roughness": 7.0}}, {"type": "Feature", "geometry": {"type": "LineString", "coordinates": [[-55.9280349, -25.0512222], [-55.9278993, -25.0513294]]}, "properties": {"osmid": "256749634", "oneway": "False", "lanes": "2", "ref": NaN, "name": "General D\u00e1z", "highway": "tertiary", "length": 18.129, "maxspeed": NaN, "bridge": NaN, "access": NaN, "tunnel": NaN, "junction": NaN, "width": NaN, "service": NaN, "roughness": 7.0}}, {"type": "Feature", "geometry": {"type": "LineString", "coordinates": [[-55.9278993, -25.0513294], [-55.9271028, -25.051959]]}, "properties": {"osmid": "256749634", "oneway": "False", "lanes": "2", "ref": NaN, "name": "General D\u00e1z", "highway": "tertiary", "length": 106.484, "maxspeed": NaN, "bridge": NaN, "access": NaN, "tunnel": NaN, "junction": NaN, "width": NaN, "service": NaN, "roughness": 7.0}}, {"type": "Feature", "geometry": {"type": "LineString", "coordinates": [[-55.9271028, -25.051959], [-55.9264101, -25.0525067]]}, "properties": {"osmid": "256749634", "oneway": "False", "lanes": "2", "ref": NaN, "name": "General D\u00e1z", "highway": "tertiary", "length": 92.618, "maxspeed": NaN, "bridge": NaN, "access": NaN, "tunnel": NaN, "junction": NaN, "width": NaN, "service": NaN, "roughness": 7.0}}, {"type": "Feature", "geometry": {"type": "LineString", "coordinates": [[-55.9264101, -25.0525067], [-55.9262781, -25.052611]]}, "properties": {"osmid": "256749634", "oneway": "False", "lanes": "2", "ref": NaN, "name": "General D\u00e1z", "highway": "tertiary", "length": 17.644, "maxspeed": NaN, "bridge": NaN, "access": NaN, "tunnel": NaN, "junction": NaN, "width": NaN, "service": NaN, "roughness": 7.0}}, {"type": "Feature", "geometry": {"type": "LineString", "coordinates": [[-55.9262781, -25.052611], [-55.924728, -25.0538365]]}, "properties": {"osmid": "256749634", "oneway": "False", "lanes": "2", "ref": NaN, "name": "General D\u00e1z", "highway": "tertiary", "length": 207.247, "maxspeed": NaN, "bridge": NaN, "access": NaN, "tunnel": NaN, "junction": NaN, "width": NaN, "service": NaN, "roughness": 7.0}}, {"type": "Feature", "geometry": {"type": "LineString", "coordinates": [[-55.924728, -25.0538365], [-55.9245693, -25.053899]]}, "properties": {"osmid": "256749676", "oneway": "True", "lanes": "1", "ref": NaN, "name": "General D\u00e1z", "highway": "tertiary", "length": 17.432, "maxspeed": NaN, "bridge": NaN, "access": NaN, "tunnel": NaN, "junction": NaN, "width": NaN, "service": NaN, "roughness": 7.0}}, {"type": "Feature", "geometry": {"type": "LineString", "coordinates": [[-55.9245693, -25.053899], [-55.923884, -25.0544469]]}, "properties": {"osmid": "256749676", "oneway": "True", "lanes": "1", "ref": NaN, "name": "General D\u00e1z", "highway": "tertiary", "length": 92.071, "maxspeed": NaN, "bridge": NaN, "access": NaN, "tunnel": NaN, "junction": NaN, "width": NaN, "service": NaN, "roughness": 7.0}}, {"type": "Feature", "geometry": {"type": "LineString", "coordinates": [[-55.923884, -25.0544469], [-55.9231493, -25.0550346]]}, "properties": {"osmid": "256749676", "oneway": "True", "lanes": "1", "ref": NaN, "name": "General D\u00e1z", "highway": "tertiary", "length": 98.73, "maxspeed": NaN, "bridge": NaN, "access": NaN, "tunnel": NaN, "junction": NaN, "width": NaN, "service": NaN, "roughness": 7.0}}, {"type": "Feature", "geometry": {"type": "LineString", "coordinates": [[-55.9231493, -25.0550346], [-55.9222951, -25.0557178]]}, "properties": {"osmid": "256749676", "oneway": "True", "lanes": "1", "ref": NaN, "name": "General D\u00e1z", "highway": "tertiary", "length": 114.782, "maxspeed": NaN, "bridge": NaN, "access": NaN, "tunnel": NaN, "junction": NaN, "width": NaN, "service": NaN, "roughness": 7.0}}, {"type": "Feature", "geometry": {"type": "LineString", "coordinates": [[-55.9222951, -25.0557178], [-55.9213994, -25.0564343]]}, "properties": {"osmid": "256749676", "oneway": "True", "lanes": "1", "ref": NaN, "name": "General D\u00e1z", "highway": "tertiary", "length": 120.366, "maxspeed": NaN, "bridge": NaN, "access": NaN, "tunnel": NaN, "junction": NaN, "width": NaN, "service": NaN, "roughness": 7.0}}, {"type": "Feature", "geometry": {"type": "LineString", "coordinates": [[-55.9213994, -25.0564343], [-55.9213199, -25.0564978]]}, "properties": {"osmid": "256749676", "oneway": "True", "lanes": "1", "ref": NaN, "name": "General D\u00e1z", "highway": "tertiary", "length": 10.676, "maxspeed": NaN, "bridge": NaN, "access": NaN, "tunnel": NaN, "junction": NaN, "width": NaN, "service": NaN, "roughness": 7.0}}, {"type": "Feature", "geometry": {"type": "LineString", "coordinates": [[-55.9213199, -25.0564978], [-55.9203201, -25.0572975]]}, "properties": {"osmid": "256749676", "oneway": "True", "lanes": "1", "ref": NaN, "name": "General D\u00e1z", "highway": "tertiary", "length": 134.349, "maxspeed": NaN, "bridge": NaN, "access": NaN, "tunnel": NaN, "junction": NaN, "width": NaN, "service": NaN, "roughness": 7.0}}, {"type": "Feature", "geometry": {"type": "LineString", "coordinates": [[-55.9203201, -25.0572975], [-55.9202439, -25.0573585]]}, "properties": {"osmid": "256749676", "oneway": "True", "lanes": "1", "ref": NaN, "name": "General D\u00e1z", "highway": "tertiary", "length": 10.243, "maxspeed": NaN, "bridge": NaN, "access": NaN, "tunnel": NaN, "junction": NaN, "width": NaN, "service": NaN, "roughness": 7.0}}, {"type": "Feature", "geometry": {"type": "LineString", "coordinates": [[-55.9202439, -25.0573585], [-55.9202064, -25.0574314]]}, "properties": {"osmid": "256749676", "oneway": "True", "lanes": "1", "ref": NaN, "name": "General D\u00e1z", "highway": "tertiary", "length": 8.943, "maxspeed": NaN, "bridge": NaN, "access": NaN, "tunnel": NaN, "junction": NaN, "width": NaN, "service": NaN, "roughness": 7.0}}, {"type": "Feature", "geometry": {"type": "LineString", "coordinates": [[-55.9202064, -25.0574314], [-55.9198176, -25.0577368]]}, "properties": {"osmid": "256749686", "oneway": "False", "lanes": "2", "ref": NaN, "name": "General D\u00e1z", "highway": "tertiary", "length": 51.836, "maxspeed": NaN, "bridge": NaN, "access": NaN, "tunnel": NaN, "junction": NaN, "width": NaN, "service": NaN, "roughness": 7.0}}, {"type": "Feature", "geometry": {"type": "LineString", "coordinates": [[-55.9198176, -25.0577368], [-55.9191656, -25.058249]]}, "properties": {"osmid": "256749686", "oneway": "False", "lanes": "2", "ref": NaN, "name": "General D\u00e1z", "highway": "tertiary", "length": 86.931, "maxspeed": NaN, "bridge": NaN, "access": NaN, "tunnel": NaN, "junction": NaN, "width": NaN, "service": NaN, "roughness": 7.0}}, {"type": "Feature", "geometry": {"type": "LineString", "coordinates": [[-55.9191656, -25.058249], [-55.9189135, -25.058447]]}, "properties": {"osmid": "256749686", "oneway": "False", "lanes": "2", "ref": NaN, "name": "General D\u00e1z", "highway": "tertiary", "length": 33.609, "maxspeed": NaN, "bridge": NaN, "access": NaN, "tunnel": NaN, "junction": NaN, "width": NaN, "service": NaN, "roughness": 7.0}}, {"type": "Feature", "geometry": {"type": "LineString", "coordinates": [[-55.9189135, -25.058447], [-55.9186675, -25.0586391]]}, "properties": {"osmid": "256749686", "oneway": "False", "lanes": "2", "ref": NaN, "name": "General D\u00e1z", "highway": "tertiary", "length": 32.715, "maxspeed": NaN, "bridge": NaN, "access": NaN, "tunnel": NaN, "junction": NaN, "width": NaN, "service": NaN, "roughness": 7.0}}, {"type": "Feature", "geometry": {"type": "LineString", "coordinates": [[-55.9186675, -25.0586391], [-55.9165674, -25.0602794]]}, "properties": {"osmid": "256749686", "oneway": "False", "lanes": "2", "ref": NaN, "name": "General D\u00e1z", "highway": "tertiary", "length": 279.314, "maxspeed": NaN, "bridge": NaN, "access": NaN, "tunnel": NaN, "junction": NaN, "width": NaN, "service": NaN, "roughness": 7.0}}, {"type": "Feature", "geometry": {"type": "LineString", "coordinates": [[-55.9165674, -25.0602794], [-55.9177181, -25.0607752]]}, "properties": {"osmid": "256766742", "oneway": "False", "lanes": "2", "ref": "PY13", "name": "Ruta Nacional 13", "highway": "trunk", "length": 128.35, "maxspeed": NaN, "bridge": NaN, "access": NaN, "tunnel": NaN, "junction": NaN, "width": NaN, "service": NaN, "roughness": 7.0}}, {"type": "Feature", "geometry": {"type": "LineString", "coordinates": [[-55.9177181, -25.0607752], [-55.9186594, -25.0611808]]}, "properties": {"osmid": "256766742", "oneway": "False", "lanes": "2", "ref": "PY13", "name": "Ruta Nacional 13", "highway": "trunk", "length": 104.994, "maxspeed": NaN, "bridge": NaN, "access": NaN, "tunnel": NaN, "junction": NaN, "width": NaN, "service": NaN, "roughness": 7.0}}, {"type": "Feature", "geometry": {"type": "LineString", "coordinates": [[-55.9186594, -25.0611808], [-55.9192491, -25.0614349]]}, "properties": {"osmid": "256766742", "oneway": "False", "lanes": "2", "ref": "PY13", "name": "Ruta Nacional 13", "highway": "trunk", "length": 65.776, "maxspeed": NaN, "bridge": NaN, "access": NaN, "tunnel": NaN, "junction": NaN, "width": NaN, "service": NaN, "roughness": 7.0}}, {"type": "Feature", "geometry": {"type": "LineString", "coordinates": [[-55.9192491, -25.0614349], [-55.9194516, -25.0615527]]}, "properties": {"osmid": "256766742", "oneway": "False", "lanes": "2", "ref": "PY13", "name": "Ruta Nacional 13", "highway": "trunk", "length": 24.241, "maxspeed": NaN, "bridge": NaN, "access": NaN, "tunnel": NaN, "junction": NaN, "width": NaN, "service": NaN, "roughness": 7.0}}, {"type": "Feature", "geometry": {"type": "LineString", "coordinates": [[-55.9194516, -25.0615527], [-55.9195901, -25.0616335]]}, "properties": {"osmid": "256809285", "oneway": "False", "lanes": "2", "ref": "PY13", "name": "Ruta Nacional 13", "highway": "trunk", "length": 16.593, "maxspeed": NaN, "bridge": NaN, "access": NaN, "tunnel": NaN, "junction": NaN, "width": NaN, "service": NaN, "roughness": 7.0}}, {"type": "Feature", "geometry": {"type": "LineString", "coordinates": [[-55.9195901, -25.0616335], [-55.9201609, -25.0620008]]}, "properties": {"osmid": "256749683", "oneway": "False", "lanes": "2", "ref": "PY13", "name": "Ruta Nacional 13", "highway": "trunk", "length": 70.524, "maxspeed": NaN, "bridge": NaN, "access": NaN, "tunnel": NaN, "junction": NaN, "width": NaN, "service": NaN, "roughness": 7.0}}, {"type": "Feature", "geometry": {"type": "LineString", "coordinates": [[-55.9201609, -25.0620008], [-55.9207058, -25.0623898]]}, "properties": {"osmid": "256749683", "oneway": "False", "lanes": "2", "ref": "PY13", "name": "Ruta Nacional 13", "highway": "trunk", "length": 69.881, "maxspeed": NaN, "bridge": NaN, "access": NaN, "tunnel": NaN, "junction": NaN, "width": NaN, "service": NaN, "roughness": 7.0}}, {"type": "Feature", "geometry": {"type": "LineString", "coordinates": [[-55.9207058, -25.0623898], [-55.9213035, -25.0629182]]}, "properties": {"osmid": "256749683", "oneway": "False", "lanes": "2", "ref": "PY13", "name": "Ruta Nacional 13", "highway": "trunk", "length": 84.123, "maxspeed": NaN, "bridge": NaN, "access": NaN, "tunnel": NaN, "junction": NaN, "width": NaN, "service": NaN, "roughness": 7.0}}, {"type": "Feature", "geometry": {"type": "LineString", "coordinates": [[-55.9213035, -25.0629182], [-55.9226018, -25.0641804]]}, "properties": {"osmid": "256749683", "oneway": "False", "lanes": "2", "ref": "PY13", "name": "Ruta Nacional 13", "highway": "trunk", "length": 191.831, "maxspeed": NaN, "bridge": NaN, "access": NaN, "tunnel": NaN, "junction": NaN, "width": NaN, "service": NaN, "roughness": 7.0}}]}