{"type": "FeatureCollection", "features": [{"type": "Feature", "geometry": {"type": "LineString", "coordinates": [[-56.8332226, -26.9649892], [-56.8317478, -26.9664082]]}, "properties": {"osmid": "606070752", "oneway": "False", "lanes": "2", "ref": "PY01", "name": "Ruta Nacional Mariscal L\u00f3pez", "highway": "trunk", "length": 215.08, "maxspeed": NaN, "bridge": NaN, "access": NaN, "tunnel": NaN, "junction": NaN, "width": NaN, "service": NaN, "roughness": 7.0}}, {"type": "Feature", "geometry": {"type": "LineString", "coordinates": [[-56.8317478, -26.9664082], [-56.8305407, -26.9672716]]}, "properties": {"osmid": "606070752", "oneway": "False", "lanes": "2", "ref": "PY01", "name": "Ruta Nacional Mariscal L\u00f3pez", "highway": "trunk", "length": 153.389, "maxspeed": NaN, "bridge": NaN, "access": NaN, "tunnel": NaN, "junction": NaN, "width": NaN, "service": NaN, "roughness": 7.0}}, {"type": "Feature", "geometry": {"type": "LineString", "coordinates": [[-56.8305407, -26.9672716], [-56.8296489, -26.9677936]]}, "properties": {"osmid": "606070752", "oneway": "False", "lanes": "2", "ref": "PY01", "name": "Ruta Nacional Mariscal L\u00f3pez", "highway": "trunk", "length": 105.737, "maxspeed": NaN, "bridge": NaN, "access": NaN, "tunnel": NaN, "junction": NaN, "width": NaN, "service": NaN, "roughness": 7.0}}, {"type": "Feature", "geometry": {"type": "LineString", "coordinates": [[-56.8296489, -26.9677936], [-56.8289009, -26.9682764]]}, "properties": {"osmid": "606070752", "oneway": "False", "lanes": "2", "ref": "PY01", "name": "Ruta Nacional Mariscal L\u00f3pez", "highway": "trunk", "length": 91.527, "maxspeed": NaN, "bridge": NaN, "access": NaN, "tunnel": NaN, "junction": NaN, "width": NaN, "service": NaN, "roughness": 7.0}}, {"type": "Feature", "geometry": {"type": "LineString", "coordinates": [[-56.8289009, -26.9682764], [-56.8274743, -26.9691973]]}, "properties": {"osmid": "606070752", "oneway": "False", "lanes": "2", "ref": "PY01", "name": "Ruta Nacional Mariscal L\u00f3pez", "highway": "trunk", "length": 174.568, "maxspeed": NaN, "bridge": NaN, "access": NaN, "tunnel": NaN, "junction": NaN, "width": NaN, "service": NaN, "roughness": 7.0}}, {"type": "Feature", "geometry": {"type": "LineString", "coordinates": [[-56.8274743, -26.9691973], [-56.8264962, -26.9698287]]}, "properties": {"osmid": "606070752", "oneway": "False", "lanes": "2", "ref": "PY01", "name": "Ruta Nacional Mariscal L\u00f3pez", "highway": "trunk", "length": 119.687, "maxspeed": NaN, "bridge": NaN, "access": NaN, "tunnel": NaN, "junction": NaN, "width": NaN, "service": NaN, "roughness": 7.0}}, {"type": "Feature", "geometry": {"type": "LineString", "coordinates": [[-56.8264962, -26.9698287], [-56.8253606, -26.9705618]]}, "properties": {"osmid": "606070752", "oneway": "False", "lanes": "2", "ref": "PY01", "name": "Ruta Nacional Mariscal L\u00f3pez", "highway": "trunk", "length": 138.961, "maxspeed": NaN, "bridge": NaN, "access": NaN, "tunnel": NaN, "junction": NaN, "width": NaN, "service": NaN, "roughness": 7.0}}, {"type": "Feature", "geometry": {"type": "LineString", "coordinates": [[-56.8253606, -26.9705618], [-56.8245037, -26.9711149]]}, "properties": {"osmid": "606070752", "oneway": "False", "lanes": "2", "ref": "PY01", "name": "Ruta Nacional Mariscal L\u00f3pez", "highway": "trunk", "length": 104.852, "maxspeed": NaN, "bridge": NaN, "access": NaN, "tunnel": NaN, "junction": NaN, "width": NaN, "service": NaN, "roughness": 7.0}}, {"type": "Feature", "geometry": {"type": "LineString", "coordinates": [[-56.8245037, -26.9711149], [-56.8235985, -26.9716992]]}, "properties": {"osmid": "606070752", "oneway": "False", "lanes": "2", "ref": "PY01", "name": "Ruta Nacional Mariscal L\u00f3pez", "highway": "trunk", "length": 110.763, "maxspeed": NaN, "bridge": NaN, "access": NaN, "tunnel": NaN, "junction": NaN, "width": NaN, "service": NaN, "roughness": 7.0}}, {"type": "Feature", "geometry": {"type": "LineString", "coordinates": [[-56.8235985, -26.9716992], [-56.8234479, -26.9718069]]}, "properties": {"osmid": "606070752", "oneway": "False", "lanes": "2", "ref": "PY01", "name": "Ruta Nacional Mariscal L\u00f3pez", "highway": "trunk", "length": 19.135, "maxspeed": NaN, "bridge": NaN, "access": NaN, "tunnel": NaN, "junction": NaN, "width": NaN, "service": NaN, "roughness": 7.0}}, {"type": "Feature", "geometry": {"type": "LineString", "coordinates": [[-56.8234479, -26.9718069], [-56.8232809, -26.9719264]]}, "properties": {"osmid": "606070752", "oneway": "False", "lanes": "2", "ref": "PY01", "name": "Ruta Nacional Mariscal L\u00f3pez", "highway": "trunk", "length": 21.224, "maxspeed": NaN, "bridge": NaN, "access": NaN, "tunnel": NaN, "junction": NaN, "width": NaN, "service": NaN, "roughness": 7.0}}, {"type": "Feature", "geometry": {"type": "LineString", "coordinates": [[-56.8232809, -26.9719264], [-56.8228873, -26.9722079]]}, "properties": {"osmid": "606070752", "oneway": "False", "lanes": "2", "ref": "PY01", "name": "Ruta Nacional Mariscal L\u00f3pez", "highway": "trunk", "length": 50.012, "maxspeed": NaN, "bridge": NaN, "access": NaN, "tunnel": NaN, "junction": NaN, "width": NaN, "service": NaN, "roughness": 7.0}}, {"type": "Feature", "geometry": {"type": "LineString", "coordinates": [[-56.8228873, -26.9722079], [-56.8214468, -26.9732382]]}, "properties": {"osmid": "606070752", "oneway": "False", "lanes": "2", "ref": "PY01", "name": "Ruta Nacional Mariscal L\u00f3pez", "highway": "trunk", "length": 183.039, "maxspeed": NaN, "bridge": NaN, "access": NaN, "tunnel": NaN, "junction": NaN, "width": NaN, "service": NaN, "roughness": 7.0}}, {"type": "Feature", "geometry": {"type": "LineString", "coordinates": [[-56.8214468, -26.9732382], [-56.821059, -26.9735156]]}, "properties": {"osmid": "606070752", "oneway": "False", "lanes": "2", "ref": "PY01", "name": "Ruta Nacional Mariscal L\u00f3pez", "highway": "trunk", "length": 49.278, "maxspeed": NaN, "bridge": NaN, "access": NaN, "tunnel": NaN, "junction": NaN, "width": NaN, "service": NaN, "roughness": 7.0}}, {"type": "Feature", "geometry": {"type": "LineString", "coordinates": [[-56.821059, -26.9735156], [-56.8151253, -26.9777595]]}, "properties": {"osmid": "606070752", "oneway": "False", "lanes": "2", "ref": "PY01", "name": "Ruta Nacional Mariscal L\u00f3pez", "highway": "trunk", "length": 753.955, "maxspeed": NaN, "bridge": NaN, "access": NaN, "tunnel": NaN, "junction": NaN, "width": NaN, "service": NaN, "roughness": 7.0}}, {"type": "Feature", "geometry": {"type": "LineString", "coordinates": [[-56.8151253, -26.9777595], [-56.7980704, -26.9898991]]}, "properties": {"osmid": "606070752", "oneway": "False", "lanes": "2", "ref": "PY01", "name": "Ruta Nacional Mariscal L\u00f3pez", "highway": "trunk", "length": 2162.896, "maxspeed": NaN, "bridge": NaN, "access": NaN, "tunnel": NaN, "junction": NaN, "width": NaN, "service": NaN, "roughness": 7.0}}, {"type": "Feature", "geometry": {"type": "LineString", "coordinates": [[-56.7980704, -26.9898991], [-56.7955053, -26.9916547]]}, "properties": {"osmid": "606070752", "oneway": "False", "lanes": "2", "ref": "PY01", "name": "Ruta Nacional Mariscal L\u00f3pez", "highway": "trunk", "length": 320.477, "maxspeed": NaN, "bridge": NaN, "access": NaN, "tunnel": NaN, "junction": NaN, "width": NaN, "service": NaN, "roughness": 7.0}}, {"type": "Feature", "geometry": {"type": "LineString", "coordinates": [[-56.7955053, -26.9916547], [-56.7932002, -26.9928518]]}, "properties": {"osmid": "606070752", "oneway": "False", "lanes": "2", "ref": "PY01", "name": "Ruta Nacional Mariscal L\u00f3pez", "highway": "trunk", "length": 264.354, "maxspeed": NaN, "bridge": NaN, "access": NaN, "tunnel": NaN, "junction": NaN, "width": NaN, "service": NaN, "roughness": 7.0}}, {"type": "Feature", "geometry": {"type": "LineString", "coordinates": [[-56.7932002, -26.9928518], [-56.7915548, -26.9937064]]}, "properties": {"osmid": "606070752", "oneway": "False", "lanes": "2", "ref": "PY01", "name": "Ruta Nacional Mariscal L\u00f3pez", "highway": "trunk", "length": 188.702, "maxspeed": NaN, "bridge": NaN, "access": NaN, "tunnel": NaN, "junction": NaN, "width": NaN, "service": NaN, "roughness": 7.0}}, {"type": "Feature", "geometry": {"type": "LineString", "coordinates": [[-56.7915548, -26.9937064], [-56.7903408, -26.9943306]]}, "properties": {"osmid": "170706999", "oneway": "False", "lanes": "2", "ref": "PY01", "name": "Ruta Nacional Mariscal L\u00f3pez", "highway": "trunk", "length": 138.873, "maxspeed": NaN, "bridge": NaN, "access": NaN, "tunnel": NaN, "junction": NaN, "width": NaN, "service": NaN, "roughness": 7.0}}, {"type": "Feature", "geometry": {"type": "LineString", "coordinates": [[-56.7903408, -26.9943306], [-56.7872714, -26.9959089]]}, "properties": {"osmid": "170706999", "oneway": "False", "lanes": "2", "ref": "PY01", "name": "Ruta Nacional Mariscal L\u00f3pez", "highway": "trunk", "length": 351.122, "maxspeed": NaN, "bridge": NaN, "access": NaN, "tunnel": NaN, "junction": NaN, "width": NaN, "service": NaN, "roughness": 7.0}}, {"type": "Feature", "geometry": {"type": "LineString", "coordinates": [[-56.7872714, -26.9959089], [-56.7860372, -26.9965435]]}, "properties": {"osmid": "170706999", "oneway": "False", "lanes": "2", "ref": "PY01", "name": "Ruta Nacional Mariscal L\u00f3pez", "highway": "trunk", "length": 141.183, "maxspeed": NaN, "bridge": NaN, "access": NaN, "tunnel": NaN, "junction": NaN, "width": NaN, "service": NaN, "roughness": 7.0}}, {"type": "Feature", "geometry": {"type": "LineString", "coordinates": [[-56.7860372, -26.9965435], [-56.7842279, -26.997133]]}, "properties": {"osmid": "170706999", "oneway": "False", "lanes": "2", "ref": "PY01", "name": "Ruta Nacional Mariscal L\u00f3pez", "highway": "trunk", "length": 190.871, "maxspeed": NaN, "bridge": NaN, "access": NaN, "tunnel": NaN, "junction": NaN, "width": NaN, "service": NaN, "roughness": 7.0}}, {"type": "Feature", "geometry": {"type": "LineString", "coordinates": [[-56.7842279, -26.997133], [-56.7822073, -26.9972715]]}, "properties": {"osmid": "170706999", "oneway": "False", "lanes": "2", "ref": "PY01", "name": "Ruta Nacional Mariscal L\u00f3pez", "highway": "trunk", "length": 200.789, "maxspeed": NaN, "bridge": NaN, "access": NaN, "tunnel": NaN, "junction": NaN, "width": NaN, "service": NaN, "roughness": 7.0}}, {"type": "Feature", "geometry": {"type": "LineString", "coordinates": [[-56.7822073, -26.9972715], [-56.7734513, -26.9978255]]}, "properties": {"osmid": "170706999", "oneway": "False", "lanes": "2", "ref": "PY01", "name": "Ruta Nacional Mariscal L\u00f3pez", "highway": "trunk", "length": 869.709, "maxspeed": NaN, "bridge": NaN, "access": NaN, "tunnel": NaN, "junction": NaN, "width": NaN, "service": NaN, "roughness": 7.0}}, {"type": "Feature", "geometry": {"type": "LineString", "coordinates": [[-56.7734513, -26.9978255], [-56.7624502, -26.998518]]}, "properties": {"osmid": "170706999", "oneway": "False", "lanes": "2", "ref": "PY01", "name": "Ruta Nacional Mariscal L\u00f3pez", "highway": "trunk", "length": 1092.674, "maxspeed": NaN, "bridge": NaN, "access": NaN, "tunnel": NaN, "junction": NaN, "width": NaN, "service": NaN, "roughness": 7.0}}, {"type": "Feature", "geometry": {"type": "LineString", "coordinates": [[-56.7624502, -26.998518], [-56.7411846, -26.9999221]]}, "properties": {"osmid": "170706999", "oneway": "False", "lanes": "2", "ref": "PY01", "name": "Ruta Nacional Mariscal L\u00f3pez", "highway": "trunk", "length": 2112.692, "maxspeed": NaN, "bridge": NaN, "access": NaN, "tunnel": NaN, "junction": NaN, "width": NaN, "service": NaN, "roughness": 7.0}}, {"type": "Feature", "geometry": {"type": "LineString", "coordinates": [[-56.7411846, -26.9999221], [-56.7398685, -27.0001216]]}, "properties": {"osmid": "170706999", "oneway": "False", "lanes": "2", "ref": "PY01", "name": "Ruta Nacional Mariscal L\u00f3pez", "highway": "trunk", "length": 132.267, "maxspeed": NaN, "bridge": NaN, "access": NaN, "tunnel": NaN, "junction": NaN, "width": NaN, "service": NaN, "roughness": 7.0}}, {"type": "Feature", "geometry": {"type": "LineString", "coordinates": [[-56.7398685, -27.0001216], [-56.7390849, -27.000318]]}, "properties": {"osmid": "170706999", "oneway": "False", "lanes": "2", "ref": "PY01", "name": "Ruta Nacional Mariscal L\u00f3pez", "highway": "trunk", "length": 80.649, "maxspeed": NaN, "bridge": NaN, "access": NaN, "tunnel": NaN, "junction": NaN, "width": NaN, "service": NaN, "roughness": 7.0}}, {"type": "Feature", "geometry": {"type": "LineString", "coordinates": [[-56.7390849, -27.000318], [-56.7388864, -27.0003268]]}, "properties": {"osmid": "695745082", "oneway": "True", "lanes": "1", "ref": NaN, "name": NaN, "highway": "trunk_link", "length": 19.691, "maxspeed": NaN, "bridge": NaN, "access": NaN, "tunnel": NaN, "junction": NaN, "width": NaN, "service": NaN, "roughness": 7.0}}, {"type": "Feature", "geometry": {"type": "LineString", "coordinates": [[-56.7388864, -27.0003268], [-56.7387193, -27.0003284]]}, "properties": {"osmid": "695745082", "oneway": "True", "lanes": "1", "ref": NaN, "name": NaN, "highway": "trunk_link", "length": 16.556, "maxspeed": NaN, "bridge": NaN, "access": NaN, "tunnel": NaN, "junction": NaN, "width": NaN, "service": NaN, "roughness": 7.0}}, {"type": "Feature", "geometry": {"type": "LineString", "coordinates": [[-56.7387193, -27.0003284], [-56.7385814, -27.0003185]]}, "properties": {"osmid": "695745082", "oneway": "True", "lanes": "1", "ref": NaN, "name": NaN, "highway": "trunk_link", "length": 13.707, "maxspeed": NaN, "bridge": NaN, "access": NaN, "tunnel": NaN, "junction": NaN, "width": NaN, "service": NaN, "roughness": 7.0}}, {"type": "Feature", "geometry": {"type": "LineString", "coordinates": [[-56.7385814, -27.0003185], [-56.7384869, -27.0002946]]}, "properties": {"osmid": "695745082", "oneway": "True", "lanes": "1", "ref": NaN, "name": NaN, "highway": "trunk_link", "length": 9.732, "maxspeed": NaN, "bridge": NaN, "access": NaN, "tunnel": NaN, "junction": NaN, "width": NaN, "service": NaN, "roughness": 7.0}}, {"type": "Feature", "geometry": {"type": "LineString", "coordinates": [[-56.7384869, -27.0002946], [-56.7383881, -27.000248]]}, "properties": {"osmid": "695745082", "oneway": "True", "lanes": "1", "ref": NaN, "name": NaN, "highway": "trunk_link", "length": 11.076, "maxspeed": NaN, "bridge": NaN, "access": NaN, "tunnel": NaN, "junction": NaN, "width": NaN, "service": NaN, "roughness": 7.0}}, {"type": "Feature", "geometry": {"type": "LineString", "coordinates": [[-56.7383881, -27.000248], [-56.7382214, -27.0001139]]}, "properties": {"osmid": "695745084", "oneway": "True", "lanes": "1", "ref": "D059", "name": "Ruta Departamental 59", "highway": "tertiary", "length": 22.251, "maxspeed": "20", "bridge": NaN, "access": NaN, "tunnel": NaN, "junction": NaN, "width": NaN, "service": NaN, "roughness": 7.0}}, {"type": "Feature", "geometry": {"type": "LineString", "coordinates": [[-56.7382214, -27.0001139], [-56.7379702, -26.9998751]]}, "properties": {"osmid": "695745084", "oneway": "True", "lanes": "1", "ref": "D059", "name": "Ruta Departamental 59", "highway": "tertiary", "length": 36.393, "maxspeed": "20", "bridge": NaN, "access": NaN, "tunnel": NaN, "junction": NaN, "width": NaN, "service": NaN, "roughness": 7.0}}, {"type": "Feature", "geometry": {"type": "LineString", "coordinates": [[-56.7379702, -26.9998751], [-56.7303198, -26.990786]]}, "properties": {"osmid": "244362758", "oneway": "False", "lanes": "2", "ref": "D059", "name": "Ruta Departamental 59", "highway": "tertiary", "length": 1263.33, "maxspeed": NaN, "bridge": NaN, "access": NaN, "tunnel": NaN, "junction": NaN, "width": NaN, "service": NaN, "roughness": 7.0}}, {"type": "Feature", "geometry": {"type": "LineString", "coordinates": [[-56.7303198, -26.990786], [-56.7300525, -26.9906669]]}, "properties": {"osmid": "244362758", "oneway": "False", "lanes": "2", "ref": "D059", "name": "Ruta Departamental 59", "highway": "tertiary", "length": 29.612, "maxspeed": NaN, "bridge": NaN, "access": NaN, "tunnel": NaN, "junction": NaN, "width": NaN, "service": NaN, "roughness": 7.0}}, {"type": "Feature", "geometry": {"type": "LineString", "coordinates": [[-56.7300525, -26.9906669], [-56.7270341, -26.9923542]]}, "properties": {"osmid": "244362758", "oneway": "False", "lanes": "2", "ref": "D059", "name": "Ruta Departamental 59", "highway": "tertiary", "length": 353.051, "maxspeed": NaN, "bridge": NaN, "access": NaN, "tunnel": NaN, "junction": NaN, "width": NaN, "service": NaN, "roughness": 7.0}}, {"type": "Feature", "geometry": {"type": "LineString", "coordinates": [[-56.7270341, -26.9923542], [-56.7235256, -26.9872527]]}, "properties": {"osmid": "244362758", "oneway": "False", "lanes": "2", "ref": "D059", "name": "Ruta Departamental 59", "highway": "tertiary", "length": 665.311, "maxspeed": NaN, "bridge": NaN, "access": NaN, "tunnel": NaN, "junction": NaN, "width": NaN, "service": NaN, "roughness": 7.0}}, {"type": "Feature", "geometry": {"type": "LineString", "coordinates": [[-56.7235256, -26.9872527], [-56.7224786, -26.9855754]]}, "properties": {"osmid": "244362758", "oneway": "False", "lanes": "2", "ref": "D059", "name": "Ruta Departamental 59", "highway": "tertiary", "length": 213.42, "maxspeed": NaN, "bridge": NaN, "access": NaN, "tunnel": NaN, "junction": NaN, "width": NaN, "service": NaN, "roughness": 7.0}}, {"type": "Feature", "geometry": {"type": "LineString", "coordinates": [[-56.7224786, -26.9855754], [-56.7209973, -26.9828359]]}, "properties": {"osmid": "244362758", "oneway": "False", "lanes": "2", "ref": "D059", "name": "Ruta Departamental 59", "highway": "tertiary", "length": 338.138, "maxspeed": NaN, "bridge": NaN, "access": NaN, "tunnel": NaN, "junction": NaN, "width": NaN, "service": NaN, "roughness": 7.0}}, {"type": "Feature", "geometry": {"type": "LineString", "coordinates": [[-56.7209973, -26.9828359], [-56.7195605, -26.9780517]]}, "properties": {"osmid": "244362758", "oneway": "False", "lanes": "2", "ref": "D059", "name": "Ruta Departamental 59", "highway": "tertiary", "length": 550.703, "maxspeed": NaN, "bridge": NaN, "access": NaN, "tunnel": NaN, "junction": NaN, "width": NaN, "service": NaN, "roughness": 7.0}}, {"type": "Feature", "geometry": {"type": "LineString", "coordinates": [[-56.7195605, -26.9780517], [-56.7164752, -26.9744783]]}, "properties": {"osmid": "244362758", "oneway": "False", "lanes": "2", "ref": "D059", "name": "Ruta Departamental 59", "highway": "tertiary", "length": 501.359, "maxspeed": NaN, "bridge": NaN, "access": NaN, "tunnel": NaN, "junction": NaN, "width": NaN, "service": NaN, "roughness": 7.0}}, {"type": "Feature", "geometry": {"type": "LineString", "coordinates": [[-56.7164752, -26.9744783], [-56.7174999, -26.9703092]]}, "properties": {"osmid": "244362758", "oneway": "False", "lanes": "2", "ref": "D059", "name": "Ruta Departamental 59", "highway": "tertiary", "length": 474.575, "maxspeed": NaN, "bridge": NaN, "access": NaN, "tunnel": NaN, "junction": NaN, "width": NaN, "service": NaN, "roughness": 7.0}}, {"type": "Feature", "geometry": {"type": "LineString", "coordinates": [[-56.7174999, -26.9703092], [-56.7183798, -26.9652663]]}, "properties": {"osmid": "244362758", "oneway": "False", "lanes": "2", "ref": "D059", "name": "Ruta Departamental 59", "highway": "tertiary", "length": 567.486, "maxspeed": NaN, "bridge": NaN, "access": NaN, "tunnel": NaN, "junction": NaN, "width": NaN, "service": NaN, "roughness": 7.0}}, {"type": "Feature", "geometry": {"type": "LineString", "coordinates": [[-56.7183798, -26.9652663], [-56.7185914, -26.9634695]]}, "properties": {"osmid": "244362758", "oneway": "False", "lanes": "2", "ref": "D059", "name": "Ruta Departamental 59", "highway": "tertiary", "length": 200.893, "maxspeed": NaN, "bridge": NaN, "access": NaN, "tunnel": NaN, "junction": NaN, "width": NaN, "service": NaN, "roughness": 7.0}}, {"type": "Feature", "geometry": {"type": "LineString", "coordinates": [[-56.7185914, -26.9634695], [-56.7174108, -26.9619407]]}, "properties": {"osmid": "244362758", "oneway": "False", "lanes": "2", "ref": "D059", "name": "Ruta Departamental 59", "highway": "tertiary", "length": 206.371, "maxspeed": NaN, "bridge": NaN, "access": NaN, "tunnel": NaN, "junction": NaN, "width": NaN, "service": NaN, "roughness": 7.0}}, {"type": "Feature", "geometry": {"type": "LineString", "coordinates": [[-56.7174108, -26.9619407], [-56.7169764, -26.959568]]}, "properties": {"osmid": "244362758", "oneway": "False", "lanes": "2", "ref": "D059", "name": "Ruta Departamental 59", "highway": "tertiary", "length": 267.322, "maxspeed": NaN, "bridge": NaN, "access": NaN, "tunnel": NaN, "junction": NaN, "width": NaN, "service": NaN, "roughness": 7.0}}, {"type": "Feature", "geometry": {"type": "LineString", "coordinates": [[-56.7169764, -26.959568], [-56.7172326, -26.9589723]]}, "properties": {"osmid": "244362758", "oneway": "False", "lanes": "2", "ref": "D059", "name": "Ruta Departamental 59", "highway": "tertiary", "length": 70.939, "maxspeed": NaN, "bridge": NaN, "access": NaN, "tunnel": NaN, "junction": NaN, "width": NaN, "service": NaN, "roughness": 7.0}}, {"type": "Feature", "geometry": {"type": "LineString", "coordinates": [[-56.7172326, -26.9589723], [-56.7221556, -26.9565202]]}, "properties": {"osmid": "244362758", "oneway": "False", "lanes": "2", "ref": "D059", "name": "Ruta Departamental 59", "highway": "tertiary", "length": 558.947, "maxspeed": NaN, "bridge": NaN, "access": NaN, "tunnel": NaN, "junction": NaN, "width": NaN, "service": NaN, "roughness": 7.0}}, {"type": "Feature", "geometry": {"type": "LineString", "coordinates": [[-56.7221556, -26.9565202], [-56.726544, -26.9551303]]}, "properties": {"osmid": "244362758", "oneway": "False", "lanes": "2", "ref": "D059", "name": "Ruta Departamental 59", "highway": "tertiary", "length": 461.596, "maxspeed": NaN, "bridge": NaN, "access": NaN, "tunnel": NaN, "junction": NaN, "width": NaN, "service": NaN, "roughness": 7.0}}, {"type": "Feature", "geometry": {"type": "LineString", "coordinates": [[-56.726544, -26.9551303], [-56.7317677, -26.9519235]]}, "properties": {"osmid": "244362758", "oneway": "False", "lanes": "2", "ref": "D059", "name": "Ruta Departamental 59", "highway": "tertiary", "length": 628.665, "maxspeed": NaN, "bridge": NaN, "access": NaN, "tunnel": NaN, "junction": NaN, "width": NaN, "service": NaN, "roughness": 7.0}}, {"type": "Feature", "geometry": {"type": "LineString", "coordinates": [[-56.7317677, -26.9519235], [-56.7322912, -26.9502754]]}, "properties": {"osmid": "244362758", "oneway": "False", "lanes": "2", "ref": "D059", "name": "Ruta Departamental 59", "highway": "tertiary", "length": 190.465, "maxspeed": NaN, "bridge": NaN, "access": NaN, "tunnel": NaN, "junction": NaN, "width": NaN, "service": NaN, "roughness": 7.0}}, {"type": "Feature", "geometry": {"type": "LineString", "coordinates": [[-56.7322912, -26.9502754], [-56.7333382, -26.9505434]]}, "properties": {"osmid": "244362758", "oneway": "False", "lanes": "2", "ref": "D059", "name": "Ruta Departamental 59", "highway": "tertiary", "length": 107.972, "maxspeed": NaN, "bridge": NaN, "access": NaN, "tunnel": NaN, "junction": NaN, "width": NaN, "service": NaN, "roughness": 7.0}}]}