{"type": "FeatureCollection", "features": [{"type": "Feature", "geometry": {"type": "LineString", "coordinates": [[-55.8080727, -26.1010709], [-55.8080646, -26.1006576]]}, "properties": {"osmid": "545254180", "oneway": "False", "lanes": NaN, "ref": NaN, "name": NaN, "highway": "unclassified", "length": 45.964, "maxspeed": NaN, "bridge": NaN, "access": NaN, "tunnel": NaN, "junction": NaN, "width": NaN, "service": NaN, "roughness": 3.0}}, {"type": "Feature", "geometry": {"type": "LineString", "coordinates": [[-55.8080646, -26.1006576], [-55.8081615, -26.0988303]]}, "properties": {"osmid": "545254180", "oneway": "False", "lanes": NaN, "ref": NaN, "name": NaN, "highway": "unclassified", "length": 203.417, "maxspeed": NaN, "bridge": NaN, "access": NaN, "tunnel": NaN, "junction": NaN, "width": NaN, "service": NaN, "roughness": 3.0}}, {"type": "Feature", "geometry": {"type": "LineString", "coordinates": [[-55.8081615, -26.0988303], [-55.8082261, -26.0961762]]}, "properties": {"osmid": "545254180", "oneway": "False", "lanes": NaN, "ref": NaN, "name": NaN, "highway": "unclassified", "length": 295.193, "maxspeed": NaN, "bridge": NaN, "access": NaN, "tunnel": NaN, "junction": NaN, "width": NaN, "service": NaN, "roughness": 3.0}}, {"type": "Feature", "geometry": {"type": "LineString", "coordinates": [[-55.8082261, -26.0961762], [-55.8083069, -26.0931595]]}, "properties": {"osmid": "545254180", "oneway": "False", "lanes": NaN, "ref": NaN, "name": NaN, "highway": "unclassified", "length": 335.539, "maxspeed": NaN, "bridge": NaN, "access": NaN, "tunnel": NaN, "junction": NaN, "width": NaN, "service": NaN, "roughness": 3.0}}, {"type": "Feature", "geometry": {"type": "LineString", "coordinates": [[-55.8083069, -26.0931595], [-55.8083802, -26.0919007]]}, "properties": {"osmid": "545254180", "oneway": "False", "lanes": NaN, "ref": NaN, "name": NaN, "highway": "unclassified", "length": 140.164, "maxspeed": NaN, "bridge": NaN, "access": NaN, "tunnel": NaN, "junction": NaN, "width": NaN, "service": NaN, "roughness": 3.0}}, {"type": "Feature", "geometry": {"type": "LineString", "coordinates": [[-55.8083802, -26.0919007], [-55.811327, -26.0919357]]}, "properties": {"osmid": "531434045", "oneway": "False", "lanes": "2", "ref": NaN, "name": NaN, "highway": "unclassified", "length": 294.302, "maxspeed": NaN, "bridge": NaN, "access": NaN, "tunnel": NaN, "junction": NaN, "width": NaN, "service": NaN, "roughness": 3.0}}, {"type": "Feature", "geometry": {"type": "LineString", "coordinates": [[-55.811327, -26.0919357], [-55.8204172, -26.0921493]]}, "properties": {"osmid": "531434045", "oneway": "False", "lanes": "2", "ref": NaN, "name": NaN, "highway": "unclassified", "length": 908.086, "maxspeed": NaN, "bridge": NaN, "access": NaN, "tunnel": NaN, "junction": NaN, "width": NaN, "service": NaN, "roughness": 3.0}}, {"type": "Feature", "geometry": {"type": "LineString", "coordinates": [[-55.8204172, -26.0921493], [-55.8223575, -26.0921885]]}, "properties": {"osmid": "531434045", "oneway": "False", "lanes": "2", "ref": NaN, "name": NaN, "highway": "unclassified", "length": 193.813, "maxspeed": NaN, "bridge": NaN, "access": NaN, "tunnel": NaN, "junction": NaN, "width": NaN, "service": NaN, "roughness": 3.0}}, {"type": "Feature", "geometry": {"type": "LineString", "coordinates": [[-55.8223575, -26.0921885], [-55.8262165, -26.0922664]]}, "properties": {"osmid": "531434045", "oneway": "False", "lanes": "2", "ref": NaN, "name": NaN, "highway": "unclassified", "length": 385.468, "maxspeed": NaN, "bridge": NaN, "access": NaN, "tunnel": NaN, "junction": NaN, "width": NaN, "service": NaN, "roughness": 3.0}}, {"type": "Feature", "geometry": {"type": "LineString", "coordinates": [[-55.8262165, -26.0922664], [-55.8353987, -26.0924731]]}, "properties": {"osmid": "531434045", "oneway": "False", "lanes": "2", "ref": NaN, "name": NaN, "highway": "unclassified", "length": 917.248, "maxspeed": NaN, "bridge": NaN, "access": NaN, "tunnel": NaN, "junction": NaN, "width": NaN, "service": NaN, "roughness": 3.0}}, {"type": "Feature", "geometry": {"type": "LineString", "coordinates": [[-55.8353987, -26.0924731], [-55.8373395, -26.092604]]}, "properties": {"osmid": "531434045", "oneway": "False", "lanes": "2", "ref": NaN, "name": NaN, "highway": "unclassified", "length": 194.359, "maxspeed": NaN, "bridge": NaN, "access": NaN, "tunnel": NaN, "junction": NaN, "width": NaN, "service": NaN, "roughness": 3.0}}, {"type": "Feature", "geometry": {"type": "LineString", "coordinates": [[-55.8373395, -26.092604], [-55.8417657, -26.0925902]]}, "properties": {"osmid": "531434045", "oneway": "False", "lanes": "2", "ref": NaN, "name": NaN, "highway": "unclassified", "length": 442.014, "maxspeed": NaN, "bridge": NaN, "access": NaN, "tunnel": NaN, "junction": NaN, "width": NaN, "service": NaN, "roughness": 3.0}}, {"type": "Feature", "geometry": {"type": "LineString", "coordinates": [[-55.8417657, -26.0925902], [-55.8439443, -26.0926522]]}, "properties": {"osmid": "531434045", "oneway": "False", "lanes": "2", "ref": NaN, "name": NaN, "highway": "unclassified", "length": 217.67, "maxspeed": NaN, "bridge": NaN, "access": NaN, "tunnel": NaN, "junction": NaN, "width": NaN, "service": NaN, "roughness": 3.0}}, {"type": "Feature", "geometry": {"type": "LineString", "coordinates": [[-55.8439443, -26.0926522], [-55.8442588, -26.0926935]]}, "properties": {"osmid": "531434045", "oneway": "False", "lanes": "2", "ref": NaN, "name": NaN, "highway": "unclassified", "length": 31.741, "maxspeed": NaN, "bridge": NaN, "access": NaN, "tunnel": NaN, "junction": NaN, "width": NaN, "service": NaN, "roughness": 3.0}}, {"type": "Feature", "geometry": {"type": "LineString", "coordinates": [[-55.8442588, -26.0926935], [-55.8443432, -26.0928727]]}, "properties": {"osmid": "531434045", "oneway": "False", "lanes": "2", "ref": NaN, "name": NaN, "highway": "unclassified", "length": 21.635, "maxspeed": NaN, "bridge": NaN, "access": NaN, "tunnel": NaN, "junction": NaN, "width": NaN, "service": NaN, "roughness": 3.0}}, {"type": "Feature", "geometry": {"type": "LineString", "coordinates": [[-55.8443432, -26.0928727], [-55.8443585, -26.0931551]]}, "properties": {"osmid": "531434045", "oneway": "False", "lanes": "2", "ref": NaN, "name": NaN, "highway": "unclassified", "length": 31.439, "maxspeed": NaN, "bridge": NaN, "access": NaN, "tunnel": NaN, "junction": NaN, "width": NaN, "service": NaN, "roughness": 3.0}}, {"type": "Feature", "geometry": {"type": "LineString", "coordinates": [[-55.8443585, -26.0931551], [-55.8444122, -26.0949463]]}, "properties": {"osmid": "531434045", "oneway": "False", "lanes": "2", "ref": NaN, "name": NaN, "highway": "unclassified", "length": 199.245, "maxspeed": NaN, "bridge": NaN, "access": NaN, "tunnel": NaN, "junction": NaN, "width": NaN, "service": NaN, "roughness": 3.0}}, {"type": "Feature", "geometry": {"type": "LineString", "coordinates": [[-55.8444122, -26.0949463], [-55.8444889, -26.0952012]]}, "properties": {"osmid": "531434045", "oneway": "False", "lanes": "2", "ref": NaN, "name": NaN, "highway": "unclassified", "length": 29.36, "maxspeed": NaN, "bridge": NaN, "access": NaN, "tunnel": NaN, "junction": NaN, "width": NaN, "service": NaN, "roughness": 3.0}}, {"type": "Feature", "geometry": {"type": "LineString", "coordinates": [[-55.8444889, -26.0952012], [-55.8447727, -26.0955112]]}, "properties": {"osmid": "531434045", "oneway": "False", "lanes": "2", "ref": NaN, "name": NaN, "highway": "unclassified", "length": 44.625, "maxspeed": NaN, "bridge": NaN, "access": NaN, "tunnel": NaN, "junction": NaN, "width": NaN, "service": NaN, "roughness": 3.0}}, {"type": "Feature", "geometry": {"type": "LineString", "coordinates": [[-55.8447727, -26.0955112], [-55.8454861, -26.0957454]]}, "properties": {"osmid": "531434045", "oneway": "False", "lanes": "2", "ref": NaN, "name": NaN, "highway": "unclassified", "length": 75.851, "maxspeed": NaN, "bridge": NaN, "access": NaN, "tunnel": NaN, "junction": NaN, "width": NaN, "service": NaN, "roughness": 3.0}}, {"type": "Feature", "geometry": {"type": "LineString", "coordinates": [[-55.8454861, -26.0957454], [-55.8464911, -26.0960279]]}, "properties": {"osmid": "531434045", "oneway": "False", "lanes": "2", "ref": NaN, "name": NaN, "highway": "unclassified", "length": 105.16, "maxspeed": NaN, "bridge": NaN, "access": NaN, "tunnel": NaN, "junction": NaN, "width": NaN, "service": NaN, "roughness": 3.0}}, {"type": "Feature", "geometry": {"type": "LineString", "coordinates": [[-55.8464911, -26.0960279], [-55.847519, -26.0962828]]}, "properties": {"osmid": "531434045", "oneway": "False", "lanes": "2", "ref": NaN, "name": NaN, "highway": "unclassified", "length": 106.487, "maxspeed": NaN, "bridge": NaN, "access": NaN, "tunnel": NaN, "junction": NaN, "width": NaN, "service": NaN, "roughness": 3.0}}, {"type": "Feature", "geometry": {"type": "LineString", "coordinates": [[-55.847519, -26.0962828], [-55.8479562, -26.0964068]]}, "properties": {"osmid": "531434045", "oneway": "False", "lanes": "2", "ref": NaN, "name": NaN, "highway": "unclassified", "length": 45.784, "maxspeed": NaN, "bridge": NaN, "access": NaN, "tunnel": NaN, "junction": NaN, "width": NaN, "service": NaN, "roughness": 3.0}}, {"type": "Feature", "geometry": {"type": "LineString", "coordinates": [[-55.8479562, -26.0964068], [-55.8492526, -26.0972266]]}, "properties": {"osmid": "531434045", "oneway": "False", "lanes": "2", "ref": NaN, "name": NaN, "highway": "unclassified", "length": 158.332, "maxspeed": NaN, "bridge": NaN, "access": NaN, "tunnel": NaN, "junction": NaN, "width": NaN, "service": NaN, "roughness": 3.0}}, {"type": "Feature", "geometry": {"type": "LineString", "coordinates": [[-55.8492526, -26.0972266], [-55.8499814, -26.0975297]]}, "properties": {"osmid": "531434045", "oneway": "False", "lanes": "2", "ref": NaN, "name": NaN, "highway": "unclassified", "length": 80.202, "maxspeed": NaN, "bridge": NaN, "access": NaN, "tunnel": NaN, "junction": NaN, "width": NaN, "service": NaN, "roughness": 3.0}}, {"type": "Feature", "geometry": {"type": "LineString", "coordinates": [[-55.8499814, -26.0975297], [-55.8506718, -26.0977363]]}, "properties": {"osmid": "531434045", "oneway": "False", "lanes": "2", "ref": NaN, "name": NaN, "highway": "unclassified", "length": 72.669, "maxspeed": NaN, "bridge": NaN, "access": NaN, "tunnel": NaN, "junction": NaN, "width": NaN, "service": NaN, "roughness": 3.0}}, {"type": "Feature", "geometry": {"type": "LineString", "coordinates": [[-55.8506718, -26.0977363], [-55.8524438, -26.097819]]}, "properties": {"osmid": "531434045", "oneway": "False", "lanes": "2", "ref": NaN, "name": NaN, "highway": "unclassified", "length": 177.187, "maxspeed": NaN, "bridge": NaN, "access": NaN, "tunnel": NaN, "junction": NaN, "width": NaN, "service": NaN, "roughness": 3.0}}, {"type": "Feature", "geometry": {"type": "LineString", "coordinates": [[-55.8524438, -26.097819], [-55.8528964, -26.0978603]]}, "properties": {"osmid": "531434045", "oneway": "False", "lanes": "2", "ref": NaN, "name": NaN, "highway": "unclassified", "length": 45.428, "maxspeed": NaN, "bridge": NaN, "access": NaN, "tunnel": NaN, "junction": NaN, "width": NaN, "service": NaN, "roughness": 3.0}}, {"type": "Feature", "geometry": {"type": "LineString", "coordinates": [[-55.8528964, -26.0978603], [-55.8531802, -26.0979981]]}, "properties": {"osmid": "531434045", "oneway": "False", "lanes": "2", "ref": NaN, "name": NaN, "highway": "unclassified", "length": 32.217, "maxspeed": NaN, "bridge": NaN, "access": NaN, "tunnel": NaN, "junction": NaN, "width": NaN, "service": NaN, "roughness": 3.0}}, {"type": "Feature", "geometry": {"type": "LineString", "coordinates": [[-55.8531802, -26.0979981], [-55.853372, -26.0982806]]}, "properties": {"osmid": "531434045", "oneway": "False", "lanes": "2", "ref": NaN, "name": NaN, "highway": "unclassified", "length": 36.791, "maxspeed": NaN, "bridge": NaN, "access": NaN, "tunnel": NaN, "junction": NaN, "width": NaN, "service": NaN, "roughness": 3.0}}, {"type": "Feature", "geometry": {"type": "LineString", "coordinates": [[-55.853372, -26.0982806], [-55.8537018, -26.099059]]}, "properties": {"osmid": "531434045", "oneway": "False", "lanes": "2", "ref": NaN, "name": NaN, "highway": "unclassified", "length": 92.608, "maxspeed": NaN, "bridge": NaN, "access": NaN, "tunnel": NaN, "junction": NaN, "width": NaN, "service": NaN, "roughness": 3.0}}, {"type": "Feature", "geometry": {"type": "LineString", "coordinates": [[-55.8537018, -26.099059], [-55.8541084, -26.0995206]]}, "properties": {"osmid": "531434045", "oneway": "False", "lanes": "2", "ref": NaN, "name": NaN, "highway": "unclassified", "length": 65.445, "maxspeed": NaN, "bridge": NaN, "access": NaN, "tunnel": NaN, "junction": NaN, "width": NaN, "service": NaN, "roughness": 3.0}}, {"type": "Feature", "geometry": {"type": "LineString", "coordinates": [[-55.8541084, -26.0995206], [-55.8553127, -26.1001061]]}, "properties": {"osmid": "531434045", "oneway": "False", "lanes": "2", "ref": NaN, "name": NaN, "highway": "unclassified", "length": 136.749, "maxspeed": NaN, "bridge": NaN, "access": NaN, "tunnel": NaN, "junction": NaN, "width": NaN, "service": NaN, "roughness": 3.0}}, {"type": "Feature", "geometry": {"type": "LineString", "coordinates": [[-55.8553127, -26.1001061], [-55.8602376, -26.1021796]]}, "properties": {"osmid": "531434045", "oneway": "False", "lanes": "2", "ref": NaN, "name": NaN, "highway": "unclassified", "length": 543.143, "maxspeed": NaN, "bridge": NaN, "access": NaN, "tunnel": NaN, "junction": NaN, "width": NaN, "service": NaN, "roughness": 3.0}}, {"type": "Feature", "geometry": {"type": "LineString", "coordinates": [[-55.8602376, -26.1021796], [-55.860974, -26.1024345]]}, "properties": {"osmid": "531434045", "oneway": "False", "lanes": "2", "ref": NaN, "name": NaN, "highway": "unclassified", "length": 78.806, "maxspeed": NaN, "bridge": NaN, "access": NaN, "tunnel": NaN, "junction": NaN, "width": NaN, "service": NaN, "roughness": 3.0}}, {"type": "Feature", "geometry": {"type": "LineString", "coordinates": [[-55.860974, -26.1024345], [-55.8636282, -26.1024758]]}, "properties": {"osmid": "531434045", "oneway": "False", "lanes": "2", "ref": NaN, "name": NaN, "highway": "unclassified", "length": 265.073, "maxspeed": NaN, "bridge": NaN, "access": NaN, "tunnel": NaN, "junction": NaN, "width": NaN, "service": NaN, "roughness": 3.0}}, {"type": "Feature", "geometry": {"type": "LineString", "coordinates": [[-55.8636282, -26.1024758], [-55.8704324, -26.1026687]]}, "properties": {"osmid": "531434045", "oneway": "False", "lanes": "2", "ref": NaN, "name": NaN, "highway": "unclassified", "length": 679.765, "maxspeed": NaN, "bridge": NaN, "access": NaN, "tunnel": NaN, "junction": NaN, "width": NaN, "service": NaN, "roughness": 3.0}}, {"type": "Feature", "geometry": {"type": "LineString", "coordinates": [[-55.8704324, -26.1026687], [-55.8707315, -26.1026825]]}, "properties": {"osmid": "531434045", "oneway": "False", "lanes": "2", "ref": NaN, "name": NaN, "highway": "unclassified", "length": 29.906, "maxspeed": NaN, "bridge": NaN, "access": NaN, "tunnel": NaN, "junction": NaN, "width": NaN, "service": NaN, "roughness": 3.0}}, {"type": "Feature", "geometry": {"type": "LineString", "coordinates": [[-55.8707315, -26.1026825], [-55.8709156, -26.1028409]]}, "properties": {"osmid": "531434045", "oneway": "False", "lanes": "2", "ref": NaN, "name": NaN, "highway": "unclassified", "length": 25.459, "maxspeed": NaN, "bridge": NaN, "access": NaN, "tunnel": NaN, "junction": NaN, "width": NaN, "service": NaN, "roughness": 3.0}}, {"type": "Feature", "geometry": {"type": "LineString", "coordinates": [[-55.8709156, -26.1028409], [-55.8709463, -26.1044115]]}, "properties": {"osmid": "531434045", "oneway": "False", "lanes": "2", "ref": NaN, "name": NaN, "highway": "unclassified", "length": 174.67, "maxspeed": NaN, "bridge": NaN, "access": NaN, "tunnel": NaN, "junction": NaN, "width": NaN, "service": NaN, "roughness": 3.0}}, {"type": "Feature", "geometry": {"type": "LineString", "coordinates": [[-55.8709463, -26.1044115], [-55.870931, -26.1074493]]}, "properties": {"osmid": "531434045", "oneway": "False", "lanes": "2", "ref": NaN, "name": NaN, "highway": "unclassified", "length": 337.792, "maxspeed": NaN, "bridge": NaN, "access": NaN, "tunnel": NaN, "junction": NaN, "width": NaN, "service": NaN, "roughness": 3.0}}, {"type": "Feature", "geometry": {"type": "LineString", "coordinates": [[-55.870931, -26.1074493], [-55.8711381, -26.1083379]]}, "properties": {"osmid": "531434045", "oneway": "False", "lanes": "2", "ref": NaN, "name": NaN, "highway": "unclassified", "length": 100.949, "maxspeed": NaN, "bridge": NaN, "access": NaN, "tunnel": NaN, "junction": NaN, "width": NaN, "service": NaN, "roughness": 3.0}}, {"type": "Feature", "geometry": {"type": "LineString", "coordinates": [[-55.8711381, -26.1083379], [-55.8712608, -26.108703]]}, "properties": {"osmid": "531434045", "oneway": "False", "lanes": "2", "ref": NaN, "name": NaN, "highway": "unclassified", "length": 42.406, "maxspeed": NaN, "bridge": NaN, "access": NaN, "tunnel": NaN, "junction": NaN, "width": NaN, "service": NaN, "roughness": 3.0}}, {"type": "Feature", "geometry": {"type": "LineString", "coordinates": [[-55.8712608, -26.108703], [-55.8713299, -26.1093023]]}, "properties": {"osmid": "531434045", "oneway": "False", "lanes": "2", "ref": NaN, "name": NaN, "highway": "unclassified", "length": 66.995, "maxspeed": NaN, "bridge": NaN, "access": NaN, "tunnel": NaN, "junction": NaN, "width": NaN, "service": NaN, "roughness": 3.0}}, {"type": "Feature", "geometry": {"type": "LineString", "coordinates": [[-55.8713299, -26.1093023], [-55.8710077, -26.1098465]]}, "properties": {"osmid": "531434045", "oneway": "False", "lanes": "2", "ref": NaN, "name": NaN, "highway": "unclassified", "length": 68.533, "maxspeed": NaN, "bridge": NaN, "access": NaN, "tunnel": NaN, "junction": NaN, "width": NaN, "service": NaN, "roughness": 3.0}}, {"type": "Feature", "geometry": {"type": "LineString", "coordinates": [[-55.8710077, -26.1098465], [-55.8706915, -26.1104339]]}, "properties": {"osmid": "531434045", "oneway": "False", "lanes": "2", "ref": NaN, "name": NaN, "highway": "unclassified", "length": 72.546, "maxspeed": NaN, "bridge": NaN, "access": NaN, "tunnel": NaN, "junction": NaN, "width": NaN, "service": NaN, "roughness": 3.0}}, {"type": "Feature", "geometry": {"type": "LineString", "coordinates": [[-55.8706915, -26.1104339], [-55.8702318, -26.1123923]]}, "properties": {"osmid": "531434045", "oneway": "False", "lanes": "2", "ref": NaN, "name": NaN, "highway": "unclassified", "length": 222.549, "maxspeed": NaN, "bridge": NaN, "access": NaN, "tunnel": NaN, "junction": NaN, "width": NaN, "service": NaN, "roughness": 3.0}}, {"type": "Feature", "geometry": {"type": "LineString", "coordinates": [[-55.8702318, -26.1123923], [-55.8700172, -26.1130667]]}, "properties": {"osmid": "531434045", "oneway": "False", "lanes": "2", "ref": NaN, "name": NaN, "highway": "unclassified", "length": 77.991, "maxspeed": NaN, "bridge": NaN, "access": NaN, "tunnel": NaN, "junction": NaN, "width": NaN, "service": NaN, "roughness": 3.0}}, {"type": "Feature", "geometry": {"type": "LineString", "coordinates": [[-55.8700172, -26.1130667], [-55.8697597, -26.1137218]]}, "properties": {"osmid": "531434045", "oneway": "False", "lanes": "2", "ref": NaN, "name": NaN, "highway": "unclassified", "length": 77.248, "maxspeed": NaN, "bridge": NaN, "access": NaN, "tunnel": NaN, "junction": NaN, "width": NaN, "service": NaN, "roughness": 3.0}}, {"type": "Feature", "geometry": {"type": "LineString", "coordinates": [[-55.8697597, -26.1137218], [-55.8695451, -26.1143191]]}, "properties": {"osmid": "531434045", "oneway": "False", "lanes": "2", "ref": NaN, "name": NaN, "highway": "unclassified", "length": 69.787, "maxspeed": NaN, "bridge": NaN, "access": NaN, "tunnel": NaN, "junction": NaN, "width": NaN, "service": NaN, "roughness": 3.0}}, {"type": "Feature", "geometry": {"type": "LineString", "coordinates": [[-55.8695451, -26.1143191], [-55.8694915, -26.1145888]]}, "properties": {"osmid": "531434045", "oneway": "False", "lanes": "2", "ref": NaN, "name": NaN, "highway": "unclassified", "length": 30.463, "maxspeed": NaN, "bridge": NaN, "access": NaN, "tunnel": NaN, "junction": NaN, "width": NaN, "service": NaN, "roughness": 3.0}}, {"type": "Feature", "geometry": {"type": "LineString", "coordinates": [[-55.8694915, -26.1145888], [-55.8694486, -26.1148104]]}, "properties": {"osmid": "531434045", "oneway": "False", "lanes": "2", "ref": NaN, "name": NaN, "highway": "unclassified", "length": 25.01, "maxspeed": NaN, "bridge": NaN, "access": NaN, "tunnel": NaN, "junction": NaN, "width": NaN, "service": NaN, "roughness": 3.0}}, {"type": "Feature", "geometry": {"type": "LineString", "coordinates": [[-55.8694486, -26.1148104], [-55.8694001, -26.115032]]}, "properties": {"osmid": "531434045", "oneway": "False", "lanes": "2", "ref": NaN, "name": NaN, "highway": "unclassified", "length": 25.112, "maxspeed": NaN, "bridge": NaN, "access": NaN, "tunnel": NaN, "junction": NaN, "width": NaN, "service": NaN, "roughness": 3.0}}, {"type": "Feature", "geometry": {"type": "LineString", "coordinates": [[-55.8694001, -26.115032], [-55.869385, -26.1152474]]}, "properties": {"osmid": "531434045", "oneway": "False", "lanes": "2", "ref": NaN, "name": NaN, "highway": "unclassified", "length": 23.999, "maxspeed": NaN, "bridge": NaN, "access": NaN, "tunnel": NaN, "junction": NaN, "width": NaN, "service": NaN, "roughness": 3.0}}, {"type": "Feature", "geometry": {"type": "LineString", "coordinates": [[-55.869385, -26.1152474], [-55.8694224, -26.1154861]]}, "properties": {"osmid": "531434045", "oneway": "False", "lanes": "2", "ref": NaN, "name": NaN, "highway": "unclassified", "length": 26.804, "maxspeed": NaN, "bridge": NaN, "access": NaN, "tunnel": NaN, "junction": NaN, "width": NaN, "service": NaN, "roughness": 3.0}}, {"type": "Feature", "geometry": {"type": "LineString", "coordinates": [[-55.8694224, -26.1154861], [-55.8699677, -26.1168242]]}, "properties": {"osmid": "531434045", "oneway": "False", "lanes": "2", "ref": NaN, "name": NaN, "highway": "unclassified", "length": 158.438, "maxspeed": NaN, "bridge": NaN, "access": NaN, "tunnel": NaN, "junction": NaN, "width": NaN, "service": NaN, "roughness": 3.0}}, {"type": "Feature", "geometry": {"type": "LineString", "coordinates": [[-55.8699677, -26.1168242], [-55.8702151, -26.1166995]]}, "properties": {"osmid": "261085176", "oneway": "False", "lanes": "2", "ref": NaN, "name": NaN, "highway": "tertiary", "length": 28.327, "maxspeed": NaN, "bridge": NaN, "access": NaN, "tunnel": NaN, "junction": NaN, "width": NaN, "service": NaN, "roughness": 3.0}}, {"type": "Feature", "geometry": {"type": "LineString", "coordinates": [[-55.8702151, -26.1166995], [-55.8704571, -26.1166147]]}, "properties": {"osmid": "261085176", "oneway": "False", "lanes": "2", "ref": NaN, "name": NaN, "highway": "tertiary", "length": 25.937, "maxspeed": NaN, "bridge": NaN, "access": NaN, "tunnel": NaN, "junction": NaN, "width": NaN, "service": NaN, "roughness": 3.0}}, {"type": "Feature", "geometry": {"type": "LineString", "coordinates": [[-55.8704571, -26.1166147], [-55.873834, -26.1153879]]}, "properties": {"osmid": "261085176", "oneway": "False", "lanes": "2", "ref": NaN, "name": NaN, "highway": "tertiary", "length": 363.71, "maxspeed": NaN, "bridge": NaN, "access": NaN, "tunnel": NaN, "junction": NaN, "width": NaN, "service": NaN, "roughness": 3.0}}, {"type": "Feature", "geometry": {"type": "LineString", "coordinates": [[-55.873834, -26.1153879], [-55.8742562, -26.1152087]]}, "properties": {"osmid": "261085176", "oneway": "False", "lanes": "2", "ref": NaN, "name": NaN, "highway": "tertiary", "length": 46.626, "maxspeed": NaN, "bridge": NaN, "access": NaN, "tunnel": NaN, "junction": NaN, "width": NaN, "service": NaN, "roughness": 3.0}}, {"type": "Feature", "geometry": {"type": "LineString", "coordinates": [[-55.8742562, -26.1152087], [-55.8759063, -26.1143581]]}, "properties": {"osmid": "261085176", "oneway": "False", "lanes": "2", "ref": NaN, "name": NaN, "highway": "tertiary", "length": 189.971, "maxspeed": NaN, "bridge": NaN, "access": NaN, "tunnel": NaN, "junction": NaN, "width": NaN, "service": NaN, "roughness": 3.0}}, {"type": "Feature", "geometry": {"type": "LineString", "coordinates": [[-55.8759063, -26.1143581], [-55.8763467, -26.1141736]]}, "properties": {"osmid": "261085176", "oneway": "False", "lanes": "2", "ref": NaN, "name": NaN, "highway": "tertiary", "length": 48.522, "maxspeed": NaN, "bridge": NaN, "access": NaN, "tunnel": NaN, "junction": NaN, "width": NaN, "service": NaN, "roughness": 3.0}}, {"type": "Feature", "geometry": {"type": "LineString", "coordinates": [[-55.8763467, -26.1141736], [-55.8766675, -26.1140927]]}, "properties": {"osmid": "261085176", "oneway": "False", "lanes": "2", "ref": NaN, "name": NaN, "highway": "tertiary", "length": 33.269, "maxspeed": NaN, "bridge": NaN, "access": NaN, "tunnel": NaN, "junction": NaN, "width": NaN, "service": NaN, "roughness": 3.0}}, {"type": "Feature", "geometry": {"type": "LineString", "coordinates": [[-55.8766675, -26.1140927], [-55.8770027, -26.1140715]]}, "properties": {"osmid": "261085176", "oneway": "False", "lanes": "2", "ref": NaN, "name": NaN, "highway": "tertiary", "length": 33.551, "maxspeed": NaN, "bridge": NaN, "access": NaN, "tunnel": NaN, "junction": NaN, "width": NaN, "service": NaN, "roughness": 3.0}}, {"type": "Feature", "geometry": {"type": "LineString", "coordinates": [[-55.8770027, -26.1140715], [-55.8792329, -26.1141796]]}, "properties": {"osmid": "261085176", "oneway": "False", "lanes": "2", "ref": NaN, "name": NaN, "highway": "tertiary", "length": 222.997, "maxspeed": NaN, "bridge": NaN, "access": NaN, "tunnel": NaN, "junction": NaN, "width": NaN, "service": NaN, "roughness": 3.0}}, {"type": "Feature", "geometry": {"type": "LineString", "coordinates": [[-55.8792329, -26.1141796], [-55.8796406, -26.1141676]]}, "properties": {"osmid": "261085176", "oneway": "False", "lanes": "2", "ref": NaN, "name": NaN, "highway": "tertiary", "length": 40.728, "maxspeed": NaN, "bridge": NaN, "access": NaN, "tunnel": NaN, "junction": NaN, "width": NaN, "service": NaN, "roughness": 3.0}}, {"type": "Feature", "geometry": {"type": "LineString", "coordinates": [[-55.8796406, -26.1141676], [-55.8801743, -26.1141266]]}, "properties": {"osmid": "261085176", "oneway": "False", "lanes": "2", "ref": NaN, "name": NaN, "highway": "tertiary", "length": 53.482, "maxspeed": NaN, "bridge": NaN, "access": NaN, "tunnel": NaN, "junction": NaN, "width": NaN, "service": NaN, "roughness": 3.0}}, {"type": "Feature", "geometry": {"type": "LineString", "coordinates": [[-55.8801743, -26.1141266], [-55.8807752, -26.1141291]]}, "properties": {"osmid": "261085176", "oneway": "False", "lanes": "2", "ref": NaN, "name": NaN, "highway": "tertiary", "length": 59.997, "maxspeed": NaN, "bridge": NaN, "access": NaN, "tunnel": NaN, "junction": NaN, "width": NaN, "service": NaN, "roughness": 3.0}}, {"type": "Feature", "geometry": {"type": "LineString", "coordinates": [[-55.8807752, -26.1141291], [-55.8811802, -26.1141965]]}, "properties": {"osmid": "261085176", "oneway": "False", "lanes": "2", "ref": NaN, "name": NaN, "highway": "tertiary", "length": 41.126, "maxspeed": NaN, "bridge": NaN, "access": NaN, "tunnel": NaN, "junction": NaN, "width": NaN, "service": NaN, "roughness": 3.0}}, {"type": "Feature", "geometry": {"type": "LineString", "coordinates": [[-55.8811802, -26.1141965], [-55.8814243, -26.1142856]]}, "properties": {"osmid": "261085176", "oneway": "False", "lanes": "2", "ref": NaN, "name": NaN, "highway": "tertiary", "length": 26.309, "maxspeed": NaN, "bridge": NaN, "access": NaN, "tunnel": NaN, "junction": NaN, "width": NaN, "service": NaN, "roughness": 3.0}}, {"type": "Feature", "geometry": {"type": "LineString", "coordinates": [[-55.8814243, -26.1142856], [-55.881592, -26.1143929]]}, "properties": {"osmid": "261085176", "oneway": "False", "lanes": "2", "ref": NaN, "name": NaN, "highway": "tertiary", "length": 20.56, "maxspeed": NaN, "bridge": NaN, "access": NaN, "tunnel": NaN, "junction": NaN, "width": NaN, "service": NaN, "roughness": 3.0}}, {"type": "Feature", "geometry": {"type": "LineString", "coordinates": [[-55.881592, -26.1143929], [-55.8817788, -26.1144248]]}, "properties": {"osmid": "834744773", "oneway": "False", "lanes": "2", "ref": "PY18", "name": "Ruta Nacional PY18", "highway": "trunk", "length": 18.985, "maxspeed": NaN, "bridge": NaN, "access": NaN, "tunnel": NaN, "junction": NaN, "width": NaN, "service": NaN, "roughness": 3.0}}, {"type": "Feature", "geometry": {"type": "LineString", "coordinates": [[-55.8817788, -26.1144248], [-55.8852249, -26.1153935]]}, "properties": {"osmid": "834744773", "oneway": "False", "lanes": "2", "ref": "PY18", "name": "Ruta Nacional PY18", "highway": "trunk", "length": 360.537, "maxspeed": NaN, "bridge": NaN, "access": NaN, "tunnel": NaN, "junction": NaN, "width": NaN, "service": NaN, "roughness": 3.0}}, {"type": "Feature", "geometry": {"type": "LineString", "coordinates": [[-55.8852249, -26.1153935], [-55.8856003, -26.115529]]}, "properties": {"osmid": "834744773", "oneway": "False", "lanes": "2", "ref": "PY18", "name": "Ruta Nacional PY18", "highway": "trunk", "length": 40.396, "maxspeed": NaN, "bridge": NaN, "access": NaN, "tunnel": NaN, "junction": NaN, "width": NaN, "service": NaN, "roughness": 3.0}}, {"type": "Feature", "geometry": {"type": "LineString", "coordinates": [[-55.8856003, -26.115529], [-55.8890015, -26.1165109]]}, "properties": {"osmid": "834744773", "oneway": "False", "lanes": "2", "ref": "PY18", "name": "Ruta Nacional PY18", "highway": "trunk", "length": 356.705, "maxspeed": NaN, "bridge": NaN, "access": NaN, "tunnel": NaN, "junction": NaN, "width": NaN, "service": NaN, "roughness": 3.0}}, {"type": "Feature", "geometry": {"type": "LineString", "coordinates": [[-55.8890015, -26.1165109], [-55.8905786, -26.1170167]]}, "properties": {"osmid": "834744773", "oneway": "False", "lanes": "2", "ref": "PY18", "name": "Ruta Nacional PY18", "highway": "trunk", "length": 167.204, "maxspeed": NaN, "bridge": NaN, "access": NaN, "tunnel": NaN, "junction": NaN, "width": NaN, "service": NaN, "roughness": 3.0}}, {"type": "Feature", "geometry": {"type": "LineString", "coordinates": [[-55.8905786, -26.1170167], [-55.8922614, -26.1173839]]}, "properties": {"osmid": "834744773", "oneway": "False", "lanes": "2", "ref": "PY18", "name": "Ruta Nacional PY18", "highway": "trunk", "length": 172.904, "maxspeed": NaN, "bridge": NaN, "access": NaN, "tunnel": NaN, "junction": NaN, "width": NaN, "service": NaN, "roughness": 3.0}}, {"type": "Feature", "geometry": {"type": "LineString", "coordinates": [[-55.8922614, -26.1173839], [-55.8929138, -26.1174622]]}, "properties": {"osmid": "834744773", "oneway": "False", "lanes": "2", "ref": "PY18", "name": "Ruta Nacional PY18", "highway": "trunk", "length": 65.716, "maxspeed": NaN, "bridge": NaN, "access": NaN, "tunnel": NaN, "junction": NaN, "width": NaN, "service": NaN, "roughness": 3.0}}, {"type": "Feature", "geometry": {"type": "LineString", "coordinates": [[-55.8929138, -26.1174622], [-55.8940326, -26.1174298]]}, "properties": {"osmid": "834744773", "oneway": "False", "lanes": "2", "ref": "PY18", "name": "Ruta Nacional PY18", "highway": "trunk", "length": 111.761, "maxspeed": NaN, "bridge": NaN, "access": NaN, "tunnel": NaN, "junction": NaN, "width": NaN, "service": NaN, "roughness": 3.0}}, {"type": "Feature", "geometry": {"type": "LineString", "coordinates": [[-55.8940326, -26.1174298], [-55.8952418, -26.1172654]]}, "properties": {"osmid": "834744773", "oneway": "False", "lanes": "2", "ref": "PY18", "name": "Ruta Nacional PY18", "highway": "trunk", "length": 122.104, "maxspeed": NaN, "bridge": NaN, "access": NaN, "tunnel": NaN, "junction": NaN, "width": NaN, "service": NaN, "roughness": 3.0}}, {"type": "Feature", "geometry": {"type": "LineString", "coordinates": [[-55.8952418, -26.1172654], [-55.8969321, -26.1169099]]}, "properties": {"osmid": "834744773", "oneway": "False", "lanes": "2", "ref": "PY18", "name": "Ruta Nacional PY18", "highway": "trunk", "length": 173.33, "maxspeed": NaN, "bridge": NaN, "access": NaN, "tunnel": NaN, "junction": NaN, "width": NaN, "service": NaN, "roughness": 3.0}}, {"type": "Feature", "geometry": {"type": "LineString", "coordinates": [[-55.8969321, -26.1169099], [-55.8988505, -26.1165168]]}, "properties": {"osmid": "834744773", "oneway": "False", "lanes": "2", "ref": "PY18", "name": "Ruta Nacional PY18", "highway": "trunk", "length": 196.461, "maxspeed": NaN, "bridge": NaN, "access": NaN, "tunnel": NaN, "junction": NaN, "width": NaN, "service": NaN, "roughness": 3.0}}, {"type": "Feature", "geometry": {"type": "LineString", "coordinates": [[-55.8988505, -26.1165168], [-55.9002504, -26.1162211]]}, "properties": {"osmid": "893117446", "oneway": "False", "lanes": "2", "ref": "PY18", "name": "Ruta Nacional PY18", "highway": "trunk", "length": 143.585, "maxspeed": NaN, "bridge": NaN, "access": NaN, "tunnel": NaN, "junction": NaN, "width": NaN, "service": NaN, "roughness": 3.0}}, {"type": "Feature", "geometry": {"type": "LineString", "coordinates": [[-55.9002504, -26.1162211], [-55.9012575, -26.1159784]]}, "properties": {"osmid": "893117446", "oneway": "False", "lanes": "2", "ref": "PY18", "name": "Ruta Nacional PY18", "highway": "trunk", "length": 104.11, "maxspeed": NaN, "bridge": NaN, "access": NaN, "tunnel": NaN, "junction": NaN, "width": NaN, "service": NaN, "roughness": 3.0}}, {"type": "Feature", "geometry": {"type": "LineString", "coordinates": [[-55.9012575, -26.1159784], [-55.9031811, -26.1155597]]}, "properties": {"osmid": "893117446", "oneway": "False", "lanes": "2", "ref": "PY18", "name": "Ruta Nacional PY18", "highway": "trunk", "length": 197.62, "maxspeed": NaN, "bridge": NaN, "access": NaN, "tunnel": NaN, "junction": NaN, "width": NaN, "service": NaN, "roughness": 3.0}}, {"type": "Feature", "geometry": {"type": "LineString", "coordinates": [[-55.9031811, -26.1155597], [-55.9040049, -26.1154261]]}, "properties": {"osmid": "834744772", "oneway": "False", "lanes": "2", "ref": "PY18", "name": "Ruta Nacional PY18", "highway": "trunk", "length": 83.581, "maxspeed": "80", "bridge": NaN, "access": NaN, "tunnel": NaN, "junction": NaN, "width": NaN, "service": NaN, "roughness": 3.0}}, {"type": "Feature", "geometry": {"type": "LineString", "coordinates": [[-55.9040049, -26.1154261], [-55.9045354, -26.1153958]]}, "properties": {"osmid": "834744772", "oneway": "False", "lanes": "2", "ref": "PY18", "name": "Ruta Nacional PY18", "highway": "trunk", "length": 53.074, "maxspeed": "80", "bridge": NaN, "access": NaN, "tunnel": NaN, "junction": NaN, "width": NaN, "service": NaN, "roughness": 3.0}}, {"type": "Feature", "geometry": {"type": "LineString", "coordinates": [[-55.9045354, -26.1153958], [-55.9052046, -26.1154292]]}, "properties": {"osmid": "834744772", "oneway": "False", "lanes": "2", "ref": "PY18", "name": "Ruta Nacional PY18", "highway": "trunk", "length": 66.918, "maxspeed": "80", "bridge": NaN, "access": NaN, "tunnel": NaN, "junction": NaN, "width": NaN, "service": NaN, "roughness": 3.0}}, {"type": "Feature", "geometry": {"type": "LineString", "coordinates": [[-55.9052046, -26.1154292], [-55.9066509, -26.1156234]]}, "properties": {"osmid": "834744772", "oneway": "False", "lanes": "2", "ref": "PY18", "name": "Ruta Nacional PY18", "highway": "trunk", "length": 146.009, "maxspeed": "80", "bridge": NaN, "access": NaN, "tunnel": NaN, "junction": NaN, "width": NaN, "service": NaN, "roughness": 3.0}}, {"type": "Feature", "geometry": {"type": "LineString", "coordinates": [[-55.9066509, -26.1156234], [-55.9083643, -26.1158783]]}, "properties": {"osmid": "834744772", "oneway": "False", "lanes": "2", "ref": "PY18", "name": "Ruta Nacional PY18", "highway": "trunk", "length": 173.403, "maxspeed": "80", "bridge": NaN, "access": NaN, "tunnel": NaN, "junction": NaN, "width": NaN, "service": NaN, "roughness": 3.0}}, {"type": "Feature", "geometry": {"type": "LineString", "coordinates": [[-55.9083643, -26.1158783], [-55.9089489, -26.1159329]]}, "properties": {"osmid": "834744772", "oneway": "False", "lanes": "2", "ref": "PY18", "name": "Ruta Nacional PY18", "highway": "trunk", "length": 58.683, "maxspeed": "80", "bridge": NaN, "access": NaN, "tunnel": NaN, "junction": NaN, "width": NaN, "service": NaN, "roughness": 3.0}}, {"type": "Feature", "geometry": {"type": "LineString", "coordinates": [[-55.9089489, -26.1159329], [-55.9094727, -26.1159116]]}, "properties": {"osmid": "834744772", "oneway": "False", "lanes": "2", "ref": "PY18", "name": "Ruta Nacional PY18", "highway": "trunk", "length": 52.351, "maxspeed": "80", "bridge": NaN, "access": NaN, "tunnel": NaN, "junction": NaN, "width": NaN, "service": NaN, "roughness": 3.0}}, {"type": "Feature", "geometry": {"type": "LineString", "coordinates": [[-55.9094727, -26.1159116], [-55.909912, -26.1158631]]}, "properties": {"osmid": "834744772", "oneway": "False", "lanes": "2", "ref": "PY18", "name": "Ruta Nacional PY18", "highway": "trunk", "length": 44.191, "maxspeed": "80", "bridge": NaN, "access": NaN, "tunnel": NaN, "junction": NaN, "width": NaN, "service": NaN, "roughness": 3.0}}, {"type": "Feature", "geometry": {"type": "LineString", "coordinates": [[-55.909912, -26.1158631], [-55.9103885, -26.1157387]]}, "properties": {"osmid": "834744772", "oneway": "False", "lanes": "2", "ref": "PY18", "name": "Ruta Nacional PY18", "highway": "trunk", "length": 49.545, "maxspeed": "80", "bridge": NaN, "access": NaN, "tunnel": NaN, "junction": NaN, "width": NaN, "service": NaN, "roughness": 3.0}}, {"type": "Feature", "geometry": {"type": "LineString", "coordinates": [[-55.9103885, -26.1157387], [-55.9108853, -26.1155688]]}, "properties": {"osmid": "834744772", "oneway": "False", "lanes": "2", "ref": "PY18", "name": "Ruta Nacional PY18", "highway": "trunk", "length": 53.078, "maxspeed": "80", "bridge": NaN, "access": NaN, "tunnel": NaN, "junction": NaN, "width": NaN, "service": NaN, "roughness": 3.0}}, {"type": "Feature", "geometry": {"type": "LineString", "coordinates": [[-55.9108853, -26.1155688], [-55.9113212, -26.1153503]]}, "properties": {"osmid": "834744772", "oneway": "False", "lanes": "2", "ref": "PY18", "name": "Ruta Nacional PY18", "highway": "trunk", "length": 49.844, "maxspeed": "80", "bridge": NaN, "access": NaN, "tunnel": NaN, "junction": NaN, "width": NaN, "service": NaN, "roughness": 3.0}}, {"type": "Feature", "geometry": {"type": "LineString", "coordinates": [[-55.9113212, -26.1153503], [-55.9118484, -26.1150044]]}, "properties": {"osmid": "834744772", "oneway": "False", "lanes": "2", "ref": "PY18", "name": "Ruta Nacional PY18", "highway": "trunk", "length": 65.192, "maxspeed": "80", "bridge": NaN, "access": NaN, "tunnel": NaN, "junction": NaN, "width": NaN, "service": NaN, "roughness": 3.0}}, {"type": "Feature", "geometry": {"type": "LineString", "coordinates": [[-55.9118484, -26.1150044], [-55.9122906, -26.114578]]}, "properties": {"osmid": "834744772", "oneway": "False", "lanes": "2", "ref": "PY18", "name": "Ruta Nacional PY18", "highway": "trunk", "length": 64.787, "maxspeed": "80", "bridge": NaN, "access": NaN, "tunnel": NaN, "junction": NaN, "width": NaN, "service": NaN, "roughness": 3.0}}, {"type": "Feature", "geometry": {"type": "LineString", "coordinates": [[-55.9122906, -26.114578], [-55.9140322, -26.1128175]]}, "properties": {"osmid": "893117443", "oneway": "False", "lanes": "2", "ref": "PY18", "name": "Ruta Nacional PY18", "highway": "trunk", "length": 261.838, "maxspeed": "80", "bridge": NaN, "access": NaN, "tunnel": NaN, "junction": NaN, "width": NaN, "service": NaN, "roughness": 3.0}}, {"type": "Feature", "geometry": {"type": "LineString", "coordinates": [[-55.9140322, -26.1128175], [-55.914424, -26.1124242]]}, "properties": {"osmid": "893117443", "oneway": "False", "lanes": "2", "ref": "PY18", "name": "Ruta Nacional PY18", "highway": "trunk", "length": 58.676, "maxspeed": "80", "bridge": NaN, "access": NaN, "tunnel": NaN, "junction": NaN, "width": NaN, "service": NaN, "roughness": 3.0}}, {"type": "Feature", "geometry": {"type": "LineString", "coordinates": [[-55.914424, -26.1124242], [-55.9147491, -26.112073]]}, "properties": {"osmid": "893117445", "oneway": "False", "lanes": "2", "ref": "PY18", "name": "Circunvalaci\u00f3n de San Juan Nepomuceno", "highway": "trunk", "length": 50.781, "maxspeed": NaN, "bridge": "yes", "access": NaN, "tunnel": NaN, "junction": NaN, "width": NaN, "service": NaN, "roughness": 3.0}}, {"type": "Feature", "geometry": {"type": "LineString", "coordinates": [[-55.9147491, -26.112073], [-55.9151305, -26.1116409]]}, "properties": {"osmid": "893117444", "oneway": "False", "lanes": "2", "ref": "PY18", "name": "Circunvalaci\u00f3n de San Juan Nepomuceno", "highway": "trunk", "length": 61.309, "maxspeed": NaN, "bridge": NaN, "access": NaN, "tunnel": NaN, "junction": NaN, "width": NaN, "service": NaN, "roughness": 3.0}}, {"type": "Feature", "geometry": {"type": "LineString", "coordinates": [[-55.9151305, -26.1116409], [-55.9153855, -26.1114047]]}, "properties": {"osmid": "893117444", "oneway": "False", "lanes": "2", "ref": "PY18", "name": "Circunvalaci\u00f3n de San Juan Nepomuceno", "highway": "trunk", "length": 36.58, "maxspeed": NaN, "bridge": NaN, "access": NaN, "tunnel": NaN, "junction": NaN, "width": NaN, "service": NaN, "roughness": 3.0}}, {"type": "Feature", "geometry": {"type": "LineString", "coordinates": [[-55.9153855, -26.1114047], [-55.9156908, -26.1112578]]}, "properties": {"osmid": "260898995", "oneway": "False", "lanes": "2", "ref": NaN, "name": "Ruta Tava\u00ed - San Juan Nepomuceno", "highway": "trunk", "length": 34.584, "maxspeed": NaN, "bridge": NaN, "access": NaN, "tunnel": NaN, "junction": NaN, "width": NaN, "service": NaN, "roughness": 3.0}}, {"type": "Feature", "geometry": {"type": "LineString", "coordinates": [[-55.9156908, -26.1112578], [-55.9160522, -26.111152]]}, "properties": {"osmid": "260898995", "oneway": "False", "lanes": "2", "ref": NaN, "name": "Ruta Tava\u00ed - San Juan Nepomuceno", "highway": "trunk", "length": 37.954, "maxspeed": NaN, "bridge": NaN, "access": NaN, "tunnel": NaN, "junction": NaN, "width": NaN, "service": NaN, "roughness": 3.0}}, {"type": "Feature", "geometry": {"type": "LineString", "coordinates": [[-55.9160522, -26.111152], [-55.9165967, -26.1110274]]}, "properties": {"osmid": "260898995", "oneway": "False", "lanes": "2", "ref": NaN, "name": "Ruta Tava\u00ed - San Juan Nepomuceno", "highway": "trunk", "length": 56.104, "maxspeed": NaN, "bridge": NaN, "access": NaN, "tunnel": NaN, "junction": NaN, "width": NaN, "service": NaN, "roughness": 3.0}}, {"type": "Feature", "geometry": {"type": "LineString", "coordinates": [[-55.9165967, -26.1110274], [-55.9185068, -26.1105505]]}, "properties": {"osmid": "260898995", "oneway": "False", "lanes": "2", "ref": NaN, "name": "Ruta Tava\u00ed - San Juan Nepomuceno", "highway": "trunk", "length": 197.953, "maxspeed": NaN, "bridge": NaN, "access": NaN, "tunnel": NaN, "junction": NaN, "width": NaN, "service": NaN, "roughness": 3.0}}, {"type": "Feature", "geometry": {"type": "LineString", "coordinates": [[-55.9185068, -26.1105505], [-55.922848, -26.109518]]}, "properties": {"osmid": "260898995", "oneway": "False", "lanes": "2", "ref": NaN, "name": "Ruta Tava\u00ed - San Juan Nepomuceno", "highway": "trunk", "length": 448.406, "maxspeed": NaN, "bridge": NaN, "access": NaN, "tunnel": NaN, "junction": NaN, "width": NaN, "service": NaN, "roughness": 3.0}}, {"type": "Feature", "geometry": {"type": "LineString", "coordinates": [[-55.922848, -26.109518], [-55.9233316, -26.10939]]}, "properties": {"osmid": "260898995", "oneway": "False", "lanes": "2", "ref": NaN, "name": "Ruta Tava\u00ed - San Juan Nepomuceno", "highway": "trunk", "length": 50.341, "maxspeed": NaN, "bridge": NaN, "access": NaN, "tunnel": NaN, "junction": NaN, "width": NaN, "service": NaN, "roughness": 3.0}}, {"type": "Feature", "geometry": {"type": "LineString", "coordinates": [[-55.9233316, -26.10939], [-55.9253838, -26.1088546]]}, "properties": {"osmid": "260898995", "oneway": "False", "lanes": "2", "ref": NaN, "name": "Ruta Tava\u00ed - San Juan Nepomuceno", "highway": "trunk", "length": 213.382, "maxspeed": NaN, "bridge": NaN, "access": NaN, "tunnel": NaN, "junction": NaN, "width": NaN, "service": NaN, "roughness": 3.0}}, {"type": "Feature", "geometry": {"type": "LineString", "coordinates": [[-55.9253838, -26.1088546], [-55.9257563, -26.108767]]}, "properties": {"osmid": "260898995", "oneway": "False", "lanes": "2", "ref": NaN, "name": "Ruta Tava\u00ed - San Juan Nepomuceno", "highway": "trunk", "length": 38.448, "maxspeed": NaN, "bridge": NaN, "access": NaN, "tunnel": NaN, "junction": NaN, "width": NaN, "service": NaN, "roughness": 3.0}}, {"type": "Feature", "geometry": {"type": "LineString", "coordinates": [[-55.9257563, -26.108767], [-55.9258301, -26.1087774]]}, "properties": {"osmid": "260898995", "oneway": "False", "lanes": "2", "ref": NaN, "name": "Ruta Tava\u00ed - San Juan Nepomuceno", "highway": "trunk", "length": 7.459, "maxspeed": NaN, "bridge": NaN, "access": NaN, "tunnel": NaN, "junction": NaN, "width": NaN, "service": NaN, "roughness": 3.0}}, {"type": "Feature", "geometry": {"type": "LineString", "coordinates": [[-55.9258301, -26.1087774], [-55.9259103, -26.1088163]]}, "properties": {"osmid": "260899659", "oneway": "False", "lanes": "2", "ref": NaN, "name": NaN, "highway": "trunk", "length": 9.101, "maxspeed": NaN, "bridge": NaN, "access": NaN, "tunnel": NaN, "junction": NaN, "width": NaN, "service": NaN, "roughness": 3.0}}, {"type": "Feature", "geometry": {"type": "LineString", "coordinates": [[-55.9259103, -26.1088163], [-55.9267415, -26.1094996]]}, "properties": {"osmid": "260899659", "oneway": "False", "lanes": "2", "ref": NaN, "name": NaN, "highway": "trunk", "length": 112.521, "maxspeed": NaN, "bridge": NaN, "access": NaN, "tunnel": NaN, "junction": NaN, "width": NaN, "service": NaN, "roughness": 3.0}}, {"type": "Feature", "geometry": {"type": "LineString", "coordinates": [[-55.9267415, -26.1094996], [-55.9266248, -26.1086908]]}, "properties": {"osmid": "660567844", "oneway": "False", "lanes": "2", "ref": NaN, "name": "M\u00e9xico", "highway": "tertiary", "length": 90.686, "maxspeed": NaN, "bridge": NaN, "access": NaN, "tunnel": NaN, "junction": NaN, "width": NaN, "service": NaN, "roughness": 3.0}}, {"type": "Feature", "geometry": {"type": "LineString", "coordinates": [[-55.9266248, -26.1086908], [-55.9264405, -26.1076334]]}, "properties": {"osmid": "660567844", "oneway": "False", "lanes": "2", "ref": NaN, "name": "M\u00e9xico", "highway": "tertiary", "length": 119.009, "maxspeed": NaN, "bridge": NaN, "access": NaN, "tunnel": NaN, "junction": NaN, "width": NaN, "service": NaN, "roughness": 3.0}}, {"type": "Feature", "geometry": {"type": "LineString", "coordinates": [[-55.9264405, -26.1076334], [-55.926258, -26.1066164]]}, "properties": {"osmid": "660567844", "oneway": "False", "lanes": "2", "ref": NaN, "name": "M\u00e9xico", "highway": "tertiary", "length": 114.544, "maxspeed": NaN, "bridge": NaN, "access": NaN, "tunnel": NaN, "junction": NaN, "width": NaN, "service": NaN, "roughness": 3.0}}, {"type": "Feature", "geometry": {"type": "LineString", "coordinates": [[-55.926258, -26.1066164], [-55.9261086, -26.1059354]]}, "properties": {"osmid": "660567844", "oneway": "False", "lanes": "2", "ref": NaN, "name": "M\u00e9xico", "highway": "tertiary", "length": 77.179, "maxspeed": NaN, "bridge": NaN, "access": NaN, "tunnel": NaN, "junction": NaN, "width": NaN, "service": NaN, "roughness": 3.0}}, {"type": "Feature", "geometry": {"type": "LineString", "coordinates": [[-55.9261086, -26.1059354], [-55.9260381, -26.1055874]]}, "properties": {"osmid": "677703808", "oneway": "False", "lanes": "2", "ref": NaN, "name": "M\u00e9xico", "highway": "tertiary", "length": 39.331, "maxspeed": NaN, "bridge": NaN, "access": NaN, "tunnel": NaN, "junction": NaN, "width": NaN, "service": NaN, "roughness": 3.0}}, {"type": "Feature", "geometry": {"type": "LineString", "coordinates": [[-55.9260381, -26.1055874], [-55.927256, -26.1053963]]}, "properties": {"osmid": "260899657", "oneway": "False", "lanes": "2", "ref": NaN, "name": "Ypane", "highway": "tertiary", "length": 123.452, "maxspeed": NaN, "bridge": NaN, "access": NaN, "tunnel": NaN, "junction": NaN, "width": NaN, "service": NaN, "roughness": 3.0}}, {"type": "Feature", "geometry": {"type": "LineString", "coordinates": [[-55.927256, -26.1053963], [-55.9286686, -26.1052329]]}, "properties": {"osmid": "260902343", "oneway": "False", "lanes": "2", "ref": NaN, "name": "Ypane", "highway": "tertiary", "length": 142.216, "maxspeed": NaN, "bridge": NaN, "access": NaN, "tunnel": NaN, "junction": NaN, "width": NaN, "service": NaN, "roughness": 3.0}}, {"type": "Feature", "geometry": {"type": "LineString", "coordinates": [[-55.9286686, -26.1052329], [-55.9298221, -26.1051086]]}, "properties": {"osmid": "260902343", "oneway": "False", "lanes": "2", "ref": NaN, "name": "Ypane", "highway": "tertiary", "length": 116.005, "maxspeed": NaN, "bridge": NaN, "access": NaN, "tunnel": NaN, "junction": NaN, "width": NaN, "service": NaN, "roughness": 3.0}}, {"type": "Feature", "geometry": {"type": "LineString", "coordinates": [[-55.9298221, -26.1051086], [-55.9309736, -26.1050026]]}, "properties": {"osmid": "260902344", "oneway": "False", "lanes": "2", "ref": NaN, "name": "Ypane", "highway": "tertiary", "length": 115.582, "maxspeed": NaN, "bridge": NaN, "access": NaN, "tunnel": NaN, "junction": NaN, "width": NaN, "service": NaN, "roughness": 3.0}}, {"type": "Feature", "geometry": {"type": "LineString", "coordinates": [[-55.9309736, -26.1050026], [-55.9320917, -26.1049129]]}, "properties": {"osmid": "260902344", "oneway": "False", "lanes": "2", "ref": NaN, "name": "Ypane", "highway": "tertiary", "length": 112.089, "maxspeed": NaN, "bridge": NaN, "access": NaN, "tunnel": NaN, "junction": NaN, "width": NaN, "service": NaN, "roughness": 3.0}}, {"type": "Feature", "geometry": {"type": "LineString", "coordinates": [[-55.9320917, -26.1049129], [-55.9333113, -26.1048284]]}, "properties": {"osmid": "260902344", "oneway": "False", "lanes": "2", "ref": NaN, "name": "Ypane", "highway": "tertiary", "length": 122.142, "maxspeed": NaN, "bridge": NaN, "access": NaN, "tunnel": NaN, "junction": NaN, "width": NaN, "service": NaN, "roughness": 3.0}}, {"type": "Feature", "geometry": {"type": "LineString", "coordinates": [[-55.9333113, -26.1048284], [-55.9343877, -26.1047522]]}, "properties": {"osmid": "260902344", "oneway": "False", "lanes": "2", "ref": NaN, "name": "Ypane", "highway": "tertiary", "length": 107.814, "maxspeed": NaN, "bridge": NaN, "access": NaN, "tunnel": NaN, "junction": NaN, "width": NaN, "service": NaN, "roughness": 3.0}}, {"type": "Feature", "geometry": {"type": "LineString", "coordinates": [[-55.9343877, -26.1047522], [-55.9342791, -26.1037456]]}, "properties": {"osmid": "677703810", "oneway": "False", "lanes": "2", "ref": "D044", "name": "Avenida Agust\u00edn Pereira", "highway": "secondary", "length": 112.453, "maxspeed": NaN, "bridge": NaN, "access": NaN, "tunnel": NaN, "junction": NaN, "width": NaN, "service": NaN, "roughness": 3.0}}, {"type": "Feature", "geometry": {"type": "LineString", "coordinates": [[-55.9342791, -26.1037456], [-55.9342645, -26.1036703]]}, "properties": {"osmid": "677703810", "oneway": "False", "lanes": "2", "ref": "D044", "name": "Avenida Agust\u00edn Pereira", "highway": "secondary", "length": 8.499, "maxspeed": NaN, "bridge": NaN, "access": NaN, "tunnel": NaN, "junction": NaN, "width": NaN, "service": NaN, "roughness": 3.0}}, {"type": "Feature", "geometry": {"type": "LineString", "coordinates": [[-55.9342645, -26.1036703], [-55.934212, -26.1035084]]}, "properties": {"osmid": "762950261", "oneway": "False", "lanes": "2", "ref": "D044", "name": "Avenida Agust\u00edn Pereira", "highway": "secondary", "length": 18.75, "maxspeed": "50", "bridge": NaN, "access": NaN, "tunnel": NaN, "junction": NaN, "width": NaN, "service": NaN, "roughness": 3.0}}, {"type": "Feature", "geometry": {"type": "LineString", "coordinates": [[-55.934212, -26.1035084], [-55.9341202, -26.103278]]}, "properties": {"osmid": "638857718", "oneway": "False", "lanes": "2", "ref": "D044", "name": "Avenida Agust\u00edn Pereira", "highway": "secondary", "length": 27.21, "maxspeed": NaN, "bridge": NaN, "access": NaN, "tunnel": NaN, "junction": NaN, "width": NaN, "service": NaN, "roughness": 3.0}}, {"type": "Feature", "geometry": {"type": "LineString", "coordinates": [[-55.9341202, -26.103278], [-55.9340252, -26.1030755]]}, "properties": {"osmid": "638857718", "oneway": "False", "lanes": "2", "ref": "D044", "name": "Avenida Agust\u00edn Pereira", "highway": "secondary", "length": 24.434, "maxspeed": NaN, "bridge": NaN, "access": NaN, "tunnel": NaN, "junction": NaN, "width": NaN, "service": NaN, "roughness": 3.0}}, {"type": "Feature", "geometry": {"type": "LineString", "coordinates": [[-55.9340252, -26.1030755], [-55.9338788, -26.1028271]]}, "properties": {"osmid": "638857718", "oneway": "False", "lanes": "2", "ref": "D044", "name": "Avenida Agust\u00edn Pereira", "highway": "secondary", "length": 31.251, "maxspeed": NaN, "bridge": NaN, "access": NaN, "tunnel": NaN, "junction": NaN, "width": NaN, "service": NaN, "roughness": 3.0}}, {"type": "Feature", "geometry": {"type": "LineString", "coordinates": [[-55.9338788, -26.1028271], [-55.9336486, -26.1024633]]}, "properties": {"osmid": "638857718", "oneway": "False", "lanes": "2", "ref": "D044", "name": "Avenida Agust\u00edn Pereira", "highway": "secondary", "length": 46.527, "maxspeed": NaN, "bridge": NaN, "access": NaN, "tunnel": NaN, "junction": NaN, "width": NaN, "service": NaN, "roughness": 3.0}}, {"type": "Feature", "geometry": {"type": "LineString", "coordinates": [[-55.9336486, -26.1024633], [-55.9326983, -26.1009612]]}, "properties": {"osmid": "638857718", "oneway": "False", "lanes": "2", "ref": "D044", "name": "Avenida Agust\u00edn Pereira", "highway": "secondary", "length": 192.1, "maxspeed": NaN, "bridge": NaN, "access": NaN, "tunnel": NaN, "junction": NaN, "width": NaN, "service": NaN, "roughness": 3.0}}, {"type": "Feature", "geometry": {"type": "LineString", "coordinates": [[-55.9326983, -26.1009612], [-55.9317474, -26.0994929]]}, "properties": {"osmid": "762950291", "oneway": "False", "lanes": "2", "ref": "D044", "name": "Ruta de la Producci\u00f3n", "highway": "secondary", "length": 188.872, "maxspeed": NaN, "bridge": NaN, "access": NaN, "tunnel": NaN, "junction": NaN, "width": NaN, "service": NaN, "roughness": 3.0}}, {"type": "Feature", "geometry": {"type": "LineString", "coordinates": [[-55.9317474, -26.0994929], [-55.9309419, -26.0982745]]}, "properties": {"osmid": "762950289", "oneway": "False", "lanes": "2", "ref": "D044", "name": "Ruta de la Producci\u00f3n", "highway": "secondary", "length": 157.558, "maxspeed": NaN, "bridge": NaN, "access": NaN, "tunnel": NaN, "junction": NaN, "width": NaN, "service": NaN, "roughness": 3.0}}, {"type": "Feature", "geometry": {"type": "LineString", "coordinates": [[-55.9309419, -26.0982745], [-55.929534, -26.0961359]]}, "properties": {"osmid": "762950289", "oneway": "False", "lanes": "2", "ref": "D044", "name": "Ruta de la Producci\u00f3n", "highway": "secondary", "length": 276.253, "maxspeed": NaN, "bridge": NaN, "access": NaN, "tunnel": NaN, "junction": NaN, "width": NaN, "service": NaN, "roughness": 3.0}}, {"type": "Feature", "geometry": {"type": "LineString", "coordinates": [[-55.929534, -26.0961359], [-55.9289316, -26.0951711]]}, "properties": {"osmid": "762950289", "oneway": "False", "lanes": "2", "ref": "D044", "name": "Ruta de la Producci\u00f3n", "highway": "secondary", "length": 122.996, "maxspeed": NaN, "bridge": NaN, "access": NaN, "tunnel": NaN, "junction": NaN, "width": NaN, "service": NaN, "roughness": 3.0}}, {"type": "Feature", "geometry": {"type": "LineString", "coordinates": [[-55.9289316, -26.0951711], [-55.9286503, -26.0947216]]}, "properties": {"osmid": "762950289", "oneway": "False", "lanes": "2", "ref": "D044", "name": "Ruta de la Producci\u00f3n", "highway": "secondary", "length": 57.335, "maxspeed": NaN, "bridge": NaN, "access": NaN, "tunnel": NaN, "junction": NaN, "width": NaN, "service": NaN, "roughness": 3.0}}, {"type": "Feature", "geometry": {"type": "LineString", "coordinates": [[-55.9286503, -26.0947216], [-55.9278441, -26.0932319]]}, "properties": {"osmid": "762950289", "oneway": "False", "lanes": "2", "ref": "D044", "name": "Ruta de la Producci\u00f3n", "highway": "secondary", "length": 184.175, "maxspeed": NaN, "bridge": NaN, "access": NaN, "tunnel": NaN, "junction": NaN, "width": NaN, "service": NaN, "roughness": 3.0}}, {"type": "Feature", "geometry": {"type": "LineString", "coordinates": [[-55.9278441, -26.0932319], [-55.9272895, -26.0921282]]}, "properties": {"osmid": "762950289", "oneway": "False", "lanes": "2", "ref": "D044", "name": "Ruta de la Producci\u00f3n", "highway": "secondary", "length": 134.644, "maxspeed": NaN, "bridge": NaN, "access": NaN, "tunnel": NaN, "junction": NaN, "width": NaN, "service": NaN, "roughness": 3.0}}, {"type": "Feature", "geometry": {"type": "LineString", "coordinates": [[-55.9272895, -26.0921282], [-55.9264881, -26.0905897]]}, "properties": {"osmid": "762950289", "oneway": "False", "lanes": "2", "ref": "D044", "name": "Ruta de la Producci\u00f3n", "highway": "secondary", "length": 188.868, "maxspeed": NaN, "bridge": NaN, "access": NaN, "tunnel": NaN, "junction": NaN, "width": NaN, "service": NaN, "roughness": 3.0}}, {"type": "Feature", "geometry": {"type": "LineString", "coordinates": [[-55.9264881, -26.0905897], [-55.9262696, -26.090123]]}, "properties": {"osmid": "762950289", "oneway": "False", "lanes": "2", "ref": "D044", "name": "Ruta de la Producci\u00f3n", "highway": "secondary", "length": 56.296, "maxspeed": NaN, "bridge": NaN, "access": NaN, "tunnel": NaN, "junction": NaN, "width": NaN, "service": NaN, "roughness": 3.0}}, {"type": "Feature", "geometry": {"type": "LineString", "coordinates": [[-55.9262696, -26.090123], [-55.9261301, -26.0897894]]}, "properties": {"osmid": "762950289", "oneway": "False", "lanes": "2", "ref": "D044", "name": "Ruta de la Producci\u00f3n", "highway": "secondary", "length": 39.624, "maxspeed": NaN, "bridge": NaN, "access": NaN, "tunnel": NaN, "junction": NaN, "width": NaN, "service": NaN, "roughness": 3.0}}, {"type": "Feature", "geometry": {"type": "LineString", "coordinates": [[-55.9261301, -26.0897894], [-55.9260165, -26.0894436]]}, "properties": {"osmid": "762950289", "oneway": "False", "lanes": "2", "ref": "D044", "name": "Ruta de la Producci\u00f3n", "highway": "secondary", "length": 40.09, "maxspeed": NaN, "bridge": NaN, "access": NaN, "tunnel": NaN, "junction": NaN, "width": NaN, "service": NaN, "roughness": 3.0}}, {"type": "Feature", "geometry": {"type": "LineString", "coordinates": [[-55.9260165, -26.0894436], [-55.9257475, -26.08831]]}, "properties": {"osmid": "762950289", "oneway": "False", "lanes": "2", "ref": "D044", "name": "Ruta de la Producci\u00f3n", "highway": "secondary", "length": 128.882, "maxspeed": NaN, "bridge": NaN, "access": NaN, "tunnel": NaN, "junction": NaN, "width": NaN, "service": NaN, "roughness": 3.0}}, {"type": "Feature", "geometry": {"type": "LineString", "coordinates": [[-55.9257475, -26.08831], [-55.9254297, -26.0869902]]}, "properties": {"osmid": "762950289", "oneway": "False", "lanes": "2", "ref": "D044", "name": "Ruta de la Producci\u00f3n", "highway": "secondary", "length": 150.148, "maxspeed": NaN, "bridge": NaN, "access": NaN, "tunnel": NaN, "junction": NaN, "width": NaN, "service": NaN, "roughness": 3.0}}, {"type": "Feature", "geometry": {"type": "LineString", "coordinates": [[-55.9254297, -26.0869902], [-55.9253102, -26.0864899]]}, "properties": {"osmid": "762950289", "oneway": "False", "lanes": "2", "ref": "D044", "name": "Ruta de la Producci\u00f3n", "highway": "secondary", "length": 56.897, "maxspeed": NaN, "bridge": NaN, "access": NaN, "tunnel": NaN, "junction": NaN, "width": NaN, "service": NaN, "roughness": 3.0}}, {"type": "Feature", "geometry": {"type": "LineString", "coordinates": [[-55.9253102, -26.0864899], [-55.9252578, -26.0861363]]}, "properties": {"osmid": "762950289", "oneway": "False", "lanes": "2", "ref": "D044", "name": "Ruta de la Producci\u00f3n", "highway": "secondary", "length": 39.665, "maxspeed": NaN, "bridge": NaN, "access": NaN, "tunnel": NaN, "junction": NaN, "width": NaN, "service": NaN, "roughness": 3.0}}, {"type": "Feature", "geometry": {"type": "LineString", "coordinates": [[-55.9252578, -26.0861363], [-55.9252212, -26.0856295]]}, "properties": {"osmid": "762950289", "oneway": "False", "lanes": "2", "ref": "D044", "name": "Ruta de la Producci\u00f3n", "highway": "secondary", "length": 56.472, "maxspeed": NaN, "bridge": NaN, "access": NaN, "tunnel": NaN, "junction": NaN, "width": NaN, "service": NaN, "roughness": 3.0}}, {"type": "Feature", "geometry": {"type": "LineString", "coordinates": [[-55.9252212, -26.0856295], [-55.9252069, -26.0852887]]}, "properties": {"osmid": "762950289", "oneway": "False", "lanes": "2", "ref": "D044", "name": "Ruta de la Producci\u00f3n", "highway": "secondary", "length": 37.922, "maxspeed": NaN, "bridge": NaN, "access": NaN, "tunnel": NaN, "junction": NaN, "width": NaN, "service": NaN, "roughness": 3.0}}, {"type": "Feature", "geometry": {"type": "LineString", "coordinates": [[-55.9252069, -26.0852887], [-55.9291507, -26.0796502]]}, "properties": {"osmid": "648622794", "oneway": "False", "lanes": NaN, "ref": NaN, "name": NaN, "highway": "unclassified", "length": 740.426, "maxspeed": NaN, "bridge": NaN, "access": NaN, "tunnel": NaN, "junction": NaN, "width": NaN, "service": NaN, "roughness": 3.0}}, {"type": "Feature", "geometry": {"type": "LineString", "coordinates": [[-55.9291507, -26.0796502], [-55.9292369, -26.0795263]]}, "properties": {"osmid": "648622794", "oneway": "False", "lanes": NaN, "ref": NaN, "name": NaN, "highway": "unclassified", "length": 16.246, "maxspeed": NaN, "bridge": NaN, "access": NaN, "tunnel": NaN, "junction": NaN, "width": NaN, "service": NaN, "roughness": 3.0}}, {"type": "Feature", "geometry": {"type": "LineString", "coordinates": [[-55.9292369, -26.0795263], [-55.9301059, -26.077811]]}, "properties": {"osmid": "648622794", "oneway": "False", "lanes": NaN, "ref": NaN, "name": NaN, "highway": "unclassified", "length": 209.551, "maxspeed": NaN, "bridge": NaN, "access": NaN, "tunnel": NaN, "junction": NaN, "width": NaN, "service": NaN, "roughness": 3.0}}, {"type": "Feature", "geometry": {"type": "LineString", "coordinates": [[-55.9301059, -26.077811], [-55.9303742, -26.0772424]]}, "properties": {"osmid": "648622794", "oneway": "False", "lanes": NaN, "ref": NaN, "name": NaN, "highway": "unclassified", "length": 68.67, "maxspeed": NaN, "bridge": NaN, "access": NaN, "tunnel": NaN, "junction": NaN, "width": NaN, "service": NaN, "roughness": 3.0}}, {"type": "Feature", "geometry": {"type": "LineString", "coordinates": [[-55.9303742, -26.0772424], [-55.9305458, -26.0768184]]}, "properties": {"osmid": "648622794", "oneway": "False", "lanes": NaN, "ref": NaN, "name": NaN, "highway": "unclassified", "length": 50.165, "maxspeed": NaN, "bridge": NaN, "access": NaN, "tunnel": NaN, "junction": NaN, "width": NaN, "service": NaN, "roughness": 3.0}}, {"type": "Feature", "geometry": {"type": "LineString", "coordinates": [[-55.9305458, -26.0768184], [-55.9307068, -26.0762499]]}, "properties": {"osmid": "648622794", "oneway": "False", "lanes": NaN, "ref": NaN, "name": NaN, "highway": "unclassified", "length": 65.228, "maxspeed": NaN, "bridge": NaN, "access": NaN, "tunnel": NaN, "junction": NaN, "width": NaN, "service": NaN, "roughness": 3.0}}, {"type": "Feature", "geometry": {"type": "LineString", "coordinates": [[-55.9307068, -26.0762499], [-55.9309428, -26.0757198]]}, "properties": {"osmid": "648622794", "oneway": "False", "lanes": NaN, "ref": NaN, "name": NaN, "highway": "unclassified", "length": 63.483, "maxspeed": NaN, "bridge": NaN, "access": NaN, "tunnel": NaN, "junction": NaN, "width": NaN, "service": NaN, "roughness": 3.0}}, {"type": "Feature", "geometry": {"type": "LineString", "coordinates": [[-55.9309428, -26.0757198], [-55.9318547, -26.0738117]]}, "properties": {"osmid": "648622794", "oneway": "False", "lanes": NaN, "ref": NaN, "name": NaN, "highway": "unclassified", "length": 230.894, "maxspeed": NaN, "bridge": NaN, "access": NaN, "tunnel": NaN, "junction": NaN, "width": NaN, "service": NaN, "roughness": 3.0}}, {"type": "Feature", "geometry": {"type": "LineString", "coordinates": [[-55.9318547, -26.0738117], [-55.9323268, -26.0728384]]}, "properties": {"osmid": "648622794", "oneway": "False", "lanes": NaN, "ref": NaN, "name": NaN, "highway": "unclassified", "length": 118.052, "maxspeed": NaN, "bridge": NaN, "access": NaN, "tunnel": NaN, "junction": NaN, "width": NaN, "service": NaN, "roughness": 3.0}}, {"type": "Feature", "geometry": {"type": "LineString", "coordinates": [[-55.9323268, -26.0728384], [-55.9324234, -26.0725107]]}, "properties": {"osmid": "648622794", "oneway": "False", "lanes": NaN, "ref": NaN, "name": NaN, "highway": "unclassified", "length": 37.694, "maxspeed": NaN, "bridge": NaN, "access": NaN, "tunnel": NaN, "junction": NaN, "width": NaN, "service": NaN, "roughness": 3.0}}, {"type": "Feature", "geometry": {"type": "LineString", "coordinates": [[-55.9324234, -26.0725107], [-55.9325199, -26.072212]]}, "properties": {"osmid": "648622794", "oneway": "False", "lanes": NaN, "ref": NaN, "name": NaN, "highway": "unclassified", "length": 34.584, "maxspeed": NaN, "bridge": NaN, "access": NaN, "tunnel": NaN, "junction": NaN, "width": NaN, "service": NaN, "roughness": 3.0}}, {"type": "Feature", "geometry": {"type": "LineString", "coordinates": [[-55.9325199, -26.072212], [-55.9326487, -26.0718265]]}, "properties": {"osmid": "648622794", "oneway": "False", "lanes": NaN, "ref": NaN, "name": NaN, "highway": "unclassified", "length": 44.755, "maxspeed": NaN, "bridge": NaN, "access": NaN, "tunnel": NaN, "junction": NaN, "width": NaN, "service": NaN, "roughness": 3.0}}, {"type": "Feature", "geometry": {"type": "LineString", "coordinates": [[-55.9326487, -26.0718265], [-55.9336679, -26.0669308]]}, "properties": {"osmid": "648622794", "oneway": "False", "lanes": NaN, "ref": NaN, "name": NaN, "highway": "unclassified", "length": 553.814, "maxspeed": NaN, "bridge": NaN, "access": NaN, "tunnel": NaN, "junction": NaN, "width": NaN, "service": NaN, "roughness": 3.0}}, {"type": "Feature", "geometry": {"type": "LineString", "coordinates": [[-55.9336679, -26.0669308], [-55.9340756, -26.065196]]}, "properties": {"osmid": "648622794", "oneway": "False", "lanes": NaN, "ref": NaN, "name": NaN, "highway": "unclassified", "length": 197.153, "maxspeed": NaN, "bridge": NaN, "access": NaN, "tunnel": NaN, "junction": NaN, "width": NaN, "service": NaN, "roughness": 3.0}}, {"type": "Feature", "geometry": {"type": "LineString", "coordinates": [[-55.9340756, -26.065196], [-55.9341849, -26.0649377]]}, "properties": {"osmid": "648622794", "oneway": "False", "lanes": NaN, "ref": NaN, "name": NaN, "highway": "unclassified", "length": 30.727, "maxspeed": NaN, "bridge": NaN, "access": NaN, "tunnel": NaN, "junction": NaN, "width": NaN, "service": NaN, "roughness": 3.0}}, {"type": "Feature", "geometry": {"type": "LineString", "coordinates": [[-55.9341849, -26.0649377], [-55.9353317, -26.0638965]]}, "properties": {"osmid": "762950289", "oneway": "False", "lanes": "2", "ref": "D044", "name": "Ruta de la Producci\u00f3n", "highway": "secondary", "length": 162.868, "maxspeed": NaN, "bridge": NaN, "access": NaN, "tunnel": NaN, "junction": NaN, "width": NaN, "service": NaN, "roughness": 3.0}}, {"type": "Feature", "geometry": {"type": "LineString", "coordinates": [[-55.9353317, -26.0638965], [-55.9353982, -26.0638361]]}, "properties": {"osmid": "762950289", "oneway": "False", "lanes": "2", "ref": "D044", "name": "Ruta de la Producci\u00f3n", "highway": "secondary", "length": 9.446, "maxspeed": NaN, "bridge": NaN, "access": NaN, "tunnel": NaN, "junction": NaN, "width": NaN, "service": NaN, "roughness": 3.0}}, {"type": "Feature", "geometry": {"type": "LineString", "coordinates": [[-55.9353982, -26.0638361], [-55.938, -26.0614796]]}, "properties": {"osmid": "762950289", "oneway": "False", "lanes": "2", "ref": "D044", "name": "Ruta de la Producci\u00f3n", "highway": "secondary", "length": 369.056, "maxspeed": NaN, "bridge": NaN, "access": NaN, "tunnel": NaN, "junction": NaN, "width": NaN, "service": NaN, "roughness": 3.0}}, {"type": "Feature", "geometry": {"type": "LineString", "coordinates": [[-55.938, -26.0614796], [-55.9382145, -26.0612773]]}, "properties": {"osmid": "762950289", "oneway": "False", "lanes": "2", "ref": "D044", "name": "Ruta de la Producci\u00f3n", "highway": "secondary", "length": 31.066, "maxspeed": NaN, "bridge": NaN, "access": NaN, "tunnel": NaN, "junction": NaN, "width": NaN, "service": NaN, "roughness": 3.0}}, {"type": "Feature", "geometry": {"type": "LineString", "coordinates": [[-55.9382145, -26.0612773], [-55.9384077, -26.0610363]]}, "properties": {"osmid": "762950289", "oneway": "False", "lanes": "2", "ref": "D044", "name": "Ruta de la Producci\u00f3n", "highway": "secondary", "length": 33.024, "maxspeed": NaN, "bridge": NaN, "access": NaN, "tunnel": NaN, "junction": NaN, "width": NaN, "service": NaN, "roughness": 3.0}}, {"type": "Feature", "geometry": {"type": "LineString", "coordinates": [[-55.9384077, -26.0610363], [-55.9385579, -26.0607954]]}, "properties": {"osmid": "762950289", "oneway": "False", "lanes": "2", "ref": "D044", "name": "Ruta de la Producci\u00f3n", "highway": "secondary", "length": 30.702, "maxspeed": NaN, "bridge": NaN, "access": NaN, "tunnel": NaN, "junction": NaN, "width": NaN, "service": NaN, "roughness": 3.0}}, {"type": "Feature", "geometry": {"type": "LineString", "coordinates": [[-55.9385579, -26.0607954], [-55.9386651, -26.0605833]]}, "properties": {"osmid": "762950289", "oneway": "False", "lanes": "2", "ref": "D044", "name": "Ruta de la Producci\u00f3n", "highway": "secondary", "length": 25.902, "maxspeed": NaN, "bridge": NaN, "access": NaN, "tunnel": NaN, "junction": NaN, "width": NaN, "service": NaN, "roughness": 3.0}}, {"type": "Feature", "geometry": {"type": "LineString", "coordinates": [[-55.9386651, -26.0605833], [-55.9389334, -26.0598074]]}, "properties": {"osmid": "762950289", "oneway": "False", "lanes": "2", "ref": "D044", "name": "Ruta de la Producci\u00f3n", "highway": "secondary", "length": 90.343, "maxspeed": NaN, "bridge": NaN, "access": NaN, "tunnel": NaN, "junction": NaN, "width": NaN, "service": NaN, "roughness": 3.0}}, {"type": "Feature", "geometry": {"type": "LineString", "coordinates": [[-55.9389334, -26.0598074], [-55.9395503, -26.0578364]]}, "properties": {"osmid": "762950289", "oneway": "False", "lanes": "2", "ref": "D044", "name": "Ruta de la Producci\u00f3n", "highway": "secondary", "length": 227.664, "maxspeed": NaN, "bridge": NaN, "access": NaN, "tunnel": NaN, "junction": NaN, "width": NaN, "service": NaN, "roughness": 3.0}}, {"type": "Feature", "geometry": {"type": "LineString", "coordinates": [[-55.9395503, -26.0578364], [-55.9397112, -26.0573545]]}, "properties": {"osmid": "762950289", "oneway": "False", "lanes": "2", "ref": "D044", "name": "Ruta de la Producci\u00f3n", "highway": "secondary", "length": 55.943, "maxspeed": NaN, "bridge": NaN, "access": NaN, "tunnel": NaN, "junction": NaN, "width": NaN, "service": NaN, "roughness": 3.0}}, {"type": "Feature", "geometry": {"type": "LineString", "coordinates": [[-55.9397112, -26.0573545], [-55.9398295, -26.0570382]]}, "properties": {"osmid": "762950289", "oneway": "False", "lanes": "2", "ref": "D044", "name": "Ruta de la Producci\u00f3n", "highway": "secondary", "length": 37.103, "maxspeed": NaN, "bridge": NaN, "access": NaN, "tunnel": NaN, "junction": NaN, "width": NaN, "service": NaN, "roughness": 3.0}}, {"type": "Feature", "geometry": {"type": "LineString", "coordinates": [[-55.9398295, -26.0570382], [-55.9407844, -26.0548695]]}, "properties": {"osmid": "762950289", "oneway": "False", "lanes": "2", "ref": "D044", "name": "Ruta de la Producci\u00f3n", "highway": "secondary", "length": 259.329, "maxspeed": NaN, "bridge": NaN, "access": NaN, "tunnel": NaN, "junction": NaN, "width": NaN, "service": NaN, "roughness": 3.0}}, {"type": "Feature", "geometry": {"type": "LineString", "coordinates": [[-55.9407844, -26.0548695], [-55.9414335, -26.0534189]]}, "properties": {"osmid": "762950289", "oneway": "False", "lanes": "2", "ref": "D044", "name": "Ruta de la Producci\u00f3n", "highway": "secondary", "length": 173.845, "maxspeed": NaN, "bridge": NaN, "access": NaN, "tunnel": NaN, "junction": NaN, "width": NaN, "service": NaN, "roughness": 3.0}}, {"type": "Feature", "geometry": {"type": "LineString", "coordinates": [[-55.9414335, -26.0534189], [-55.9416266, -26.05299]]}, "properties": {"osmid": "762950289", "oneway": "False", "lanes": "2", "ref": "D044", "name": "Ruta de la Producci\u00f3n", "highway": "secondary", "length": 51.445, "maxspeed": NaN, "bridge": NaN, "access": NaN, "tunnel": NaN, "junction": NaN, "width": NaN, "service": NaN, "roughness": 3.0}}, {"type": "Feature", "geometry": {"type": "LineString", "coordinates": [[-55.9416266, -26.05299], [-55.9417446, -26.0526815]]}, "properties": {"osmid": "762950289", "oneway": "False", "lanes": "2", "ref": "D044", "name": "Ruta de la Producci\u00f3n", "highway": "secondary", "length": 36.273, "maxspeed": NaN, "bridge": NaN, "access": NaN, "tunnel": NaN, "junction": NaN, "width": NaN, "service": NaN, "roughness": 3.0}}, {"type": "Feature", "geometry": {"type": "LineString", "coordinates": [[-55.9417446, -26.0526815], [-55.941868, -26.0522189]]}, "properties": {"osmid": "762950289", "oneway": "False", "lanes": "2", "ref": "D044", "name": "Ruta de la Producci\u00f3n", "highway": "secondary", "length": 52.895, "maxspeed": NaN, "bridge": NaN, "access": NaN, "tunnel": NaN, "junction": NaN, "width": NaN, "service": NaN, "roughness": 3.0}}, {"type": "Feature", "geometry": {"type": "LineString", "coordinates": [[-55.941868, -26.0522189], [-55.9419002, -26.0519201]]}, "properties": {"osmid": "762950289", "oneway": "False", "lanes": "2", "ref": "D044", "name": "Ruta de la Producci\u00f3n", "highway": "secondary", "length": 33.38, "maxspeed": NaN, "bridge": NaN, "access": NaN, "tunnel": NaN, "junction": NaN, "width": NaN, "service": NaN, "roughness": 3.0}}, {"type": "Feature", "geometry": {"type": "LineString", "coordinates": [[-55.9419002, -26.0519201], [-55.9419109, -26.0516068]]}, "properties": {"osmid": "762950289", "oneway": "False", "lanes": "2", "ref": "D044", "name": "Ruta de la Producci\u00f3n", "highway": "secondary", "length": 34.854, "maxspeed": NaN, "bridge": NaN, "access": NaN, "tunnel": NaN, "junction": NaN, "width": NaN, "service": NaN, "roughness": 3.0}}, {"type": "Feature", "geometry": {"type": "LineString", "coordinates": [[-55.9419109, -26.0516068], [-55.9419109, -26.0513562]]}, "properties": {"osmid": "762950289", "oneway": "False", "lanes": "2", "ref": "D044", "name": "Ruta de la Producci\u00f3n", "highway": "secondary", "length": 27.865, "maxspeed": NaN, "bridge": NaN, "access": NaN, "tunnel": NaN, "junction": NaN, "width": NaN, "service": NaN, "roughness": 3.0}}, {"type": "Feature", "geometry": {"type": "LineString", "coordinates": [[-55.9419109, -26.0513562], [-55.9418948, -26.0512068]]}, "properties": {"osmid": "762950289", "oneway": "False", "lanes": "2", "ref": "D044", "name": "Ruta de la Producci\u00f3n", "highway": "secondary", "length": 16.69, "maxspeed": NaN, "bridge": NaN, "access": NaN, "tunnel": NaN, "junction": NaN, "width": NaN, "service": NaN, "roughness": 3.0}}, {"type": "Feature", "geometry": {"type": "LineString", "coordinates": [[-55.9418948, -26.0512068], [-55.9418465, -26.0509032]]}, "properties": {"osmid": "762950289", "oneway": "False", "lanes": "2", "ref": "D044", "name": "Ruta de la Producci\u00f3n", "highway": "secondary", "length": 34.102, "maxspeed": NaN, "bridge": NaN, "access": NaN, "tunnel": NaN, "junction": NaN, "width": NaN, "service": NaN, "roughness": 3.0}}, {"type": "Feature", "geometry": {"type": "LineString", "coordinates": [[-55.9418465, -26.0509032], [-55.941755, -26.0505979]]}, "properties": {"osmid": "762950289", "oneway": "False", "lanes": "2", "ref": "D044", "name": "Ruta de la Producci\u00f3n", "highway": "secondary", "length": 35.157, "maxspeed": NaN, "bridge": NaN, "access": NaN, "tunnel": NaN, "junction": NaN, "width": NaN, "service": NaN, "roughness": 3.0}}, {"type": "Feature", "geometry": {"type": "LineString", "coordinates": [[-55.941755, -26.0505979], [-55.9416277, -26.0500965]]}, "properties": {"osmid": "762950289", "oneway": "False", "lanes": "2", "ref": "D044", "name": "Ruta de la Producci\u00f3n", "highway": "secondary", "length": 57.185, "maxspeed": NaN, "bridge": NaN, "access": NaN, "tunnel": NaN, "junction": NaN, "width": NaN, "service": NaN, "roughness": 3.0}}, {"type": "Feature", "geometry": {"type": "LineString", "coordinates": [[-55.9416277, -26.0500965], [-55.9415146, -26.0496255]]}, "properties": {"osmid": "587346435", "oneway": "True", "lanes": "1", "ref": "D044", "name": "Ruta de la Producci\u00f3n", "highway": "secondary", "length": 53.578, "maxspeed": NaN, "bridge": NaN, "access": NaN, "tunnel": NaN, "junction": NaN, "width": NaN, "service": NaN, "roughness": 3.0}}, {"type": "Feature", "geometry": {"type": "LineString", "coordinates": [[-55.9415146, -26.0496255], [-55.9415133, -26.0495975]]}, "properties": {"osmid": "257770446", "oneway": "True", "lanes": "1", "ref": "D044", "name": "Avenida Santiago Morel", "highway": "secondary", "length": 3.116, "maxspeed": NaN, "bridge": NaN, "access": NaN, "tunnel": NaN, "junction": "roundabout", "width": NaN, "service": NaN, "roughness": 3.0}}, {"type": "Feature", "geometry": {"type": "LineString", "coordinates": [[-55.9415133, -26.0495975], [-55.9414972, -26.0495549]]}, "properties": {"osmid": "257770446", "oneway": "True", "lanes": "1", "ref": "D044", "name": "Avenida Santiago Morel", "highway": "secondary", "length": 5.003, "maxspeed": NaN, "bridge": NaN, "access": NaN, "tunnel": NaN, "junction": "roundabout", "width": NaN, "service": NaN, "roughness": 3.0}}, {"type": "Feature", "geometry": {"type": "LineString", "coordinates": [[-55.9414972, -26.0495549], [-55.9414807, -26.0494448]]}, "properties": {"osmid": "257770458", "oneway": "True", "lanes": "1", "ref": "D044", "name": "Avenida Santiago Morel", "highway": "secondary", "length": 12.353, "maxspeed": NaN, "bridge": NaN, "access": NaN, "tunnel": NaN, "junction": NaN, "width": NaN, "service": NaN, "roughness": 3.0}}, {"type": "Feature", "geometry": {"type": "LineString", "coordinates": [[-55.9414807, -26.0494448], [-55.9414818, -26.0493899]]}, "properties": {"osmid": "257770458", "oneway": "True", "lanes": "1", "ref": "D044", "name": "Avenida Santiago Morel", "highway": "secondary", "length": 6.106, "maxspeed": NaN, "bridge": NaN, "access": NaN, "tunnel": NaN, "junction": NaN, "width": NaN, "service": NaN, "roughness": 3.0}}, {"type": "Feature", "geometry": {"type": "LineString", "coordinates": [[-55.9414818, -26.0493899], [-55.9414925, -26.0493176]]}, "properties": {"osmid": "257770458", "oneway": "True", "lanes": "1", "ref": "D044", "name": "Avenida Santiago Morel", "highway": "secondary", "length": 8.11, "maxspeed": NaN, "bridge": NaN, "access": NaN, "tunnel": NaN, "junction": NaN, "width": NaN, "service": NaN, "roughness": 3.0}}, {"type": "Feature", "geometry": {"type": "LineString", "coordinates": [[-55.9414925, -26.0493176], [-55.9417723, -26.0488963]]}, "properties": {"osmid": "257770458", "oneway": "True", "lanes": "1", "ref": "D044", "name": "Avenida Santiago Morel", "highway": "secondary", "length": 54.552, "maxspeed": NaN, "bridge": NaN, "access": NaN, "tunnel": NaN, "junction": NaN, "width": NaN, "service": NaN, "roughness": 3.0}}, {"type": "Feature", "geometry": {"type": "LineString", "coordinates": [[-55.9417723, -26.0488963], [-55.9419419, -26.0486407]]}, "properties": {"osmid": "257770458", "oneway": "True", "lanes": "1", "ref": "D044", "name": "Avenida Santiago Morel", "highway": "secondary", "length": 33.088, "maxspeed": NaN, "bridge": NaN, "access": NaN, "tunnel": NaN, "junction": NaN, "width": NaN, "service": NaN, "roughness": 3.0}}, {"type": "Feature", "geometry": {"type": "LineString", "coordinates": [[-55.9419419, -26.0486407], [-55.9426362, -26.0475951]]}, "properties": {"osmid": "257770458", "oneway": "True", "lanes": "1", "ref": "D044", "name": "Avenida Santiago Morel", "highway": "secondary", "length": 135.383, "maxspeed": NaN, "bridge": NaN, "access": NaN, "tunnel": NaN, "junction": NaN, "width": NaN, "service": NaN, "roughness": 3.0}}, {"type": "Feature", "geometry": {"type": "LineString", "coordinates": [[-55.9426362, -26.0475951], [-55.9427703, -26.047412]]}, "properties": {"osmid": "257770458", "oneway": "True", "lanes": "1", "ref": "D044", "name": "Avenida Santiago Morel", "highway": "secondary", "length": 24.372, "maxspeed": NaN, "bridge": NaN, "access": NaN, "tunnel": NaN, "junction": NaN, "width": NaN, "service": NaN, "roughness": 3.0}}, {"type": "Feature", "geometry": {"type": "LineString", "coordinates": [[-55.9427703, -26.047412], [-55.9429044, -26.047277]]}, "properties": {"osmid": "257770458", "oneway": "True", "lanes": "1", "ref": "D044", "name": "Avenida Santiago Morel", "highway": "secondary", "length": 20.12, "maxspeed": NaN, "bridge": NaN, "access": NaN, "tunnel": NaN, "junction": NaN, "width": NaN, "service": NaN, "roughness": 3.0}}, {"type": "Feature", "geometry": {"type": "LineString", "coordinates": [[-55.9429044, -26.047277], [-55.9430295, -26.0471835]]}, "properties": {"osmid": "257770458", "oneway": "True", "lanes": "1", "ref": "D044", "name": "Avenida Santiago Morel", "highway": "secondary", "length": 16.257, "maxspeed": NaN, "bridge": NaN, "access": NaN, "tunnel": NaN, "junction": NaN, "width": NaN, "service": NaN, "roughness": 3.0}}, {"type": "Feature", "geometry": {"type": "LineString", "coordinates": [[-55.9430295, -26.0471835], [-55.9437681, -26.0466312]]}, "properties": {"osmid": "257770458", "oneway": "True", "lanes": "1", "ref": "D044", "name": "Avenida Santiago Morel", "highway": "secondary", "length": 96.001, "maxspeed": NaN, "bridge": NaN, "access": NaN, "tunnel": NaN, "junction": NaN, "width": NaN, "service": NaN, "roughness": 3.0}}, {"type": "Feature", "geometry": {"type": "LineString", "coordinates": [[-55.9437681, -26.0466312], [-55.9439075, -26.0464722]]}, "properties": {"osmid": "257770458", "oneway": "True", "lanes": "1", "ref": "D044", "name": "Avenida Santiago Morel", "highway": "secondary", "length": 22.506, "maxspeed": NaN, "bridge": NaN, "access": NaN, "tunnel": NaN, "junction": NaN, "width": NaN, "service": NaN, "roughness": 3.0}}, {"type": "Feature", "geometry": {"type": "LineString", "coordinates": [[-55.9439075, -26.0464722], [-55.9439773, -26.0463951]]}, "properties": {"osmid": "648622791", "oneway": "False", "lanes": "2", "ref": "D044", "name": "Avenida Santiago Morel", "highway": "secondary", "length": 11.051, "maxspeed": NaN, "bridge": NaN, "access": NaN, "tunnel": NaN, "junction": NaN, "width": NaN, "service": NaN, "roughness": 3.0}}, {"type": "Feature", "geometry": {"type": "LineString", "coordinates": [[-55.9439773, -26.0463951], [-55.9440363, -26.0462842]]}, "properties": {"osmid": "648622791", "oneway": "False", "lanes": "2", "ref": "D044", "name": "Avenida Santiago Morel", "highway": "secondary", "length": 13.668, "maxspeed": NaN, "bridge": NaN, "access": NaN, "tunnel": NaN, "junction": NaN, "width": NaN, "service": NaN, "roughness": 3.0}}, {"type": "Feature", "geometry": {"type": "LineString", "coordinates": [[-55.9440363, -26.0462842], [-55.9442766, -26.0456638]]}, "properties": {"osmid": "648622791", "oneway": "False", "lanes": "2", "ref": "D044", "name": "Avenida Santiago Morel", "highway": "secondary", "length": 73.043, "maxspeed": NaN, "bridge": NaN, "access": NaN, "tunnel": NaN, "junction": NaN, "width": NaN, "service": NaN, "roughness": 3.0}}, {"type": "Feature", "geometry": {"type": "LineString", "coordinates": [[-55.9442766, -26.0456638], [-55.9446317, -26.0447467]]}, "properties": {"osmid": "648622791", "oneway": "False", "lanes": "2", "ref": "D044", "name": "Avenida Santiago Morel", "highway": "secondary", "length": 107.971, "maxspeed": NaN, "bridge": NaN, "access": NaN, "tunnel": NaN, "junction": NaN, "width": NaN, "service": NaN, "roughness": 3.0}}, {"type": "Feature", "geometry": {"type": "LineString", "coordinates": [[-55.9446317, -26.0447467], [-55.9447283, -26.0444624]]}, "properties": {"osmid": "648622791", "oneway": "False", "lanes": "2", "ref": "D044", "name": "Avenida Santiago Morel", "highway": "secondary", "length": 33.053, "maxspeed": NaN, "bridge": NaN, "access": NaN, "tunnel": NaN, "junction": NaN, "width": NaN, "service": NaN, "roughness": 3.0}}, {"type": "Feature", "geometry": {"type": "LineString", "coordinates": [[-55.9447283, -26.0444624], [-55.9447444, -26.0443226]]}, "properties": {"osmid": "648622791", "oneway": "False", "lanes": "2", "ref": "D044", "name": "Avenida Santiago Morel", "highway": "secondary", "length": 15.628, "maxspeed": NaN, "bridge": NaN, "access": NaN, "tunnel": NaN, "junction": NaN, "width": NaN, "service": NaN, "roughness": 3.0}}, {"type": "Feature", "geometry": {"type": "LineString", "coordinates": [[-55.9447444, -26.0443226], [-55.9447543, -26.0436576]]}, "properties": {"osmid": "648622791", "oneway": "False", "lanes": "2", "ref": "D044", "name": "Avenida Santiago Morel", "highway": "secondary", "length": 73.951, "maxspeed": NaN, "bridge": NaN, "access": NaN, "tunnel": NaN, "junction": NaN, "width": NaN, "service": NaN, "roughness": 3.0}}, {"type": "Feature", "geometry": {"type": "LineString", "coordinates": [[-55.9447543, -26.0436576], [-55.9447702, -26.0425874]]}, "properties": {"osmid": "648622791", "oneway": "False", "lanes": "2", "ref": "D044", "name": "Avenida Santiago Morel", "highway": "secondary", "length": 119.012, "maxspeed": NaN, "bridge": NaN, "access": NaN, "tunnel": NaN, "junction": NaN, "width": NaN, "service": NaN, "roughness": 3.0}}, {"type": "Feature", "geometry": {"type": "LineString", "coordinates": [[-55.9447702, -26.0425874], [-55.9447862, -26.041508]]}, "properties": {"osmid": "648622791", "oneway": "False", "lanes": "2", "ref": "D044", "name": "Avenida Santiago Morel", "highway": "secondary", "length": 120.035, "maxspeed": NaN, "bridge": NaN, "access": NaN, "tunnel": NaN, "junction": NaN, "width": NaN, "service": NaN, "roughness": 3.0}}, {"type": "Feature", "geometry": {"type": "LineString", "coordinates": [[-55.9447862, -26.041508], [-55.9448019, -26.0404609]]}, "properties": {"osmid": "648622785", "oneway": "False", "lanes": "2", "ref": "D044", "name": "Avenida Santiago Morel", "highway": "secondary", "length": 116.443, "maxspeed": NaN, "bridge": NaN, "access": NaN, "tunnel": NaN, "junction": NaN, "width": NaN, "service": NaN, "roughness": 3.0}}, {"type": "Feature", "geometry": {"type": "LineString", "coordinates": [[-55.9448019, -26.0404609], [-55.9448192, -26.0393396]]}, "properties": {"osmid": "257774225", "oneway": "False", "lanes": "2", "ref": NaN, "name": "Avenida Santiago Morel", "highway": "tertiary", "length": 124.695, "maxspeed": NaN, "bridge": NaN, "access": NaN, "tunnel": NaN, "junction": NaN, "width": NaN, "service": NaN, "roughness": 3.0}}, {"type": "Feature", "geometry": {"type": "LineString", "coordinates": [[-55.9448192, -26.0393396], [-55.9460412, -26.0393522]]}, "properties": {"osmid": "257771766", "oneway": "False", "lanes": "2", "ref": NaN, "name": "Mariscal Estigarribia", "highway": "tertiary", "length": 122.096, "maxspeed": NaN, "bridge": NaN, "access": NaN, "tunnel": NaN, "junction": NaN, "width": NaN, "service": NaN, "roughness": 3.0}}, {"type": "Feature", "geometry": {"type": "LineString", "coordinates": [[-55.9460412, -26.0393522], [-55.9472176, -26.0393642]]}, "properties": {"osmid": "257771766", "oneway": "False", "lanes": "2", "ref": NaN, "name": "Mariscal Estigarribia", "highway": "tertiary", "length": 117.539, "maxspeed": NaN, "bridge": NaN, "access": NaN, "tunnel": NaN, "junction": NaN, "width": NaN, "service": NaN, "roughness": 3.0}}, {"type": "Feature", "geometry": {"type": "LineString", "coordinates": [[-55.9472176, -26.0393642], [-55.9472592, -26.0382901]]}, "properties": {"osmid": "257774222", "oneway": "False", "lanes": "2", "ref": NaN, "name": "Carlos Ant\u00f3nio L\u00f3pez", "highway": "tertiary", "length": 119.507, "maxspeed": NaN, "bridge": NaN, "access": NaN, "tunnel": NaN, "junction": NaN, "width": NaN, "service": NaN, "roughness": 3.0}}]}