{"type": "FeatureCollection", "features": [{"type": "Feature", "geometry": {"type": "LineString", "coordinates": [[-56.1444067, -26.7997014], [-56.1419918, -26.7992]]}, "properties": {"osmid": "170185338", "oneway": "False", "lanes": "2", "ref": "D049", "name": "Ruta Departamental 049", "highway": "tertiary", "length": 246.082, "maxspeed": NaN, "bridge": NaN, "access": NaN, "tunnel": NaN, "junction": NaN, "width": NaN, "service": NaN, "roughness": 7.0}}, {"type": "Feature", "geometry": {"type": "LineString", "coordinates": [[-56.1419918, -26.7992], [-56.1373042, -26.7982267]]}, "properties": {"osmid": "170185338", "oneway": "False", "lanes": "2", "ref": "D049", "name": "Ruta Departamental 049", "highway": "tertiary", "length": 477.677, "maxspeed": NaN, "bridge": NaN, "access": NaN, "tunnel": NaN, "junction": NaN, "width": NaN, "service": NaN, "roughness": 7.0}}, {"type": "Feature", "geometry": {"type": "LineString", "coordinates": [[-56.1373042, -26.7982267], [-56.1322617, -26.7971541]]}, "properties": {"osmid": "170185338", "oneway": "False", "lanes": "2", "ref": "D049", "name": "Ruta Departamental 049", "highway": "tertiary", "length": 514.499, "maxspeed": NaN, "bridge": NaN, "access": NaN, "tunnel": NaN, "junction": NaN, "width": NaN, "service": NaN, "roughness": 7.0}}, {"type": "Feature", "geometry": {"type": "LineString", "coordinates": [[-56.1322617, -26.7971541], [-56.1311877, -26.7968543]]}, "properties": {"osmid": "170185338", "oneway": "False", "lanes": "2", "ref": "D049", "name": "Ruta Departamental 049", "highway": "tertiary", "length": 111.69, "maxspeed": NaN, "bridge": NaN, "access": NaN, "tunnel": NaN, "junction": NaN, "width": NaN, "service": NaN, "roughness": 7.0}}, {"type": "Feature", "geometry": {"type": "LineString", "coordinates": [[-56.1311877, -26.7968543], [-56.1307478, -26.7966436]]}, "properties": {"osmid": "170185338", "oneway": "False", "lanes": "2", "ref": "D049", "name": "Ruta Departamental 049", "highway": "tertiary", "length": 49.551, "maxspeed": NaN, "bridge": NaN, "access": NaN, "tunnel": NaN, "junction": NaN, "width": NaN, "service": NaN, "roughness": 7.0}}, {"type": "Feature", "geometry": {"type": "LineString", "coordinates": [[-56.1307478, -26.7966436], [-56.1305118, -26.7964617]]}, "properties": {"osmid": "170185338", "oneway": "False", "lanes": "2", "ref": "D049", "name": "Ruta Departamental 049", "highway": "tertiary", "length": 30.948, "maxspeed": NaN, "bridge": NaN, "access": NaN, "tunnel": NaN, "junction": NaN, "width": NaN, "service": NaN, "roughness": 7.0}}, {"type": "Feature", "geometry": {"type": "LineString", "coordinates": [[-56.1305118, -26.7964617], [-56.1301374, -26.7960623]]}, "properties": {"osmid": "170185338", "oneway": "False", "lanes": "2", "ref": "D049", "name": "Ruta Departamental 049", "highway": "tertiary", "length": 57.908, "maxspeed": NaN, "bridge": NaN, "access": NaN, "tunnel": NaN, "junction": NaN, "width": NaN, "service": NaN, "roughness": 7.0}}, {"type": "Feature", "geometry": {"type": "LineString", "coordinates": [[-56.1301374, -26.7960623], [-56.1297715, -26.7954849]]}, "properties": {"osmid": "170185338", "oneway": "False", "lanes": "2", "ref": "D049", "name": "Ruta Departamental 049", "highway": "tertiary", "length": 73.764, "maxspeed": NaN, "bridge": NaN, "access": NaN, "tunnel": NaN, "junction": NaN, "width": NaN, "service": NaN, "roughness": 7.0}}, {"type": "Feature", "geometry": {"type": "LineString", "coordinates": [[-56.1297715, -26.7954849], [-56.1290001, -26.7941278]]}, "properties": {"osmid": "170185338", "oneway": "False", "lanes": "2", "ref": "D049", "name": "Ruta Departamental 049", "highway": "tertiary", "length": 169.216, "maxspeed": NaN, "bridge": NaN, "access": NaN, "tunnel": NaN, "junction": NaN, "width": NaN, "service": NaN, "roughness": 7.0}}, {"type": "Feature", "geometry": {"type": "LineString", "coordinates": [[-56.1290001, -26.7941278], [-56.1288596, -26.7939621]]}, "properties": {"osmid": "170185338", "oneway": "False", "lanes": "2", "ref": "D049", "name": "Ruta Departamental 049", "highway": "tertiary", "length": 23.108, "maxspeed": NaN, "bridge": NaN, "access": NaN, "tunnel": NaN, "junction": NaN, "width": NaN, "service": NaN, "roughness": 7.0}}, {"type": "Feature", "geometry": {"type": "LineString", "coordinates": [[-56.1288596, -26.7939621], [-56.1286461, -26.7938309]]}, "properties": {"osmid": "170185338", "oneway": "False", "lanes": "2", "ref": "D049", "name": "Ruta Departamental 049", "highway": "tertiary", "length": 25.727, "maxspeed": NaN, "bridge": NaN, "access": NaN, "tunnel": NaN, "junction": NaN, "width": NaN, "service": NaN, "roughness": 7.0}}, {"type": "Feature", "geometry": {"type": "LineString", "coordinates": [[-56.1286461, -26.7938309], [-56.128366, -26.7937131]]}, "properties": {"osmid": "170185338", "oneway": "False", "lanes": "2", "ref": "D049", "name": "Ruta Departamental 049", "highway": "tertiary", "length": 30.733, "maxspeed": NaN, "bridge": NaN, "access": NaN, "tunnel": NaN, "junction": NaN, "width": NaN, "service": NaN, "roughness": 7.0}}, {"type": "Feature", "geometry": {"type": "LineString", "coordinates": [[-56.128366, -26.7937131], [-56.1225199, -26.7918198]]}, "properties": {"osmid": "170185338", "oneway": "False", "lanes": "2", "ref": "D049", "name": "Ruta Departamental 049", "highway": "tertiary", "length": 617.279, "maxspeed": NaN, "bridge": NaN, "access": NaN, "tunnel": NaN, "junction": NaN, "width": NaN, "service": NaN, "roughness": 7.0}}, {"type": "Feature", "geometry": {"type": "LineString", "coordinates": [[-56.1225199, -26.7918198], [-56.1222463, -26.7917417]]}, "properties": {"osmid": "170018851", "oneway": "False", "lanes": "1", "ref": "D049", "name": "Ruta Departamental 049", "highway": "tertiary", "length": 28.512, "maxspeed": NaN, "bridge": "yes", "access": NaN, "tunnel": NaN, "junction": NaN, "width": NaN, "service": NaN, "roughness": 7.0}}, {"type": "Feature", "geometry": {"type": "LineString", "coordinates": [[-56.1222463, -26.7917417], [-56.1213172, -26.7914242]]}, "properties": {"osmid": "170018853", "oneway": "False", "lanes": "2", "ref": "D049", "name": "Ruta Departamental 049", "highway": "tertiary", "length": 98.748, "maxspeed": NaN, "bridge": NaN, "access": NaN, "tunnel": NaN, "junction": NaN, "width": NaN, "service": NaN, "roughness": 7.0}}, {"type": "Feature", "geometry": {"type": "LineString", "coordinates": [[-56.1213172, -26.7914242], [-56.120074, -26.7908808]]}, "properties": {"osmid": "170018853", "oneway": "False", "lanes": "2", "ref": "D049", "name": "Ruta Departamental 049", "highway": "tertiary", "length": 137.398, "maxspeed": NaN, "bridge": NaN, "access": NaN, "tunnel": NaN, "junction": NaN, "width": NaN, "service": NaN, "roughness": 7.0}}, {"type": "Feature", "geometry": {"type": "LineString", "coordinates": [[-56.120074, -26.7908808], [-56.1199332, -26.7908113]]}, "properties": {"osmid": "170018850", "oneway": "False", "lanes": "1", "ref": "D049", "name": "Ruta Departamental 049", "highway": "tertiary", "length": 15.97, "maxspeed": NaN, "bridge": "yes", "access": NaN, "tunnel": NaN, "junction": NaN, "width": NaN, "service": NaN, "roughness": 7.0}}, {"type": "Feature", "geometry": {"type": "LineString", "coordinates": [[-56.1199332, -26.7908113], [-56.1176213, -26.7897476]]}, "properties": {"osmid": "170018846", "oneway": "False", "lanes": "2", "ref": "D049", "name": "Ruta Departamental 049", "highway": "tertiary", "length": 258.167, "maxspeed": NaN, "bridge": NaN, "access": NaN, "tunnel": NaN, "junction": NaN, "width": NaN, "service": NaN, "roughness": 7.0}}, {"type": "Feature", "geometry": {"type": "LineString", "coordinates": [[-56.1176213, -26.7897476], [-56.1155891, -26.7888125]]}, "properties": {"osmid": "170018846", "oneway": "False", "lanes": "2", "ref": "D049", "name": "Ruta Departamental 049", "highway": "tertiary", "length": 226.939, "maxspeed": NaN, "bridge": NaN, "access": NaN, "tunnel": NaN, "junction": NaN, "width": NaN, "service": NaN, "roughness": 7.0}}, {"type": "Feature", "geometry": {"type": "LineString", "coordinates": [[-56.1155891, -26.7888125], [-56.1105347, -26.7864823]]}, "properties": {"osmid": "170018846", "oneway": "False", "lanes": "2", "ref": "D049", "name": "Ruta Departamental 049", "highway": "tertiary", "length": 564.667, "maxspeed": NaN, "bridge": NaN, "access": NaN, "tunnel": NaN, "junction": NaN, "width": NaN, "service": NaN, "roughness": 7.0}}, {"type": "Feature", "geometry": {"type": "LineString", "coordinates": [[-56.1105347, -26.7864823], [-56.1070275, -26.7848857]]}, "properties": {"osmid": "170018846", "oneway": "False", "lanes": "2", "ref": "D049", "name": "Ruta Departamental 049", "highway": "tertiary", "length": 390.792, "maxspeed": NaN, "bridge": NaN, "access": NaN, "tunnel": NaN, "junction": NaN, "width": NaN, "service": NaN, "roughness": 7.0}}, {"type": "Feature", "geometry": {"type": "LineString", "coordinates": [[-56.1070275, -26.7848857], [-56.1066412, -26.7847421]]}, "properties": {"osmid": "170018846", "oneway": "False", "lanes": "2", "ref": "D049", "name": "Ruta Departamental 049", "highway": "tertiary", "length": 41.538, "maxspeed": NaN, "bridge": NaN, "access": NaN, "tunnel": NaN, "junction": NaN, "width": NaN, "service": NaN, "roughness": 7.0}}, {"type": "Feature", "geometry": {"type": "LineString", "coordinates": [[-56.1066412, -26.7847421], [-56.1062443, -26.7846463]]}, "properties": {"osmid": "170018846", "oneway": "False", "lanes": "2", "ref": "D049", "name": "Ruta Departamental 049", "highway": "tertiary", "length": 40.813, "maxspeed": NaN, "bridge": NaN, "access": NaN, "tunnel": NaN, "junction": NaN, "width": NaN, "service": NaN, "roughness": 7.0}}, {"type": "Feature", "geometry": {"type": "LineString", "coordinates": [[-56.1062443, -26.7846463], [-56.1057604, -26.7845668]]}, "properties": {"osmid": "170018846", "oneway": "False", "lanes": "2", "ref": "D049", "name": "Ruta Departamental 049", "highway": "tertiary", "length": 48.841, "maxspeed": NaN, "bridge": NaN, "access": NaN, "tunnel": NaN, "junction": NaN, "width": NaN, "service": NaN, "roughness": 7.0}}, {"type": "Feature", "geometry": {"type": "LineString", "coordinates": [[-56.1057604, -26.7845668], [-56.1050255, -26.7844911]]}, "properties": {"osmid": "170018846", "oneway": "False", "lanes": "2", "ref": "D049", "name": "Ruta Departamental 049", "highway": "tertiary", "length": 73.434, "maxspeed": NaN, "bridge": NaN, "access": NaN, "tunnel": NaN, "junction": NaN, "width": NaN, "service": NaN, "roughness": 7.0}}, {"type": "Feature", "geometry": {"type": "LineString", "coordinates": [[-56.1050255, -26.7844911], [-56.1035395, -26.7843561]]}, "properties": {"osmid": "170018846", "oneway": "False", "lanes": "2", "ref": "D049", "name": "Ruta Departamental 049", "highway": "tertiary", "length": 148.269, "maxspeed": NaN, "bridge": NaN, "access": NaN, "tunnel": NaN, "junction": NaN, "width": NaN, "service": NaN, "roughness": 7.0}}, {"type": "Feature", "geometry": {"type": "LineString", "coordinates": [[-56.1035395, -26.7843561], [-56.1031855, -26.7843561]]}, "properties": {"osmid": "170018846", "oneway": "False", "lanes": "2", "ref": "D049", "name": "Ruta Departamental 049", "highway": "tertiary", "length": 35.14, "maxspeed": NaN, "bridge": NaN, "access": NaN, "tunnel": NaN, "junction": NaN, "width": NaN, "service": NaN, "roughness": 7.0}}, {"type": "Feature", "geometry": {"type": "LineString", "coordinates": [[-56.1031855, -26.7843561], [-56.1027134, -26.7843944]]}, "properties": {"osmid": "170018846", "oneway": "False", "lanes": "2", "ref": "D049", "name": "Ruta Departamental 049", "highway": "tertiary", "length": 47.056, "maxspeed": NaN, "bridge": NaN, "access": NaN, "tunnel": NaN, "junction": NaN, "width": NaN, "service": NaN, "roughness": 7.0}}, {"type": "Feature", "geometry": {"type": "LineString", "coordinates": [[-56.1027134, -26.7843944], [-56.1020697, -26.7844806]]}, "properties": {"osmid": "170018846", "oneway": "False", "lanes": "2", "ref": "D049", "name": "Ruta Departamental 049", "highway": "tertiary", "length": 64.612, "maxspeed": NaN, "bridge": NaN, "access": NaN, "tunnel": NaN, "junction": NaN, "width": NaN, "service": NaN, "roughness": 7.0}}, {"type": "Feature", "geometry": {"type": "LineString", "coordinates": [[-56.1020697, -26.7844806], [-56.1015021, -26.7846176]]}, "properties": {"osmid": "170018846", "oneway": "False", "lanes": "2", "ref": "D049", "name": "Ruta Departamental 049", "highway": "tertiary", "length": 58.366, "maxspeed": NaN, "bridge": NaN, "access": NaN, "tunnel": NaN, "junction": NaN, "width": NaN, "service": NaN, "roughness": 7.0}}, {"type": "Feature", "geometry": {"type": "LineString", "coordinates": [[-56.1015021, -26.7846176], [-56.1011792, -26.7847296]]}, "properties": {"osmid": "170018846", "oneway": "False", "lanes": "2", "ref": "D049", "name": "Ruta Departamental 049", "highway": "tertiary", "length": 34.387, "maxspeed": NaN, "bridge": NaN, "access": NaN, "tunnel": NaN, "junction": NaN, "width": NaN, "service": NaN, "roughness": 7.0}}, {"type": "Feature", "geometry": {"type": "LineString", "coordinates": [[-56.1011792, -26.7847296], [-56.100794, -26.7849528]]}, "properties": {"osmid": "170018846", "oneway": "False", "lanes": "2", "ref": "D049", "name": "Ruta Departamental 049", "highway": "tertiary", "length": 45.585, "maxspeed": NaN, "bridge": NaN, "access": NaN, "tunnel": NaN, "junction": NaN, "width": NaN, "service": NaN, "roughness": 7.0}}, {"type": "Feature", "geometry": {"type": "LineString", "coordinates": [[-56.100794, -26.7849528], [-56.1004078, -26.7852401]]}, "properties": {"osmid": "170018846", "oneway": "False", "lanes": "2", "ref": "D049", "name": "Ruta Departamental 049", "highway": "tertiary", "length": 49.902, "maxspeed": NaN, "bridge": NaN, "access": NaN, "tunnel": NaN, "junction": NaN, "width": NaN, "service": NaN, "roughness": 7.0}}, {"type": "Feature", "geometry": {"type": "LineString", "coordinates": [[-56.1004078, -26.7852401], [-56.1000537, -26.7856136]]}, "properties": {"osmid": "170018846", "oneway": "False", "lanes": "2", "ref": "D049", "name": "Ruta Departamental 049", "highway": "tertiary", "length": 54.409, "maxspeed": NaN, "bridge": NaN, "access": NaN, "tunnel": NaN, "junction": NaN, "width": NaN, "service": NaN, "roughness": 7.0}}, {"type": "Feature", "geometry": {"type": "LineString", "coordinates": [[-56.1000537, -26.7856136], [-56.0983907, -26.7878356]]}, "properties": {"osmid": "170018846", "oneway": "False", "lanes": "2", "ref": "D049", "name": "Ruta Departamental 049", "highway": "tertiary", "length": 297.146, "maxspeed": NaN, "bridge": NaN, "access": NaN, "tunnel": NaN, "junction": NaN, "width": NaN, "service": NaN, "roughness": 7.0}}, {"type": "Feature", "geometry": {"type": "LineString", "coordinates": [[-56.0983907, -26.7878356], [-56.0981654, -26.7880559]]}, "properties": {"osmid": "170018846", "oneway": "False", "lanes": "2", "ref": "D049", "name": "Ruta Departamental 049", "highway": "tertiary", "length": 33.169, "maxspeed": NaN, "bridge": NaN, "access": NaN, "tunnel": NaN, "junction": NaN, "width": NaN, "service": NaN, "roughness": 7.0}}, {"type": "Feature", "geometry": {"type": "LineString", "coordinates": [[-56.0981654, -26.7880559], [-56.0979605, -26.7881584]]}, "properties": {"osmid": "170018846", "oneway": "False", "lanes": "2", "ref": "D049", "name": "Ruta Departamental 049", "highway": "tertiary", "length": 23.314, "maxspeed": NaN, "bridge": NaN, "access": NaN, "tunnel": NaN, "junction": NaN, "width": NaN, "service": NaN, "roughness": 7.0}}, {"type": "Feature", "geometry": {"type": "LineString", "coordinates": [[-56.0979605, -26.7881584], [-56.0976397, -26.7882379]]}, "properties": {"osmid": "170018846", "oneway": "False", "lanes": "2", "ref": "D049", "name": "Ruta Departamental 049", "highway": "tertiary", "length": 33.047, "maxspeed": NaN, "bridge": NaN, "access": NaN, "tunnel": NaN, "junction": NaN, "width": NaN, "service": NaN, "roughness": 7.0}}, {"type": "Feature", "geometry": {"type": "LineString", "coordinates": [[-56.0976397, -26.7882379], [-56.0950691, -26.788734]]}, "properties": {"osmid": "170018846", "oneway": "False", "lanes": "2", "ref": "D049", "name": "Ruta Departamental 049", "highway": "tertiary", "length": 261.056, "maxspeed": NaN, "bridge": NaN, "access": NaN, "tunnel": NaN, "junction": NaN, "width": NaN, "service": NaN, "roughness": 7.0}}, {"type": "Feature", "geometry": {"type": "LineString", "coordinates": [[-56.0950691, -26.788734], [-56.0932844, -26.7891956]]}, "properties": {"osmid": "170018846", "oneway": "False", "lanes": "2", "ref": "D049", "name": "Ruta Departamental 049", "highway": "tertiary", "length": 184.437, "maxspeed": NaN, "bridge": NaN, "access": NaN, "tunnel": NaN, "junction": NaN, "width": NaN, "service": NaN, "roughness": 7.0}}, {"type": "Feature", "geometry": {"type": "LineString", "coordinates": [[-56.0932844, -26.7891956], [-56.0928751, -26.7893556]]}, "properties": {"osmid": "170018846", "oneway": "False", "lanes": "2", "ref": "D049", "name": "Ruta Departamental 049", "highway": "tertiary", "length": 44.352, "maxspeed": NaN, "bridge": NaN, "access": NaN, "tunnel": NaN, "junction": NaN, "width": NaN, "service": NaN, "roughness": 7.0}}, {"type": "Feature", "geometry": {"type": "LineString", "coordinates": [[-56.0928751, -26.7893556], [-56.0923493, -26.7895567]]}, "properties": {"osmid": "170018846", "oneway": "False", "lanes": "2", "ref": "D049", "name": "Ruta Departamental 049", "highway": "tertiary", "length": 56.78, "maxspeed": NaN, "bridge": NaN, "access": NaN, "tunnel": NaN, "junction": NaN, "width": NaN, "service": NaN, "roughness": 7.0}}, {"type": "Feature", "geometry": {"type": "LineString", "coordinates": [[-56.0923493, -26.7895567], [-56.0917593, -26.7897099]]}, "properties": {"osmid": "170018846", "oneway": "False", "lanes": "2", "ref": "D049", "name": "Ruta Departamental 049", "highway": "tertiary", "length": 60.991, "maxspeed": NaN, "bridge": NaN, "access": NaN, "tunnel": NaN, "junction": NaN, "width": NaN, "service": NaN, "roughness": 7.0}}, {"type": "Feature", "geometry": {"type": "LineString", "coordinates": [[-56.0917593, -26.7897099], [-56.0899906, -26.7901246]]}, "properties": {"osmid": "170018846", "oneway": "False", "lanes": "2", "ref": "D049", "name": "Ruta Departamental 049", "highway": "tertiary", "length": 181.516, "maxspeed": NaN, "bridge": NaN, "access": NaN, "tunnel": NaN, "junction": NaN, "width": NaN, "service": NaN, "roughness": 7.0}}, {"type": "Feature", "geometry": {"type": "LineString", "coordinates": [[-56.0899906, -26.7901246], [-56.0896473, -26.7901342]]}, "properties": {"osmid": "170018846", "oneway": "False", "lanes": "2", "ref": "D049", "name": "Ruta Departamental 049", "highway": "tertiary", "length": 34.093, "maxspeed": NaN, "bridge": NaN, "access": NaN, "tunnel": NaN, "junction": NaN, "width": NaN, "service": NaN, "roughness": 7.0}}, {"type": "Feature", "geometry": {"type": "LineString", "coordinates": [[-56.0896473, -26.7901342], [-56.0891859, -26.7900959]]}, "properties": {"osmid": "170018846", "oneway": "False", "lanes": "2", "ref": "D049", "name": "Ruta Departamental 049", "highway": "tertiary", "length": 45.996, "maxspeed": NaN, "bridge": NaN, "access": NaN, "tunnel": NaN, "junction": NaN, "width": NaN, "service": NaN, "roughness": 7.0}}, {"type": "Feature", "geometry": {"type": "LineString", "coordinates": [[-56.0891859, -26.7900959], [-56.0887659, -26.7899877]]}, "properties": {"osmid": "170018846", "oneway": "False", "lanes": "2", "ref": "D049", "name": "Ruta Departamental 049", "highway": "tertiary", "length": 43.391, "maxspeed": NaN, "bridge": NaN, "access": NaN, "tunnel": NaN, "junction": NaN, "width": NaN, "service": NaN, "roughness": 7.0}}, {"type": "Feature", "geometry": {"type": "LineString", "coordinates": [[-56.0887659, -26.7899877], [-56.0878663, -26.7897319]]}, "properties": {"osmid": "170018846", "oneway": "False", "lanes": "2", "ref": "D049", "name": "Ruta Departamental 049", "highway": "tertiary", "length": 93.715, "maxspeed": NaN, "bridge": NaN, "access": NaN, "tunnel": NaN, "junction": NaN, "width": NaN, "service": NaN, "roughness": 7.0}}, {"type": "Feature", "geometry": {"type": "LineString", "coordinates": [[-56.0878663, -26.7897319], [-56.0875337, -26.7897032]]}, "properties": {"osmid": "170018846", "oneway": "False", "lanes": "2", "ref": "D049", "name": "Ruta Departamental 049", "highway": "tertiary", "length": 33.168, "maxspeed": NaN, "bridge": NaN, "access": NaN, "tunnel": NaN, "junction": NaN, "width": NaN, "service": NaN, "roughness": 7.0}}, {"type": "Feature", "geometry": {"type": "LineString", "coordinates": [[-56.0875337, -26.7897032], [-56.0871351, -26.7897482]]}, "properties": {"osmid": "170018846", "oneway": "False", "lanes": "2", "ref": "D049", "name": "Ruta Departamental 049", "highway": "tertiary", "length": 39.88, "maxspeed": NaN, "bridge": NaN, "access": NaN, "tunnel": NaN, "junction": NaN, "width": NaN, "service": NaN, "roughness": 7.0}}, {"type": "Feature", "geometry": {"type": "LineString", "coordinates": [[-56.0871351, -26.7897482], [-56.0868685, -26.7898756]]}, "properties": {"osmid": "170018846", "oneway": "False", "lanes": "2", "ref": "D049", "name": "Ruta Departamental 049", "highway": "tertiary", "length": 30.016, "maxspeed": NaN, "bridge": NaN, "access": NaN, "tunnel": NaN, "junction": NaN, "width": NaN, "service": NaN, "roughness": 7.0}}, {"type": "Feature", "geometry": {"type": "LineString", "coordinates": [[-56.0868685, -26.7898756], [-56.0856025, -26.790795]]}, "properties": {"osmid": "170018846", "oneway": "False", "lanes": "2", "ref": "D049", "name": "Ruta Departamental 049", "highway": "tertiary", "length": 161.996, "maxspeed": NaN, "bridge": NaN, "access": NaN, "tunnel": NaN, "junction": NaN, "width": NaN, "service": NaN, "roughness": 7.0}}, {"type": "Feature", "geometry": {"type": "LineString", "coordinates": [[-56.0856025, -26.790795], [-56.0853541, -26.7909645]]}, "properties": {"osmid": "170018846", "oneway": "False", "lanes": "2", "ref": "D049", "name": "Ruta Departamental 049", "highway": "tertiary", "length": 31.035, "maxspeed": NaN, "bridge": NaN, "access": NaN, "tunnel": NaN, "junction": NaN, "width": NaN, "service": NaN, "roughness": 7.0}}, {"type": "Feature", "geometry": {"type": "LineString", "coordinates": [[-56.0853541, -26.7909645], [-56.0850553, -26.7910823]]}, "properties": {"osmid": "170018846", "oneway": "False", "lanes": "2", "ref": "D049", "name": "Ruta Departamental 049", "highway": "tertiary", "length": 32.422, "maxspeed": NaN, "bridge": NaN, "access": NaN, "tunnel": NaN, "junction": NaN, "width": NaN, "service": NaN, "roughness": 7.0}}, {"type": "Feature", "geometry": {"type": "LineString", "coordinates": [[-56.0850553, -26.7910823], [-56.084712, -26.7911398]]}, "properties": {"osmid": "170018846", "oneway": "False", "lanes": "2", "ref": "D049", "name": "Ruta Departamental 049", "highway": "tertiary", "length": 34.67, "maxspeed": NaN, "bridge": NaN, "access": NaN, "tunnel": NaN, "junction": NaN, "width": NaN, "service": NaN, "roughness": 7.0}}, {"type": "Feature", "geometry": {"type": "LineString", "coordinates": [[-56.084712, -26.7911398], [-56.0843258, -26.7911398]]}, "properties": {"osmid": "170018846", "oneway": "False", "lanes": "2", "ref": "D049", "name": "Ruta Departamental 049", "highway": "tertiary", "length": 38.334, "maxspeed": NaN, "bridge": NaN, "access": NaN, "tunnel": NaN, "junction": NaN, "width": NaN, "service": NaN, "roughness": 7.0}}, {"type": "Feature", "geometry": {"type": "LineString", "coordinates": [[-56.0843258, -26.7911398], [-56.0815899, -26.7910919]]}, "properties": {"osmid": "170018846", "oneway": "False", "lanes": "2", "ref": "D049", "name": "Ruta Departamental 049", "highway": "tertiary", "length": 271.615, "maxspeed": NaN, "bridge": NaN, "access": NaN, "tunnel": NaN, "junction": NaN, "width": NaN, "service": NaN, "roughness": 7.0}}, {"type": "Feature", "geometry": {"type": "LineString", "coordinates": [[-56.0815899, -26.7910919], [-56.081311, -26.7911111]]}, "properties": {"osmid": "170018846", "oneway": "False", "lanes": "2", "ref": "D049", "name": "Ruta Departamental 049", "highway": "tertiary", "length": 27.766, "maxspeed": NaN, "bridge": NaN, "access": NaN, "tunnel": NaN, "junction": NaN, "width": NaN, "service": NaN, "roughness": 7.0}}, {"type": "Feature", "geometry": {"type": "LineString", "coordinates": [[-56.081311, -26.7911111], [-56.0811377, -26.7911752]]}, "properties": {"osmid": "170018846", "oneway": "False", "lanes": "2", "ref": "D049", "name": "Ruta Departamental 049", "highway": "tertiary", "length": 18.62, "maxspeed": NaN, "bridge": NaN, "access": NaN, "tunnel": NaN, "junction": NaN, "width": NaN, "service": NaN, "roughness": 7.0}}, {"type": "Feature", "geometry": {"type": "LineString", "coordinates": [[-56.0811377, -26.7911752], [-56.0809017, -26.7912997]]}, "properties": {"osmid": "170018846", "oneway": "False", "lanes": "2", "ref": "D049", "name": "Ruta Departamental 049", "highway": "tertiary", "length": 27.21, "maxspeed": NaN, "bridge": NaN, "access": NaN, "tunnel": NaN, "junction": NaN, "width": NaN, "service": NaN, "roughness": 7.0}}, {"type": "Feature", "geometry": {"type": "LineString", "coordinates": [[-56.0809017, -26.7912997], [-56.0799683, -26.7919989]]}, "properties": {"osmid": "170018846", "oneway": "False", "lanes": "2", "ref": "D049", "name": "Ruta Departamental 049", "highway": "tertiary", "length": 120.948, "maxspeed": NaN, "bridge": NaN, "access": NaN, "tunnel": NaN, "junction": NaN, "width": NaN, "service": NaN, "roughness": 7.0}}, {"type": "Feature", "geometry": {"type": "LineString", "coordinates": [[-56.0799683, -26.7919989], [-56.0795836, -26.7922412]]}, "properties": {"osmid": "170018846", "oneway": "False", "lanes": "2", "ref": "D049", "name": "Ruta Departamental 049", "highway": "tertiary", "length": 46.733, "maxspeed": NaN, "bridge": NaN, "access": NaN, "tunnel": NaN, "junction": NaN, "width": NaN, "service": NaN, "roughness": 7.0}}, {"type": "Feature", "geometry": {"type": "LineString", "coordinates": [[-56.0795836, -26.7922412], [-56.0791421, -26.7924202]]}, "properties": {"osmid": "170018846", "oneway": "False", "lanes": "2", "ref": "D049", "name": "Ruta Departamental 049", "highway": "tertiary", "length": 48.131, "maxspeed": NaN, "bridge": NaN, "access": NaN, "tunnel": NaN, "junction": NaN, "width": NaN, "service": NaN, "roughness": 7.0}}, {"type": "Feature", "geometry": {"type": "LineString", "coordinates": [[-56.0791421, -26.7924202], [-56.0779099, -26.7928445]]}, "properties": {"osmid": "170018846", "oneway": "False", "lanes": "2", "ref": "D049", "name": "Ruta Departamental 049", "highway": "tertiary", "length": 131.09, "maxspeed": NaN, "bridge": NaN, "access": NaN, "tunnel": NaN, "junction": NaN, "width": NaN, "service": NaN, "roughness": 7.0}}, {"type": "Feature", "geometry": {"type": "LineString", "coordinates": [[-56.0779099, -26.7928445], [-56.0775237, -26.7929115]]}, "properties": {"osmid": "170018846", "oneway": "False", "lanes": "2", "ref": "D049", "name": "Ruta Departamental 049", "highway": "tertiary", "length": 39.05, "maxspeed": NaN, "bridge": NaN, "access": NaN, "tunnel": NaN, "junction": NaN, "width": NaN, "service": NaN, "roughness": 7.0}}, {"type": "Feature", "geometry": {"type": "LineString", "coordinates": [[-56.0775237, -26.7929115], [-56.0771589, -26.7929115]]}, "properties": {"osmid": "170018846", "oneway": "False", "lanes": "2", "ref": "D049", "name": "Ruta Departamental 049", "highway": "tertiary", "length": 36.209, "maxspeed": NaN, "bridge": NaN, "access": NaN, "tunnel": NaN, "junction": NaN, "width": NaN, "service": NaN, "roughness": 7.0}}, {"type": "Feature", "geometry": {"type": "LineString", "coordinates": [[-56.0771589, -26.7929115], [-56.0767174, -26.7928512]]}, "properties": {"osmid": "170018846", "oneway": "False", "lanes": "2", "ref": "D049", "name": "Ruta Departamental 049", "highway": "tertiary", "length": 44.332, "maxspeed": NaN, "bridge": NaN, "access": NaN, "tunnel": NaN, "junction": NaN, "width": NaN, "service": NaN, "roughness": 7.0}}, {"type": "Feature", "geometry": {"type": "LineString", "coordinates": [[-56.0767174, -26.7928512], [-56.0725026, -26.7921358]]}, "properties": {"osmid": "170018846", "oneway": "False", "lanes": "2", "ref": "D049", "name": "Ruta Departamental 049", "highway": "tertiary", "length": 425.847, "maxspeed": NaN, "bridge": NaN, "access": NaN, "tunnel": NaN, "junction": NaN, "width": NaN, "service": NaN, "roughness": 7.0}}, {"type": "Feature", "geometry": {"type": "LineString", "coordinates": [[-56.0725026, -26.7921358], [-56.0720413, -26.7920975]]}, "properties": {"osmid": "170018846", "oneway": "False", "lanes": "2", "ref": "D049", "name": "Ruta Departamental 049", "highway": "tertiary", "length": 45.985, "maxspeed": NaN, "bridge": NaN, "access": NaN, "tunnel": NaN, "junction": NaN, "width": NaN, "service": NaN, "roughness": 7.0}}, {"type": "Feature", "geometry": {"type": "LineString", "coordinates": [[-56.0720413, -26.7920975], [-56.0714404, -26.7920879]]}, "properties": {"osmid": "170018846", "oneway": "False", "lanes": "2", "ref": "D049", "name": "Ruta Departamental 049", "highway": "tertiary", "length": 59.654, "maxspeed": NaN, "bridge": NaN, "access": NaN, "tunnel": NaN, "junction": NaN, "width": NaN, "service": NaN, "roughness": 7.0}}, {"type": "Feature", "geometry": {"type": "LineString", "coordinates": [[-56.0714404, -26.7920879], [-56.0675995, -26.7921645]]}, "properties": {"osmid": "170018846", "oneway": "False", "lanes": "2", "ref": "D049", "name": "Ruta Departamental 049", "highway": "tertiary", "length": 381.335, "maxspeed": NaN, "bridge": NaN, "access": NaN, "tunnel": NaN, "junction": NaN, "width": NaN, "service": NaN, "roughness": 7.0}}, {"type": "Feature", "geometry": {"type": "LineString", "coordinates": [[-56.0675995, -26.7921645], [-56.0660224, -26.7922412]]}, "properties": {"osmid": "170018846", "oneway": "False", "lanes": "2", "ref": "D049", "name": "Ruta Departamental 049", "highway": "tertiary", "length": 156.772, "maxspeed": NaN, "bridge": NaN, "access": NaN, "tunnel": NaN, "junction": NaN, "width": NaN, "service": NaN, "roughness": 7.0}}, {"type": "Feature", "geometry": {"type": "LineString", "coordinates": [[-56.0660224, -26.7922412], [-56.065722, -26.792289]]}, "properties": {"osmid": "170018846", "oneway": "False", "lanes": "2", "ref": "D049", "name": "Ruta Departamental 049", "highway": "tertiary", "length": 30.287, "maxspeed": NaN, "bridge": NaN, "access": NaN, "tunnel": NaN, "junction": NaN, "width": NaN, "service": NaN, "roughness": 7.0}}, {"type": "Feature", "geometry": {"type": "LineString", "coordinates": [[-56.065722, -26.792289], [-56.0654538, -26.7923848]]}, "properties": {"osmid": "170018846", "oneway": "False", "lanes": "2", "ref": "D049", "name": "Ruta Departamental 049", "highway": "tertiary", "length": 28.673, "maxspeed": NaN, "bridge": NaN, "access": NaN, "tunnel": NaN, "junction": NaN, "width": NaN, "service": NaN, "roughness": 7.0}}, {"type": "Feature", "geometry": {"type": "LineString", "coordinates": [[-56.0654538, -26.7923848], [-56.0645418, -26.7928254]]}, "properties": {"osmid": "170018846", "oneway": "False", "lanes": "2", "ref": "D049", "name": "Ruta Departamental 049", "highway": "tertiary", "length": 102.93, "maxspeed": NaN, "bridge": NaN, "access": NaN, "tunnel": NaN, "junction": NaN, "width": NaN, "service": NaN, "roughness": 7.0}}, {"type": "Feature", "geometry": {"type": "LineString", "coordinates": [[-56.0645418, -26.7928254], [-56.0641234, -26.7929977]]}, "properties": {"osmid": "170018846", "oneway": "False", "lanes": "2", "ref": "D049", "name": "Ruta Departamental 049", "highway": "tertiary", "length": 45.736, "maxspeed": NaN, "bridge": NaN, "access": NaN, "tunnel": NaN, "junction": NaN, "width": NaN, "service": NaN, "roughness": 7.0}}, {"type": "Feature", "geometry": {"type": "LineString", "coordinates": [[-56.0641234, -26.7929977], [-56.0636604, -26.7931385]]}, "properties": {"osmid": "170018846", "oneway": "False", "lanes": "2", "ref": "D049", "name": "Ruta Departamental 049", "highway": "tertiary", "length": 48.55, "maxspeed": NaN, "bridge": NaN, "access": NaN, "tunnel": NaN, "junction": NaN, "width": NaN, "service": NaN, "roughness": 7.0}}, {"type": "Feature", "geometry": {"type": "LineString", "coordinates": [[-56.0636604, -26.7931385], [-56.0615914, -26.7936681]]}, "properties": {"osmid": "170018846", "oneway": "False", "lanes": "2", "ref": "D049", "name": "Ruta Departamental 049", "highway": "tertiary", "length": 213.639, "maxspeed": NaN, "bridge": NaN, "access": NaN, "tunnel": NaN, "junction": NaN, "width": NaN, "service": NaN, "roughness": 7.0}}, {"type": "Feature", "geometry": {"type": "LineString", "coordinates": [[-56.0615914, -26.7936681], [-56.0613339, -26.7937447]]}, "properties": {"osmid": "170018846", "oneway": "False", "lanes": "2", "ref": "D049", "name": "Ruta Departamental 049", "highway": "tertiary", "length": 26.94, "maxspeed": NaN, "bridge": NaN, "access": NaN, "tunnel": NaN, "junction": NaN, "width": NaN, "service": NaN, "roughness": 7.0}}, {"type": "Feature", "geometry": {"type": "LineString", "coordinates": [[-56.0613339, -26.7937447], [-56.0609047, -26.7940033]]}, "properties": {"osmid": "170018846", "oneway": "False", "lanes": "2", "ref": "D049", "name": "Ruta Departamental 049", "highway": "tertiary", "length": 51.397, "maxspeed": NaN, "bridge": NaN, "access": NaN, "tunnel": NaN, "junction": NaN, "width": NaN, "service": NaN, "roughness": 7.0}}, {"type": "Feature", "geometry": {"type": "LineString", "coordinates": [[-56.0609047, -26.7940033], [-56.0603667, -26.7942782]]}, "properties": {"osmid": "170018846", "oneway": "False", "lanes": "2", "ref": "D049", "name": "Ruta Departamental 049", "highway": "tertiary", "length": 61.53, "maxspeed": NaN, "bridge": NaN, "access": NaN, "tunnel": NaN, "junction": NaN, "width": NaN, "service": NaN, "roughness": 7.0}}, {"type": "Feature", "geometry": {"type": "LineString", "coordinates": [[-56.0603667, -26.7942782], [-56.0599606, -26.7944151]]}, "properties": {"osmid": "170018846", "oneway": "False", "lanes": "2", "ref": "D049", "name": "Ruta Departamental 049", "highway": "tertiary", "length": 43.087, "maxspeed": NaN, "bridge": NaN, "access": NaN, "tunnel": NaN, "junction": NaN, "width": NaN, "service": NaN, "roughness": 7.0}}, {"type": "Feature", "geometry": {"type": "LineString", "coordinates": [[-56.0599606, -26.7944151], [-56.0593491, -26.7946067]]}, "properties": {"osmid": "170018846", "oneway": "False", "lanes": "2", "ref": "D049", "name": "Ruta Departamental 049", "highway": "tertiary", "length": 64.326, "maxspeed": NaN, "bridge": NaN, "access": NaN, "tunnel": NaN, "junction": NaN, "width": NaN, "service": NaN, "roughness": 7.0}}, {"type": "Feature", "geometry": {"type": "LineString", "coordinates": [[-56.0593491, -26.7946067], [-56.0578148, -26.7950185]]}, "properties": {"osmid": "170018846", "oneway": "False", "lanes": "2", "ref": "D049", "name": "Ruta Departamental 049", "highway": "tertiary", "length": 159.023, "maxspeed": NaN, "bridge": NaN, "access": NaN, "tunnel": NaN, "junction": NaN, "width": NaN, "service": NaN, "roughness": 7.0}}, {"type": "Feature", "geometry": {"type": "LineString", "coordinates": [[-56.0578148, -26.7950185], [-56.0575037, -26.7951142]]}, "properties": {"osmid": "170018846", "oneway": "False", "lanes": "2", "ref": "D049", "name": "Ruta Departamental 049", "highway": "tertiary", "length": 32.661, "maxspeed": NaN, "bridge": NaN, "access": NaN, "tunnel": NaN, "junction": NaN, "width": NaN, "service": NaN, "roughness": 7.0}}, {"type": "Feature", "geometry": {"type": "LineString", "coordinates": [[-56.0575037, -26.7951142], [-56.0571389, -26.7952962]]}, "properties": {"osmid": "170018846", "oneway": "False", "lanes": "2", "ref": "D049", "name": "Ruta Departamental 049", "highway": "tertiary", "length": 41.48, "maxspeed": NaN, "bridge": NaN, "access": NaN, "tunnel": NaN, "junction": NaN, "width": NaN, "service": NaN, "roughness": 7.0}}, {"type": "Feature", "geometry": {"type": "LineString", "coordinates": [[-56.0571389, -26.7952962], [-56.0550988, -26.7963851]]}, "properties": {"osmid": "170018846", "oneway": "False", "lanes": "2", "ref": "D049", "name": "Ruta Departamental 049", "highway": "tertiary", "length": 235.929, "maxspeed": NaN, "bridge": NaN, "access": NaN, "tunnel": NaN, "junction": NaN, "width": NaN, "service": NaN, "roughness": 7.0}}, {"type": "Feature", "geometry": {"type": "LineString", "coordinates": [[-56.0550988, -26.7963851], [-56.0530174, -26.7976109]]}, "properties": {"osmid": "170018846", "oneway": "False", "lanes": "2", "ref": "D049", "name": "Ruta Departamental 049", "highway": "tertiary", "length": 247.501, "maxspeed": NaN, "bridge": NaN, "access": NaN, "tunnel": NaN, "junction": NaN, "width": NaN, "service": NaN, "roughness": 7.0}}, {"type": "Feature", "geometry": {"type": "LineString", "coordinates": [[-56.0530174, -26.7976109], [-56.0527277, -26.7977258]]}, "properties": {"osmid": "170018846", "oneway": "False", "lanes": "2", "ref": "D049", "name": "Ruta Departamental 049", "highway": "tertiary", "length": 31.464, "maxspeed": NaN, "bridge": NaN, "access": NaN, "tunnel": NaN, "junction": NaN, "width": NaN, "service": NaN, "roughness": 7.0}}, {"type": "Feature", "geometry": {"type": "LineString", "coordinates": [[-56.0527277, -26.7977258], [-56.0524595, -26.7977928]]}, "properties": {"osmid": "170018846", "oneway": "False", "lanes": "2", "ref": "D049", "name": "Ruta Departamental 049", "highway": "tertiary", "length": 27.643, "maxspeed": NaN, "bridge": NaN, "access": NaN, "tunnel": NaN, "junction": NaN, "width": NaN, "service": NaN, "roughness": 7.0}}, {"type": "Feature", "geometry": {"type": "LineString", "coordinates": [[-56.0524595, -26.7977928], [-56.0521822, -26.7978149]]}, "properties": {"osmid": "170018846", "oneway": "False", "lanes": "2", "ref": "D049", "name": "Ruta Departamental 049", "highway": "tertiary", "length": 27.632, "maxspeed": NaN, "bridge": NaN, "access": NaN, "tunnel": NaN, "junction": NaN, "width": NaN, "service": NaN, "roughness": 7.0}}, {"type": "Feature", "geometry": {"type": "LineString", "coordinates": [[-56.0521822, -26.7978149], [-56.0518925, -26.7977766]]}, "properties": {"osmid": "170018846", "oneway": "False", "lanes": "2", "ref": "D049", "name": "Ruta Departamental 049", "highway": "tertiary", "length": 29.067, "maxspeed": NaN, "bridge": NaN, "access": NaN, "tunnel": NaN, "junction": NaN, "width": NaN, "service": NaN, "roughness": 7.0}}, {"type": "Feature", "geometry": {"type": "LineString", "coordinates": [[-56.0518925, -26.7977766], [-56.0515277, -26.7976808]]}, "properties": {"osmid": "170018846", "oneway": "False", "lanes": "2", "ref": "D049", "name": "Ruta Departamental 049", "highway": "tertiary", "length": 37.742, "maxspeed": NaN, "bridge": NaN, "access": NaN, "tunnel": NaN, "junction": NaN, "width": NaN, "service": NaN, "roughness": 7.0}}, {"type": "Feature", "geometry": {"type": "LineString", "coordinates": [[-56.0515277, -26.7976808], [-56.0510433, -26.7974768]]}, "properties": {"osmid": "170018846", "oneway": "False", "lanes": "2", "ref": "D049", "name": "Ruta Departamental 049", "highway": "tertiary", "length": 53.161, "maxspeed": NaN, "bridge": NaN, "access": NaN, "tunnel": NaN, "junction": NaN, "width": NaN, "service": NaN, "roughness": 7.0}}, {"type": "Feature", "geometry": {"type": "LineString", "coordinates": [[-56.0510433, -26.7974768], [-56.0507429, -26.7974002]]}, "properties": {"osmid": "170018846", "oneway": "False", "lanes": "2", "ref": "D049", "name": "Ruta Departamental 049", "highway": "tertiary", "length": 31.008, "maxspeed": NaN, "bridge": NaN, "access": NaN, "tunnel": NaN, "junction": NaN, "width": NaN, "service": NaN, "roughness": 7.0}}, {"type": "Feature", "geometry": {"type": "LineString", "coordinates": [[-56.0507429, -26.7974002], [-56.0503781, -26.7973715]]}, "properties": {"osmid": "170018846", "oneway": "False", "lanes": "2", "ref": "D049", "name": "Ruta Departamental 049", "highway": "tertiary", "length": 36.348, "maxspeed": NaN, "bridge": NaN, "access": NaN, "tunnel": NaN, "junction": NaN, "width": NaN, "service": NaN, "roughness": 7.0}}, {"type": "Feature", "geometry": {"type": "LineString", "coordinates": [[-56.0503781, -26.7973715], [-56.0499828, -26.7973648]]}, "properties": {"osmid": "170018846", "oneway": "False", "lanes": "2", "ref": "D049", "name": "Ruta Departamental 049", "highway": "tertiary", "length": 39.242, "maxspeed": NaN, "bridge": NaN, "access": NaN, "tunnel": NaN, "junction": NaN, "width": NaN, "service": NaN, "roughness": 7.0}}, {"type": "Feature", "geometry": {"type": "LineString", "coordinates": [[-56.0499828, -26.7973648], [-56.0475473, -26.7973935]]}, "properties": {"osmid": "170018846", "oneway": "False", "lanes": "2", "ref": "D049", "name": "Ruta Departamental 049", "highway": "tertiary", "length": 241.753, "maxspeed": NaN, "bridge": NaN, "access": NaN, "tunnel": NaN, "junction": NaN, "width": NaN, "service": NaN, "roughness": 7.0}}, {"type": "Feature", "geometry": {"type": "LineString", "coordinates": [[-56.0475473, -26.7973935], [-56.0445218, -26.7975946]]}, "properties": {"osmid": "170018846", "oneway": "False", "lanes": "2", "ref": "D049", "name": "Ruta Departamental 049", "highway": "tertiary", "length": 301.122, "maxspeed": NaN, "bridge": NaN, "access": NaN, "tunnel": NaN, "junction": NaN, "width": NaN, "service": NaN, "roughness": 7.0}}, {"type": "Feature", "geometry": {"type": "LineString", "coordinates": [[-56.0445218, -26.7975946], [-56.0425477, -26.7977766]]}, "properties": {"osmid": "170018846", "oneway": "False", "lanes": "2", "ref": "D049", "name": "Ruta Departamental 049", "highway": "tertiary", "length": 196.978, "maxspeed": NaN, "bridge": NaN, "access": NaN, "tunnel": NaN, "junction": NaN, "width": NaN, "service": NaN, "roughness": 7.0}}, {"type": "Feature", "geometry": {"type": "LineString", "coordinates": [[-56.0425477, -26.7977766], [-56.042353, -26.797745]]}, "properties": {"osmid": "170018846", "oneway": "False", "lanes": "2", "ref": "D049", "name": "Ruta Departamental 049", "highway": "tertiary", "length": 19.641, "maxspeed": NaN, "bridge": NaN, "access": NaN, "tunnel": NaN, "junction": NaN, "width": NaN, "service": NaN, "roughness": 7.0}}, {"type": "Feature", "geometry": {"type": "LineString", "coordinates": [[-56.042353, -26.797745], [-56.0420327, -26.7976808]]}, "properties": {"osmid": "170018846", "oneway": "False", "lanes": "2", "ref": "D049", "name": "Ruta Departamental 049", "highway": "tertiary", "length": 32.582, "maxspeed": NaN, "bridge": NaN, "access": NaN, "tunnel": NaN, "junction": NaN, "width": NaN, "service": NaN, "roughness": 7.0}}, {"type": "Feature", "geometry": {"type": "LineString", "coordinates": [[-56.0420327, -26.7976808], [-56.0410977, -26.7974672]]}, "properties": {"osmid": "170018846", "oneway": "False", "lanes": "2", "ref": "D049", "name": "Ruta Departamental 049", "highway": "tertiary", "length": 95.793, "maxspeed": NaN, "bridge": NaN, "access": NaN, "tunnel": NaN, "junction": NaN, "width": NaN, "service": NaN, "roughness": 7.0}}, {"type": "Feature", "geometry": {"type": "LineString", "coordinates": [[-56.0410977, -26.7974672], [-56.0407238, -26.7974031]]}, "properties": {"osmid": "170018846", "oneway": "False", "lanes": "2", "ref": "D049", "name": "Ruta Departamental 049", "highway": "tertiary", "length": 37.789, "maxspeed": NaN, "bridge": NaN, "access": NaN, "tunnel": NaN, "junction": NaN, "width": NaN, "service": NaN, "roughness": 7.0}}, {"type": "Feature", "geometry": {"type": "LineString", "coordinates": [[-56.0407238, -26.7974031], [-56.0384155, -26.7971321]]}, "properties": {"osmid": "170018846", "oneway": "False", "lanes": "2", "ref": "D049", "name": "Ruta Departamental 049", "highway": "tertiary", "length": 231.08, "maxspeed": NaN, "bridge": NaN, "access": NaN, "tunnel": NaN, "junction": NaN, "width": NaN, "service": NaN, "roughness": 7.0}}, {"type": "Feature", "geometry": {"type": "LineString", "coordinates": [[-56.0384155, -26.7971321], [-56.0373996, -26.7972178]]}, "properties": {"osmid": "170018846", "oneway": "False", "lanes": "2", "ref": "D049", "name": "Ruta Departamental 049", "highway": "tertiary", "length": 101.281, "maxspeed": NaN, "bridge": NaN, "access": NaN, "tunnel": NaN, "junction": NaN, "width": NaN, "service": NaN, "roughness": 7.0}}, {"type": "Feature", "geometry": {"type": "LineString", "coordinates": [[-56.0373996, -26.7972178], [-56.0346394, -26.7978461]]}, "properties": {"osmid": "170018846", "oneway": "False", "lanes": "2", "ref": "D049", "name": "Ruta Departamental 049", "highway": "tertiary", "length": 282.727, "maxspeed": NaN, "bridge": NaN, "access": NaN, "tunnel": NaN, "junction": NaN, "width": NaN, "service": NaN, "roughness": 7.0}}, {"type": "Feature", "geometry": {"type": "LineString", "coordinates": [[-56.0346394, -26.7978461], [-56.030675, -26.7987473]]}, "properties": {"osmid": "170018846", "oneway": "False", "lanes": "2", "ref": "D049", "name": "Ruta Departamental 049", "highway": "tertiary", "length": 406.037, "maxspeed": NaN, "bridge": NaN, "access": NaN, "tunnel": NaN, "junction": NaN, "width": NaN, "service": NaN, "roughness": 7.0}}, {"type": "Feature", "geometry": {"type": "LineString", "coordinates": [[-56.030675, -26.7987473], [-56.030323, -26.7989127]]}, "properties": {"osmid": "170018846", "oneway": "False", "lanes": "2", "ref": "D049", "name": "Ruta Departamental 049", "highway": "tertiary", "length": 39.482, "maxspeed": NaN, "bridge": NaN, "access": NaN, "tunnel": NaN, "junction": NaN, "width": NaN, "service": NaN, "roughness": 7.0}}, {"type": "Feature", "geometry": {"type": "LineString", "coordinates": [[-56.030323, -26.7989127], [-56.0290633, -26.7996402]]}, "properties": {"osmid": "170018846", "oneway": "False", "lanes": "2", "ref": "D049", "name": "Ruta Departamental 049", "highway": "tertiary", "length": 148.915, "maxspeed": NaN, "bridge": NaN, "access": NaN, "tunnel": NaN, "junction": NaN, "width": NaN, "service": NaN, "roughness": 7.0}}, {"type": "Feature", "geometry": {"type": "LineString", "coordinates": [[-56.0290633, -26.7996402], [-56.028276, -26.8000288]]}, "properties": {"osmid": "170018846", "oneway": "False", "lanes": "2", "ref": "D049", "name": "Ruta Departamental 049", "highway": "tertiary", "length": 89.292, "maxspeed": NaN, "bridge": NaN, "access": NaN, "tunnel": NaN, "junction": NaN, "width": NaN, "service": NaN, "roughness": 7.0}}, {"type": "Feature", "geometry": {"type": "LineString", "coordinates": [[-56.028276, -26.8000288], [-56.0262474, -26.8005497]]}, "properties": {"osmid": "170018846", "oneway": "False", "lanes": "2", "ref": "D049", "name": "Ruta Departamental 049", "highway": "tertiary", "length": 209.506, "maxspeed": NaN, "bridge": NaN, "access": NaN, "tunnel": NaN, "junction": NaN, "width": NaN, "service": NaN, "roughness": 7.0}}]}