{"type": "FeatureCollection", "features": [{"type": "Feature", "geometry": {"type": "LineString", "coordinates": [[-56.1444067, -26.7997014], [-56.1419918, -26.7992]]}, "properties": {"osmid": "170185338", "oneway": "False", "lanes": "2", "ref": "D049", "name": "Ruta Departamental 049", "highway": "tertiary", "length": 246.082, "maxspeed": NaN, "bridge": NaN, "access": NaN, "tunnel": NaN, "junction": NaN, "width": NaN, "service": NaN, "roughness": 3.0}}, {"type": "Feature", "geometry": {"type": "LineString", "coordinates": [[-56.1419918, -26.7992], [-56.1373042, -26.7982267]]}, "properties": {"osmid": "170185338", "oneway": "False", "lanes": "2", "ref": "D049", "name": "Ruta Departamental 049", "highway": "tertiary", "length": 477.677, "maxspeed": NaN, "bridge": NaN, "access": NaN, "tunnel": NaN, "junction": NaN, "width": NaN, "service": NaN, "roughness": 3.0}}, {"type": "Feature", "geometry": {"type": "LineString", "coordinates": [[-56.1373042, -26.7982267], [-56.1322617, -26.7971541]]}, "properties": {"osmid": "170185338", "oneway": "False", "lanes": "2", "ref": "D049", "name": "Ruta Departamental 049", "highway": "tertiary", "length": 514.499, "maxspeed": NaN, "bridge": NaN, "access": NaN, "tunnel": NaN, "junction": NaN, "width": NaN, "service": NaN, "roughness": 3.0}}, {"type": "Feature", "geometry": {"type": "LineString", "coordinates": [[-56.1322617, -26.7971541], [-56.1311877, -26.7968543]]}, "properties": {"osmid": "170185338", "oneway": "False", "lanes": "2", "ref": "D049", "name": "Ruta Departamental 049", "highway": "tertiary", "length": 111.69, "maxspeed": NaN, "bridge": NaN, "access": NaN, "tunnel": NaN, "junction": NaN, "width": NaN, "service": NaN, "roughness": 3.0}}, {"type": "Feature", "geometry": {"type": "LineString", "coordinates": [[-56.1311877, -26.7968543], [-56.1307478, -26.7966436]]}, "properties": {"osmid": "170185338", "oneway": "False", "lanes": "2", "ref": "D049", "name": "Ruta Departamental 049", "highway": "tertiary", "length": 49.551, "maxspeed": NaN, "bridge": NaN, "access": NaN, "tunnel": NaN, "junction": NaN, "width": NaN, "service": NaN, "roughness": 3.0}}, {"type": "Feature", "geometry": {"type": "LineString", "coordinates": [[-56.1307478, -26.7966436], [-56.1305118, -26.7964617]]}, "properties": {"osmid": "170185338", "oneway": "False", "lanes": "2", "ref": "D049", "name": "Ruta Departamental 049", "highway": "tertiary", "length": 30.948, "maxspeed": NaN, "bridge": NaN, "access": NaN, "tunnel": NaN, "junction": NaN, "width": NaN, "service": NaN, "roughness": 3.0}}, {"type": "Feature", "geometry": {"type": "LineString", "coordinates": [[-56.1305118, -26.7964617], [-56.1301374, -26.7960623]]}, "properties": {"osmid": "170185338", "oneway": "False", "lanes": "2", "ref": "D049", "name": "Ruta Departamental 049", "highway": "tertiary", "length": 57.908, "maxspeed": NaN, "bridge": NaN, "access": NaN, "tunnel": NaN, "junction": NaN, "width": NaN, "service": NaN, "roughness": 3.0}}, {"type": "Feature", "geometry": {"type": "LineString", "coordinates": [[-56.1301374, -26.7960623], [-56.1297715, -26.7954849]]}, "properties": {"osmid": "170185338", "oneway": "False", "lanes": "2", "ref": "D049", "name": "Ruta Departamental 049", "highway": "tertiary", "length": 73.764, "maxspeed": NaN, "bridge": NaN, "access": NaN, "tunnel": NaN, "junction": NaN, "width": NaN, "service": NaN, "roughness": 3.0}}, {"type": "Feature", "geometry": {"type": "LineString", "coordinates": [[-56.1297715, -26.7954849], [-56.1290001, -26.7941278]]}, "properties": {"osmid": "170185338", "oneway": "False", "lanes": "2", "ref": "D049", "name": "Ruta Departamental 049", "highway": "tertiary", "length": 169.216, "maxspeed": NaN, "bridge": NaN, "access": NaN, "tunnel": NaN, "junction": NaN, "width": NaN, "service": NaN, "roughness": 3.0}}, {"type": "Feature", "geometry": {"type": "LineString", "coordinates": [[-56.1290001, -26.7941278], [-56.1288596, -26.7939621]]}, "properties": {"osmid": "170185338", "oneway": "False", "lanes": "2", "ref": "D049", "name": "Ruta Departamental 049", "highway": "tertiary", "length": 23.108, "maxspeed": NaN, "bridge": NaN, "access": NaN, "tunnel": NaN, "junction": NaN, "width": NaN, "service": NaN, "roughness": 3.0}}, {"type": "Feature", "geometry": {"type": "LineString", "coordinates": [[-56.1288596, -26.7939621], [-56.1286461, -26.7938309]]}, "properties": {"osmid": "170185338", "oneway": "False", "lanes": "2", "ref": "D049", "name": "Ruta Departamental 049", "highway": "tertiary", "length": 25.727, "maxspeed": NaN, "bridge": NaN, "access": NaN, "tunnel": NaN, "junction": NaN, "width": NaN, "service": NaN, "roughness": 3.0}}, {"type": "Feature", "geometry": {"type": "LineString", "coordinates": [[-56.1286461, -26.7938309], [-56.128366, -26.7937131]]}, "properties": {"osmid": "170185338", "oneway": "False", "lanes": "2", "ref": "D049", "name": "Ruta Departamental 049", "highway": "tertiary", "length": 30.733, "maxspeed": NaN, "bridge": NaN, "access": NaN, "tunnel": NaN, "junction": NaN, "width": NaN, "service": NaN, "roughness": 3.0}}, {"type": "Feature", "geometry": {"type": "LineString", "coordinates": [[-56.128366, -26.7937131], [-56.1225199, -26.7918198]]}, "properties": {"osmid": "170185338", "oneway": "False", "lanes": "2", "ref": "D049", "name": "Ruta Departamental 049", "highway": "tertiary", "length": 617.279, "maxspeed": NaN, "bridge": NaN, "access": NaN, "tunnel": NaN, "junction": NaN, "width": NaN, "service": NaN, "roughness": 3.0}}, {"type": "Feature", "geometry": {"type": "LineString", "coordinates": [[-56.1225199, -26.7918198], [-56.1222463, -26.7917417]]}, "properties": {"osmid": "170018851", "oneway": "False", "lanes": "1", "ref": "D049", "name": "Ruta Departamental 049", "highway": "tertiary", "length": 28.512, "maxspeed": NaN, "bridge": "yes", "access": NaN, "tunnel": NaN, "junction": NaN, "width": NaN, "service": NaN, "roughness": 3.0}}, {"type": "Feature", "geometry": {"type": "LineString", "coordinates": [[-56.1222463, -26.7917417], [-56.1213172, -26.7914242]]}, "properties": {"osmid": "170018853", "oneway": "False", "lanes": "2", "ref": "D049", "name": "Ruta Departamental 049", "highway": "tertiary", "length": 98.748, "maxspeed": NaN, "bridge": NaN, "access": NaN, "tunnel": NaN, "junction": NaN, "width": NaN, "service": NaN, "roughness": 3.0}}, {"type": "Feature", "geometry": {"type": "LineString", "coordinates": [[-56.1213172, -26.7914242], [-56.120074, -26.7908808]]}, "properties": {"osmid": "170018853", "oneway": "False", "lanes": "2", "ref": "D049", "name": "Ruta Departamental 049", "highway": "tertiary", "length": 137.398, "maxspeed": NaN, "bridge": NaN, "access": NaN, "tunnel": NaN, "junction": NaN, "width": NaN, "service": NaN, "roughness": 3.0}}, {"type": "Feature", "geometry": {"type": "LineString", "coordinates": [[-56.120074, -26.7908808], [-56.1199332, -26.7908113]]}, "properties": {"osmid": "170018850", "oneway": "False", "lanes": "1", "ref": "D049", "name": "Ruta Departamental 049", "highway": "tertiary", "length": 15.97, "maxspeed": NaN, "bridge": "yes", "access": NaN, "tunnel": NaN, "junction": NaN, "width": NaN, "service": NaN, "roughness": 3.0}}, {"type": "Feature", "geometry": {"type": "LineString", "coordinates": [[-56.1199332, -26.7908113], [-56.1176213, -26.7897476]]}, "properties": {"osmid": "170018846", "oneway": "False", "lanes": "2", "ref": "D049", "name": "Ruta Departamental 049", "highway": "tertiary", "length": 258.167, "maxspeed": NaN, "bridge": NaN, "access": NaN, "tunnel": NaN, "junction": NaN, "width": NaN, "service": NaN, "roughness": 3.0}}, {"type": "Feature", "geometry": {"type": "LineString", "coordinates": [[-56.1176213, -26.7897476], [-56.1155891, -26.7888125]]}, "properties": {"osmid": "170018846", "oneway": "False", "lanes": "2", "ref": "D049", "name": "Ruta Departamental 049", "highway": "tertiary", "length": 226.939, "maxspeed": NaN, "bridge": NaN, "access": NaN, "tunnel": NaN, "junction": NaN, "width": NaN, "service": NaN, "roughness": 3.0}}, {"type": "Feature", "geometry": {"type": "LineString", "coordinates": [[-56.1155891, -26.7888125], [-56.1105347, -26.7864823]]}, "properties": {"osmid": "170018846", "oneway": "False", "lanes": "2", "ref": "D049", "name": "Ruta Departamental 049", "highway": "tertiary", "length": 564.667, "maxspeed": NaN, "bridge": NaN, "access": NaN, "tunnel": NaN, "junction": NaN, "width": NaN, "service": NaN, "roughness": 3.0}}, {"type": "Feature", "geometry": {"type": "LineString", "coordinates": [[-56.1105347, -26.7864823], [-56.1070275, -26.7848857]]}, "properties": {"osmid": "170018846", "oneway": "False", "lanes": "2", "ref": "D049", "name": "Ruta Departamental 049", "highway": "tertiary", "length": 390.792, "maxspeed": NaN, "bridge": NaN, "access": NaN, "tunnel": NaN, "junction": NaN, "width": NaN, "service": NaN, "roughness": 3.0}}, {"type": "Feature", "geometry": {"type": "LineString", "coordinates": [[-56.1070275, -26.7848857], [-56.1066412, -26.7847421]]}, "properties": {"osmid": "170018846", "oneway": "False", "lanes": "2", "ref": "D049", "name": "Ruta Departamental 049", "highway": "tertiary", "length": 41.538, "maxspeed": NaN, "bridge": NaN, "access": NaN, "tunnel": NaN, "junction": NaN, "width": NaN, "service": NaN, "roughness": 3.0}}, {"type": "Feature", "geometry": {"type": "LineString", "coordinates": [[-56.1066412, -26.7847421], [-56.1062443, -26.7846463]]}, "properties": {"osmid": "170018846", "oneway": "False", "lanes": "2", "ref": "D049", "name": "Ruta Departamental 049", "highway": "tertiary", "length": 40.813, "maxspeed": NaN, "bridge": NaN, "access": NaN, "tunnel": NaN, "junction": NaN, "width": NaN, "service": NaN, "roughness": 3.0}}, {"type": "Feature", "geometry": {"type": "LineString", "coordinates": [[-56.1062443, -26.7846463], [-56.1057604, -26.7845668]]}, "properties": {"osmid": "170018846", "oneway": "False", "lanes": "2", "ref": "D049", "name": "Ruta Departamental 049", "highway": "tertiary", "length": 48.841, "maxspeed": NaN, "bridge": NaN, "access": NaN, "tunnel": NaN, "junction": NaN, "width": NaN, "service": NaN, "roughness": 3.0}}, {"type": "Feature", "geometry": {"type": "LineString", "coordinates": [[-56.1057604, -26.7845668], [-56.1050255, -26.7844911]]}, "properties": {"osmid": "170018846", "oneway": "False", "lanes": "2", "ref": "D049", "name": "Ruta Departamental 049", "highway": "tertiary", "length": 73.434, "maxspeed": NaN, "bridge": NaN, "access": NaN, "tunnel": NaN, "junction": NaN, "width": NaN, "service": NaN, "roughness": 3.0}}, {"type": "Feature", "geometry": {"type": "LineString", "coordinates": [[-56.1050255, -26.7844911], [-56.1048142, -26.7841632]]}, "properties": {"osmid": "170018849", "oneway": "False", "lanes": "2", "ref": NaN, "name": NaN, "highway": "tertiary", "length": 42.063, "maxspeed": NaN, "bridge": NaN, "access": NaN, "tunnel": NaN, "junction": NaN, "width": NaN, "service": NaN, "roughness": 3.0}}, {"type": "Feature", "geometry": {"type": "LineString", "coordinates": [[-56.1048142, -26.7841632], [-56.1044855, -26.7825049]]}, "properties": {"osmid": "170018849", "oneway": "False", "lanes": "2", "ref": NaN, "name": NaN, "highway": "tertiary", "length": 187.259, "maxspeed": NaN, "bridge": NaN, "access": NaN, "tunnel": NaN, "junction": NaN, "width": NaN, "service": NaN, "roughness": 3.0}}, {"type": "Feature", "geometry": {"type": "LineString", "coordinates": [[-56.1044855, -26.7825049], [-56.1040717, -26.7793266]]}, "properties": {"osmid": "170018849", "oneway": "False", "lanes": "2", "ref": NaN, "name": NaN, "highway": "tertiary", "length": 355.791, "maxspeed": NaN, "bridge": NaN, "access": NaN, "tunnel": NaN, "junction": NaN, "width": NaN, "service": NaN, "roughness": 3.0}}, {"type": "Feature", "geometry": {"type": "LineString", "coordinates": [[-56.1040717, -26.7793266], [-56.103892, -26.7783079]]}, "properties": {"osmid": "170018849", "oneway": "False", "lanes": "2", "ref": NaN, "name": NaN, "highway": "tertiary", "length": 114.67, "maxspeed": NaN, "bridge": NaN, "access": NaN, "tunnel": NaN, "junction": NaN, "width": NaN, "service": NaN, "roughness": 3.0}}, {"type": "Feature", "geometry": {"type": "LineString", "coordinates": [[-56.103892, -26.7783079], [-56.103684, -26.7770674]]}, "properties": {"osmid": "170018849", "oneway": "False", "lanes": "2", "ref": NaN, "name": NaN, "highway": "tertiary", "length": 139.474, "maxspeed": NaN, "bridge": NaN, "access": NaN, "tunnel": NaN, "junction": NaN, "width": NaN, "service": NaN, "roughness": 3.0}}, {"type": "Feature", "geometry": {"type": "LineString", "coordinates": [[-56.103684, -26.7770674], [-56.1029833, -26.7728106]]}, "properties": {"osmid": "170018849", "oneway": "False", "lanes": "2", "ref": NaN, "name": NaN, "highway": "tertiary", "length": 478.419, "maxspeed": NaN, "bridge": NaN, "access": NaN, "tunnel": NaN, "junction": NaN, "width": NaN, "service": NaN, "roughness": 3.0}}, {"type": "Feature", "geometry": {"type": "LineString", "coordinates": [[-56.1029833, -26.7728106], [-56.102626, -26.76982]]}, "properties": {"osmid": "170018849", "oneway": "False", "lanes": "2", "ref": NaN, "name": NaN, "highway": "tertiary", "length": 334.426, "maxspeed": NaN, "bridge": NaN, "access": NaN, "tunnel": NaN, "junction": NaN, "width": NaN, "service": NaN, "roughness": 3.0}}, {"type": "Feature", "geometry": {"type": "LineString", "coordinates": [[-56.102626, -26.76982], [-56.1026072, -26.769637]]}, "properties": {"osmid": "170019357", "oneway": "False", "lanes": "1", "ref": NaN, "name": NaN, "highway": "tertiary", "length": 20.434, "maxspeed": NaN, "bridge": "yes", "access": NaN, "tunnel": NaN, "junction": NaN, "width": NaN, "service": NaN, "roughness": 3.0}}, {"type": "Feature", "geometry": {"type": "LineString", "coordinates": [[-56.1026072, -26.769637], [-56.1022209, -26.7673381]]}, "properties": {"osmid": "170019359", "oneway": "False", "lanes": "2", "ref": NaN, "name": NaN, "highway": "tertiary", "length": 258.487, "maxspeed": NaN, "bridge": NaN, "access": NaN, "tunnel": NaN, "junction": NaN, "width": NaN, "service": NaN, "roughness": 3.0}}, {"type": "Feature", "geometry": {"type": "LineString", "coordinates": [[-56.1022209, -26.7673381], [-56.1016201, -26.7636979]]}, "properties": {"osmid": "170019359", "oneway": "False", "lanes": "2", "ref": NaN, "name": NaN, "highway": "tertiary", "length": 409.144, "maxspeed": NaN, "bridge": NaN, "access": NaN, "tunnel": NaN, "junction": NaN, "width": NaN, "service": NaN, "roughness": 3.0}}, {"type": "Feature", "geometry": {"type": "LineString", "coordinates": [[-56.1016201, -26.7636979], [-56.1015236, -26.7634584]]}, "properties": {"osmid": "170019359", "oneway": "False", "lanes": "2", "ref": NaN, "name": NaN, "highway": "tertiary", "length": 28.302, "maxspeed": NaN, "bridge": NaN, "access": NaN, "tunnel": NaN, "junction": NaN, "width": NaN, "service": NaN, "roughness": 3.0}}, {"type": "Feature", "geometry": {"type": "LineString", "coordinates": [[-56.1015236, -26.7634584], [-56.1013948, -26.7632094]]}, "properties": {"osmid": "170019359", "oneway": "False", "lanes": "2", "ref": NaN, "name": NaN, "highway": "tertiary", "length": 30.498, "maxspeed": NaN, "bridge": NaN, "access": NaN, "tunnel": NaN, "junction": NaN, "width": NaN, "service": NaN, "roughness": 3.0}}, {"type": "Feature", "geometry": {"type": "LineString", "coordinates": [[-56.1013948, -26.7632094], [-56.1012328, -26.7630245]]}, "properties": {"osmid": "170019359", "oneway": "False", "lanes": "2", "ref": NaN, "name": NaN, "highway": "tertiary", "length": 26.104, "maxspeed": NaN, "bridge": NaN, "access": NaN, "tunnel": NaN, "junction": NaN, "width": NaN, "service": NaN, "roughness": 3.0}}, {"type": "Feature", "geometry": {"type": "LineString", "coordinates": [[-56.1012328, -26.7630245], [-56.0980249, -26.7592213]]}, "properties": {"osmid": "170019359", "oneway": "False", "lanes": "2", "ref": NaN, "name": NaN, "highway": "tertiary", "length": 529.417, "maxspeed": NaN, "bridge": NaN, "access": NaN, "tunnel": NaN, "junction": NaN, "width": NaN, "service": NaN, "roughness": 3.0}}, {"type": "Feature", "geometry": {"type": "LineString", "coordinates": [[-56.0980249, -26.7592213], [-56.0978318, -26.759116]]}, "properties": {"osmid": "170019359", "oneway": "False", "lanes": "2", "ref": NaN, "name": NaN, "highway": "tertiary", "length": 22.465, "maxspeed": NaN, "bridge": NaN, "access": NaN, "tunnel": NaN, "junction": NaN, "width": NaN, "service": NaN, "roughness": 3.0}}, {"type": "Feature", "geometry": {"type": "LineString", "coordinates": [[-56.0978318, -26.759116], [-56.0976397, -26.7590901]]}, "properties": {"osmid": "170019359", "oneway": "False", "lanes": "2", "ref": NaN, "name": NaN, "highway": "tertiary", "length": 19.289, "maxspeed": NaN, "bridge": NaN, "access": NaN, "tunnel": NaN, "junction": NaN, "width": NaN, "service": NaN, "roughness": 3.0}}, {"type": "Feature", "geometry": {"type": "LineString", "coordinates": [[-56.0976397, -26.7590901], [-56.0973812, -26.7591064]]}, "properties": {"osmid": "170019359", "oneway": "False", "lanes": "2", "ref": NaN, "name": NaN, "highway": "tertiary", "length": 25.73, "maxspeed": NaN, "bridge": NaN, "access": NaN, "tunnel": NaN, "junction": NaN, "width": NaN, "service": NaN, "roughness": 3.0}}, {"type": "Feature", "geometry": {"type": "LineString", "coordinates": [[-56.0973812, -26.7591064], [-56.0955358, -26.7593076]]}, "properties": {"osmid": "170019359", "oneway": "False", "lanes": "2", "ref": NaN, "name": NaN, "highway": "tertiary", "length": 184.585, "maxspeed": NaN, "bridge": NaN, "access": NaN, "tunnel": NaN, "junction": NaN, "width": NaN, "service": NaN, "roughness": 3.0}}, {"type": "Feature", "geometry": {"type": "LineString", "coordinates": [[-56.0955358, -26.7593076], [-56.0877359, -26.7602368]]}, "properties": {"osmid": "170019359", "oneway": "False", "lanes": "2", "ref": NaN, "name": NaN, "highway": "tertiary", "length": 781.286, "maxspeed": NaN, "bridge": NaN, "access": NaN, "tunnel": NaN, "junction": NaN, "width": NaN, "service": NaN, "roughness": 3.0}}, {"type": "Feature", "geometry": {"type": "LineString", "coordinates": [[-56.0877359, -26.7602368], [-56.0875856, -26.7602441]]}, "properties": {"osmid": "170019359", "oneway": "False", "lanes": "2", "ref": NaN, "name": NaN, "highway": "tertiary", "length": 14.945, "maxspeed": NaN, "bridge": NaN, "access": NaN, "tunnel": NaN, "junction": NaN, "width": NaN, "service": NaN, "roughness": 3.0}}, {"type": "Feature", "geometry": {"type": "LineString", "coordinates": [[-56.0875856, -26.7602441], [-56.0874801, -26.7602493]]}, "properties": {"osmid": "170019359", "oneway": "False", "lanes": "2", "ref": NaN, "name": NaN, "highway": "tertiary", "length": 10.491, "maxspeed": NaN, "bridge": NaN, "access": NaN, "tunnel": NaN, "junction": NaN, "width": NaN, "service": NaN, "roughness": 3.0}}, {"type": "Feature", "geometry": {"type": "LineString", "coordinates": [[-56.0874801, -26.7602493], [-56.0872531, -26.7601985]]}, "properties": {"osmid": "170019359", "oneway": "False", "lanes": "2", "ref": NaN, "name": NaN, "highway": "tertiary", "length": 23.235, "maxspeed": NaN, "bridge": NaN, "access": NaN, "tunnel": NaN, "junction": NaN, "width": NaN, "service": NaN, "roughness": 3.0}}, {"type": "Feature", "geometry": {"type": "LineString", "coordinates": [[-56.0872531, -26.7601985], [-56.0870493, -26.7601123]]}, "properties": {"osmid": "170019359", "oneway": "False", "lanes": "2", "ref": NaN, "name": NaN, "highway": "tertiary", "length": 22.39, "maxspeed": NaN, "bridge": NaN, "access": NaN, "tunnel": NaN, "junction": NaN, "width": NaN, "service": NaN, "roughness": 3.0}}, {"type": "Feature", "geometry": {"type": "LineString", "coordinates": [[-56.0870493, -26.7601123], [-56.0866903, -26.7599085]]}, "properties": {"osmid": "170019359", "oneway": "False", "lanes": "2", "ref": NaN, "name": NaN, "highway": "tertiary", "length": 42.238, "maxspeed": NaN, "bridge": NaN, "access": NaN, "tunnel": NaN, "junction": NaN, "width": NaN, "service": NaN, "roughness": 3.0}}, {"type": "Feature", "geometry": {"type": "LineString", "coordinates": [[-56.0866903, -26.7599085], [-56.0830076, -26.7578184]]}, "properties": {"osmid": "170019359", "oneway": "False", "lanes": "2", "ref": NaN, "name": NaN, "highway": "tertiary", "length": 433.255, "maxspeed": NaN, "bridge": NaN, "access": NaN, "tunnel": NaN, "junction": NaN, "width": NaN, "service": NaN, "roughness": 3.0}}, {"type": "Feature", "geometry": {"type": "LineString", "coordinates": [[-56.0830076, -26.7578184], [-56.0827165, -26.7576531]]}, "properties": {"osmid": "170019359", "oneway": "False", "lanes": "2", "ref": NaN, "name": NaN, "highway": "tertiary", "length": 34.252, "maxspeed": NaN, "bridge": NaN, "access": NaN, "tunnel": NaN, "junction": NaN, "width": NaN, "service": NaN, "roughness": 3.0}}, {"type": "Feature", "geometry": {"type": "LineString", "coordinates": [[-56.0827165, -26.7576531], [-56.076558, -26.7541227]]}, "properties": {"osmid": "170019359", "oneway": "False", "lanes": "2", "ref": NaN, "name": NaN, "highway": "tertiary", "length": 726.642, "maxspeed": NaN, "bridge": NaN, "access": NaN, "tunnel": NaN, "junction": NaN, "width": NaN, "service": NaN, "roughness": 3.0}}, {"type": "Feature", "geometry": {"type": "LineString", "coordinates": [[-56.076558, -26.7541227], [-56.0738759, -26.7525852]]}, "properties": {"osmid": "170019359", "oneway": "False", "lanes": "2", "ref": NaN, "name": NaN, "highway": "tertiary", "length": 316.464, "maxspeed": NaN, "bridge": NaN, "access": NaN, "tunnel": NaN, "junction": NaN, "width": NaN, "service": NaN, "roughness": 3.0}}, {"type": "Feature", "geometry": {"type": "LineString", "coordinates": [[-56.0738759, -26.7525852], [-56.0678447, -26.7491046]]}, "properties": {"osmid": "170019359", "oneway": "False", "lanes": "2", "ref": NaN, "name": NaN, "highway": "tertiary", "length": 713.04, "maxspeed": NaN, "bridge": NaN, "access": NaN, "tunnel": NaN, "junction": NaN, "width": NaN, "service": NaN, "roughness": 3.0}}, {"type": "Feature", "geometry": {"type": "LineString", "coordinates": [[-56.0678447, -26.7491046], [-56.0675121, -26.748913]]}, "properties": {"osmid": "170019359", "oneway": "False", "lanes": "2", "ref": NaN, "name": NaN, "highway": "tertiary", "length": 39.301, "maxspeed": NaN, "bridge": NaN, "access": NaN, "tunnel": NaN, "junction": NaN, "width": NaN, "service": NaN, "roughness": 3.0}}, {"type": "Feature", "geometry": {"type": "LineString", "coordinates": [[-56.0675121, -26.748913], [-56.067342, -26.7487913]]}, "properties": {"osmid": "170019359", "oneway": "False", "lanes": "2", "ref": NaN, "name": NaN, "highway": "tertiary", "length": 21.643, "maxspeed": NaN, "bridge": NaN, "access": NaN, "tunnel": NaN, "junction": NaN, "width": NaN, "service": NaN, "roughness": 3.0}}, {"type": "Feature", "geometry": {"type": "LineString", "coordinates": [[-56.067342, -26.7487913], [-56.0671125, -26.7485695]]}, "properties": {"osmid": "170019359", "oneway": "False", "lanes": "2", "ref": NaN, "name": NaN, "highway": "tertiary", "length": 33.579, "maxspeed": NaN, "bridge": NaN, "access": NaN, "tunnel": NaN, "junction": NaN, "width": NaN, "service": NaN, "roughness": 3.0}}, {"type": "Feature", "geometry": {"type": "LineString", "coordinates": [[-56.0671125, -26.7485695], [-56.0630167, -26.7446111]]}, "properties": {"osmid": "170019359", "oneway": "False", "lanes": "2", "ref": NaN, "name": NaN, "highway": "tertiary", "length": 599.287, "maxspeed": NaN, "bridge": NaN, "access": NaN, "tunnel": NaN, "junction": NaN, "width": NaN, "service": NaN, "roughness": 3.0}}, {"type": "Feature", "geometry": {"type": "LineString", "coordinates": [[-56.0630167, -26.7446111], [-56.0601644, -26.7420846]]}, "properties": {"osmid": "170019359", "oneway": "False", "lanes": "2", "ref": NaN, "name": NaN, "highway": "tertiary", "length": 398.932, "maxspeed": NaN, "bridge": NaN, "access": NaN, "tunnel": NaN, "junction": NaN, "width": NaN, "service": NaN, "roughness": 3.0}}, {"type": "Feature", "geometry": {"type": "LineString", "coordinates": [[-56.0601644, -26.7420846], [-56.0540045, -26.7368406]]}, "properties": {"osmid": "170019359", "oneway": "False", "lanes": "2", "ref": NaN, "name": NaN, "highway": "tertiary", "length": 845.1, "maxspeed": NaN, "bridge": NaN, "access": NaN, "tunnel": NaN, "junction": NaN, "width": NaN, "service": NaN, "roughness": 3.0}}, {"type": "Feature", "geometry": {"type": "LineString", "coordinates": [[-56.0540045, -26.7368406], [-56.0459702, -26.7300498]]}, "properties": {"osmid": "170019359", "oneway": "False", "lanes": "2", "ref": NaN, "name": NaN, "highway": "tertiary", "length": 1098.542, "maxspeed": NaN, "bridge": NaN, "access": NaN, "tunnel": NaN, "junction": NaN, "width": NaN, "service": NaN, "roughness": 3.0}}, {"type": "Feature", "geometry": {"type": "LineString", "coordinates": [[-56.0459702, -26.7300498], [-56.0376859, -26.7230613]]}, "properties": {"osmid": "170019359", "oneway": "False", "lanes": "2", "ref": NaN, "name": NaN, "highway": "tertiary", "length": 1131.722, "maxspeed": NaN, "bridge": NaN, "access": NaN, "tunnel": NaN, "junction": NaN, "width": NaN, "service": NaN, "roughness": 3.0}}, {"type": "Feature", "geometry": {"type": "LineString", "coordinates": [[-56.0376859, -26.7230613], [-56.0349944, -26.7210052]]}, "properties": {"osmid": "170019359", "oneway": "False", "lanes": "2", "ref": NaN, "name": NaN, "highway": "tertiary", "length": 351.752, "maxspeed": NaN, "bridge": NaN, "access": NaN, "tunnel": NaN, "junction": NaN, "width": NaN, "service": NaN, "roughness": 3.0}}, {"type": "Feature", "geometry": {"type": "LineString", "coordinates": [[-56.0349944, -26.7210052], [-56.0295012, -26.7200086]]}, "properties": {"osmid": "170019359", "oneway": "False", "lanes": "2", "ref": NaN, "name": NaN, "highway": "tertiary", "length": 556.729, "maxspeed": NaN, "bridge": NaN, "access": NaN, "tunnel": NaN, "junction": NaN, "width": NaN, "service": NaN, "roughness": 3.0}}, {"type": "Feature", "geometry": {"type": "LineString", "coordinates": [[-56.0295012, -26.7200086], [-56.0288146, -26.7180153]]}, "properties": {"osmid": "170019359", "oneway": "False", "lanes": "2", "ref": NaN, "name": NaN, "highway": "tertiary", "length": 231.899, "maxspeed": NaN, "bridge": NaN, "access": NaN, "tunnel": NaN, "junction": NaN, "width": NaN, "service": NaN, "roughness": 3.0}}, {"type": "Feature", "geometry": {"type": "LineString", "coordinates": [[-56.0288146, -26.7180153], [-56.0218623, -26.7142202]]}, "properties": {"osmid": "170019359", "oneway": "False", "lanes": "2", "ref": NaN, "name": NaN, "highway": "tertiary", "length": 809.27, "maxspeed": NaN, "bridge": NaN, "access": NaN, "tunnel": NaN, "junction": NaN, "width": NaN, "service": NaN, "roughness": 3.0}}, {"type": "Feature", "geometry": {"type": "LineString", "coordinates": [[-56.0218623, -26.7142202], [-56.0200599, -26.7138752]]}, "properties": {"osmid": "170019359", "oneway": "False", "lanes": "2", "ref": NaN, "name": NaN, "highway": "tertiary", "length": 183.09, "maxspeed": NaN, "bridge": NaN, "access": NaN, "tunnel": NaN, "junction": NaN, "width": NaN, "service": NaN, "roughness": 3.0}}, {"type": "Feature", "geometry": {"type": "LineString", "coordinates": [[-56.0200599, -26.7138752], [-56.0192101, -26.7135513]]}, "properties": {"osmid": "170019359", "oneway": "False", "lanes": "2", "ref": NaN, "name": NaN, "highway": "tertiary", "length": 91.77, "maxspeed": NaN, "bridge": NaN, "access": NaN, "tunnel": NaN, "junction": NaN, "width": NaN, "service": NaN, "roughness": 3.0}}, {"type": "Feature", "geometry": {"type": "LineString", "coordinates": [[-56.0192101, -26.7135513], [-56.0179999, -26.7130702]]}, "properties": {"osmid": "170019359", "oneway": "False", "lanes": "2", "ref": NaN, "name": NaN, "highway": "tertiary", "length": 131.572, "maxspeed": NaN, "bridge": NaN, "access": NaN, "tunnel": NaN, "junction": NaN, "width": NaN, "service": NaN, "roughness": 3.0}}, {"type": "Feature", "geometry": {"type": "LineString", "coordinates": [[-56.0179999, -26.7130702], [-56.0172704, -26.7124185]]}, "properties": {"osmid": "170019359", "oneway": "False", "lanes": "2", "ref": NaN, "name": NaN, "highway": "tertiary", "length": 102.478, "maxspeed": NaN, "bridge": NaN, "access": NaN, "tunnel": NaN, "junction": NaN, "width": NaN, "service": NaN, "roughness": 3.0}}, {"type": "Feature", "geometry": {"type": "LineString", "coordinates": [[-56.0172704, -26.7124185], [-56.014395, -26.7102717]]}, "properties": {"osmid": "170019359", "oneway": "False", "lanes": "2", "ref": NaN, "name": NaN, "highway": "tertiary", "length": 372.232, "maxspeed": NaN, "bridge": NaN, "access": NaN, "tunnel": NaN, "junction": NaN, "width": NaN, "service": NaN, "roughness": 3.0}}, {"type": "Feature", "geometry": {"type": "LineString", "coordinates": [[-56.014395, -26.7102717], [-56.0126012, -26.7093344]]}, "properties": {"osmid": "170019359", "oneway": "False", "lanes": "2", "ref": NaN, "name": NaN, "highway": "tertiary", "length": 206.422, "maxspeed": NaN, "bridge": NaN, "access": NaN, "tunnel": NaN, "junction": NaN, "width": NaN, "service": NaN, "roughness": 3.0}}, {"type": "Feature", "geometry": {"type": "LineString", "coordinates": [[-56.0126012, -26.7093344], [-56.0013059, -26.7038694]]}, "properties": {"osmid": "170019359", "oneway": "False", "lanes": "2", "ref": NaN, "name": NaN, "highway": "tertiary", "length": 1275.988, "maxspeed": NaN, "bridge": NaN, "access": NaN, "tunnel": NaN, "junction": NaN, "width": NaN, "service": NaN, "roughness": 3.0}}, {"type": "Feature", "geometry": {"type": "LineString", "coordinates": [[-56.0013059, -26.7038694], [-56.0002581, -26.7036459]]}, "properties": {"osmid": "170019359", "oneway": "False", "lanes": "2", "ref": NaN, "name": NaN, "highway": "tertiary", "length": 107.009, "maxspeed": NaN, "bridge": NaN, "access": NaN, "tunnel": NaN, "junction": NaN, "width": NaN, "service": NaN, "roughness": 3.0}}, {"type": "Feature", "geometry": {"type": "LineString", "coordinates": [[-56.0002581, -26.7036459], [-55.9851354, -26.702702]]}, "properties": {"osmid": "170019359", "oneway": "False", "lanes": "2", "ref": NaN, "name": NaN, "highway": "tertiary", "length": 1505.887, "maxspeed": NaN, "bridge": NaN, "access": NaN, "tunnel": NaN, "junction": NaN, "width": NaN, "service": NaN, "roughness": 3.0}}, {"type": "Feature", "geometry": {"type": "LineString", "coordinates": [[-55.9851354, -26.702702], [-55.984299, -26.7025441]]}, "properties": {"osmid": "170019359", "oneway": "False", "lanes": "2", "ref": NaN, "name": NaN, "highway": "tertiary", "length": 84.92, "maxspeed": NaN, "bridge": NaN, "access": NaN, "tunnel": NaN, "junction": NaN, "width": NaN, "service": NaN, "roughness": 3.0}}, {"type": "Feature", "geometry": {"type": "LineString", "coordinates": [[-55.984299, -26.7025441], [-55.9816606, -26.7014069]]}, "properties": {"osmid": "170019359", "oneway": "False", "lanes": "2", "ref": NaN, "name": NaN, "highway": "tertiary", "length": 291.0, "maxspeed": NaN, "bridge": NaN, "access": NaN, "tunnel": NaN, "junction": NaN, "width": NaN, "service": NaN, "roughness": 3.0}}, {"type": "Feature", "geometry": {"type": "LineString", "coordinates": [[-55.9816606, -26.7014069], [-55.9778312, -26.6998055]]}, "properties": {"osmid": "170019359", "oneway": "False", "lanes": "2", "ref": NaN, "name": NaN, "highway": "tertiary", "length": 420.019, "maxspeed": NaN, "bridge": NaN, "access": NaN, "tunnel": NaN, "junction": NaN, "width": NaN, "service": NaN, "roughness": 3.0}}, {"type": "Feature", "geometry": {"type": "LineString", "coordinates": [[-55.9778312, -26.6998055], [-55.9774156, -26.6994128]]}, "properties": {"osmid": "170019359", "oneway": "False", "lanes": "2", "ref": NaN, "name": NaN, "highway": "tertiary", "length": 60.093, "maxspeed": NaN, "bridge": NaN, "access": NaN, "tunnel": NaN, "junction": NaN, "width": NaN, "service": NaN, "roughness": 3.0}}, {"type": "Feature", "geometry": {"type": "LineString", "coordinates": [[-55.9774156, -26.6994128], [-55.9762592, -26.6979492]]}, "properties": {"osmid": "170019359", "oneway": "False", "lanes": "2", "ref": NaN, "name": NaN, "highway": "tertiary", "length": 199.205, "maxspeed": NaN, "bridge": NaN, "access": NaN, "tunnel": NaN, "junction": NaN, "width": NaN, "service": NaN, "roughness": 3.0}}, {"type": "Feature", "geometry": {"type": "LineString", "coordinates": [[-55.9762592, -26.6979492], [-55.9759429, -26.6973901]]}, "properties": {"osmid": "170019359", "oneway": "False", "lanes": "2", "ref": NaN, "name": NaN, "highway": "tertiary", "length": 69.659, "maxspeed": NaN, "bridge": NaN, "access": NaN, "tunnel": NaN, "junction": NaN, "width": NaN, "service": NaN, "roughness": 3.0}}, {"type": "Feature", "geometry": {"type": "LineString", "coordinates": [[-55.9759429, -26.6973901], [-55.970321, -26.6848138]]}, "properties": {"osmid": "170019359", "oneway": "False", "lanes": "2", "ref": NaN, "name": NaN, "highway": "tertiary", "length": 1505.83, "maxspeed": NaN, "bridge": NaN, "access": NaN, "tunnel": NaN, "junction": NaN, "width": NaN, "service": NaN, "roughness": 3.0}}, {"type": "Feature", "geometry": {"type": "LineString", "coordinates": [[-55.970321, -26.6848138], [-55.9646132, -26.6794071]]}, "properties": {"osmid": "170019359", "oneway": "False", "lanes": "2", "ref": NaN, "name": NaN, "highway": "tertiary", "length": 826.459, "maxspeed": NaN, "bridge": NaN, "access": NaN, "tunnel": NaN, "junction": NaN, "width": NaN, "service": NaN, "roughness": 3.0}}, {"type": "Feature", "geometry": {"type": "LineString", "coordinates": [[-55.9646132, -26.6794071], [-55.9612229, -26.6782951]]}, "properties": {"osmid": "170019359", "oneway": "False", "lanes": "2", "ref": NaN, "name": NaN, "highway": "tertiary", "length": 358.827, "maxspeed": NaN, "bridge": NaN, "access": NaN, "tunnel": NaN, "junction": NaN, "width": NaN, "service": NaN, "roughness": 3.0}}, {"type": "Feature", "geometry": {"type": "LineString", "coordinates": [[-55.9612229, -26.6782951], [-55.9593862, -26.6776259]]}, "properties": {"osmid": "170019359", "oneway": "False", "lanes": "2", "ref": NaN, "name": NaN, "highway": "tertiary", "length": 197.078, "maxspeed": NaN, "bridge": NaN, "access": NaN, "tunnel": NaN, "junction": NaN, "width": NaN, "service": NaN, "roughness": 3.0}}, {"type": "Feature", "geometry": {"type": "LineString", "coordinates": [[-55.9593862, -26.6776259], [-55.9547427, -26.6717376]]}, "properties": {"osmid": "170019359", "oneway": "False", "lanes": "2", "ref": NaN, "name": NaN, "highway": "tertiary", "length": 800.981, "maxspeed": NaN, "bridge": NaN, "access": NaN, "tunnel": NaN, "junction": NaN, "width": NaN, "service": NaN, "roughness": 3.0}}, {"type": "Feature", "geometry": {"type": "LineString", "coordinates": [[-55.9547427, -26.6717376], [-55.9543777, -26.670433]]}, "properties": {"osmid": "170019359", "oneway": "False", "lanes": "2", "ref": NaN, "name": NaN, "highway": "tertiary", "length": 149.53, "maxspeed": NaN, "bridge": NaN, "access": NaN, "tunnel": NaN, "junction": NaN, "width": NaN, "service": NaN, "roughness": 3.0}}, {"type": "Feature", "geometry": {"type": "LineString", "coordinates": [[-55.9543777, -26.670433], [-55.9509232, -26.6580846]]}, "properties": {"osmid": "170019359", "oneway": "False", "lanes": "2", "ref": NaN, "name": NaN, "highway": "tertiary", "length": 1415.34, "maxspeed": NaN, "bridge": NaN, "access": NaN, "tunnel": NaN, "junction": NaN, "width": NaN, "service": NaN, "roughness": 3.0}}, {"type": "Feature", "geometry": {"type": "LineString", "coordinates": [[-55.9509232, -26.6580846], [-55.950863, -26.6578765]]}, "properties": {"osmid": "170019359", "oneway": "False", "lanes": "2", "ref": NaN, "name": NaN, "highway": "tertiary", "length": 23.901, "maxspeed": NaN, "bridge": NaN, "access": NaN, "tunnel": NaN, "junction": NaN, "width": NaN, "service": NaN, "roughness": 3.0}}, {"type": "Feature", "geometry": {"type": "LineString", "coordinates": [[-55.950863, -26.6578765], [-55.9496358, -26.6536355]]}, "properties": {"osmid": "170019359", "oneway": "False", "lanes": "2", "ref": NaN, "name": NaN, "highway": "tertiary", "length": 487.093, "maxspeed": NaN, "bridge": NaN, "access": NaN, "tunnel": NaN, "junction": NaN, "width": NaN, "service": NaN, "roughness": 3.0}}]}