{"type": "FeatureCollection", "features": [{"type": "Feature", "geometry": {"type": "LineString", "coordinates": [[-56.0528052, -26.0341912], [-56.0529061, -26.0344245]]}, "properties": {"osmid": "257763354", "oneway": "False", "lanes": "2", "ref": NaN, "name": NaN, "highway": "tertiary", "length": 27.832, "maxspeed": NaN, "bridge": NaN, "access": NaN, "tunnel": NaN, "junction": NaN, "width": NaN, "service": NaN, "roughness": 2.4000001}}, {"type": "Feature", "geometry": {"type": "LineString", "coordinates": [[-56.0529061, -26.0344245], [-56.053008, -26.0345595]]}, "properties": {"osmid": "257763354", "oneway": "False", "lanes": "2", "ref": NaN, "name": NaN, "highway": "tertiary", "length": 18.138, "maxspeed": NaN, "bridge": NaN, "access": NaN, "tunnel": NaN, "junction": NaN, "width": NaN, "service": NaN, "roughness": 2.4000001}}, {"type": "Feature", "geometry": {"type": "LineString", "coordinates": [[-56.053008, -26.0345595], [-56.0531475, -26.0346559]]}, "properties": {"osmid": "257763354", "oneway": "False", "lanes": "2", "ref": NaN, "name": NaN, "highway": "tertiary", "length": 17.583, "maxspeed": NaN, "bridge": NaN, "access": NaN, "tunnel": NaN, "junction": NaN, "width": NaN, "service": NaN, "roughness": 2.4000001}}, {"type": "Feature", "geometry": {"type": "LineString", "coordinates": [[-56.0531475, -26.0346559], [-56.0539253, -26.0350656]]}, "properties": {"osmid": "257763354", "oneway": "False", "lanes": "2", "ref": NaN, "name": NaN, "highway": "tertiary", "length": 90.08, "maxspeed": NaN, "bridge": NaN, "access": NaN, "tunnel": NaN, "junction": NaN, "width": NaN, "service": NaN, "roughness": 2.4000001}}, {"type": "Feature", "geometry": {"type": "LineString", "coordinates": [[-56.0539253, -26.0350656], [-56.0540702, -26.0351571]]}, "properties": {"osmid": "257763354", "oneway": "False", "lanes": "2", "ref": NaN, "name": NaN, "highway": "tertiary", "length": 17.695, "maxspeed": NaN, "bridge": NaN, "access": NaN, "tunnel": NaN, "junction": NaN, "width": NaN, "service": NaN, "roughness": 2.4000001}}, {"type": "Feature", "geometry": {"type": "LineString", "coordinates": [[-56.0540702, -26.0351571], [-56.0542107, -26.0352613]]}, "properties": {"osmid": "257763354", "oneway": "False", "lanes": "2", "ref": NaN, "name": NaN, "highway": "tertiary", "length": 18.202, "maxspeed": NaN, "bridge": NaN, "access": NaN, "tunnel": NaN, "junction": NaN, "width": NaN, "service": NaN, "roughness": 2.4000001}}, {"type": "Feature", "geometry": {"type": "LineString", "coordinates": [[-56.0542107, -26.0352613], [-56.0543759, -26.0354463]]}, "properties": {"osmid": "257763354", "oneway": "False", "lanes": "2", "ref": NaN, "name": NaN, "highway": "tertiary", "length": 26.374, "maxspeed": NaN, "bridge": NaN, "access": NaN, "tunnel": NaN, "junction": NaN, "width": NaN, "service": NaN, "roughness": 2.4000001}}, {"type": "Feature", "geometry": {"type": "LineString", "coordinates": [[-56.0543759, -26.0354463], [-56.0548598, -26.0360469]]}, "properties": {"osmid": "257763354", "oneway": "False", "lanes": "2", "ref": NaN, "name": NaN, "highway": "tertiary", "length": 82.447, "maxspeed": NaN, "bridge": NaN, "access": NaN, "tunnel": NaN, "junction": NaN, "width": NaN, "service": NaN, "roughness": 2.4000001}}, {"type": "Feature", "geometry": {"type": "LineString", "coordinates": [[-56.0548598, -26.0360469], [-56.0550143, -26.0361453]]}, "properties": {"osmid": "257763354", "oneway": "False", "lanes": "2", "ref": NaN, "name": NaN, "highway": "tertiary", "length": 18.921, "maxspeed": NaN, "bridge": NaN, "access": NaN, "tunnel": NaN, "junction": NaN, "width": NaN, "service": NaN, "roughness": 2.4000001}}, {"type": "Feature", "geometry": {"type": "LineString", "coordinates": [[-56.0550143, -26.0361453], [-56.0558351, -26.0365068]]}, "properties": {"osmid": "257763354", "oneway": "False", "lanes": "2", "ref": NaN, "name": NaN, "highway": "tertiary", "length": 91.328, "maxspeed": NaN, "bridge": NaN, "access": NaN, "tunnel": NaN, "junction": NaN, "width": NaN, "service": NaN, "roughness": 2.4000001}}, {"type": "Feature", "geometry": {"type": "LineString", "coordinates": [[-56.0558351, -26.0365068], [-56.0560161, -26.036577]]}, "properties": {"osmid": "257763354", "oneway": "False", "lanes": "2", "ref": NaN, "name": NaN, "highway": "tertiary", "length": 19.697, "maxspeed": NaN, "bridge": NaN, "access": NaN, "tunnel": NaN, "junction": NaN, "width": NaN, "service": NaN, "roughness": 2.4000001}}, {"type": "Feature", "geometry": {"type": "LineString", "coordinates": [[-56.0560161, -26.036577], [-56.0561086, -26.0366128]]}, "properties": {"osmid": "257763354", "oneway": "False", "lanes": "2", "ref": NaN, "name": NaN, "highway": "tertiary", "length": 10.063, "maxspeed": NaN, "bridge": NaN, "access": NaN, "tunnel": NaN, "junction": NaN, "width": NaN, "service": NaN, "roughness": 2.4000001}}, {"type": "Feature", "geometry": {"type": "LineString", "coordinates": [[-56.0561086, -26.0366128], [-56.056409, -26.0366658]]}, "properties": {"osmid": "257763354", "oneway": "False", "lanes": "2", "ref": NaN, "name": NaN, "highway": "tertiary", "length": 30.586, "maxspeed": NaN, "bridge": NaN, "access": NaN, "tunnel": NaN, "junction": NaN, "width": NaN, "service": NaN, "roughness": 2.4000001}}, {"type": "Feature", "geometry": {"type": "LineString", "coordinates": [[-56.056409, -26.0366658], [-56.0566188, -26.0366872]]}, "properties": {"osmid": "257763354", "oneway": "False", "lanes": "2", "ref": NaN, "name": NaN, "highway": "tertiary", "length": 21.096, "maxspeed": NaN, "bridge": NaN, "access": NaN, "tunnel": NaN, "junction": NaN, "width": NaN, "service": NaN, "roughness": 2.4000001}}, {"type": "Feature", "geometry": {"type": "LineString", "coordinates": [[-56.0566188, -26.0366872], [-56.0569294, -26.0367188]]}, "properties": {"osmid": "257763354", "oneway": "False", "lanes": "2", "ref": NaN, "name": NaN, "highway": "tertiary", "length": 31.23, "maxspeed": NaN, "bridge": NaN, "access": NaN, "tunnel": NaN, "junction": NaN, "width": NaN, "service": NaN, "roughness": 2.4000001}}, {"type": "Feature", "geometry": {"type": "LineString", "coordinates": [[-56.0569294, -26.0367188], [-56.057557, -26.0368056]]}, "properties": {"osmid": "257763354", "oneway": "False", "lanes": "2", "ref": NaN, "name": NaN, "highway": "tertiary", "length": 63.442, "maxspeed": NaN, "bridge": NaN, "access": NaN, "tunnel": NaN, "junction": NaN, "width": NaN, "service": NaN, "roughness": 2.4000001}}, {"type": "Feature", "geometry": {"type": "LineString", "coordinates": [[-56.057557, -26.0368056], [-56.0579165, -26.0368634]]}, "properties": {"osmid": "257763354", "oneway": "False", "lanes": "2", "ref": NaN, "name": NaN, "highway": "tertiary", "length": 36.488, "maxspeed": NaN, "bridge": NaN, "access": NaN, "tunnel": NaN, "junction": NaN, "width": NaN, "service": NaN, "roughness": 2.4000001}}, {"type": "Feature", "geometry": {"type": "LineString", "coordinates": [[-56.0579165, -26.0368634], [-56.058249, -26.0369406]]}, "properties": {"osmid": "257763354", "oneway": "False", "lanes": "2", "ref": NaN, "name": NaN, "highway": "tertiary", "length": 34.311, "maxspeed": NaN, "bridge": NaN, "access": NaN, "tunnel": NaN, "junction": NaN, "width": NaN, "service": NaN, "roughness": 2.4000001}}, {"type": "Feature", "geometry": {"type": "LineString", "coordinates": [[-56.058249, -26.0369406], [-56.0585655, -26.0370466]]}, "properties": {"osmid": "257763354", "oneway": "False", "lanes": "2", "ref": NaN, "name": NaN, "highway": "tertiary", "length": 33.747, "maxspeed": NaN, "bridge": NaN, "access": NaN, "tunnel": NaN, "junction": NaN, "width": NaN, "service": NaN, "roughness": 2.4000001}}, {"type": "Feature", "geometry": {"type": "LineString", "coordinates": [[-56.0585655, -26.0370466], [-56.0589035, -26.0371767]]}, "properties": {"osmid": "257763354", "oneway": "False", "lanes": "2", "ref": NaN, "name": NaN, "highway": "tertiary", "length": 36.738, "maxspeed": NaN, "bridge": NaN, "access": NaN, "tunnel": NaN, "junction": NaN, "width": NaN, "service": NaN, "roughness": 2.4000001}}, {"type": "Feature", "geometry": {"type": "LineString", "coordinates": [[-56.0589035, -26.0371767], [-56.0590859, -26.0372683]]}, "properties": {"osmid": "257763354", "oneway": "False", "lanes": "2", "ref": NaN, "name": NaN, "highway": "tertiary", "length": 20.877, "maxspeed": NaN, "bridge": NaN, "access": NaN, "tunnel": NaN, "junction": NaN, "width": NaN, "service": NaN, "roughness": 2.4000001}}, {"type": "Feature", "geometry": {"type": "LineString", "coordinates": [[-56.0590859, -26.0372683], [-56.0592093, -26.0373551]]}, "properties": {"osmid": "257763354", "oneway": "False", "lanes": "2", "ref": NaN, "name": NaN, "highway": "tertiary", "length": 15.657, "maxspeed": NaN, "bridge": NaN, "access": NaN, "tunnel": NaN, "junction": NaN, "width": NaN, "service": NaN, "roughness": 2.4000001}}, {"type": "Feature", "geometry": {"type": "LineString", "coordinates": [[-56.0592093, -26.0373551], [-56.0593219, -26.0374852]]}, "properties": {"osmid": "257763354", "oneway": "False", "lanes": "2", "ref": NaN, "name": NaN, "highway": "tertiary", "length": 18.326, "maxspeed": NaN, "bridge": NaN, "access": NaN, "tunnel": NaN, "junction": NaN, "width": NaN, "service": NaN, "roughness": 2.4000001}}, {"type": "Feature", "geometry": {"type": "LineString", "coordinates": [[-56.0593219, -26.0374852], [-56.0594239, -26.0376539]]}, "properties": {"osmid": "257763354", "oneway": "False", "lanes": "2", "ref": NaN, "name": NaN, "highway": "tertiary", "length": 21.348, "maxspeed": NaN, "bridge": NaN, "access": NaN, "tunnel": NaN, "junction": NaN, "width": NaN, "service": NaN, "roughness": 2.4000001}}, {"type": "Feature", "geometry": {"type": "LineString", "coordinates": [[-56.0594239, -26.0376539], [-56.0596009, -26.0379672]]}, "properties": {"osmid": "257763354", "oneway": "False", "lanes": "2", "ref": NaN, "name": NaN, "highway": "tertiary", "length": 39.069, "maxspeed": NaN, "bridge": NaN, "access": NaN, "tunnel": NaN, "junction": NaN, "width": NaN, "service": NaN, "roughness": 2.4000001}}, {"type": "Feature", "geometry": {"type": "LineString", "coordinates": [[-56.0596009, -26.0379672], [-56.0597028, -26.0380732]]}, "properties": {"osmid": "257763354", "oneway": "False", "lanes": "2", "ref": NaN, "name": NaN, "highway": "tertiary", "length": 15.575, "maxspeed": NaN, "bridge": NaN, "access": NaN, "tunnel": NaN, "junction": NaN, "width": NaN, "service": NaN, "roughness": 2.4000001}}, {"type": "Feature", "geometry": {"type": "LineString", "coordinates": [[-56.0597028, -26.0380732], [-56.0598637, -26.0381889]]}, "properties": {"osmid": "257763354", "oneway": "False", "lanes": "2", "ref": NaN, "name": NaN, "highway": "tertiary", "length": 20.59, "maxspeed": NaN, "bridge": NaN, "access": NaN, "tunnel": NaN, "junction": NaN, "width": NaN, "service": NaN, "roughness": 2.4000001}}, {"type": "Feature", "geometry": {"type": "LineString", "coordinates": [[-56.0598637, -26.0381889], [-56.0604645, -26.0385697]]}, "properties": {"osmid": "257763354", "oneway": "False", "lanes": "2", "ref": NaN, "name": NaN, "highway": "tertiary", "length": 73.457, "maxspeed": NaN, "bridge": NaN, "access": NaN, "tunnel": NaN, "junction": NaN, "width": NaN, "service": NaN, "roughness": 2.4000001}}, {"type": "Feature", "geometry": {"type": "LineString", "coordinates": [[-56.0604645, -26.0385697], [-56.0606308, -26.0386516]]}, "properties": {"osmid": "257763354", "oneway": "False", "lanes": "2", "ref": NaN, "name": NaN, "highway": "tertiary", "length": 18.947, "maxspeed": NaN, "bridge": NaN, "access": NaN, "tunnel": NaN, "junction": NaN, "width": NaN, "service": NaN, "roughness": 2.4000001}}, {"type": "Feature", "geometry": {"type": "LineString", "coordinates": [[-56.0606308, -26.0386516], [-56.060781, -26.0387047]]}, "properties": {"osmid": "257763354", "oneway": "False", "lanes": "2", "ref": NaN, "name": NaN, "highway": "tertiary", "length": 16.126, "maxspeed": NaN, "bridge": NaN, "access": NaN, "tunnel": NaN, "junction": NaN, "width": NaN, "service": NaN, "roughness": 2.4000001}}, {"type": "Feature", "geometry": {"type": "LineString", "coordinates": [[-56.060781, -26.0387047], [-56.0609205, -26.0387384]]}, "properties": {"osmid": "257763354", "oneway": "False", "lanes": "2", "ref": NaN, "name": NaN, "highway": "tertiary", "length": 14.432, "maxspeed": NaN, "bridge": NaN, "access": NaN, "tunnel": NaN, "junction": NaN, "width": NaN, "service": NaN, "roughness": 2.4000001}}, {"type": "Feature", "geometry": {"type": "LineString", "coordinates": [[-56.0609205, -26.0387384], [-56.0613786, -26.0387714]]}, "properties": {"osmid": "257763354", "oneway": "False", "lanes": "2", "ref": NaN, "name": NaN, "highway": "tertiary", "length": 45.915, "maxspeed": NaN, "bridge": NaN, "access": NaN, "tunnel": NaN, "junction": NaN, "width": NaN, "service": NaN, "roughness": 2.4000001}}, {"type": "Feature", "geometry": {"type": "LineString", "coordinates": [[-56.0613786, -26.0387714], [-56.0617091, -26.0388155]]}, "properties": {"osmid": "257763354", "oneway": "False", "lanes": "2", "ref": NaN, "name": NaN, "highway": "tertiary", "length": 33.382, "maxspeed": NaN, "bridge": NaN, "access": NaN, "tunnel": NaN, "junction": NaN, "width": NaN, "service": NaN, "roughness": 2.4000001}}, {"type": "Feature", "geometry": {"type": "LineString", "coordinates": [[-56.0617091, -26.0388155], [-56.061988, -26.038883]]}, "properties": {"osmid": "257763354", "oneway": "False", "lanes": "2", "ref": NaN, "name": NaN, "highway": "tertiary", "length": 28.858, "maxspeed": NaN, "bridge": NaN, "access": NaN, "tunnel": NaN, "junction": NaN, "width": NaN, "service": NaN, "roughness": 2.4000001}}, {"type": "Feature", "geometry": {"type": "LineString", "coordinates": [[-56.061988, -26.038883], [-56.0623099, -26.0389698]]}, "properties": {"osmid": "257763354", "oneway": "False", "lanes": "2", "ref": NaN, "name": NaN, "highway": "tertiary", "length": 33.578, "maxspeed": NaN, "bridge": NaN, "access": NaN, "tunnel": NaN, "junction": NaN, "width": NaN, "service": NaN, "roughness": 2.4000001}}, {"type": "Feature", "geometry": {"type": "LineString", "coordinates": [[-56.0623099, -26.0389698], [-56.0625567, -26.0390083]]}, "properties": {"osmid": "257763354", "oneway": "False", "lanes": "2", "ref": NaN, "name": NaN, "highway": "tertiary", "length": 25.026, "maxspeed": NaN, "bridge": NaN, "access": NaN, "tunnel": NaN, "junction": NaN, "width": NaN, "service": NaN, "roughness": 2.4000001}}, {"type": "Feature", "geometry": {"type": "LineString", "coordinates": [[-56.0625567, -26.0390083], [-56.0627873, -26.0389987]]}, "properties": {"osmid": "257763354", "oneway": "False", "lanes": "2", "ref": NaN, "name": NaN, "highway": "tertiary", "length": 23.064, "maxspeed": NaN, "bridge": NaN, "access": NaN, "tunnel": NaN, "junction": NaN, "width": NaN, "service": NaN, "roughness": 2.4000001}}, {"type": "Feature", "geometry": {"type": "LineString", "coordinates": [[-56.0627873, -26.0389987], [-56.0629644, -26.0389649]]}, "properties": {"osmid": "257763354", "oneway": "False", "lanes": "2", "ref": NaN, "name": NaN, "highway": "tertiary", "length": 18.089, "maxspeed": NaN, "bridge": NaN, "access": NaN, "tunnel": NaN, "junction": NaN, "width": NaN, "service": NaN, "roughness": 2.4000001}}, {"type": "Feature", "geometry": {"type": "LineString", "coordinates": [[-56.0629644, -26.0389649], [-56.0632487, -26.0388734]]}, "properties": {"osmid": "257763354", "oneway": "False", "lanes": "2", "ref": NaN, "name": NaN, "highway": "tertiary", "length": 30.171, "maxspeed": NaN, "bridge": NaN, "access": NaN, "tunnel": NaN, "junction": NaN, "width": NaN, "service": NaN, "roughness": 2.4000001}}, {"type": "Feature", "geometry": {"type": "LineString", "coordinates": [[-56.0632487, -26.0388734], [-56.063356, -26.0388348]]}, "properties": {"osmid": "257763354", "oneway": "False", "lanes": "2", "ref": NaN, "name": NaN, "highway": "tertiary", "length": 11.547, "maxspeed": NaN, "bridge": NaN, "access": NaN, "tunnel": NaN, "junction": NaN, "width": NaN, "service": NaN, "roughness": 2.4000001}}, {"type": "Feature", "geometry": {"type": "LineString", "coordinates": [[-56.063356, -26.0388348], [-56.0634096, -26.0388396]]}, "properties": {"osmid": "257763354", "oneway": "False", "lanes": "2", "ref": NaN, "name": NaN, "highway": "tertiary", "length": 5.382, "maxspeed": NaN, "bridge": NaN, "access": NaN, "tunnel": NaN, "junction": NaN, "width": NaN, "service": NaN, "roughness": 2.4000001}}, {"type": "Feature", "geometry": {"type": "LineString", "coordinates": [[-56.0634096, -26.0388396], [-56.0634633, -26.0388685]]}, "properties": {"osmid": "257763354", "oneway": "False", "lanes": "2", "ref": NaN, "name": NaN, "highway": "tertiary", "length": 6.254, "maxspeed": NaN, "bridge": NaN, "access": NaN, "tunnel": NaN, "junction": NaN, "width": NaN, "service": NaN, "roughness": 2.4000001}}, {"type": "Feature", "geometry": {"type": "LineString", "coordinates": [[-56.0634633, -26.0388685], [-56.0635759, -26.0389553]]}, "properties": {"osmid": "257763354", "oneway": "False", "lanes": "2", "ref": NaN, "name": NaN, "highway": "tertiary", "length": 14.823, "maxspeed": NaN, "bridge": NaN, "access": NaN, "tunnel": NaN, "junction": NaN, "width": NaN, "service": NaN, "roughness": 2.4000001}}, {"type": "Feature", "geometry": {"type": "LineString", "coordinates": [[-56.0635759, -26.0389553], [-56.0637165, -26.0390594]]}, "properties": {"osmid": "257763354", "oneway": "False", "lanes": "2", "ref": NaN, "name": NaN, "highway": "tertiary", "length": 18.202, "maxspeed": NaN, "bridge": NaN, "access": NaN, "tunnel": NaN, "junction": NaN, "width": NaN, "service": NaN, "roughness": 2.4000001}}, {"type": "Feature", "geometry": {"type": "LineString", "coordinates": [[-56.0637165, -26.0390594], [-56.06385, -26.0391498]]}, "properties": {"osmid": "257763354", "oneway": "False", "lanes": "2", "ref": NaN, "name": NaN, "highway": "tertiary", "length": 16.701, "maxspeed": NaN, "bridge": NaN, "access": NaN, "tunnel": NaN, "junction": NaN, "width": NaN, "service": NaN, "roughness": 2.4000001}}, {"type": "Feature", "geometry": {"type": "LineString", "coordinates": [[-56.06385, -26.0391498], [-56.0640997, -26.0388895]]}, "properties": {"osmid": "762959878", "oneway": "False", "lanes": "2", "ref": "PY18", "name": "Ruta Nacional PY18", "highway": "trunk", "length": 38.211, "maxspeed": "80", "bridge": NaN, "access": NaN, "tunnel": NaN, "junction": NaN, "width": NaN, "service": NaN, "roughness": 2.4000001}}, {"type": "Feature", "geometry": {"type": "LineString", "coordinates": [[-56.0640997, -26.0388895], [-56.0644608, -26.0386107]]}, "properties": {"osmid": "762959878", "oneway": "False", "lanes": "2", "ref": "PY18", "name": "Ruta Nacional PY18", "highway": "trunk", "length": 47.567, "maxspeed": "80", "bridge": NaN, "access": NaN, "tunnel": NaN, "junction": NaN, "width": NaN, "service": NaN, "roughness": 2.4000001}}, {"type": "Feature", "geometry": {"type": "LineString", "coordinates": [[-56.0644608, -26.0386107], [-56.0649237, -26.0383024]]}, "properties": {"osmid": "762959878", "oneway": "False", "lanes": "2", "ref": "PY18", "name": "Ruta Nacional PY18", "highway": "trunk", "length": 57.568, "maxspeed": "80", "bridge": NaN, "access": NaN, "tunnel": NaN, "junction": NaN, "width": NaN, "service": NaN, "roughness": 2.4000001}}, {"type": "Feature", "geometry": {"type": "LineString", "coordinates": [[-56.0649237, -26.0383024], [-56.073072, -26.0330262]]}, "properties": {"osmid": "762959878", "oneway": "False", "lanes": "2", "ref": "PY18", "name": "Ruta Nacional PY18", "highway": "trunk", "length": 1003.479, "maxspeed": "80", "bridge": NaN, "access": NaN, "tunnel": NaN, "junction": NaN, "width": NaN, "service": NaN, "roughness": 2.4000001}}, {"type": "Feature", "geometry": {"type": "LineString", "coordinates": [[-56.073072, -26.0330262], [-56.0778086, -26.029961]]}, "properties": {"osmid": "762959878", "oneway": "False", "lanes": "2", "ref": "PY18", "name": "Ruta Nacional PY18", "highway": "trunk", "length": 583.215, "maxspeed": "80", "bridge": NaN, "access": NaN, "tunnel": NaN, "junction": NaN, "width": NaN, "service": NaN, "roughness": 2.4000001}}, {"type": "Feature", "geometry": {"type": "LineString", "coordinates": [[-56.0778086, -26.029961], [-56.0797075, -26.0287321]]}, "properties": {"osmid": "762959878", "oneway": "False", "lanes": "2", "ref": "PY18", "name": "Ruta Nacional PY18", "highway": "trunk", "length": 233.817, "maxspeed": "80", "bridge": NaN, "access": NaN, "tunnel": NaN, "junction": NaN, "width": NaN, "service": NaN, "roughness": 2.4000001}}, {"type": "Feature", "geometry": {"type": "LineString", "coordinates": [[-56.0797075, -26.0287321], [-56.0806625, -26.0280925]]}, "properties": {"osmid": "762959878", "oneway": "False", "lanes": "2", "ref": "PY18", "name": "Ruta Nacional PY18", "highway": "trunk", "length": 119.01, "maxspeed": "80", "bridge": NaN, "access": NaN, "tunnel": NaN, "junction": NaN, "width": NaN, "service": NaN, "roughness": 2.4000001}}, {"type": "Feature", "geometry": {"type": "LineString", "coordinates": [[-56.0806625, -26.0280925], [-56.0815918, -26.0274699]]}, "properties": {"osmid": "762959878", "oneway": "False", "lanes": "2", "ref": "PY18", "name": "Ruta Nacional PY18", "highway": "trunk", "length": 115.821, "maxspeed": "80", "bridge": NaN, "access": NaN, "tunnel": NaN, "junction": NaN, "width": NaN, "service": NaN, "roughness": 2.4000001}}, {"type": "Feature", "geometry": {"type": "LineString", "coordinates": [[-56.0815918, -26.0274699], [-56.0825827, -26.0268341]]}, "properties": {"osmid": "762959878", "oneway": "False", "lanes": "2", "ref": "PY18", "name": "Ruta Nacional PY18", "highway": "trunk", "length": 121.659, "maxspeed": "80", "bridge": NaN, "access": NaN, "tunnel": NaN, "junction": NaN, "width": NaN, "service": NaN, "roughness": 2.4000001}}, {"type": "Feature", "geometry": {"type": "LineString", "coordinates": [[-56.0825827, -26.0268341], [-56.0835602, -26.0262069]]}, "properties": {"osmid": "762959878", "oneway": "False", "lanes": "2", "ref": "PY18", "name": "Ruta Nacional PY18", "highway": "trunk", "length": 120.014, "maxspeed": "80", "bridge": NaN, "access": NaN, "tunnel": NaN, "junction": NaN, "width": NaN, "service": NaN, "roughness": 2.4000001}}, {"type": "Feature", "geometry": {"type": "LineString", "coordinates": [[-56.0835602, -26.0262069], [-56.0845271, -26.0255917]]}, "properties": {"osmid": "762959878", "oneway": "False", "lanes": "2", "ref": "PY18", "name": "Ruta Nacional PY18", "highway": "trunk", "length": 118.378, "maxspeed": "80", "bridge": NaN, "access": NaN, "tunnel": NaN, "junction": NaN, "width": NaN, "service": NaN, "roughness": 2.4000001}}, {"type": "Feature", "geometry": {"type": "LineString", "coordinates": [[-56.0845271, -26.0255917], [-56.0855098, -26.0249665]]}, "properties": {"osmid": "762959878", "oneway": "False", "lanes": "2", "ref": "PY18", "name": "Ruta Nacional PY18", "highway": "trunk", "length": 120.31, "maxspeed": "80", "bridge": NaN, "access": NaN, "tunnel": NaN, "junction": NaN, "width": NaN, "service": NaN, "roughness": 2.4000001}}, {"type": "Feature", "geometry": {"type": "LineString", "coordinates": [[-56.0855098, -26.0249665], [-56.086483, -26.0243127]]}, "properties": {"osmid": "762959878", "oneway": "False", "lanes": "2", "ref": "PY18", "name": "Ruta Nacional PY18", "highway": "trunk", "length": 121.414, "maxspeed": "80", "bridge": NaN, "access": NaN, "tunnel": NaN, "junction": NaN, "width": NaN, "service": NaN, "roughness": 2.4000001}}, {"type": "Feature", "geometry": {"type": "LineString", "coordinates": [[-56.086483, -26.0243127], [-56.0869499, -26.0239991]]}, "properties": {"osmid": "762959878", "oneway": "False", "lanes": "2", "ref": "PY18", "name": "Ruta Nacional PY18", "highway": "trunk", "length": 58.245, "maxspeed": "80", "bridge": NaN, "access": NaN, "tunnel": NaN, "junction": NaN, "width": NaN, "service": NaN, "roughness": 2.4000001}}, {"type": "Feature", "geometry": {"type": "LineString", "coordinates": [[-56.0869499, -26.0239991], [-56.0870931, -26.0238769]]}, "properties": {"osmid": "762959878", "oneway": "False", "lanes": "2", "ref": "PY18", "name": "Ruta Nacional PY18", "highway": "trunk", "length": 19.733, "maxspeed": "80", "bridge": NaN, "access": NaN, "tunnel": NaN, "junction": NaN, "width": NaN, "service": NaN, "roughness": 2.4000001}}, {"type": "Feature", "geometry": {"type": "LineString", "coordinates": [[-56.0870931, -26.0238769], [-56.0871459, -26.0238045]]}, "properties": {"osmid": "762959878", "oneway": "False", "lanes": "2", "ref": "PY18", "name": "Ruta Nacional PY18", "highway": "trunk", "length": 9.625, "maxspeed": "80", "bridge": NaN, "access": NaN, "tunnel": NaN, "junction": NaN, "width": NaN, "service": NaN, "roughness": 2.4000001}}, {"type": "Feature", "geometry": {"type": "LineString", "coordinates": [[-56.0871459, -26.0238045], [-56.0872031, -26.0237262]]}, "properties": {"osmid": "762959878", "oneway": "False", "lanes": "2", "ref": "PY18", "name": "Ruta Nacional PY18", "highway": "trunk", "length": 10.415, "maxspeed": "80", "bridge": NaN, "access": NaN, "tunnel": NaN, "junction": NaN, "width": NaN, "service": NaN, "roughness": 2.4000001}}, {"type": "Feature", "geometry": {"type": "LineString", "coordinates": [[-56.0872031, -26.0237262], [-56.087309, -26.0235394]]}, "properties": {"osmid": "762959878", "oneway": "False", "lanes": "2", "ref": "PY18", "name": "Ruta Nacional PY18", "highway": "trunk", "length": 23.311, "maxspeed": "80", "bridge": NaN, "access": NaN, "tunnel": NaN, "junction": NaN, "width": NaN, "service": NaN, "roughness": 2.4000001}}, {"type": "Feature", "geometry": {"type": "LineString", "coordinates": [[-56.087309, -26.0235394], [-56.0874185, -26.0232512]]}, "properties": {"osmid": "762959878", "oneway": "False", "lanes": "2", "ref": "PY18", "name": "Ruta Nacional PY18", "highway": "trunk", "length": 33.863, "maxspeed": "80", "bridge": NaN, "access": NaN, "tunnel": NaN, "junction": NaN, "width": NaN, "service": NaN, "roughness": 2.4000001}}, {"type": "Feature", "geometry": {"type": "LineString", "coordinates": [[-56.0874185, -26.0232512], [-56.087595, -26.0227048]]}, "properties": {"osmid": "762959878", "oneway": "False", "lanes": "2", "ref": "PY18", "name": "Ruta Nacional PY18", "highway": "trunk", "length": 63.265, "maxspeed": "80", "bridge": NaN, "access": NaN, "tunnel": NaN, "junction": NaN, "width": NaN, "service": NaN, "roughness": 2.4000001}}, {"type": "Feature", "geometry": {"type": "LineString", "coordinates": [[-56.087595, -26.0227048], [-56.0879838, -26.0215618]]}, "properties": {"osmid": "762959878", "oneway": "False", "lanes": "2", "ref": "PY18", "name": "Ruta Nacional PY18", "highway": "trunk", "length": 132.901, "maxspeed": "80", "bridge": NaN, "access": NaN, "tunnel": NaN, "junction": NaN, "width": NaN, "service": NaN, "roughness": 2.4000001}}, {"type": "Feature", "geometry": {"type": "LineString", "coordinates": [[-56.0879838, -26.0215618], [-56.0884034, -26.0203282]]}, "properties": {"osmid": "762959878", "oneway": "False", "lanes": "2", "ref": "PY18", "name": "Ruta Nacional PY18", "highway": "trunk", "length": 143.435, "maxspeed": "80", "bridge": NaN, "access": NaN, "tunnel": NaN, "junction": NaN, "width": NaN, "service": NaN, "roughness": 2.4000001}}, {"type": "Feature", "geometry": {"type": "LineString", "coordinates": [[-56.0884034, -26.0203282], [-56.0884761, -26.0201215]]}, "properties": {"osmid": "762959878", "oneway": "False", "lanes": "2", "ref": "PY18", "name": "Ruta Nacional PY18", "highway": "trunk", "length": 24.105, "maxspeed": "80", "bridge": NaN, "access": NaN, "tunnel": NaN, "junction": NaN, "width": NaN, "service": NaN, "roughness": 2.4000001}}, {"type": "Feature", "geometry": {"type": "LineString", "coordinates": [[-56.0884761, -26.0201215], [-56.0885719, -26.0198491]]}, "properties": {"osmid": "762959878", "oneway": "False", "lanes": "2", "ref": "PY18", "name": "Ruta Nacional PY18", "highway": "trunk", "length": 31.766, "maxspeed": "80", "bridge": NaN, "access": NaN, "tunnel": NaN, "junction": NaN, "width": NaN, "service": NaN, "roughness": 2.4000001}}, {"type": "Feature", "geometry": {"type": "LineString", "coordinates": [[-56.0885719, -26.0198491], [-56.0887821, -26.0192512]]}, "properties": {"osmid": "762959878", "oneway": "False", "lanes": "2", "ref": "PY18", "name": "Ruta Nacional PY18", "highway": "trunk", "length": 69.723, "maxspeed": "80", "bridge": NaN, "access": NaN, "tunnel": NaN, "junction": NaN, "width": NaN, "service": NaN, "roughness": 2.4000001}}, {"type": "Feature", "geometry": {"type": "LineString", "coordinates": [[-56.0887821, -26.0192512], [-56.0889441, -26.0189627]]}, "properties": {"osmid": "762959878", "oneway": "False", "lanes": "2", "ref": "PY18", "name": "Ruta Nacional PY18", "highway": "trunk", "length": 35.933, "maxspeed": "80", "bridge": NaN, "access": NaN, "tunnel": NaN, "junction": NaN, "width": NaN, "service": NaN, "roughness": 2.4000001}}, {"type": "Feature", "geometry": {"type": "LineString", "coordinates": [[-56.0889441, -26.0189627], [-56.0892158, -26.0186785]]}, "properties": {"osmid": "762959878", "oneway": "False", "lanes": "2", "ref": "PY18", "name": "Ruta Nacional PY18", "highway": "trunk", "length": 41.663, "maxspeed": "80", "bridge": NaN, "access": NaN, "tunnel": NaN, "junction": NaN, "width": NaN, "service": NaN, "roughness": 2.4000001}}, {"type": "Feature", "geometry": {"type": "LineString", "coordinates": [[-56.0892158, -26.0186785], [-56.0894331, -26.0185583]]}, "properties": {"osmid": "762959878", "oneway": "False", "lanes": "2", "ref": "PY18", "name": "Ruta Nacional PY18", "highway": "trunk", "length": 25.498, "maxspeed": "80", "bridge": NaN, "access": NaN, "tunnel": NaN, "junction": NaN, "width": NaN, "service": NaN, "roughness": 2.4000001}}, {"type": "Feature", "geometry": {"type": "LineString", "coordinates": [[-56.0894331, -26.0185583], [-56.0896825, -26.0184679]]}, "properties": {"osmid": "762959878", "oneway": "False", "lanes": "2", "ref": "PY18", "name": "Ruta Nacional PY18", "highway": "trunk", "length": 26.872, "maxspeed": "80", "bridge": NaN, "access": NaN, "tunnel": NaN, "junction": NaN, "width": NaN, "service": NaN, "roughness": 2.4000001}}, {"type": "Feature", "geometry": {"type": "LineString", "coordinates": [[-56.0896825, -26.0184679], [-56.0904813, -26.0182601]]}, "properties": {"osmid": "762959878", "oneway": "False", "lanes": "2", "ref": "PY18", "name": "Ruta Nacional PY18", "highway": "trunk", "length": 83.098, "maxspeed": "80", "bridge": NaN, "access": NaN, "tunnel": NaN, "junction": NaN, "width": NaN, "service": NaN, "roughness": 2.4000001}}, {"type": "Feature", "geometry": {"type": "LineString", "coordinates": [[-56.0904813, -26.0182601], [-56.0918748, -26.0179142]]}, "properties": {"osmid": "762959878", "oneway": "False", "lanes": "2", "ref": "PY18", "name": "Ruta Nacional PY18", "highway": "trunk", "length": 144.461, "maxspeed": "80", "bridge": NaN, "access": NaN, "tunnel": NaN, "junction": NaN, "width": NaN, "service": NaN, "roughness": 2.4000001}}, {"type": "Feature", "geometry": {"type": "LineString", "coordinates": [[-56.0918748, -26.0179142], [-56.094963, -26.0171475]]}, "properties": {"osmid": "762959878", "oneway": "False", "lanes": "2", "ref": "PY18", "name": "Ruta Nacional PY18", "highway": "trunk", "length": 320.153, "maxspeed": "80", "bridge": NaN, "access": NaN, "tunnel": NaN, "junction": NaN, "width": NaN, "service": NaN, "roughness": 2.4000001}}, {"type": "Feature", "geometry": {"type": "LineString", "coordinates": [[-56.094963, -26.0171475], [-56.095254, -26.0170409]]}, "properties": {"osmid": "762959878", "oneway": "False", "lanes": "2", "ref": "PY18", "name": "Ruta Nacional PY18", "highway": "trunk", "length": 31.402, "maxspeed": "80", "bridge": NaN, "access": NaN, "tunnel": NaN, "junction": NaN, "width": NaN, "service": NaN, "roughness": 2.4000001}}, {"type": "Feature", "geometry": {"type": "LineString", "coordinates": [[-56.095254, -26.0170409], [-56.0955574, -26.0168968]]}, "properties": {"osmid": "762959878", "oneway": "False", "lanes": "2", "ref": "PY18", "name": "Ruta Nacional PY18", "highway": "trunk", "length": 34.292, "maxspeed": "80", "bridge": NaN, "access": NaN, "tunnel": NaN, "junction": NaN, "width": NaN, "service": NaN, "roughness": 2.4000001}}, {"type": "Feature", "geometry": {"type": "LineString", "coordinates": [[-56.0955574, -26.0168968], [-56.0958031, -26.0167423]]}, "properties": {"osmid": "762959878", "oneway": "False", "lanes": "2", "ref": "PY18", "name": "Ruta Nacional PY18", "highway": "trunk", "length": 29.966, "maxspeed": "80", "bridge": NaN, "access": NaN, "tunnel": NaN, "junction": NaN, "width": NaN, "service": NaN, "roughness": 2.4000001}}, {"type": "Feature", "geometry": {"type": "LineString", "coordinates": [[-56.0958031, -26.0167423], [-56.0959796, -26.0166068]]}, "properties": {"osmid": "762959878", "oneway": "False", "lanes": "2", "ref": "PY18", "name": "Ruta Nacional PY18", "highway": "trunk", "length": 23.197, "maxspeed": "80", "bridge": NaN, "access": NaN, "tunnel": NaN, "junction": NaN, "width": NaN, "service": NaN, "roughness": 2.4000001}}, {"type": "Feature", "geometry": {"type": "LineString", "coordinates": [[-56.0959796, -26.0166068], [-56.0962293, -26.0163817]]}, "properties": {"osmid": "762959878", "oneway": "False", "lanes": "2", "ref": "PY18", "name": "Ruta Nacional PY18", "highway": "trunk", "length": 35.343, "maxspeed": "80", "bridge": NaN, "access": NaN, "tunnel": NaN, "junction": NaN, "width": NaN, "service": NaN, "roughness": 2.4000001}}, {"type": "Feature", "geometry": {"type": "LineString", "coordinates": [[-56.0962293, -26.0163817], [-56.0964615, -26.0160859]]}, "properties": {"osmid": "762959878", "oneway": "False", "lanes": "2", "ref": "PY18", "name": "Ruta Nacional PY18", "highway": "trunk", "length": 40.252, "maxspeed": "80", "bridge": NaN, "access": NaN, "tunnel": NaN, "junction": NaN, "width": NaN, "service": NaN, "roughness": 2.4000001}}, {"type": "Feature", "geometry": {"type": "LineString", "coordinates": [[-56.0964615, -26.0160859], [-56.097175, -26.0147407]]}, "properties": {"osmid": "762959878", "oneway": "False", "lanes": "2", "ref": "PY18", "name": "Ruta Nacional PY18", "highway": "trunk", "length": 165.703, "maxspeed": "80", "bridge": NaN, "access": NaN, "tunnel": NaN, "junction": NaN, "width": NaN, "service": NaN, "roughness": 2.4000001}}, {"type": "Feature", "geometry": {"type": "LineString", "coordinates": [[-56.097175, -26.0147407], [-56.0973127, -26.0144723]]}, "properties": {"osmid": "259898034", "oneway": "False", "lanes": "2", "ref": "PY18", "name": "Ruta Nacional 18", "highway": "trunk", "length": 32.864, "maxspeed": "80", "bridge": "yes", "access": NaN, "tunnel": NaN, "junction": NaN, "width": NaN, "service": NaN, "roughness": 2.4000001}}, {"type": "Feature", "geometry": {"type": "LineString", "coordinates": [[-56.0973127, -26.0144723], [-56.098245, -26.0126169]]}, "properties": {"osmid": "711084669", "oneway": "False", "lanes": "2", "ref": "PY18", "name": "Ruta Nacional PY18", "highway": "trunk", "length": 226.371, "maxspeed": "80", "bridge": NaN, "access": NaN, "tunnel": NaN, "junction": NaN, "width": NaN, "service": NaN, "roughness": 2.4000001}}, {"type": "Feature", "geometry": {"type": "LineString", "coordinates": [[-56.098245, -26.0126169], [-56.0995147, -26.0100881]]}, "properties": {"osmid": "711084669", "oneway": "False", "lanes": "2", "ref": "PY18", "name": "Ruta Nacional PY18", "highway": "trunk", "length": 308.492, "maxspeed": "80", "bridge": NaN, "access": NaN, "tunnel": NaN, "junction": NaN, "width": NaN, "service": NaN, "roughness": 2.4000001}}, {"type": "Feature", "geometry": {"type": "LineString", "coordinates": [[-56.0995147, -26.0100881], [-56.100656, -26.0078456]]}, "properties": {"osmid": "711084669", "oneway": "False", "lanes": "2", "ref": "PY18", "name": "Ruta Nacional PY18", "highway": "trunk", "length": 274.201, "maxspeed": "80", "bridge": NaN, "access": NaN, "tunnel": NaN, "junction": NaN, "width": NaN, "service": NaN, "roughness": 2.4000001}}, {"type": "Feature", "geometry": {"type": "LineString", "coordinates": [[-56.100656, -26.0078456], [-56.100844, -26.0075445]]}, "properties": {"osmid": "711084669", "oneway": "False", "lanes": "2", "ref": "PY18", "name": "Ruta Nacional PY18", "highway": "trunk", "length": 38.392, "maxspeed": "80", "bridge": NaN, "access": NaN, "tunnel": NaN, "junction": NaN, "width": NaN, "service": NaN, "roughness": 2.4000001}}, {"type": "Feature", "geometry": {"type": "LineString", "coordinates": [[-56.100844, -26.0075445], [-56.1010036, -26.0073035]]}, "properties": {"osmid": "711084669", "oneway": "False", "lanes": "2", "ref": "PY18", "name": "Ruta Nacional PY18", "highway": "trunk", "length": 31.185, "maxspeed": "80", "bridge": NaN, "access": NaN, "tunnel": NaN, "junction": NaN, "width": NaN, "service": NaN, "roughness": 2.4000001}}, {"type": "Feature", "geometry": {"type": "LineString", "coordinates": [[-56.1010036, -26.0073035], [-56.1013716, -26.0067914]]}, "properties": {"osmid": "711084669", "oneway": "False", "lanes": "2", "ref": "PY18", "name": "Ruta Nacional PY18", "highway": "trunk", "length": 67.786, "maxspeed": "80", "bridge": NaN, "access": NaN, "tunnel": NaN, "junction": NaN, "width": NaN, "service": NaN, "roughness": 2.4000001}}, {"type": "Feature", "geometry": {"type": "LineString", "coordinates": [[-56.1013716, -26.0067914], [-56.102514, -26.0052566]]}, "properties": {"osmid": "711084669", "oneway": "False", "lanes": "2", "ref": "PY18", "name": "Ruta Nacional PY18", "highway": "trunk", "length": 205.328, "maxspeed": "80", "bridge": NaN, "access": NaN, "tunnel": NaN, "junction": NaN, "width": NaN, "service": NaN, "roughness": 2.4000001}}, {"type": "Feature", "geometry": {"type": "LineString", "coordinates": [[-56.102514, -26.0052566], [-56.1039937, -26.0033802]]}, "properties": {"osmid": "711084669", "oneway": "False", "lanes": "2", "ref": "PY18", "name": "Ruta Nacional PY18", "highway": "trunk", "length": 255.737, "maxspeed": "80", "bridge": NaN, "access": NaN, "tunnel": NaN, "junction": NaN, "width": NaN, "service": NaN, "roughness": 2.4000001}}, {"type": "Feature", "geometry": {"type": "LineString", "coordinates": [[-56.1039937, -26.0033802], [-56.105543, -26.0012018]]}, "properties": {"osmid": "711084669", "oneway": "False", "lanes": "2", "ref": "PY18", "name": "Ruta Nacional PY18", "highway": "trunk", "length": 287.486, "maxspeed": "80", "bridge": NaN, "access": NaN, "tunnel": NaN, "junction": NaN, "width": NaN, "service": NaN, "roughness": 2.4000001}}, {"type": "Feature", "geometry": {"type": "LineString", "coordinates": [[-56.105543, -26.0012018], [-56.1074625, -25.9978455]]}, "properties": {"osmid": "711084669", "oneway": "False", "lanes": "2", "ref": "PY18", "name": "Ruta Nacional PY18", "highway": "trunk", "length": 419.623, "maxspeed": "80", "bridge": NaN, "access": NaN, "tunnel": NaN, "junction": NaN, "width": NaN, "service": NaN, "roughness": 2.4000001}}, {"type": "Feature", "geometry": {"type": "LineString", "coordinates": [[-56.1074625, -25.9978455], [-56.108087, -25.9967535]]}, "properties": {"osmid": "711084669", "oneway": "False", "lanes": "2", "ref": "PY18", "name": "Ruta Nacional PY18", "highway": "trunk", "length": 136.527, "maxspeed": "80", "bridge": NaN, "access": NaN, "tunnel": NaN, "junction": NaN, "width": NaN, "service": NaN, "roughness": 2.4000001}}, {"type": "Feature", "geometry": {"type": "LineString", "coordinates": [[-56.108087, -25.9967535], [-56.1083767, -25.9963713]]}, "properties": {"osmid": "711084669", "oneway": "False", "lanes": "2", "ref": "PY18", "name": "Ruta Nacional PY18", "highway": "trunk", "length": 51.424, "maxspeed": "80", "bridge": NaN, "access": NaN, "tunnel": NaN, "junction": NaN, "width": NaN, "service": NaN, "roughness": 2.4000001}}, {"type": "Feature", "geometry": {"type": "LineString", "coordinates": [[-56.1083767, -25.9963713], [-56.1084896, -25.996251]]}, "properties": {"osmid": "711084669", "oneway": "False", "lanes": "2", "ref": "PY18", "name": "Ruta Nacional PY18", "highway": "trunk", "length": 17.5, "maxspeed": "80", "bridge": NaN, "access": NaN, "tunnel": NaN, "junction": NaN, "width": NaN, "service": NaN, "roughness": 2.4000001}}, {"type": "Feature", "geometry": {"type": "LineString", "coordinates": [[-56.1084896, -25.996251], [-56.1086707, -25.9960579]]}, "properties": {"osmid": "711084669", "oneway": "False", "lanes": "2", "ref": "PY18", "name": "Ruta Nacional PY18", "highway": "trunk", "length": 28.083, "maxspeed": "80", "bridge": NaN, "access": NaN, "tunnel": NaN, "junction": NaN, "width": NaN, "service": NaN, "roughness": 2.4000001}}, {"type": "Feature", "geometry": {"type": "LineString", "coordinates": [[-56.1086707, -25.9960579], [-56.1087461, -25.9960035]]}, "properties": {"osmid": "711084669", "oneway": "False", "lanes": "2", "ref": "PY18", "name": "Ruta Nacional PY18", "highway": "trunk", "length": 9.663, "maxspeed": "80", "bridge": NaN, "access": NaN, "tunnel": NaN, "junction": NaN, "width": NaN, "service": NaN, "roughness": 2.4000001}}, {"type": "Feature", "geometry": {"type": "LineString", "coordinates": [[-56.1087461, -25.9960035], [-56.1090089, -25.9958137]]}, "properties": {"osmid": "711084669", "oneway": "False", "lanes": "2", "ref": "PY18", "name": "Ruta Nacional PY18", "highway": "trunk", "length": 33.694, "maxspeed": "80", "bridge": NaN, "access": NaN, "tunnel": NaN, "junction": NaN, "width": NaN, "service": NaN, "roughness": 2.4000001}}, {"type": "Feature", "geometry": {"type": "LineString", "coordinates": [[-56.1090089, -25.9958137], [-56.1093665, -25.9956175]]}, "properties": {"osmid": "711084669", "oneway": "False", "lanes": "2", "ref": "PY18", "name": "Ruta Nacional PY18", "highway": "trunk", "length": 41.873, "maxspeed": "80", "bridge": NaN, "access": NaN, "tunnel": NaN, "junction": NaN, "width": NaN, "service": NaN, "roughness": 2.4000001}}, {"type": "Feature", "geometry": {"type": "LineString", "coordinates": [[-56.1093665, -25.9956175], [-56.1097387, -25.995476]]}, "properties": {"osmid": "711084669", "oneway": "False", "lanes": "2", "ref": "PY18", "name": "Ruta Nacional PY18", "highway": "trunk", "length": 40.39, "maxspeed": "80", "bridge": NaN, "access": NaN, "tunnel": NaN, "junction": NaN, "width": NaN, "service": NaN, "roughness": 2.4000001}}, {"type": "Feature", "geometry": {"type": "LineString", "coordinates": [[-56.1097387, -25.995476], [-56.1101373, -25.9953952]]}, "properties": {"osmid": "711084669", "oneway": "False", "lanes": "2", "ref": "PY18", "name": "Ruta Nacional PY18", "highway": "trunk", "length": 40.839, "maxspeed": "80", "bridge": NaN, "access": NaN, "tunnel": NaN, "junction": NaN, "width": NaN, "service": NaN, "roughness": 2.4000001}}, {"type": "Feature", "geometry": {"type": "LineString", "coordinates": [[-56.1101373, -25.9953952], [-56.1104683, -25.995354]]}, "properties": {"osmid": "711084669", "oneway": "False", "lanes": "2", "ref": "PY18", "name": "Ruta Nacional PY18", "highway": "trunk", "length": 33.398, "maxspeed": "80", "bridge": NaN, "access": NaN, "tunnel": NaN, "junction": NaN, "width": NaN, "service": NaN, "roughness": 2.4000001}}, {"type": "Feature", "geometry": {"type": "LineString", "coordinates": [[-56.1104683, -25.995354], [-56.1107915, -25.9953506]]}, "properties": {"osmid": "711084669", "oneway": "False", "lanes": "2", "ref": "PY18", "name": "Ruta Nacional PY18", "highway": "trunk", "length": 32.305, "maxspeed": "80", "bridge": NaN, "access": NaN, "tunnel": NaN, "junction": NaN, "width": NaN, "service": NaN, "roughness": 2.4000001}}, {"type": "Feature", "geometry": {"type": "LineString", "coordinates": [[-56.1107915, -25.9953506], [-56.1111176, -25.9953735]]}, "properties": {"osmid": "711084669", "oneway": "False", "lanes": "2", "ref": "PY18", "name": "Ruta Nacional PY18", "highway": "trunk", "length": 32.692, "maxspeed": "80", "bridge": NaN, "access": NaN, "tunnel": NaN, "junction": NaN, "width": NaN, "service": NaN, "roughness": 2.4000001}}, {"type": "Feature", "geometry": {"type": "LineString", "coordinates": [[-56.1111176, -25.9953735], [-56.1114025, -25.9954321]]}, "properties": {"osmid": "711084669", "oneway": "False", "lanes": "2", "ref": "PY18", "name": "Ruta Nacional PY18", "highway": "trunk", "length": 29.21, "maxspeed": "80", "bridge": NaN, "access": NaN, "tunnel": NaN, "junction": NaN, "width": NaN, "service": NaN, "roughness": 2.4000001}}, {"type": "Feature", "geometry": {"type": "LineString", "coordinates": [[-56.1114025, -25.9954321], [-56.1116702, -25.9955027]]}, "properties": {"osmid": "711084669", "oneway": "False", "lanes": "2", "ref": "PY18", "name": "Ruta Nacional PY18", "highway": "trunk", "length": 27.883, "maxspeed": "80", "bridge": NaN, "access": NaN, "tunnel": NaN, "junction": NaN, "width": NaN, "service": NaN, "roughness": 2.4000001}}, {"type": "Feature", "geometry": {"type": "LineString", "coordinates": [[-56.1116702, -25.9955027], [-56.1123107, -25.9957198]]}, "properties": {"osmid": "711084669", "oneway": "False", "lanes": "2", "ref": "PY18", "name": "Ruta Nacional PY18", "highway": "trunk", "length": 68.415, "maxspeed": "80", "bridge": NaN, "access": NaN, "tunnel": NaN, "junction": NaN, "width": NaN, "service": NaN, "roughness": 2.4000001}}, {"type": "Feature", "geometry": {"type": "LineString", "coordinates": [[-56.1123107, -25.9957198], [-56.1162487, -25.997015]]}, "properties": {"osmid": "711084669", "oneway": "False", "lanes": "2", "ref": "PY18", "name": "Ruta Nacional PY18", "highway": "trunk", "length": 419.104, "maxspeed": "80", "bridge": NaN, "access": NaN, "tunnel": NaN, "junction": NaN, "width": NaN, "service": NaN, "roughness": 2.4000001}}, {"type": "Feature", "geometry": {"type": "LineString", "coordinates": [[-56.1162487, -25.997015], [-56.1166473, -25.9971308]]}, "properties": {"osmid": "711084669", "oneway": "False", "lanes": "2", "ref": "PY18", "name": "Ruta Nacional PY18", "highway": "trunk", "length": 41.867, "maxspeed": "80", "bridge": NaN, "access": NaN, "tunnel": NaN, "junction": NaN, "width": NaN, "service": NaN, "roughness": 2.4000001}}, {"type": "Feature", "geometry": {"type": "LineString", "coordinates": [[-56.1166473, -25.9971308], [-56.1170381, -25.9972318]]}, "properties": {"osmid": "711084669", "oneway": "False", "lanes": "2", "ref": "PY18", "name": "Ruta Nacional PY18", "highway": "trunk", "length": 40.641, "maxspeed": "80", "bridge": NaN, "access": NaN, "tunnel": NaN, "junction": NaN, "width": NaN, "service": NaN, "roughness": 2.4000001}}, {"type": "Feature", "geometry": {"type": "LineString", "coordinates": [[-56.1170381, -25.9972318], [-56.1173889, -25.9972899]]}, "properties": {"osmid": "711084669", "oneway": "False", "lanes": "2", "ref": "PY18", "name": "Ruta Nacional PY18", "highway": "trunk", "length": 35.651, "maxspeed": "80", "bridge": NaN, "access": NaN, "tunnel": NaN, "junction": NaN, "width": NaN, "service": NaN, "roughness": 2.4000001}}, {"type": "Feature", "geometry": {"type": "LineString", "coordinates": [[-56.1173889, -25.9972899], [-56.1177784, -25.9973188]]}, "properties": {"osmid": "711084669", "oneway": "False", "lanes": "2", "ref": "PY18", "name": "Ruta Nacional PY18", "highway": "trunk", "length": 39.061, "maxspeed": "80", "bridge": NaN, "access": NaN, "tunnel": NaN, "junction": NaN, "width": NaN, "service": NaN, "roughness": 2.4000001}}, {"type": "Feature", "geometry": {"type": "LineString", "coordinates": [[-56.1177784, -25.9973188], [-56.1183548, -25.9973106]]}, "properties": {"osmid": "711084669", "oneway": "False", "lanes": "2", "ref": "PY18", "name": "Ruta Nacional PY18", "highway": "trunk", "length": 57.615, "maxspeed": "80", "bridge": NaN, "access": NaN, "tunnel": NaN, "junction": NaN, "width": NaN, "service": NaN, "roughness": 2.4000001}}, {"type": "Feature", "geometry": {"type": "LineString", "coordinates": [[-56.1183548, -25.9973106], [-56.1217459, -25.997165]]}, "properties": {"osmid": "711084669", "oneway": "False", "lanes": "2", "ref": "PY18", "name": "Ruta Nacional PY18", "highway": "trunk", "length": 339.306, "maxspeed": "80", "bridge": NaN, "access": NaN, "tunnel": NaN, "junction": NaN, "width": NaN, "service": NaN, "roughness": 2.4000001}}, {"type": "Feature", "geometry": {"type": "LineString", "coordinates": [[-56.1217459, -25.997165], [-56.1249116, -25.9970406]]}, "properties": {"osmid": "711084669", "oneway": "False", "lanes": "2", "ref": "PY18", "name": "Ruta Nacional PY18", "highway": "trunk", "length": 316.695, "maxspeed": "80", "bridge": NaN, "access": NaN, "tunnel": NaN, "junction": NaN, "width": NaN, "service": NaN, "roughness": 2.4000001}}, {"type": "Feature", "geometry": {"type": "LineString", "coordinates": [[-56.1249116, -25.9970406], [-56.1247406, -25.9966577]]}, "properties": {"osmid": "259899902", "oneway": "False", "lanes": "2", "ref": NaN, "name": NaN, "highway": "unclassified", "length": 45.879, "maxspeed": NaN, "bridge": NaN, "access": NaN, "tunnel": NaN, "junction": NaN, "width": NaN, "service": NaN, "roughness": 2.4000001}}, {"type": "Feature", "geometry": {"type": "LineString", "coordinates": [[-56.1247406, -25.9966577], [-56.124569, -25.9963058]]}, "properties": {"osmid": "259899902", "oneway": "False", "lanes": "2", "ref": NaN, "name": NaN, "highway": "unclassified", "length": 42.723, "maxspeed": NaN, "bridge": NaN, "access": NaN, "tunnel": NaN, "junction": NaN, "width": NaN, "service": NaN, "roughness": 2.4000001}}, {"type": "Feature", "geometry": {"type": "LineString", "coordinates": [[-56.124569, -25.9963058], [-56.1243919, -25.9960116]]}, "properties": {"osmid": "259899902", "oneway": "False", "lanes": "2", "ref": NaN, "name": NaN, "highway": "unclassified", "length": 37.195, "maxspeed": NaN, "bridge": NaN, "access": NaN, "tunnel": NaN, "junction": NaN, "width": NaN, "service": NaN, "roughness": 2.4000001}}, {"type": "Feature", "geometry": {"type": "LineString", "coordinates": [[-56.1243919, -25.9960116], [-56.1239727, -25.9952973]]}, "properties": {"osmid": "259899902", "oneway": "False", "lanes": "2", "ref": NaN, "name": NaN, "highway": "unclassified", "length": 89.8, "maxspeed": NaN, "bridge": NaN, "access": NaN, "tunnel": NaN, "junction": NaN, "width": NaN, "service": NaN, "roughness": 2.4000001}}, {"type": "Feature", "geometry": {"type": "LineString", "coordinates": [[-56.1239727, -25.9952973], [-56.1238716, -25.9950377]]}, "properties": {"osmid": "259899902", "oneway": "False", "lanes": "2", "ref": NaN, "name": NaN, "highway": "unclassified", "length": 30.584, "maxspeed": NaN, "bridge": NaN, "access": NaN, "tunnel": NaN, "junction": NaN, "width": NaN, "service": NaN, "roughness": 2.4000001}}, {"type": "Feature", "geometry": {"type": "LineString", "coordinates": [[-56.1238716, -25.9950377], [-56.1238386, -25.9948151]]}, "properties": {"osmid": "259899902", "oneway": "False", "lanes": "2", "ref": NaN, "name": NaN, "highway": "unclassified", "length": 24.971, "maxspeed": NaN, "bridge": NaN, "access": NaN, "tunnel": NaN, "junction": NaN, "width": NaN, "service": NaN, "roughness": 2.4000001}}, {"type": "Feature", "geometry": {"type": "LineString", "coordinates": [[-56.1238386, -25.9948151], [-56.1238448, -25.9944976]]}, "properties": {"osmid": "259899902", "oneway": "False", "lanes": "2", "ref": NaN, "name": NaN, "highway": "unclassified", "length": 35.31, "maxspeed": NaN, "bridge": NaN, "access": NaN, "tunnel": NaN, "junction": NaN, "width": NaN, "service": NaN, "roughness": 2.4000001}}, {"type": "Feature", "geometry": {"type": "LineString", "coordinates": [[-56.1238448, -25.9944976], [-56.1238555, -25.9941215]]}, "properties": {"osmid": "259899902", "oneway": "False", "lanes": "2", "ref": NaN, "name": NaN, "highway": "unclassified", "length": 41.834, "maxspeed": NaN, "bridge": NaN, "access": NaN, "tunnel": NaN, "junction": NaN, "width": NaN, "service": NaN, "roughness": 2.4000001}}, {"type": "Feature", "geometry": {"type": "LineString", "coordinates": [[-56.1238555, -25.9941215], [-56.1238922, -25.9937978]]}, "properties": {"osmid": "259899902", "oneway": "False", "lanes": "2", "ref": NaN, "name": NaN, "highway": "unclassified", "length": 36.18, "maxspeed": NaN, "bridge": NaN, "access": NaN, "tunnel": NaN, "junction": NaN, "width": NaN, "service": NaN, "roughness": 2.4000001}}, {"type": "Feature", "geometry": {"type": "LineString", "coordinates": [[-56.1238922, -25.9937978], [-56.1239413, -25.9935285]]}, "properties": {"osmid": "259899902", "oneway": "False", "lanes": "2", "ref": NaN, "name": NaN, "highway": "unclassified", "length": 30.344, "maxspeed": NaN, "bridge": NaN, "access": NaN, "tunnel": NaN, "junction": NaN, "width": NaN, "service": NaN, "roughness": 2.4000001}}, {"type": "Feature", "geometry": {"type": "LineString", "coordinates": [[-56.1239413, -25.9935285], [-56.123995, -25.9931716]]}, "properties": {"osmid": "259899902", "oneway": "False", "lanes": "2", "ref": NaN, "name": NaN, "highway": "unclassified", "length": 40.047, "maxspeed": NaN, "bridge": NaN, "access": NaN, "tunnel": NaN, "junction": NaN, "width": NaN, "service": NaN, "roughness": 2.4000001}}, {"type": "Feature", "geometry": {"type": "LineString", "coordinates": [[-56.123995, -25.9931716], [-56.1240424, -25.9928671]]}, "properties": {"osmid": "259899902", "oneway": "False", "lanes": "2", "ref": NaN, "name": NaN, "highway": "unclassified", "length": 34.189, "maxspeed": NaN, "bridge": NaN, "access": NaN, "tunnel": NaN, "junction": NaN, "width": NaN, "service": NaN, "roughness": 2.4000001}}, {"type": "Feature", "geometry": {"type": "LineString", "coordinates": [[-56.1240424, -25.9928671], [-56.1241183, -25.9926171]]}, "properties": {"osmid": "259899902", "oneway": "False", "lanes": "2", "ref": NaN, "name": NaN, "highway": "unclassified", "length": 28.815, "maxspeed": NaN, "bridge": NaN, "access": NaN, "tunnel": NaN, "junction": NaN, "width": NaN, "service": NaN, "roughness": 2.4000001}}, {"type": "Feature", "geometry": {"type": "LineString", "coordinates": [[-56.1241183, -25.9926171], [-56.1243428, -25.9920908]]}, "properties": {"osmid": "259899902", "oneway": "False", "lanes": "2", "ref": NaN, "name": NaN, "highway": "unclassified", "length": 62.676, "maxspeed": NaN, "bridge": NaN, "access": NaN, "tunnel": NaN, "junction": NaN, "width": NaN, "service": NaN, "roughness": 2.4000001}}, {"type": "Feature", "geometry": {"type": "LineString", "coordinates": [[-56.1243428, -25.9920908], [-56.124467, -25.9918022]]}, "properties": {"osmid": "259899902", "oneway": "False", "lanes": "2", "ref": NaN, "name": NaN, "highway": "unclassified", "length": 34.408, "maxspeed": NaN, "bridge": NaN, "access": NaN, "tunnel": NaN, "junction": NaN, "width": NaN, "service": NaN, "roughness": 2.4000001}}, {"type": "Feature", "geometry": {"type": "LineString", "coordinates": [[-56.124467, -25.9918022], [-56.1246119, -25.9912863]]}, "properties": {"osmid": "259899902", "oneway": "False", "lanes": "2", "ref": NaN, "name": NaN, "highway": "unclassified", "length": 59.165, "maxspeed": NaN, "bridge": NaN, "access": NaN, "tunnel": NaN, "junction": NaN, "width": NaN, "service": NaN, "roughness": 2.4000001}}, {"type": "Feature", "geometry": {"type": "LineString", "coordinates": [[-56.1246119, -25.9912863], [-56.1247505, -25.9907455]]}, "properties": {"osmid": "259899902", "oneway": "False", "lanes": "2", "ref": NaN, "name": NaN, "highway": "unclassified", "length": 61.709, "maxspeed": NaN, "bridge": NaN, "access": NaN, "tunnel": NaN, "junction": NaN, "width": NaN, "service": NaN, "roughness": 2.4000001}}, {"type": "Feature", "geometry": {"type": "LineString", "coordinates": [[-56.1247505, -25.9907455], [-56.1248954, -25.9903791]]}, "properties": {"osmid": "259899902", "oneway": "False", "lanes": "2", "ref": NaN, "name": NaN, "highway": "unclassified", "length": 43.239, "maxspeed": NaN, "bridge": NaN, "access": NaN, "tunnel": NaN, "junction": NaN, "width": NaN, "service": NaN, "roughness": 2.4000001}}, {"type": "Feature", "geometry": {"type": "LineString", "coordinates": [[-56.1248954, -25.9903791], [-56.1250249, -25.9897288]]}, "properties": {"osmid": "259899902", "oneway": "False", "lanes": "2", "ref": NaN, "name": NaN, "highway": "unclassified", "length": 73.459, "maxspeed": NaN, "bridge": NaN, "access": NaN, "tunnel": NaN, "junction": NaN, "width": NaN, "service": NaN, "roughness": 2.4000001}}, {"type": "Feature", "geometry": {"type": "LineString", "coordinates": [[-56.1250249, -25.9897288], [-56.1250947, -25.989507]]}, "properties": {"osmid": "259899902", "oneway": "False", "lanes": "2", "ref": NaN, "name": NaN, "highway": "unclassified", "length": 25.631, "maxspeed": NaN, "bridge": NaN, "access": NaN, "tunnel": NaN, "junction": NaN, "width": NaN, "service": NaN, "roughness": 2.4000001}}, {"type": "Feature", "geometry": {"type": "LineString", "coordinates": [[-56.1250947, -25.989507], [-56.1251537, -25.9893865]]}, "properties": {"osmid": "259899902", "oneway": "False", "lanes": "2", "ref": NaN, "name": NaN, "highway": "unclassified", "length": 14.639, "maxspeed": NaN, "bridge": NaN, "access": NaN, "tunnel": NaN, "junction": NaN, "width": NaN, "service": NaN, "roughness": 2.4000001}}, {"type": "Feature", "geometry": {"type": "LineString", "coordinates": [[-56.1251537, -25.9893865], [-56.1252387, -25.9892797]]}, "properties": {"osmid": "259899902", "oneway": "False", "lanes": "2", "ref": NaN, "name": NaN, "highway": "unclassified", "length": 14.602, "maxspeed": NaN, "bridge": NaN, "access": NaN, "tunnel": NaN, "junction": NaN, "width": NaN, "service": NaN, "roughness": 2.4000001}}, {"type": "Feature", "geometry": {"type": "LineString", "coordinates": [[-56.1252387, -25.9892797], [-56.1261461, -25.9885041]]}, "properties": {"osmid": "259899902", "oneway": "False", "lanes": "2", "ref": NaN, "name": NaN, "highway": "unclassified", "length": 125.154, "maxspeed": NaN, "bridge": NaN, "access": NaN, "tunnel": NaN, "junction": NaN, "width": NaN, "service": NaN, "roughness": 2.4000001}}, {"type": "Feature", "geometry": {"type": "LineString", "coordinates": [[-56.1261461, -25.9885041], [-56.1268319, -25.9878668]]}, "properties": {"osmid": "259899902", "oneway": "False", "lanes": "2", "ref": NaN, "name": NaN, "highway": "unclassified", "length": 98.592, "maxspeed": NaN, "bridge": NaN, "access": NaN, "tunnel": NaN, "junction": NaN, "width": NaN, "service": NaN, "roughness": 2.4000001}}, {"type": "Feature", "geometry": {"type": "LineString", "coordinates": [[-56.1268319, -25.9878668], [-56.1269714, -25.9876884]]}, "properties": {"osmid": "259899902", "oneway": "False", "lanes": "2", "ref": NaN, "name": NaN, "highway": "unclassified", "length": 24.247, "maxspeed": NaN, "bridge": NaN, "access": NaN, "tunnel": NaN, "junction": NaN, "width": NaN, "service": NaN, "roughness": 2.4000001}}, {"type": "Feature", "geometry": {"type": "LineString", "coordinates": [[-56.1269714, -25.9876884], [-56.1270849, -25.9875156]]}, "properties": {"osmid": "259899902", "oneway": "False", "lanes": "2", "ref": NaN, "name": NaN, "highway": "unclassified", "length": 22.314, "maxspeed": NaN, "bridge": NaN, "access": NaN, "tunnel": NaN, "junction": NaN, "width": NaN, "service": NaN, "roughness": 2.4000001}}, {"type": "Feature", "geometry": {"type": "LineString", "coordinates": [[-56.1270849, -25.9875156], [-56.1274443, -25.986609]]}, "properties": {"osmid": "259899902", "oneway": "False", "lanes": "2", "ref": NaN, "name": NaN, "highway": "unclassified", "length": 107.019, "maxspeed": NaN, "bridge": NaN, "access": NaN, "tunnel": NaN, "junction": NaN, "width": NaN, "service": NaN, "roughness": 2.4000001}}, {"type": "Feature", "geometry": {"type": "LineString", "coordinates": [[-56.1274443, -25.986609], [-56.1275239, -25.9864299]]}, "properties": {"osmid": "259899902", "oneway": "False", "lanes": "2", "ref": NaN, "name": NaN, "highway": "unclassified", "length": 21.446, "maxspeed": NaN, "bridge": NaN, "access": NaN, "tunnel": NaN, "junction": NaN, "width": NaN, "service": NaN, "roughness": 2.4000001}}, {"type": "Feature", "geometry": {"type": "LineString", "coordinates": [[-56.1275239, -25.9864299], [-56.1275838, -25.9861364]]}, "properties": {"osmid": "259899902", "oneway": "False", "lanes": "2", "ref": NaN, "name": NaN, "highway": "unclassified", "length": 33.18, "maxspeed": NaN, "bridge": NaN, "access": NaN, "tunnel": NaN, "junction": NaN, "width": NaN, "service": NaN, "roughness": 2.4000001}}, {"type": "Feature", "geometry": {"type": "LineString", "coordinates": [[-56.1275838, -25.9861364], [-56.1275722, -25.9855908]]}, "properties": {"osmid": "259899902", "oneway": "False", "lanes": "2", "ref": NaN, "name": NaN, "highway": "unclassified", "length": 60.679, "maxspeed": NaN, "bridge": NaN, "access": NaN, "tunnel": NaN, "junction": NaN, "width": NaN, "service": NaN, "roughness": 2.4000001}}]}