{"type": "FeatureCollection", "features": [{"type": "Feature", "geometry": {"type": "LineString", "coordinates": [[-56.2049069, -26.6005815], [-56.2043466, -26.6006331]]}, "properties": {"osmid": "258135025", "oneway": "False", "lanes": "2", "ref": NaN, "name": NaN, "highway": "unclassified", "length": 56.003, "maxspeed": NaN, "bridge": NaN, "access": NaN, "tunnel": NaN, "junction": NaN, "width": NaN, "service": NaN, "roughness": 2.525}}, {"type": "Feature", "geometry": {"type": "LineString", "coordinates": [[-56.2043466, -26.6006331], [-56.2042578, -26.6006775]]}, "properties": {"osmid": "258135025", "oneway": "False", "lanes": "2", "ref": NaN, "name": NaN, "highway": "unclassified", "length": 10.116, "maxspeed": NaN, "bridge": NaN, "access": NaN, "tunnel": NaN, "junction": NaN, "width": NaN, "service": NaN, "roughness": 2.525}}, {"type": "Feature", "geometry": {"type": "LineString", "coordinates": [[-56.2042578, -26.6006775], [-56.2041773, -26.6007494]]}, "properties": {"osmid": "258135025", "oneway": "False", "lanes": "2", "ref": NaN, "name": NaN, "highway": "unclassified", "length": 11.313, "maxspeed": NaN, "bridge": NaN, "access": NaN, "tunnel": NaN, "junction": NaN, "width": NaN, "service": NaN, "roughness": 2.525}}, {"type": "Feature", "geometry": {"type": "LineString", "coordinates": [[-56.2041773, -26.6007494], [-56.2037565, -26.6012423]]}, "properties": {"osmid": "258135025", "oneway": "False", "lanes": "2", "ref": NaN, "name": NaN, "highway": "unclassified", "length": 68.952, "maxspeed": NaN, "bridge": NaN, "access": NaN, "tunnel": NaN, "junction": NaN, "width": NaN, "service": NaN, "roughness": 2.525}}, {"type": "Feature", "geometry": {"type": "LineString", "coordinates": [[-56.2037565, -26.6012423], [-56.2035711, -26.6014257]]}, "properties": {"osmid": "258135025", "oneway": "False", "lanes": "2", "ref": NaN, "name": NaN, "highway": "unclassified", "length": 27.489, "maxspeed": NaN, "bridge": NaN, "access": NaN, "tunnel": NaN, "junction": NaN, "width": NaN, "service": NaN, "roughness": 2.525}}, {"type": "Feature", "geometry": {"type": "LineString", "coordinates": [[-56.2035711, -26.6014257], [-56.2034185, -26.6015157]]}, "properties": {"osmid": "258135025", "oneway": "False", "lanes": "2", "ref": NaN, "name": NaN, "highway": "unclassified", "length": 18.175, "maxspeed": NaN, "bridge": NaN, "access": NaN, "tunnel": NaN, "junction": NaN, "width": NaN, "service": NaN, "roughness": 2.525}}, {"type": "Feature", "geometry": {"type": "LineString", "coordinates": [[-56.2034185, -26.6015157], [-56.2032308, -26.6015876]]}, "properties": {"osmid": "258135025", "oneway": "False", "lanes": "2", "ref": NaN, "name": NaN, "highway": "unclassified", "length": 20.302, "maxspeed": NaN, "bridge": NaN, "access": NaN, "tunnel": NaN, "junction": NaN, "width": NaN, "service": NaN, "roughness": 2.525}}, {"type": "Feature", "geometry": {"type": "LineString", "coordinates": [[-56.2032308, -26.6015876], [-56.2028821, -26.60165]]}, "properties": {"osmid": "258135025", "oneway": "False", "lanes": "2", "ref": NaN, "name": NaN, "highway": "unclassified", "length": 35.357, "maxspeed": NaN, "bridge": NaN, "access": NaN, "tunnel": NaN, "junction": NaN, "width": NaN, "service": NaN, "roughness": 2.525}}, {"type": "Feature", "geometry": {"type": "LineString", "coordinates": [[-56.2028821, -26.60165], [-56.2025519, -26.6017183]]}, "properties": {"osmid": "258135025", "oneway": "False", "lanes": "2", "ref": NaN, "name": NaN, "highway": "unclassified", "length": 33.697, "maxspeed": NaN, "bridge": NaN, "access": NaN, "tunnel": NaN, "junction": NaN, "width": NaN, "service": NaN, "roughness": 2.525}}, {"type": "Feature", "geometry": {"type": "LineString", "coordinates": [[-56.2025519, -26.6017183], [-56.2023159, -26.6017951]]}, "properties": {"osmid": "258135025", "oneway": "False", "lanes": "2", "ref": NaN, "name": NaN, "highway": "unclassified", "length": 24.97, "maxspeed": NaN, "bridge": NaN, "access": NaN, "tunnel": NaN, "junction": NaN, "width": NaN, "service": NaN, "roughness": 2.525}}, {"type": "Feature", "geometry": {"type": "LineString", "coordinates": [[-56.2023159, -26.6017951], [-56.2019243, -26.601963]]}, "properties": {"osmid": "258135025", "oneway": "False", "lanes": "2", "ref": NaN, "name": NaN, "highway": "unclassified", "length": 43.179, "maxspeed": NaN, "bridge": NaN, "access": NaN, "tunnel": NaN, "junction": NaN, "width": NaN, "service": NaN, "roughness": 2.525}}, {"type": "Feature", "geometry": {"type": "LineString", "coordinates": [[-56.2019243, -26.601963], [-56.2017931, -26.6020433]]}, "properties": {"osmid": "258135025", "oneway": "False", "lanes": "2", "ref": NaN, "name": NaN, "highway": "unclassified", "length": 15.808, "maxspeed": NaN, "bridge": NaN, "access": NaN, "tunnel": NaN, "junction": NaN, "width": NaN, "service": NaN, "roughness": 2.525}}, {"type": "Feature", "geometry": {"type": "LineString", "coordinates": [[-56.2017931, -26.6020433], [-56.2017448, -26.6021152]]}, "properties": {"osmid": "258135025", "oneway": "False", "lanes": "2", "ref": NaN, "name": NaN, "highway": "unclassified", "length": 9.326, "maxspeed": NaN, "bridge": NaN, "access": NaN, "tunnel": NaN, "junction": NaN, "width": NaN, "service": NaN, "roughness": 2.525}}, {"type": "Feature", "geometry": {"type": "LineString", "coordinates": [[-56.2017448, -26.6021152], [-56.2016614, -26.6022747]]}, "properties": {"osmid": "258135025", "oneway": "False", "lanes": "2", "ref": NaN, "name": NaN, "highway": "unclassified", "length": 19.578, "maxspeed": NaN, "bridge": NaN, "access": NaN, "tunnel": NaN, "junction": NaN, "width": NaN, "service": NaN, "roughness": 2.525}}, {"type": "Feature", "geometry": {"type": "LineString", "coordinates": [[-56.2016614, -26.6022747], [-56.2015463, -26.6023407]]}, "properties": {"osmid": "258135025", "oneway": "False", "lanes": "2", "ref": NaN, "name": NaN, "highway": "unclassified", "length": 13.595, "maxspeed": NaN, "bridge": NaN, "access": NaN, "tunnel": NaN, "junction": NaN, "width": NaN, "service": NaN, "roughness": 2.525}}, {"type": "Feature", "geometry": {"type": "LineString", "coordinates": [[-56.2015463, -26.6023407], [-56.2014415, -26.6023659]]}, "properties": {"osmid": "258135025", "oneway": "False", "lanes": "2", "ref": NaN, "name": NaN, "highway": "unclassified", "length": 10.79, "maxspeed": NaN, "bridge": NaN, "access": NaN, "tunnel": NaN, "junction": NaN, "width": NaN, "service": NaN, "roughness": 2.525}}, {"type": "Feature", "geometry": {"type": "LineString", "coordinates": [[-56.2014415, -26.6023659], [-56.2010713, -26.602385]]}, "properties": {"osmid": "258135025", "oneway": "False", "lanes": "2", "ref": NaN, "name": NaN, "highway": "unclassified", "length": 36.868, "maxspeed": NaN, "bridge": NaN, "access": NaN, "tunnel": NaN, "junction": NaN, "width": NaN, "service": NaN, "roughness": 2.525}}, {"type": "Feature", "geometry": {"type": "LineString", "coordinates": [[-56.2010713, -26.602385], [-56.2009533, -26.6023898]]}, "properties": {"osmid": "258135024", "oneway": "False", "lanes": "2", "ref": NaN, "name": NaN, "highway": "unclassified", "length": 11.744, "maxspeed": NaN, "bridge": "yes", "access": NaN, "tunnel": NaN, "junction": NaN, "width": NaN, "service": NaN, "roughness": 2.525}}, {"type": "Feature", "geometry": {"type": "LineString", "coordinates": [[-56.2009533, -26.6023898], [-56.2006719, -26.6024078]]}, "properties": {"osmid": "170076387", "oneway": "False", "lanes": "2", "ref": NaN, "name": NaN, "highway": "unclassified", "length": 28.049, "maxspeed": NaN, "bridge": NaN, "access": NaN, "tunnel": NaN, "junction": NaN, "width": NaN, "service": NaN, "roughness": 2.525}}, {"type": "Feature", "geometry": {"type": "LineString", "coordinates": [[-56.2006719, -26.6024078], [-56.2004276, -26.6024618]]}, "properties": {"osmid": "258135932", "oneway": "False", "lanes": "2", "ref": NaN, "name": NaN, "highway": "unclassified", "length": 25.02, "maxspeed": NaN, "bridge": NaN, "access": NaN, "tunnel": NaN, "junction": NaN, "width": NaN, "service": NaN, "roughness": 2.525}}, {"type": "Feature", "geometry": {"type": "LineString", "coordinates": [[-56.2004276, -26.6024618], [-56.1997409, -26.6025625]]}, "properties": {"osmid": "258135932", "oneway": "False", "lanes": "2", "ref": NaN, "name": NaN, "highway": "unclassified", "length": 69.186, "maxspeed": NaN, "bridge": NaN, "access": NaN, "tunnel": NaN, "junction": NaN, "width": NaN, "service": NaN, "roughness": 2.525}}, {"type": "Feature", "geometry": {"type": "LineString", "coordinates": [[-56.1997409, -26.6025625], [-56.198314, -26.6027592]]}, "properties": {"osmid": "258135932", "oneway": "False", "lanes": "2", "ref": NaN, "name": NaN, "highway": "unclassified", "length": 143.543, "maxspeed": NaN, "bridge": NaN, "access": NaN, "tunnel": NaN, "junction": NaN, "width": NaN, "service": NaN, "roughness": 2.525}}, {"type": "Feature", "geometry": {"type": "LineString", "coordinates": [[-56.198314, -26.6027592], [-56.198078, -26.6028023]]}, "properties": {"osmid": "258135932", "oneway": "False", "lanes": "2", "ref": NaN, "name": NaN, "highway": "unclassified", "length": 23.948, "maxspeed": NaN, "bridge": NaN, "access": NaN, "tunnel": NaN, "junction": NaN, "width": NaN, "service": NaN, "roughness": 2.525}}, {"type": "Feature", "geometry": {"type": "LineString", "coordinates": [[-56.198078, -26.6028023], [-56.1978956, -26.6028695]]}, "properties": {"osmid": "258135932", "oneway": "False", "lanes": "2", "ref": NaN, "name": NaN, "highway": "unclassified", "length": 19.614, "maxspeed": NaN, "bridge": NaN, "access": NaN, "tunnel": NaN, "junction": NaN, "width": NaN, "service": NaN, "roughness": 2.525}}, {"type": "Feature", "geometry": {"type": "LineString", "coordinates": [[-56.1978956, -26.6028695], [-56.1977668, -26.6029414]]}, "properties": {"osmid": "258135932", "oneway": "False", "lanes": "2", "ref": NaN, "name": NaN, "highway": "unclassified", "length": 15.097, "maxspeed": NaN, "bridge": NaN, "access": NaN, "tunnel": NaN, "junction": NaN, "width": NaN, "service": NaN, "roughness": 2.525}}, {"type": "Feature", "geometry": {"type": "LineString", "coordinates": [[-56.1977668, -26.6029414], [-56.1976381, -26.6030422]]}, "properties": {"osmid": "258135932", "oneway": "False", "lanes": "2", "ref": NaN, "name": NaN, "highway": "unclassified", "length": 17.011, "maxspeed": NaN, "bridge": NaN, "access": NaN, "tunnel": NaN, "junction": NaN, "width": NaN, "service": NaN, "roughness": 2.525}}, {"type": "Feature", "geometry": {"type": "LineString", "coordinates": [[-56.1976381, -26.6030422], [-56.197563, -26.6031333]]}, "properties": {"osmid": "258135932", "oneway": "False", "lanes": "2", "ref": NaN, "name": NaN, "highway": "unclassified", "length": 12.584, "maxspeed": NaN, "bridge": NaN, "access": NaN, "tunnel": NaN, "junction": NaN, "width": NaN, "service": NaN, "roughness": 2.525}}, {"type": "Feature", "geometry": {"type": "LineString", "coordinates": [[-56.197563, -26.6031333], [-56.1974932, -26.6032292]]}, "properties": {"osmid": "258135932", "oneway": "False", "lanes": "2", "ref": NaN, "name": NaN, "highway": "unclassified", "length": 12.723, "maxspeed": NaN, "bridge": NaN, "access": NaN, "tunnel": NaN, "junction": NaN, "width": NaN, "service": NaN, "roughness": 2.525}}, {"type": "Feature", "geometry": {"type": "LineString", "coordinates": [[-56.1974932, -26.6032292], [-56.1974353, -26.6033345]]}, "properties": {"osmid": "258135932", "oneway": "False", "lanes": "2", "ref": NaN, "name": NaN, "highway": "unclassified", "length": 13.047, "maxspeed": NaN, "bridge": NaN, "access": NaN, "tunnel": NaN, "junction": NaN, "width": NaN, "service": NaN, "roughness": 2.525}}, {"type": "Feature", "geometry": {"type": "LineString", "coordinates": [[-56.1974353, -26.6033345], [-56.197225, -26.6038911]]}, "properties": {"osmid": "258135932", "oneway": "False", "lanes": "2", "ref": NaN, "name": NaN, "highway": "unclassified", "length": 65.328, "maxspeed": NaN, "bridge": NaN, "access": NaN, "tunnel": NaN, "junction": NaN, "width": NaN, "service": NaN, "roughness": 2.525}}, {"type": "Feature", "geometry": {"type": "LineString", "coordinates": [[-56.197225, -26.6038911], [-56.197166, -26.6040926]]}, "properties": {"osmid": "258135932", "oneway": "False", "lanes": "2", "ref": NaN, "name": NaN, "highway": "unclassified", "length": 23.161, "maxspeed": NaN, "bridge": NaN, "access": NaN, "tunnel": NaN, "junction": NaN, "width": NaN, "service": NaN, "roughness": 2.525}}, {"type": "Feature", "geometry": {"type": "LineString", "coordinates": [[-56.197166, -26.6040926], [-56.1971529, -26.6042113]]}, "properties": {"osmid": "258135932", "oneway": "False", "lanes": "2", "ref": NaN, "name": NaN, "highway": "unclassified", "length": 13.263, "maxspeed": NaN, "bridge": NaN, "access": NaN, "tunnel": NaN, "junction": NaN, "width": NaN, "service": NaN, "roughness": 2.525}}, {"type": "Feature", "geometry": {"type": "LineString", "coordinates": [[-56.1971529, -26.6042113], [-56.197166, -26.604414]]}, "properties": {"osmid": "258135932", "oneway": "False", "lanes": "2", "ref": NaN, "name": NaN, "highway": "unclassified", "length": 22.577, "maxspeed": NaN, "bridge": NaN, "access": NaN, "tunnel": NaN, "junction": NaN, "width": NaN, "service": NaN, "roughness": 2.525}}, {"type": "Feature", "geometry": {"type": "LineString", "coordinates": [[-56.197166, -26.604414], [-56.197169, -26.6047437]]}, "properties": {"osmid": "258135932", "oneway": "False", "lanes": "2", "ref": NaN, "name": NaN, "highway": "unclassified", "length": 36.662, "maxspeed": NaN, "bridge": NaN, "access": NaN, "tunnel": NaN, "junction": NaN, "width": NaN, "service": NaN, "roughness": 2.525}}, {"type": "Feature", "geometry": {"type": "LineString", "coordinates": [[-56.197169, -26.6047437], [-56.1971606, -26.6048504]]}, "properties": {"osmid": "258135932", "oneway": "False", "lanes": "2", "ref": NaN, "name": NaN, "highway": "unclassified", "length": 11.894, "maxspeed": NaN, "bridge": NaN, "access": NaN, "tunnel": NaN, "junction": NaN, "width": NaN, "service": NaN, "roughness": 2.525}}, {"type": "Feature", "geometry": {"type": "LineString", "coordinates": [[-56.1971606, -26.6048504], [-56.1971446, -26.6049032]]}, "properties": {"osmid": "258135932", "oneway": "False", "lanes": "2", "ref": NaN, "name": NaN, "highway": "unclassified", "length": 6.083, "maxspeed": NaN, "bridge": NaN, "access": NaN, "tunnel": NaN, "junction": NaN, "width": NaN, "service": NaN, "roughness": 2.525}}, {"type": "Feature", "geometry": {"type": "LineString", "coordinates": [[-56.1971446, -26.6049032], [-56.197107, -26.6049799]]}, "properties": {"osmid": "258135932", "oneway": "False", "lanes": "2", "ref": NaN, "name": NaN, "highway": "unclassified", "length": 9.312, "maxspeed": NaN, "bridge": NaN, "access": NaN, "tunnel": NaN, "junction": NaN, "width": NaN, "service": NaN, "roughness": 2.525}}, {"type": "Feature", "geometry": {"type": "LineString", "coordinates": [[-56.197107, -26.6049799], [-56.1971314, -26.6050363]]}, "properties": {"osmid": "258135715", "oneway": "False", "lanes": "2", "ref": NaN, "name": NaN, "highway": "unclassified", "length": 6.724, "maxspeed": NaN, "bridge": NaN, "access": NaN, "tunnel": NaN, "junction": NaN, "width": NaN, "service": NaN, "roughness": 2.525}}, {"type": "Feature", "geometry": {"type": "LineString", "coordinates": [[-56.1971314, -26.6050363], [-56.197166, -26.6054068]]}, "properties": {"osmid": "258135715", "oneway": "False", "lanes": "2", "ref": NaN, "name": NaN, "highway": "unclassified", "length": 41.341, "maxspeed": NaN, "bridge": NaN, "access": NaN, "tunnel": NaN, "junction": NaN, "width": NaN, "service": NaN, "roughness": 2.525}}, {"type": "Feature", "geometry": {"type": "LineString", "coordinates": [[-56.197166, -26.6054068], [-56.1971904, -26.6056406]]}, "properties": {"osmid": "258135715", "oneway": "False", "lanes": "2", "ref": NaN, "name": NaN, "highway": "unclassified", "length": 26.11, "maxspeed": NaN, "bridge": NaN, "access": NaN, "tunnel": NaN, "junction": NaN, "width": NaN, "service": NaN, "roughness": 2.525}}, {"type": "Feature", "geometry": {"type": "LineString", "coordinates": [[-56.1971904, -26.6056406], [-56.1971636, -26.60695]]}, "properties": {"osmid": "258135715", "oneway": "False", "lanes": "2", "ref": NaN, "name": NaN, "highway": "unclassified", "length": 145.623, "maxspeed": NaN, "bridge": NaN, "access": NaN, "tunnel": NaN, "junction": NaN, "width": NaN, "service": NaN, "roughness": 2.525}}, {"type": "Feature", "geometry": {"type": "LineString", "coordinates": [[-56.1971636, -26.60695], [-56.1971499, -26.6081407]]}, "properties": {"osmid": "258135715", "oneway": "False", "lanes": "2", "ref": NaN, "name": NaN, "highway": "unclassified", "length": 132.407, "maxspeed": NaN, "bridge": NaN, "access": NaN, "tunnel": NaN, "junction": NaN, "width": NaN, "service": NaN, "roughness": 2.525}}, {"type": "Feature", "geometry": {"type": "LineString", "coordinates": [[-56.1971499, -26.6081407], [-56.1971368, -26.6083314]]}, "properties": {"osmid": "258135715", "oneway": "False", "lanes": "2", "ref": NaN, "name": NaN, "highway": "unclassified", "length": 21.245, "maxspeed": NaN, "bridge": NaN, "access": NaN, "tunnel": NaN, "junction": NaN, "width": NaN, "service": NaN, "roughness": 2.525}}, {"type": "Feature", "geometry": {"type": "LineString", "coordinates": [[-56.1971368, -26.6083314], [-56.1971124, -26.6084861]]}, "properties": {"osmid": "258135715", "oneway": "False", "lanes": "2", "ref": NaN, "name": NaN, "highway": "unclassified", "length": 17.372, "maxspeed": NaN, "bridge": NaN, "access": NaN, "tunnel": NaN, "junction": NaN, "width": NaN, "service": NaN, "roughness": 2.525}}, {"type": "Feature", "geometry": {"type": "LineString", "coordinates": [[-56.1971124, -26.6084861], [-56.1970587, -26.6086299]]}, "properties": {"osmid": "258135715", "oneway": "False", "lanes": "2", "ref": NaN, "name": NaN, "highway": "unclassified", "length": 16.858, "maxspeed": NaN, "bridge": NaN, "access": NaN, "tunnel": NaN, "junction": NaN, "width": NaN, "service": NaN, "roughness": 2.525}}, {"type": "Feature", "geometry": {"type": "LineString", "coordinates": [[-56.1970587, -26.6086299], [-56.1967023, -26.6092139]]}, "properties": {"osmid": "258135715", "oneway": "False", "lanes": "2", "ref": NaN, "name": NaN, "highway": "unclassified", "length": 73.976, "maxspeed": NaN, "bridge": NaN, "access": NaN, "tunnel": NaN, "junction": NaN, "width": NaN, "service": NaN, "roughness": 2.525}}, {"type": "Feature", "geometry": {"type": "LineString", "coordinates": [[-56.1967023, -26.6092139], [-56.1965842, -26.609377]]}, "properties": {"osmid": "258135715", "oneway": "False", "lanes": "2", "ref": NaN, "name": NaN, "highway": "unclassified", "length": 21.605, "maxspeed": NaN, "bridge": NaN, "access": NaN, "tunnel": NaN, "junction": NaN, "width": NaN, "service": NaN, "roughness": 2.525}}, {"type": "Feature", "geometry": {"type": "LineString", "coordinates": [[-56.1965842, -26.609377], [-56.1965276, -26.6094885]]}, "properties": {"osmid": "258135715", "oneway": "False", "lanes": "2", "ref": NaN, "name": NaN, "highway": "unclassified", "length": 13.615, "maxspeed": NaN, "bridge": NaN, "access": NaN, "tunnel": NaN, "junction": NaN, "width": NaN, "service": NaN, "roughness": 2.525}}, {"type": "Feature", "geometry": {"type": "LineString", "coordinates": [[-56.1965276, -26.6094885], [-56.1963506, -26.6102942]]}, "properties": {"osmid": "258135715", "oneway": "False", "lanes": "2", "ref": NaN, "name": NaN, "highway": "unclassified", "length": 91.302, "maxspeed": NaN, "bridge": NaN, "access": NaN, "tunnel": NaN, "junction": NaN, "width": NaN, "service": NaN, "roughness": 2.525}}, {"type": "Feature", "geometry": {"type": "LineString", "coordinates": [[-56.1963506, -26.6102942], [-56.1963292, -26.6104285]]}, "properties": {"osmid": "258135715", "oneway": "False", "lanes": "2", "ref": NaN, "name": NaN, "highway": "unclassified", "length": 15.084, "maxspeed": NaN, "bridge": NaN, "access": NaN, "tunnel": NaN, "junction": NaN, "width": NaN, "service": NaN, "roughness": 2.525}}, {"type": "Feature", "geometry": {"type": "LineString", "coordinates": [[-56.1963292, -26.6104285], [-56.1963292, -26.6105772]]}, "properties": {"osmid": "258135715", "oneway": "False", "lanes": "2", "ref": NaN, "name": NaN, "highway": "unclassified", "length": 16.535, "maxspeed": NaN, "bridge": NaN, "access": NaN, "tunnel": NaN, "junction": NaN, "width": NaN, "service": NaN, "roughness": 2.525}}, {"type": "Feature", "geometry": {"type": "LineString", "coordinates": [[-56.1963292, -26.6105772], [-56.1963667, -26.610841]]}, "properties": {"osmid": "258135715", "oneway": "False", "lanes": "2", "ref": NaN, "name": NaN, "highway": "unclassified", "length": 29.569, "maxspeed": NaN, "bridge": NaN, "access": NaN, "tunnel": NaN, "junction": NaN, "width": NaN, "service": NaN, "roughness": 2.525}}, {"type": "Feature", "geometry": {"type": "LineString", "coordinates": [[-56.1963667, -26.610841], [-56.1963614, -26.6113302]]}, "properties": {"osmid": "258135715", "oneway": "False", "lanes": "2", "ref": NaN, "name": NaN, "highway": "unclassified", "length": 54.399, "maxspeed": NaN, "bridge": NaN, "access": NaN, "tunnel": NaN, "junction": NaN, "width": NaN, "service": NaN, "roughness": 2.525}}, {"type": "Feature", "geometry": {"type": "LineString", "coordinates": [[-56.1963614, -26.6113302], [-56.1963453, -26.6114213]]}, "properties": {"osmid": "258135715", "oneway": "False", "lanes": "2", "ref": NaN, "name": NaN, "highway": "unclassified", "length": 10.256, "maxspeed": NaN, "bridge": NaN, "access": NaN, "tunnel": NaN, "junction": NaN, "width": NaN, "service": NaN, "roughness": 2.525}}, {"type": "Feature", "geometry": {"type": "LineString", "coordinates": [[-56.1963453, -26.6114213], [-56.1963238, -26.6115077]]}, "properties": {"osmid": "258135715", "oneway": "False", "lanes": "2", "ref": NaN, "name": NaN, "highway": "unclassified", "length": 9.842, "maxspeed": NaN, "bridge": NaN, "access": NaN, "tunnel": NaN, "junction": NaN, "width": NaN, "service": NaN, "roughness": 2.525}}, {"type": "Feature", "geometry": {"type": "LineString", "coordinates": [[-56.1963238, -26.6115077], [-56.1961307, -26.6117571]]}, "properties": {"osmid": "258135715", "oneway": "False", "lanes": "2", "ref": NaN, "name": NaN, "highway": "unclassified", "length": 33.728, "maxspeed": NaN, "bridge": NaN, "access": NaN, "tunnel": NaN, "junction": NaN, "width": NaN, "service": NaN, "roughness": 2.525}}, {"type": "Feature", "geometry": {"type": "LineString", "coordinates": [[-56.1961307, -26.6117571], [-56.1960824, -26.6118098]]}, "properties": {"osmid": "258135715", "oneway": "False", "lanes": "2", "ref": NaN, "name": NaN, "highway": "unclassified", "length": 7.576, "maxspeed": NaN, "bridge": NaN, "access": NaN, "tunnel": NaN, "junction": NaN, "width": NaN, "service": NaN, "roughness": 2.525}}, {"type": "Feature", "geometry": {"type": "LineString", "coordinates": [[-56.1960824, -26.6118098], [-56.1959912, -26.611853]]}, "properties": {"osmid": "258135715", "oneway": "False", "lanes": "2", "ref": NaN, "name": NaN, "highway": "unclassified", "length": 10.261, "maxspeed": NaN, "bridge": NaN, "access": NaN, "tunnel": NaN, "junction": NaN, "width": NaN, "service": NaN, "roughness": 2.525}}, {"type": "Feature", "geometry": {"type": "LineString", "coordinates": [[-56.1959912, -26.611853], [-56.1950149, -26.6119921]]}, "properties": {"osmid": "258135715", "oneway": "False", "lanes": "2", "ref": NaN, "name": NaN, "highway": "unclassified", "length": 98.284, "maxspeed": NaN, "bridge": NaN, "access": NaN, "tunnel": NaN, "junction": NaN, "width": NaN, "service": NaN, "roughness": 2.525}}, {"type": "Feature", "geometry": {"type": "LineString", "coordinates": [[-56.1950149, -26.6119921], [-56.194913, -26.6120208]]}, "properties": {"osmid": "258135715", "oneway": "False", "lanes": "2", "ref": NaN, "name": NaN, "highway": "unclassified", "length": 10.621, "maxspeed": NaN, "bridge": NaN, "access": NaN, "tunnel": NaN, "junction": NaN, "width": NaN, "service": NaN, "roughness": 2.525}}, {"type": "Feature", "geometry": {"type": "LineString", "coordinates": [[-56.194913, -26.6120208], [-56.1948486, -26.612088]]}, "properties": {"osmid": "258135715", "oneway": "False", "lanes": "2", "ref": NaN, "name": NaN, "highway": "unclassified", "length": 9.84, "maxspeed": NaN, "bridge": NaN, "access": NaN, "tunnel": NaN, "junction": NaN, "width": NaN, "service": NaN, "roughness": 2.525}}, {"type": "Feature", "geometry": {"type": "LineString", "coordinates": [[-56.1948486, -26.612088], [-56.1947603, -26.6123266]]}, "properties": {"osmid": "258135715", "oneway": "False", "lanes": "2", "ref": NaN, "name": NaN, "highway": "unclassified", "length": 27.946, "maxspeed": NaN, "bridge": NaN, "access": NaN, "tunnel": NaN, "junction": NaN, "width": NaN, "service": NaN, "roughness": 2.525}}, {"type": "Feature", "geometry": {"type": "LineString", "coordinates": [[-56.1947603, -26.6123266], [-56.1947359, -26.6124429]]}, "properties": {"osmid": "258135715", "oneway": "False", "lanes": "2", "ref": NaN, "name": NaN, "highway": "unclassified", "length": 13.158, "maxspeed": NaN, "bridge": NaN, "access": NaN, "tunnel": NaN, "junction": NaN, "width": NaN, "service": NaN, "roughness": 2.525}}, {"type": "Feature", "geometry": {"type": "LineString", "coordinates": [[-56.1947359, -26.6124429], [-56.1946906, -26.6126048]]}, "properties": {"osmid": "258135715", "oneway": "False", "lanes": "2", "ref": NaN, "name": NaN, "highway": "unclassified", "length": 18.557, "maxspeed": NaN, "bridge": NaN, "access": NaN, "tunnel": NaN, "junction": NaN, "width": NaN, "service": NaN, "roughness": 2.525}}, {"type": "Feature", "geometry": {"type": "LineString", "coordinates": [[-56.1946906, -26.6126048], [-56.1945458, -26.6128877]]}, "properties": {"osmid": "258135715", "oneway": "False", "lanes": "2", "ref": NaN, "name": NaN, "highway": "unclassified", "length": 34.594, "maxspeed": NaN, "bridge": NaN, "access": NaN, "tunnel": NaN, "junction": NaN, "width": NaN, "service": NaN, "roughness": 2.525}}, {"type": "Feature", "geometry": {"type": "LineString", "coordinates": [[-56.1945458, -26.6128877], [-56.1944731, -26.6130136]]}, "properties": {"osmid": "258135715", "oneway": "False", "lanes": "2", "ref": NaN, "name": NaN, "highway": "unclassified", "length": 15.755, "maxspeed": NaN, "bridge": NaN, "access": NaN, "tunnel": NaN, "junction": NaN, "width": NaN, "service": NaN, "roughness": 2.525}}, {"type": "Feature", "geometry": {"type": "LineString", "coordinates": [[-56.1944731, -26.6130136], [-56.1944033, -26.613311]]}, "properties": {"osmid": "258135715", "oneway": "False", "lanes": "2", "ref": NaN, "name": NaN, "highway": "unclassified", "length": 33.79, "maxspeed": NaN, "bridge": NaN, "access": NaN, "tunnel": NaN, "junction": NaN, "width": NaN, "service": NaN, "roughness": 2.525}}, {"type": "Feature", "geometry": {"type": "LineString", "coordinates": [[-56.1944033, -26.613311], [-56.1943312, -26.613492]]}, "properties": {"osmid": "258135715", "oneway": "False", "lanes": "2", "ref": NaN, "name": NaN, "highway": "unclassified", "length": 21.365, "maxspeed": NaN, "bridge": NaN, "access": NaN, "tunnel": NaN, "junction": NaN, "width": NaN, "service": NaN, "roughness": 2.525}}, {"type": "Feature", "geometry": {"type": "LineString", "coordinates": [[-56.1943312, -26.613492], [-56.1942883, -26.613564]]}, "properties": {"osmid": "258135715", "oneway": "False", "lanes": "2", "ref": NaN, "name": NaN, "highway": "unclassified", "length": 9.071, "maxspeed": NaN, "bridge": NaN, "access": NaN, "tunnel": NaN, "junction": NaN, "width": NaN, "service": NaN, "roughness": 2.525}}, {"type": "Feature", "geometry": {"type": "LineString", "coordinates": [[-56.1942883, -26.613564], [-56.1942156, -26.6136131]]}, "properties": {"osmid": "258135715", "oneway": "False", "lanes": "2", "ref": NaN, "name": NaN, "highway": "unclassified", "length": 9.058, "maxspeed": NaN, "bridge": NaN, "access": NaN, "tunnel": NaN, "junction": NaN, "width": NaN, "service": NaN, "roughness": 2.525}}, {"type": "Feature", "geometry": {"type": "LineString", "coordinates": [[-56.1942156, -26.6136131], [-56.1940683, -26.6136551]]}, "properties": {"osmid": "258135715", "oneway": "False", "lanes": "2", "ref": NaN, "name": NaN, "highway": "unclassified", "length": 15.37, "maxspeed": NaN, "bridge": NaN, "access": NaN, "tunnel": NaN, "junction": NaN, "width": NaN, "service": NaN, "roughness": 2.525}}, {"type": "Feature", "geometry": {"type": "LineString", "coordinates": [[-56.1940683, -26.6136551], [-56.1938025, -26.6136803]]}, "properties": {"osmid": "258135715", "oneway": "False", "lanes": "2", "ref": NaN, "name": NaN, "highway": "unclassified", "length": 26.572, "maxspeed": NaN, "bridge": NaN, "access": NaN, "tunnel": NaN, "junction": NaN, "width": NaN, "service": NaN, "roughness": 2.525}}, {"type": "Feature", "geometry": {"type": "LineString", "coordinates": [[-56.1938025, -26.6136803], [-56.1936309, -26.6136755]]}, "properties": {"osmid": "258135715", "oneway": "False", "lanes": "2", "ref": NaN, "name": NaN, "highway": "unclassified", "length": 17.068, "maxspeed": NaN, "bridge": NaN, "access": NaN, "tunnel": NaN, "junction": NaN, "width": NaN, "service": NaN, "roughness": 2.525}}, {"type": "Feature", "geometry": {"type": "LineString", "coordinates": [[-56.1936309, -26.6136755], [-56.1935075, -26.6136707]]}, "properties": {"osmid": "258135715", "oneway": "False", "lanes": "2", "ref": NaN, "name": NaN, "highway": "unclassified", "length": 12.279, "maxspeed": NaN, "bridge": NaN, "access": NaN, "tunnel": NaN, "junction": NaN, "width": NaN, "service": NaN, "roughness": 2.525}}, {"type": "Feature", "geometry": {"type": "LineString", "coordinates": [[-56.1935075, -26.6136707], [-56.1933441, -26.6136599]]}, "properties": {"osmid": "258135715", "oneway": "False", "lanes": "2", "ref": NaN, "name": NaN, "highway": "unclassified", "length": 16.289, "maxspeed": NaN, "bridge": NaN, "access": NaN, "tunnel": NaN, "junction": NaN, "width": NaN, "service": NaN, "roughness": 2.525}}, {"type": "Feature", "geometry": {"type": "LineString", "coordinates": [[-56.1933441, -26.6136599], [-56.1931457, -26.6136887]]}, "properties": {"osmid": "258135715", "oneway": "False", "lanes": "2", "ref": NaN, "name": NaN, "highway": "unclassified", "length": 19.982, "maxspeed": NaN, "bridge": NaN, "access": NaN, "tunnel": NaN, "junction": NaN, "width": NaN, "service": NaN, "roughness": 2.525}}, {"type": "Feature", "geometry": {"type": "LineString", "coordinates": [[-56.1931457, -26.6136887], [-56.1915441, -26.6138673]]}, "properties": {"osmid": "258135715", "oneway": "False", "lanes": "2", "ref": NaN, "name": NaN, "highway": "unclassified", "length": 160.455, "maxspeed": NaN, "bridge": NaN, "access": NaN, "tunnel": NaN, "junction": NaN, "width": NaN, "service": NaN, "roughness": 2.525}}, {"type": "Feature", "geometry": {"type": "LineString", "coordinates": [[-56.1915441, -26.6138673], [-56.1914682, -26.613873]]}, "properties": {"osmid": "258135715", "oneway": "False", "lanes": "2", "ref": NaN, "name": NaN, "highway": "unclassified", "length": 7.572, "maxspeed": NaN, "bridge": NaN, "access": NaN, "tunnel": NaN, "junction": NaN, "width": NaN, "service": NaN, "roughness": 2.525}}, {"type": "Feature", "geometry": {"type": "LineString", "coordinates": [[-56.1914682, -26.613873], [-56.1911125, -26.6138997]]}, "properties": {"osmid": "258135715", "oneway": "False", "lanes": "2", "ref": NaN, "name": NaN, "highway": "unclassified", "length": 35.486, "maxspeed": NaN, "bridge": NaN, "access": NaN, "tunnel": NaN, "junction": NaN, "width": NaN, "service": NaN, "roughness": 2.525}}, {"type": "Feature", "geometry": {"type": "LineString", "coordinates": [[-56.1911125, -26.6138997], [-56.1906375, -26.6139393]]}, "properties": {"osmid": "258135715", "oneway": "False", "lanes": "2", "ref": NaN, "name": NaN, "highway": "unclassified", "length": 47.426, "maxspeed": NaN, "bridge": NaN, "access": NaN, "tunnel": NaN, "junction": NaN, "width": NaN, "service": NaN, "roughness": 2.525}}, {"type": "Feature", "geometry": {"type": "LineString", "coordinates": [[-56.1906375, -26.6139393], [-56.1898573, -26.614034]]}, "properties": {"osmid": "258135715", "oneway": "False", "lanes": "2", "ref": NaN, "name": NaN, "highway": "unclassified", "length": 78.274, "maxspeed": NaN, "bridge": NaN, "access": NaN, "tunnel": NaN, "junction": NaN, "width": NaN, "service": NaN, "roughness": 2.525}}, {"type": "Feature", "geometry": {"type": "LineString", "coordinates": [[-56.1898573, -26.614034], [-56.1895729, -26.6140628]]}, "properties": {"osmid": "258135715", "oneway": "False", "lanes": "2", "ref": NaN, "name": NaN, "highway": "unclassified", "length": 28.454, "maxspeed": NaN, "bridge": NaN, "access": NaN, "tunnel": NaN, "junction": NaN, "width": NaN, "service": NaN, "roughness": 2.525}}, {"type": "Feature", "geometry": {"type": "LineString", "coordinates": [[-56.1895729, -26.6140628], [-56.1892779, -26.6140772]]}, "properties": {"osmid": "258135715", "oneway": "False", "lanes": "2", "ref": NaN, "name": NaN, "highway": "unclassified", "length": 29.371, "maxspeed": NaN, "bridge": NaN, "access": NaN, "tunnel": NaN, "junction": NaN, "width": NaN, "service": NaN, "roughness": 2.525}}, {"type": "Feature", "geometry": {"type": "LineString", "coordinates": [[-56.1892779, -26.6140772], [-56.1890336, -26.6140784]]}, "properties": {"osmid": "258135715", "oneway": "False", "lanes": "2", "ref": NaN, "name": NaN, "highway": "unclassified", "length": 24.287, "maxspeed": NaN, "bridge": NaN, "access": NaN, "tunnel": NaN, "junction": NaN, "width": NaN, "service": NaN, "roughness": 2.525}}, {"type": "Feature", "geometry": {"type": "LineString", "coordinates": [[-56.1890336, -26.6140784], [-56.1887761, -26.6140832]]}, "properties": {"osmid": "258135715", "oneway": "False", "lanes": "2", "ref": NaN, "name": NaN, "highway": "unclassified", "length": 25.604, "maxspeed": NaN, "bridge": NaN, "access": NaN, "tunnel": NaN, "junction": NaN, "width": NaN, "service": NaN, "roughness": 2.525}}, {"type": "Feature", "geometry": {"type": "LineString", "coordinates": [[-56.1887761, -26.6140832], [-56.1883684, -26.6141407]]}, "properties": {"osmid": "258135715", "oneway": "False", "lanes": "2", "ref": NaN, "name": NaN, "highway": "unclassified", "length": 41.032, "maxspeed": NaN, "bridge": NaN, "access": NaN, "tunnel": NaN, "junction": NaN, "width": NaN, "service": NaN, "roughness": 2.525}}, {"type": "Feature", "geometry": {"type": "LineString", "coordinates": [[-56.1883684, -26.6141407], [-56.1881406, -26.6141587]]}, "properties": {"osmid": "258135715", "oneway": "False", "lanes": "2", "ref": NaN, "name": NaN, "highway": "unclassified", "length": 22.735, "maxspeed": NaN, "bridge": NaN, "access": NaN, "tunnel": NaN, "junction": NaN, "width": NaN, "service": NaN, "roughness": 2.525}}, {"type": "Feature", "geometry": {"type": "LineString", "coordinates": [[-56.1881406, -26.6141587], [-56.1877729, -26.6141935]]}, "properties": {"osmid": "258135715", "oneway": "False", "lanes": "2", "ref": NaN, "name": NaN, "highway": "unclassified", "length": 36.758, "maxspeed": NaN, "bridge": NaN, "access": NaN, "tunnel": NaN, "junction": NaN, "width": NaN, "service": NaN, "roughness": 2.525}}, {"type": "Feature", "geometry": {"type": "LineString", "coordinates": [[-56.1877729, -26.6141935], [-56.1873706, -26.6142174]]}, "properties": {"osmid": "258135715", "oneway": "False", "lanes": "2", "ref": NaN, "name": NaN, "highway": "unclassified", "length": 40.082, "maxspeed": NaN, "bridge": NaN, "access": NaN, "tunnel": NaN, "junction": NaN, "width": NaN, "service": NaN, "roughness": 2.525}}, {"type": "Feature", "geometry": {"type": "LineString", "coordinates": [[-56.1873706, -26.6142174], [-56.1865874, -26.614299]]}, "properties": {"osmid": "258135715", "oneway": "False", "lanes": "2", "ref": NaN, "name": NaN, "highway": "unclassified", "length": 78.387, "maxspeed": NaN, "bridge": NaN, "access": NaN, "tunnel": NaN, "junction": NaN, "width": NaN, "service": NaN, "roughness": 2.525}}, {"type": "Feature", "geometry": {"type": "LineString", "coordinates": [[-56.1865874, -26.614299], [-56.1855038, -26.6144429]]}, "properties": {"osmid": "258135715", "oneway": "False", "lanes": "2", "ref": NaN, "name": NaN, "highway": "unclassified", "length": 108.906, "maxspeed": NaN, "bridge": NaN, "access": NaN, "tunnel": NaN, "junction": NaN, "width": NaN, "service": NaN, "roughness": 2.525}}, {"type": "Feature", "geometry": {"type": "LineString", "coordinates": [[-56.1855038, -26.6144429], [-56.1849971, -26.6145328]]}, "properties": {"osmid": "258135715", "oneway": "False", "lanes": "2", "ref": NaN, "name": NaN, "highway": "unclassified", "length": 51.355, "maxspeed": NaN, "bridge": NaN, "access": NaN, "tunnel": NaN, "junction": NaN, "width": NaN, "service": NaN, "roughness": 2.525}}, {"type": "Feature", "geometry": {"type": "LineString", "coordinates": [[-56.1849971, -26.6145328], [-56.1842783, -26.6146575]]}, "properties": {"osmid": "258135715", "oneway": "False", "lanes": "2", "ref": NaN, "name": NaN, "highway": "unclassified", "length": 72.791, "maxspeed": NaN, "bridge": NaN, "access": NaN, "tunnel": NaN, "junction": NaN, "width": NaN, "service": NaN, "roughness": 2.525}}, {"type": "Feature", "geometry": {"type": "LineString", "coordinates": [[-56.1842783, -26.6146575], [-56.1837096, -26.6147966]]}, "properties": {"osmid": "258135715", "oneway": "False", "lanes": "2", "ref": NaN, "name": NaN, "highway": "unclassified", "length": 58.614, "maxspeed": NaN, "bridge": NaN, "access": NaN, "tunnel": NaN, "junction": NaN, "width": NaN, "service": NaN, "roughness": 2.525}}, {"type": "Feature", "geometry": {"type": "LineString", "coordinates": [[-56.1837096, -26.6147966], [-56.1835404, -26.6148313]]}, "properties": {"osmid": "258135715", "oneway": "False", "lanes": "2", "ref": NaN, "name": NaN, "highway": "unclassified", "length": 17.257, "maxspeed": NaN, "bridge": NaN, "access": NaN, "tunnel": NaN, "junction": NaN, "width": NaN, "service": NaN, "roughness": 2.525}}, {"type": "Feature", "geometry": {"type": "LineString", "coordinates": [[-56.1835404, -26.6148313], [-56.1833526, -26.6148409]]}, "properties": {"osmid": "258135715", "oneway": "False", "lanes": "2", "ref": NaN, "name": NaN, "highway": "unclassified", "length": 18.7, "maxspeed": NaN, "bridge": NaN, "access": NaN, "tunnel": NaN, "junction": NaN, "width": NaN, "service": NaN, "roughness": 2.525}}, {"type": "Feature", "geometry": {"type": "LineString", "coordinates": [[-56.1833526, -26.6148409], [-56.1828216, -26.6148361]]}, "properties": {"osmid": "258135715", "oneway": "False", "lanes": "2", "ref": NaN, "name": NaN, "highway": "unclassified", "length": 52.791, "maxspeed": NaN, "bridge": NaN, "access": NaN, "tunnel": NaN, "junction": NaN, "width": NaN, "service": NaN, "roughness": 2.525}}, {"type": "Feature", "geometry": {"type": "LineString", "coordinates": [[-56.1828216, -26.6148361], [-56.1825909, -26.6148361]]}, "properties": {"osmid": "258135715", "oneway": "False", "lanes": "2", "ref": NaN, "name": NaN, "highway": "unclassified", "length": 22.935, "maxspeed": NaN, "bridge": NaN, "access": NaN, "tunnel": NaN, "junction": NaN, "width": NaN, "service": NaN, "roughness": 2.525}}, {"type": "Feature", "geometry": {"type": "LineString", "coordinates": [[-56.1825909, -26.6148361], [-56.1807753, -26.6149548]]}, "properties": {"osmid": "258135715", "oneway": "False", "lanes": "2", "ref": NaN, "name": NaN, "highway": "unclassified", "length": 180.975, "maxspeed": NaN, "bridge": NaN, "access": NaN, "tunnel": NaN, "junction": NaN, "width": NaN, "service": NaN, "roughness": 2.525}}, {"type": "Feature", "geometry": {"type": "LineString", "coordinates": [[-56.1807753, -26.6149548], [-56.1789914, -26.6150615]]}, "properties": {"osmid": "258135715", "oneway": "False", "lanes": "2", "ref": NaN, "name": NaN, "highway": "unclassified", "length": 177.738, "maxspeed": NaN, "bridge": NaN, "access": NaN, "tunnel": NaN, "junction": NaN, "width": NaN, "service": NaN, "roughness": 2.525}}, {"type": "Feature", "geometry": {"type": "LineString", "coordinates": [[-56.1789914, -26.6150615], [-56.1779536, -26.6151467]]}, "properties": {"osmid": "258135715", "oneway": "False", "lanes": "2", "ref": NaN, "name": NaN, "highway": "unclassified", "length": 103.604, "maxspeed": NaN, "bridge": NaN, "access": NaN, "tunnel": NaN, "junction": NaN, "width": NaN, "service": NaN, "roughness": 2.525}}, {"type": "Feature", "geometry": {"type": "LineString", "coordinates": [[-56.1779536, -26.6151467], [-56.17772, -26.6151814]]}, "properties": {"osmid": "258135715", "oneway": "False", "lanes": "2", "ref": NaN, "name": NaN, "highway": "unclassified", "length": 23.541, "maxspeed": NaN, "bridge": NaN, "access": NaN, "tunnel": NaN, "junction": NaN, "width": NaN, "service": NaN, "roughness": 2.525}}, {"type": "Feature", "geometry": {"type": "LineString", "coordinates": [[-56.17772, -26.6151814], [-56.1775591, -26.6152246]]}, "properties": {"osmid": "258135715", "oneway": "False", "lanes": "2", "ref": NaN, "name": NaN, "highway": "unclassified", "length": 16.701, "maxspeed": NaN, "bridge": NaN, "access": NaN, "tunnel": NaN, "junction": NaN, "width": NaN, "service": NaN, "roughness": 2.525}}, {"type": "Feature", "geometry": {"type": "LineString", "coordinates": [[-56.1775591, -26.6152246], [-56.1774172, -26.6152714]]}, "properties": {"osmid": "258135715", "oneway": "False", "lanes": "2", "ref": NaN, "name": NaN, "highway": "unclassified", "length": 15.036, "maxspeed": NaN, "bridge": NaN, "access": NaN, "tunnel": NaN, "junction": NaN, "width": NaN, "service": NaN, "roughness": 2.525}}, {"type": "Feature", "geometry": {"type": "LineString", "coordinates": [[-56.1774172, -26.6152714], [-56.1772455, -26.6153673]]}, "properties": {"osmid": "258135715", "oneway": "False", "lanes": "2", "ref": NaN, "name": NaN, "highway": "unclassified", "length": 20.126, "maxspeed": NaN, "bridge": NaN, "access": NaN, "tunnel": NaN, "junction": NaN, "width": NaN, "service": NaN, "roughness": 2.525}}, {"type": "Feature", "geometry": {"type": "LineString", "coordinates": [[-56.1772455, -26.6153673], [-56.1771978, -26.6155882]]}, "properties": {"osmid": "503272231", "oneway": "False", "lanes": NaN, "ref": NaN, "name": NaN, "highway": "unclassified", "length": 25.017, "maxspeed": NaN, "bridge": NaN, "access": NaN, "tunnel": NaN, "junction": NaN, "width": NaN, "service": NaN, "roughness": 2.525}}, {"type": "Feature", "geometry": {"type": "LineString", "coordinates": [[-56.1771978, -26.6155882], [-56.1772778, -26.616793]]}, "properties": {"osmid": "503272231", "oneway": "False", "lanes": NaN, "ref": NaN, "name": NaN, "highway": "unclassified", "length": 134.204, "maxspeed": NaN, "bridge": NaN, "access": NaN, "tunnel": NaN, "junction": NaN, "width": NaN, "service": NaN, "roughness": 2.525}}, {"type": "Feature", "geometry": {"type": "LineString", "coordinates": [[-56.1772778, -26.616793], [-56.1774747, -26.6183499]]}, "properties": {"osmid": "503272231", "oneway": "False", "lanes": NaN, "ref": NaN, "name": NaN, "highway": "unclassified", "length": 174.223, "maxspeed": NaN, "bridge": NaN, "access": NaN, "tunnel": NaN, "junction": NaN, "width": NaN, "service": NaN, "roughness": 2.525}}, {"type": "Feature", "geometry": {"type": "LineString", "coordinates": [[-56.1774747, -26.6183499], [-56.1775855, -26.6198298]]}, "properties": {"osmid": "503272231", "oneway": "False", "lanes": NaN, "ref": NaN, "name": NaN, "highway": "unclassified", "length": 164.926, "maxspeed": NaN, "bridge": NaN, "access": NaN, "tunnel": NaN, "junction": NaN, "width": NaN, "service": NaN, "roughness": 2.525}}, {"type": "Feature", "geometry": {"type": "LineString", "coordinates": [[-56.1775855, -26.6198298], [-56.177524, -26.6200003]]}, "properties": {"osmid": "503272231", "oneway": "False", "lanes": NaN, "ref": NaN, "name": NaN, "highway": "unclassified", "length": 19.92, "maxspeed": NaN, "bridge": NaN, "access": NaN, "tunnel": NaN, "junction": NaN, "width": NaN, "service": NaN, "roughness": 2.525}}, {"type": "Feature", "geometry": {"type": "LineString", "coordinates": [[-56.177524, -26.6200003], [-56.1772594, -26.6201928]]}, "properties": {"osmid": "503272231", "oneway": "False", "lanes": NaN, "ref": NaN, "name": NaN, "highway": "unclassified", "length": 33.912, "maxspeed": NaN, "bridge": NaN, "access": NaN, "tunnel": NaN, "junction": NaN, "width": NaN, "service": NaN, "roughness": 2.525}}, {"type": "Feature", "geometry": {"type": "LineString", "coordinates": [[-56.1772594, -26.6201928], [-56.1762317, -26.6209685]]}, "properties": {"osmid": "503272231", "oneway": "False", "lanes": NaN, "ref": NaN, "name": NaN, "highway": "unclassified", "length": 133.704, "maxspeed": NaN, "bridge": NaN, "access": NaN, "tunnel": NaN, "junction": NaN, "width": NaN, "service": NaN, "roughness": 2.525}}, {"type": "Feature", "geometry": {"type": "LineString", "coordinates": [[-56.1762317, -26.6209685], [-56.1760469, -26.6211652]]}, "properties": {"osmid": "503272231", "oneway": "False", "lanes": NaN, "ref": NaN, "name": NaN, "highway": "unclassified", "length": 28.563, "maxspeed": NaN, "bridge": NaN, "access": NaN, "tunnel": NaN, "junction": NaN, "width": NaN, "service": NaN, "roughness": 2.525}}, {"type": "Feature", "geometry": {"type": "LineString", "coordinates": [[-56.1760469, -26.6211652], [-56.175844, -26.6213811]]}, "properties": {"osmid": "503272231", "oneway": "False", "lanes": NaN, "ref": NaN, "name": NaN, "highway": "unclassified", "length": 31.355, "maxspeed": NaN, "bridge": NaN, "access": NaN, "tunnel": NaN, "junction": NaN, "width": NaN, "service": NaN, "roughness": 2.525}}, {"type": "Feature", "geometry": {"type": "LineString", "coordinates": [[-56.175844, -26.6213811], [-56.1752718, -26.6221403]]}, "properties": {"osmid": "503272231", "oneway": "False", "lanes": NaN, "ref": NaN, "name": NaN, "highway": "unclassified", "length": 101.794, "maxspeed": NaN, "bridge": NaN, "access": NaN, "tunnel": NaN, "junction": NaN, "width": NaN, "service": NaN, "roughness": 2.525}}, {"type": "Feature", "geometry": {"type": "LineString", "coordinates": [[-56.1752718, -26.6221403], [-56.1749087, -26.6226354]]}, "properties": {"osmid": "503272231", "oneway": "False", "lanes": NaN, "ref": NaN, "name": NaN, "highway": "unclassified", "length": 65.83, "maxspeed": NaN, "bridge": NaN, "access": NaN, "tunnel": NaN, "junction": NaN, "width": NaN, "service": NaN, "roughness": 2.525}}, {"type": "Feature", "geometry": {"type": "LineString", "coordinates": [[-56.1749087, -26.6226354], [-56.1748841, -26.6228664]]}, "properties": {"osmid": "503272231", "oneway": "False", "lanes": NaN, "ref": NaN, "name": NaN, "highway": "unclassified", "length": 25.802, "maxspeed": NaN, "bridge": NaN, "access": NaN, "tunnel": NaN, "junction": NaN, "width": NaN, "service": NaN, "roughness": 2.525}}, {"type": "Feature", "geometry": {"type": "LineString", "coordinates": [[-56.1748841, -26.6228664], [-56.1749825, -26.6233285]]}, "properties": {"osmid": "503272231", "oneway": "False", "lanes": NaN, "ref": NaN, "name": NaN, "highway": "unclassified", "length": 52.306, "maxspeed": NaN, "bridge": NaN, "access": NaN, "tunnel": NaN, "junction": NaN, "width": NaN, "service": NaN, "roughness": 2.525}}, {"type": "Feature", "geometry": {"type": "LineString", "coordinates": [[-56.1749825, -26.6233285], [-56.1747856, -26.6240657]]}, "properties": {"osmid": "503272231", "oneway": "False", "lanes": NaN, "ref": NaN, "name": NaN, "highway": "unclassified", "length": 84.277, "maxspeed": NaN, "bridge": NaN, "access": NaN, "tunnel": NaN, "junction": NaN, "width": NaN, "service": NaN, "roughness": 2.525}}, {"type": "Feature", "geometry": {"type": "LineString", "coordinates": [[-56.1747856, -26.6240657], [-56.1743241, -26.6247753]]}, "properties": {"osmid": "503272231", "oneway": "False", "lanes": NaN, "ref": NaN, "name": NaN, "highway": "unclassified", "length": 91.271, "maxspeed": NaN, "bridge": NaN, "access": NaN, "tunnel": NaN, "junction": NaN, "width": NaN, "service": NaN, "roughness": 2.525}}, {"type": "Feature", "geometry": {"type": "LineString", "coordinates": [[-56.1743241, -26.6247753], [-56.1739795, -26.6254354]]}, "properties": {"osmid": "503272231", "oneway": "False", "lanes": NaN, "ref": NaN, "name": NaN, "highway": "unclassified", "length": 80.999, "maxspeed": NaN, "bridge": NaN, "access": NaN, "tunnel": NaN, "junction": NaN, "width": NaN, "service": NaN, "roughness": 2.525}}, {"type": "Feature", "geometry": {"type": "LineString", "coordinates": [[-56.1739795, -26.6254354], [-56.1738564, -26.6258645]]}, "properties": {"osmid": "503272231", "oneway": "False", "lanes": NaN, "ref": NaN, "name": NaN, "highway": "unclassified", "length": 49.258, "maxspeed": NaN, "bridge": NaN, "access": NaN, "tunnel": NaN, "junction": NaN, "width": NaN, "service": NaN, "roughness": 2.525}}, {"type": "Feature", "geometry": {"type": "LineString", "coordinates": [[-56.1738564, -26.6258645], [-56.1740534, -26.6262056]]}, "properties": {"osmid": "503272231", "oneway": "False", "lanes": NaN, "ref": NaN, "name": NaN, "highway": "unclassified", "length": 42.685, "maxspeed": NaN, "bridge": NaN, "access": NaN, "tunnel": NaN, "junction": NaN, "width": NaN, "service": NaN, "roughness": 2.525}}, {"type": "Feature", "geometry": {"type": "LineString", "coordinates": [[-56.1740534, -26.6262056], [-56.1743733, -26.6262441]]}, "properties": {"osmid": "503272231", "oneway": "False", "lanes": NaN, "ref": NaN, "name": NaN, "highway": "unclassified", "length": 32.086, "maxspeed": NaN, "bridge": NaN, "access": NaN, "tunnel": NaN, "junction": NaN, "width": NaN, "service": NaN, "roughness": 2.525}}, {"type": "Feature", "geometry": {"type": "LineString", "coordinates": [[-56.1743733, -26.6262441], [-56.1748902, -26.6262441]]}, "properties": {"osmid": "503272231", "oneway": "False", "lanes": NaN, "ref": NaN, "name": NaN, "highway": "unclassified", "length": 51.381, "maxspeed": NaN, "bridge": NaN, "access": NaN, "tunnel": NaN, "junction": NaN, "width": NaN, "service": NaN, "roughness": 2.525}}, {"type": "Feature", "geometry": {"type": "LineString", "coordinates": [[-56.1748902, -26.6262441], [-56.175321, -26.6262276]]}, "properties": {"osmid": "503272231", "oneway": "False", "lanes": NaN, "ref": NaN, "name": NaN, "highway": "unclassified", "length": 42.862, "maxspeed": NaN, "bridge": NaN, "access": NaN, "tunnel": NaN, "junction": NaN, "width": NaN, "service": NaN, "roughness": 2.525}}, {"type": "Feature", "geometry": {"type": "LineString", "coordinates": [[-56.175321, -26.6262276], [-56.175961, -26.6259415]]}, "properties": {"osmid": "503272231", "oneway": "False", "lanes": NaN, "ref": NaN, "name": NaN, "highway": "unclassified", "length": 71.129, "maxspeed": NaN, "bridge": NaN, "access": NaN, "tunnel": NaN, "junction": NaN, "width": NaN, "service": NaN, "roughness": 2.525}}, {"type": "Feature", "geometry": {"type": "LineString", "coordinates": [[-56.175961, -26.6259415], [-56.1761579, -26.625793]]}, "properties": {"osmid": "503272231", "oneway": "False", "lanes": NaN, "ref": NaN, "name": NaN, "highway": "unclassified", "length": 25.607, "maxspeed": NaN, "bridge": NaN, "access": NaN, "tunnel": NaN, "junction": NaN, "width": NaN, "service": NaN, "roughness": 2.525}}, {"type": "Feature", "geometry": {"type": "LineString", "coordinates": [[-56.1761579, -26.625793], [-56.1791731, -26.6252319]]}, "properties": {"osmid": "503272231", "oneway": "False", "lanes": NaN, "ref": NaN, "name": NaN, "highway": "unclassified", "length": 306.146, "maxspeed": NaN, "bridge": NaN, "access": NaN, "tunnel": NaN, "junction": NaN, "width": NaN, "service": NaN, "roughness": 2.525}}, {"type": "Feature", "geometry": {"type": "LineString", "coordinates": [[-56.1791731, -26.6252319], [-56.17929, -26.6252814]]}, "properties": {"osmid": "503272231", "oneway": "False", "lanes": NaN, "ref": NaN, "name": NaN, "highway": "unclassified", "length": 12.858, "maxspeed": NaN, "bridge": NaN, "access": NaN, "tunnel": NaN, "junction": NaN, "width": NaN, "service": NaN, "roughness": 2.525}}, {"type": "Feature", "geometry": {"type": "LineString", "coordinates": [[-56.17929, -26.6252814], [-56.17953, -26.6277018]]}, "properties": {"osmid": "503272231", "oneway": "False", "lanes": NaN, "ref": NaN, "name": NaN, "highway": "unclassified", "length": 270.192, "maxspeed": NaN, "bridge": NaN, "access": NaN, "tunnel": NaN, "junction": NaN, "width": NaN, "service": NaN, "roughness": 2.525}}, {"type": "Feature", "geometry": {"type": "LineString", "coordinates": [[-56.17953, -26.6277018], [-56.1795669, -26.6280979]]}, "properties": {"osmid": "503272231", "oneway": "False", "lanes": NaN, "ref": NaN, "name": NaN, "highway": "unclassified", "length": 44.197, "maxspeed": NaN, "bridge": NaN, "access": NaN, "tunnel": NaN, "junction": NaN, "width": NaN, "service": NaN, "roughness": 2.525}}, {"type": "Feature", "geometry": {"type": "LineString", "coordinates": [[-56.1795669, -26.6280979], [-56.1807792, -26.6313324]]}, "properties": {"osmid": "503272231", "oneway": "False", "lanes": NaN, "ref": NaN, "name": NaN, "highway": "unclassified", "length": 379.311, "maxspeed": NaN, "bridge": NaN, "access": NaN, "tunnel": NaN, "junction": NaN, "width": NaN, "service": NaN, "roughness": 2.525}}, {"type": "Feature", "geometry": {"type": "LineString", "coordinates": [[-56.1807792, -26.6313324], [-56.1809269, -26.6317889]]}, "properties": {"osmid": "503272231", "oneway": "False", "lanes": NaN, "ref": NaN, "name": NaN, "highway": "unclassified", "length": 52.841, "maxspeed": NaN, "bridge": NaN, "access": NaN, "tunnel": NaN, "junction": NaN, "width": NaN, "service": NaN, "roughness": 2.525}}, {"type": "Feature", "geometry": {"type": "LineString", "coordinates": [[-56.1809269, -26.6317889], [-56.1808592, -26.6326415]]}, "properties": {"osmid": "503272231", "oneway": "False", "lanes": NaN, "ref": NaN, "name": NaN, "highway": "unclassified", "length": 95.043, "maxspeed": NaN, "bridge": NaN, "access": NaN, "tunnel": NaN, "junction": NaN, "width": NaN, "service": NaN, "roughness": 2.525}}, {"type": "Feature", "geometry": {"type": "LineString", "coordinates": [[-56.1808592, -26.6326415], [-56.1809146, -26.6331256]]}, "properties": {"osmid": "503272231", "oneway": "False", "lanes": NaN, "ref": NaN, "name": NaN, "highway": "unclassified", "length": 54.11, "maxspeed": NaN, "bridge": NaN, "access": NaN, "tunnel": NaN, "junction": NaN, "width": NaN, "service": NaN, "roughness": 2.525}}, {"type": "Feature", "geometry": {"type": "LineString", "coordinates": [[-56.1809146, -26.6331256], [-56.180933, -26.6332631]]}, "properties": {"osmid": "503272231", "oneway": "False", "lanes": NaN, "ref": NaN, "name": NaN, "highway": "unclassified", "length": 15.398, "maxspeed": NaN, "bridge": NaN, "access": NaN, "tunnel": NaN, "junction": NaN, "width": NaN, "service": NaN, "roughness": 2.525}}, {"type": "Feature", "geometry": {"type": "LineString", "coordinates": [[-56.180933, -26.6332631], [-56.1826219, -26.634944]]}, "properties": {"osmid": "503272231", "oneway": "False", "lanes": NaN, "ref": NaN, "name": NaN, "highway": "unclassified", "length": 251.227, "maxspeed": NaN, "bridge": NaN, "access": NaN, "tunnel": NaN, "junction": NaN, "width": NaN, "service": NaN, "roughness": 2.525}}, {"type": "Feature", "geometry": {"type": "LineString", "coordinates": [[-56.1826219, -26.634944], [-56.1843642, -26.6367705]]}, "properties": {"osmid": "503272231", "oneway": "False", "lanes": NaN, "ref": NaN, "name": NaN, "highway": "unclassified", "length": 266.905, "maxspeed": NaN, "bridge": NaN, "access": NaN, "tunnel": NaN, "junction": NaN, "width": NaN, "service": NaN, "roughness": 2.525}}, {"type": "Feature", "geometry": {"type": "LineString", "coordinates": [[-56.1843642, -26.6367705], [-56.1845156, -26.6368053]]}, "properties": {"osmid": "503272231", "oneway": "False", "lanes": NaN, "ref": NaN, "name": NaN, "highway": "unclassified", "length": 15.538, "maxspeed": NaN, "bridge": NaN, "access": NaN, "tunnel": NaN, "junction": NaN, "width": NaN, "service": NaN, "roughness": 2.525}}, {"type": "Feature", "geometry": {"type": "LineString", "coordinates": [[-56.1845156, -26.6368053], [-56.1839731, -26.6368503]]}, "properties": {"osmid": "170076403", "oneway": "False", "lanes": "2", "ref": NaN, "name": NaN, "highway": "unclassified", "length": 54.153, "maxspeed": NaN, "bridge": NaN, "access": NaN, "tunnel": NaN, "junction": NaN, "width": NaN, "service": NaN, "roughness": 2.525}}, {"type": "Feature", "geometry": {"type": "LineString", "coordinates": [[-56.1839731, -26.6368503], [-56.1834027, -26.6369352]]}, "properties": {"osmid": "170076403", "oneway": "False", "lanes": "2", "ref": NaN, "name": NaN, "highway": "unclassified", "length": 57.475, "maxspeed": NaN, "bridge": NaN, "access": NaN, "tunnel": NaN, "junction": NaN, "width": NaN, "service": NaN, "roughness": 2.525}}, {"type": "Feature", "geometry": {"type": "LineString", "coordinates": [[-56.1834027, -26.6369352], [-56.1830728, -26.6370552]]}, "properties": {"osmid": "170076403", "oneway": "False", "lanes": "2", "ref": NaN, "name": NaN, "highway": "unclassified", "length": 35.401, "maxspeed": NaN, "bridge": NaN, "access": NaN, "tunnel": NaN, "junction": NaN, "width": NaN, "service": NaN, "roughness": 2.525}}, {"type": "Feature", "geometry": {"type": "LineString", "coordinates": [[-56.1830728, -26.6370552], [-56.1827205, -26.6372902]]}, "properties": {"osmid": "170076403", "oneway": "False", "lanes": "2", "ref": NaN, "name": NaN, "highway": "unclassified", "length": 43.692, "maxspeed": NaN, "bridge": NaN, "access": NaN, "tunnel": NaN, "junction": NaN, "width": NaN, "service": NaN, "roughness": 2.525}}, {"type": "Feature", "geometry": {"type": "LineString", "coordinates": [[-56.1827205, -26.6372902], [-56.1823067, -26.637695]]}, "properties": {"osmid": "170076403", "oneway": "False", "lanes": "2", "ref": NaN, "name": NaN, "highway": "unclassified", "length": 60.972, "maxspeed": NaN, "bridge": NaN, "access": NaN, "tunnel": NaN, "junction": NaN, "width": NaN, "service": NaN, "roughness": 2.525}}, {"type": "Feature", "geometry": {"type": "LineString", "coordinates": [[-56.1823067, -26.637695], [-56.1819991, -26.6381049]]}, "properties": {"osmid": "170076403", "oneway": "False", "lanes": "2", "ref": NaN, "name": NaN, "highway": "unclassified", "length": 54.883, "maxspeed": NaN, "bridge": NaN, "access": NaN, "tunnel": NaN, "junction": NaN, "width": NaN, "service": NaN, "roughness": 2.525}}, {"type": "Feature", "geometry": {"type": "LineString", "coordinates": [[-56.1819991, -26.6381049], [-56.1813951, -26.6387398]]}, "properties": {"osmid": "170076403", "oneway": "False", "lanes": "2", "ref": NaN, "name": NaN, "highway": "unclassified", "length": 92.671, "maxspeed": NaN, "bridge": NaN, "access": NaN, "tunnel": NaN, "junction": NaN, "width": NaN, "service": NaN, "roughness": 2.525}}, {"type": "Feature", "geometry": {"type": "LineString", "coordinates": [[-56.1813951, -26.6387398], [-56.1811882, -26.6388847]]}, "properties": {"osmid": "170076403", "oneway": "False", "lanes": "2", "ref": NaN, "name": NaN, "highway": "unclassified", "length": 26.124, "maxspeed": NaN, "bridge": NaN, "access": NaN, "tunnel": NaN, "junction": NaN, "width": NaN, "service": NaN, "roughness": 2.525}}, {"type": "Feature", "geometry": {"type": "LineString", "coordinates": [[-56.1811882, -26.6388847], [-56.1784872, -26.6405342]]}, "properties": {"osmid": "170076403", "oneway": "False", "lanes": "2", "ref": NaN, "name": NaN, "highway": "unclassified", "length": 325.13, "maxspeed": NaN, "bridge": NaN, "access": NaN, "tunnel": NaN, "junction": NaN, "width": NaN, "service": NaN, "roughness": 2.525}}, {"type": "Feature", "geometry": {"type": "LineString", "coordinates": [[-56.1784872, -26.6405342], [-56.177447, -26.641289]]}, "properties": {"osmid": "170076403", "oneway": "False", "lanes": "2", "ref": NaN, "name": NaN, "highway": "unclassified", "length": 133.165, "maxspeed": NaN, "bridge": NaN, "access": NaN, "tunnel": NaN, "junction": NaN, "width": NaN, "service": NaN, "roughness": 2.525}}, {"type": "Feature", "geometry": {"type": "LineString", "coordinates": [[-56.177447, -26.641289], [-56.1759315, -26.6424987]]}, "properties": {"osmid": "170076403", "oneway": "False", "lanes": "2", "ref": NaN, "name": NaN, "highway": "unclassified", "length": 201.944, "maxspeed": NaN, "bridge": NaN, "access": NaN, "tunnel": NaN, "junction": NaN, "width": NaN, "service": NaN, "roughness": 2.525}}, {"type": "Feature", "geometry": {"type": "LineString", "coordinates": [[-56.1759315, -26.6424987], [-56.1734598, -26.6443381]]}, "properties": {"osmid": "170076403", "oneway": "False", "lanes": "2", "ref": NaN, "name": NaN, "highway": "unclassified", "length": 319.657, "maxspeed": NaN, "bridge": NaN, "access": NaN, "tunnel": NaN, "junction": NaN, "width": NaN, "service": NaN, "roughness": 2.525}}, {"type": "Feature", "geometry": {"type": "LineString", "coordinates": [[-56.1734598, -26.6443381], [-56.1716087, -26.6458626]]}, "properties": {"osmid": "170076403", "oneway": "False", "lanes": "2", "ref": NaN, "name": NaN, "highway": "unclassified", "length": 250.165, "maxspeed": NaN, "bridge": NaN, "access": NaN, "tunnel": NaN, "junction": NaN, "width": NaN, "service": NaN, "roughness": 2.525}}, {"type": "Feature", "geometry": {"type": "LineString", "coordinates": [[-56.1716087, -26.6458626], [-56.1709656, -26.6463124]]}, "properties": {"osmid": "170076403", "oneway": "False", "lanes": "2", "ref": NaN, "name": NaN, "highway": "unclassified", "length": 81.158, "maxspeed": NaN, "bridge": NaN, "access": NaN, "tunnel": NaN, "junction": NaN, "width": NaN, "service": NaN, "roughness": 2.525}}, {"type": "Feature", "geometry": {"type": "LineString", "coordinates": [[-56.1709656, -26.6463124], [-56.1709377, -26.6464574]]}, "properties": {"osmid": "170076403", "oneway": "False", "lanes": "2", "ref": NaN, "name": NaN, "highway": "unclassified", "length": 16.36, "maxspeed": NaN, "bridge": NaN, "access": NaN, "tunnel": NaN, "junction": NaN, "width": NaN, "service": NaN, "roughness": 2.525}}, {"type": "Feature", "geometry": {"type": "LineString", "coordinates": [[-56.1709377, -26.6464574], [-56.1709936, -26.6466373]]}, "properties": {"osmid": "170076403", "oneway": "False", "lanes": "2", "ref": NaN, "name": NaN, "highway": "unclassified", "length": 20.761, "maxspeed": NaN, "bridge": NaN, "access": NaN, "tunnel": NaN, "junction": NaN, "width": NaN, "service": NaN, "roughness": 2.525}}, {"type": "Feature", "geometry": {"type": "LineString", "coordinates": [[-56.1709936, -26.6466373], [-56.1710495, -26.647602]]}, "properties": {"osmid": "170076403", "oneway": "False", "lanes": "2", "ref": NaN, "name": NaN, "highway": "unclassified", "length": 107.414, "maxspeed": NaN, "bridge": NaN, "access": NaN, "tunnel": NaN, "junction": NaN, "width": NaN, "service": NaN, "roughness": 2.525}}, {"type": "Feature", "geometry": {"type": "LineString", "coordinates": [[-56.1710495, -26.647602], [-56.1710663, -26.6489315]]}, "properties": {"osmid": "170076403", "oneway": "False", "lanes": "2", "ref": NaN, "name": NaN, "highway": "unclassified", "length": 147.843, "maxspeed": NaN, "bridge": NaN, "access": NaN, "tunnel": NaN, "junction": NaN, "width": NaN, "service": NaN, "roughness": 2.525}}, {"type": "Feature", "geometry": {"type": "LineString", "coordinates": [[-56.1710663, -26.6489315], [-56.17096, -26.6494063]]}, "properties": {"osmid": "170076403", "oneway": "False", "lanes": "2", "ref": NaN, "name": NaN, "highway": "unclassified", "length": 53.842, "maxspeed": NaN, "bridge": NaN, "access": NaN, "tunnel": NaN, "junction": NaN, "width": NaN, "service": NaN, "roughness": 2.525}}, {"type": "Feature", "geometry": {"type": "LineString", "coordinates": [[-56.17096, -26.6494063], [-56.1708482, -26.6498012]]}, "properties": {"osmid": "170076403", "oneway": "False", "lanes": "2", "ref": NaN, "name": NaN, "highway": "unclassified", "length": 45.295, "maxspeed": NaN, "bridge": NaN, "access": NaN, "tunnel": NaN, "junction": NaN, "width": NaN, "service": NaN, "roughness": 2.525}}, {"type": "Feature", "geometry": {"type": "LineString", "coordinates": [[-56.1708482, -26.6498012], [-56.1706021, -26.650121]]}, "properties": {"osmid": "170076403", "oneway": "False", "lanes": "2", "ref": NaN, "name": NaN, "highway": "unclassified", "length": 43.159, "maxspeed": NaN, "bridge": NaN, "access": NaN, "tunnel": NaN, "junction": NaN, "width": NaN, "service": NaN, "roughness": 2.525}}, {"type": "Feature", "geometry": {"type": "LineString", "coordinates": [[-56.1706021, -26.650121], [-56.1702778, -26.650356]]}, "properties": {"osmid": "170076403", "oneway": "False", "lanes": "2", "ref": NaN, "name": NaN, "highway": "unclassified", "length": 41.492, "maxspeed": NaN, "bridge": NaN, "access": NaN, "tunnel": NaN, "junction": NaN, "width": NaN, "service": NaN, "roughness": 2.525}}, {"type": "Feature", "geometry": {"type": "LineString", "coordinates": [[-56.1702778, -26.650356], [-56.1702498, -26.6506109]]}, "properties": {"osmid": "170076403", "oneway": "False", "lanes": "2", "ref": NaN, "name": NaN, "highway": "unclassified", "length": 28.48, "maxspeed": NaN, "bridge": NaN, "access": NaN, "tunnel": NaN, "junction": NaN, "width": NaN, "service": NaN, "roughness": 2.525}}]}