{"type": "FeatureCollection", "features": [{"type": "Feature", "geometry": {"type": "LineString", "coordinates": [[-57.5089368, -25.339942], [-57.5089369, -25.339944]]}, "properties": {"osmid": "48162002", "oneway": "True", "lanes": "2", "ref": "D027;D067", "name": "Doctor Gaspar Rodr\u00edguez de Francia", "highway": "primary", "length": 0.223, "maxspeed": NaN, "bridge": NaN, "access": NaN, "tunnel": NaN, "junction": NaN, "width": NaN, "service": NaN, "roughness": 6.0}}, {"type": "Feature", "geometry": {"type": "LineString", "coordinates": [[-57.5089369, -25.339944], [-57.5085167, -25.3406779]]}, "properties": {"osmid": "48162002", "oneway": "True", "lanes": "2", "ref": "D027;D067", "name": "Doctor Gaspar Rodr\u00edguez de Francia", "highway": "primary", "length": 91.885, "maxspeed": NaN, "bridge": NaN, "access": NaN, "tunnel": NaN, "junction": NaN, "width": NaN, "service": NaN, "roughness": 6.0}}, {"type": "Feature", "geometry": {"type": "LineString", "coordinates": [[-57.5085167, -25.3406779], [-57.508099, -25.3414125]]}, "properties": {"osmid": "48162002", "oneway": "True", "lanes": "2", "ref": "D027;D067", "name": "Doctor Gaspar Rodr\u00edguez de Francia", "highway": "primary", "length": 91.839, "maxspeed": NaN, "bridge": NaN, "access": NaN, "tunnel": NaN, "junction": NaN, "width": NaN, "service": NaN, "roughness": 6.0}}, {"type": "Feature", "geometry": {"type": "LineString", "coordinates": [[-57.508099, -25.3414125], [-57.507721, -25.3421472]]}, "properties": {"osmid": "48162002", "oneway": "True", "lanes": "2", "ref": "D027;D067", "name": "Doctor Gaspar Rodr\u00edguez de Francia", "highway": "primary", "length": 90.095, "maxspeed": NaN, "bridge": NaN, "access": NaN, "tunnel": NaN, "junction": NaN, "width": NaN, "service": NaN, "roughness": 6.0}}, {"type": "Feature", "geometry": {"type": "LineString", "coordinates": [[-57.507721, -25.3421472], [-57.5069027, -25.3417728]]}, "properties": {"osmid": "70576427", "oneway": "True", "lanes": "1", "ref": NaN, "name": "Avenida Defensores del Chaco", "highway": "tertiary", "length": 92.172, "maxspeed": NaN, "bridge": NaN, "access": NaN, "tunnel": NaN, "junction": NaN, "width": NaN, "service": NaN, "roughness": 6.0}}, {"type": "Feature", "geometry": {"type": "LineString", "coordinates": [[-57.5069027, -25.3417728], [-57.506867, -25.341836]]}, "properties": {"osmid": "130539910", "oneway": "True", "lanes": "2", "ref": "D027;D067", "name": "Saturio R\u00edos", "highway": "primary", "length": 7.89, "maxspeed": "40", "bridge": NaN, "access": NaN, "tunnel": NaN, "junction": NaN, "width": NaN, "service": NaN, "roughness": 6.0}}, {"type": "Feature", "geometry": {"type": "LineString", "coordinates": [[-57.506867, -25.341836], [-57.5062254, -25.3429009]]}, "properties": {"osmid": "130539910", "oneway": "True", "lanes": "2", "ref": "D027;D067", "name": "Saturio R\u00edos", "highway": "primary", "length": 134.828, "maxspeed": "40", "bridge": NaN, "access": NaN, "tunnel": NaN, "junction": NaN, "width": NaN, "service": NaN, "roughness": 6.0}}, {"type": "Feature", "geometry": {"type": "LineString", "coordinates": [[-57.5062254, -25.3429009], [-57.5055354, -25.344088]]}, "properties": {"osmid": "130539910", "oneway": "True", "lanes": "2", "ref": "D027;D067", "name": "Saturio R\u00edos", "highway": "primary", "length": 149.104, "maxspeed": "40", "bridge": NaN, "access": NaN, "tunnel": NaN, "junction": NaN, "width": NaN, "service": NaN, "roughness": 6.0}}, {"type": "Feature", "geometry": {"type": "LineString", "coordinates": [[-57.5055354, -25.344088], [-57.5054262, -25.344043]]}, "properties": {"osmid": "164798662", "oneway": "True", "lanes": "2", "ref": "PY02;D027", "name": "Avenida Mariscal Jos\u00e9 F\u00e9lix Estigarribia", "highway": "trunk", "length": 12.061, "maxspeed": NaN, "bridge": NaN, "access": NaN, "tunnel": NaN, "junction": NaN, "width": NaN, "service": NaN, "roughness": 6.0}}, {"type": "Feature", "geometry": {"type": "LineString", "coordinates": [[-57.5054262, -25.344043], [-57.5035655, -25.3431697]]}, "properties": {"osmid": "460105271", "oneway": "True", "lanes": "3", "ref": "PY02;D027", "name": "Avenida Mariscal Estigarribia", "highway": "trunk", "length": 210.699, "maxspeed": NaN, "bridge": NaN, "access": NaN, "tunnel": NaN, "junction": NaN, "width": NaN, "service": NaN, "roughness": 6.0}}, {"type": "Feature", "geometry": {"type": "LineString", "coordinates": [[-57.5035655, -25.3431697], [-57.503291, -25.3431802]]}, "properties": {"osmid": "29045115", "oneway": "True", "lanes": "2", "ref": NaN, "name": NaN, "highway": "primary_link", "length": 27.61, "maxspeed": NaN, "bridge": NaN, "access": NaN, "tunnel": NaN, "junction": NaN, "width": NaN, "service": NaN, "roughness": 6.0}}, {"type": "Feature", "geometry": {"type": "LineString", "coordinates": [[-57.503291, -25.3431802], [-57.5031172, -25.3432143]]}, "properties": {"osmid": "29045115", "oneway": "True", "lanes": "2", "ref": NaN, "name": NaN, "highway": "primary_link", "length": 17.873, "maxspeed": NaN, "bridge": NaN, "access": NaN, "tunnel": NaN, "junction": NaN, "width": NaN, "service": NaN, "roughness": 6.0}}, {"type": "Feature", "geometry": {"type": "LineString", "coordinates": [[-57.5031172, -25.3432143], [-57.5028008, -25.3433861]]}, "properties": {"osmid": "29045115", "oneway": "True", "lanes": "2", "ref": NaN, "name": NaN, "highway": "primary_link", "length": 37.094, "maxspeed": NaN, "bridge": NaN, "access": NaN, "tunnel": NaN, "junction": NaN, "width": NaN, "service": NaN, "roughness": 6.0}}, {"type": "Feature", "geometry": {"type": "LineString", "coordinates": [[-57.5028008, -25.3433861], [-57.5025432, -25.3436187]]}, "properties": {"osmid": "164798030", "oneway": "False", "lanes": "2", "ref": "D027", "name": "Ruta Departamental 027", "highway": "primary", "length": 36.594, "maxspeed": "40", "bridge": NaN, "access": NaN, "tunnel": NaN, "junction": NaN, "width": NaN, "service": NaN, "roughness": 6.0}}, {"type": "Feature", "geometry": {"type": "LineString", "coordinates": [[-57.5025432, -25.3436187], [-57.502256, -25.3438779]]}, "properties": {"osmid": "164798030", "oneway": "False", "lanes": "2", "ref": "D027", "name": "Ruta Departamental 027", "highway": "primary", "length": 40.788, "maxspeed": "40", "bridge": NaN, "access": NaN, "tunnel": NaN, "junction": NaN, "width": NaN, "service": NaN, "roughness": 6.0}}, {"type": "Feature", "geometry": {"type": "LineString", "coordinates": [[-57.502256, -25.3438779], [-57.5021076, -25.3440119]]}, "properties": {"osmid": "164798030", "oneway": "False", "lanes": "2", "ref": "D027", "name": "Ruta Departamental 027", "highway": "primary", "length": 21.081, "maxspeed": "40", "bridge": NaN, "access": NaN, "tunnel": NaN, "junction": NaN, "width": NaN, "service": NaN, "roughness": 6.0}}, {"type": "Feature", "geometry": {"type": "LineString", "coordinates": [[-57.5021076, -25.3440119], [-57.5009878, -25.3449902]]}, "properties": {"osmid": "300593294", "oneway": "False", "lanes": "2", "ref": "D027", "name": "Ruta Departamental 027", "highway": "primary", "length": 156.515, "maxspeed": "40", "bridge": NaN, "access": NaN, "tunnel": NaN, "junction": NaN, "width": NaN, "service": NaN, "roughness": 6.0}}, {"type": "Feature", "geometry": {"type": "LineString", "coordinates": [[-57.5009878, -25.3449902], [-57.5006766, -25.345231]]}, "properties": {"osmid": "300593294", "oneway": "False", "lanes": "2", "ref": "D027", "name": "Ruta Departamental 027", "highway": "primary", "length": 41.17, "maxspeed": "40", "bridge": NaN, "access": NaN, "tunnel": NaN, "junction": NaN, "width": NaN, "service": NaN, "roughness": 6.0}}, {"type": "Feature", "geometry": {"type": "LineString", "coordinates": [[-57.5006766, -25.345231], [-57.500006, -25.345689]]}, "properties": {"osmid": "300593294", "oneway": "False", "lanes": "2", "ref": "D027", "name": "Ruta Departamental 027", "highway": "primary", "length": 84.469, "maxspeed": "40", "bridge": NaN, "access": NaN, "tunnel": NaN, "junction": NaN, "width": NaN, "service": NaN, "roughness": 6.0}}, {"type": "Feature", "geometry": {"type": "LineString", "coordinates": [[-57.500006, -25.345689], [-57.4997392, -25.3458643]]}, "properties": {"osmid": "300593294", "oneway": "False", "lanes": "2", "ref": "D027", "name": "Ruta Departamental 027", "highway": "primary", "length": 33.148, "maxspeed": "40", "bridge": NaN, "access": NaN, "tunnel": NaN, "junction": NaN, "width": NaN, "service": NaN, "roughness": 6.0}}, {"type": "Feature", "geometry": {"type": "LineString", "coordinates": [[-57.4997392, -25.3458643], [-57.4991187, -25.3462911]]}, "properties": {"osmid": "802455775", "oneway": "False", "lanes": "2", "ref": "D027", "name": "Ruta Departamental 027", "highway": "primary", "length": 78.361, "maxspeed": "40", "bridge": NaN, "access": NaN, "tunnel": NaN, "junction": NaN, "width": NaN, "service": NaN, "roughness": 6.0}}, {"type": "Feature", "geometry": {"type": "LineString", "coordinates": [[-57.4991187, -25.3462911], [-57.4988862, -25.346451]]}, "properties": {"osmid": "802455775", "oneway": "False", "lanes": "2", "ref": "D027", "name": "Ruta Departamental 027", "highway": "primary", "length": 29.36, "maxspeed": "40", "bridge": NaN, "access": NaN, "tunnel": NaN, "junction": NaN, "width": NaN, "service": NaN, "roughness": 6.0}}, {"type": "Feature", "geometry": {"type": "LineString", "coordinates": [[-57.4988862, -25.346451], [-57.4987624, -25.346547]]}, "properties": {"osmid": "802455775", "oneway": "False", "lanes": "2", "ref": "D027", "name": "Ruta Departamental 027", "highway": "primary", "length": 16.393, "maxspeed": "40", "bridge": NaN, "access": NaN, "tunnel": NaN, "junction": NaN, "width": NaN, "service": NaN, "roughness": 6.0}}, {"type": "Feature", "geometry": {"type": "LineString", "coordinates": [[-57.4987624, -25.346547], [-57.4978649, -25.3471108]]}, "properties": {"osmid": "802455775", "oneway": "False", "lanes": "2", "ref": "D027", "name": "Ruta Departamental 027", "highway": "primary", "length": 109.839, "maxspeed": "40", "bridge": NaN, "access": NaN, "tunnel": NaN, "junction": NaN, "width": NaN, "service": NaN, "roughness": 6.0}}, {"type": "Feature", "geometry": {"type": "LineString", "coordinates": [[-57.4978649, -25.3471108], [-57.4974585, -25.3473661]]}, "properties": {"osmid": "802455775", "oneway": "False", "lanes": "2", "ref": "D027", "name": "Ruta Departamental 027", "highway": "primary", "length": 49.737, "maxspeed": "40", "bridge": NaN, "access": NaN, "tunnel": NaN, "junction": NaN, "width": NaN, "service": NaN, "roughness": 6.0}}, {"type": "Feature", "geometry": {"type": "LineString", "coordinates": [[-57.4974585, -25.3473661], [-57.4958516, -25.3484365]]}, "properties": {"osmid": "802455775", "oneway": "False", "lanes": "2", "ref": "D027", "name": "Ruta Departamental 027", "highway": "primary", "length": 200.602, "maxspeed": "40", "bridge": NaN, "access": NaN, "tunnel": NaN, "junction": NaN, "width": NaN, "service": NaN, "roughness": 6.0}}, {"type": "Feature", "geometry": {"type": "LineString", "coordinates": [[-57.4958516, -25.3484365], [-57.4955751, -25.3486563]]}, "properties": {"osmid": "802455775", "oneway": "False", "lanes": "2", "ref": "D027", "name": "Ruta Departamental 027", "highway": "primary", "length": 37.005, "maxspeed": "40", "bridge": NaN, "access": NaN, "tunnel": NaN, "junction": NaN, "width": NaN, "service": NaN, "roughness": 6.0}}, {"type": "Feature", "geometry": {"type": "LineString", "coordinates": [[-57.4955751, -25.3486563], [-57.4949128, -25.3490602]]}, "properties": {"osmid": "802455775", "oneway": "False", "lanes": "2", "ref": "D027", "name": "Ruta Departamental 027", "highway": "primary", "length": 80.29, "maxspeed": "40", "bridge": NaN, "access": NaN, "tunnel": NaN, "junction": NaN, "width": NaN, "service": NaN, "roughness": 6.0}}, {"type": "Feature", "geometry": {"type": "LineString", "coordinates": [[-57.4949128, -25.3490602], [-57.4939467, -25.3496976]]}, "properties": {"osmid": "802455775", "oneway": "False", "lanes": "2", "ref": "D027", "name": "Ruta Departamental 027", "highway": "primary", "length": 120.201, "maxspeed": "40", "bridge": NaN, "access": NaN, "tunnel": NaN, "junction": NaN, "width": NaN, "service": NaN, "roughness": 6.0}}, {"type": "Feature", "geometry": {"type": "LineString", "coordinates": [[-57.4939467, -25.3496976], [-57.493915, -25.3497228]]}, "properties": {"osmid": "443657025", "oneway": "False", "lanes": "2", "ref": "D027;D069", "name": "Ruta Departamental 027", "highway": "primary", "length": 4.243, "maxspeed": "40", "bridge": NaN, "access": NaN, "tunnel": NaN, "junction": NaN, "width": NaN, "service": NaN, "roughness": 6.0}}, {"type": "Feature", "geometry": {"type": "LineString", "coordinates": [[-57.493915, -25.3497228], [-57.4923268, -25.3507261]]}, "properties": {"osmid": "443657025", "oneway": "False", "lanes": "2", "ref": "D027;D069", "name": "Ruta Departamental 027", "highway": "primary", "length": 194.722, "maxspeed": "40", "bridge": NaN, "access": NaN, "tunnel": NaN, "junction": NaN, "width": NaN, "service": NaN, "roughness": 6.0}}, {"type": "Feature", "geometry": {"type": "LineString", "coordinates": [[-57.4923268, -25.3507261], [-57.4918142, -25.3510654]]}, "properties": {"osmid": "443657025", "oneway": "False", "lanes": "2", "ref": "D027;D069", "name": "Ruta Departamental 027", "highway": "primary", "length": 63.849, "maxspeed": "40", "bridge": NaN, "access": NaN, "tunnel": NaN, "junction": NaN, "width": NaN, "service": NaN, "roughness": 6.0}}, {"type": "Feature", "geometry": {"type": "LineString", "coordinates": [[-57.4918142, -25.3510654], [-57.4915462, -25.3512644]]}, "properties": {"osmid": "443657025", "oneway": "False", "lanes": "2", "ref": "D027;D069", "name": "Ruta Departamental 027", "highway": "primary", "length": 34.855, "maxspeed": "40", "bridge": NaN, "access": NaN, "tunnel": NaN, "junction": NaN, "width": NaN, "service": NaN, "roughness": 6.0}}, {"type": "Feature", "geometry": {"type": "LineString", "coordinates": [[-57.4915462, -25.3512644], [-57.4912724, -25.3515255]]}, "properties": {"osmid": "443657025", "oneway": "False", "lanes": "2", "ref": "D027;D069", "name": "Ruta Departamental 027", "highway": "primary", "length": 39.999, "maxspeed": "40", "bridge": NaN, "access": NaN, "tunnel": NaN, "junction": NaN, "width": NaN, "service": NaN, "roughness": 6.0}}, {"type": "Feature", "geometry": {"type": "LineString", "coordinates": [[-57.4912724, -25.3515255], [-57.4909178, -25.3518727]]}, "properties": {"osmid": "443657025", "oneway": "False", "lanes": "2", "ref": "D027;D069", "name": "Ruta Departamental 027", "highway": "primary", "length": 52.537, "maxspeed": "40", "bridge": NaN, "access": NaN, "tunnel": NaN, "junction": NaN, "width": NaN, "service": NaN, "roughness": 6.0}}, {"type": "Feature", "geometry": {"type": "LineString", "coordinates": [[-57.4909178, -25.3518727], [-57.4907711, -25.3520833]]}, "properties": {"osmid": "443657025", "oneway": "False", "lanes": "2", "ref": "D027;D069", "name": "Ruta Departamental 027", "highway": "primary", "length": 27.671, "maxspeed": "40", "bridge": NaN, "access": NaN, "tunnel": NaN, "junction": NaN, "width": NaN, "service": NaN, "roughness": 6.0}}, {"type": "Feature", "geometry": {"type": "LineString", "coordinates": [[-57.4907711, -25.3520833], [-57.4906812, -25.3522141]]}, "properties": {"osmid": "443657025", "oneway": "False", "lanes": "2", "ref": "D027;D069", "name": "Ruta Departamental 027", "highway": "primary", "length": 17.121, "maxspeed": "40", "bridge": NaN, "access": NaN, "tunnel": NaN, "junction": NaN, "width": NaN, "service": NaN, "roughness": 6.0}}, {"type": "Feature", "geometry": {"type": "LineString", "coordinates": [[-57.4906812, -25.3522141], [-57.4899575, -25.3535333]]}, "properties": {"osmid": "446855132", "oneway": "False", "lanes": "2", "ref": "D027", "name": "Ruta Departamental 027", "highway": "primary", "length": 163.725, "maxspeed": "40", "bridge": NaN, "access": NaN, "tunnel": NaN, "junction": NaN, "width": NaN, "service": NaN, "roughness": 6.0}}, {"type": "Feature", "geometry": {"type": "LineString", "coordinates": [[-57.4899575, -25.3535333], [-57.4897305, -25.3539712]]}, "properties": {"osmid": "446855132", "oneway": "False", "lanes": "2", "ref": "D027", "name": "Ruta Departamental 027", "highway": "primary", "length": 53.77, "maxspeed": "40", "bridge": NaN, "access": NaN, "tunnel": NaN, "junction": NaN, "width": NaN, "service": NaN, "roughness": 6.0}}, {"type": "Feature", "geometry": {"type": "LineString", "coordinates": [[-57.4897305, -25.3539712], [-57.4893752, -25.354469]]}, "properties": {"osmid": "446855132", "oneway": "False", "lanes": "2", "ref": "D027", "name": "Ruta Departamental 027", "highway": "primary", "length": 65.868, "maxspeed": "40", "bridge": NaN, "access": NaN, "tunnel": NaN, "junction": NaN, "width": NaN, "service": NaN, "roughness": 6.0}}, {"type": "Feature", "geometry": {"type": "LineString", "coordinates": [[-57.4893752, -25.354469], [-57.4886964, -25.3552243]]}, "properties": {"osmid": "446855132", "oneway": "False", "lanes": "2", "ref": "D027", "name": "Ruta Departamental 027", "highway": "primary", "length": 108.194, "maxspeed": "40", "bridge": NaN, "access": NaN, "tunnel": NaN, "junction": NaN, "width": NaN, "service": NaN, "roughness": 6.0}}, {"type": "Feature", "geometry": {"type": "LineString", "coordinates": [[-57.4886964, -25.3552243], [-57.4883934, -25.3556156]]}, "properties": {"osmid": "446855132", "oneway": "False", "lanes": "2", "ref": "D027", "name": "Ruta Departamental 027", "highway": "primary", "length": 53.105, "maxspeed": "40", "bridge": NaN, "access": NaN, "tunnel": NaN, "junction": NaN, "width": NaN, "service": NaN, "roughness": 6.0}}, {"type": "Feature", "geometry": {"type": "LineString", "coordinates": [[-57.4883934, -25.3556156], [-57.4882797, -25.3557664]]}, "properties": {"osmid": "446855132", "oneway": "False", "lanes": "2", "ref": "D027", "name": "Ruta Departamental 027", "highway": "primary", "length": 20.29, "maxspeed": "40", "bridge": NaN, "access": NaN, "tunnel": NaN, "junction": NaN, "width": NaN, "service": NaN, "roughness": 6.0}}, {"type": "Feature", "geometry": {"type": "LineString", "coordinates": [[-57.4882797, -25.3557664], [-57.4882574, -25.3558007]]}, "properties": {"osmid": "446855132", "oneway": "False", "lanes": "2", "ref": "D027", "name": "Ruta Departamental 027", "highway": "primary", "length": 4.424, "maxspeed": "40", "bridge": NaN, "access": NaN, "tunnel": NaN, "junction": NaN, "width": NaN, "service": NaN, "roughness": 6.0}}, {"type": "Feature", "geometry": {"type": "LineString", "coordinates": [[-57.4882574, -25.3558007], [-57.4877632, -25.3566233]]}, "properties": {"osmid": "446855132", "oneway": "False", "lanes": "2", "ref": "D027", "name": "Ruta Departamental 027", "highway": "primary", "length": 104.08, "maxspeed": "40", "bridge": NaN, "access": NaN, "tunnel": NaN, "junction": NaN, "width": NaN, "service": NaN, "roughness": 6.0}}, {"type": "Feature", "geometry": {"type": "LineString", "coordinates": [[-57.4877632, -25.3566233], [-57.4875972, -25.3568615]]}, "properties": {"osmid": "446855132", "oneway": "False", "lanes": "2", "ref": "D027", "name": "Ruta Departamental 027", "highway": "primary", "length": 31.301, "maxspeed": "40", "bridge": NaN, "access": NaN, "tunnel": NaN, "junction": NaN, "width": NaN, "service": NaN, "roughness": 6.0}}, {"type": "Feature", "geometry": {"type": "LineString", "coordinates": [[-57.4875972, -25.3568615], [-57.487555, -25.3569296]]}, "properties": {"osmid": "446855132", "oneway": "False", "lanes": "2", "ref": "D027", "name": "Ruta Departamental 027", "highway": "primary", "length": 8.679, "maxspeed": "40", "bridge": NaN, "access": NaN, "tunnel": NaN, "junction": NaN, "width": NaN, "service": NaN, "roughness": 6.0}}, {"type": "Feature", "geometry": {"type": "LineString", "coordinates": [[-57.487555, -25.3569296], [-57.4870793, -25.3576219]]}, "properties": {"osmid": "443657024", "oneway": "False", "lanes": "2", "ref": "D027", "name": "Ruta Departamental 027", "highway": "primary", "length": 90.613, "maxspeed": "40", "bridge": NaN, "access": NaN, "tunnel": NaN, "junction": NaN, "width": NaN, "service": NaN, "roughness": 6.0}}, {"type": "Feature", "geometry": {"type": "LineString", "coordinates": [[-57.4870793, -25.3576219], [-57.4862948, -25.3585547]]}, "properties": {"osmid": "443657027", "oneway": "False", "lanes": "2", "ref": "D027", "name": "Ruta Departamental 027", "highway": "primary", "length": 130.277, "maxspeed": "40", "bridge": NaN, "access": NaN, "tunnel": NaN, "junction": NaN, "width": NaN, "service": NaN, "roughness": 6.0}}, {"type": "Feature", "geometry": {"type": "LineString", "coordinates": [[-57.4862948, -25.3585547], [-57.486197, -25.358671]]}, "properties": {"osmid": "443657027", "oneway": "False", "lanes": "2", "ref": "D027", "name": "Ruta Departamental 027", "highway": "primary", "length": 16.242, "maxspeed": "40", "bridge": NaN, "access": NaN, "tunnel": NaN, "junction": NaN, "width": NaN, "service": NaN, "roughness": 6.0}}, {"type": "Feature", "geometry": {"type": "LineString", "coordinates": [[-57.486197, -25.358671], [-57.4861278, -25.3586023]]}, "properties": {"osmid": "279814187", "oneway": "False", "lanes": "2", "ref": NaN, "name": "1 De Mayo", "highway": "tertiary", "length": 10.33, "maxspeed": NaN, "bridge": NaN, "access": NaN, "tunnel": NaN, "junction": NaN, "width": NaN, "service": NaN, "roughness": 6.0}}, {"type": "Feature", "geometry": {"type": "LineString", "coordinates": [[-57.4861278, -25.3586023], [-57.4860449, -25.3584835]]}, "properties": {"osmid": "279814187", "oneway": "False", "lanes": "2", "ref": NaN, "name": "1 De Mayo", "highway": "tertiary", "length": 15.617, "maxspeed": NaN, "bridge": NaN, "access": NaN, "tunnel": NaN, "junction": NaN, "width": NaN, "service": NaN, "roughness": 6.0}}, {"type": "Feature", "geometry": {"type": "LineString", "coordinates": [[-57.4860449, -25.3584835], [-57.4858886, -25.3581262]]}, "properties": {"osmid": "279814187", "oneway": "False", "lanes": "2", "ref": NaN, "name": "1 De Mayo", "highway": "tertiary", "length": 42.721, "maxspeed": NaN, "bridge": NaN, "access": NaN, "tunnel": NaN, "junction": NaN, "width": NaN, "service": NaN, "roughness": 6.0}}, {"type": "Feature", "geometry": {"type": "LineString", "coordinates": [[-57.4858886, -25.3581262], [-57.4856561, -25.3577056]]}, "properties": {"osmid": "279814187", "oneway": "False", "lanes": "2", "ref": NaN, "name": "1 De Mayo", "highway": "tertiary", "length": 52.279, "maxspeed": NaN, "bridge": NaN, "access": NaN, "tunnel": NaN, "junction": NaN, "width": NaN, "service": NaN, "roughness": 6.0}}, {"type": "Feature", "geometry": {"type": "LineString", "coordinates": [[-57.4856561, -25.3577056], [-57.4853918, -25.357086]]}, "properties": {"osmid": "279814187", "oneway": "False", "lanes": "2", "ref": NaN, "name": "1 De Mayo", "highway": "tertiary", "length": 73.838, "maxspeed": NaN, "bridge": NaN, "access": NaN, "tunnel": NaN, "junction": NaN, "width": NaN, "service": NaN, "roughness": 6.0}}, {"type": "Feature", "geometry": {"type": "LineString", "coordinates": [[-57.4853918, -25.357086], [-57.4850698, -25.3564029]]}, "properties": {"osmid": "279814187", "oneway": "False", "lanes": "2", "ref": NaN, "name": "1 De Mayo", "highway": "tertiary", "length": 82.561, "maxspeed": NaN, "bridge": NaN, "access": NaN, "tunnel": NaN, "junction": NaN, "width": NaN, "service": NaN, "roughness": 6.0}}, {"type": "Feature", "geometry": {"type": "LineString", "coordinates": [[-57.4850698, -25.3564029], [-57.4847527, -25.3557736]]}, "properties": {"osmid": "279814187", "oneway": "False", "lanes": "2", "ref": NaN, "name": "1 De Mayo", "highway": "tertiary", "length": 76.888, "maxspeed": NaN, "bridge": NaN, "access": NaN, "tunnel": NaN, "junction": NaN, "width": NaN, "service": NaN, "roughness": 6.0}}, {"type": "Feature", "geometry": {"type": "LineString", "coordinates": [[-57.4847527, -25.3557736], [-57.4845306, -25.3558212]]}, "properties": {"osmid": "279815194", "oneway": "False", "lanes": "2", "ref": NaN, "name": "Fidel Ma\u00edz", "highway": "tertiary", "length": 22.936, "maxspeed": NaN, "bridge": NaN, "access": NaN, "tunnel": NaN, "junction": NaN, "width": NaN, "service": NaN, "roughness": 6.0}}, {"type": "Feature", "geometry": {"type": "LineString", "coordinates": [[-57.4845306, -25.3558212], [-57.4832102, -25.3560728]]}, "properties": {"osmid": "279815194", "oneway": "False", "lanes": "2", "ref": NaN, "name": "Fidel Ma\u00edz", "highway": "tertiary", "length": 135.595, "maxspeed": NaN, "bridge": NaN, "access": NaN, "tunnel": NaN, "junction": NaN, "width": NaN, "service": NaN, "roughness": 6.0}}, {"type": "Feature", "geometry": {"type": "LineString", "coordinates": [[-57.4832102, -25.3560728], [-57.4827759, -25.3561552]]}, "properties": {"osmid": "279815194", "oneway": "False", "lanes": "2", "ref": NaN, "name": "Fidel Ma\u00edz", "highway": "tertiary", "length": 44.591, "maxspeed": NaN, "bridge": NaN, "access": NaN, "tunnel": NaN, "junction": NaN, "width": NaN, "service": NaN, "roughness": 6.0}}, {"type": "Feature", "geometry": {"type": "LineString", "coordinates": [[-57.4827759, -25.3561552], [-57.4826043, -25.356194]]}, "properties": {"osmid": "279815194", "oneway": "False", "lanes": "2", "ref": NaN, "name": "Fidel Ma\u00edz", "highway": "tertiary", "length": 17.774, "maxspeed": NaN, "bridge": NaN, "access": NaN, "tunnel": NaN, "junction": NaN, "width": NaN, "service": NaN, "roughness": 6.0}}, {"type": "Feature", "geometry": {"type": "LineString", "coordinates": [[-57.4826043, -25.356194], [-57.4823948, -25.3562473]]}, "properties": {"osmid": "279815194", "oneway": "False", "lanes": "2", "ref": NaN, "name": "Fidel Ma\u00edz", "highway": "tertiary", "length": 21.87, "maxspeed": NaN, "bridge": NaN, "access": NaN, "tunnel": NaN, "junction": NaN, "width": NaN, "service": NaN, "roughness": 6.0}}, {"type": "Feature", "geometry": {"type": "LineString", "coordinates": [[-57.4823948, -25.3562473], [-57.4815251, -25.3565355]]}, "properties": {"osmid": "279815194", "oneway": "False", "lanes": "2", "ref": NaN, "name": "Fidel Ma\u00edz", "highway": "tertiary", "length": 93.08, "maxspeed": NaN, "bridge": NaN, "access": NaN, "tunnel": NaN, "junction": NaN, "width": NaN, "service": NaN, "roughness": 6.0}}, {"type": "Feature", "geometry": {"type": "LineString", "coordinates": [[-57.4815251, -25.3565355], [-57.4805915, -25.3569395]]}, "properties": {"osmid": "279815194", "oneway": "False", "lanes": "2", "ref": NaN, "name": "Fidel Ma\u00edz", "highway": "tertiary", "length": 104.012, "maxspeed": NaN, "bridge": NaN, "access": NaN, "tunnel": NaN, "junction": NaN, "width": NaN, "service": NaN, "roughness": 6.0}}, {"type": "Feature", "geometry": {"type": "LineString", "coordinates": [[-57.4805915, -25.3569395], [-57.479488, -25.3573922]]}, "properties": {"osmid": "279815194", "oneway": "False", "lanes": "2", "ref": NaN, "name": "Fidel Ma\u00edz", "highway": "tertiary", "length": 121.773, "maxspeed": NaN, "bridge": NaN, "access": NaN, "tunnel": NaN, "junction": NaN, "width": NaN, "service": NaN, "roughness": 6.0}}, {"type": "Feature", "geometry": {"type": "LineString", "coordinates": [[-57.479488, -25.3573922], [-57.4787747, -25.3577148]]}, "properties": {"osmid": "279815194", "oneway": "False", "lanes": "2", "ref": NaN, "name": "Fidel Ma\u00edz", "highway": "tertiary", "length": 80.149, "maxspeed": NaN, "bridge": NaN, "access": NaN, "tunnel": NaN, "junction": NaN, "width": NaN, "service": NaN, "roughness": 6.0}}, {"type": "Feature", "geometry": {"type": "LineString", "coordinates": [[-57.4787747, -25.3577148], [-57.4783614, -25.3579395]]}, "properties": {"osmid": "279815194", "oneway": "False", "lanes": "2", "ref": NaN, "name": "Fidel Ma\u00edz", "highway": "tertiary", "length": 48.466, "maxspeed": NaN, "bridge": NaN, "access": NaN, "tunnel": NaN, "junction": NaN, "width": NaN, "service": NaN, "roughness": 6.0}}, {"type": "Feature", "geometry": {"type": "LineString", "coordinates": [[-57.4783614, -25.3579395], [-57.4781441, -25.3580437]]}, "properties": {"osmid": "279815194", "oneway": "False", "lanes": "2", "ref": NaN, "name": "Fidel Ma\u00edz", "highway": "tertiary", "length": 24.718, "maxspeed": NaN, "bridge": NaN, "access": NaN, "tunnel": NaN, "junction": NaN, "width": NaN, "service": NaN, "roughness": 6.0}}, {"type": "Feature", "geometry": {"type": "LineString", "coordinates": [[-57.4781441, -25.3580437], [-57.4777525, -25.3580897]]}, "properties": {"osmid": "279815194", "oneway": "False", "lanes": "2", "ref": NaN, "name": "Fidel Ma\u00edz", "highway": "tertiary", "length": 39.68, "maxspeed": NaN, "bridge": NaN, "access": NaN, "tunnel": NaN, "junction": NaN, "width": NaN, "service": NaN, "roughness": 6.0}}, {"type": "Feature", "geometry": {"type": "LineString", "coordinates": [[-57.4777525, -25.3580897], [-57.4774281, -25.3580887]]}, "properties": {"osmid": "279815194", "oneway": "False", "lanes": "2", "ref": NaN, "name": "Fidel Ma\u00edz", "highway": "tertiary", "length": 32.596, "maxspeed": NaN, "bridge": NaN, "access": NaN, "tunnel": NaN, "junction": NaN, "width": NaN, "service": NaN, "roughness": 6.0}}, {"type": "Feature", "geometry": {"type": "LineString", "coordinates": [[-57.4774281, -25.3580887], [-57.4769908, -25.3580873]]}, "properties": {"osmid": "279815194", "oneway": "False", "lanes": "2", "ref": NaN, "name": "Fidel Ma\u00edz", "highway": "tertiary", "length": 43.941, "maxspeed": NaN, "bridge": NaN, "access": NaN, "tunnel": NaN, "junction": NaN, "width": NaN, "service": NaN, "roughness": 6.0}}, {"type": "Feature", "geometry": {"type": "LineString", "coordinates": [[-57.4769908, -25.3580873], [-57.4763256, -25.3582206]]}, "properties": {"osmid": "279815194", "oneway": "False", "lanes": "2", "ref": NaN, "name": "Fidel Ma\u00edz", "highway": "tertiary", "length": 68.464, "maxspeed": NaN, "bridge": NaN, "access": NaN, "tunnel": NaN, "junction": NaN, "width": NaN, "service": NaN, "roughness": 6.0}}, {"type": "Feature", "geometry": {"type": "LineString", "coordinates": [[-57.4763256, -25.3582206], [-57.4751722, -25.3584848]]}, "properties": {"osmid": "279815194", "oneway": "False", "lanes": "2", "ref": NaN, "name": "Fidel Ma\u00edz", "highway": "tertiary", "length": 119.56, "maxspeed": NaN, "bridge": NaN, "access": NaN, "tunnel": NaN, "junction": NaN, "width": NaN, "service": NaN, "roughness": 6.0}}, {"type": "Feature", "geometry": {"type": "LineString", "coordinates": [[-57.4751722, -25.3584848], [-57.4745365, -25.3585842]]}, "properties": {"osmid": "279815194", "oneway": "False", "lanes": "2", "ref": NaN, "name": "Fidel Ma\u00edz", "highway": "tertiary", "length": 64.825, "maxspeed": NaN, "bridge": NaN, "access": NaN, "tunnel": NaN, "junction": NaN, "width": NaN, "service": NaN, "roughness": 6.0}}, {"type": "Feature", "geometry": {"type": "LineString", "coordinates": [[-57.4745365, -25.3585842], [-57.4739706, -25.358732]]}, "properties": {"osmid": "279815194", "oneway": "False", "lanes": "2", "ref": NaN, "name": "Fidel Ma\u00edz", "highway": "tertiary", "length": 59.189, "maxspeed": NaN, "bridge": NaN, "access": NaN, "tunnel": NaN, "junction": NaN, "width": NaN, "service": NaN, "roughness": 6.0}}, {"type": "Feature", "geometry": {"type": "LineString", "coordinates": [[-57.4739706, -25.358732], [-57.4729539, -25.3592855]]}, "properties": {"osmid": "279815194", "oneway": "False", "lanes": "2", "ref": NaN, "name": "Fidel Ma\u00edz", "highway": "tertiary", "length": 119.266, "maxspeed": NaN, "bridge": NaN, "access": NaN, "tunnel": NaN, "junction": NaN, "width": NaN, "service": NaN, "roughness": 6.0}}, {"type": "Feature", "geometry": {"type": "LineString", "coordinates": [[-57.4729539, -25.3592855], [-57.4728912, -25.3593217]]}, "properties": {"osmid": "279815194", "oneway": "False", "lanes": "2", "ref": NaN, "name": "Fidel Ma\u00edz", "highway": "tertiary", "length": 7.476, "maxspeed": NaN, "bridge": NaN, "access": NaN, "tunnel": NaN, "junction": NaN, "width": NaN, "service": NaN, "roughness": 6.0}}, {"type": "Feature", "geometry": {"type": "LineString", "coordinates": [[-57.4728912, -25.3593217], [-57.4728478, -25.3593372]]}, "properties": {"osmid": "279815194", "oneway": "False", "lanes": "2", "ref": NaN, "name": "Fidel Ma\u00edz", "highway": "tertiary", "length": 4.689, "maxspeed": NaN, "bridge": NaN, "access": NaN, "tunnel": NaN, "junction": NaN, "width": NaN, "service": NaN, "roughness": 6.0}}, {"type": "Feature", "geometry": {"type": "LineString", "coordinates": [[-57.4728478, -25.3593372], [-57.4728044, -25.3593527]]}, "properties": {"osmid": "279815194", "oneway": "False", "lanes": "2", "ref": NaN, "name": "Fidel Ma\u00edz", "highway": "tertiary", "length": 4.689, "maxspeed": NaN, "bridge": NaN, "access": NaN, "tunnel": NaN, "junction": NaN, "width": NaN, "service": NaN, "roughness": 6.0}}, {"type": "Feature", "geometry": {"type": "LineString", "coordinates": [[-57.4728044, -25.3593527], [-57.4727242, -25.3593627]]}, "properties": {"osmid": "279815194", "oneway": "False", "lanes": "2", "ref": NaN, "name": "Fidel Ma\u00edz", "highway": "tertiary", "length": 8.135, "maxspeed": NaN, "bridge": NaN, "access": NaN, "tunnel": NaN, "junction": NaN, "width": NaN, "service": NaN, "roughness": 6.0}}, {"type": "Feature", "geometry": {"type": "LineString", "coordinates": [[-57.4727242, -25.3593627], [-57.4726303, -25.3593767]]}, "properties": {"osmid": "279815194", "oneway": "False", "lanes": "2", "ref": NaN, "name": "Fidel Ma\u00edz", "highway": "tertiary", "length": 9.563, "maxspeed": NaN, "bridge": NaN, "access": NaN, "tunnel": NaN, "junction": NaN, "width": NaN, "service": NaN, "roughness": 6.0}}, {"type": "Feature", "geometry": {"type": "LineString", "coordinates": [[-57.4726303, -25.3593767], [-57.472093, -25.3593726]]}, "properties": {"osmid": "279815194", "oneway": "False", "lanes": "2", "ref": NaN, "name": "Fidel Ma\u00edz", "highway": "tertiary", "length": 53.99, "maxspeed": NaN, "bridge": NaN, "access": NaN, "tunnel": NaN, "junction": NaN, "width": NaN, "service": NaN, "roughness": 6.0}}, {"type": "Feature", "geometry": {"type": "LineString", "coordinates": [[-57.472093, -25.3593726], [-57.4719687, -25.3593717]]}, "properties": {"osmid": "279815194", "oneway": "False", "lanes": "2", "ref": NaN, "name": "Fidel Ma\u00edz", "highway": "tertiary", "length": 12.49, "maxspeed": NaN, "bridge": NaN, "access": NaN, "tunnel": NaN, "junction": NaN, "width": NaN, "service": NaN, "roughness": 6.0}}, {"type": "Feature", "geometry": {"type": "LineString", "coordinates": [[-57.4719687, -25.3593717], [-57.471318, -25.3593703]]}, "properties": {"osmid": "279815194", "oneway": "False", "lanes": "2", "ref": NaN, "name": "Fidel Ma\u00edz", "highway": "tertiary", "length": 65.383, "maxspeed": NaN, "bridge": NaN, "access": NaN, "tunnel": NaN, "junction": NaN, "width": NaN, "service": NaN, "roughness": 6.0}}, {"type": "Feature", "geometry": {"type": "LineString", "coordinates": [[-57.471318, -25.3593703], [-57.4705278, -25.3593687]]}, "properties": {"osmid": "279815194", "oneway": "False", "lanes": "2", "ref": NaN, "name": "Fidel Ma\u00edz", "highway": "tertiary", "length": 79.4, "maxspeed": NaN, "bridge": NaN, "access": NaN, "tunnel": NaN, "junction": NaN, "width": NaN, "service": NaN, "roughness": 6.0}}, {"type": "Feature", "geometry": {"type": "LineString", "coordinates": [[-57.4705278, -25.3593687], [-57.4704001, -25.3593684]]}, "properties": {"osmid": "279815194", "oneway": "False", "lanes": "2", "ref": NaN, "name": "Fidel Ma\u00edz", "highway": "tertiary", "length": 12.831, "maxspeed": NaN, "bridge": NaN, "access": NaN, "tunnel": NaN, "junction": NaN, "width": NaN, "service": NaN, "roughness": 6.0}}, {"type": "Feature", "geometry": {"type": "LineString", "coordinates": [[-57.4704001, -25.3593684], [-57.469757, -25.3593697]]}, "properties": {"osmid": "279815194", "oneway": "False", "lanes": "2", "ref": NaN, "name": "Fidel Ma\u00edz", "highway": "tertiary", "length": 64.619, "maxspeed": NaN, "bridge": NaN, "access": NaN, "tunnel": NaN, "junction": NaN, "width": NaN, "service": NaN, "roughness": 6.0}}, {"type": "Feature", "geometry": {"type": "LineString", "coordinates": [[-57.469757, -25.3593697], [-57.4688254, -25.3593716]]}, "properties": {"osmid": "279815194", "oneway": "False", "lanes": "2", "ref": NaN, "name": "Fidel Ma\u00edz", "highway": "tertiary", "length": 93.608, "maxspeed": NaN, "bridge": NaN, "access": NaN, "tunnel": NaN, "junction": NaN, "width": NaN, "service": NaN, "roughness": 6.0}}, {"type": "Feature", "geometry": {"type": "LineString", "coordinates": [[-57.4688254, -25.3593716], [-57.467734, -25.3593542]]}, "properties": {"osmid": "279815194", "oneway": "False", "lanes": "2", "ref": NaN, "name": "Fidel Ma\u00edz", "highway": "tertiary", "length": 109.681, "maxspeed": NaN, "bridge": NaN, "access": NaN, "tunnel": NaN, "junction": NaN, "width": NaN, "service": NaN, "roughness": 6.0}}, {"type": "Feature", "geometry": {"type": "LineString", "coordinates": [[-57.467734, -25.3593542], [-57.4677496, -25.359796]]}, "properties": {"osmid": "268572306", "oneway": "False", "lanes": NaN, "ref": NaN, "name": NaN, "highway": "tertiary", "length": 49.151, "maxspeed": NaN, "bridge": NaN, "access": NaN, "tunnel": NaN, "junction": NaN, "width": NaN, "service": NaN, "roughness": 6.0}}, {"type": "Feature", "geometry": {"type": "LineString", "coordinates": [[-57.4677496, -25.359796], [-57.4677281, -25.3598833]]}, "properties": {"osmid": "268572306", "oneway": "False", "lanes": NaN, "ref": NaN, "name": NaN, "highway": "tertiary", "length": 9.945, "maxspeed": NaN, "bridge": NaN, "access": NaN, "tunnel": NaN, "junction": NaN, "width": NaN, "service": NaN, "roughness": 6.0}}, {"type": "Feature", "geometry": {"type": "LineString", "coordinates": [[-57.4677281, -25.3598833], [-57.4676686, -25.3599184]]}, "properties": {"osmid": "268572306", "oneway": "False", "lanes": NaN, "ref": NaN, "name": NaN, "highway": "tertiary", "length": 7.14, "maxspeed": NaN, "bridge": NaN, "access": NaN, "tunnel": NaN, "junction": NaN, "width": NaN, "service": NaN, "roughness": 6.0}}, {"type": "Feature", "geometry": {"type": "LineString", "coordinates": [[-57.4676686, -25.3599184], [-57.4675565, -25.359956]]}, "properties": {"osmid": "268572306", "oneway": "False", "lanes": NaN, "ref": NaN, "name": NaN, "highway": "tertiary", "length": 12.015, "maxspeed": NaN, "bridge": NaN, "access": NaN, "tunnel": NaN, "junction": NaN, "width": NaN, "service": NaN, "roughness": 6.0}}, {"type": "Feature", "geometry": {"type": "LineString", "coordinates": [[-57.4675565, -25.359956], [-57.4668645, -25.3602032]]}, "properties": {"osmid": "268572306", "oneway": "False", "lanes": NaN, "ref": NaN, "name": NaN, "highway": "tertiary", "length": 74.768, "maxspeed": NaN, "bridge": NaN, "access": NaN, "tunnel": NaN, "junction": NaN, "width": NaN, "service": NaN, "roughness": 6.0}}, {"type": "Feature", "geometry": {"type": "LineString", "coordinates": [[-57.4668645, -25.3602032], [-57.4667406, -25.3602383]]}, "properties": {"osmid": "268572306", "oneway": "False", "lanes": NaN, "ref": NaN, "name": NaN, "highway": "tertiary", "length": 13.047, "maxspeed": NaN, "bridge": NaN, "access": NaN, "tunnel": NaN, "junction": NaN, "width": NaN, "service": NaN, "roughness": 6.0}}, {"type": "Feature", "geometry": {"type": "LineString", "coordinates": [[-57.4667406, -25.3602383], [-57.4660455, -25.3603521]]}, "properties": {"osmid": "268572306", "oneway": "False", "lanes": NaN, "ref": NaN, "name": NaN, "highway": "tertiary", "length": 70.98, "maxspeed": NaN, "bridge": NaN, "access": NaN, "tunnel": NaN, "junction": NaN, "width": NaN, "service": NaN, "roughness": 6.0}}, {"type": "Feature", "geometry": {"type": "LineString", "coordinates": [[-57.4660455, -25.3603521], [-57.4660003, -25.3603595]]}, "properties": {"osmid": "268572306", "oneway": "False", "lanes": NaN, "ref": NaN, "name": NaN, "highway": "tertiary", "length": 4.616, "maxspeed": NaN, "bridge": NaN, "access": NaN, "tunnel": NaN, "junction": NaN, "width": NaN, "service": NaN, "roughness": 6.0}}, {"type": "Feature", "geometry": {"type": "LineString", "coordinates": [[-57.4660003, -25.3603595], [-57.4652391, -25.3604553]]}, "properties": {"osmid": "268572306", "oneway": "False", "lanes": NaN, "ref": NaN, "name": NaN, "highway": "tertiary", "length": 77.223, "maxspeed": NaN, "bridge": NaN, "access": NaN, "tunnel": NaN, "junction": NaN, "width": NaN, "service": NaN, "roughness": 6.0}}, {"type": "Feature", "geometry": {"type": "LineString", "coordinates": [[-57.4652391, -25.3604553], [-57.4649926, -25.360518]]}, "properties": {"osmid": "268572306", "oneway": "False", "lanes": NaN, "ref": NaN, "name": NaN, "highway": "tertiary", "length": 25.731, "maxspeed": NaN, "bridge": NaN, "access": NaN, "tunnel": NaN, "junction": NaN, "width": NaN, "service": NaN, "roughness": 6.0}}, {"type": "Feature", "geometry": {"type": "LineString", "coordinates": [[-57.4649926, -25.360518], [-57.4648102, -25.3605713]]}, "properties": {"osmid": "268572306", "oneway": "False", "lanes": NaN, "ref": NaN, "name": NaN, "highway": "tertiary", "length": 19.262, "maxspeed": NaN, "bridge": NaN, "access": NaN, "tunnel": NaN, "junction": NaN, "width": NaN, "service": NaN, "roughness": 6.0}}, {"type": "Feature", "geometry": {"type": "LineString", "coordinates": [[-57.4648102, -25.3605713], [-57.4635871, -25.3610415]]}, "properties": {"osmid": "268572306", "oneway": "False", "lanes": NaN, "ref": NaN, "name": NaN, "highway": "tertiary", "length": 133.555, "maxspeed": NaN, "bridge": NaN, "access": NaN, "tunnel": NaN, "junction": NaN, "width": NaN, "service": NaN, "roughness": 6.0}}, {"type": "Feature", "geometry": {"type": "LineString", "coordinates": [[-57.4635871, -25.3610415], [-57.4635399, -25.3610618]]}, "properties": {"osmid": "268572306", "oneway": "False", "lanes": NaN, "ref": NaN, "name": NaN, "highway": "tertiary", "length": 5.252, "maxspeed": NaN, "bridge": NaN, "access": NaN, "tunnel": NaN, "junction": NaN, "width": NaN, "service": NaN, "roughness": 6.0}}, {"type": "Feature", "geometry": {"type": "LineString", "coordinates": [[-57.4635399, -25.3610618], [-57.4623426, -25.3615748]]}, "properties": {"osmid": "268572306", "oneway": "False", "lanes": NaN, "ref": NaN, "name": NaN, "highway": "tertiary", "length": 133.142, "maxspeed": NaN, "bridge": NaN, "access": NaN, "tunnel": NaN, "junction": NaN, "width": NaN, "service": NaN, "roughness": 6.0}}, {"type": "Feature", "geometry": {"type": "LineString", "coordinates": [[-57.4623426, -25.3615748], [-57.4621181, -25.3616673]]}, "properties": {"osmid": "268572306", "oneway": "False", "lanes": NaN, "ref": NaN, "name": NaN, "highway": "tertiary", "length": 24.792, "maxspeed": NaN, "bridge": NaN, "access": NaN, "tunnel": NaN, "junction": NaN, "width": NaN, "service": NaN, "roughness": 6.0}}, {"type": "Feature", "geometry": {"type": "LineString", "coordinates": [[-57.4621181, -25.3616673], [-57.4619242, -25.3617202]]}, "properties": {"osmid": "268572306", "oneway": "False", "lanes": NaN, "ref": NaN, "name": NaN, "highway": "tertiary", "length": 20.351, "maxspeed": NaN, "bridge": NaN, "access": NaN, "tunnel": NaN, "junction": NaN, "width": NaN, "service": NaN, "roughness": 6.0}}, {"type": "Feature", "geometry": {"type": "LineString", "coordinates": [[-57.4619242, -25.3617202], [-57.4615862, -25.3618026]]}, "properties": {"osmid": "268572306", "oneway": "False", "lanes": NaN, "ref": NaN, "name": NaN, "highway": "tertiary", "length": 35.176, "maxspeed": NaN, "bridge": NaN, "access": NaN, "tunnel": NaN, "junction": NaN, "width": NaN, "service": NaN, "roughness": 6.0}}, {"type": "Feature", "geometry": {"type": "LineString", "coordinates": [[-57.4615862, -25.3618026], [-57.4614628, -25.3618268]]}, "properties": {"osmid": "268572306", "oneway": "False", "lanes": NaN, "ref": NaN, "name": NaN, "highway": "tertiary", "length": 12.688, "maxspeed": NaN, "bridge": NaN, "access": NaN, "tunnel": NaN, "junction": NaN, "width": NaN, "service": NaN, "roughness": 6.0}}, {"type": "Feature", "geometry": {"type": "LineString", "coordinates": [[-57.4614628, -25.3618268], [-57.4612697, -25.3618462]]}, "properties": {"osmid": "268572306", "oneway": "False", "lanes": NaN, "ref": NaN, "name": NaN, "highway": "tertiary", "length": 19.522, "maxspeed": NaN, "bridge": NaN, "access": NaN, "tunnel": NaN, "junction": NaN, "width": NaN, "service": NaN, "roughness": 6.0}}, {"type": "Feature", "geometry": {"type": "LineString", "coordinates": [[-57.4612697, -25.3618462], [-57.4611624, -25.3618608]]}, "properties": {"osmid": "268572306", "oneway": "False", "lanes": NaN, "ref": NaN, "name": NaN, "highway": "tertiary", "length": 10.903, "maxspeed": NaN, "bridge": NaN, "access": NaN, "tunnel": NaN, "junction": NaN, "width": NaN, "service": NaN, "roughness": 6.0}}, {"type": "Feature", "geometry": {"type": "LineString", "coordinates": [[-57.4611624, -25.3618608], [-57.4610927, -25.3618753]]}, "properties": {"osmid": "268572306", "oneway": "False", "lanes": NaN, "ref": NaN, "name": NaN, "highway": "tertiary", "length": 7.187, "maxspeed": NaN, "bridge": NaN, "access": NaN, "tunnel": NaN, "junction": NaN, "width": NaN, "service": NaN, "roughness": 6.0}}, {"type": "Feature", "geometry": {"type": "LineString", "coordinates": [[-57.4610927, -25.3618753], [-57.4610176, -25.3618995]]}, "properties": {"osmid": "268572306", "oneway": "False", "lanes": NaN, "ref": NaN, "name": NaN, "highway": "tertiary", "length": 8.011, "maxspeed": NaN, "bridge": NaN, "access": NaN, "tunnel": NaN, "junction": NaN, "width": NaN, "service": NaN, "roughness": 6.0}}, {"type": "Feature", "geometry": {"type": "LineString", "coordinates": [[-57.4610176, -25.3618995], [-57.4608491, -25.3619321]]}, "properties": {"osmid": "268572306", "oneway": "False", "lanes": NaN, "ref": NaN, "name": NaN, "highway": "tertiary", "length": 17.314, "maxspeed": NaN, "bridge": NaN, "access": NaN, "tunnel": NaN, "junction": NaN, "width": NaN, "service": NaN, "roughness": 6.0}}, {"type": "Feature", "geometry": {"type": "LineString", "coordinates": [[-57.4608491, -25.3619321], [-57.46096, -25.3621606]]}, "properties": {"osmid": "268577855", "oneway": "False", "lanes": NaN, "ref": NaN, "name": "Ad\u00e1n Ram\u00edrez", "highway": "tertiary", "length": 27.744, "maxspeed": NaN, "bridge": NaN, "access": NaN, "tunnel": NaN, "junction": NaN, "width": NaN, "service": NaN, "roughness": 6.0}}, {"type": "Feature", "geometry": {"type": "LineString", "coordinates": [[-57.46096, -25.3621606], [-57.4611844, -25.3626221]]}, "properties": {"osmid": "268577855", "oneway": "False", "lanes": NaN, "ref": NaN, "name": "Ad\u00e1n Ram\u00edrez", "highway": "tertiary", "length": 56.051, "maxspeed": NaN, "bridge": NaN, "access": NaN, "tunnel": NaN, "junction": NaN, "width": NaN, "service": NaN, "roughness": 6.0}}, {"type": "Feature", "geometry": {"type": "LineString", "coordinates": [[-57.4611844, -25.3626221], [-57.4616269, -25.3633584]]}, "properties": {"osmid": "268577855", "oneway": "False", "lanes": NaN, "ref": NaN, "name": "Ad\u00e1n Ram\u00edrez", "highway": "tertiary", "length": 93.166, "maxspeed": NaN, "bridge": NaN, "access": NaN, "tunnel": NaN, "junction": NaN, "width": NaN, "service": NaN, "roughness": 6.0}}, {"type": "Feature", "geometry": {"type": "LineString", "coordinates": [[-57.4616269, -25.3633584], [-57.4619148, -25.3638263]]}, "properties": {"osmid": "268577855", "oneway": "False", "lanes": NaN, "ref": NaN, "name": "Ad\u00e1n Ram\u00edrez", "highway": "tertiary", "length": 59.529, "maxspeed": NaN, "bridge": NaN, "access": NaN, "tunnel": NaN, "junction": NaN, "width": NaN, "service": NaN, "roughness": 6.0}}, {"type": "Feature", "geometry": {"type": "LineString", "coordinates": [[-57.4619148, -25.3638263], [-57.4619868, -25.3639432]]}, "properties": {"osmid": "268577855", "oneway": "False", "lanes": NaN, "ref": NaN, "name": "Ad\u00e1n Ram\u00edrez", "highway": "tertiary", "length": 14.876, "maxspeed": NaN, "bridge": NaN, "access": NaN, "tunnel": NaN, "junction": NaN, "width": NaN, "service": NaN, "roughness": 6.0}}, {"type": "Feature", "geometry": {"type": "LineString", "coordinates": [[-57.4619868, -25.3639432], [-57.4608177, -25.3642602]]}, "properties": {"osmid": "259226645", "oneway": "False", "lanes": "2", "ref": NaN, "name": NaN, "highway": "tertiary", "length": 122.642, "maxspeed": NaN, "bridge": NaN, "access": NaN, "tunnel": NaN, "junction": NaN, "width": NaN, "service": NaN, "roughness": 6.0}}, {"type": "Feature", "geometry": {"type": "LineString", "coordinates": [[-57.4608177, -25.3642602], [-57.4596376, -25.3645802]]}, "properties": {"osmid": "259226645", "oneway": "False", "lanes": "2", "ref": NaN, "name": NaN, "highway": "tertiary", "length": 123.796, "maxspeed": NaN, "bridge": NaN, "access": NaN, "tunnel": NaN, "junction": NaN, "width": NaN, "service": NaN, "roughness": 6.0}}, {"type": "Feature", "geometry": {"type": "LineString", "coordinates": [[-57.4596376, -25.3645802], [-57.4584085, -25.3649134]]}, "properties": {"osmid": "259226645", "oneway": "False", "lanes": "2", "ref": NaN, "name": NaN, "highway": "tertiary", "length": 128.933, "maxspeed": NaN, "bridge": NaN, "access": NaN, "tunnel": NaN, "junction": NaN, "width": NaN, "service": NaN, "roughness": 6.0}}, {"type": "Feature", "geometry": {"type": "LineString", "coordinates": [[-57.4584085, -25.3649134], [-57.4572994, -25.3652027]]}, "properties": {"osmid": "259226645", "oneway": "False", "lanes": "2", "ref": NaN, "name": NaN, "highway": "tertiary", "length": 115.988, "maxspeed": NaN, "bridge": NaN, "access": NaN, "tunnel": NaN, "junction": NaN, "width": NaN, "service": NaN, "roughness": 6.0}}, {"type": "Feature", "geometry": {"type": "LineString", "coordinates": [[-57.4572994, -25.3652027], [-57.4568945, -25.3653083]]}, "properties": {"osmid": "259226645", "oneway": "False", "lanes": "2", "ref": NaN, "name": NaN, "highway": "tertiary", "length": 42.343, "maxspeed": NaN, "bridge": NaN, "access": NaN, "tunnel": NaN, "junction": NaN, "width": NaN, "service": NaN, "roughness": 6.0}}, {"type": "Feature", "geometry": {"type": "LineString", "coordinates": [[-57.4568945, -25.3653083], [-57.4567137, -25.3653555]]}, "properties": {"osmid": "259226645", "oneway": "False", "lanes": "2", "ref": NaN, "name": NaN, "highway": "tertiary", "length": 18.909, "maxspeed": NaN, "bridge": NaN, "access": NaN, "tunnel": NaN, "junction": NaN, "width": NaN, "service": NaN, "roughness": 6.0}}, {"type": "Feature", "geometry": {"type": "LineString", "coordinates": [[-57.4567137, -25.3653555], [-57.4562692, -25.3654444]]}, "properties": {"osmid": "259226645", "oneway": "False", "lanes": "2", "ref": NaN, "name": NaN, "highway": "tertiary", "length": 45.742, "maxspeed": NaN, "bridge": NaN, "access": NaN, "tunnel": NaN, "junction": NaN, "width": NaN, "service": NaN, "roughness": 6.0}}, {"type": "Feature", "geometry": {"type": "LineString", "coordinates": [[-57.4562692, -25.3654444], [-57.4554457, -25.3655359]]}, "properties": {"osmid": "259226645", "oneway": "False", "lanes": "2", "ref": NaN, "name": NaN, "highway": "tertiary", "length": 83.364, "maxspeed": NaN, "bridge": NaN, "access": NaN, "tunnel": NaN, "junction": NaN, "width": NaN, "service": NaN, "roughness": 6.0}}, {"type": "Feature", "geometry": {"type": "LineString", "coordinates": [[-57.4554457, -25.3655359], [-57.4554949, -25.3658911]]}, "properties": {"osmid": "459017763", "oneway": "False", "lanes": NaN, "ref": NaN, "name": NaN, "highway": "tertiary", "length": 39.805, "maxspeed": NaN, "bridge": NaN, "access": NaN, "tunnel": NaN, "junction": NaN, "width": NaN, "service": NaN, "roughness": 6.0}}, {"type": "Feature", "geometry": {"type": "LineString", "coordinates": [[-57.4554949, -25.3658911], [-57.4547085, -25.3659613]]}, "properties": {"osmid": "374373657", "oneway": "False", "lanes": NaN, "ref": NaN, "name": "AMISTAD", "highway": "tertiary", "length": 79.398, "maxspeed": NaN, "bridge": NaN, "access": NaN, "tunnel": NaN, "junction": NaN, "width": NaN, "service": NaN, "roughness": 6.0}}, {"type": "Feature", "geometry": {"type": "LineString", "coordinates": [[-57.4547085, -25.3659613], [-57.4543761, -25.3659909]]}, "properties": {"osmid": "374373657", "oneway": "False", "lanes": NaN, "ref": NaN, "name": "AMISTAD", "highway": "tertiary", "length": 33.56, "maxspeed": NaN, "bridge": NaN, "access": NaN, "tunnel": NaN, "junction": NaN, "width": NaN, "service": NaN, "roughness": 6.0}}, {"type": "Feature", "geometry": {"type": "LineString", "coordinates": [[-57.4543761, -25.3659909], [-57.4538383, -25.3660304]]}, "properties": {"osmid": "374373657", "oneway": "False", "lanes": NaN, "ref": NaN, "name": "AMISTAD", "highway": "tertiary", "length": 54.214, "maxspeed": NaN, "bridge": NaN, "access": NaN, "tunnel": NaN, "junction": NaN, "width": NaN, "service": NaN, "roughness": 6.0}}, {"type": "Feature", "geometry": {"type": "LineString", "coordinates": [[-57.4538383, -25.3660304], [-57.4535921, -25.3660581]]}, "properties": {"osmid": "374373657", "oneway": "False", "lanes": NaN, "ref": NaN, "name": "AMISTAD", "highway": "tertiary", "length": 24.928, "maxspeed": NaN, "bridge": NaN, "access": NaN, "tunnel": NaN, "junction": NaN, "width": NaN, "service": NaN, "roughness": 6.0}}, {"type": "Feature", "geometry": {"type": "LineString", "coordinates": [[-57.4535921, -25.3660581], [-57.4531627, -25.3661065]]}, "properties": {"osmid": "374373657", "oneway": "False", "lanes": NaN, "ref": NaN, "name": "AMISTAD", "highway": "tertiary", "length": 43.478, "maxspeed": NaN, "bridge": NaN, "access": NaN, "tunnel": NaN, "junction": NaN, "width": NaN, "service": NaN, "roughness": 6.0}}, {"type": "Feature", "geometry": {"type": "LineString", "coordinates": [[-57.4531627, -25.3661065], [-57.4522856, -25.3661913]]}, "properties": {"osmid": "374373657", "oneway": "False", "lanes": NaN, "ref": NaN, "name": "AMISTAD", "highway": "tertiary", "length": 88.629, "maxspeed": NaN, "bridge": NaN, "access": NaN, "tunnel": NaN, "junction": NaN, "width": NaN, "service": NaN, "roughness": 6.0}}, {"type": "Feature", "geometry": {"type": "LineString", "coordinates": [[-57.4522856, -25.3661913], [-57.4517907, -25.3662392]]}, "properties": {"osmid": "374373657", "oneway": "False", "lanes": NaN, "ref": NaN, "name": "AMISTAD", "highway": "tertiary", "length": 50.009, "maxspeed": NaN, "bridge": NaN, "access": NaN, "tunnel": NaN, "junction": NaN, "width": NaN, "service": NaN, "roughness": 6.0}}, {"type": "Feature", "geometry": {"type": "LineString", "coordinates": [[-57.4517907, -25.3662392], [-57.4512776, -25.3662888]]}, "properties": {"osmid": "374373657", "oneway": "False", "lanes": NaN, "ref": NaN, "name": "AMISTAD", "highway": "tertiary", "length": 51.848, "maxspeed": NaN, "bridge": NaN, "access": NaN, "tunnel": NaN, "junction": NaN, "width": NaN, "service": NaN, "roughness": 6.0}}, {"type": "Feature", "geometry": {"type": "LineString", "coordinates": [[-57.4512776, -25.3662888], [-57.4509697, -25.3663189]]}, "properties": {"osmid": "374373657", "oneway": "False", "lanes": NaN, "ref": NaN, "name": "AMISTAD", "highway": "tertiary", "length": 31.117, "maxspeed": NaN, "bridge": NaN, "access": NaN, "tunnel": NaN, "junction": NaN, "width": NaN, "service": NaN, "roughness": 6.0}}, {"type": "Feature", "geometry": {"type": "LineString", "coordinates": [[-57.4509697, -25.3663189], [-57.4491856, -25.366493]]}, "properties": {"osmid": "374373657", "oneway": "False", "lanes": NaN, "ref": NaN, "name": "AMISTAD", "highway": "tertiary", "length": 180.299, "maxspeed": NaN, "bridge": NaN, "access": NaN, "tunnel": NaN, "junction": NaN, "width": NaN, "service": NaN, "roughness": 6.0}}, {"type": "Feature", "geometry": {"type": "LineString", "coordinates": [[-57.4491856, -25.366493], [-57.4494394, -25.3668445]]}, "properties": {"osmid": "365620598", "oneway": "False", "lanes": "2", "ref": "D012", "name": "Av. L\u00f3pez Godoy - Ruta Departamental 12", "highway": "primary", "length": 46.668, "maxspeed": "60", "bridge": NaN, "access": NaN, "tunnel": NaN, "junction": NaN, "width": NaN, "service": NaN, "roughness": 6.0}}, {"type": "Feature", "geometry": {"type": "LineString", "coordinates": [[-57.4494394, -25.3668445], [-57.4498487, -25.3673961]]}, "properties": {"osmid": "365620598", "oneway": "False", "lanes": "2", "ref": "D012", "name": "Av. L\u00f3pez Godoy - Ruta Departamental 12", "highway": "primary", "length": 73.846, "maxspeed": "60", "bridge": NaN, "access": NaN, "tunnel": NaN, "junction": NaN, "width": NaN, "service": NaN, "roughness": 6.0}}, {"type": "Feature", "geometry": {"type": "LineString", "coordinates": [[-57.4498487, -25.3673961], [-57.4505653, -25.3684371]]}, "properties": {"osmid": "365620598", "oneway": "False", "lanes": "2", "ref": "D012", "name": "Av. L\u00f3pez Godoy - Ruta Departamental 12", "highway": "primary", "length": 136.319, "maxspeed": "60", "bridge": NaN, "access": NaN, "tunnel": NaN, "junction": NaN, "width": NaN, "service": NaN, "roughness": 6.0}}, {"type": "Feature", "geometry": {"type": "LineString", "coordinates": [[-57.4505653, -25.3684371], [-57.451024, -25.3690795]]}, "properties": {"osmid": "365620598", "oneway": "False", "lanes": "2", "ref": "D012", "name": "Av. L\u00f3pez Godoy - Ruta Departamental 12", "highway": "primary", "length": 85.009, "maxspeed": "60", "bridge": NaN, "access": NaN, "tunnel": NaN, "junction": NaN, "width": NaN, "service": NaN, "roughness": 6.0}}, {"type": "Feature", "geometry": {"type": "LineString", "coordinates": [[-57.451024, -25.3690795], [-57.4511732, -25.3692775]]}, "properties": {"osmid": "365620598", "oneway": "False", "lanes": "2", "ref": "D012", "name": "Av. L\u00f3pez Godoy - Ruta Departamental 12", "highway": "primary", "length": 26.635, "maxspeed": "60", "bridge": NaN, "access": NaN, "tunnel": NaN, "junction": NaN, "width": NaN, "service": NaN, "roughness": 6.0}}, {"type": "Feature", "geometry": {"type": "LineString", "coordinates": [[-57.4511732, -25.3692775], [-57.4515607, -25.3697917]]}, "properties": {"osmid": "365620598", "oneway": "False", "lanes": "2", "ref": "D012", "name": "Av. L\u00f3pez Godoy - Ruta Departamental 12", "highway": "primary", "length": 69.173, "maxspeed": "60", "bridge": NaN, "access": NaN, "tunnel": NaN, "junction": NaN, "width": NaN, "service": NaN, "roughness": 6.0}}, {"type": "Feature", "geometry": {"type": "LineString", "coordinates": [[-57.4515607, -25.3697917], [-57.4516224, -25.3698736]]}, "properties": {"osmid": "365620598", "oneway": "False", "lanes": "2", "ref": "D012", "name": "Av. L\u00f3pez Godoy - Ruta Departamental 12", "highway": "primary", "length": 11.017, "maxspeed": "60", "bridge": NaN, "access": NaN, "tunnel": NaN, "junction": NaN, "width": NaN, "service": NaN, "roughness": 6.0}}, {"type": "Feature", "geometry": {"type": "LineString", "coordinates": [[-57.4516224, -25.3698736], [-57.4516338, -25.3698888]]}, "properties": {"osmid": "365620598", "oneway": "False", "lanes": "2", "ref": "D012", "name": "Av. L\u00f3pez Godoy - Ruta Departamental 12", "highway": "primary", "length": 2.042, "maxspeed": "60", "bridge": NaN, "access": NaN, "tunnel": NaN, "junction": NaN, "width": NaN, "service": NaN, "roughness": 6.0}}, {"type": "Feature", "geometry": {"type": "LineString", "coordinates": [[-57.4516338, -25.3698888], [-57.4519155, -25.3702248]]}, "properties": {"osmid": "365620598", "oneway": "False", "lanes": "2", "ref": "D012", "name": "Av. L\u00f3pez Godoy - Ruta Departamental 12", "highway": "primary", "length": 46.871, "maxspeed": "60", "bridge": NaN, "access": NaN, "tunnel": NaN, "junction": NaN, "width": NaN, "service": NaN, "roughness": 6.0}}, {"type": "Feature", "geometry": {"type": "LineString", "coordinates": [[-57.4519155, -25.3702248], [-57.4519254, -25.370238]]}, "properties": {"osmid": "365620598", "oneway": "False", "lanes": "2", "ref": "D012", "name": "Av. L\u00f3pez Godoy - Ruta Departamental 12", "highway": "primary", "length": 1.773, "maxspeed": "60", "bridge": NaN, "access": NaN, "tunnel": NaN, "junction": NaN, "width": NaN, "service": NaN, "roughness": 6.0}}, {"type": "Feature", "geometry": {"type": "LineString", "coordinates": [[-57.4519254, -25.370238], [-57.4522431, -25.3706595]]}, "properties": {"osmid": "365620598", "oneway": "False", "lanes": "2", "ref": "D012", "name": "Av. L\u00f3pez Godoy - Ruta Departamental 12", "highway": "primary", "length": 56.706, "maxspeed": "60", "bridge": NaN, "access": NaN, "tunnel": NaN, "junction": NaN, "width": NaN, "service": NaN, "roughness": 6.0}}, {"type": "Feature", "geometry": {"type": "LineString", "coordinates": [[-57.4522431, -25.3706595], [-57.4522959, -25.3707296]]}, "properties": {"osmid": "365620598", "oneway": "False", "lanes": "2", "ref": "D012", "name": "Av. L\u00f3pez Godoy - Ruta Departamental 12", "highway": "primary", "length": 9.429, "maxspeed": "60", "bridge": NaN, "access": NaN, "tunnel": NaN, "junction": NaN, "width": NaN, "service": NaN, "roughness": 6.0}}, {"type": "Feature", "geometry": {"type": "LineString", "coordinates": [[-57.4522959, -25.3707296], [-57.452993, -25.3716715]]}, "properties": {"osmid": "365620598", "oneway": "False", "lanes": "2", "ref": "D012", "name": "Av. L\u00f3pez Godoy - Ruta Departamental 12", "highway": "primary", "length": 125.995, "maxspeed": "60", "bridge": NaN, "access": NaN, "tunnel": NaN, "junction": NaN, "width": NaN, "service": NaN, "roughness": 6.0}}, {"type": "Feature", "geometry": {"type": "LineString", "coordinates": [[-57.452993, -25.3716715], [-57.4533933, -25.3722049]]}, "properties": {"osmid": "365620598", "oneway": "False", "lanes": "2", "ref": "D012", "name": "Av. L\u00f3pez Godoy - Ruta Departamental 12", "highway": "primary", "length": 71.661, "maxspeed": "60", "bridge": NaN, "access": NaN, "tunnel": NaN, "junction": NaN, "width": NaN, "service": NaN, "roughness": 6.0}}, {"type": "Feature", "geometry": {"type": "LineString", "coordinates": [[-57.4533933, -25.3722049], [-57.4535604, -25.372438]]}, "properties": {"osmid": "365620598", "oneway": "False", "lanes": "2", "ref": "D012", "name": "Av. L\u00f3pez Godoy - Ruta Departamental 12", "highway": "primary", "length": 30.882, "maxspeed": "60", "bridge": NaN, "access": NaN, "tunnel": NaN, "junction": NaN, "width": NaN, "service": NaN, "roughness": 6.0}}, {"type": "Feature", "geometry": {"type": "LineString", "coordinates": [[-57.4535604, -25.372438], [-57.4542341, -25.3734041]]}, "properties": {"osmid": "365620598", "oneway": "False", "lanes": "2", "ref": "D012", "name": "Av. L\u00f3pez Godoy - Ruta Departamental 12", "highway": "primary", "length": 126.971, "maxspeed": "60", "bridge": NaN, "access": NaN, "tunnel": NaN, "junction": NaN, "width": NaN, "service": NaN, "roughness": 6.0}}, {"type": "Feature", "geometry": {"type": "LineString", "coordinates": [[-57.4542341, -25.3734041], [-57.455063, -25.3745252]]}, "properties": {"osmid": "365620598", "oneway": "False", "lanes": "2", "ref": "D012", "name": "Av. L\u00f3pez Godoy - Ruta Departamental 12", "highway": "primary", "length": 149.918, "maxspeed": "60", "bridge": NaN, "access": NaN, "tunnel": NaN, "junction": NaN, "width": NaN, "service": NaN, "roughness": 6.0}}, {"type": "Feature", "geometry": {"type": "LineString", "coordinates": [[-57.455063, -25.3745252], [-57.4555044, -25.3751412]]}, "properties": {"osmid": "365620598", "oneway": "False", "lanes": "2", "ref": "D012", "name": "Av. L\u00f3pez Godoy - Ruta Departamental 12", "highway": "primary", "length": 81.599, "maxspeed": "60", "bridge": NaN, "access": NaN, "tunnel": NaN, "junction": NaN, "width": NaN, "service": NaN, "roughness": 6.0}}]}