{"type": "FeatureCollection", "features": [{"type": "Feature", "geometry": {"type": "LineString", "coordinates": [[-55.7421078, -27.0695981], [-55.7450041, -27.0688116]]}, "properties": {"osmid": "159987886", "oneway": "False", "lanes": NaN, "ref": NaN, "name": NaN, "highway": "unclassified", "length": 299.814, "maxspeed": NaN, "bridge": NaN, "access": NaN, "tunnel": NaN, "junction": NaN, "width": NaN, "service": NaN, "roughness": 5.0}}, {"type": "Feature", "geometry": {"type": "LineString", "coordinates": [[-55.7450041, -27.0688116], [-55.7450792, -27.0687734]]}, "properties": {"osmid": "159987886", "oneway": "False", "lanes": NaN, "ref": NaN, "name": NaN, "highway": "unclassified", "length": 8.564, "maxspeed": NaN, "bridge": NaN, "access": NaN, "tunnel": NaN, "junction": NaN, "width": NaN, "service": NaN, "roughness": 5.0}}, {"type": "Feature", "geometry": {"type": "LineString", "coordinates": [[-55.7450792, -27.0687734], [-55.74509, -27.0687065]]}, "properties": {"osmid": "159987886", "oneway": "False", "lanes": NaN, "ref": NaN, "name": NaN, "highway": "unclassified", "length": 7.515, "maxspeed": NaN, "bridge": NaN, "access": NaN, "tunnel": NaN, "junction": NaN, "width": NaN, "service": NaN, "roughness": 5.0}}, {"type": "Feature", "geometry": {"type": "LineString", "coordinates": [[-55.74509, -27.0687065], [-55.7448325, -27.0675314]]}, "properties": {"osmid": "159987886", "oneway": "False", "lanes": NaN, "ref": NaN, "name": NaN, "highway": "unclassified", "length": 133.13, "maxspeed": NaN, "bridge": NaN, "access": NaN, "tunnel": NaN, "junction": NaN, "width": NaN, "service": NaN, "roughness": 5.0}}, {"type": "Feature", "geometry": {"type": "LineString", "coordinates": [[-55.7448325, -27.0675314], [-55.7442649, -27.0646689]]}, "properties": {"osmid": "159987886", "oneway": "False", "lanes": NaN, "ref": NaN, "name": NaN, "highway": "unclassified", "length": 323.22, "maxspeed": NaN, "bridge": NaN, "access": NaN, "tunnel": NaN, "junction": NaN, "width": NaN, "service": NaN, "roughness": 5.0}}, {"type": "Feature", "geometry": {"type": "LineString", "coordinates": [[-55.7442649, -27.0646689], [-55.7446769, -27.0645363]]}, "properties": {"osmid": "159987889", "oneway": "False", "lanes": NaN, "ref": NaN, "name": NaN, "highway": "unclassified", "length": 43.378, "maxspeed": NaN, "bridge": NaN, "access": NaN, "tunnel": NaN, "junction": NaN, "width": NaN, "service": NaN, "roughness": 5.0}}, {"type": "Feature", "geometry": {"type": "LineString", "coordinates": [[-55.7446769, -27.0645363], [-55.7447574, -27.0645077]]}, "properties": {"osmid": "159987889", "oneway": "False", "lanes": NaN, "ref": NaN, "name": NaN, "highway": "unclassified", "length": 8.582, "maxspeed": NaN, "bridge": NaN, "access": NaN, "tunnel": NaN, "junction": NaN, "width": NaN, "service": NaN, "roughness": 5.0}}, {"type": "Feature", "geometry": {"type": "LineString", "coordinates": [[-55.7447574, -27.0645077], [-55.744784, -27.0644769]]}, "properties": {"osmid": "159987889", "oneway": "False", "lanes": NaN, "ref": NaN, "name": NaN, "highway": "unclassified", "length": 4.321, "maxspeed": NaN, "bridge": NaN, "access": NaN, "tunnel": NaN, "junction": NaN, "width": NaN, "service": NaN, "roughness": 5.0}}, {"type": "Feature", "geometry": {"type": "LineString", "coordinates": [[-55.744784, -27.0644769], [-55.744811, -27.0644455]]}, "properties": {"osmid": "159987889", "oneway": "False", "lanes": NaN, "ref": NaN, "name": NaN, "highway": "unclassified", "length": 4.398, "maxspeed": NaN, "bridge": NaN, "access": NaN, "tunnel": NaN, "junction": NaN, "width": NaN, "service": NaN, "roughness": 5.0}}, {"type": "Feature", "geometry": {"type": "LineString", "coordinates": [[-55.744811, -27.0644455], [-55.7448164, -27.0643309]]}, "properties": {"osmid": "159987889", "oneway": "False", "lanes": NaN, "ref": NaN, "name": NaN, "highway": "unclassified", "length": 12.754, "maxspeed": NaN, "bridge": NaN, "access": NaN, "tunnel": NaN, "junction": NaN, "width": NaN, "service": NaN, "roughness": 5.0}}, {"type": "Feature", "geometry": {"type": "LineString", "coordinates": [[-55.7448164, -27.0643309], [-55.7447961, -27.0638028]]}, "properties": {"osmid": "159987889", "oneway": "False", "lanes": NaN, "ref": NaN, "name": NaN, "highway": "unclassified", "length": 58.757, "maxspeed": NaN, "bridge": NaN, "access": NaN, "tunnel": NaN, "junction": NaN, "width": NaN, "service": NaN, "roughness": 5.0}}, {"type": "Feature", "geometry": {"type": "LineString", "coordinates": [[-55.7447961, -27.0638028], [-55.7447949, -27.063772]]}, "properties": {"osmid": "159987889", "oneway": "False", "lanes": NaN, "ref": NaN, "name": NaN, "highway": "unclassified", "length": 3.427, "maxspeed": NaN, "bridge": NaN, "access": NaN, "tunnel": NaN, "junction": NaN, "width": NaN, "service": NaN, "roughness": 5.0}}, {"type": "Feature", "geometry": {"type": "LineString", "coordinates": [[-55.7447949, -27.063772], [-55.744811, -27.0630411]]}, "properties": {"osmid": "159987889", "oneway": "False", "lanes": NaN, "ref": NaN, "name": NaN, "highway": "unclassified", "length": 81.288, "maxspeed": NaN, "bridge": NaN, "access": NaN, "tunnel": NaN, "junction": NaN, "width": NaN, "service": NaN, "roughness": 5.0}}, {"type": "Feature", "geometry": {"type": "LineString", "coordinates": [[-55.744811, -27.0630411], [-55.7449154, -27.061839]]}, "properties": {"osmid": "159987889", "oneway": "False", "lanes": NaN, "ref": NaN, "name": NaN, "highway": "unclassified", "length": 134.067, "maxspeed": NaN, "bridge": NaN, "access": NaN, "tunnel": NaN, "junction": NaN, "width": NaN, "service": NaN, "roughness": 5.0}}]}