{"type": "FeatureCollection", "features": [{"type": "Feature", "geometry": {"type": "LineString", "coordinates": [[-56.9521664, -25.6675985], [-56.9533831, -25.6675536]]}, "properties": {"osmid": "164158016", "oneway": "False", "lanes": "2", "ref": "PY10", "name": "Ruta Nacional Las Residentas", "highway": "trunk", "length": 122.043, "maxspeed": NaN, "bridge": NaN, "access": NaN, "tunnel": NaN, "junction": NaN, "width": NaN, "service": NaN, "roughness": 3.0}}, {"type": "Feature", "geometry": {"type": "LineString", "coordinates": [[-56.9533831, -25.6675536], [-56.9535264, -25.6675349]]}, "properties": {"osmid": "164158016", "oneway": "False", "lanes": "2", "ref": "PY10", "name": "Ruta Nacional Las Residentas", "highway": "trunk", "length": 14.512, "maxspeed": NaN, "bridge": NaN, "access": NaN, "tunnel": NaN, "junction": NaN, "width": NaN, "service": NaN, "roughness": 3.0}}, {"type": "Feature", "geometry": {"type": "LineString", "coordinates": [[-56.9535264, -25.6675349], [-56.9539871, -25.6674914]]}, "properties": {"osmid": "164158016", "oneway": "False", "lanes": "2", "ref": "PY10", "name": "Ruta Nacional Las Residentas", "highway": "trunk", "length": 46.425, "maxspeed": NaN, "bridge": NaN, "access": NaN, "tunnel": NaN, "junction": NaN, "width": NaN, "service": NaN, "roughness": 3.0}}, {"type": "Feature", "geometry": {"type": "LineString", "coordinates": [[-56.9539871, -25.6674914], [-56.9545772, -25.6674109]]}, "properties": {"osmid": "164158016", "oneway": "False", "lanes": "2", "ref": "PY10", "name": "Ruta Nacional Las Residentas", "highway": "trunk", "length": 59.815, "maxspeed": NaN, "bridge": NaN, "access": NaN, "tunnel": NaN, "junction": NaN, "width": NaN, "service": NaN, "roughness": 3.0}}, {"type": "Feature", "geometry": {"type": "LineString", "coordinates": [[-56.9545772, -25.6674109], [-56.9552176, -25.6672449]]}, "properties": {"osmid": "164158016", "oneway": "False", "lanes": "2", "ref": "PY10", "name": "Ruta Nacional Las Residentas", "highway": "trunk", "length": 66.784, "maxspeed": NaN, "bridge": NaN, "access": NaN, "tunnel": NaN, "junction": NaN, "width": NaN, "service": NaN, "roughness": 3.0}}, {"type": "Feature", "geometry": {"type": "LineString", "coordinates": [[-56.9552176, -25.6672449], [-56.9557369, -25.6670877]]}, "properties": {"osmid": "164158016", "oneway": "False", "lanes": "2", "ref": "PY10", "name": "Ruta Nacional Las Residentas", "highway": "trunk", "length": 54.903, "maxspeed": NaN, "bridge": NaN, "access": NaN, "tunnel": NaN, "junction": NaN, "width": NaN, "service": NaN, "roughness": 3.0}}, {"type": "Feature", "geometry": {"type": "LineString", "coordinates": [[-56.9557369, -25.6670877], [-56.9568396, -25.6666798]]}, "properties": {"osmid": "164158016", "oneway": "False", "lanes": "2", "ref": "PY10", "name": "Ruta Nacional Las Residentas", "highway": "trunk", "length": 119.461, "maxspeed": NaN, "bridge": NaN, "access": NaN, "tunnel": NaN, "junction": NaN, "width": NaN, "service": NaN, "roughness": 3.0}}, {"type": "Feature", "geometry": {"type": "LineString", "coordinates": [[-56.9568396, -25.6666798], [-56.9582317, -25.6661822]]}, "properties": {"osmid": "164158016", "oneway": "False", "lanes": "2", "ref": "PY10", "name": "Ruta Nacional Las Residentas", "highway": "trunk", "length": 150.092, "maxspeed": NaN, "bridge": NaN, "access": NaN, "tunnel": NaN, "junction": NaN, "width": NaN, "service": NaN, "roughness": 3.0}}, {"type": "Feature", "geometry": {"type": "LineString", "coordinates": [[-56.9582317, -25.6661822], [-56.9595395, -25.6656974]]}, "properties": {"osmid": "164158016", "oneway": "False", "lanes": "2", "ref": "PY10", "name": "Ruta Nacional Las Residentas", "highway": "trunk", "length": 141.725, "maxspeed": NaN, "bridge": NaN, "access": NaN, "tunnel": NaN, "junction": NaN, "width": NaN, "service": NaN, "roughness": 3.0}}, {"type": "Feature", "geometry": {"type": "LineString", "coordinates": [[-56.9595395, -25.6656974], [-56.9608911, -25.6652339]]}, "properties": {"osmid": "164158016", "oneway": "False", "lanes": "2", "ref": "PY10", "name": "Ruta Nacional Las Residentas", "highway": "trunk", "length": 144.936, "maxspeed": NaN, "bridge": NaN, "access": NaN, "tunnel": NaN, "junction": NaN, "width": NaN, "service": NaN, "roughness": 3.0}}, {"type": "Feature", "geometry": {"type": "LineString", "coordinates": [[-56.9608911, -25.6652339], [-56.9619618, -25.6648776]]}, "properties": {"osmid": "164158016", "oneway": "False", "lanes": "2", "ref": "PY10", "name": "Ruta Nacional Las Residentas", "highway": "trunk", "length": 114.391, "maxspeed": NaN, "bridge": NaN, "access": NaN, "tunnel": NaN, "junction": NaN, "width": NaN, "service": NaN, "roughness": 3.0}}, {"type": "Feature", "geometry": {"type": "LineString", "coordinates": [[-56.9619618, -25.6648776], [-56.962417, -25.6647091]]}, "properties": {"osmid": "164158016", "oneway": "False", "lanes": "2", "ref": "PY10", "name": "Ruta Nacional Las Residentas", "highway": "trunk", "length": 49.32, "maxspeed": NaN, "bridge": NaN, "access": NaN, "tunnel": NaN, "junction": NaN, "width": NaN, "service": NaN, "roughness": 3.0}}, {"type": "Feature", "geometry": {"type": "LineString", "coordinates": [[-56.962417, -25.6647091], [-56.9629638, -25.6645774]]}, "properties": {"osmid": "164158016", "oneway": "False", "lanes": "2", "ref": "PY10", "name": "Ruta Nacional Las Residentas", "highway": "trunk", "length": 56.726, "maxspeed": NaN, "bridge": NaN, "access": NaN, "tunnel": NaN, "junction": NaN, "width": NaN, "service": NaN, "roughness": 3.0}}, {"type": "Feature", "geometry": {"type": "LineString", "coordinates": [[-56.9629638, -25.6645774], [-56.9641959, -25.6642606]]}, "properties": {"osmid": "164158016", "oneway": "False", "lanes": "2", "ref": "PY10", "name": "Ruta Nacional Las Residentas", "highway": "trunk", "length": 128.414, "maxspeed": NaN, "bridge": NaN, "access": NaN, "tunnel": NaN, "junction": NaN, "width": NaN, "service": NaN, "roughness": 3.0}}, {"type": "Feature", "geometry": {"type": "LineString", "coordinates": [[-56.9641959, -25.6642606], [-56.9653012, -25.6639913]]}, "properties": {"osmid": "164158016", "oneway": "False", "lanes": "2", "ref": "PY10", "name": "Ruta Nacional Las Residentas", "highway": "trunk", "length": 114.755, "maxspeed": NaN, "bridge": NaN, "access": NaN, "tunnel": NaN, "junction": NaN, "width": NaN, "service": NaN, "roughness": 3.0}}, {"type": "Feature", "geometry": {"type": "LineString", "coordinates": [[-56.9653012, -25.6639913], [-56.9663971, -25.6636944]]}, "properties": {"osmid": "164158016", "oneway": "False", "lanes": "2", "ref": "PY10", "name": "Ruta Nacional Las Residentas", "highway": "trunk", "length": 114.692, "maxspeed": NaN, "bridge": NaN, "access": NaN, "tunnel": NaN, "junction": NaN, "width": NaN, "service": NaN, "roughness": 3.0}}, {"type": "Feature", "geometry": {"type": "LineString", "coordinates": [[-56.9663971, -25.6636944], [-56.9669084, -25.6635353]]}, "properties": {"osmid": "164158016", "oneway": "False", "lanes": "2", "ref": "PY10", "name": "Ruta Nacional Las Residentas", "highway": "trunk", "length": 54.213, "maxspeed": NaN, "bridge": NaN, "access": NaN, "tunnel": NaN, "junction": NaN, "width": NaN, "service": NaN, "roughness": 3.0}}, {"type": "Feature", "geometry": {"type": "LineString", "coordinates": [[-56.9669084, -25.6635353], [-56.9673413, -25.6633436]]}, "properties": {"osmid": "164158016", "oneway": "False", "lanes": "2", "ref": "PY10", "name": "Ruta Nacional Las Residentas", "highway": "trunk", "length": 48.341, "maxspeed": NaN, "bridge": NaN, "access": NaN, "tunnel": NaN, "junction": NaN, "width": NaN, "service": NaN, "roughness": 3.0}}, {"type": "Feature", "geometry": {"type": "LineString", "coordinates": [[-56.9673413, -25.6633436], [-56.9677345, -25.6631115]]}, "properties": {"osmid": "164158016", "oneway": "False", "lanes": "2", "ref": "PY10", "name": "Ruta Nacional Las Residentas", "highway": "trunk", "length": 47.108, "maxspeed": NaN, "bridge": NaN, "access": NaN, "tunnel": NaN, "junction": NaN, "width": NaN, "service": NaN, "roughness": 3.0}}, {"type": "Feature", "geometry": {"type": "LineString", "coordinates": [[-56.9677345, -25.6631115], [-56.9680105, -25.6629024]]}, "properties": {"osmid": "164158016", "oneway": "False", "lanes": "2", "ref": "PY10", "name": "Ruta Nacional Las Residentas", "highway": "trunk", "length": 36.136, "maxspeed": NaN, "bridge": NaN, "access": NaN, "tunnel": NaN, "junction": NaN, "width": NaN, "service": NaN, "roughness": 3.0}}, {"type": "Feature", "geometry": {"type": "LineString", "coordinates": [[-56.9680105, -25.6629024], [-56.968312, -25.6626476]]}, "properties": {"osmid": "164158016", "oneway": "False", "lanes": "2", "ref": "PY10", "name": "Ruta Nacional Las Residentas", "highway": "trunk", "length": 41.423, "maxspeed": NaN, "bridge": NaN, "access": NaN, "tunnel": NaN, "junction": NaN, "width": NaN, "service": NaN, "roughness": 3.0}}, {"type": "Feature", "geometry": {"type": "LineString", "coordinates": [[-56.968312, -25.6626476], [-56.9719764, -25.6585015]]}, "properties": {"osmid": "164158016", "oneway": "False", "lanes": "2", "ref": "PY10", "name": "Ruta Nacional Las Residentas", "highway": "trunk", "length": 589.438, "maxspeed": NaN, "bridge": NaN, "access": NaN, "tunnel": NaN, "junction": NaN, "width": NaN, "service": NaN, "roughness": 3.0}}, {"type": "Feature", "geometry": {"type": "LineString", "coordinates": [[-56.9719764, -25.6585015], [-56.9726293, -25.6577868]]}, "properties": {"osmid": "164158016", "oneway": "False", "lanes": "2", "ref": "PY10", "name": "Ruta Nacional Las Residentas", "highway": "trunk", "length": 102.947, "maxspeed": NaN, "bridge": NaN, "access": NaN, "tunnel": NaN, "junction": NaN, "width": NaN, "service": NaN, "roughness": 3.0}}, {"type": "Feature", "geometry": {"type": "LineString", "coordinates": [[-56.9726293, -25.6577868], [-56.9730809, -25.6573695]]}, "properties": {"osmid": "164158016", "oneway": "False", "lanes": "2", "ref": "PY10", "name": "Ruta Nacional Las Residentas", "highway": "trunk", "length": 64.823, "maxspeed": NaN, "bridge": NaN, "access": NaN, "tunnel": NaN, "junction": NaN, "width": NaN, "service": NaN, "roughness": 3.0}}, {"type": "Feature", "geometry": {"type": "LineString", "coordinates": [[-56.9730809, -25.6573695], [-56.9734645, -25.6570315]]}, "properties": {"osmid": "164158016", "oneway": "False", "lanes": "2", "ref": "PY10", "name": "Ruta Nacional Las Residentas", "highway": "trunk", "length": 53.767, "maxspeed": NaN, "bridge": NaN, "access": NaN, "tunnel": NaN, "junction": NaN, "width": NaN, "service": NaN, "roughness": 3.0}}, {"type": "Feature", "geometry": {"type": "LineString", "coordinates": [[-56.9734645, -25.6570315], [-56.9740465, -25.6566718]]}, "properties": {"osmid": "164158016", "oneway": "False", "lanes": "2", "ref": "PY10", "name": "Ruta Nacional Las Residentas", "highway": "trunk", "length": 70.73, "maxspeed": NaN, "bridge": NaN, "access": NaN, "tunnel": NaN, "junction": NaN, "width": NaN, "service": NaN, "roughness": 3.0}}, {"type": "Feature", "geometry": {"type": "LineString", "coordinates": [[-56.9740465, -25.6566718], [-56.9745108, -25.6564617]]}, "properties": {"osmid": "133153150", "oneway": "False", "lanes": "2", "ref": "PY10", "name": "Ruta Nacional Las Residentas", "highway": "trunk", "length": 52.072, "maxspeed": NaN, "bridge": NaN, "access": NaN, "tunnel": NaN, "junction": NaN, "width": NaN, "service": NaN, "roughness": 3.0}}, {"type": "Feature", "geometry": {"type": "LineString", "coordinates": [[-56.9745108, -25.6564617], [-56.974797, -25.6563408]]}, "properties": {"osmid": "133153150", "oneway": "False", "lanes": "2", "ref": "PY10", "name": "Ruta Nacional Las Residentas", "highway": "trunk", "length": 31.68, "maxspeed": NaN, "bridge": NaN, "access": NaN, "tunnel": NaN, "junction": NaN, "width": NaN, "service": NaN, "roughness": 3.0}}, {"type": "Feature", "geometry": {"type": "LineString", "coordinates": [[-56.974797, -25.6563408], [-56.9751232, -25.6562269]]}, "properties": {"osmid": "133153150", "oneway": "False", "lanes": "2", "ref": "PY10", "name": "Ruta Nacional Las Residentas", "highway": "trunk", "length": 35.063, "maxspeed": NaN, "bridge": NaN, "access": NaN, "tunnel": NaN, "junction": NaN, "width": NaN, "service": NaN, "roughness": 3.0}}, {"type": "Feature", "geometry": {"type": "LineString", "coordinates": [[-56.9751232, -25.6562269], [-56.9769729, -25.6555915]]}, "properties": {"osmid": "133153150", "oneway": "False", "lanes": "2", "ref": "PY10", "name": "Ruta Nacional Las Residentas", "highway": "trunk", "length": 198.406, "maxspeed": NaN, "bridge": NaN, "access": NaN, "tunnel": NaN, "junction": NaN, "width": NaN, "service": NaN, "roughness": 3.0}}, {"type": "Feature", "geometry": {"type": "LineString", "coordinates": [[-56.9769729, -25.6555915], [-56.9849256, -25.6529053]]}, "properties": {"osmid": "133153150", "oneway": "False", "lanes": "2", "ref": "PY10", "name": "Ruta Nacional Las Residentas", "highway": "trunk", "length": 851.253, "maxspeed": NaN, "bridge": NaN, "access": NaN, "tunnel": NaN, "junction": NaN, "width": NaN, "service": NaN, "roughness": 3.0}}, {"type": "Feature", "geometry": {"type": "LineString", "coordinates": [[-56.9849256, -25.6529053], [-56.9868407, -25.6522539]]}, "properties": {"osmid": "133153150", "oneway": "False", "lanes": "2", "ref": "PY10", "name": "Ruta Nacional Las Residentas", "highway": "trunk", "length": 205.171, "maxspeed": NaN, "bridge": NaN, "access": NaN, "tunnel": NaN, "junction": NaN, "width": NaN, "service": NaN, "roughness": 3.0}}, {"type": "Feature", "geometry": {"type": "LineString", "coordinates": [[-56.9868407, -25.6522539], [-56.988016, -25.6518908]]}, "properties": {"osmid": "133153150", "oneway": "False", "lanes": "2", "ref": "PY10", "name": "Ruta Nacional Las Residentas", "highway": "trunk", "length": 124.534, "maxspeed": NaN, "bridge": NaN, "access": NaN, "tunnel": NaN, "junction": NaN, "width": NaN, "service": NaN, "roughness": 3.0}}, {"type": "Feature", "geometry": {"type": "LineString", "coordinates": [[-56.988016, -25.6518908], [-56.9889607, -25.6516209]]}, "properties": {"osmid": "133153150", "oneway": "False", "lanes": "2", "ref": "PY10", "name": "Ruta Nacional Las Residentas", "highway": "trunk", "length": 99.335, "maxspeed": NaN, "bridge": NaN, "access": NaN, "tunnel": NaN, "junction": NaN, "width": NaN, "service": NaN, "roughness": 3.0}}, {"type": "Feature", "geometry": {"type": "LineString", "coordinates": [[-56.9889607, -25.6516209], [-56.9896273, -25.6514461]]}, "properties": {"osmid": "133153150", "oneway": "False", "lanes": "2", "ref": "PY10", "name": "Ruta Nacional Las Residentas", "highway": "trunk", "length": 69.587, "maxspeed": NaN, "bridge": NaN, "access": NaN, "tunnel": NaN, "junction": NaN, "width": NaN, "service": NaN, "roughness": 3.0}}, {"type": "Feature", "geometry": {"type": "LineString", "coordinates": [[-56.9896273, -25.6514461], [-56.9910555, -25.6511538]]}, "properties": {"osmid": "133153150", "oneway": "False", "lanes": "2", "ref": "PY10", "name": "Ruta Nacional Las Residentas", "highway": "trunk", "length": 146.801, "maxspeed": NaN, "bridge": NaN, "access": NaN, "tunnel": NaN, "junction": NaN, "width": NaN, "service": NaN, "roughness": 3.0}}, {"type": "Feature", "geometry": {"type": "LineString", "coordinates": [[-56.9910555, -25.6511538], [-56.9925436, -25.6509125]]}, "properties": {"osmid": "133153150", "oneway": "False", "lanes": "2", "ref": "PY10", "name": "Ruta Nacional Las Residentas", "highway": "trunk", "length": 151.556, "maxspeed": NaN, "bridge": NaN, "access": NaN, "tunnel": NaN, "junction": NaN, "width": NaN, "service": NaN, "roughness": 3.0}}, {"type": "Feature", "geometry": {"type": "LineString", "coordinates": [[-56.9925436, -25.6509125], [-56.9928504, -25.6508835]]}, "properties": {"osmid": "133153150", "oneway": "False", "lanes": "2", "ref": "PY10", "name": "Ruta Nacional Las Residentas", "highway": "trunk", "length": 30.921, "maxspeed": NaN, "bridge": NaN, "access": NaN, "tunnel": NaN, "junction": NaN, "width": NaN, "service": NaN, "roughness": 3.0}}, {"type": "Feature", "geometry": {"type": "LineString", "coordinates": [[-56.9928504, -25.6508835], [-56.9933671, -25.6507906]]}, "properties": {"osmid": "133153150", "oneway": "False", "lanes": "2", "ref": "PY10", "name": "Ruta Nacional Las Residentas", "highway": "trunk", "length": 52.812, "maxspeed": NaN, "bridge": NaN, "access": NaN, "tunnel": NaN, "junction": NaN, "width": NaN, "service": NaN, "roughness": 3.0}}, {"type": "Feature", "geometry": {"type": "LineString", "coordinates": [[-56.9933671, -25.6507906], [-56.9944657, -25.6506586]]}, "properties": {"osmid": "133153150", "oneway": "False", "lanes": "2", "ref": "PY10", "name": "Ruta Nacional Las Residentas", "highway": "trunk", "length": 111.094, "maxspeed": NaN, "bridge": NaN, "access": NaN, "tunnel": NaN, "junction": NaN, "width": NaN, "service": NaN, "roughness": 3.0}}, {"type": "Feature", "geometry": {"type": "LineString", "coordinates": [[-56.9944657, -25.6506586], [-56.995425, -25.650566]]}, "properties": {"osmid": "133153150", "oneway": "False", "lanes": "2", "ref": "PY10", "name": "Ruta Nacional Las Residentas", "highway": "trunk", "length": 96.707, "maxspeed": NaN, "bridge": NaN, "access": NaN, "tunnel": NaN, "junction": NaN, "width": NaN, "service": NaN, "roughness": 3.0}}, {"type": "Feature", "geometry": {"type": "LineString", "coordinates": [[-56.995425, -25.650566], [-56.9959849, -25.6505358]]}, "properties": {"osmid": "133153150", "oneway": "False", "lanes": "2", "ref": "PY10", "name": "Ruta Nacional Las Residentas", "highway": "trunk", "length": 56.223, "maxspeed": NaN, "bridge": NaN, "access": NaN, "tunnel": NaN, "junction": NaN, "width": NaN, "service": NaN, "roughness": 3.0}}, {"type": "Feature", "geometry": {"type": "LineString", "coordinates": [[-56.9959849, -25.6505358], [-56.996583, -25.650473]]}, "properties": {"osmid": "133153150", "oneway": "False", "lanes": "2", "ref": "PY10", "name": "Ruta Nacional Las Residentas", "highway": "trunk", "length": 60.357, "maxspeed": NaN, "bridge": NaN, "access": NaN, "tunnel": NaN, "junction": NaN, "width": NaN, "service": NaN, "roughness": 3.0}}, {"type": "Feature", "geometry": {"type": "LineString", "coordinates": [[-56.996583, -25.650473], [-56.9976505, -25.6502558]]}, "properties": {"osmid": "133153150", "oneway": "False", "lanes": "2", "ref": "PY10", "name": "Ruta Nacional Las Residentas", "highway": "trunk", "length": 109.695, "maxspeed": NaN, "bridge": NaN, "access": NaN, "tunnel": NaN, "junction": NaN, "width": NaN, "service": NaN, "roughness": 3.0}}, {"type": "Feature", "geometry": {"type": "LineString", "coordinates": [[-56.9976505, -25.6502558], [-56.9982894, -25.6500919]]}, "properties": {"osmid": "133153150", "oneway": "False", "lanes": "2", "ref": "PY10", "name": "Ruta Nacional Las Residentas", "highway": "trunk", "length": 66.584, "maxspeed": NaN, "bridge": NaN, "access": NaN, "tunnel": NaN, "junction": NaN, "width": NaN, "service": NaN, "roughness": 3.0}}, {"type": "Feature", "geometry": {"type": "LineString", "coordinates": [[-56.9982894, -25.6500919], [-56.9995833, -25.6497036]]}, "properties": {"osmid": "164340817", "oneway": "False", "lanes": "2", "ref": "PY10", "name": "Ruta Nacional Las Residentas", "highway": "trunk", "length": 136.695, "maxspeed": NaN, "bridge": NaN, "access": NaN, "tunnel": NaN, "junction": NaN, "width": NaN, "service": NaN, "roughness": 3.0}}, {"type": "Feature", "geometry": {"type": "LineString", "coordinates": [[-56.9995833, -25.6497036], [-57.0007055, -25.6494212]]}, "properties": {"osmid": "164340817", "oneway": "False", "lanes": "2", "ref": "PY10", "name": "Ruta Nacional Las Residentas", "highway": "trunk", "length": 116.788, "maxspeed": NaN, "bridge": NaN, "access": NaN, "tunnel": NaN, "junction": NaN, "width": NaN, "service": NaN, "roughness": 3.0}}, {"type": "Feature", "geometry": {"type": "LineString", "coordinates": [[-57.0007055, -25.6494212], [-57.0015982, -25.6492495]]}, "properties": {"osmid": "164340817", "oneway": "False", "lanes": "2", "ref": "PY10", "name": "Ruta Nacional Las Residentas", "highway": "trunk", "length": 91.497, "maxspeed": NaN, "bridge": NaN, "access": NaN, "tunnel": NaN, "junction": NaN, "width": NaN, "service": NaN, "roughness": 3.0}}, {"type": "Feature", "geometry": {"type": "LineString", "coordinates": [[-57.0015982, -25.6492495], [-57.002412, -25.6491131]]}, "properties": {"osmid": "164340817", "oneway": "False", "lanes": "2", "ref": "PY10", "name": "Ruta Nacional Las Residentas", "highway": "trunk", "length": 82.972, "maxspeed": NaN, "bridge": NaN, "access": NaN, "tunnel": NaN, "junction": NaN, "width": NaN, "service": NaN, "roughness": 3.0}}, {"type": "Feature", "geometry": {"type": "LineString", "coordinates": [[-57.002412, -25.6491131], [-57.0031083, -25.6490532]]}, "properties": {"osmid": "164340817", "oneway": "False", "lanes": "2", "ref": "PY10", "name": "Ruta Nacional Las Residentas", "highway": "trunk", "length": 70.113, "maxspeed": NaN, "bridge": NaN, "access": NaN, "tunnel": NaN, "junction": NaN, "width": NaN, "service": NaN, "roughness": 3.0}}, {"type": "Feature", "geometry": {"type": "LineString", "coordinates": [[-57.0031083, -25.6490532], [-57.0036801, -25.6490266]]}, "properties": {"osmid": "164340817", "oneway": "False", "lanes": "2", "ref": "PY10", "name": "Ruta Nacional Las Residentas", "highway": "trunk", "length": 57.392, "maxspeed": NaN, "bridge": NaN, "access": NaN, "tunnel": NaN, "junction": NaN, "width": NaN, "service": NaN, "roughness": 3.0}}, {"type": "Feature", "geometry": {"type": "LineString", "coordinates": [[-57.0036801, -25.6490266], [-57.0052272, -25.6489971]]}, "properties": {"osmid": "164340817", "oneway": "False", "lanes": "2", "ref": "PY10", "name": "Ruta Nacional Las Residentas", "highway": "trunk", "length": 155.113, "maxspeed": NaN, "bridge": NaN, "access": NaN, "tunnel": NaN, "junction": NaN, "width": NaN, "service": NaN, "roughness": 3.0}}, {"type": "Feature", "geometry": {"type": "LineString", "coordinates": [[-57.0052272, -25.6489971], [-57.0063275, -25.6489129]]}, "properties": {"osmid": "164340817", "oneway": "False", "lanes": "2", "ref": "PY10", "name": "Ruta Nacional Las Residentas", "highway": "trunk", "length": 110.689, "maxspeed": NaN, "bridge": NaN, "access": NaN, "tunnel": NaN, "junction": NaN, "width": NaN, "service": NaN, "roughness": 3.0}}, {"type": "Feature", "geometry": {"type": "LineString", "coordinates": [[-57.0063275, -25.6489129], [-57.0069546, -25.6487915]]}, "properties": {"osmid": "164340817", "oneway": "False", "lanes": "2", "ref": "PY10", "name": "Ruta Nacional Las Residentas", "highway": "trunk", "length": 64.293, "maxspeed": NaN, "bridge": NaN, "access": NaN, "tunnel": NaN, "junction": NaN, "width": NaN, "service": NaN, "roughness": 3.0}}, {"type": "Feature", "geometry": {"type": "LineString", "coordinates": [[-57.0069546, -25.6487915], [-57.007556, -25.648593]]}, "properties": {"osmid": "164340817", "oneway": "False", "lanes": "2", "ref": "PY10", "name": "Ruta Nacional Las Residentas", "highway": "trunk", "length": 64.197, "maxspeed": NaN, "bridge": NaN, "access": NaN, "tunnel": NaN, "junction": NaN, "width": NaN, "service": NaN, "roughness": 3.0}}, {"type": "Feature", "geometry": {"type": "LineString", "coordinates": [[-57.007556, -25.648593], [-57.0092194, -25.6480033]]}, "properties": {"osmid": "164340817", "oneway": "False", "lanes": "2", "ref": "PY10", "name": "Ruta Nacional Las Residentas", "highway": "trunk", "length": 179.167, "maxspeed": NaN, "bridge": NaN, "access": NaN, "tunnel": NaN, "junction": NaN, "width": NaN, "service": NaN, "roughness": 3.0}}, {"type": "Feature", "geometry": {"type": "LineString", "coordinates": [[-57.0092194, -25.6480033], [-57.009299, -25.6482017]]}, "properties": {"osmid": "164345423", "oneway": "False", "lanes": "2", "ref": NaN, "name": NaN, "highway": "unclassified", "length": 23.46, "maxspeed": NaN, "bridge": NaN, "access": NaN, "tunnel": NaN, "junction": NaN, "width": NaN, "service": NaN, "roughness": 3.0}}, {"type": "Feature", "geometry": {"type": "LineString", "coordinates": [[-57.009299, -25.6482017], [-57.0099286, -25.6497708]]}, "properties": {"osmid": "164345423", "oneway": "False", "lanes": "2", "ref": NaN, "name": NaN, "highway": "unclassified", "length": 185.539, "maxspeed": NaN, "bridge": NaN, "access": NaN, "tunnel": NaN, "junction": NaN, "width": NaN, "service": NaN, "roughness": 3.0}}, {"type": "Feature", "geometry": {"type": "LineString", "coordinates": [[-57.0099286, -25.6497708], [-57.0114601, -25.6538905]]}, "properties": {"osmid": "164345423", "oneway": "False", "lanes": "2", "ref": NaN, "name": NaN, "highway": "unclassified", "length": 483.128, "maxspeed": NaN, "bridge": NaN, "access": NaN, "tunnel": NaN, "junction": NaN, "width": NaN, "service": NaN, "roughness": 3.0}}, {"type": "Feature", "geometry": {"type": "LineString", "coordinates": [[-57.0114601, -25.6538905], [-57.0115888, -25.6542096]]}, "properties": {"osmid": "164345423", "oneway": "False", "lanes": "2", "ref": NaN, "name": NaN, "highway": "unclassified", "length": 37.755, "maxspeed": NaN, "bridge": NaN, "access": NaN, "tunnel": NaN, "junction": NaN, "width": NaN, "service": NaN, "roughness": 3.0}}, {"type": "Feature", "geometry": {"type": "LineString", "coordinates": [[-57.0115888, -25.6542096], [-57.0116317, -25.6544611]]}, "properties": {"osmid": "164345423", "oneway": "False", "lanes": "2", "ref": NaN, "name": NaN, "highway": "unclassified", "length": 28.294, "maxspeed": NaN, "bridge": NaN, "access": NaN, "tunnel": NaN, "junction": NaN, "width": NaN, "service": NaN, "roughness": 3.0}}, {"type": "Feature", "geometry": {"type": "LineString", "coordinates": [[-57.0116317, -25.6544611], [-57.011621, -25.6547029]]}, "properties": {"osmid": "164345423", "oneway": "False", "lanes": "2", "ref": NaN, "name": NaN, "highway": "unclassified", "length": 26.908, "maxspeed": NaN, "bridge": NaN, "access": NaN, "tunnel": NaN, "junction": NaN, "width": NaN, "service": NaN, "roughness": 3.0}}, {"type": "Feature", "geometry": {"type": "LineString", "coordinates": [[-57.011621, -25.6547029], [-57.0115352, -25.6550704]]}, "properties": {"osmid": "164345423", "oneway": "False", "lanes": "2", "ref": NaN, "name": NaN, "highway": "unclassified", "length": 41.759, "maxspeed": NaN, "bridge": NaN, "access": NaN, "tunnel": NaN, "junction": NaN, "width": NaN, "service": NaN, "roughness": 3.0}}, {"type": "Feature", "geometry": {"type": "LineString", "coordinates": [[-57.0115352, -25.6550704], [-57.0114172, -25.6554379]]}, "properties": {"osmid": "164345423", "oneway": "False", "lanes": "2", "ref": NaN, "name": NaN, "highway": "unclassified", "length": 42.541, "maxspeed": NaN, "bridge": NaN, "access": NaN, "tunnel": NaN, "junction": NaN, "width": NaN, "service": NaN, "roughness": 3.0}}, {"type": "Feature", "geometry": {"type": "LineString", "coordinates": [[-57.0114172, -25.6554379], [-57.0111362, -25.6561383]]}, "properties": {"osmid": "164345423", "oneway": "False", "lanes": "2", "ref": NaN, "name": NaN, "highway": "unclassified", "length": 82.818, "maxspeed": NaN, "bridge": NaN, "access": NaN, "tunnel": NaN, "junction": NaN, "width": NaN, "service": NaN, "roughness": 3.0}}, {"type": "Feature", "geometry": {"type": "LineString", "coordinates": [[-57.0111362, -25.6561383], [-57.0109404, -25.6565067]]}, "properties": {"osmid": "164345423", "oneway": "False", "lanes": "2", "ref": NaN, "name": NaN, "highway": "unclassified", "length": 45.423, "maxspeed": NaN, "bridge": NaN, "access": NaN, "tunnel": NaN, "junction": NaN, "width": NaN, "service": NaN, "roughness": 3.0}}, {"type": "Feature", "geometry": {"type": "LineString", "coordinates": [[-57.0109404, -25.6565067], [-57.0060687, -25.6638551]]}, "properties": {"osmid": "164345423", "oneway": "False", "lanes": "2", "ref": NaN, "name": NaN, "highway": "unclassified", "length": 951.885, "maxspeed": NaN, "bridge": NaN, "access": NaN, "tunnel": NaN, "junction": NaN, "width": NaN, "service": NaN, "roughness": 3.0}}, {"type": "Feature", "geometry": {"type": "LineString", "coordinates": [[-57.0060687, -25.6638551], [-57.005822, -25.6642613]]}, "properties": {"osmid": "164345423", "oneway": "False", "lanes": "2", "ref": NaN, "name": NaN, "highway": "unclassified", "length": 51.492, "maxspeed": NaN, "bridge": NaN, "access": NaN, "tunnel": NaN, "junction": NaN, "width": NaN, "service": NaN, "roughness": 3.0}}, {"type": "Feature", "geometry": {"type": "LineString", "coordinates": [[-57.005822, -25.6642613], [-57.0057254, -25.664503]]}, "properties": {"osmid": "164345423", "oneway": "False", "lanes": "2", "ref": NaN, "name": NaN, "highway": "unclassified", "length": 28.567, "maxspeed": NaN, "bridge": NaN, "access": NaN, "tunnel": NaN, "junction": NaN, "width": NaN, "service": NaN, "roughness": 3.0}}, {"type": "Feature", "geometry": {"type": "LineString", "coordinates": [[-57.0057254, -25.664503], [-57.005704, -25.6646771]]}, "properties": {"osmid": "164345423", "oneway": "False", "lanes": "2", "ref": NaN, "name": NaN, "highway": "unclassified", "length": 19.478, "maxspeed": NaN, "bridge": NaN, "access": NaN, "tunnel": NaN, "junction": NaN, "width": NaN, "service": NaN, "roughness": 3.0}}, {"type": "Feature", "geometry": {"type": "LineString", "coordinates": [[-57.005704, -25.6646771], [-57.0057404, -25.6649014]]}, "properties": {"osmid": "164345423", "oneway": "False", "lanes": "2", "ref": NaN, "name": NaN, "highway": "unclassified", "length": 25.206, "maxspeed": NaN, "bridge": NaN, "access": NaN, "tunnel": NaN, "junction": NaN, "width": NaN, "service": NaN, "roughness": 3.0}}, {"type": "Feature", "geometry": {"type": "LineString", "coordinates": [[-57.0057404, -25.6649014], [-57.0075473, -25.6684694]]}, "properties": {"osmid": "164345423", "oneway": "False", "lanes": "2", "ref": NaN, "name": NaN, "highway": "unclassified", "length": 436.12, "maxspeed": NaN, "bridge": NaN, "access": NaN, "tunnel": NaN, "junction": NaN, "width": NaN, "service": NaN, "roughness": 3.0}}, {"type": "Feature", "geometry": {"type": "LineString", "coordinates": [[-57.0075473, -25.6684694], [-57.0076009, -25.6686821]]}, "properties": {"osmid": "164345423", "oneway": "False", "lanes": "2", "ref": NaN, "name": NaN, "highway": "unclassified", "length": 24.254, "maxspeed": NaN, "bridge": NaN, "access": NaN, "tunnel": NaN, "junction": NaN, "width": NaN, "service": NaN, "roughness": 3.0}}, {"type": "Feature", "geometry": {"type": "LineString", "coordinates": [[-57.0076009, -25.6686821], [-57.0075902, -25.6688755]]}, "properties": {"osmid": "164345423", "oneway": "False", "lanes": "2", "ref": NaN, "name": NaN, "highway": "unclassified", "length": 21.532, "maxspeed": NaN, "bridge": NaN, "access": NaN, "tunnel": NaN, "junction": NaN, "width": NaN, "service": NaN, "roughness": 3.0}}, {"type": "Feature", "geometry": {"type": "LineString", "coordinates": [[-57.0075902, -25.6688755], [-57.0075258, -25.6690979]]}, "properties": {"osmid": "164345423", "oneway": "False", "lanes": "2", "ref": NaN, "name": NaN, "highway": "unclassified", "length": 25.558, "maxspeed": NaN, "bridge": NaN, "access": NaN, "tunnel": NaN, "junction": NaN, "width": NaN, "service": NaN, "roughness": 3.0}}, {"type": "Feature", "geometry": {"type": "LineString", "coordinates": [[-57.0075258, -25.6690979], [-57.0073756, -25.669359]]}, "properties": {"osmid": "164345423", "oneway": "False", "lanes": "2", "ref": NaN, "name": NaN, "highway": "unclassified", "length": 32.703, "maxspeed": NaN, "bridge": NaN, "access": NaN, "tunnel": NaN, "junction": NaN, "width": NaN, "service": NaN, "roughness": 3.0}}, {"type": "Feature", "geometry": {"type": "LineString", "coordinates": [[-57.0073756, -25.669359], [-57.0070645, -25.6696975]]}, "properties": {"osmid": "164345423", "oneway": "False", "lanes": "2", "ref": NaN, "name": NaN, "highway": "unclassified", "length": 48.876, "maxspeed": NaN, "bridge": NaN, "access": NaN, "tunnel": NaN, "junction": NaN, "width": NaN, "service": NaN, "roughness": 3.0}}, {"type": "Feature", "geometry": {"type": "LineString", "coordinates": [[-57.0070645, -25.6696975], [-57.0025904, -25.6740007]]}, "properties": {"osmid": "164345423", "oneway": "False", "lanes": "2", "ref": NaN, "name": NaN, "highway": "unclassified", "length": 655.752, "maxspeed": NaN, "bridge": NaN, "access": NaN, "tunnel": NaN, "junction": NaN, "width": NaN, "service": NaN, "roughness": 3.0}}, {"type": "Feature", "geometry": {"type": "LineString", "coordinates": [[-57.0025904, -25.6740007], [-57.0024294, -25.674194]]}, "properties": {"osmid": "164345423", "oneway": "False", "lanes": "2", "ref": NaN, "name": NaN, "highway": "unclassified", "length": 26.876, "maxspeed": NaN, "bridge": NaN, "access": NaN, "tunnel": NaN, "junction": NaN, "width": NaN, "service": NaN, "roughness": 3.0}}, {"type": "Feature", "geometry": {"type": "LineString", "coordinates": [[-57.0024294, -25.674194], [-57.0023114, -25.6744068]]}, "properties": {"osmid": "164345423", "oneway": "False", "lanes": "2", "ref": NaN, "name": NaN, "highway": "unclassified", "length": 26.453, "maxspeed": NaN, "bridge": NaN, "access": NaN, "tunnel": NaN, "junction": NaN, "width": NaN, "service": NaN, "roughness": 3.0}}, {"type": "Feature", "geometry": {"type": "LineString", "coordinates": [[-57.0023114, -25.6744068], [-57.0020669, -25.6753813]]}, "properties": {"osmid": "164345423", "oneway": "False", "lanes": "2", "ref": NaN, "name": NaN, "highway": "unclassified", "length": 111.095, "maxspeed": NaN, "bridge": NaN, "access": NaN, "tunnel": NaN, "junction": NaN, "width": NaN, "service": NaN, "roughness": 3.0}}, {"type": "Feature", "geometry": {"type": "LineString", "coordinates": [[-57.0020669, -25.6753813], [-57.0019703, -25.6757004]]}, "properties": {"osmid": "164345423", "oneway": "False", "lanes": "2", "ref": NaN, "name": NaN, "highway": "unclassified", "length": 36.779, "maxspeed": NaN, "bridge": NaN, "access": NaN, "tunnel": NaN, "junction": NaN, "width": NaN, "service": NaN, "roughness": 3.0}}, {"type": "Feature", "geometry": {"type": "LineString", "coordinates": [[-57.0019703, -25.6757004], [-57.0018201, -25.6759712]]}, "properties": {"osmid": "164345423", "oneway": "False", "lanes": "2", "ref": NaN, "name": NaN, "highway": "unclassified", "length": 33.664, "maxspeed": NaN, "bridge": NaN, "access": NaN, "tunnel": NaN, "junction": NaN, "width": NaN, "service": NaN, "roughness": 3.0}}, {"type": "Feature", "geometry": {"type": "LineString", "coordinates": [[-57.0018201, -25.6759712], [-56.9979016, -25.6802473]]}, "properties": {"osmid": "164345423", "oneway": "False", "lanes": "2", "ref": NaN, "name": NaN, "highway": "unclassified", "length": 616.673, "maxspeed": NaN, "bridge": NaN, "access": NaN, "tunnel": NaN, "junction": NaN, "width": NaN, "service": NaN, "roughness": 3.0}}, {"type": "Feature", "geometry": {"type": "LineString", "coordinates": [[-56.9979016, -25.6802473], [-56.9977567, -25.6804069]]}, "properties": {"osmid": "164345423", "oneway": "False", "lanes": "2", "ref": NaN, "name": NaN, "highway": "unclassified", "length": 22.93, "maxspeed": NaN, "bridge": NaN, "access": NaN, "tunnel": NaN, "junction": NaN, "width": NaN, "service": NaN, "roughness": 3.0}}, {"type": "Feature", "geometry": {"type": "LineString", "coordinates": [[-56.9977567, -25.6804069], [-56.9976387, -25.6805882]]}, "properties": {"osmid": "164345423", "oneway": "False", "lanes": "2", "ref": NaN, "name": NaN, "highway": "unclassified", "length": 23.372, "maxspeed": NaN, "bridge": NaN, "access": NaN, "tunnel": NaN, "junction": NaN, "width": NaN, "service": NaN, "roughness": 3.0}}, {"type": "Feature", "geometry": {"type": "LineString", "coordinates": [[-56.9976387, -25.6805882], [-56.9960958, -25.6833417]]}, "properties": {"osmid": "164345423", "oneway": "False", "lanes": "2", "ref": NaN, "name": NaN, "highway": "unclassified", "length": 343.0, "maxspeed": NaN, "bridge": NaN, "access": NaN, "tunnel": NaN, "junction": NaN, "width": NaN, "service": NaN, "roughness": 3.0}}, {"type": "Feature", "geometry": {"type": "LineString", "coordinates": [[-56.9960958, -25.6833417], [-56.9953739, -25.6846515]]}, "properties": {"osmid": "164345423", "oneway": "False", "lanes": "2", "ref": NaN, "name": NaN, "highway": "unclassified", "length": 162.62, "maxspeed": NaN, "bridge": NaN, "access": NaN, "tunnel": NaN, "junction": NaN, "width": NaN, "service": NaN, "roughness": 3.0}}, {"type": "Feature", "geometry": {"type": "LineString", "coordinates": [[-56.9953739, -25.6846515], [-56.9951821, -25.6850542]]}, "properties": {"osmid": "164345423", "oneway": "False", "lanes": "2", "ref": NaN, "name": NaN, "highway": "unclassified", "length": 48.729, "maxspeed": NaN, "bridge": NaN, "access": NaN, "tunnel": NaN, "junction": NaN, "width": NaN, "service": NaN, "roughness": 3.0}}, {"type": "Feature", "geometry": {"type": "LineString", "coordinates": [[-56.9951821, -25.6850542], [-56.9950465, -25.6853516]]}, "properties": {"osmid": "164345423", "oneway": "False", "lanes": "2", "ref": NaN, "name": NaN, "highway": "unclassified", "length": 35.752, "maxspeed": NaN, "bridge": NaN, "access": NaN, "tunnel": NaN, "junction": NaN, "width": NaN, "service": NaN, "roughness": 3.0}}, {"type": "Feature", "geometry": {"type": "LineString", "coordinates": [[-56.9950465, -25.6853516], [-56.994998, -25.6855875]]}, "properties": {"osmid": "164345423", "oneway": "False", "lanes": "2", "ref": NaN, "name": NaN, "highway": "unclassified", "length": 26.677, "maxspeed": NaN, "bridge": NaN, "access": NaN, "tunnel": NaN, "junction": NaN, "width": NaN, "service": NaN, "roughness": 3.0}}, {"type": "Feature", "geometry": {"type": "LineString", "coordinates": [[-56.994998, -25.6855875], [-56.9949653, -25.6858432]]}, "properties": {"osmid": "164345423", "oneway": "False", "lanes": "2", "ref": NaN, "name": NaN, "highway": "unclassified", "length": 28.621, "maxspeed": NaN, "bridge": NaN, "access": NaN, "tunnel": NaN, "junction": NaN, "width": NaN, "service": NaN, "roughness": 3.0}}, {"type": "Feature", "geometry": {"type": "LineString", "coordinates": [[-56.9949653, -25.6858432], [-56.9948767, -25.6881567]]}, "properties": {"osmid": "164345423", "oneway": "False", "lanes": "2", "ref": NaN, "name": NaN, "highway": "unclassified", "length": 257.403, "maxspeed": NaN, "bridge": NaN, "access": NaN, "tunnel": NaN, "junction": NaN, "width": NaN, "service": NaN, "roughness": 3.0}}, {"type": "Feature", "geometry": {"type": "LineString", "coordinates": [[-56.9948767, -25.6881567], [-56.994866, -25.6883887]]}, "properties": {"osmid": "164345423", "oneway": "False", "lanes": "2", "ref": NaN, "name": NaN, "highway": "unclassified", "length": 25.82, "maxspeed": NaN, "bridge": NaN, "access": NaN, "tunnel": NaN, "junction": NaN, "width": NaN, "service": NaN, "roughness": 3.0}}, {"type": "Feature", "geometry": {"type": "LineString", "coordinates": [[-56.994866, -25.6883887], [-56.994807, -25.6890171]]}, "properties": {"osmid": "164345423", "oneway": "False", "lanes": "2", "ref": NaN, "name": NaN, "highway": "unclassified", "length": 70.125, "maxspeed": NaN, "bridge": NaN, "access": NaN, "tunnel": NaN, "junction": NaN, "width": NaN, "service": NaN, "roughness": 3.0}}, {"type": "Feature", "geometry": {"type": "LineString", "coordinates": [[-56.994807, -25.6890171], [-56.9947641, -25.6893024]]}, "properties": {"osmid": "164345423", "oneway": "False", "lanes": "2", "ref": NaN, "name": NaN, "highway": "unclassified", "length": 32.014, "maxspeed": NaN, "bridge": NaN, "access": NaN, "tunnel": NaN, "junction": NaN, "width": NaN, "service": NaN, "roughness": 3.0}}, {"type": "Feature", "geometry": {"type": "LineString", "coordinates": [[-56.9947641, -25.6893024], [-56.9946997, -25.6895924]]}, "properties": {"osmid": "164345423", "oneway": "False", "lanes": "2", "ref": NaN, "name": NaN, "highway": "unclassified", "length": 32.886, "maxspeed": NaN, "bridge": NaN, "access": NaN, "tunnel": NaN, "junction": NaN, "width": NaN, "service": NaN, "roughness": 3.0}}, {"type": "Feature", "geometry": {"type": "LineString", "coordinates": [[-56.9946997, -25.6895924], [-56.9939695, -25.6934065]]}, "properties": {"osmid": "164345423", "oneway": "False", "lanes": "2", "ref": NaN, "name": NaN, "highway": "unclassified", "length": 430.374, "maxspeed": NaN, "bridge": NaN, "access": NaN, "tunnel": NaN, "junction": NaN, "width": NaN, "service": NaN, "roughness": 3.0}}, {"type": "Feature", "geometry": {"type": "LineString", "coordinates": [[-56.9939695, -25.6934065], [-56.9937496, -25.6944941]]}, "properties": {"osmid": "164345423", "oneway": "False", "lanes": "2", "ref": NaN, "name": NaN, "highway": "unclassified", "length": 122.927, "maxspeed": NaN, "bridge": NaN, "access": NaN, "tunnel": NaN, "junction": NaN, "width": NaN, "service": NaN, "roughness": 3.0}}, {"type": "Feature", "geometry": {"type": "LineString", "coordinates": [[-56.9937496, -25.6944941], [-56.9937066, -25.6946731]]}, "properties": {"osmid": "164345423", "oneway": "False", "lanes": "2", "ref": NaN, "name": NaN, "highway": "unclassified", "length": 20.365, "maxspeed": NaN, "bridge": NaN, "access": NaN, "tunnel": NaN, "junction": NaN, "width": NaN, "service": NaN, "roughness": 3.0}}, {"type": "Feature", "geometry": {"type": "LineString", "coordinates": [[-56.9937066, -25.6946731], [-56.9933847, -25.69607]]}, "properties": {"osmid": "164345423", "oneway": "False", "lanes": "2", "ref": NaN, "name": NaN, "highway": "unclassified", "length": 158.642, "maxspeed": NaN, "bridge": NaN, "access": NaN, "tunnel": NaN, "junction": NaN, "width": NaN, "service": NaN, "roughness": 3.0}}, {"type": "Feature", "geometry": {"type": "LineString", "coordinates": [[-56.9933847, -25.69607], [-56.9931111, -25.6974235]]}, "properties": {"osmid": "164345423", "oneway": "False", "lanes": "2", "ref": NaN, "name": NaN, "highway": "unclassified", "length": 152.979, "maxspeed": NaN, "bridge": NaN, "access": NaN, "tunnel": NaN, "junction": NaN, "width": NaN, "service": NaN, "roughness": 3.0}}, {"type": "Feature", "geometry": {"type": "LineString", "coordinates": [[-56.9931111, -25.6974235], [-56.9930629, -25.6976217]]}, "properties": {"osmid": "164345423", "oneway": "False", "lanes": "2", "ref": NaN, "name": NaN, "highway": "unclassified", "length": 22.562, "maxspeed": NaN, "bridge": NaN, "access": NaN, "tunnel": NaN, "junction": NaN, "width": NaN, "service": NaN, "roughness": 3.0}}, {"type": "Feature", "geometry": {"type": "LineString", "coordinates": [[-56.9930629, -25.6976217], [-56.9929717, -25.6978537]]}, "properties": {"osmid": "164345423", "oneway": "False", "lanes": "2", "ref": NaN, "name": NaN, "highway": "unclassified", "length": 27.368, "maxspeed": NaN, "bridge": NaN, "access": NaN, "tunnel": NaN, "junction": NaN, "width": NaN, "service": NaN, "roughness": 3.0}}, {"type": "Feature", "geometry": {"type": "LineString", "coordinates": [[-56.9929717, -25.6978537], [-56.9924298, -25.6989857]]}, "properties": {"osmid": "164345423", "oneway": "False", "lanes": "2", "ref": NaN, "name": NaN, "highway": "unclassified", "length": 137.084, "maxspeed": NaN, "bridge": NaN, "access": NaN, "tunnel": NaN, "junction": NaN, "width": NaN, "service": NaN, "roughness": 3.0}}, {"type": "Feature", "geometry": {"type": "LineString", "coordinates": [[-56.9924298, -25.6989857], [-56.9923742, -25.6991301]]}, "properties": {"osmid": "164345423", "oneway": "False", "lanes": "2", "ref": NaN, "name": NaN, "highway": "unclassified", "length": 16.996, "maxspeed": NaN, "bridge": NaN, "access": NaN, "tunnel": NaN, "junction": NaN, "width": NaN, "service": NaN, "roughness": 3.0}}, {"type": "Feature", "geometry": {"type": "LineString", "coordinates": [[-56.9923742, -25.6991301], [-56.9923408, -25.6992216]]}, "properties": {"osmid": "164345489", "oneway": "False", "lanes": "2", "ref": NaN, "name": NaN, "highway": "unclassified", "length": 10.711, "maxspeed": NaN, "bridge": "yes", "access": NaN, "tunnel": NaN, "junction": NaN, "width": NaN, "service": NaN, "roughness": 3.0}}, {"type": "Feature", "geometry": {"type": "LineString", "coordinates": [[-56.9923408, -25.6992216], [-56.9922238, -25.6995491]]}, "properties": {"osmid": "164345502", "oneway": "False", "lanes": "2", "ref": NaN, "name": NaN, "highway": "unclassified", "length": 38.257, "maxspeed": NaN, "bridge": NaN, "access": NaN, "tunnel": NaN, "junction": NaN, "width": NaN, "service": NaN, "roughness": 3.0}}, {"type": "Feature", "geometry": {"type": "LineString", "coordinates": [[-56.9922238, -25.6995491], [-56.9921111, -25.6999588]]}, "properties": {"osmid": "164345502", "oneway": "False", "lanes": "2", "ref": NaN, "name": NaN, "highway": "unclassified", "length": 46.935, "maxspeed": NaN, "bridge": NaN, "access": NaN, "tunnel": NaN, "junction": NaN, "width": NaN, "service": NaN, "roughness": 3.0}}, {"type": "Feature", "geometry": {"type": "LineString", "coordinates": [[-56.9921111, -25.6999588], [-56.9920761, -25.7001663]]}, "properties": {"osmid": "164345502", "oneway": "False", "lanes": "2", "ref": NaN, "name": NaN, "highway": "unclassified", "length": 23.338, "maxspeed": NaN, "bridge": NaN, "access": NaN, "tunnel": NaN, "junction": NaN, "width": NaN, "service": NaN, "roughness": 3.0}}, {"type": "Feature", "geometry": {"type": "LineString", "coordinates": [[-56.9920761, -25.7001663], [-56.9920392, -25.7005236]]}, "properties": {"osmid": "164345502", "oneway": "False", "lanes": "2", "ref": NaN, "name": NaN, "highway": "unclassified", "length": 39.902, "maxspeed": NaN, "bridge": NaN, "access": NaN, "tunnel": NaN, "junction": NaN, "width": NaN, "service": NaN, "roughness": 3.0}}, {"type": "Feature", "geometry": {"type": "LineString", "coordinates": [[-56.9920392, -25.7005236], [-56.9919936, -25.7012436]]}, "properties": {"osmid": "164345502", "oneway": "False", "lanes": "2", "ref": NaN, "name": NaN, "highway": "unclassified", "length": 80.191, "maxspeed": NaN, "bridge": NaN, "access": NaN, "tunnel": NaN, "junction": NaN, "width": NaN, "service": NaN, "roughness": 3.0}}, {"type": "Feature", "geometry": {"type": "LineString", "coordinates": [[-56.9919936, -25.7012436], [-56.9919997, -25.7020032]]}, "properties": {"osmid": "164345502", "oneway": "False", "lanes": "2", "ref": NaN, "name": NaN, "highway": "unclassified", "length": 84.466, "maxspeed": NaN, "bridge": NaN, "access": NaN, "tunnel": NaN, "junction": NaN, "width": NaN, "service": NaN, "roughness": 3.0}}, {"type": "Feature", "geometry": {"type": "LineString", "coordinates": [[-56.9919997, -25.7020032], [-56.991945, -25.7037918]]}, "properties": {"osmid": "164345502", "oneway": "False", "lanes": "2", "ref": NaN, "name": NaN, "highway": "unclassified", "length": 198.959, "maxspeed": NaN, "bridge": NaN, "access": NaN, "tunnel": NaN, "junction": NaN, "width": NaN, "service": NaN, "roughness": 3.0}}, {"type": "Feature", "geometry": {"type": "LineString", "coordinates": [[-56.991945, -25.7037918], [-56.9918913, -25.7048771]]}, "properties": {"osmid": "164345502", "oneway": "False", "lanes": "2", "ref": NaN, "name": NaN, "highway": "unclassified", "length": 120.8, "maxspeed": NaN, "bridge": NaN, "access": NaN, "tunnel": NaN, "junction": NaN, "width": NaN, "service": NaN, "roughness": 3.0}}]}