{"type": "FeatureCollection", "features": [{"type": "Feature", "geometry": {"type": "LineString", "coordinates": [[-57.5820063, -25.0789332], [-57.5779079, -25.0791956]]}, "properties": {"osmid": "166359657", "oneway": "False", "lanes": NaN, "ref": NaN, "name": NaN, "highway": "unclassified", "length": 413.788, "maxspeed": NaN, "bridge": NaN, "access": NaN, "tunnel": NaN, "junction": NaN, "width": NaN, "service": NaN, "roughness": 4.0}}, {"type": "Feature", "geometry": {"type": "LineString", "coordinates": [[-57.5779079, -25.0791956], [-57.5732431, -25.0751559]]}, "properties": {"osmid": "166359657", "oneway": "False", "lanes": NaN, "ref": NaN, "name": NaN, "highway": "unclassified", "length": 649.997, "maxspeed": NaN, "bridge": NaN, "access": NaN, "tunnel": NaN, "junction": NaN, "width": NaN, "service": NaN, "roughness": 4.0}}, {"type": "Feature", "geometry": {"type": "LineString", "coordinates": [[-57.5732431, -25.0751559], [-57.5725277, -25.0745364]]}, "properties": {"osmid": "166359657", "oneway": "False", "lanes": NaN, "ref": NaN, "name": NaN, "highway": "unclassified", "length": 99.683, "maxspeed": NaN, "bridge": NaN, "access": NaN, "tunnel": NaN, "junction": NaN, "width": NaN, "service": NaN, "roughness": 4.0}}, {"type": "Feature", "geometry": {"type": "LineString", "coordinates": [[-57.5725277, -25.0745364], [-57.5714278, -25.0735544]]}, "properties": {"osmid": "166359657", "oneway": "False", "lanes": NaN, "ref": NaN, "name": NaN, "highway": "unclassified", "length": 155.547, "maxspeed": NaN, "bridge": NaN, "access": NaN, "tunnel": NaN, "junction": NaN, "width": NaN, "service": NaN, "roughness": 4.0}}, {"type": "Feature", "geometry": {"type": "LineString", "coordinates": [[-57.5714278, -25.0735544], [-57.5695287, -25.0718587]]}, "properties": {"osmid": "166359657", "oneway": "False", "lanes": NaN, "ref": NaN, "name": NaN, "highway": "unclassified", "length": 268.584, "maxspeed": NaN, "bridge": NaN, "access": NaN, "tunnel": NaN, "junction": NaN, "width": NaN, "service": NaN, "roughness": 4.0}}, {"type": "Feature", "geometry": {"type": "LineString", "coordinates": [[-57.5695287, -25.0718587], [-57.569461, -25.0718476]]}, "properties": {"osmid": "166359657", "oneway": "False", "lanes": NaN, "ref": NaN, "name": NaN, "highway": "unclassified", "length": 6.929, "maxspeed": NaN, "bridge": NaN, "access": NaN, "tunnel": NaN, "junction": NaN, "width": NaN, "service": NaN, "roughness": 4.0}}, {"type": "Feature", "geometry": {"type": "LineString", "coordinates": [[-57.569461, -25.0718476], [-57.5694106, -25.0718393]]}, "properties": {"osmid": "166359657", "oneway": "False", "lanes": NaN, "ref": NaN, "name": NaN, "highway": "unclassified", "length": 5.159, "maxspeed": NaN, "bridge": NaN, "access": NaN, "tunnel": NaN, "junction": NaN, "width": NaN, "service": NaN, "roughness": 4.0}}, {"type": "Feature", "geometry": {"type": "LineString", "coordinates": [[-57.5694106, -25.0718393], [-57.5692878, -25.0718864]]}, "properties": {"osmid": "166359657", "oneway": "False", "lanes": NaN, "ref": NaN, "name": NaN, "highway": "unclassified", "length": 13.431, "maxspeed": NaN, "bridge": NaN, "access": NaN, "tunnel": NaN, "junction": NaN, "width": NaN, "service": NaN, "roughness": 4.0}}, {"type": "Feature", "geometry": {"type": "LineString", "coordinates": [[-57.5692878, -25.0718864], [-57.5689006, -25.0721552]]}, "properties": {"osmid": "166359657", "oneway": "False", "lanes": NaN, "ref": NaN, "name": NaN, "highway": "unclassified", "length": 49.135, "maxspeed": NaN, "bridge": NaN, "access": NaN, "tunnel": NaN, "junction": NaN, "width": NaN, "service": NaN, "roughness": 4.0}}, {"type": "Feature", "geometry": {"type": "LineString", "coordinates": [[-57.5689006, -25.0721552], [-57.5654294, -25.0745652]]}, "properties": {"osmid": "166359657", "oneway": "False", "lanes": NaN, "ref": NaN, "name": NaN, "highway": "unclassified", "length": 440.499, "maxspeed": NaN, "bridge": NaN, "access": NaN, "tunnel": NaN, "junction": NaN, "width": NaN, "service": NaN, "roughness": 4.0}}, {"type": "Feature", "geometry": {"type": "LineString", "coordinates": [[-57.5654294, -25.0745652], [-57.5647068, -25.075067]]}, "properties": {"osmid": "166359657", "oneway": "False", "lanes": NaN, "ref": NaN, "name": NaN, "highway": "unclassified", "length": 91.705, "maxspeed": NaN, "bridge": NaN, "access": NaN, "tunnel": NaN, "junction": NaN, "width": NaN, "service": NaN, "roughness": 4.0}}, {"type": "Feature", "geometry": {"type": "LineString", "coordinates": [[-57.5647068, -25.075067], [-57.5636609, -25.0757931]]}, "properties": {"osmid": "166359657", "oneway": "False", "lanes": NaN, "ref": NaN, "name": NaN, "highway": "unclassified", "length": 132.721, "maxspeed": NaN, "bridge": NaN, "access": NaN, "tunnel": NaN, "junction": NaN, "width": NaN, "service": NaN, "roughness": 4.0}}, {"type": "Feature", "geometry": {"type": "LineString", "coordinates": [[-57.5636609, -25.0757931], [-57.5635736, -25.0757413]]}, "properties": {"osmid": "271794118", "oneway": "False", "lanes": NaN, "ref": NaN, "name": NaN, "highway": "unclassified", "length": 10.511, "maxspeed": NaN, "bridge": NaN, "access": NaN, "tunnel": NaN, "junction": NaN, "width": NaN, "service": NaN, "roughness": 4.0}}, {"type": "Feature", "geometry": {"type": "LineString", "coordinates": [[-57.5635736, -25.0757413], [-57.56299, -25.0754825]]}, "properties": {"osmid": "271794118", "oneway": "False", "lanes": NaN, "ref": NaN, "name": NaN, "highway": "unclassified", "length": 65.444, "maxspeed": NaN, "bridge": NaN, "access": NaN, "tunnel": NaN, "junction": NaN, "width": NaN, "service": NaN, "roughness": 4.0}}, {"type": "Feature", "geometry": {"type": "LineString", "coordinates": [[-57.56299, -25.0754825], [-57.5623426, -25.0751955]]}, "properties": {"osmid": "271794118", "oneway": "False", "lanes": NaN, "ref": NaN, "name": NaN, "highway": "unclassified", "length": 72.594, "maxspeed": NaN, "bridge": NaN, "access": NaN, "tunnel": NaN, "junction": NaN, "width": NaN, "service": NaN, "roughness": 4.0}}, {"type": "Feature", "geometry": {"type": "LineString", "coordinates": [[-57.5623426, -25.0751955], [-57.5616797, -25.0749016]]}, "properties": {"osmid": "271794118", "oneway": "False", "lanes": NaN, "ref": NaN, "name": NaN, "highway": "unclassified", "length": 74.333, "maxspeed": NaN, "bridge": NaN, "access": NaN, "tunnel": NaN, "junction": NaN, "width": NaN, "service": NaN, "roughness": 4.0}}, {"type": "Feature", "geometry": {"type": "LineString", "coordinates": [[-57.5616797, -25.0749016], [-57.5610135, -25.0746062]]}, "properties": {"osmid": "271794118", "oneway": "False", "lanes": NaN, "ref": NaN, "name": NaN, "highway": "unclassified", "length": 74.705, "maxspeed": NaN, "bridge": NaN, "access": NaN, "tunnel": NaN, "junction": NaN, "width": NaN, "service": NaN, "roughness": 4.0}}, {"type": "Feature", "geometry": {"type": "LineString", "coordinates": [[-57.5610135, -25.0746062], [-57.5603868, -25.0743187]]}, "properties": {"osmid": "271794118", "oneway": "False", "lanes": NaN, "ref": NaN, "name": NaN, "highway": "unclassified", "length": 70.753, "maxspeed": NaN, "bridge": NaN, "access": NaN, "tunnel": NaN, "junction": NaN, "width": NaN, "service": NaN, "roughness": 4.0}}, {"type": "Feature", "geometry": {"type": "LineString", "coordinates": [[-57.5603868, -25.0743187], [-57.559755, -25.0740288]]}, "properties": {"osmid": "271794118", "oneway": "False", "lanes": NaN, "ref": NaN, "name": NaN, "highway": "unclassified", "length": 71.332, "maxspeed": NaN, "bridge": NaN, "access": NaN, "tunnel": NaN, "junction": NaN, "width": NaN, "service": NaN, "roughness": 4.0}}, {"type": "Feature", "geometry": {"type": "LineString", "coordinates": [[-57.559755, -25.0740288], [-57.5537544, -25.0712758]]}, "properties": {"osmid": "271794118", "oneway": "False", "lanes": NaN, "ref": NaN, "name": NaN, "highway": "unclassified", "length": 677.47, "maxspeed": NaN, "bridge": NaN, "access": NaN, "tunnel": NaN, "junction": NaN, "width": NaN, "service": NaN, "roughness": 4.0}}, {"type": "Feature", "geometry": {"type": "LineString", "coordinates": [[-57.5537544, -25.0712758], [-57.5493687, -25.0692637]]}, "properties": {"osmid": "271794118", "oneway": "False", "lanes": NaN, "ref": NaN, "name": NaN, "highway": "unclassified", "length": 495.155, "maxspeed": NaN, "bridge": NaN, "access": NaN, "tunnel": NaN, "junction": NaN, "width": NaN, "service": NaN, "roughness": 4.0}}, {"type": "Feature", "geometry": {"type": "LineString", "coordinates": [[-57.5493687, -25.0692637], [-57.5487566, -25.069043]]}, "properties": {"osmid": "271794118", "oneway": "False", "lanes": NaN, "ref": NaN, "name": NaN, "highway": "unclassified", "length": 66.356, "maxspeed": NaN, "bridge": NaN, "access": NaN, "tunnel": NaN, "junction": NaN, "width": NaN, "service": NaN, "roughness": 4.0}}, {"type": "Feature", "geometry": {"type": "LineString", "coordinates": [[-57.5487566, -25.069043], [-57.5482799, -25.0688711]]}, "properties": {"osmid": "271794118", "oneway": "False", "lanes": NaN, "ref": NaN, "name": NaN, "highway": "unclassified", "length": 51.678, "maxspeed": NaN, "bridge": NaN, "access": NaN, "tunnel": NaN, "junction": NaN, "width": NaN, "service": NaN, "roughness": 4.0}}, {"type": "Feature", "geometry": {"type": "LineString", "coordinates": [[-57.5482799, -25.0688711], [-57.5481595, -25.0688396]]}, "properties": {"osmid": "271794118", "oneway": "False", "lanes": NaN, "ref": NaN, "name": NaN, "highway": "unclassified", "length": 12.622, "maxspeed": NaN, "bridge": NaN, "access": NaN, "tunnel": NaN, "junction": NaN, "width": NaN, "service": NaN, "roughness": 4.0}}, {"type": "Feature", "geometry": {"type": "LineString", "coordinates": [[-57.5481595, -25.0688396], [-57.5480729, -25.068817]]}, "properties": {"osmid": "271794118", "oneway": "False", "lanes": NaN, "ref": NaN, "name": NaN, "highway": "unclassified", "length": 9.077, "maxspeed": NaN, "bridge": NaN, "access": NaN, "tunnel": NaN, "junction": NaN, "width": NaN, "service": NaN, "roughness": 4.0}}, {"type": "Feature", "geometry": {"type": "LineString", "coordinates": [[-57.5480729, -25.068817], [-57.5474427, -25.0686767]]}, "properties": {"osmid": "271794118", "oneway": "False", "lanes": NaN, "ref": NaN, "name": NaN, "highway": "unclassified", "length": 65.363, "maxspeed": NaN, "bridge": NaN, "access": NaN, "tunnel": NaN, "junction": NaN, "width": NaN, "service": NaN, "roughness": 4.0}}, {"type": "Feature", "geometry": {"type": "LineString", "coordinates": [[-57.5474427, -25.0686767], [-57.5449072, -25.0683157]]}, "properties": {"osmid": "271794118", "oneway": "False", "lanes": NaN, "ref": NaN, "name": NaN, "highway": "unclassified", "length": 258.513, "maxspeed": NaN, "bridge": NaN, "access": NaN, "tunnel": NaN, "junction": NaN, "width": NaN, "service": NaN, "roughness": 4.0}}, {"type": "Feature", "geometry": {"type": "LineString", "coordinates": [[-57.5449072, -25.0683157], [-57.5440108, -25.068187]]}, "properties": {"osmid": "271794118", "oneway": "False", "lanes": NaN, "ref": NaN, "name": NaN, "highway": "unclassified", "length": 91.413, "maxspeed": NaN, "bridge": NaN, "access": NaN, "tunnel": NaN, "junction": NaN, "width": NaN, "service": NaN, "roughness": 4.0}}, {"type": "Feature", "geometry": {"type": "LineString", "coordinates": [[-57.5440108, -25.068187], [-57.540548, -25.0676954]]}, "properties": {"osmid": "271794118", "oneway": "False", "lanes": NaN, "ref": NaN, "name": NaN, "highway": "unclassified", "length": 353.035, "maxspeed": NaN, "bridge": NaN, "access": NaN, "tunnel": NaN, "junction": NaN, "width": NaN, "service": NaN, "roughness": 4.0}}, {"type": "Feature", "geometry": {"type": "LineString", "coordinates": [[-57.540548, -25.0676954], [-57.5393906, -25.0675234]]}, "properties": {"osmid": "271794118", "oneway": "False", "lanes": NaN, "ref": NaN, "name": NaN, "highway": "unclassified", "length": 118.133, "maxspeed": NaN, "bridge": NaN, "access": NaN, "tunnel": NaN, "junction": NaN, "width": NaN, "service": NaN, "roughness": 4.0}}, {"type": "Feature", "geometry": {"type": "LineString", "coordinates": [[-57.5393906, -25.0675234], [-57.5376276, -25.0672589]]}, "properties": {"osmid": "271794118", "oneway": "False", "lanes": NaN, "ref": NaN, "name": NaN, "highway": "unclassified", "length": 179.991, "maxspeed": NaN, "bridge": NaN, "access": NaN, "tunnel": NaN, "junction": NaN, "width": NaN, "service": NaN, "roughness": 4.0}}, {"type": "Feature", "geometry": {"type": "LineString", "coordinates": [[-57.5376276, -25.0672589], [-57.5337151, -25.0666719]]}, "properties": {"osmid": "271794118", "oneway": "False", "lanes": NaN, "ref": NaN, "name": NaN, "highway": "unclassified", "length": 399.444, "maxspeed": NaN, "bridge": NaN, "access": NaN, "tunnel": NaN, "junction": NaN, "width": NaN, "service": NaN, "roughness": 4.0}}, {"type": "Feature", "geometry": {"type": "LineString", "coordinates": [[-57.5337151, -25.0666719], [-57.5334715, -25.066616]]}, "properties": {"osmid": "271794118", "oneway": "False", "lanes": NaN, "ref": NaN, "name": NaN, "highway": "unclassified", "length": 25.311, "maxspeed": NaN, "bridge": NaN, "access": NaN, "tunnel": NaN, "junction": NaN, "width": NaN, "service": NaN, "roughness": 4.0}}, {"type": "Feature", "geometry": {"type": "LineString", "coordinates": [[-57.5334715, -25.066616], [-57.5337212, -25.0655589]]}, "properties": {"osmid": "669357331", "oneway": "False", "lanes": "2", "ref": "PY09", "name": "Ruta Nacional Presidente Carlos Antonio L\u00f3pez", "highway": "trunk", "length": 120.205, "maxspeed": "40", "bridge": NaN, "access": NaN, "tunnel": NaN, "junction": NaN, "width": NaN, "service": NaN, "roughness": 4.0}}, {"type": "Feature", "geometry": {"type": "LineString", "coordinates": [[-57.5337212, -25.0655589], [-57.5338191, -25.0650278]]}, "properties": {"osmid": "669357331", "oneway": "False", "lanes": "2", "ref": "PY09", "name": "Ruta Nacional Presidente Carlos Antonio L\u00f3pez", "highway": "trunk", "length": 59.873, "maxspeed": "40", "bridge": NaN, "access": NaN, "tunnel": NaN, "junction": NaN, "width": NaN, "service": NaN, "roughness": 4.0}}, {"type": "Feature", "geometry": {"type": "LineString", "coordinates": [[-57.5338191, -25.0650278], [-57.5338824, -25.0645331]]}, "properties": {"osmid": "669357331", "oneway": "False", "lanes": "2", "ref": "PY09", "name": "Ruta Nacional Presidente Carlos Antonio L\u00f3pez", "highway": "trunk", "length": 55.376, "maxspeed": "40", "bridge": NaN, "access": NaN, "tunnel": NaN, "junction": NaN, "width": NaN, "service": NaN, "roughness": 4.0}}, {"type": "Feature", "geometry": {"type": "LineString", "coordinates": [[-57.5338824, -25.0645331], [-57.5339189, -25.0640712]]}, "properties": {"osmid": "669357331", "oneway": "False", "lanes": "2", "ref": "PY09", "name": "Ruta Nacional Presidente Carlos Antonio L\u00f3pez", "highway": "trunk", "length": 51.492, "maxspeed": "40", "bridge": NaN, "access": NaN, "tunnel": NaN, "junction": NaN, "width": NaN, "service": NaN, "roughness": 4.0}}, {"type": "Feature", "geometry": {"type": "LineString", "coordinates": [[-57.5339189, -25.0640712], [-57.5339642, -25.0635807]]}, "properties": {"osmid": "669357331", "oneway": "False", "lanes": "2", "ref": "PY09", "name": "Ruta Nacional Presidente Carlos Antonio L\u00f3pez", "highway": "trunk", "length": 54.732, "maxspeed": "40", "bridge": NaN, "access": NaN, "tunnel": NaN, "junction": NaN, "width": NaN, "service": NaN, "roughness": 4.0}}, {"type": "Feature", "geometry": {"type": "LineString", "coordinates": [[-57.5339642, -25.0635807], [-57.534022, -25.0624016]]}, "properties": {"osmid": "669357331", "oneway": "False", "lanes": "2", "ref": "PY09", "name": "Ruta Nacional Presidente Carlos Antonio L\u00f3pez", "highway": "trunk", "length": 131.239, "maxspeed": "40", "bridge": NaN, "access": NaN, "tunnel": NaN, "junction": NaN, "width": NaN, "service": NaN, "roughness": 4.0}}, {"type": "Feature", "geometry": {"type": "LineString", "coordinates": [[-57.534022, -25.0624016], [-57.5340836, -25.0618753]]}, "properties": {"osmid": "669357331", "oneway": "False", "lanes": "2", "ref": "PY09", "name": "Ruta Nacional Presidente Carlos Antonio L\u00f3pez", "highway": "trunk", "length": 58.85, "maxspeed": "40", "bridge": NaN, "access": NaN, "tunnel": NaN, "junction": NaN, "width": NaN, "service": NaN, "roughness": 4.0}}, {"type": "Feature", "geometry": {"type": "LineString", "coordinates": [[-57.5340836, -25.0618753], [-57.5341506, -25.0614865]]}, "properties": {"osmid": "669357331", "oneway": "False", "lanes": "2", "ref": "PY09", "name": "Ruta Nacional Presidente Carlos Antonio L\u00f3pez", "highway": "trunk", "length": 43.756, "maxspeed": "40", "bridge": NaN, "access": NaN, "tunnel": NaN, "junction": NaN, "width": NaN, "service": NaN, "roughness": 4.0}}, {"type": "Feature", "geometry": {"type": "LineString", "coordinates": [[-57.5341506, -25.0614865], [-57.5342609, -25.0611063]]}, "properties": {"osmid": "669357331", "oneway": "False", "lanes": "2", "ref": "PY09", "name": "Ruta Nacional Presidente Carlos Antonio L\u00f3pez", "highway": "trunk", "length": 43.712, "maxspeed": "40", "bridge": NaN, "access": NaN, "tunnel": NaN, "junction": NaN, "width": NaN, "service": NaN, "roughness": 4.0}}, {"type": "Feature", "geometry": {"type": "LineString", "coordinates": [[-57.5342609, -25.0611063], [-57.5344234, -25.0606123]]}, "properties": {"osmid": "669357331", "oneway": "False", "lanes": "2", "ref": "PY09", "name": "Ruta Nacional Presidente Carlos Antonio L\u00f3pez", "highway": "trunk", "length": 57.317, "maxspeed": "40", "bridge": NaN, "access": NaN, "tunnel": NaN, "junction": NaN, "width": NaN, "service": NaN, "roughness": 4.0}}, {"type": "Feature", "geometry": {"type": "LineString", "coordinates": [[-57.5344234, -25.0606123], [-57.5350746, -25.0589312]]}, "properties": {"osmid": "669357331", "oneway": "False", "lanes": "2", "ref": "PY09", "name": "Ruta Nacional Presidente Carlos Antonio L\u00f3pez", "highway": "trunk", "length": 198.105, "maxspeed": "40", "bridge": NaN, "access": NaN, "tunnel": NaN, "junction": NaN, "width": NaN, "service": NaN, "roughness": 4.0}}, {"type": "Feature", "geometry": {"type": "LineString", "coordinates": [[-57.5350746, -25.0589312], [-57.5352465, -25.0584759]]}, "properties": {"osmid": "669357331", "oneway": "False", "lanes": "2", "ref": "PY09", "name": "Ruta Nacional Presidente Carlos Antonio L\u00f3pez", "highway": "trunk", "length": 53.506, "maxspeed": "40", "bridge": NaN, "access": NaN, "tunnel": NaN, "junction": NaN, "width": NaN, "service": NaN, "roughness": 4.0}}, {"type": "Feature", "geometry": {"type": "LineString", "coordinates": [[-57.5352465, -25.0584759], [-57.5352734, -25.0584047]]}, "properties": {"osmid": "669357331", "oneway": "False", "lanes": "2", "ref": "PY09", "name": "Ruta Nacional Presidente Carlos Antonio L\u00f3pez", "highway": "trunk", "length": 8.368, "maxspeed": "40", "bridge": NaN, "access": NaN, "tunnel": NaN, "junction": NaN, "width": NaN, "service": NaN, "roughness": 4.0}}, {"type": "Feature", "geometry": {"type": "LineString", "coordinates": [[-57.5352734, -25.0584047], [-57.5354504, -25.0579712]]}, "properties": {"osmid": "669357331", "oneway": "False", "lanes": "2", "ref": "PY09", "name": "Ruta Nacional Presidente Carlos Antonio L\u00f3pez", "highway": "trunk", "length": 51.395, "maxspeed": "40", "bridge": NaN, "access": NaN, "tunnel": NaN, "junction": NaN, "width": NaN, "service": NaN, "roughness": 4.0}}, {"type": "Feature", "geometry": {"type": "LineString", "coordinates": [[-57.5354504, -25.0579712], [-57.5355769, -25.057712]]}, "properties": {"osmid": "669357331", "oneway": "False", "lanes": "2", "ref": "PY09", "name": "Ruta Nacional Presidente Carlos Antonio L\u00f3pez", "highway": "trunk", "length": 31.513, "maxspeed": "40", "bridge": NaN, "access": NaN, "tunnel": NaN, "junction": NaN, "width": NaN, "service": NaN, "roughness": 4.0}}, {"type": "Feature", "geometry": {"type": "LineString", "coordinates": [[-57.5355769, -25.057712], [-57.5356108, -25.0576425]]}, "properties": {"osmid": "669357331", "oneway": "False", "lanes": "2", "ref": "PY09", "name": "Ruta Nacional Presidente Carlos Antonio L\u00f3pez", "highway": "trunk", "length": 8.449, "maxspeed": "40", "bridge": NaN, "access": NaN, "tunnel": NaN, "junction": NaN, "width": NaN, "service": NaN, "roughness": 4.0}}, {"type": "Feature", "geometry": {"type": "LineString", "coordinates": [[-57.5356108, -25.0576425], [-57.5358104, -25.0572919]]}, "properties": {"osmid": "669357331", "oneway": "False", "lanes": "2", "ref": "PY09", "name": "Ruta Nacional Presidente Carlos Antonio L\u00f3pez", "highway": "trunk", "length": 43.864, "maxspeed": "40", "bridge": NaN, "access": NaN, "tunnel": NaN, "junction": NaN, "width": NaN, "service": NaN, "roughness": 4.0}}, {"type": "Feature", "geometry": {"type": "LineString", "coordinates": [[-57.5358104, -25.0572919], [-57.5362457, -25.0566484]]}, "properties": {"osmid": "669357331", "oneway": "False", "lanes": "2", "ref": "PY09", "name": "Ruta Nacional Presidente Carlos Antonio L\u00f3pez", "highway": "trunk", "length": 83.92, "maxspeed": "40", "bridge": NaN, "access": NaN, "tunnel": NaN, "junction": NaN, "width": NaN, "service": NaN, "roughness": 4.0}}, {"type": "Feature", "geometry": {"type": "LineString", "coordinates": [[-57.5362457, -25.0566484], [-57.5375224, -25.0547607]]}, "properties": {"osmid": "669357331", "oneway": "False", "lanes": "2", "ref": "PY09", "name": "Ruta Nacional Presidente Carlos Antonio L\u00f3pez", "highway": "trunk", "length": 246.167, "maxspeed": "40", "bridge": NaN, "access": NaN, "tunnel": NaN, "junction": NaN, "width": NaN, "service": NaN, "roughness": 4.0}}, {"type": "Feature", "geometry": {"type": "LineString", "coordinates": [[-57.5375224, -25.0547607], [-57.5394874, -25.0518342]]}, "properties": {"osmid": "669357331", "oneway": "False", "lanes": "2", "ref": "PY09", "name": "Ruta Nacional Presidente Carlos Antonio L\u00f3pez", "highway": "trunk", "length": 380.886, "maxspeed": "40", "bridge": NaN, "access": NaN, "tunnel": NaN, "junction": NaN, "width": NaN, "service": NaN, "roughness": 4.0}}, {"type": "Feature", "geometry": {"type": "LineString", "coordinates": [[-57.5394874, -25.0518342], [-57.5405205, -25.0502859]]}, "properties": {"osmid": "669357331", "oneway": "False", "lanes": "2", "ref": "PY09", "name": "Ruta Nacional Presidente Carlos Antonio L\u00f3pez", "highway": "trunk", "length": 201.173, "maxspeed": "40", "bridge": NaN, "access": NaN, "tunnel": NaN, "junction": NaN, "width": NaN, "service": NaN, "roughness": 4.0}}, {"type": "Feature", "geometry": {"type": "LineString", "coordinates": [[-57.5405205, -25.0502859], [-57.5413202, -25.0490875]]}, "properties": {"osmid": "669357331", "oneway": "False", "lanes": "2", "ref": "PY09", "name": "Ruta Nacional Presidente Carlos Antonio L\u00f3pez", "highway": "trunk", "length": 155.714, "maxspeed": "40", "bridge": NaN, "access": NaN, "tunnel": NaN, "junction": NaN, "width": NaN, "service": NaN, "roughness": 4.0}}, {"type": "Feature", "geometry": {"type": "LineString", "coordinates": [[-57.5413202, -25.0490875], [-57.54141, -25.0489579]]}, "properties": {"osmid": "669357331", "oneway": "False", "lanes": "2", "ref": "PY09", "name": "Ruta Nacional Presidente Carlos Antonio L\u00f3pez", "highway": "trunk", "length": 17.015, "maxspeed": "40", "bridge": NaN, "access": NaN, "tunnel": NaN, "junction": NaN, "width": NaN, "service": NaN, "roughness": 4.0}}, {"type": "Feature", "geometry": {"type": "LineString", "coordinates": [[-57.54141, -25.0489579], [-57.5418177, -25.0483694]]}, "properties": {"osmid": "669357331", "oneway": "False", "lanes": "2", "ref": "PY09", "name": "Ruta Nacional Presidente Carlos Antonio L\u00f3pez", "highway": "trunk", "length": 77.259, "maxspeed": "40", "bridge": NaN, "access": NaN, "tunnel": NaN, "junction": NaN, "width": NaN, "service": NaN, "roughness": 4.0}}, {"type": "Feature", "geometry": {"type": "LineString", "coordinates": [[-57.5418177, -25.0483694], [-57.5421026, -25.047983]]}, "properties": {"osmid": "669357331", "oneway": "False", "lanes": "2", "ref": "PY09", "name": "Ruta Nacional Presidente Carlos Antonio L\u00f3pez", "highway": "trunk", "length": 51.67, "maxspeed": "40", "bridge": NaN, "access": NaN, "tunnel": NaN, "junction": NaN, "width": NaN, "service": NaN, "roughness": 4.0}}, {"type": "Feature", "geometry": {"type": "LineString", "coordinates": [[-57.5421026, -25.047983], [-57.5431497, -25.0467443]]}, "properties": {"osmid": "669357331", "oneway": "False", "lanes": "2", "ref": "PY09", "name": "Ruta Nacional Presidente Carlos Antonio L\u00f3pez", "highway": "trunk", "length": 173.488, "maxspeed": "40", "bridge": NaN, "access": NaN, "tunnel": NaN, "junction": NaN, "width": NaN, "service": NaN, "roughness": 4.0}}, {"type": "Feature", "geometry": {"type": "LineString", "coordinates": [[-57.5431497, -25.0467443], [-57.543182, -25.0467064]]}, "properties": {"osmid": "669357331", "oneway": "False", "lanes": "2", "ref": "PY09", "name": "Ruta Nacional Presidente Carlos Antonio L\u00f3pez", "highway": "trunk", "length": 5.324, "maxspeed": "40", "bridge": NaN, "access": NaN, "tunnel": NaN, "junction": NaN, "width": NaN, "service": NaN, "roughness": 4.0}}, {"type": "Feature", "geometry": {"type": "LineString", "coordinates": [[-57.543182, -25.0467064], [-57.5433456, -25.0465143]]}, "properties": {"osmid": "669357331", "oneway": "False", "lanes": "2", "ref": "PY09", "name": "Ruta Nacional Presidente Carlos Antonio L\u00f3pez", "highway": "trunk", "length": 26.979, "maxspeed": "40", "bridge": NaN, "access": NaN, "tunnel": NaN, "junction": NaN, "width": NaN, "service": NaN, "roughness": 4.0}}, {"type": "Feature", "geometry": {"type": "LineString", "coordinates": [[-57.5433456, -25.0465143], [-57.5434445, -25.0463982]]}, "properties": {"osmid": "669357331", "oneway": "False", "lanes": "2", "ref": "PY09", "name": "Ruta Nacional Presidente Carlos Antonio L\u00f3pez", "highway": "trunk", "length": 16.307, "maxspeed": "40", "bridge": NaN, "access": NaN, "tunnel": NaN, "junction": NaN, "width": NaN, "service": NaN, "roughness": 4.0}}, {"type": "Feature", "geometry": {"type": "LineString", "coordinates": [[-57.5434445, -25.0463982], [-57.5442577, -25.0454431]]}, "properties": {"osmid": "669357331", "oneway": "False", "lanes": "2", "ref": "PY09", "name": "Ruta Nacional Presidente Carlos Antonio L\u00f3pez", "highway": "trunk", "length": 134.127, "maxspeed": "40", "bridge": NaN, "access": NaN, "tunnel": NaN, "junction": NaN, "width": NaN, "service": NaN, "roughness": 4.0}}, {"type": "Feature", "geometry": {"type": "LineString", "coordinates": [[-57.5442577, -25.0454431], [-57.5446303, -25.0450056]]}, "properties": {"osmid": "669357331", "oneway": "False", "lanes": "2", "ref": "PY09", "name": "Ruta Nacional Presidente Carlos Antonio L\u00f3pez", "highway": "trunk", "length": 61.445, "maxspeed": "40", "bridge": NaN, "access": NaN, "tunnel": NaN, "junction": NaN, "width": NaN, "service": NaN, "roughness": 4.0}}, {"type": "Feature", "geometry": {"type": "LineString", "coordinates": [[-57.5446303, -25.0450056], [-57.5450656, -25.0444632]]}, "properties": {"osmid": "669357331", "oneway": "False", "lanes": "2", "ref": "PY09", "name": "Ruta Nacional Presidente Carlos Antonio L\u00f3pez", "highway": "trunk", "length": 74.569, "maxspeed": "40", "bridge": NaN, "access": NaN, "tunnel": NaN, "junction": NaN, "width": NaN, "service": NaN, "roughness": 4.0}}, {"type": "Feature", "geometry": {"type": "LineString", "coordinates": [[-57.5450656, -25.0444632], [-57.5452816, -25.0441741]]}, "properties": {"osmid": "669357331", "oneway": "False", "lanes": "2", "ref": "PY09", "name": "Ruta Nacional Presidente Carlos Antonio L\u00f3pez", "highway": "trunk", "length": 38.819, "maxspeed": "40", "bridge": NaN, "access": NaN, "tunnel": NaN, "junction": NaN, "width": NaN, "service": NaN, "roughness": 4.0}}, {"type": "Feature", "geometry": {"type": "LineString", "coordinates": [[-57.5452816, -25.0441741], [-57.5454676, -25.0439252]]}, "properties": {"osmid": "669357331", "oneway": "False", "lanes": "2", "ref": "PY09", "name": "Ruta Nacional Presidente Carlos Antonio L\u00f3pez", "highway": "trunk", "length": 33.423, "maxspeed": "40", "bridge": NaN, "access": NaN, "tunnel": NaN, "junction": NaN, "width": NaN, "service": NaN, "roughness": 4.0}}, {"type": "Feature", "geometry": {"type": "LineString", "coordinates": [[-57.5454676, -25.0439252], [-57.5454958, -25.0438875]]}, "properties": {"osmid": "669357331", "oneway": "False", "lanes": "2", "ref": "PY09", "name": "Ruta Nacional Presidente Carlos Antonio L\u00f3pez", "highway": "trunk", "length": 5.064, "maxspeed": "40", "bridge": NaN, "access": NaN, "tunnel": NaN, "junction": NaN, "width": NaN, "service": NaN, "roughness": 4.0}}, {"type": "Feature", "geometry": {"type": "LineString", "coordinates": [[-57.5454958, -25.0438875], [-57.5459011, -25.0432521]]}, "properties": {"osmid": "669357331", "oneway": "False", "lanes": "2", "ref": "PY09", "name": "Ruta Nacional Presidente Carlos Antonio L\u00f3pez", "highway": "trunk", "length": 81.603, "maxspeed": "40", "bridge": NaN, "access": NaN, "tunnel": NaN, "junction": NaN, "width": NaN, "service": NaN, "roughness": 4.0}}, {"type": "Feature", "geometry": {"type": "LineString", "coordinates": [[-57.5459011, -25.0432521], [-57.5463195, -25.0425566]]}, "properties": {"osmid": "669357331", "oneway": "False", "lanes": "2", "ref": "PY09", "name": "Ruta Nacional Presidente Carlos Antonio L\u00f3pez", "highway": "trunk", "length": 88.077, "maxspeed": "40", "bridge": NaN, "access": NaN, "tunnel": NaN, "junction": NaN, "width": NaN, "service": NaN, "roughness": 4.0}}, {"type": "Feature", "geometry": {"type": "LineString", "coordinates": [[-57.5463195, -25.0425566], [-57.5472506, -25.0410384]]}, "properties": {"osmid": "669357331", "oneway": "False", "lanes": "2", "ref": "PY09", "name": "Ruta Nacional Presidente Carlos Antonio L\u00f3pez", "highway": "trunk", "length": 193.126, "maxspeed": "40", "bridge": NaN, "access": NaN, "tunnel": NaN, "junction": NaN, "width": NaN, "service": NaN, "roughness": 4.0}}, {"type": "Feature", "geometry": {"type": "LineString", "coordinates": [[-57.5472506, -25.0410384], [-57.5478346, -25.0400861]]}, "properties": {"osmid": "669357331", "oneway": "False", "lanes": "2", "ref": "PY09", "name": "Ruta Nacional Presidente Carlos Antonio L\u00f3pez", "highway": "trunk", "length": 121.138, "maxspeed": "40", "bridge": NaN, "access": NaN, "tunnel": NaN, "junction": NaN, "width": NaN, "service": NaN, "roughness": 4.0}}, {"type": "Feature", "geometry": {"type": "LineString", "coordinates": [[-57.5478346, -25.0400861], [-57.5480286, -25.0397698]]}, "properties": {"osmid": "669357331", "oneway": "False", "lanes": "2", "ref": "PY09", "name": "Ruta Nacional Presidente Carlos Antonio L\u00f3pez", "highway": "trunk", "length": 40.237, "maxspeed": "40", "bridge": NaN, "access": NaN, "tunnel": NaN, "junction": NaN, "width": NaN, "service": NaN, "roughness": 4.0}}, {"type": "Feature", "geometry": {"type": "LineString", "coordinates": [[-57.5480286, -25.0397698], [-57.548548, -25.0389273]]}, "properties": {"osmid": "669357331", "oneway": "False", "lanes": "2", "ref": "PY09", "name": "Ruta Nacional Presidente Carlos Antonio L\u00f3pez", "highway": "trunk", "length": 107.305, "maxspeed": "40", "bridge": NaN, "access": NaN, "tunnel": NaN, "junction": NaN, "width": NaN, "service": NaN, "roughness": 4.0}}, {"type": "Feature", "geometry": {"type": "LineString", "coordinates": [[-57.548548, -25.0389273], [-57.5503402, -25.0360205]]}, "properties": {"osmid": "669357331", "oneway": "False", "lanes": "2", "ref": "PY09", "name": "Ruta Nacional Presidente Carlos Antonio L\u00f3pez", "highway": "trunk", "length": 370.234, "maxspeed": "40", "bridge": NaN, "access": NaN, "tunnel": NaN, "junction": NaN, "width": NaN, "service": NaN, "roughness": 4.0}}, {"type": "Feature", "geometry": {"type": "LineString", "coordinates": [[-57.5503402, -25.0360205], [-57.5505931, -25.0355836]]}, "properties": {"osmid": "669357331", "oneway": "False", "lanes": "2", "ref": "PY09", "name": "Ruta Nacional Presidente Carlos Antonio L\u00f3pez", "highway": "trunk", "length": 54.857, "maxspeed": "40", "bridge": NaN, "access": NaN, "tunnel": NaN, "junction": NaN, "width": NaN, "service": NaN, "roughness": 4.0}}, {"type": "Feature", "geometry": {"type": "LineString", "coordinates": [[-57.5505931, -25.0355836], [-57.5508718, -25.0350579]]}, "properties": {"osmid": "669357331", "oneway": "False", "lanes": "2", "ref": "PY09", "name": "Ruta Nacional Presidente Carlos Antonio L\u00f3pez", "highway": "trunk", "length": 64.849, "maxspeed": "40", "bridge": NaN, "access": NaN, "tunnel": NaN, "junction": NaN, "width": NaN, "service": NaN, "roughness": 4.0}}, {"type": "Feature", "geometry": {"type": "LineString", "coordinates": [[-57.5508718, -25.0350579], [-57.5511346, -25.0344895]]}, "properties": {"osmid": "669357331", "oneway": "False", "lanes": "2", "ref": "PY09", "name": "Ruta Nacional Presidente Carlos Antonio L\u00f3pez", "highway": "trunk", "length": 68.525, "maxspeed": "40", "bridge": NaN, "access": NaN, "tunnel": NaN, "junction": NaN, "width": NaN, "service": NaN, "roughness": 4.0}}, {"type": "Feature", "geometry": {"type": "LineString", "coordinates": [[-57.5511346, -25.0344895], [-57.5517381, -25.0331651]]}, "properties": {"osmid": "669357331", "oneway": "False", "lanes": "2", "ref": "PY09", "name": "Ruta Nacional Presidente Carlos Antonio L\u00f3pez", "highway": "trunk", "length": 159.325, "maxspeed": "40", "bridge": NaN, "access": NaN, "tunnel": NaN, "junction": NaN, "width": NaN, "service": NaN, "roughness": 4.0}}, {"type": "Feature", "geometry": {"type": "LineString", "coordinates": [[-57.5517381, -25.0331651], [-57.5519308, -25.032757]]}, "properties": {"osmid": "669357331", "oneway": "False", "lanes": "2", "ref": "PY09", "name": "Ruta Nacional Presidente Carlos Antonio L\u00f3pez", "highway": "trunk", "length": 49.357, "maxspeed": "40", "bridge": NaN, "access": NaN, "tunnel": NaN, "junction": NaN, "width": NaN, "service": NaN, "roughness": 4.0}}, {"type": "Feature", "geometry": {"type": "LineString", "coordinates": [[-57.5519308, -25.032757], [-57.5532256, -25.030017]]}, "properties": {"osmid": "669357331", "oneway": "False", "lanes": "2", "ref": "PY09", "name": "Ruta Nacional Presidente Carlos Antonio L\u00f3pez", "highway": "trunk", "length": 331.428, "maxspeed": "40", "bridge": NaN, "access": NaN, "tunnel": NaN, "junction": NaN, "width": NaN, "service": NaN, "roughness": 4.0}}, {"type": "Feature", "geometry": {"type": "LineString", "coordinates": [[-57.5532256, -25.030017], [-57.5535292, -25.0293745]]}, "properties": {"osmid": "669357331", "oneway": "False", "lanes": "2", "ref": "PY09", "name": "Ruta Nacional Presidente Carlos Antonio L\u00f3pez", "highway": "trunk", "length": 77.716, "maxspeed": "40", "bridge": NaN, "access": NaN, "tunnel": NaN, "junction": NaN, "width": NaN, "service": NaN, "roughness": 4.0}}, {"type": "Feature", "geometry": {"type": "LineString", "coordinates": [[-57.5535292, -25.0293745], [-57.5536233, -25.0291752]]}, "properties": {"osmid": "669357331", "oneway": "False", "lanes": "2", "ref": "PY09", "name": "Ruta Nacional Presidente Carlos Antonio L\u00f3pez", "highway": "trunk", "length": 24.104, "maxspeed": "40", "bridge": NaN, "access": NaN, "tunnel": NaN, "junction": NaN, "width": NaN, "service": NaN, "roughness": 4.0}}, {"type": "Feature", "geometry": {"type": "LineString", "coordinates": [[-57.5536233, -25.0291752], [-57.55369, -25.0290341]]}, "properties": {"osmid": "669357331", "oneway": "False", "lanes": "2", "ref": "PY09", "name": "Ruta Nacional Presidente Carlos Antonio L\u00f3pez", "highway": "trunk", "length": 17.068, "maxspeed": "40", "bridge": NaN, "access": NaN, "tunnel": NaN, "junction": NaN, "width": NaN, "service": NaN, "roughness": 4.0}}, {"type": "Feature", "geometry": {"type": "LineString", "coordinates": [[-57.55369, -25.0290341], [-57.5542751, -25.0277958]]}, "properties": {"osmid": "669357331", "oneway": "False", "lanes": "2", "ref": "PY09", "name": "Ruta Nacional Presidente Carlos Antonio L\u00f3pez", "highway": "trunk", "length": 149.782, "maxspeed": "40", "bridge": NaN, "access": NaN, "tunnel": NaN, "junction": NaN, "width": NaN, "service": NaN, "roughness": 4.0}}, {"type": "Feature", "geometry": {"type": "LineString", "coordinates": [[-57.5542751, -25.0277958], [-57.5545536, -25.0272076]]}, "properties": {"osmid": "669357331", "oneway": "False", "lanes": "2", "ref": "PY09", "name": "Ruta Nacional Presidente Carlos Antonio L\u00f3pez", "highway": "trunk", "length": 71.17, "maxspeed": "40", "bridge": NaN, "access": NaN, "tunnel": NaN, "junction": NaN, "width": NaN, "service": NaN, "roughness": 4.0}}, {"type": "Feature", "geometry": {"type": "LineString", "coordinates": [[-57.5545536, -25.0272076], [-57.5549425, -25.0265232]]}, "properties": {"osmid": "669357331", "oneway": "False", "lanes": "2", "ref": "PY09", "name": "Ruta Nacional Presidente Carlos Antonio L\u00f3pez", "highway": "trunk", "length": 85.597, "maxspeed": "40", "bridge": NaN, "access": NaN, "tunnel": NaN, "junction": NaN, "width": NaN, "service": NaN, "roughness": 4.0}}, {"type": "Feature", "geometry": {"type": "LineString", "coordinates": [[-57.5549425, -25.0265232], [-57.5555986, -25.0256281]]}, "properties": {"osmid": "669357331", "oneway": "False", "lanes": "2", "ref": "PY09", "name": "Ruta Nacional Presidente Carlos Antonio L\u00f3pez", "highway": "trunk", "length": 119.484, "maxspeed": "40", "bridge": NaN, "access": NaN, "tunnel": NaN, "junction": NaN, "width": NaN, "service": NaN, "roughness": 4.0}}, {"type": "Feature", "geometry": {"type": "LineString", "coordinates": [[-57.5555986, -25.0256281], [-57.5560783, -25.0249845]]}, "properties": {"osmid": "669357331", "oneway": "False", "lanes": "2", "ref": "PY09", "name": "Ruta Nacional Presidente Carlos Antonio L\u00f3pez", "highway": "trunk", "length": 86.358, "maxspeed": "40", "bridge": NaN, "access": NaN, "tunnel": NaN, "junction": NaN, "width": NaN, "service": NaN, "roughness": 4.0}}, {"type": "Feature", "geometry": {"type": "LineString", "coordinates": [[-57.5560783, -25.0249845], [-57.5566367, -25.0241588]]}, "properties": {"osmid": "669357331", "oneway": "False", "lanes": "2", "ref": "PY09", "name": "Ruta Nacional Presidente Carlos Antonio L\u00f3pez", "highway": "trunk", "length": 107.681, "maxspeed": "40", "bridge": NaN, "access": NaN, "tunnel": NaN, "junction": NaN, "width": NaN, "service": NaN, "roughness": 4.0}}, {"type": "Feature", "geometry": {"type": "LineString", "coordinates": [[-57.5566367, -25.0241588], [-57.5569278, -25.0237113]]}, "properties": {"osmid": "669357331", "oneway": "False", "lanes": "2", "ref": "PY09", "name": "Ruta Nacional Presidente Carlos Antonio L\u00f3pez", "highway": "trunk", "length": 57.761, "maxspeed": "40", "bridge": NaN, "access": NaN, "tunnel": NaN, "junction": NaN, "width": NaN, "service": NaN, "roughness": 4.0}}, {"type": "Feature", "geometry": {"type": "LineString", "coordinates": [[-57.5569278, -25.0237113], [-57.5575922, -25.0226263]]}, "properties": {"osmid": "669357331", "oneway": "False", "lanes": "2", "ref": "PY09", "name": "Ruta Nacional Presidente Carlos Antonio L\u00f3pez", "highway": "trunk", "length": 137.975, "maxspeed": "40", "bridge": NaN, "access": NaN, "tunnel": NaN, "junction": NaN, "width": NaN, "service": NaN, "roughness": 4.0}}, {"type": "Feature", "geometry": {"type": "LineString", "coordinates": [[-57.5575922, -25.0226263], [-57.5588218, -25.0205441]]}, "properties": {"osmid": "669357331", "oneway": "False", "lanes": "2", "ref": "PY09", "name": "Ruta Nacional Presidente Carlos Antonio L\u00f3pez", "highway": "trunk", "length": 262.595, "maxspeed": "40", "bridge": NaN, "access": NaN, "tunnel": NaN, "junction": NaN, "width": NaN, "service": NaN, "roughness": 4.0}}, {"type": "Feature", "geometry": {"type": "LineString", "coordinates": [[-57.5588218, -25.0205441], [-57.5589825, -25.0201853]]}, "properties": {"osmid": "669357331", "oneway": "False", "lanes": "2", "ref": "PY09", "name": "Ruta Nacional Presidente Carlos Antonio L\u00f3pez", "highway": "trunk", "length": 43.057, "maxspeed": "40", "bridge": NaN, "access": NaN, "tunnel": NaN, "junction": NaN, "width": NaN, "service": NaN, "roughness": 4.0}}, {"type": "Feature", "geometry": {"type": "LineString", "coordinates": [[-57.5589825, -25.0201853], [-57.5591005, -25.0198098]]}, "properties": {"osmid": "669357331", "oneway": "False", "lanes": "2", "ref": "PY09", "name": "Ruta Nacional Presidente Carlos Antonio L\u00f3pez", "highway": "trunk", "length": 43.414, "maxspeed": "40", "bridge": NaN, "access": NaN, "tunnel": NaN, "junction": NaN, "width": NaN, "service": NaN, "roughness": 4.0}}, {"type": "Feature", "geometry": {"type": "LineString", "coordinates": [[-57.5591005, -25.0198098], [-57.5591923, -25.0194207]]}, "properties": {"osmid": "669357331", "oneway": "False", "lanes": "2", "ref": "PY09", "name": "Ruta Nacional Presidente Carlos Antonio L\u00f3pez", "highway": "trunk", "length": 44.244, "maxspeed": "40", "bridge": NaN, "access": NaN, "tunnel": NaN, "junction": NaN, "width": NaN, "service": NaN, "roughness": 4.0}}, {"type": "Feature", "geometry": {"type": "LineString", "coordinates": [[-57.5591923, -25.0194207], [-57.5592368, -25.0192268]]}, "properties": {"osmid": "669357331", "oneway": "False", "lanes": "2", "ref": "PY09", "name": "Ruta Nacional Presidente Carlos Antonio L\u00f3pez", "highway": "trunk", "length": 22.022, "maxspeed": "40", "bridge": NaN, "access": NaN, "tunnel": NaN, "junction": NaN, "width": NaN, "service": NaN, "roughness": 4.0}}, {"type": "Feature", "geometry": {"type": "LineString", "coordinates": [[-57.5592368, -25.0192268], [-57.5593006, -25.0188191]]}, "properties": {"osmid": "669357331", "oneway": "False", "lanes": "2", "ref": "PY09", "name": "Ruta Nacional Presidente Carlos Antonio L\u00f3pez", "highway": "trunk", "length": 45.788, "maxspeed": "40", "bridge": NaN, "access": NaN, "tunnel": NaN, "junction": NaN, "width": NaN, "service": NaN, "roughness": 4.0}}, {"type": "Feature", "geometry": {"type": "LineString", "coordinates": [[-57.5593006, -25.0188191], [-57.5593331, -25.0184193]]}, "properties": {"osmid": "669357331", "oneway": "False", "lanes": "2", "ref": "PY09", "name": "Ruta Nacional Presidente Carlos Antonio L\u00f3pez", "highway": "trunk", "length": 44.576, "maxspeed": "40", "bridge": NaN, "access": NaN, "tunnel": NaN, "junction": NaN, "width": NaN, "service": NaN, "roughness": 4.0}}, {"type": "Feature", "geometry": {"type": "LineString", "coordinates": [[-57.5593331, -25.0184193], [-57.559315, -25.0180128]]}, "properties": {"osmid": "669357331", "oneway": "False", "lanes": "2", "ref": "PY09", "name": "Ruta Nacional Presidente Carlos Antonio L\u00f3pez", "highway": "trunk", "length": 45.238, "maxspeed": "40", "bridge": NaN, "access": NaN, "tunnel": NaN, "junction": NaN, "width": NaN, "service": NaN, "roughness": 4.0}}, {"type": "Feature", "geometry": {"type": "LineString", "coordinates": [[-57.559315, -25.0180128], [-57.559262, -25.017721]]}, "properties": {"osmid": "669357331", "oneway": "False", "lanes": "2", "ref": "PY09", "name": "Ruta Nacional Presidente Carlos Antonio L\u00f3pez", "highway": "trunk", "length": 32.883, "maxspeed": "40", "bridge": NaN, "access": NaN, "tunnel": NaN, "junction": NaN, "width": NaN, "service": NaN, "roughness": 4.0}}, {"type": "Feature", "geometry": {"type": "LineString", "coordinates": [[-57.559262, -25.017721], [-57.5592169, -25.0174298]]}, "properties": {"osmid": "669357331", "oneway": "False", "lanes": "2", "ref": "PY09", "name": "Ruta Nacional Presidente Carlos Antonio L\u00f3pez", "highway": "trunk", "length": 32.697, "maxspeed": "40", "bridge": NaN, "access": NaN, "tunnel": NaN, "junction": NaN, "width": NaN, "service": NaN, "roughness": 4.0}}, {"type": "Feature", "geometry": {"type": "LineString", "coordinates": [[-57.5592169, -25.0174298], [-57.5587667, -25.0152133]]}, "properties": {"osmid": "669357331", "oneway": "False", "lanes": "2", "ref": "PY09", "name": "Ruta Nacional Presidente Carlos Antonio L\u00f3pez", "highway": "trunk", "length": 250.604, "maxspeed": "40", "bridge": NaN, "access": NaN, "tunnel": NaN, "junction": NaN, "width": NaN, "service": NaN, "roughness": 4.0}}, {"type": "Feature", "geometry": {"type": "LineString", "coordinates": [[-57.5587667, -25.0152133], [-57.558496, -25.0138807]]}, "properties": {"osmid": "669357331", "oneway": "False", "lanes": "2", "ref": "PY09", "name": "Ruta Nacional Presidente Carlos Antonio L\u00f3pez", "highway": "trunk", "length": 150.668, "maxspeed": "40", "bridge": NaN, "access": NaN, "tunnel": NaN, "junction": NaN, "width": NaN, "service": NaN, "roughness": 4.0}}, {"type": "Feature", "geometry": {"type": "LineString", "coordinates": [[-57.558496, -25.0138807], [-57.5583448, -25.0131294]]}, "properties": {"osmid": "669357331", "oneway": "False", "lanes": "2", "ref": "PY09", "name": "Ruta Nacional Presidente Carlos Antonio L\u00f3pez", "highway": "trunk", "length": 84.919, "maxspeed": "40", "bridge": NaN, "access": NaN, "tunnel": NaN, "junction": NaN, "width": NaN, "service": NaN, "roughness": 4.0}}, {"type": "Feature", "geometry": {"type": "LineString", "coordinates": [[-57.5583448, -25.0131294], [-57.5581373, -25.0121264]]}, "properties": {"osmid": "669357331", "oneway": "False", "lanes": "2", "ref": "PY09", "name": "Ruta Nacional Presidente Carlos Antonio L\u00f3pez", "highway": "trunk", "length": 113.472, "maxspeed": "40", "bridge": NaN, "access": NaN, "tunnel": NaN, "junction": NaN, "width": NaN, "service": NaN, "roughness": 4.0}}, {"type": "Feature", "geometry": {"type": "LineString", "coordinates": [[-57.5581373, -25.0121264], [-57.5575719, -25.0093292]]}, "properties": {"osmid": "669357331", "oneway": "False", "lanes": "2", "ref": "PY09", "name": "Ruta Nacional Presidente Carlos Antonio L\u00f3pez", "highway": "trunk", "length": 316.21, "maxspeed": "40", "bridge": NaN, "access": NaN, "tunnel": NaN, "junction": NaN, "width": NaN, "service": NaN, "roughness": 4.0}}, {"type": "Feature", "geometry": {"type": "LineString", "coordinates": [[-57.5575719, -25.0093292], [-57.5574907, -25.0089524]]}, "properties": {"osmid": "669357331", "oneway": "False", "lanes": "2", "ref": "PY09", "name": "Ruta Nacional Presidente Carlos Antonio L\u00f3pez", "highway": "trunk", "length": 42.69, "maxspeed": "40", "bridge": NaN, "access": NaN, "tunnel": NaN, "junction": NaN, "width": NaN, "service": NaN, "roughness": 4.0}}, {"type": "Feature", "geometry": {"type": "LineString", "coordinates": [[-57.5574907, -25.0089524], [-57.5574601, -25.0088105]]}, "properties": {"osmid": "669357331", "oneway": "False", "lanes": "2", "ref": "PY09", "name": "Ruta Nacional Presidente Carlos Antonio L\u00f3pez", "highway": "trunk", "length": 16.077, "maxspeed": "40", "bridge": NaN, "access": NaN, "tunnel": NaN, "junction": NaN, "width": NaN, "service": NaN, "roughness": 4.0}}, {"type": "Feature", "geometry": {"type": "LineString", "coordinates": [[-57.5574601, -25.0088105], [-57.5574067, -25.0085628]]}, "properties": {"osmid": "669357331", "oneway": "False", "lanes": "2", "ref": "PY09", "name": "Ruta Nacional Presidente Carlos Antonio L\u00f3pez", "highway": "trunk", "length": 28.064, "maxspeed": "40", "bridge": NaN, "access": NaN, "tunnel": NaN, "junction": NaN, "width": NaN, "service": NaN, "roughness": 4.0}}, {"type": "Feature", "geometry": {"type": "LineString", "coordinates": [[-57.5574067, -25.0085628], [-57.5573759, -25.0084221]]}, "properties": {"osmid": "669357331", "oneway": "False", "lanes": "2", "ref": "PY09", "name": "Ruta Nacional Presidente Carlos Antonio L\u00f3pez", "highway": "trunk", "length": 15.95, "maxspeed": "40", "bridge": NaN, "access": NaN, "tunnel": NaN, "junction": NaN, "width": NaN, "service": NaN, "roughness": 4.0}}, {"type": "Feature", "geometry": {"type": "LineString", "coordinates": [[-57.5573759, -25.0084221], [-57.5571927, -25.0075245]]}, "properties": {"osmid": "669357331", "oneway": "False", "lanes": "2", "ref": "PY09", "name": "Ruta Nacional Presidente Carlos Antonio L\u00f3pez", "highway": "trunk", "length": 101.502, "maxspeed": "40", "bridge": NaN, "access": NaN, "tunnel": NaN, "junction": NaN, "width": NaN, "service": NaN, "roughness": 4.0}}, {"type": "Feature", "geometry": {"type": "LineString", "coordinates": [[-57.5571927, -25.0075245], [-57.5570221, -25.0066889]]}, "properties": {"osmid": "669357331", "oneway": "False", "lanes": "2", "ref": "PY09", "name": "Ruta Nacional Presidente Carlos Antonio L\u00f3pez", "highway": "trunk", "length": 94.492, "maxspeed": "40", "bridge": NaN, "access": NaN, "tunnel": NaN, "junction": NaN, "width": NaN, "service": NaN, "roughness": 4.0}}, {"type": "Feature", "geometry": {"type": "LineString", "coordinates": [[-57.5570221, -25.0066889], [-57.5569635, -25.0063999]]}, "properties": {"osmid": "669357331", "oneway": "False", "lanes": "2", "ref": "PY09", "name": "Ruta Nacional Presidente Carlos Antonio L\u00f3pez", "highway": "trunk", "length": 32.673, "maxspeed": "40", "bridge": NaN, "access": NaN, "tunnel": NaN, "junction": NaN, "width": NaN, "service": NaN, "roughness": 4.0}}, {"type": "Feature", "geometry": {"type": "LineString", "coordinates": [[-57.5569635, -25.0063999], [-57.5568013, -25.0056007]]}, "properties": {"osmid": "669357331", "oneway": "False", "lanes": "2", "ref": "PY09", "name": "Ruta Nacional Presidente Carlos Antonio L\u00f3pez", "highway": "trunk", "length": 90.358, "maxspeed": "40", "bridge": NaN, "access": NaN, "tunnel": NaN, "junction": NaN, "width": NaN, "service": NaN, "roughness": 4.0}}, {"type": "Feature", "geometry": {"type": "LineString", "coordinates": [[-57.5568013, -25.0056007], [-57.5565935, -25.0045834]]}, "properties": {"osmid": "669357331", "oneway": "False", "lanes": "2", "ref": "PY09", "name": "Ruta Nacional Presidente Carlos Antonio L\u00f3pez", "highway": "trunk", "length": 115.041, "maxspeed": "40", "bridge": NaN, "access": NaN, "tunnel": NaN, "junction": NaN, "width": NaN, "service": NaN, "roughness": 4.0}}, {"type": "Feature", "geometry": {"type": "LineString", "coordinates": [[-57.5565935, -25.0045834], [-57.5563467, -25.0034438]]}, "properties": {"osmid": "669357331", "oneway": "False", "lanes": "2", "ref": "PY09", "name": "Ruta Nacional Presidente Carlos Antonio L\u00f3pez", "highway": "trunk", "length": 129.136, "maxspeed": "40", "bridge": NaN, "access": NaN, "tunnel": NaN, "junction": NaN, "width": NaN, "service": NaN, "roughness": 4.0}}, {"type": "Feature", "geometry": {"type": "LineString", "coordinates": [[-57.5563467, -25.0034438], [-57.5561573, -25.0024575]]}, "properties": {"osmid": "669357331", "oneway": "False", "lanes": "2", "ref": "PY09", "name": "Ruta Nacional Presidente Carlos Antonio L\u00f3pez", "highway": "trunk", "length": 111.32, "maxspeed": "40", "bridge": NaN, "access": NaN, "tunnel": NaN, "junction": NaN, "width": NaN, "service": NaN, "roughness": 4.0}}, {"type": "Feature", "geometry": {"type": "LineString", "coordinates": [[-57.5561573, -25.0024575], [-57.5561377, -25.0023553]]}, "properties": {"osmid": "669357331", "oneway": "False", "lanes": "2", "ref": "PY09", "name": "Ruta Nacional Presidente Carlos Antonio L\u00f3pez", "highway": "trunk", "length": 11.535, "maxspeed": "40", "bridge": NaN, "access": NaN, "tunnel": NaN, "junction": NaN, "width": NaN, "service": NaN, "roughness": 4.0}}, {"type": "Feature", "geometry": {"type": "LineString", "coordinates": [[-57.5561377, -25.0023553], [-57.5560509, -25.0019409]]}, "properties": {"osmid": "669357331", "oneway": "False", "lanes": "2", "ref": "PY09", "name": "Ruta Nacional Presidente Carlos Antonio L\u00f3pez", "highway": "trunk", "length": 46.902, "maxspeed": "40", "bridge": NaN, "access": NaN, "tunnel": NaN, "junction": NaN, "width": NaN, "service": NaN, "roughness": 4.0}}, {"type": "Feature", "geometry": {"type": "LineString", "coordinates": [[-57.5560509, -25.0019409], [-57.5559499, -25.0014584]]}, "properties": {"osmid": "669357331", "oneway": "False", "lanes": "2", "ref": "PY09", "name": "Ruta Nacional Presidente Carlos Antonio L\u00f3pez", "highway": "trunk", "length": 54.609, "maxspeed": "40", "bridge": NaN, "access": NaN, "tunnel": NaN, "junction": NaN, "width": NaN, "service": NaN, "roughness": 4.0}}, {"type": "Feature", "geometry": {"type": "LineString", "coordinates": [[-57.5559499, -25.0014584], [-57.5559159, -25.001296]]}, "properties": {"osmid": "669357331", "oneway": "False", "lanes": "2", "ref": "PY09", "name": "Ruta Nacional Presidente Carlos Antonio L\u00f3pez", "highway": "trunk", "length": 18.38, "maxspeed": "40", "bridge": NaN, "access": NaN, "tunnel": NaN, "junction": NaN, "width": NaN, "service": NaN, "roughness": 4.0}}, {"type": "Feature", "geometry": {"type": "LineString", "coordinates": [[-57.5559159, -25.001296], [-57.5556959, -25.0002214]]}, "properties": {"osmid": "669357331", "oneway": "False", "lanes": "2", "ref": "PY09", "name": "Ruta Nacional Presidente Carlos Antonio L\u00f3pez", "highway": "trunk", "length": 121.53, "maxspeed": "40", "bridge": NaN, "access": NaN, "tunnel": NaN, "junction": NaN, "width": NaN, "service": NaN, "roughness": 4.0}}, {"type": "Feature", "geometry": {"type": "LineString", "coordinates": [[-57.5556959, -25.0002214], [-57.555629, -24.9998128]]}, "properties": {"osmid": "669357331", "oneway": "False", "lanes": "2", "ref": "PY09", "name": "Ruta Nacional Presidente Carlos Antonio L\u00f3pez", "highway": "trunk", "length": 45.932, "maxspeed": "40", "bridge": NaN, "access": NaN, "tunnel": NaN, "junction": NaN, "width": NaN, "service": NaN, "roughness": 4.0}}, {"type": "Feature", "geometry": {"type": "LineString", "coordinates": [[-57.555629, -24.9998128], [-57.5555966, -24.9994918]]}, "properties": {"osmid": "669357331", "oneway": "False", "lanes": "2", "ref": "PY09", "name": "Ruta Nacional Presidente Carlos Antonio L\u00f3pez", "highway": "trunk", "length": 35.843, "maxspeed": "40", "bridge": NaN, "access": NaN, "tunnel": NaN, "junction": NaN, "width": NaN, "service": NaN, "roughness": 4.0}}, {"type": "Feature", "geometry": {"type": "LineString", "coordinates": [[-57.5555966, -24.9994918], [-57.5555927, -24.9992347]]}, "properties": {"osmid": "669357331", "oneway": "False", "lanes": "2", "ref": "PY09", "name": "Ruta Nacional Presidente Carlos Antonio L\u00f3pez", "highway": "trunk", "length": 28.591, "maxspeed": "40", "bridge": NaN, "access": NaN, "tunnel": NaN, "junction": NaN, "width": NaN, "service": NaN, "roughness": 4.0}}, {"type": "Feature", "geometry": {"type": "LineString", "coordinates": [[-57.5555927, -24.9992347], [-57.5555941, -24.9991042]]}, "properties": {"osmid": "669357331", "oneway": "False", "lanes": "2", "ref": "PY09", "name": "Ruta Nacional Presidente Carlos Antonio L\u00f3pez", "highway": "trunk", "length": 14.512, "maxspeed": "40", "bridge": NaN, "access": NaN, "tunnel": NaN, "junction": NaN, "width": NaN, "service": NaN, "roughness": 4.0}}, {"type": "Feature", "geometry": {"type": "LineString", "coordinates": [[-57.5555941, -24.9991042], [-57.5556694, -24.998727]]}, "properties": {"osmid": "669357331", "oneway": "False", "lanes": "2", "ref": "PY09", "name": "Ruta Nacional Presidente Carlos Antonio L\u00f3pez", "highway": "trunk", "length": 42.624, "maxspeed": "40", "bridge": NaN, "access": NaN, "tunnel": NaN, "junction": NaN, "width": NaN, "service": NaN, "roughness": 4.0}}, {"type": "Feature", "geometry": {"type": "LineString", "coordinates": [[-57.5556694, -24.998727], [-57.5558061, -24.9981331]]}, "properties": {"osmid": "669357331", "oneway": "False", "lanes": "2", "ref": "PY09", "name": "Ruta Nacional Presidente Carlos Antonio L\u00f3pez", "highway": "trunk", "length": 67.46, "maxspeed": "40", "bridge": NaN, "access": NaN, "tunnel": NaN, "junction": NaN, "width": NaN, "service": NaN, "roughness": 4.0}}]}