{"type": "FeatureCollection", "features": [{"type": "Feature", "geometry": {"type": "LineString", "coordinates": [[-57.2884714, -25.408173], [-57.2872019, -25.4075361]]}, "properties": {"osmid": "279942497", "oneway": "False", "lanes": NaN, "ref": "D023", "name": "Curupayty", "highway": "tertiary", "length": 145.856, "maxspeed": NaN, "bridge": NaN, "access": NaN, "tunnel": NaN, "junction": NaN, "width": NaN, "service": NaN, "roughness": 5.0}}, {"type": "Feature", "geometry": {"type": "LineString", "coordinates": [[-57.2872019, -25.4075361], [-57.2878365, -25.4063608]]}, "properties": {"osmid": "117010327", "oneway": "False", "lanes": "2", "ref": "D023", "name": "Iturbe", "highway": "tertiary", "length": 145.403, "maxspeed": NaN, "bridge": NaN, "access": NaN, "tunnel": NaN, "junction": NaN, "width": NaN, "service": NaN, "roughness": 5.0}}, {"type": "Feature", "geometry": {"type": "LineString", "coordinates": [[-57.2878365, -25.4063608], [-57.2884807, -25.4052332]]}, "properties": {"osmid": "117010327", "oneway": "False", "lanes": "2", "ref": "D023", "name": "Iturbe", "highway": "tertiary", "length": 141.095, "maxspeed": NaN, "bridge": NaN, "access": NaN, "tunnel": NaN, "junction": NaN, "width": NaN, "service": NaN, "roughness": 5.0}}, {"type": "Feature", "geometry": {"type": "LineString", "coordinates": [[-57.2884807, -25.4052332], [-57.2888273, -25.4046281]]}, "properties": {"osmid": "117010327", "oneway": "False", "lanes": "2", "ref": "D023", "name": "Iturbe", "highway": "tertiary", "length": 75.757, "maxspeed": NaN, "bridge": NaN, "access": NaN, "tunnel": NaN, "junction": NaN, "width": NaN, "service": NaN, "roughness": 5.0}}, {"type": "Feature", "geometry": {"type": "LineString", "coordinates": [[-57.2888273, -25.4046281], [-57.2891707, -25.4040247]]}, "properties": {"osmid": "117010327", "oneway": "False", "lanes": "2", "ref": "D023", "name": "Iturbe", "highway": "tertiary", "length": 75.442, "maxspeed": NaN, "bridge": NaN, "access": NaN, "tunnel": NaN, "junction": NaN, "width": NaN, "service": NaN, "roughness": 5.0}}, {"type": "Feature", "geometry": {"type": "LineString", "coordinates": [[-57.2891707, -25.4040247], [-57.2892112, -25.4038682]]}, "properties": {"osmid": "117010327", "oneway": "False", "lanes": "2", "ref": "D023", "name": "Iturbe", "highway": "tertiary", "length": 17.871, "maxspeed": NaN, "bridge": NaN, "access": NaN, "tunnel": NaN, "junction": NaN, "width": NaN, "service": NaN, "roughness": 5.0}}, {"type": "Feature", "geometry": {"type": "LineString", "coordinates": [[-57.2892112, -25.4038682], [-57.2892662, -25.4036852]]}, "properties": {"osmid": "117010327", "oneway": "False", "lanes": "2", "ref": "D023", "name": "Iturbe", "highway": "tertiary", "length": 21.085, "maxspeed": NaN, "bridge": NaN, "access": NaN, "tunnel": NaN, "junction": NaN, "width": NaN, "service": NaN, "roughness": 5.0}}, {"type": "Feature", "geometry": {"type": "LineString", "coordinates": [[-57.2892662, -25.4036852], [-57.2893584, -25.403449]]}, "properties": {"osmid": "117010327", "oneway": "False", "lanes": "2", "ref": "D023", "name": "Iturbe", "highway": "tertiary", "length": 27.849, "maxspeed": NaN, "bridge": NaN, "access": NaN, "tunnel": NaN, "junction": NaN, "width": NaN, "service": NaN, "roughness": 5.0}}, {"type": "Feature", "geometry": {"type": "LineString", "coordinates": [[-57.2893584, -25.403449], [-57.289448, -25.4032523]]}, "properties": {"osmid": "117010327", "oneway": "False", "lanes": "2", "ref": "D023", "name": "Iturbe", "highway": "tertiary", "length": 23.651, "maxspeed": NaN, "bridge": NaN, "access": NaN, "tunnel": NaN, "junction": NaN, "width": NaN, "service": NaN, "roughness": 5.0}}, {"type": "Feature", "geometry": {"type": "LineString", "coordinates": [[-57.289448, -25.4032523], [-57.2897098, -25.4028091]]}, "properties": {"osmid": "117010327", "oneway": "False", "lanes": "2", "ref": "D023", "name": "Iturbe", "highway": "tertiary", "length": 55.859, "maxspeed": NaN, "bridge": NaN, "access": NaN, "tunnel": NaN, "junction": NaN, "width": NaN, "service": NaN, "roughness": 5.0}}, {"type": "Feature", "geometry": {"type": "LineString", "coordinates": [[-57.2897098, -25.4028091], [-57.2884142, -25.4022228]]}, "properties": {"osmid": "814014047", "oneway": "True", "lanes": "2", "ref": "PY02", "name": "Bernardino Caballero Melgarejo", "highway": "trunk", "length": 145.552, "maxspeed": "50", "bridge": NaN, "access": NaN, "tunnel": NaN, "junction": NaN, "width": NaN, "service": NaN, "roughness": 5.0}}, {"type": "Feature", "geometry": {"type": "LineString", "coordinates": [[-57.2884142, -25.4022228], [-57.2881627, -25.4021034]]}, "properties": {"osmid": "814014047", "oneway": "True", "lanes": "2", "ref": "PY02", "name": "Bernardino Caballero Melgarejo", "highway": "trunk", "length": 28.538, "maxspeed": "50", "bridge": NaN, "access": NaN, "tunnel": NaN, "junction": NaN, "width": NaN, "service": NaN, "roughness": 5.0}}, {"type": "Feature", "geometry": {"type": "LineString", "coordinates": [[-57.2881627, -25.4021034], [-57.2878848, -25.4019716]]}, "properties": {"osmid": "814014047", "oneway": "True", "lanes": "2", "ref": "PY02", "name": "Bernardino Caballero Melgarejo", "highway": "trunk", "length": 31.527, "maxspeed": "50", "bridge": NaN, "access": NaN, "tunnel": NaN, "junction": NaN, "width": NaN, "service": NaN, "roughness": 5.0}}, {"type": "Feature", "geometry": {"type": "LineString", "coordinates": [[-57.2878848, -25.4019716], [-57.2867233, -25.4014037]]}, "properties": {"osmid": "814014047", "oneway": "True", "lanes": "2", "ref": "PY02", "name": "Bernardino Caballero Melgarejo", "highway": "trunk", "length": 132.66, "maxspeed": "50", "bridge": NaN, "access": NaN, "tunnel": NaN, "junction": NaN, "width": NaN, "service": NaN, "roughness": 5.0}}, {"type": "Feature", "geometry": {"type": "LineString", "coordinates": [[-57.2867233, -25.4014037], [-57.2853825, -25.4007631]]}, "properties": {"osmid": "814014047", "oneway": "True", "lanes": "2", "ref": "PY02", "name": "Bernardino Caballero Melgarejo", "highway": "trunk", "length": 152.355, "maxspeed": "50", "bridge": NaN, "access": NaN, "tunnel": NaN, "junction": NaN, "width": NaN, "service": NaN, "roughness": 5.0}}, {"type": "Feature", "geometry": {"type": "LineString", "coordinates": [[-57.2853825, -25.4007631], [-57.2840833, -25.4001159]]}, "properties": {"osmid": "814014049", "oneway": "True", "lanes": "2", "ref": "PY02", "name": "Bernardino Caballero Melgarejo", "highway": "trunk", "length": 149.027, "maxspeed": "50", "bridge": NaN, "access": NaN, "tunnel": NaN, "junction": NaN, "width": NaN, "service": NaN, "roughness": 5.0}}, {"type": "Feature", "geometry": {"type": "LineString", "coordinates": [[-57.2840833, -25.4001159], [-57.2827494, -25.3995075]]}, "properties": {"osmid": "814014049", "oneway": "True", "lanes": "2", "ref": "PY02", "name": "Bernardino Caballero Melgarejo", "highway": "trunk", "length": 150.096, "maxspeed": "50", "bridge": NaN, "access": NaN, "tunnel": NaN, "junction": NaN, "width": NaN, "service": NaN, "roughness": 5.0}}, {"type": "Feature", "geometry": {"type": "LineString", "coordinates": [[-57.2827494, -25.3995075], [-57.2815124, -25.3988789]]}, "properties": {"osmid": "814014049", "oneway": "True", "lanes": "2", "ref": "PY02", "name": "Bernardino Caballero Melgarejo", "highway": "trunk", "length": 142.564, "maxspeed": "50", "bridge": NaN, "access": NaN, "tunnel": NaN, "junction": NaN, "width": NaN, "service": NaN, "roughness": 5.0}}, {"type": "Feature", "geometry": {"type": "LineString", "coordinates": [[-57.2815124, -25.3988789], [-57.2807855, -25.3984823]]}, "properties": {"osmid": "814014049", "oneway": "True", "lanes": "2", "ref": "PY02", "name": "Bernardino Caballero Melgarejo", "highway": "trunk", "length": 85.3, "maxspeed": "50", "bridge": NaN, "access": NaN, "tunnel": NaN, "junction": NaN, "width": NaN, "service": NaN, "roughness": 5.0}}, {"type": "Feature", "geometry": {"type": "LineString", "coordinates": [[-57.2807855, -25.3984823], [-57.2805338, -25.3983443]]}, "properties": {"osmid": "814014049", "oneway": "True", "lanes": "2", "ref": "PY02", "name": "Bernardino Caballero Melgarejo", "highway": "trunk", "length": 29.575, "maxspeed": "50", "bridge": NaN, "access": NaN, "tunnel": NaN, "junction": NaN, "width": NaN, "service": NaN, "roughness": 5.0}}, {"type": "Feature", "geometry": {"type": "LineString", "coordinates": [[-57.2805338, -25.3983443], [-57.2801577, -25.398123]]}, "properties": {"osmid": "814014049", "oneway": "True", "lanes": "2", "ref": "PY02", "name": "Bernardino Caballero Melgarejo", "highway": "trunk", "length": 45.086, "maxspeed": "50", "bridge": NaN, "access": NaN, "tunnel": NaN, "junction": NaN, "width": NaN, "service": NaN, "roughness": 5.0}}, {"type": "Feature", "geometry": {"type": "LineString", "coordinates": [[-57.2801577, -25.398123], [-57.2799452, -25.3979748]]}, "properties": {"osmid": "814014049", "oneway": "True", "lanes": "2", "ref": "PY02", "name": "Bernardino Caballero Melgarejo", "highway": "trunk", "length": 26.966, "maxspeed": "50", "bridge": NaN, "access": NaN, "tunnel": NaN, "junction": NaN, "width": NaN, "service": NaN, "roughness": 5.0}}, {"type": "Feature", "geometry": {"type": "LineString", "coordinates": [[-57.2799452, -25.3979748], [-57.2797556, -25.3978111]]}, "properties": {"osmid": "814014049", "oneway": "True", "lanes": "2", "ref": "PY02", "name": "Bernardino Caballero Melgarejo", "highway": "trunk", "length": 26.345, "maxspeed": "50", "bridge": NaN, "access": NaN, "tunnel": NaN, "junction": NaN, "width": NaN, "service": NaN, "roughness": 5.0}}, {"type": "Feature", "geometry": {"type": "LineString", "coordinates": [[-57.2797556, -25.3978111], [-57.2794943, -25.3976341]]}, "properties": {"osmid": "814014049", "oneway": "True", "lanes": "2", "ref": "PY02", "name": "Bernardino Caballero Melgarejo", "highway": "trunk", "length": 32.807, "maxspeed": "50", "bridge": NaN, "access": NaN, "tunnel": NaN, "junction": NaN, "width": NaN, "service": NaN, "roughness": 5.0}}, {"type": "Feature", "geometry": {"type": "LineString", "coordinates": [[-57.2794943, -25.3976341], [-57.2793054, -25.3972905]]}, "properties": {"osmid": "814014049", "oneway": "True", "lanes": "2", "ref": "PY02", "name": "Bernardino Caballero Melgarejo", "highway": "trunk", "length": 42.659, "maxspeed": "50", "bridge": NaN, "access": NaN, "tunnel": NaN, "junction": NaN, "width": NaN, "service": NaN, "roughness": 5.0}}, {"type": "Feature", "geometry": {"type": "LineString", "coordinates": [[-57.2793054, -25.3972905], [-57.2790795, -25.3969295]]}, "properties": {"osmid": "814014049", "oneway": "True", "lanes": "2", "ref": "PY02", "name": "Bernardino Caballero Melgarejo", "highway": "trunk", "length": 46.111, "maxspeed": "50", "bridge": NaN, "access": NaN, "tunnel": NaN, "junction": NaN, "width": NaN, "service": NaN, "roughness": 5.0}}, {"type": "Feature", "geometry": {"type": "LineString", "coordinates": [[-57.2790795, -25.3969295], [-57.278908, -25.3965722]]}, "properties": {"osmid": "814014049", "oneway": "True", "lanes": "2", "ref": "PY02", "name": "Bernardino Caballero Melgarejo", "highway": "trunk", "length": 43.304, "maxspeed": "50", "bridge": NaN, "access": NaN, "tunnel": NaN, "junction": NaN, "width": NaN, "service": NaN, "roughness": 5.0}}, {"type": "Feature", "geometry": {"type": "LineString", "coordinates": [[-57.278908, -25.3965722], [-57.2777797, -25.3940013]]}, "properties": {"osmid": "814014049", "oneway": "True", "lanes": "2", "ref": "PY02", "name": "Bernardino Caballero Melgarejo", "highway": "trunk", "length": 307.519, "maxspeed": "50", "bridge": NaN, "access": NaN, "tunnel": NaN, "junction": NaN, "width": NaN, "service": NaN, "roughness": 5.0}}, {"type": "Feature", "geometry": {"type": "LineString", "coordinates": [[-57.2777797, -25.3940013], [-57.2776336, -25.3936969]]}, "properties": {"osmid": "814014049", "oneway": "True", "lanes": "2", "ref": "PY02", "name": "Bernardino Caballero Melgarejo", "highway": "trunk", "length": 36.893, "maxspeed": "50", "bridge": NaN, "access": NaN, "tunnel": NaN, "junction": NaN, "width": NaN, "service": NaN, "roughness": 5.0}}, {"type": "Feature", "geometry": {"type": "LineString", "coordinates": [[-57.2776336, -25.3936969], [-57.2775006, -25.3934698]]}, "properties": {"osmid": "814014049", "oneway": "True", "lanes": "2", "ref": "PY02", "name": "Bernardino Caballero Melgarejo", "highway": "trunk", "length": 28.569, "maxspeed": "50", "bridge": NaN, "access": NaN, "tunnel": NaN, "junction": NaN, "width": NaN, "service": NaN, "roughness": 5.0}}, {"type": "Feature", "geometry": {"type": "LineString", "coordinates": [[-57.2775006, -25.3934698], [-57.2773231, -25.3932472]]}, "properties": {"osmid": "814014049", "oneway": "True", "lanes": "2", "ref": "PY02", "name": "Bernardino Caballero Melgarejo", "highway": "trunk", "length": 30.505, "maxspeed": "50", "bridge": NaN, "access": NaN, "tunnel": NaN, "junction": NaN, "width": NaN, "service": NaN, "roughness": 5.0}}, {"type": "Feature", "geometry": {"type": "LineString", "coordinates": [[-57.2773231, -25.3932472], [-57.277065, -25.3929818]]}, "properties": {"osmid": "449933670", "oneway": "True", "lanes": "2", "ref": "PY02", "name": "Ruta Nacional Mariscal Estigarribia", "highway": "trunk", "length": 39.282, "maxspeed": NaN, "bridge": NaN, "access": NaN, "tunnel": NaN, "junction": NaN, "width": NaN, "service": NaN, "roughness": 5.0}}, {"type": "Feature", "geometry": {"type": "LineString", "coordinates": [[-57.277065, -25.3929818], [-57.2767762, -25.3927262]]}, "properties": {"osmid": "449933670", "oneway": "True", "lanes": "2", "ref": "PY02", "name": "Ruta Nacional Mariscal Estigarribia", "highway": "trunk", "length": 40.613, "maxspeed": NaN, "bridge": NaN, "access": NaN, "tunnel": NaN, "junction": NaN, "width": NaN, "service": NaN, "roughness": 5.0}}, {"type": "Feature", "geometry": {"type": "LineString", "coordinates": [[-57.2767762, -25.3927262], [-57.2754108, -25.391545]]}, "properties": {"osmid": "449933670", "oneway": "True", "lanes": "2", "ref": "PY02", "name": "Ruta Nacional Mariscal Estigarribia", "highway": "trunk", "length": 189.904, "maxspeed": NaN, "bridge": NaN, "access": NaN, "tunnel": NaN, "junction": NaN, "width": NaN, "service": NaN, "roughness": 5.0}}, {"type": "Feature", "geometry": {"type": "LineString", "coordinates": [[-57.2754108, -25.391545], [-57.275241, -25.391398]]}, "properties": {"osmid": "636330037", "oneway": "True", "lanes": "2", "ref": "PY02", "name": "Ruta Nacional Mariscal Estigarribia", "highway": "trunk", "length": 23.625, "maxspeed": NaN, "bridge": "yes", "access": NaN, "tunnel": NaN, "junction": NaN, "width": NaN, "service": NaN, "roughness": 5.0}}, {"type": "Feature", "geometry": {"type": "LineString", "coordinates": [[-57.275241, -25.391398], [-57.274679, -25.3909119]]}, "properties": {"osmid": "636330038", "oneway": "True", "lanes": "2", "ref": "PY02", "name": "Ruta Nacional Mariscal Estigarribia", "highway": "trunk", "length": 78.159, "maxspeed": NaN, "bridge": NaN, "access": NaN, "tunnel": NaN, "junction": NaN, "width": NaN, "service": NaN, "roughness": 5.0}}, {"type": "Feature", "geometry": {"type": "LineString", "coordinates": [[-57.274679, -25.3909119], [-57.2744576, -25.3907223]]}, "properties": {"osmid": "636330038", "oneway": "True", "lanes": "2", "ref": "PY02", "name": "Ruta Nacional Mariscal Estigarribia", "highway": "trunk", "length": 30.645, "maxspeed": NaN, "bridge": NaN, "access": NaN, "tunnel": NaN, "junction": NaN, "width": NaN, "service": NaN, "roughness": 5.0}}, {"type": "Feature", "geometry": {"type": "LineString", "coordinates": [[-57.2744576, -25.3907223], [-57.2742361, -25.3905327]]}, "properties": {"osmid": "636330035", "oneway": "True", "lanes": "2", "ref": "PY02", "name": "Ruta Nacional Mariscal Estigarribia", "highway": "trunk", "length": 30.652, "maxspeed": NaN, "bridge": "yes", "access": NaN, "tunnel": NaN, "junction": NaN, "width": NaN, "service": NaN, "roughness": 5.0}}, {"type": "Feature", "geometry": {"type": "LineString", "coordinates": [[-57.2742361, -25.3905327], [-57.2740197, -25.3903715]]}, "properties": {"osmid": "636330034", "oneway": "True", "lanes": "2", "ref": "PY02", "name": "Ruta Nacional Mariscal Estigarribia", "highway": "trunk", "length": 28.175, "maxspeed": NaN, "bridge": NaN, "access": NaN, "tunnel": NaN, "junction": NaN, "width": NaN, "service": NaN, "roughness": 5.0}}, {"type": "Feature", "geometry": {"type": "LineString", "coordinates": [[-57.2740197, -25.3903715], [-57.2737979, -25.3902326]]}, "properties": {"osmid": "636330034", "oneway": "True", "lanes": "2", "ref": "PY02", "name": "Ruta Nacional Mariscal Estigarribia", "highway": "trunk", "length": 27.111, "maxspeed": NaN, "bridge": NaN, "access": NaN, "tunnel": NaN, "junction": NaN, "width": NaN, "service": NaN, "roughness": 5.0}}, {"type": "Feature", "geometry": {"type": "LineString", "coordinates": [[-57.2737979, -25.3902326], [-57.2735645, -25.3901106]]}, "properties": {"osmid": "636330034", "oneway": "True", "lanes": "2", "ref": "PY02", "name": "Ruta Nacional Mariscal Estigarribia", "highway": "trunk", "length": 27.088, "maxspeed": NaN, "bridge": NaN, "access": NaN, "tunnel": NaN, "junction": NaN, "width": NaN, "service": NaN, "roughness": 5.0}}, {"type": "Feature", "geometry": {"type": "LineString", "coordinates": [[-57.2735645, -25.3901106], [-57.2732484, -25.3899792]]}, "properties": {"osmid": "636330034", "oneway": "True", "lanes": "2", "ref": "PY02", "name": "Ruta Nacional Mariscal Estigarribia", "highway": "trunk", "length": 34.954, "maxspeed": NaN, "bridge": NaN, "access": NaN, "tunnel": NaN, "junction": NaN, "width": NaN, "service": NaN, "roughness": 5.0}}, {"type": "Feature", "geometry": {"type": "LineString", "coordinates": [[-57.2732484, -25.3899792], [-57.2729292, -25.3898812]]}, "properties": {"osmid": "636330034", "oneway": "True", "lanes": "2", "ref": "PY02", "name": "Ruta Nacional Mariscal Estigarribia", "highway": "trunk", "length": 33.866, "maxspeed": NaN, "bridge": NaN, "access": NaN, "tunnel": NaN, "junction": NaN, "width": NaN, "service": NaN, "roughness": 5.0}}, {"type": "Feature", "geometry": {"type": "LineString", "coordinates": [[-57.2729292, -25.3898812], [-57.2722378, -25.3896832]]}, "properties": {"osmid": "636330034", "oneway": "True", "lanes": "2", "ref": "PY02", "name": "Ruta Nacional Mariscal Estigarribia", "highway": "trunk", "length": 72.861, "maxspeed": NaN, "bridge": NaN, "access": NaN, "tunnel": NaN, "junction": NaN, "width": NaN, "service": NaN, "roughness": 5.0}}, {"type": "Feature", "geometry": {"type": "LineString", "coordinates": [[-57.2722378, -25.3896832], [-57.2716524, -25.3895156]]}, "properties": {"osmid": "636330034", "oneway": "True", "lanes": "2", "ref": "PY02", "name": "Ruta Nacional Mariscal Estigarribia", "highway": "trunk", "length": 61.689, "maxspeed": NaN, "bridge": NaN, "access": NaN, "tunnel": NaN, "junction": NaN, "width": NaN, "service": NaN, "roughness": 5.0}}, {"type": "Feature", "geometry": {"type": "LineString", "coordinates": [[-57.2716524, -25.3895156], [-57.2713527, -25.3894299]]}, "properties": {"osmid": "636330034", "oneway": "True", "lanes": "2", "ref": "PY02", "name": "Ruta Nacional Mariscal Estigarribia", "highway": "trunk", "length": 31.579, "maxspeed": NaN, "bridge": NaN, "access": NaN, "tunnel": NaN, "junction": NaN, "width": NaN, "service": NaN, "roughness": 5.0}}, {"type": "Feature", "geometry": {"type": "LineString", "coordinates": [[-57.2713527, -25.3894299], [-57.2712379, -25.3893919]]}, "properties": {"osmid": "605361482", "oneway": "True", "lanes": "2", "ref": "PY02", "name": "Ruta Nacional Mariscal Estigarribia", "highway": "trunk", "length": 12.282, "maxspeed": NaN, "bridge": NaN, "access": NaN, "tunnel": "yes", "junction": NaN, "width": NaN, "service": NaN, "roughness": 5.0}}, {"type": "Feature", "geometry": {"type": "LineString", "coordinates": [[-57.2712379, -25.3893919], [-57.271166, -25.3893659]]}, "properties": {"osmid": "605361482", "oneway": "True", "lanes": "2", "ref": "PY02", "name": "Ruta Nacional Mariscal Estigarribia", "highway": "trunk", "length": 7.78, "maxspeed": NaN, "bridge": NaN, "access": NaN, "tunnel": "yes", "junction": NaN, "width": NaN, "service": NaN, "roughness": 5.0}}, {"type": "Feature", "geometry": {"type": "LineString", "coordinates": [[-57.271166, -25.3893659], [-57.2701916, -25.389013]]}, "properties": {"osmid": "605361480", "oneway": "True", "lanes": "2", "ref": "PY02", "name": "Ruta Nacional Mariscal Estigarribia", "highway": "trunk", "length": 105.456, "maxspeed": NaN, "bridge": NaN, "access": NaN, "tunnel": NaN, "junction": NaN, "width": NaN, "service": NaN, "roughness": 5.0}}, {"type": "Feature", "geometry": {"type": "LineString", "coordinates": [[-57.2701916, -25.389013], [-57.2692167, -25.3887004]]}, "properties": {"osmid": "605361480", "oneway": "True", "lanes": "2", "ref": "PY02", "name": "Ruta Nacional Mariscal Estigarribia", "highway": "trunk", "length": 103.92, "maxspeed": NaN, "bridge": NaN, "access": NaN, "tunnel": NaN, "junction": NaN, "width": NaN, "service": NaN, "roughness": 5.0}}, {"type": "Feature", "geometry": {"type": "LineString", "coordinates": [[-57.2692167, -25.3887004], [-57.2689239, -25.3886095]]}, "properties": {"osmid": "164484762", "oneway": "True", "lanes": "2", "ref": "PY02", "name": "Ruta Nacional Mariscal Estigarribia", "highway": "trunk", "length": 31.102, "maxspeed": NaN, "bridge": "yes", "access": NaN, "tunnel": NaN, "junction": NaN, "width": NaN, "service": NaN, "roughness": 5.0}}, {"type": "Feature", "geometry": {"type": "LineString", "coordinates": [[-57.2689239, -25.3886095], [-57.2670368, -25.3880052]]}, "properties": {"osmid": "177015299", "oneway": "True", "lanes": "2", "ref": "PY02", "name": "Ruta Nacional Mariscal Estigarribia", "highway": "trunk", "length": 201.128, "maxspeed": NaN, "bridge": NaN, "access": NaN, "tunnel": NaN, "junction": NaN, "width": NaN, "service": NaN, "roughness": 5.0}}, {"type": "Feature", "geometry": {"type": "LineString", "coordinates": [[-57.2670368, -25.3880052], [-57.2666654, -25.38788]]}, "properties": {"osmid": "177015299", "oneway": "True", "lanes": "2", "ref": "PY02", "name": "Ruta Nacional Mariscal Estigarribia", "highway": "trunk", "length": 39.822, "maxspeed": NaN, "bridge": NaN, "access": NaN, "tunnel": NaN, "junction": NaN, "width": NaN, "service": NaN, "roughness": 5.0}}, {"type": "Feature", "geometry": {"type": "LineString", "coordinates": [[-57.2666654, -25.38788], [-57.2663083, -25.387724]]}, "properties": {"osmid": "177015299", "oneway": "True", "lanes": "2", "ref": "PY02", "name": "Ruta Nacional Mariscal Estigarribia", "highway": "trunk", "length": 39.847, "maxspeed": NaN, "bridge": NaN, "access": NaN, "tunnel": NaN, "junction": NaN, "width": NaN, "service": NaN, "roughness": 5.0}}, {"type": "Feature", "geometry": {"type": "LineString", "coordinates": [[-57.2663083, -25.387724], [-57.2660024, -25.387543]]}, "properties": {"osmid": "177015299", "oneway": "True", "lanes": "2", "ref": "PY02", "name": "Ruta Nacional Mariscal Estigarribia", "highway": "trunk", "length": 36.734, "maxspeed": NaN, "bridge": NaN, "access": NaN, "tunnel": NaN, "junction": NaN, "width": NaN, "service": NaN, "roughness": 5.0}}, {"type": "Feature", "geometry": {"type": "LineString", "coordinates": [[-57.2660024, -25.387543], [-57.2657916, -25.3873846]]}, "properties": {"osmid": "177015299", "oneway": "True", "lanes": "2", "ref": "PY02", "name": "Ruta Nacional Mariscal Estigarribia", "highway": "trunk", "length": 27.544, "maxspeed": NaN, "bridge": NaN, "access": NaN, "tunnel": NaN, "junction": NaN, "width": NaN, "service": NaN, "roughness": 5.0}}, {"type": "Feature", "geometry": {"type": "LineString", "coordinates": [[-57.2657916, -25.3873846], [-57.2656001, -25.3872112]]}, "properties": {"osmid": "177015299", "oneway": "True", "lanes": "2", "ref": "PY02", "name": "Ruta Nacional Mariscal Estigarribia", "highway": "trunk", "length": 27.237, "maxspeed": NaN, "bridge": NaN, "access": NaN, "tunnel": NaN, "junction": NaN, "width": NaN, "service": NaN, "roughness": 5.0}}, {"type": "Feature", "geometry": {"type": "LineString", "coordinates": [[-57.2656001, -25.3872112], [-57.2653217, -25.3868964]]}, "properties": {"osmid": "177015299", "oneway": "True", "lanes": "2", "ref": "PY02", "name": "Ruta Nacional Mariscal Estigarribia", "highway": "trunk", "length": 44.805, "maxspeed": NaN, "bridge": NaN, "access": NaN, "tunnel": NaN, "junction": NaN, "width": NaN, "service": NaN, "roughness": 5.0}}, {"type": "Feature", "geometry": {"type": "LineString", "coordinates": [[-57.2653217, -25.3868964], [-57.2650164, -25.3865304]]}, "properties": {"osmid": "177015299", "oneway": "True", "lanes": "2", "ref": "PY02", "name": "Ruta Nacional Mariscal Estigarribia", "highway": "trunk", "length": 50.96, "maxspeed": NaN, "bridge": NaN, "access": NaN, "tunnel": NaN, "junction": NaN, "width": NaN, "service": NaN, "roughness": 5.0}}, {"type": "Feature", "geometry": {"type": "LineString", "coordinates": [[-57.2650164, -25.3865304], [-57.2647108, -25.3861422]]}, "properties": {"osmid": "164484751", "oneway": "True", "lanes": "3", "ref": "PY02", "name": "Ruta Nacional Mariscal Estigarribia", "highway": "trunk", "length": 52.97, "maxspeed": NaN, "bridge": "yes", "access": NaN, "tunnel": NaN, "junction": NaN, "width": NaN, "service": NaN, "roughness": 5.0}}, {"type": "Feature", "geometry": {"type": "LineString", "coordinates": [[-57.2647108, -25.3861422], [-57.264607, -25.3860128]]}, "properties": {"osmid": "636301529", "oneway": "True", "lanes": "3", "ref": "PY02", "name": "Mariscal Jos\u00e9 F\u00e9lix Estigarribia", "highway": "trunk", "length": 17.77, "maxspeed": NaN, "bridge": NaN, "access": NaN, "tunnel": NaN, "junction": NaN, "width": NaN, "service": NaN, "roughness": 5.0}}, {"type": "Feature", "geometry": {"type": "LineString", "coordinates": [[-57.264607, -25.3860128], [-57.2644794, -25.3857731]]}, "properties": {"osmid": "117006507", "oneway": "True", "lanes": "1", "ref": NaN, "name": NaN, "highway": "trunk_link", "length": 29.576, "maxspeed": NaN, "bridge": NaN, "access": NaN, "tunnel": NaN, "junction": NaN, "width": NaN, "service": NaN, "roughness": 5.0}}, {"type": "Feature", "geometry": {"type": "LineString", "coordinates": [[-57.2644794, -25.3857731], [-57.2644043, -25.3856175]]}, "properties": {"osmid": "117006507", "oneway": "True", "lanes": "1", "ref": NaN, "name": NaN, "highway": "trunk_link", "length": 18.875, "maxspeed": NaN, "bridge": NaN, "access": NaN, "tunnel": NaN, "junction": NaN, "width": NaN, "service": NaN, "roughness": 5.0}}, {"type": "Feature", "geometry": {"type": "LineString", "coordinates": [[-57.2644043, -25.3856175], [-57.264327, -25.3853971]]}, "properties": {"osmid": "117006507", "oneway": "True", "lanes": "1", "ref": NaN, "name": NaN, "highway": "trunk_link", "length": 25.708, "maxspeed": NaN, "bridge": NaN, "access": NaN, "tunnel": NaN, "junction": NaN, "width": NaN, "service": NaN, "roughness": 5.0}}, {"type": "Feature", "geometry": {"type": "LineString", "coordinates": [[-57.264327, -25.3853971], [-57.2642791, -25.3852168]]}, "properties": {"osmid": "117006507", "oneway": "True", "lanes": "1", "ref": NaN, "name": NaN, "highway": "trunk_link", "length": 20.618, "maxspeed": NaN, "bridge": NaN, "access": NaN, "tunnel": NaN, "junction": NaN, "width": NaN, "service": NaN, "roughness": 5.0}}, {"type": "Feature", "geometry": {"type": "LineString", "coordinates": [[-57.2642791, -25.3852168], [-57.2642407, -25.3850301]]}, "properties": {"osmid": "117006507", "oneway": "True", "lanes": "1", "ref": NaN, "name": NaN, "highway": "trunk_link", "length": 21.115, "maxspeed": NaN, "bridge": NaN, "access": NaN, "tunnel": NaN, "junction": NaN, "width": NaN, "service": NaN, "roughness": 5.0}}, {"type": "Feature", "geometry": {"type": "LineString", "coordinates": [[-57.2642407, -25.3850301], [-57.264168, -25.3846316]]}, "properties": {"osmid": "164484776", "oneway": "True", "lanes": "1", "ref": NaN, "name": NaN, "highway": "trunk_link", "length": 44.909, "maxspeed": NaN, "bridge": "yes", "access": NaN, "tunnel": NaN, "junction": NaN, "width": NaN, "service": NaN, "roughness": 5.0}}, {"type": "Feature", "geometry": {"type": "LineString", "coordinates": [[-57.264168, -25.3846316], [-57.2640737, -25.3843699]]}, "properties": {"osmid": "117006506", "oneway": "True", "lanes": "2", "ref": NaN, "name": NaN, "highway": "trunk_link", "length": 30.603, "maxspeed": NaN, "bridge": NaN, "access": NaN, "tunnel": NaN, "junction": NaN, "width": NaN, "service": NaN, "roughness": 5.0}}, {"type": "Feature", "geometry": {"type": "LineString", "coordinates": [[-57.2640737, -25.3843699], [-57.2639443, -25.3841388]]}, "properties": {"osmid": "117006506", "oneway": "True", "lanes": "2", "ref": NaN, "name": NaN, "highway": "trunk_link", "length": 28.798, "maxspeed": NaN, "bridge": NaN, "access": NaN, "tunnel": NaN, "junction": NaN, "width": NaN, "service": NaN, "roughness": 5.0}}, {"type": "Feature", "geometry": {"type": "LineString", "coordinates": [[-57.2639443, -25.3841388], [-57.2637983, -25.3839456]]}, "properties": {"osmid": "117006506", "oneway": "True", "lanes": "2", "ref": NaN, "name": NaN, "highway": "trunk_link", "length": 26.012, "maxspeed": NaN, "bridge": NaN, "access": NaN, "tunnel": NaN, "junction": NaN, "width": NaN, "service": NaN, "roughness": 5.0}}, {"type": "Feature", "geometry": {"type": "LineString", "coordinates": [[-57.2637983, -25.3839456], [-57.2636051, -25.3837281]]}, "properties": {"osmid": "117006506", "oneway": "True", "lanes": "2", "ref": NaN, "name": NaN, "highway": "trunk_link", "length": 31.01, "maxspeed": NaN, "bridge": NaN, "access": NaN, "tunnel": NaN, "junction": NaN, "width": NaN, "service": NaN, "roughness": 5.0}}, {"type": "Feature", "geometry": {"type": "LineString", "coordinates": [[-57.2636051, -25.3837281], [-57.2633842, -25.3835075]]}, "properties": {"osmid": "449879294", "oneway": "True", "lanes": "1", "ref": NaN, "name": NaN, "highway": "trunk_link", "length": 33.078, "maxspeed": NaN, "bridge": NaN, "access": NaN, "tunnel": NaN, "junction": NaN, "width": NaN, "service": NaN, "roughness": 5.0}}, {"type": "Feature", "geometry": {"type": "LineString", "coordinates": [[-57.2633842, -25.3835075], [-57.2631654, -25.3832621]]}, "properties": {"osmid": "449879515", "oneway": "True", "lanes": "1", "ref": NaN, "name": NaN, "highway": "trunk_link", "length": 35.039, "maxspeed": NaN, "bridge": NaN, "access": NaN, "tunnel": NaN, "junction": NaN, "width": NaN, "service": NaN, "roughness": 5.0}}, {"type": "Feature", "geometry": {"type": "LineString", "coordinates": [[-57.2631654, -25.3832621], [-57.2629206, -25.3829036]]}, "properties": {"osmid": "449879514", "oneway": "True", "lanes": "1", "ref": NaN, "name": "Avenida Rodolfo Guillermo Naumann Limprich", "highway": "primary", "length": 46.839, "maxspeed": NaN, "bridge": NaN, "access": NaN, "tunnel": NaN, "junction": NaN, "width": NaN, "service": NaN, "roughness": 5.0}}, {"type": "Feature", "geometry": {"type": "LineString", "coordinates": [[-57.2629206, -25.3829036], [-57.2627564, -25.3826858]]}, "properties": {"osmid": "449879292", "oneway": "True", "lanes": "2", "ref": "D012", "name": "Avenida Rodolfo Guillermo Naumann Limprich", "highway": "primary", "length": 29.302, "maxspeed": NaN, "bridge": NaN, "access": NaN, "tunnel": NaN, "junction": NaN, "width": NaN, "service": NaN, "roughness": 5.0}}, {"type": "Feature", "geometry": {"type": "LineString", "coordinates": [[-57.2627564, -25.3826858], [-57.2627197, -25.382631]]}, "properties": {"osmid": "449879292", "oneway": "True", "lanes": "2", "ref": "D012", "name": "Avenida Rodolfo Guillermo Naumann Limprich", "highway": "primary", "length": 7.122, "maxspeed": NaN, "bridge": NaN, "access": NaN, "tunnel": NaN, "junction": NaN, "width": NaN, "service": NaN, "roughness": 5.0}}, {"type": "Feature", "geometry": {"type": "LineString", "coordinates": [[-57.2627197, -25.382631], [-57.2626055, -25.3824378]]}, "properties": {"osmid": "449879292", "oneway": "True", "lanes": "2", "ref": "D012", "name": "Avenida Rodolfo Guillermo Naumann Limprich", "highway": "primary", "length": 24.354, "maxspeed": NaN, "bridge": NaN, "access": NaN, "tunnel": NaN, "junction": NaN, "width": NaN, "service": NaN, "roughness": 5.0}}, {"type": "Feature", "geometry": {"type": "LineString", "coordinates": [[-57.2626055, -25.3824378], [-57.2624986, -25.3822196]]}, "properties": {"osmid": "449879292", "oneway": "True", "lanes": "2", "ref": "D012", "name": "Avenida Rodolfo Guillermo Naumann Limprich", "highway": "primary", "length": 26.533, "maxspeed": NaN, "bridge": NaN, "access": NaN, "tunnel": NaN, "junction": NaN, "width": NaN, "service": NaN, "roughness": 5.0}}, {"type": "Feature", "geometry": {"type": "LineString", "coordinates": [[-57.2624986, -25.3822196], [-57.262453, -25.3820646]]}, "properties": {"osmid": "449879292", "oneway": "True", "lanes": "2", "ref": "D012", "name": "Avenida Rodolfo Guillermo Naumann Limprich", "highway": "primary", "length": 17.834, "maxspeed": NaN, "bridge": NaN, "access": NaN, "tunnel": NaN, "junction": NaN, "width": NaN, "service": NaN, "roughness": 5.0}}, {"type": "Feature", "geometry": {"type": "LineString", "coordinates": [[-57.262453, -25.3820646], [-57.2624253, -25.3819178]]}, "properties": {"osmid": "449879292", "oneway": "True", "lanes": "2", "ref": "D012", "name": "Avenida Rodolfo Guillermo Naumann Limprich", "highway": "primary", "length": 16.559, "maxspeed": NaN, "bridge": NaN, "access": NaN, "tunnel": NaN, "junction": NaN, "width": NaN, "service": NaN, "roughness": 5.0}}, {"type": "Feature", "geometry": {"type": "LineString", "coordinates": [[-57.2624253, -25.3819178], [-57.2623996, -25.3817423]]}, "properties": {"osmid": "449879292", "oneway": "True", "lanes": "2", "ref": "D012", "name": "Avenida Rodolfo Guillermo Naumann Limprich", "highway": "primary", "length": 19.685, "maxspeed": NaN, "bridge": NaN, "access": NaN, "tunnel": NaN, "junction": NaN, "width": NaN, "service": NaN, "roughness": 5.0}}, {"type": "Feature", "geometry": {"type": "LineString", "coordinates": [[-57.2623996, -25.3817423], [-57.262401, -25.3815787]]}, "properties": {"osmid": "449879292", "oneway": "True", "lanes": "2", "ref": "D012", "name": "Avenida Rodolfo Guillermo Naumann Limprich", "highway": "primary", "length": 18.192, "maxspeed": NaN, "bridge": NaN, "access": NaN, "tunnel": NaN, "junction": NaN, "width": NaN, "service": NaN, "roughness": 5.0}}, {"type": "Feature", "geometry": {"type": "LineString", "coordinates": [[-57.262401, -25.3815787], [-57.262409, -25.3814279]]}, "properties": {"osmid": "449879292", "oneway": "True", "lanes": "2", "ref": "D012", "name": "Avenida Rodolfo Guillermo Naumann Limprich", "highway": "primary", "length": 16.787, "maxspeed": NaN, "bridge": NaN, "access": NaN, "tunnel": NaN, "junction": NaN, "width": NaN, "service": NaN, "roughness": 5.0}}, {"type": "Feature", "geometry": {"type": "LineString", "coordinates": [[-57.262409, -25.3814279], [-57.2624694, -25.3802895]]}, "properties": {"osmid": "449879292", "oneway": "True", "lanes": "2", "ref": "D012", "name": "Avenida Rodolfo Guillermo Naumann Limprich", "highway": "primary", "length": 126.73, "maxspeed": NaN, "bridge": NaN, "access": NaN, "tunnel": NaN, "junction": NaN, "width": NaN, "service": NaN, "roughness": 5.0}}, {"type": "Feature", "geometry": {"type": "LineString", "coordinates": [[-57.2624694, -25.3802895], [-57.2625375, -25.3798686]]}, "properties": {"osmid": "449879292", "oneway": "True", "lanes": "2", "ref": "D012", "name": "Avenida Rodolfo Guillermo Naumann Limprich", "highway": "primary", "length": 47.299, "maxspeed": NaN, "bridge": NaN, "access": NaN, "tunnel": NaN, "junction": NaN, "width": NaN, "service": NaN, "roughness": 5.0}}, {"type": "Feature", "geometry": {"type": "LineString", "coordinates": [[-57.2625375, -25.3798686], [-57.2626548, -25.3781963]]}, "properties": {"osmid": "854526799", "oneway": "False", "lanes": "2", "ref": "D012", "name": "Ruta Departamental 12", "highway": "primary", "length": 186.325, "maxspeed": "60", "bridge": NaN, "access": NaN, "tunnel": NaN, "junction": NaN, "width": NaN, "service": NaN, "roughness": 5.0}}, {"type": "Feature", "geometry": {"type": "LineString", "coordinates": [[-57.2626548, -25.3781963], [-57.2626606, -25.3781124]]}, "properties": {"osmid": "854526800", "oneway": "False", "lanes": "2", "ref": "D012", "name": "Ruta Departamental 12", "highway": "primary", "length": 9.347, "maxspeed": "60", "bridge": "yes", "access": NaN, "tunnel": NaN, "junction": NaN, "width": NaN, "service": NaN, "roughness": 5.0}}, {"type": "Feature", "geometry": {"type": "LineString", "coordinates": [[-57.2626606, -25.3781124], [-57.2627548, -25.3767695]]}, "properties": {"osmid": "164484771", "oneway": "False", "lanes": "2", "ref": "D012", "name": "Ruta Departamental 12", "highway": "primary", "length": 149.623, "maxspeed": "60", "bridge": NaN, "access": NaN, "tunnel": NaN, "junction": NaN, "width": NaN, "service": NaN, "roughness": 5.0}}, {"type": "Feature", "geometry": {"type": "LineString", "coordinates": [[-57.2627548, -25.3767695], [-57.2628835, -25.3747707]]}, "properties": {"osmid": "164484771", "oneway": "False", "lanes": "2", "ref": "D012", "name": "Ruta Departamental 12", "highway": "primary", "length": 222.633, "maxspeed": "60", "bridge": NaN, "access": NaN, "tunnel": NaN, "junction": NaN, "width": NaN, "service": NaN, "roughness": 5.0}}, {"type": "Feature", "geometry": {"type": "LineString", "coordinates": [[-57.2628835, -25.3747707], [-57.2631453, -25.372734]]}, "properties": {"osmid": "164484771", "oneway": "False", "lanes": "2", "ref": "D012", "name": "Ruta Departamental 12", "highway": "primary", "length": 227.993, "maxspeed": "60", "bridge": NaN, "access": NaN, "tunnel": NaN, "junction": NaN, "width": NaN, "service": NaN, "roughness": 5.0}}, {"type": "Feature", "geometry": {"type": "LineString", "coordinates": [[-57.2631453, -25.372734], [-57.263329, -25.3714873]]}, "properties": {"osmid": "164484771", "oneway": "False", "lanes": "2", "ref": "D012", "name": "Ruta Departamental 12", "highway": "primary", "length": 139.85, "maxspeed": "60", "bridge": NaN, "access": NaN, "tunnel": NaN, "junction": NaN, "width": NaN, "service": NaN, "roughness": 5.0}}, {"type": "Feature", "geometry": {"type": "LineString", "coordinates": [[-57.263329, -25.3714873], [-57.2635809, -25.3697783]]}, "properties": {"osmid": "164484771", "oneway": "False", "lanes": "2", "ref": "D012", "name": "Ruta Departamental 12", "highway": "primary", "length": 191.71, "maxspeed": "60", "bridge": NaN, "access": NaN, "tunnel": NaN, "junction": NaN, "width": NaN, "service": NaN, "roughness": 5.0}}, {"type": "Feature", "geometry": {"type": "LineString", "coordinates": [[-57.2635809, -25.3697783], [-57.2639968, -25.3671022]]}, "properties": {"osmid": "164484771", "oneway": "False", "lanes": "2", "ref": "D012", "name": "Ruta Departamental 12", "highway": "primary", "length": 300.489, "maxspeed": "60", "bridge": NaN, "access": NaN, "tunnel": NaN, "junction": NaN, "width": NaN, "service": NaN, "roughness": 5.0}}, {"type": "Feature", "geometry": {"type": "LineString", "coordinates": [[-57.2639968, -25.3671022], [-57.2640719, -25.3666184]]}, "properties": {"osmid": "164484785", "oneway": "False", "lanes": "2", "ref": "D012", "name": "Avenida Rodolfo Guillermo Naumann Limprich", "highway": "primary", "length": 54.323, "maxspeed": NaN, "bridge": "yes", "access": NaN, "tunnel": NaN, "junction": NaN, "width": NaN, "service": NaN, "roughness": 5.0}}, {"type": "Feature", "geometry": {"type": "LineString", "coordinates": [[-57.2640719, -25.3666184], [-57.2641817, -25.3658729]]}, "properties": {"osmid": "164432693", "oneway": "False", "lanes": "2", "ref": "D012", "name": "Avenida Rodolfo Guillermo Naumann Limprich", "highway": "primary", "length": 83.627, "maxspeed": "60", "bridge": NaN, "access": NaN, "tunnel": NaN, "junction": NaN, "width": NaN, "service": NaN, "roughness": 5.0}}, {"type": "Feature", "geometry": {"type": "LineString", "coordinates": [[-57.2641817, -25.3658729], [-57.2641959, -25.3657785]]}, "properties": {"osmid": "164432693", "oneway": "False", "lanes": "2", "ref": "D012", "name": "Avenida Rodolfo Guillermo Naumann Limprich", "highway": "primary", "length": 10.593, "maxspeed": "60", "bridge": NaN, "access": NaN, "tunnel": NaN, "junction": NaN, "width": NaN, "service": NaN, "roughness": 5.0}}, {"type": "Feature", "geometry": {"type": "LineString", "coordinates": [[-57.2641959, -25.3657785], [-57.2643374, -25.3648359]]}, "properties": {"osmid": "164432693", "oneway": "False", "lanes": "2", "ref": "D012", "name": "Avenida Rodolfo Guillermo Naumann Limprich", "highway": "primary", "length": 105.772, "maxspeed": "60", "bridge": NaN, "access": NaN, "tunnel": NaN, "junction": NaN, "width": NaN, "service": NaN, "roughness": 5.0}}, {"type": "Feature", "geometry": {"type": "LineString", "coordinates": [[-57.2643374, -25.3648359], [-57.2645096, -25.3640103]]}, "properties": {"osmid": "164432693", "oneway": "False", "lanes": "2", "ref": "D012", "name": "Avenida Rodolfo Guillermo Naumann Limprich", "highway": "primary", "length": 93.419, "maxspeed": "60", "bridge": NaN, "access": NaN, "tunnel": NaN, "junction": NaN, "width": NaN, "service": NaN, "roughness": 5.0}}, {"type": "Feature", "geometry": {"type": "LineString", "coordinates": [[-57.2645096, -25.3640103], [-57.264624, -25.3635698]]}, "properties": {"osmid": "164432693", "oneway": "False", "lanes": "2", "ref": "D012", "name": "Avenida Rodolfo Guillermo Naumann Limprich", "highway": "primary", "length": 50.312, "maxspeed": "60", "bridge": NaN, "access": NaN, "tunnel": NaN, "junction": NaN, "width": NaN, "service": NaN, "roughness": 5.0}}, {"type": "Feature", "geometry": {"type": "LineString", "coordinates": [[-57.264624, -25.3635698], [-57.2646631, -25.363419]]}, "properties": {"osmid": "164432693", "oneway": "False", "lanes": "2", "ref": "D012", "name": "Avenida Rodolfo Guillermo Naumann Limprich", "highway": "primary", "length": 17.222, "maxspeed": "60", "bridge": NaN, "access": NaN, "tunnel": NaN, "junction": NaN, "width": NaN, "service": NaN, "roughness": 5.0}}, {"type": "Feature", "geometry": {"type": "LineString", "coordinates": [[-57.2646631, -25.363419], [-57.2651998, -25.3618275]]}, "properties": {"osmid": "164432693", "oneway": "False", "lanes": "2", "ref": "D012", "name": "Avenida Rodolfo Guillermo Naumann Limprich", "highway": "primary", "length": 185.001, "maxspeed": "60", "bridge": NaN, "access": NaN, "tunnel": NaN, "junction": NaN, "width": NaN, "service": NaN, "roughness": 5.0}}, {"type": "Feature", "geometry": {"type": "LineString", "coordinates": [[-57.2651998, -25.3618275], [-57.2654696, -25.3609832]]}, "properties": {"osmid": "164432693", "oneway": "False", "lanes": "2", "ref": "D012", "name": "Avenida Rodolfo Guillermo Naumann Limprich", "highway": "primary", "length": 97.718, "maxspeed": "60", "bridge": NaN, "access": NaN, "tunnel": NaN, "junction": NaN, "width": NaN, "service": NaN, "roughness": 5.0}}, {"type": "Feature", "geometry": {"type": "LineString", "coordinates": [[-57.2654696, -25.3609832], [-57.2658414, -25.3598195]]}, "properties": {"osmid": "164432693", "oneway": "False", "lanes": "2", "ref": "D012", "name": "Avenida Rodolfo Guillermo Naumann Limprich", "highway": "primary", "length": 134.683, "maxspeed": "60", "bridge": NaN, "access": NaN, "tunnel": NaN, "junction": NaN, "width": NaN, "service": NaN, "roughness": 5.0}}, {"type": "Feature", "geometry": {"type": "LineString", "coordinates": [[-57.2658414, -25.3598195], [-57.2662168, -25.3586625]]}, "properties": {"osmid": "164432693", "oneway": "False", "lanes": "2", "ref": "D012", "name": "Avenida Rodolfo Guillermo Naumann Limprich", "highway": "primary", "length": 134.068, "maxspeed": "60", "bridge": NaN, "access": NaN, "tunnel": NaN, "junction": NaN, "width": NaN, "service": NaN, "roughness": 5.0}}, {"type": "Feature", "geometry": {"type": "LineString", "coordinates": [[-57.2662168, -25.3586625], [-57.2666678, -25.3572722]]}, "properties": {"osmid": "164432693", "oneway": "False", "lanes": "2", "ref": "D012", "name": "Avenida Rodolfo Guillermo Naumann Limprich", "highway": "primary", "length": 161.1, "maxspeed": "60", "bridge": NaN, "access": NaN, "tunnel": NaN, "junction": NaN, "width": NaN, "service": NaN, "roughness": 5.0}}, {"type": "Feature", "geometry": {"type": "LineString", "coordinates": [[-57.2666678, -25.3572722], [-57.2666984, -25.3571853]]}, "properties": {"osmid": "164432693", "oneway": "False", "lanes": "2", "ref": "D012", "name": "Avenida Rodolfo Guillermo Naumann Limprich", "highway": "primary", "length": 10.14, "maxspeed": "60", "bridge": NaN, "access": NaN, "tunnel": NaN, "junction": NaN, "width": NaN, "service": NaN, "roughness": 5.0}}, {"type": "Feature", "geometry": {"type": "LineString", "coordinates": [[-57.2666984, -25.3571853], [-57.266771, -25.3569515]]}, "properties": {"osmid": "164432693", "oneway": "False", "lanes": "2", "ref": "D012", "name": "Avenida Rodolfo Guillermo Naumann Limprich", "highway": "primary", "length": 27.002, "maxspeed": "60", "bridge": NaN, "access": NaN, "tunnel": NaN, "junction": NaN, "width": NaN, "service": NaN, "roughness": 5.0}}, {"type": "Feature", "geometry": {"type": "LineString", "coordinates": [[-57.266771, -25.3569515], [-57.2672394, -25.3554422]]}, "properties": {"osmid": "164432693", "oneway": "False", "lanes": "2", "ref": "D012", "name": "Avenida Rodolfo Guillermo Naumann Limprich", "highway": "primary", "length": 174.302, "maxspeed": "60", "bridge": NaN, "access": NaN, "tunnel": NaN, "junction": NaN, "width": NaN, "service": NaN, "roughness": 5.0}}, {"type": "Feature", "geometry": {"type": "LineString", "coordinates": [[-57.2672394, -25.3554422], [-57.2674628, -25.3547515]]}, "properties": {"osmid": "164432693", "oneway": "False", "lanes": "2", "ref": "D012", "name": "Avenida Rodolfo Guillermo Naumann Limprich", "highway": "primary", "length": 80.016, "maxspeed": "60", "bridge": NaN, "access": NaN, "tunnel": NaN, "junction": NaN, "width": NaN, "service": NaN, "roughness": 5.0}}, {"type": "Feature", "geometry": {"type": "LineString", "coordinates": [[-57.2674628, -25.3547515], [-57.267543, -25.3545034]]}, "properties": {"osmid": "164432693", "oneway": "False", "lanes": "2", "ref": "D012", "name": "Avenida Rodolfo Guillermo Naumann Limprich", "highway": "primary", "length": 28.74, "maxspeed": "60", "bridge": NaN, "access": NaN, "tunnel": NaN, "junction": NaN, "width": NaN, "service": NaN, "roughness": 5.0}}, {"type": "Feature", "geometry": {"type": "LineString", "coordinates": [[-57.267543, -25.3545034], [-57.2679443, -25.3534573]]}, "properties": {"osmid": "164432693", "oneway": "False", "lanes": "2", "ref": "D012", "name": "Avenida Rodolfo Guillermo Naumann Limprich", "highway": "primary", "length": 123.112, "maxspeed": "60", "bridge": NaN, "access": NaN, "tunnel": NaN, "junction": NaN, "width": NaN, "service": NaN, "roughness": 5.0}}, {"type": "Feature", "geometry": {"type": "LineString", "coordinates": [[-57.2679443, -25.3534573], [-57.268286, -25.3527195]]}, "properties": {"osmid": "164432693", "oneway": "False", "lanes": "2", "ref": "D012", "name": "Avenida Rodolfo Guillermo Naumann Limprich", "highway": "primary", "length": 88.935, "maxspeed": "60", "bridge": NaN, "access": NaN, "tunnel": NaN, "junction": NaN, "width": NaN, "service": NaN, "roughness": 5.0}}, {"type": "Feature", "geometry": {"type": "LineString", "coordinates": [[-57.268286, -25.3527195], [-57.2685488, -25.3521499]]}, "properties": {"osmid": "164432693", "oneway": "False", "lanes": "2", "ref": "D012", "name": "Avenida Rodolfo Guillermo Naumann Limprich", "highway": "primary", "length": 68.621, "maxspeed": "60", "bridge": NaN, "access": NaN, "tunnel": NaN, "junction": NaN, "width": NaN, "service": NaN, "roughness": 5.0}}, {"type": "Feature", "geometry": {"type": "LineString", "coordinates": [[-57.2685488, -25.3521499], [-57.2690198, -25.3513316]]}, "properties": {"osmid": "164432693", "oneway": "False", "lanes": "2", "ref": "D012", "name": "Avenida Rodolfo Guillermo Naumann Limprich", "highway": "primary", "length": 102.564, "maxspeed": "60", "bridge": NaN, "access": NaN, "tunnel": NaN, "junction": NaN, "width": NaN, "service": NaN, "roughness": 5.0}}, {"type": "Feature", "geometry": {"type": "LineString", "coordinates": [[-57.2690198, -25.3513316], [-57.2701064, -25.3494886]]}, "properties": {"osmid": "164432693", "oneway": "False", "lanes": "2", "ref": "D012", "name": "Avenida Rodolfo Guillermo Naumann Limprich", "highway": "primary", "length": 232.206, "maxspeed": "60", "bridge": NaN, "access": NaN, "tunnel": NaN, "junction": NaN, "width": NaN, "service": NaN, "roughness": 5.0}}, {"type": "Feature", "geometry": {"type": "LineString", "coordinates": [[-57.2701064, -25.3494886], [-57.2710851, -25.3478517]]}, "properties": {"osmid": "164432693", "oneway": "False", "lanes": "2", "ref": "D012", "name": "Avenida Rodolfo Guillermo Naumann Limprich", "highway": "primary", "length": 206.886, "maxspeed": "60", "bridge": NaN, "access": NaN, "tunnel": NaN, "junction": NaN, "width": NaN, "service": NaN, "roughness": 5.0}}, {"type": "Feature", "geometry": {"type": "LineString", "coordinates": [[-57.2710851, -25.3478517], [-57.2715212, -25.3471066]]}, "properties": {"osmid": "164432693", "oneway": "False", "lanes": "2", "ref": "D012", "name": "Avenida Rodolfo Guillermo Naumann Limprich", "highway": "primary", "length": 93.728, "maxspeed": "60", "bridge": NaN, "access": NaN, "tunnel": NaN, "junction": NaN, "width": NaN, "service": NaN, "roughness": 5.0}}, {"type": "Feature", "geometry": {"type": "LineString", "coordinates": [[-57.2715212, -25.3471066], [-57.272364, -25.3456667]]}, "properties": {"osmid": "164432693", "oneway": "False", "lanes": "2", "ref": "D012", "name": "Avenida Rodolfo Guillermo Naumann Limprich", "highway": "primary", "length": 181.13, "maxspeed": "60", "bridge": NaN, "access": NaN, "tunnel": NaN, "junction": NaN, "width": NaN, "service": NaN, "roughness": 5.0}}, {"type": "Feature", "geometry": {"type": "LineString", "coordinates": [[-57.272364, -25.3456667], [-57.2729076, -25.3447291]]}, "properties": {"osmid": "164432693", "oneway": "False", "lanes": "2", "ref": "D012", "name": "Avenida Rodolfo Guillermo Naumann Limprich", "highway": "primary", "length": 117.701, "maxspeed": "60", "bridge": NaN, "access": NaN, "tunnel": NaN, "junction": NaN, "width": NaN, "service": NaN, "roughness": 5.0}}, {"type": "Feature", "geometry": {"type": "LineString", "coordinates": [[-57.2729076, -25.3447291], [-57.2729421, -25.3446696]]}, "properties": {"osmid": "164432693", "oneway": "False", "lanes": "2", "ref": "D012", "name": "Avenida Rodolfo Guillermo Naumann Limprich", "highway": "primary", "length": 7.469, "maxspeed": "60", "bridge": NaN, "access": NaN, "tunnel": NaN, "junction": NaN, "width": NaN, "service": NaN, "roughness": 5.0}}, {"type": "Feature", "geometry": {"type": "LineString", "coordinates": [[-57.2729421, -25.3446696], [-57.2736582, -25.3434345]]}, "properties": {"osmid": "164432693", "oneway": "False", "lanes": "2", "ref": "D012", "name": "Avenida Rodolfo Guillermo Naumann Limprich", "highway": "primary", "length": 155.049, "maxspeed": "60", "bridge": NaN, "access": NaN, "tunnel": NaN, "junction": NaN, "width": NaN, "service": NaN, "roughness": 5.0}}, {"type": "Feature", "geometry": {"type": "LineString", "coordinates": [[-57.2736582, -25.3434345], [-57.2737028, -25.3433576]]}, "properties": {"osmid": "164432693", "oneway": "False", "lanes": "2", "ref": "D012", "name": "Avenida Rodolfo Guillermo Naumann Limprich", "highway": "primary", "length": 9.654, "maxspeed": "60", "bridge": NaN, "access": NaN, "tunnel": NaN, "junction": NaN, "width": NaN, "service": NaN, "roughness": 5.0}}, {"type": "Feature", "geometry": {"type": "LineString", "coordinates": [[-57.2737028, -25.3433576], [-57.2739355, -25.3429321]]}, "properties": {"osmid": "164432693", "oneway": "False", "lanes": "2", "ref": "D012", "name": "Avenida Rodolfo Guillermo Naumann Limprich", "highway": "primary", "length": 52.777, "maxspeed": "60", "bridge": NaN, "access": NaN, "tunnel": NaN, "junction": NaN, "width": NaN, "service": NaN, "roughness": 5.0}}, {"type": "Feature", "geometry": {"type": "LineString", "coordinates": [[-57.2739355, -25.3429321], [-57.2740208, -25.3427239]]}, "properties": {"osmid": "164432693", "oneway": "False", "lanes": "2", "ref": "D012", "name": "Avenida Rodolfo Guillermo Naumann Limprich", "highway": "primary", "length": 24.687, "maxspeed": "60", "bridge": NaN, "access": NaN, "tunnel": NaN, "junction": NaN, "width": NaN, "service": NaN, "roughness": 5.0}}, {"type": "Feature", "geometry": {"type": "LineString", "coordinates": [[-57.2740208, -25.3427239], [-57.2740761, -25.3425151]]}, "properties": {"osmid": "164432693", "oneway": "False", "lanes": "2", "ref": "D012", "name": "Avenida Rodolfo Guillermo Naumann Limprich", "highway": "primary", "length": 23.873, "maxspeed": "60", "bridge": NaN, "access": NaN, "tunnel": NaN, "junction": NaN, "width": NaN, "service": NaN, "roughness": 5.0}}, {"type": "Feature", "geometry": {"type": "LineString", "coordinates": [[-57.2740761, -25.3425151], [-57.2741005, -25.3423399]]}, "properties": {"osmid": "164432693", "oneway": "False", "lanes": "2", "ref": "D012", "name": "Avenida Rodolfo Guillermo Naumann Limprich", "highway": "primary", "length": 19.635, "maxspeed": "60", "bridge": NaN, "access": NaN, "tunnel": NaN, "junction": NaN, "width": NaN, "service": NaN, "roughness": 5.0}}, {"type": "Feature", "geometry": {"type": "LineString", "coordinates": [[-57.2741005, -25.3423399], [-57.2741128, -25.3421462]]}, "properties": {"osmid": "164432693", "oneway": "False", "lanes": "2", "ref": "D012", "name": "Avenida Rodolfo Guillermo Naumann Limprich", "highway": "primary", "length": 21.574, "maxspeed": "60", "bridge": NaN, "access": NaN, "tunnel": NaN, "junction": NaN, "width": NaN, "service": NaN, "roughness": 5.0}}, {"type": "Feature", "geometry": {"type": "LineString", "coordinates": [[-57.2741128, -25.3421462], [-57.2740997, -25.3419557]]}, "properties": {"osmid": "164432693", "oneway": "False", "lanes": "2", "ref": "D012", "name": "Avenida Rodolfo Guillermo Naumann Limprich", "highway": "primary", "length": 21.224, "maxspeed": "60", "bridge": NaN, "access": NaN, "tunnel": NaN, "junction": NaN, "width": NaN, "service": NaN, "roughness": 5.0}}, {"type": "Feature", "geometry": {"type": "LineString", "coordinates": [[-57.2740997, -25.3419557], [-57.2740461, -25.3417545]]}, "properties": {"osmid": "164432693", "oneway": "False", "lanes": "2", "ref": "D012", "name": "Avenida Rodolfo Guillermo Naumann Limprich", "highway": "primary", "length": 23.012, "maxspeed": "60", "bridge": NaN, "access": NaN, "tunnel": NaN, "junction": NaN, "width": NaN, "service": NaN, "roughness": 5.0}}, {"type": "Feature", "geometry": {"type": "LineString", "coordinates": [[-57.2740461, -25.3417545], [-57.2730628, -25.3383819]]}, "properties": {"osmid": "164432693", "oneway": "False", "lanes": "2", "ref": "D012", "name": "Avenida Rodolfo Guillermo Naumann Limprich", "highway": "primary", "length": 387.817, "maxspeed": "60", "bridge": NaN, "access": NaN, "tunnel": NaN, "junction": NaN, "width": NaN, "service": NaN, "roughness": 5.0}}, {"type": "Feature", "geometry": {"type": "LineString", "coordinates": [[-57.2730628, -25.3383819], [-57.2713873, -25.3380391]]}, "properties": {"osmid": "164492169", "oneway": "False", "lanes": "2", "ref": NaN, "name": NaN, "highway": "tertiary", "length": 172.645, "maxspeed": NaN, "bridge": NaN, "access": NaN, "tunnel": NaN, "junction": NaN, "width": NaN, "service": NaN, "roughness": 5.0}}, {"type": "Feature", "geometry": {"type": "LineString", "coordinates": [[-57.2713873, -25.3380391], [-57.2705127, -25.3378611]]}, "properties": {"osmid": "164492169", "oneway": "False", "lanes": "2", "ref": NaN, "name": NaN, "highway": "tertiary", "length": 90.097, "maxspeed": NaN, "bridge": NaN, "access": NaN, "tunnel": NaN, "junction": NaN, "width": NaN, "service": NaN, "roughness": 5.0}}, {"type": "Feature", "geometry": {"type": "LineString", "coordinates": [[-57.2705127, -25.3378611], [-57.2696307, -25.3376768]]}, "properties": {"osmid": "164492169", "oneway": "False", "lanes": "2", "ref": NaN, "name": NaN, "highway": "tertiary", "length": 90.978, "maxspeed": NaN, "bridge": NaN, "access": NaN, "tunnel": NaN, "junction": NaN, "width": NaN, "service": NaN, "roughness": 5.0}}, {"type": "Feature", "geometry": {"type": "LineString", "coordinates": [[-57.2696307, -25.3376768], [-57.2688031, -25.3375089]]}, "properties": {"osmid": "164492169", "oneway": "False", "lanes": "2", "ref": NaN, "name": NaN, "highway": "tertiary", "length": 85.242, "maxspeed": NaN, "bridge": NaN, "access": NaN, "tunnel": NaN, "junction": NaN, "width": NaN, "service": NaN, "roughness": 5.0}}, {"type": "Feature", "geometry": {"type": "LineString", "coordinates": [[-57.2688031, -25.3375089], [-57.2680206, -25.3373472]]}, "properties": {"osmid": "164492169", "oneway": "False", "lanes": "2", "ref": NaN, "name": NaN, "highway": "tertiary", "length": 80.669, "maxspeed": NaN, "bridge": NaN, "access": NaN, "tunnel": NaN, "junction": NaN, "width": NaN, "service": NaN, "roughness": 5.0}}, {"type": "Feature", "geometry": {"type": "LineString", "coordinates": [[-57.2680206, -25.3373472], [-57.2672965, -25.3372049]]}, "properties": {"osmid": "164492169", "oneway": "False", "lanes": "2", "ref": NaN, "name": NaN, "highway": "tertiary", "length": 74.471, "maxspeed": NaN, "bridge": NaN, "access": NaN, "tunnel": NaN, "junction": NaN, "width": NaN, "service": NaN, "roughness": 5.0}}, {"type": "Feature", "geometry": {"type": "LineString", "coordinates": [[-57.2672965, -25.3372049], [-57.2671969, -25.3371853]]}, "properties": {"osmid": "164492169", "oneway": "False", "lanes": "2", "ref": NaN, "name": NaN, "highway": "tertiary", "length": 10.244, "maxspeed": NaN, "bridge": NaN, "access": NaN, "tunnel": NaN, "junction": NaN, "width": NaN, "service": NaN, "roughness": 5.0}}, {"type": "Feature", "geometry": {"type": "LineString", "coordinates": [[-57.2671969, -25.3371853], [-57.2661893, -25.3369863]]}, "properties": {"osmid": "164492169", "oneway": "False", "lanes": "2", "ref": NaN, "name": NaN, "highway": "tertiary", "length": 103.652, "maxspeed": NaN, "bridge": NaN, "access": NaN, "tunnel": NaN, "junction": NaN, "width": NaN, "service": NaN, "roughness": 5.0}}, {"type": "Feature", "geometry": {"type": "LineString", "coordinates": [[-57.2661893, -25.3369863], [-57.2657462, -25.3368827]]}, "properties": {"osmid": "164492169", "oneway": "False", "lanes": "2", "ref": NaN, "name": NaN, "highway": "tertiary", "length": 45.997, "maxspeed": NaN, "bridge": NaN, "access": NaN, "tunnel": NaN, "junction": NaN, "width": NaN, "service": NaN, "roughness": 5.0}}, {"type": "Feature", "geometry": {"type": "LineString", "coordinates": [[-57.2657462, -25.3368827], [-57.2655987, -25.3368335]]}, "properties": {"osmid": "164492169", "oneway": "False", "lanes": "2", "ref": NaN, "name": NaN, "highway": "tertiary", "length": 15.801, "maxspeed": NaN, "bridge": NaN, "access": NaN, "tunnel": NaN, "junction": NaN, "width": NaN, "service": NaN, "roughness": 5.0}}, {"type": "Feature", "geometry": {"type": "LineString", "coordinates": [[-57.2655987, -25.3368335], [-57.2624709, -25.3357659]]}, "properties": {"osmid": "164492169", "oneway": "False", "lanes": "2", "ref": NaN, "name": NaN, "highway": "tertiary", "length": 336.011, "maxspeed": NaN, "bridge": NaN, "access": NaN, "tunnel": NaN, "junction": NaN, "width": NaN, "service": NaN, "roughness": 5.0}}, {"type": "Feature", "geometry": {"type": "LineString", "coordinates": [[-57.2624709, -25.3357659], [-57.2610389, -25.3352771]]}, "properties": {"osmid": "164492169", "oneway": "False", "lanes": "2", "ref": NaN, "name": NaN, "highway": "tertiary", "length": 153.838, "maxspeed": NaN, "bridge": NaN, "access": NaN, "tunnel": NaN, "junction": NaN, "width": NaN, "service": NaN, "roughness": 5.0}}, {"type": "Feature", "geometry": {"type": "LineString", "coordinates": [[-57.2610389, -25.3352771], [-57.2608307, -25.335206]]}, "properties": {"osmid": "164492169", "oneway": "False", "lanes": "2", "ref": NaN, "name": NaN, "highway": "tertiary", "length": 22.368, "maxspeed": NaN, "bridge": NaN, "access": NaN, "tunnel": NaN, "junction": NaN, "width": NaN, "service": NaN, "roughness": 5.0}}, {"type": "Feature", "geometry": {"type": "LineString", "coordinates": [[-57.2608307, -25.335206], [-57.2572761, -25.3339914]]}, "properties": {"osmid": "164492169", "oneway": "False", "lanes": "2", "ref": NaN, "name": NaN, "highway": "tertiary", "length": 381.918, "maxspeed": NaN, "bridge": NaN, "access": NaN, "tunnel": NaN, "junction": NaN, "width": NaN, "service": NaN, "roughness": 5.0}}, {"type": "Feature", "geometry": {"type": "LineString", "coordinates": [[-57.2572761, -25.3339914], [-57.2570538, -25.3339097]]}, "properties": {"osmid": "164492169", "oneway": "False", "lanes": "2", "ref": NaN, "name": NaN, "highway": "tertiary", "length": 24.118, "maxspeed": NaN, "bridge": NaN, "access": NaN, "tunnel": NaN, "junction": NaN, "width": NaN, "service": NaN, "roughness": 5.0}}, {"type": "Feature", "geometry": {"type": "LineString", "coordinates": [[-57.2570538, -25.3339097], [-57.2568953, -25.3338314]]}, "properties": {"osmid": "164492169", "oneway": "False", "lanes": "2", "ref": NaN, "name": NaN, "highway": "tertiary", "length": 18.154, "maxspeed": NaN, "bridge": NaN, "access": NaN, "tunnel": NaN, "junction": NaN, "width": NaN, "service": NaN, "roughness": 5.0}}, {"type": "Feature", "geometry": {"type": "LineString", "coordinates": [[-57.2568953, -25.3338314], [-57.2567104, -25.3337303]]}, "properties": {"osmid": "164492169", "oneway": "False", "lanes": "2", "ref": NaN, "name": NaN, "highway": "tertiary", "length": 21.719, "maxspeed": NaN, "bridge": NaN, "access": NaN, "tunnel": NaN, "junction": NaN, "width": NaN, "service": NaN, "roughness": 5.0}}, {"type": "Feature", "geometry": {"type": "LineString", "coordinates": [[-57.2567104, -25.3337303], [-57.2565425, -25.3336094]]}, "properties": {"osmid": "164492169", "oneway": "False", "lanes": "2", "ref": NaN, "name": NaN, "highway": "tertiary", "length": 21.575, "maxspeed": NaN, "bridge": NaN, "access": NaN, "tunnel": NaN, "junction": NaN, "width": NaN, "service": NaN, "roughness": 5.0}}, {"type": "Feature", "geometry": {"type": "LineString", "coordinates": [[-57.2565425, -25.3336094], [-57.2546113, -25.3322843]]}, "properties": {"osmid": "164492169", "oneway": "False", "lanes": "2", "ref": NaN, "name": NaN, "highway": "tertiary", "length": 243.683, "maxspeed": NaN, "bridge": NaN, "access": NaN, "tunnel": NaN, "junction": NaN, "width": NaN, "service": NaN, "roughness": 5.0}}]}