{"type": "FeatureCollection", "features": [{"type": "Feature", "geometry": {"type": "LineString", "coordinates": [[-57.4869706, -25.4683474], [-57.4865308, -25.4686551]]}, "properties": {"osmid": "694294286", "oneway": "False", "lanes": "2", "ref": NaN, "name": "Avenida Defensores del Chaco", "highway": "secondary", "length": 55.857, "maxspeed": NaN, "bridge": NaN, "access": NaN, "tunnel": NaN, "junction": NaN, "width": NaN, "service": NaN, "roughness": 5.0}}, {"type": "Feature", "geometry": {"type": "LineString", "coordinates": [[-57.4865308, -25.4686551], [-57.4862465, -25.4688585]]}, "properties": {"osmid": "694294286", "oneway": "False", "lanes": "2", "ref": NaN, "name": "Avenida Defensores del Chaco", "highway": "secondary", "length": 36.416, "maxspeed": NaN, "bridge": NaN, "access": NaN, "tunnel": NaN, "junction": NaN, "width": NaN, "service": NaN, "roughness": 5.0}}, {"type": "Feature", "geometry": {"type": "LineString", "coordinates": [[-57.4862465, -25.4688585], [-57.485989, -25.4690813]]}, "properties": {"osmid": "694294286", "oneway": "False", "lanes": "2", "ref": NaN, "name": "Avenida Defensores del Chaco", "highway": "secondary", "length": 35.805, "maxspeed": NaN, "bridge": NaN, "access": NaN, "tunnel": NaN, "junction": NaN, "width": NaN, "service": NaN, "roughness": 5.0}}, {"type": "Feature", "geometry": {"type": "LineString", "coordinates": [[-57.485989, -25.4690813], [-57.4856832, -25.4693913]]}, "properties": {"osmid": "694294286", "oneway": "False", "lanes": "2", "ref": NaN, "name": "Avenida Defensores del Chaco", "highway": "secondary", "length": 46.159, "maxspeed": NaN, "bridge": NaN, "access": NaN, "tunnel": NaN, "junction": NaN, "width": NaN, "service": NaN, "roughness": 5.0}}, {"type": "Feature", "geometry": {"type": "LineString", "coordinates": [[-57.4856832, -25.4693913], [-57.4851253, -25.4700451]]}, "properties": {"osmid": "694294286", "oneway": "False", "lanes": "2", "ref": NaN, "name": "Avenida Defensores del Chaco", "highway": "secondary", "length": 91.771, "maxspeed": NaN, "bridge": NaN, "access": NaN, "tunnel": NaN, "junction": NaN, "width": NaN, "service": NaN, "roughness": 5.0}}, {"type": "Feature", "geometry": {"type": "LineString", "coordinates": [[-57.4851253, -25.4700451], [-57.4843046, -25.4710573]]}, "properties": {"osmid": "694294286", "oneway": "False", "lanes": "2", "ref": NaN, "name": "Avenida Defensores del Chaco", "highway": "secondary", "length": 139.484, "maxspeed": NaN, "bridge": NaN, "access": NaN, "tunnel": NaN, "junction": NaN, "width": NaN, "service": NaN, "roughness": 5.0}}, {"type": "Feature", "geometry": {"type": "LineString", "coordinates": [[-57.4843046, -25.4710573], [-57.4835911, -25.4718757]]}, "properties": {"osmid": "694294286", "oneway": "False", "lanes": "2", "ref": NaN, "name": "Avenida Defensores del Chaco", "highway": "secondary", "length": 115.809, "maxspeed": NaN, "bridge": NaN, "access": NaN, "tunnel": NaN, "junction": NaN, "width": NaN, "service": NaN, "roughness": 5.0}}, {"type": "Feature", "geometry": {"type": "LineString", "coordinates": [[-57.4835911, -25.4718757], [-57.4826228, -25.473036]]}, "properties": {"osmid": "694294286", "oneway": "False", "lanes": "2", "ref": NaN, "name": "Avenida Defensores del Chaco", "highway": "secondary", "length": 161.538, "maxspeed": NaN, "bridge": NaN, "access": NaN, "tunnel": NaN, "junction": NaN, "width": NaN, "service": NaN, "roughness": 5.0}}, {"type": "Feature", "geometry": {"type": "LineString", "coordinates": [[-57.4826228, -25.473036], [-57.4824372, -25.4732584]]}, "properties": {"osmid": "694294286", "oneway": "False", "lanes": "2", "ref": NaN, "name": "Avenida Defensores del Chaco", "highway": "secondary", "length": 30.963, "maxspeed": NaN, "bridge": NaN, "access": NaN, "tunnel": NaN, "junction": NaN, "width": NaN, "service": NaN, "roughness": 5.0}}, {"type": "Feature", "geometry": {"type": "LineString", "coordinates": [[-57.4824372, -25.4732584], [-57.4817818, -25.4739497]]}, "properties": {"osmid": "694294286", "oneway": "False", "lanes": "2", "ref": NaN, "name": "Avenida Defensores del Chaco", "highway": "secondary", "length": 101.181, "maxspeed": NaN, "bridge": NaN, "access": NaN, "tunnel": NaN, "junction": NaN, "width": NaN, "service": NaN, "roughness": 5.0}}, {"type": "Feature", "geometry": {"type": "LineString", "coordinates": [[-57.4817818, -25.4739497], [-57.4809636, -25.4749279]]}, "properties": {"osmid": "694294286", "oneway": "False", "lanes": "2", "ref": NaN, "name": "Avenida Defensores del Chaco", "highway": "secondary", "length": 136.298, "maxspeed": NaN, "bridge": NaN, "access": NaN, "tunnel": NaN, "junction": NaN, "width": NaN, "service": NaN, "roughness": 5.0}}, {"type": "Feature", "geometry": {"type": "LineString", "coordinates": [[-57.4809636, -25.4749279], [-57.4799372, -25.4759024]]}, "properties": {"osmid": "854547097", "oneway": "False", "lanes": "2", "ref": "D072", "name": "Ruta Departamental 72", "highway": "secondary", "length": 149.525, "maxspeed": "50", "bridge": NaN, "access": NaN, "tunnel": NaN, "junction": NaN, "width": NaN, "service": NaN, "roughness": 5.0}}, {"type": "Feature", "geometry": {"type": "LineString", "coordinates": [[-57.4799372, -25.4759024], [-57.4786808, -25.4771134]]}, "properties": {"osmid": "854547097", "oneway": "False", "lanes": "2", "ref": "D072", "name": "Ruta Departamental 72", "highway": "secondary", "length": 184.497, "maxspeed": "50", "bridge": NaN, "access": NaN, "tunnel": NaN, "junction": NaN, "width": NaN, "service": NaN, "roughness": 5.0}}, {"type": "Feature", "geometry": {"type": "LineString", "coordinates": [[-57.4786808, -25.4771134], [-57.4780013, -25.4777747]]}, "properties": {"osmid": "854547097", "oneway": "False", "lanes": "2", "ref": "D072", "name": "Ruta Departamental 72", "highway": "secondary", "length": 100.298, "maxspeed": "50", "bridge": NaN, "access": NaN, "tunnel": NaN, "junction": NaN, "width": NaN, "service": NaN, "roughness": 5.0}}, {"type": "Feature", "geometry": {"type": "LineString", "coordinates": [[-57.4780013, -25.4777747], [-57.4769961, -25.4786086]]}, "properties": {"osmid": "854547097", "oneway": "False", "lanes": "2", "ref": "D072", "name": "Ruta Departamental 72", "highway": "secondary", "length": 137.038, "maxspeed": "50", "bridge": NaN, "access": NaN, "tunnel": NaN, "junction": NaN, "width": NaN, "service": NaN, "roughness": 5.0}}, {"type": "Feature", "geometry": {"type": "LineString", "coordinates": [[-57.4769961, -25.4786086], [-57.4764291, -25.479043]]}, "properties": {"osmid": "854547097", "oneway": "False", "lanes": "2", "ref": "D072", "name": "Ruta Departamental 72", "highway": "secondary", "length": 74.65, "maxspeed": "50", "bridge": NaN, "access": NaN, "tunnel": NaN, "junction": NaN, "width": NaN, "service": NaN, "roughness": 5.0}}, {"type": "Feature", "geometry": {"type": "LineString", "coordinates": [[-57.4764291, -25.479043], [-57.4759981, -25.4793732]]}, "properties": {"osmid": "854547097", "oneway": "False", "lanes": "2", "ref": "D072", "name": "Ruta Departamental 72", "highway": "secondary", "length": 56.744, "maxspeed": "50", "bridge": NaN, "access": NaN, "tunnel": NaN, "junction": NaN, "width": NaN, "service": NaN, "roughness": 5.0}}, {"type": "Feature", "geometry": {"type": "LineString", "coordinates": [[-57.4759981, -25.4793732], [-57.4759266, -25.479428]]}, "properties": {"osmid": "854547099", "oneway": "False", "lanes": "2", "ref": "D072", "name": "Ruta Departamental 72", "highway": "secondary", "length": 9.415, "maxspeed": "50", "bridge": "yes", "access": NaN, "tunnel": NaN, "junction": NaN, "width": NaN, "service": NaN, "roughness": 5.0}}, {"type": "Feature", "geometry": {"type": "LineString", "coordinates": [[-57.4759266, -25.479428], [-57.4759058, -25.4794439]]}, "properties": {"osmid": "854547098", "oneway": "False", "lanes": "2", "ref": "D072", "name": "Ruta Departamental 72", "highway": "secondary", "length": 2.736, "maxspeed": "50", "bridge": NaN, "access": NaN, "tunnel": NaN, "junction": NaN, "width": NaN, "service": NaN, "roughness": 5.0}}, {"type": "Feature", "geometry": {"type": "LineString", "coordinates": [[-57.4759058, -25.4794439], [-57.4754688, -25.4797429]]}, "properties": {"osmid": "443657124", "oneway": "False", "lanes": "2", "ref": "D072", "name": "Avenida Mariscal Jos\u00e9 F\u00e9lix Estigarribia", "highway": "secondary", "length": 55.042, "maxspeed": "40", "bridge": NaN, "access": NaN, "tunnel": NaN, "junction": NaN, "width": NaN, "service": NaN, "roughness": 5.0}}, {"type": "Feature", "geometry": {"type": "LineString", "coordinates": [[-57.4754688, -25.4797429], [-57.4751523, -25.4799463]]}, "properties": {"osmid": "443657124", "oneway": "False", "lanes": "2", "ref": "D072", "name": "Avenida Mariscal Jos\u00e9 F\u00e9lix Estigarribia", "highway": "secondary", "length": 38.998, "maxspeed": "40", "bridge": NaN, "access": NaN, "tunnel": NaN, "junction": NaN, "width": NaN, "service": NaN, "roughness": 5.0}}, {"type": "Feature", "geometry": {"type": "LineString", "coordinates": [[-57.4751523, -25.4799463], [-57.4746325, -25.4802296]]}, "properties": {"osmid": "443657124", "oneway": "False", "lanes": "2", "ref": "D072", "name": "Avenida Mariscal Jos\u00e9 F\u00e9lix Estigarribia", "highway": "secondary", "length": 60.949, "maxspeed": "40", "bridge": NaN, "access": NaN, "tunnel": NaN, "junction": NaN, "width": NaN, "service": NaN, "roughness": 5.0}}, {"type": "Feature", "geometry": {"type": "LineString", "coordinates": [[-57.4746325, -25.4802296], [-57.4741551, -25.4804766]]}, "properties": {"osmid": "443657124", "oneway": "False", "lanes": "2", "ref": "D072", "name": "Avenida Mariscal Jos\u00e9 F\u00e9lix Estigarribia", "highway": "secondary", "length": 55.234, "maxspeed": "40", "bridge": NaN, "access": NaN, "tunnel": NaN, "junction": NaN, "width": NaN, "service": NaN, "roughness": 5.0}}, {"type": "Feature", "geometry": {"type": "LineString", "coordinates": [[-57.4741551, -25.4804766], [-57.4739842, -25.4805816]]}, "properties": {"osmid": "443657124", "oneway": "False", "lanes": "2", "ref": "D072", "name": "Avenida Mariscal Jos\u00e9 F\u00e9lix Estigarribia", "highway": "secondary", "length": 20.751, "maxspeed": "40", "bridge": NaN, "access": NaN, "tunnel": NaN, "junction": NaN, "width": NaN, "service": NaN, "roughness": 5.0}}, {"type": "Feature", "geometry": {"type": "LineString", "coordinates": [[-57.4739842, -25.4805816], [-57.4737688, -25.4807139]]}, "properties": {"osmid": "443657124", "oneway": "False", "lanes": "2", "ref": "D072", "name": "Avenida Mariscal Jos\u00e9 F\u00e9lix Estigarribia", "highway": "secondary", "length": 26.152, "maxspeed": "40", "bridge": NaN, "access": NaN, "tunnel": NaN, "junction": NaN, "width": NaN, "service": NaN, "roughness": 5.0}}, {"type": "Feature", "geometry": {"type": "LineString", "coordinates": [[-57.4737688, -25.4807139], [-57.4732646, -25.4810432]]}, "properties": {"osmid": "443657124", "oneway": "False", "lanes": "2", "ref": "D072", "name": "Avenida Mariscal Jos\u00e9 F\u00e9lix Estigarribia", "highway": "secondary", "length": 62.468, "maxspeed": "40", "bridge": NaN, "access": NaN, "tunnel": NaN, "junction": NaN, "width": NaN, "service": NaN, "roughness": 5.0}}, {"type": "Feature", "geometry": {"type": "LineString", "coordinates": [[-57.4732646, -25.4810432], [-57.4728998, -25.4812901]]}, "properties": {"osmid": "443657124", "oneway": "False", "lanes": "2", "ref": "D072", "name": "Avenida Mariscal Jos\u00e9 F\u00e9lix Estigarribia", "highway": "secondary", "length": 45.767, "maxspeed": "40", "bridge": NaN, "access": NaN, "tunnel": NaN, "junction": NaN, "width": NaN, "service": NaN, "roughness": 5.0}}, {"type": "Feature", "geometry": {"type": "LineString", "coordinates": [[-57.4728998, -25.4812901], [-57.4725286, -25.4815504]]}, "properties": {"osmid": "443657124", "oneway": "False", "lanes": "2", "ref": "D072", "name": "Avenida Mariscal Jos\u00e9 F\u00e9lix Estigarribia", "highway": "secondary", "length": 47.182, "maxspeed": "40", "bridge": NaN, "access": NaN, "tunnel": NaN, "junction": NaN, "width": NaN, "service": NaN, "roughness": 5.0}}, {"type": "Feature", "geometry": {"type": "LineString", "coordinates": [[-57.4725286, -25.4815504], [-57.4723956, -25.4816436]]}, "properties": {"osmid": "443657124", "oneway": "False", "lanes": "2", "ref": "D072", "name": "Avenida Mariscal Jos\u00e9 F\u00e9lix Estigarribia", "highway": "secondary", "length": 16.901, "maxspeed": "40", "bridge": NaN, "access": NaN, "tunnel": NaN, "junction": NaN, "width": NaN, "service": NaN, "roughness": 5.0}}, {"type": "Feature", "geometry": {"type": "LineString", "coordinates": [[-57.4723956, -25.4816436], [-57.4717357, -25.4821085]]}, "properties": {"osmid": "443657124", "oneway": "False", "lanes": "2", "ref": "D072", "name": "Avenida Mariscal Jos\u00e9 F\u00e9lix Estigarribia", "highway": "secondary", "length": 84.024, "maxspeed": "40", "bridge": NaN, "access": NaN, "tunnel": NaN, "junction": NaN, "width": NaN, "service": NaN, "roughness": 5.0}}, {"type": "Feature", "geometry": {"type": "LineString", "coordinates": [[-57.4717357, -25.4821085], [-57.4714952, -25.4822521]]}, "properties": {"osmid": "443657124", "oneway": "False", "lanes": "2", "ref": "D072", "name": "Avenida Mariscal Jos\u00e9 F\u00e9lix Estigarribia", "highway": "secondary", "length": 28.944, "maxspeed": "40", "bridge": NaN, "access": NaN, "tunnel": NaN, "junction": NaN, "width": NaN, "service": NaN, "roughness": 5.0}}, {"type": "Feature", "geometry": {"type": "LineString", "coordinates": [[-57.4714952, -25.4822521], [-57.4711645, -25.482473]]}, "properties": {"osmid": "443657124", "oneway": "False", "lanes": "2", "ref": "D072", "name": "Avenida Mariscal Jos\u00e9 F\u00e9lix Estigarribia", "highway": "secondary", "length": 41.295, "maxspeed": "40", "bridge": NaN, "access": NaN, "tunnel": NaN, "junction": NaN, "width": NaN, "service": NaN, "roughness": 5.0}}, {"type": "Feature", "geometry": {"type": "LineString", "coordinates": [[-57.4711645, -25.482473], [-57.4710548, -25.4825419]]}, "properties": {"osmid": "443657124", "oneway": "False", "lanes": "2", "ref": "D072", "name": "Avenida Mariscal Jos\u00e9 F\u00e9lix Estigarribia", "highway": "secondary", "length": 13.414, "maxspeed": "40", "bridge": NaN, "access": NaN, "tunnel": NaN, "junction": NaN, "width": NaN, "service": NaN, "roughness": 5.0}}, {"type": "Feature", "geometry": {"type": "LineString", "coordinates": [[-57.4710548, -25.4825419], [-57.4706783, -25.4828558]]}, "properties": {"osmid": "259200608", "oneway": "False", "lanes": "2", "ref": NaN, "name": "Avenida Mariscal Jos\u00e9 F\u00e9lix Estigarribia", "highway": "secondary", "length": 51.445, "maxspeed": NaN, "bridge": NaN, "access": NaN, "tunnel": NaN, "junction": NaN, "width": NaN, "service": NaN, "roughness": 5.0}}, {"type": "Feature", "geometry": {"type": "LineString", "coordinates": [[-57.4706783, -25.4828558], [-57.4702705, -25.4832825]]}, "properties": {"osmid": "259200608", "oneway": "False", "lanes": "2", "ref": NaN, "name": "Avenida Mariscal Jos\u00e9 F\u00e9lix Estigarribia", "highway": "secondary", "length": 62.664, "maxspeed": NaN, "bridge": NaN, "access": NaN, "tunnel": NaN, "junction": NaN, "width": NaN, "service": NaN, "roughness": 5.0}}, {"type": "Feature", "geometry": {"type": "LineString", "coordinates": [[-57.4702705, -25.4832825], [-57.4700084, -25.4837501]]}, "properties": {"osmid": "259200608", "oneway": "False", "lanes": "2", "ref": NaN, "name": "Avenida Mariscal Jos\u00e9 F\u00e9lix Estigarribia", "highway": "secondary", "length": 58.272, "maxspeed": NaN, "bridge": NaN, "access": NaN, "tunnel": NaN, "junction": NaN, "width": NaN, "service": NaN, "roughness": 5.0}}, {"type": "Feature", "geometry": {"type": "LineString", "coordinates": [[-57.4700084, -25.4837501], [-57.4697831, -25.4840407]]}, "properties": {"osmid": "259200608", "oneway": "False", "lanes": "2", "ref": NaN, "name": "Avenida Mariscal Jos\u00e9 F\u00e9lix Estigarribia", "highway": "secondary", "length": 39.441, "maxspeed": NaN, "bridge": NaN, "access": NaN, "tunnel": NaN, "junction": NaN, "width": NaN, "service": NaN, "roughness": 5.0}}, {"type": "Feature", "geometry": {"type": "LineString", "coordinates": [[-57.4697831, -25.4840407], [-57.4697144, -25.4841109]]}, "properties": {"osmid": "259200608", "oneway": "False", "lanes": "2", "ref": NaN, "name": "Avenida Mariscal Jos\u00e9 F\u00e9lix Estigarribia", "highway": "secondary", "length": 10.416, "maxspeed": NaN, "bridge": NaN, "access": NaN, "tunnel": NaN, "junction": NaN, "width": NaN, "service": NaN, "roughness": 5.0}}, {"type": "Feature", "geometry": {"type": "LineString", "coordinates": [[-57.4697144, -25.4841109], [-57.4694821, -25.4843482]]}, "properties": {"osmid": "259200608", "oneway": "False", "lanes": "2", "ref": NaN, "name": "Avenida Mariscal Jos\u00e9 F\u00e9lix Estigarribia", "highway": "secondary", "length": 35.213, "maxspeed": NaN, "bridge": NaN, "access": NaN, "tunnel": NaN, "junction": NaN, "width": NaN, "service": NaN, "roughness": 5.0}}, {"type": "Feature", "geometry": {"type": "LineString", "coordinates": [[-57.4694821, -25.4843482], [-57.4693481, -25.4845025]]}, "properties": {"osmid": "259200608", "oneway": "False", "lanes": "2", "ref": NaN, "name": "Avenida Mariscal Jos\u00e9 F\u00e9lix Estigarribia", "highway": "secondary", "length": 21.801, "maxspeed": NaN, "bridge": NaN, "access": NaN, "tunnel": NaN, "junction": NaN, "width": NaN, "service": NaN, "roughness": 5.0}}, {"type": "Feature", "geometry": {"type": "LineString", "coordinates": [[-57.4693481, -25.4845025], [-57.4692676, -25.4845952]]}, "properties": {"osmid": "259200608", "oneway": "False", "lanes": "2", "ref": NaN, "name": "Avenida Mariscal Jos\u00e9 F\u00e9lix Estigarribia", "highway": "secondary", "length": 13.097, "maxspeed": NaN, "bridge": NaN, "access": NaN, "tunnel": NaN, "junction": NaN, "width": NaN, "service": NaN, "roughness": 5.0}}, {"type": "Feature", "geometry": {"type": "LineString", "coordinates": [[-57.4692676, -25.4845952], [-57.4690643, -25.4848203]]}, "properties": {"osmid": "259200608", "oneway": "False", "lanes": "2", "ref": NaN, "name": "Avenida Mariscal Jos\u00e9 F\u00e9lix Estigarribia", "highway": "secondary", "length": 32.294, "maxspeed": NaN, "bridge": NaN, "access": NaN, "tunnel": NaN, "junction": NaN, "width": NaN, "service": NaN, "roughness": 5.0}}, {"type": "Feature", "geometry": {"type": "LineString", "coordinates": [[-57.4690643, -25.4848203], [-57.4688813, -25.4849922]]}, "properties": {"osmid": "259200608", "oneway": "False", "lanes": "2", "ref": NaN, "name": "Avenida Mariscal Jos\u00e9 F\u00e9lix Estigarribia", "highway": "secondary", "length": 26.51, "maxspeed": NaN, "bridge": NaN, "access": NaN, "tunnel": NaN, "junction": NaN, "width": NaN, "service": NaN, "roughness": 5.0}}, {"type": "Feature", "geometry": {"type": "LineString", "coordinates": [[-57.4688813, -25.4849922], [-57.4685165, -25.485215]]}, "properties": {"osmid": "259200608", "oneway": "False", "lanes": "2", "ref": NaN, "name": "Avenida Mariscal Jos\u00e9 F\u00e9lix Estigarribia", "highway": "secondary", "length": 44.21, "maxspeed": NaN, "bridge": NaN, "access": NaN, "tunnel": NaN, "junction": NaN, "width": NaN, "service": NaN, "roughness": 5.0}}, {"type": "Feature", "geometry": {"type": "LineString", "coordinates": [[-57.4685165, -25.485215], [-57.4678524, -25.485643]]}, "properties": {"osmid": "259200608", "oneway": "False", "lanes": "2", "ref": NaN, "name": "Avenida Mariscal Jos\u00e9 F\u00e9lix Estigarribia", "highway": "secondary", "length": 81.905, "maxspeed": NaN, "bridge": NaN, "access": NaN, "tunnel": NaN, "junction": NaN, "width": NaN, "service": NaN, "roughness": 5.0}}, {"type": "Feature", "geometry": {"type": "LineString", "coordinates": [[-57.4678524, -25.485643], [-57.4675273, -25.4858525]]}, "properties": {"osmid": "259200608", "oneway": "False", "lanes": "2", "ref": NaN, "name": "Avenida Mariscal Jos\u00e9 F\u00e9lix Estigarribia", "highway": "secondary", "length": 40.094, "maxspeed": NaN, "bridge": NaN, "access": NaN, "tunnel": NaN, "junction": NaN, "width": NaN, "service": NaN, "roughness": 5.0}}, {"type": "Feature", "geometry": {"type": "LineString", "coordinates": [[-57.4675273, -25.4858525], [-57.4669262, -25.4862216]]}, "properties": {"osmid": "259200608", "oneway": "False", "lanes": "2", "ref": NaN, "name": "Avenida Mariscal Jos\u00e9 F\u00e9lix Estigarribia", "highway": "secondary", "length": 72.971, "maxspeed": NaN, "bridge": NaN, "access": NaN, "tunnel": NaN, "junction": NaN, "width": NaN, "service": NaN, "roughness": 5.0}}, {"type": "Feature", "geometry": {"type": "LineString", "coordinates": [[-57.4669262, -25.4862216], [-57.4667951, -25.4863021]]}, "properties": {"osmid": "259200608", "oneway": "False", "lanes": "2", "ref": NaN, "name": "Avenida Mariscal Jos\u00e9 F\u00e9lix Estigarribia", "highway": "secondary", "length": 15.915, "maxspeed": NaN, "bridge": NaN, "access": NaN, "tunnel": NaN, "junction": NaN, "width": NaN, "service": NaN, "roughness": 5.0}}, {"type": "Feature", "geometry": {"type": "LineString", "coordinates": [[-57.4667951, -25.4863021], [-57.4665642, -25.4864625]]}, "properties": {"osmid": "259200608", "oneway": "False", "lanes": "2", "ref": NaN, "name": "Avenida Mariscal Jos\u00e9 F\u00e9lix Estigarribia", "highway": "secondary", "length": 29.245, "maxspeed": NaN, "bridge": NaN, "access": NaN, "tunnel": NaN, "junction": NaN, "width": NaN, "service": NaN, "roughness": 5.0}}, {"type": "Feature", "geometry": {"type": "LineString", "coordinates": [[-57.4665642, -25.4864625], [-57.4663069, -25.4866411]]}, "properties": {"osmid": "259200608", "oneway": "False", "lanes": "2", "ref": NaN, "name": "Avenida Mariscal Jos\u00e9 F\u00e9lix Estigarribia", "highway": "secondary", "length": 32.579, "maxspeed": NaN, "bridge": NaN, "access": NaN, "tunnel": NaN, "junction": NaN, "width": NaN, "service": NaN, "roughness": 5.0}}, {"type": "Feature", "geometry": {"type": "LineString", "coordinates": [[-57.4663069, -25.4866411], [-57.465749, -25.4870188]]}, "properties": {"osmid": "259200608", "oneway": "False", "lanes": "2", "ref": NaN, "name": "Avenida Mariscal Jos\u00e9 F\u00e9lix Estigarribia", "highway": "secondary", "length": 69.998, "maxspeed": NaN, "bridge": NaN, "access": NaN, "tunnel": NaN, "junction": NaN, "width": NaN, "service": NaN, "roughness": 5.0}}, {"type": "Feature", "geometry": {"type": "LineString", "coordinates": [[-57.465749, -25.4870188], [-57.4653301, -25.4872536]]}, "properties": {"osmid": "259200608", "oneway": "False", "lanes": "2", "ref": NaN, "name": "Avenida Mariscal Jos\u00e9 F\u00e9lix Estigarribia", "highway": "secondary", "length": 49.493, "maxspeed": NaN, "bridge": NaN, "access": NaN, "tunnel": NaN, "junction": NaN, "width": NaN, "service": NaN, "roughness": 5.0}}, {"type": "Feature", "geometry": {"type": "LineString", "coordinates": [[-57.4653301, -25.4872536], [-57.4649886, -25.4873813]]}, "properties": {"osmid": "259200608", "oneway": "False", "lanes": "2", "ref": NaN, "name": "Avenida Mariscal Jos\u00e9 F\u00e9lix Estigarribia", "highway": "secondary", "length": 37.102, "maxspeed": NaN, "bridge": NaN, "access": NaN, "tunnel": NaN, "junction": NaN, "width": NaN, "service": NaN, "roughness": 5.0}}, {"type": "Feature", "geometry": {"type": "LineString", "coordinates": [[-57.4649886, -25.4873813], [-57.464853, -25.4874265]]}, "properties": {"osmid": "259200608", "oneway": "False", "lanes": "2", "ref": NaN, "name": "Avenida Mariscal Jos\u00e9 F\u00e9lix Estigarribia", "highway": "secondary", "length": 14.509, "maxspeed": NaN, "bridge": NaN, "access": NaN, "tunnel": NaN, "junction": NaN, "width": NaN, "service": NaN, "roughness": 5.0}}, {"type": "Feature", "geometry": {"type": "LineString", "coordinates": [[-57.464853, -25.4874265], [-57.4644291, -25.4875565]]}, "properties": {"osmid": "259200608", "oneway": "False", "lanes": "2", "ref": NaN, "name": "Avenida Mariscal Jos\u00e9 F\u00e9lix Estigarribia", "highway": "secondary", "length": 44.937, "maxspeed": NaN, "bridge": NaN, "access": NaN, "tunnel": NaN, "junction": NaN, "width": NaN, "service": NaN, "roughness": 5.0}}, {"type": "Feature", "geometry": {"type": "LineString", "coordinates": [[-57.4644291, -25.4875565], [-57.4643471, -25.4875735]]}, "properties": {"osmid": "259200608", "oneway": "False", "lanes": "2", "ref": NaN, "name": "Avenida Mariscal Jos\u00e9 F\u00e9lix Estigarribia", "highway": "secondary", "length": 8.445, "maxspeed": NaN, "bridge": NaN, "access": NaN, "tunnel": NaN, "junction": NaN, "width": NaN, "service": NaN, "roughness": 5.0}}, {"type": "Feature", "geometry": {"type": "LineString", "coordinates": [[-57.4643471, -25.4875735], [-57.4641331, -25.4876291]]}, "properties": {"osmid": "259200608", "oneway": "False", "lanes": "2", "ref": NaN, "name": "Avenida Mariscal Jos\u00e9 F\u00e9lix Estigarribia", "highway": "secondary", "length": 22.352, "maxspeed": NaN, "bridge": NaN, "access": NaN, "tunnel": NaN, "junction": NaN, "width": NaN, "service": NaN, "roughness": 5.0}}, {"type": "Feature", "geometry": {"type": "LineString", "coordinates": [[-57.4641331, -25.4876291], [-57.46394, -25.487695]]}, "properties": {"osmid": "259200608", "oneway": "False", "lanes": "2", "ref": NaN, "name": "Avenida Mariscal Jos\u00e9 F\u00e9lix Estigarribia", "highway": "secondary", "length": 20.721, "maxspeed": NaN, "bridge": NaN, "access": NaN, "tunnel": NaN, "junction": NaN, "width": NaN, "service": NaN, "roughness": 5.0}}, {"type": "Feature", "geometry": {"type": "LineString", "coordinates": [[-57.46394, -25.487695], [-57.4638098, -25.4877682]]}, "properties": {"osmid": "259200608", "oneway": "False", "lanes": "2", "ref": NaN, "name": "Avenida Mariscal Jos\u00e9 F\u00e9lix Estigarribia", "highway": "secondary", "length": 15.396, "maxspeed": NaN, "bridge": NaN, "access": NaN, "tunnel": NaN, "junction": NaN, "width": NaN, "service": NaN, "roughness": 5.0}}, {"type": "Feature", "geometry": {"type": "LineString", "coordinates": [[-57.4638098, -25.4877682], [-57.4635443, -25.4879231]]}, "properties": {"osmid": "259200608", "oneway": "False", "lanes": "2", "ref": NaN, "name": "Avenida Mariscal Jos\u00e9 F\u00e9lix Estigarribia", "highway": "secondary", "length": 31.731, "maxspeed": NaN, "bridge": NaN, "access": NaN, "tunnel": NaN, "junction": NaN, "width": NaN, "service": NaN, "roughness": 5.0}}, {"type": "Feature", "geometry": {"type": "LineString", "coordinates": [[-57.4635443, -25.4879231], [-57.4630523, -25.4882271]]}, "properties": {"osmid": "259200608", "oneway": "False", "lanes": "2", "ref": NaN, "name": "Avenida Mariscal Jos\u00e9 F\u00e9lix Estigarribia", "highway": "secondary", "length": 59.845, "maxspeed": NaN, "bridge": NaN, "access": NaN, "tunnel": NaN, "junction": NaN, "width": NaN, "service": NaN, "roughness": 5.0}}, {"type": "Feature", "geometry": {"type": "LineString", "coordinates": [[-57.4630523, -25.4882271], [-57.4627879, -25.4883904]]}, "properties": {"osmid": "259200608", "oneway": "False", "lanes": "2", "ref": NaN, "name": "Avenida Mariscal Jos\u00e9 F\u00e9lix Estigarribia", "highway": "secondary", "length": 32.156, "maxspeed": NaN, "bridge": NaN, "access": NaN, "tunnel": NaN, "junction": NaN, "width": NaN, "service": NaN, "roughness": 5.0}}, {"type": "Feature", "geometry": {"type": "LineString", "coordinates": [[-57.4627879, -25.4883904], [-57.4620342, -25.4888916]]}, "properties": {"osmid": "259200608", "oneway": "False", "lanes": "2", "ref": NaN, "name": "Avenida Mariscal Jos\u00e9 F\u00e9lix Estigarribia", "highway": "secondary", "length": 93.963, "maxspeed": NaN, "bridge": NaN, "access": NaN, "tunnel": NaN, "junction": NaN, "width": NaN, "service": NaN, "roughness": 5.0}}, {"type": "Feature", "geometry": {"type": "LineString", "coordinates": [[-57.4620342, -25.4888916], [-57.461921, -25.4889608]]}, "properties": {"osmid": "259200608", "oneway": "False", "lanes": "2", "ref": NaN, "name": "Avenida Mariscal Jos\u00e9 F\u00e9lix Estigarribia", "highway": "secondary", "length": 13.722, "maxspeed": NaN, "bridge": NaN, "access": NaN, "tunnel": NaN, "junction": NaN, "width": NaN, "service": NaN, "roughness": 5.0}}, {"type": "Feature", "geometry": {"type": "LineString", "coordinates": [[-57.461921, -25.4889608], [-57.461369, -25.4892983]]}, "properties": {"osmid": "259200608", "oneway": "False", "lanes": "2", "ref": NaN, "name": "Avenida Mariscal Jos\u00e9 F\u00e9lix Estigarribia", "highway": "secondary", "length": 66.919, "maxspeed": NaN, "bridge": NaN, "access": NaN, "tunnel": NaN, "junction": NaN, "width": NaN, "service": NaN, "roughness": 5.0}}, {"type": "Feature", "geometry": {"type": "LineString", "coordinates": [[-57.461369, -25.4892983], [-57.4611249, -25.4894097]]}, "properties": {"osmid": "259200608", "oneway": "False", "lanes": "2", "ref": NaN, "name": "Avenida Mariscal Jos\u00e9 F\u00e9lix Estigarribia", "highway": "secondary", "length": 27.454, "maxspeed": NaN, "bridge": NaN, "access": NaN, "tunnel": NaN, "junction": NaN, "width": NaN, "service": NaN, "roughness": 5.0}}, {"type": "Feature", "geometry": {"type": "LineString", "coordinates": [[-57.4611249, -25.4894097], [-57.460953, -25.4895029]]}, "properties": {"osmid": "259200608", "oneway": "False", "lanes": "2", "ref": NaN, "name": "Avenida Mariscal Jos\u00e9 F\u00e9lix Estigarribia", "highway": "secondary", "length": 20.127, "maxspeed": NaN, "bridge": NaN, "access": NaN, "tunnel": NaN, "junction": NaN, "width": NaN, "service": NaN, "roughness": 5.0}}, {"type": "Feature", "geometry": {"type": "LineString", "coordinates": [[-57.460953, -25.4895029], [-57.460202, -25.4897789]]}, "properties": {"osmid": "259200608", "oneway": "False", "lanes": "2", "ref": NaN, "name": "Avenida Mariscal Jos\u00e9 F\u00e9lix Estigarribia", "highway": "secondary", "length": 81.387, "maxspeed": NaN, "bridge": NaN, "access": NaN, "tunnel": NaN, "junction": NaN, "width": NaN, "service": NaN, "roughness": 5.0}}, {"type": "Feature", "geometry": {"type": "LineString", "coordinates": [[-57.460202, -25.4897789], [-57.4593222, -25.4901615]]}, "properties": {"osmid": "259200608", "oneway": "False", "lanes": "2", "ref": NaN, "name": "Avenida Mariscal Jos\u00e9 F\u00e9lix Estigarribia", "highway": "secondary", "length": 98.02, "maxspeed": NaN, "bridge": NaN, "access": NaN, "tunnel": NaN, "junction": NaN, "width": NaN, "service": NaN, "roughness": 5.0}}, {"type": "Feature", "geometry": {"type": "LineString", "coordinates": [[-57.4593222, -25.4901615], [-57.4579918, -25.4906602]]}, "properties": {"osmid": "259200608", "oneway": "False", "lanes": "2", "ref": NaN, "name": "Avenida Mariscal Jos\u00e9 F\u00e9lix Estigarribia", "highway": "secondary", "length": 144.59, "maxspeed": NaN, "bridge": NaN, "access": NaN, "tunnel": NaN, "junction": NaN, "width": NaN, "service": NaN, "roughness": 5.0}}, {"type": "Feature", "geometry": {"type": "LineString", "coordinates": [[-57.4579918, -25.4906602], [-57.4571389, -25.4909411]]}, "properties": {"osmid": "259200608", "oneway": "False", "lanes": "2", "ref": NaN, "name": "Avenida Mariscal Jos\u00e9 F\u00e9lix Estigarribia", "highway": "secondary", "length": 91.126, "maxspeed": NaN, "bridge": NaN, "access": NaN, "tunnel": NaN, "junction": NaN, "width": NaN, "service": NaN, "roughness": 5.0}}, {"type": "Feature", "geometry": {"type": "LineString", "coordinates": [[-57.4571389, -25.4909411], [-57.4560392, -25.4913381]]}, "properties": {"osmid": "870987476", "oneway": "True", "lanes": "2", "ref": NaN, "name": "Avenida Mariscal Jos\u00e9 F\u00e9lix Estigarribia", "highway": "secondary", "length": 118.878, "maxspeed": NaN, "bridge": NaN, "access": NaN, "tunnel": NaN, "junction": NaN, "width": NaN, "service": NaN, "roughness": 5.0}}]}