{"type": "FeatureCollection", "features": [{"type": "Feature", "geometry": {"type": "LineString", "coordinates": [[-92.1427551, 14.7079764], [-92.1424925, 14.7071677]]}, "properties": {"osmid": "525872562", "oneway": "False", "lanes": "2", "ref": NaN, "name": NaN, "highway": "tertiary", "maxspeed": NaN, "length": 94.254, "bridge": NaN, "tunnel": NaN, "access": NaN, "junction": NaN, "width": NaN, "est_width": NaN, "iri": 12.9300003051758}}, {"type": "Feature", "geometry": {"type": "LineString", "coordinates": [[-92.1424925, 14.7071677], [-92.1422323, 14.7063666]]}, "properties": {"osmid": "525872562", "oneway": "False", "lanes": "2", "ref": NaN, "name": NaN, "highway": "tertiary", "maxspeed": NaN, "length": 93.371, "bridge": NaN, "tunnel": NaN, "access": NaN, "junction": NaN, "width": NaN, "est_width": NaN, "iri": 12.9300003051758}}, {"type": "Feature", "geometry": {"type": "LineString", "coordinates": [[-92.1422323, 14.7063666], [-92.1419712, 14.7055628]]}, "properties": {"osmid": "525872562", "oneway": "False", "lanes": "2", "ref": NaN, "name": NaN, "highway": "tertiary", "maxspeed": NaN, "length": 93.686, "bridge": NaN, "tunnel": NaN, "access": NaN, "junction": NaN, "width": NaN, "est_width": NaN, "iri": 12.9300003051758}}, {"type": "Feature", "geometry": {"type": "LineString", "coordinates": [[-92.1419712, 14.7055628], [-92.1416799, 14.7047806]]}, "properties": {"osmid": "525872562", "oneway": "False", "lanes": "2", "ref": NaN, "name": NaN, "highway": "tertiary", "maxspeed": NaN, "length": 92.448, "bridge": NaN, "tunnel": NaN, "access": NaN, "junction": NaN, "width": NaN, "est_width": NaN, "iri": 12.9300003051758}}, {"type": "Feature", "geometry": {"type": "LineString", "coordinates": [[-92.1416799, 14.7047806], [-92.1411604, 14.7033224]]}, "properties": {"osmid": "525872562", "oneway": "False", "lanes": "2", "ref": NaN, "name": NaN, "highway": "tertiary", "maxspeed": NaN, "length": 171.502, "bridge": NaN, "tunnel": NaN, "access": NaN, "junction": NaN, "width": NaN, "est_width": NaN, "iri": 12.9300003051758}}, {"type": "Feature", "geometry": {"type": "LineString", "coordinates": [[-92.1411604, 14.7033224], [-92.140968, 14.7027825]]}, "properties": {"osmid": "525872562", "oneway": "False", "lanes": "2", "ref": NaN, "name": NaN, "highway": "tertiary", "maxspeed": NaN, "length": 63.501, "bridge": NaN, "tunnel": NaN, "access": NaN, "junction": NaN, "width": NaN, "est_width": NaN, "iri": 12.9300003051758}}, {"type": "Feature", "geometry": {"type": "LineString", "coordinates": [[-92.140968, 14.7027825], [-92.1402054, 14.7004598]]}, "properties": {"osmid": "525872562", "oneway": "False", "lanes": "2", "ref": NaN, "name": NaN, "highway": "tertiary", "maxspeed": NaN, "length": 270.984, "bridge": NaN, "tunnel": NaN, "access": NaN, "junction": NaN, "width": NaN, "est_width": NaN, "iri": 12.9300003051758}}, {"type": "Feature", "geometry": {"type": "LineString", "coordinates": [[-92.1402054, 14.7004598], [-92.140006, 14.699852]]}, "properties": {"osmid": "525872560", "oneway": "False", "lanes": "2", "ref": NaN, "name": NaN, "highway": "tertiary", "maxspeed": NaN, "length": 70.906, "bridge": "yes", "tunnel": NaN, "access": NaN, "junction": NaN, "width": NaN, "est_width": NaN, "iri": 12.9300003051758}}, {"type": "Feature", "geometry": {"type": "LineString", "coordinates": [[-92.140006, 14.699852], [-92.1399574, 14.6996999]]}, "properties": {"osmid": "123972257", "oneway": "False", "lanes": "2", "ref": NaN, "name": NaN, "highway": "tertiary", "maxspeed": NaN, "length": 17.702, "bridge": NaN, "tunnel": NaN, "access": NaN, "junction": NaN, "width": NaN, "est_width": NaN, "iri": 12.9300003051758}}, {"type": "Feature", "geometry": {"type": "LineString", "coordinates": [[-92.1399574, 14.6996999], [-92.1398944, 14.6994827]]}, "properties": {"osmid": "123972257", "oneway": "False", "lanes": "2", "ref": NaN, "name": NaN, "highway": "tertiary", "maxspeed": NaN, "length": 25.084, "bridge": NaN, "tunnel": NaN, "access": NaN, "junction": NaN, "width": NaN, "est_width": NaN, "iri": 12.9300003051758}}, {"type": "Feature", "geometry": {"type": "LineString", "coordinates": [[-92.1398944, 14.6994827], [-92.1395907, 14.6985043]]}, "properties": {"osmid": "123972257", "oneway": "False", "lanes": "2", "ref": NaN, "name": NaN, "highway": "tertiary", "maxspeed": NaN, "length": 113.591, "bridge": NaN, "tunnel": NaN, "access": NaN, "junction": NaN, "width": NaN, "est_width": NaN, "iri": 12.9300003051758}}, {"type": "Feature", "geometry": {"type": "LineString", "coordinates": [[-92.1395907, 14.6985043], [-92.1394629, 14.6979724]]}, "properties": {"osmid": "123972257", "oneway": "False", "lanes": "2", "ref": NaN, "name": NaN, "highway": "tertiary", "maxspeed": NaN, "length": 60.721, "bridge": NaN, "tunnel": NaN, "access": NaN, "junction": NaN, "width": NaN, "est_width": NaN, "iri": 12.9300003051758}}, {"type": "Feature", "geometry": {"type": "LineString", "coordinates": [[-92.1394629, 14.6979724], [-92.139437, 14.6976516]]}, "properties": {"osmid": "123972257", "oneway": "False", "lanes": "2", "ref": NaN, "name": NaN, "highway": "tertiary", "maxspeed": NaN, "length": 35.78, "bridge": NaN, "tunnel": NaN, "access": NaN, "junction": NaN, "width": NaN, "est_width": NaN, "iri": 12.9300003051758}}, {"type": "Feature", "geometry": {"type": "LineString", "coordinates": [[-92.139437, 14.6976516], [-92.1394104, 14.6973218]]}, "properties": {"osmid": "123972257", "oneway": "False", "lanes": "2", "ref": NaN, "name": NaN, "highway": "tertiary", "maxspeed": NaN, "length": 36.784, "bridge": NaN, "tunnel": NaN, "access": NaN, "junction": NaN, "width": NaN, "est_width": NaN, "iri": 12.9300003051758}}, {"type": "Feature", "geometry": {"type": "LineString", "coordinates": [[-92.1394104, 14.6973218], [-92.1394038, 14.6972394]]}, "properties": {"osmid": "123972257", "oneway": "False", "lanes": "2", "ref": NaN, "name": NaN, "highway": "tertiary", "maxspeed": NaN, "length": 9.19, "bridge": NaN, "tunnel": NaN, "access": NaN, "junction": NaN, "width": NaN, "est_width": NaN, "iri": 12.9300003051758}}, {"type": "Feature", "geometry": {"type": "LineString", "coordinates": [[-92.1394038, 14.6972394], [-92.1392228, 14.6954671]]}, "properties": {"osmid": "123972257", "oneway": "False", "lanes": "2", "ref": NaN, "name": NaN, "highway": "tertiary", "maxspeed": NaN, "length": 198.03, "bridge": NaN, "tunnel": NaN, "access": NaN, "junction": NaN, "width": NaN, "est_width": NaN, "iri": 12.9300003051758}}, {"type": "Feature", "geometry": {"type": "LineString", "coordinates": [[-92.1392228, 14.6954671], [-92.1392225, 14.6954632]]}, "properties": {"osmid": "123972257", "oneway": "False", "lanes": "2", "ref": NaN, "name": NaN, "highway": "tertiary", "maxspeed": NaN, "length": 0.435, "bridge": NaN, "tunnel": NaN, "access": NaN, "junction": NaN, "width": NaN, "est_width": NaN, "iri": 12.9300003051758}}, {"type": "Feature", "geometry": {"type": "LineString", "coordinates": [[-92.1392225, 14.6954632], [-92.1392077, 14.6952829]]}, "properties": {"osmid": "123972257", "oneway": "False", "lanes": "2", "ref": NaN, "name": NaN, "highway": "tertiary", "maxspeed": NaN, "length": 20.112, "bridge": NaN, "tunnel": NaN, "access": NaN, "junction": NaN, "width": NaN, "est_width": NaN, "iri": 12.9300003051758}}, {"type": "Feature", "geometry": {"type": "LineString", "coordinates": [[-92.1392077, 14.6952829], [-92.1391469, 14.6945393]]}, "properties": {"osmid": "123972257", "oneway": "False", "lanes": "2", "ref": NaN, "name": NaN, "highway": "tertiary", "maxspeed": NaN, "length": 82.943, "bridge": NaN, "tunnel": NaN, "access": NaN, "junction": NaN, "width": NaN, "est_width": NaN, "iri": 12.9300003051758}}, {"type": "Feature", "geometry": {"type": "LineString", "coordinates": [[-92.1391469, 14.6945393], [-92.139139, 14.6942287]]}, "properties": {"osmid": "123972257", "oneway": "False", "lanes": "2", "ref": NaN, "name": NaN, "highway": "tertiary", "maxspeed": NaN, "length": 34.548, "bridge": NaN, "tunnel": NaN, "access": NaN, "junction": NaN, "width": NaN, "est_width": NaN, "iri": 12.9300003051758}}, {"type": "Feature", "geometry": {"type": "LineString", "coordinates": [[-92.139139, 14.6942287], [-92.1391283, 14.6938085]]}, "properties": {"osmid": "123972257", "oneway": "False", "lanes": "2", "ref": NaN, "name": NaN, "highway": "tertiary", "maxspeed": NaN, "length": 46.738, "bridge": NaN, "tunnel": NaN, "access": NaN, "junction": NaN, "width": NaN, "est_width": NaN, "iri": 12.9300003051758}}, {"type": "Feature", "geometry": {"type": "LineString", "coordinates": [[-92.1391283, 14.6938085], [-92.1391137, 14.6933752]]}, "properties": {"osmid": "123972257", "oneway": "False", "lanes": "2", "ref": NaN, "name": NaN, "highway": "tertiary", "maxspeed": NaN, "length": 48.206, "bridge": NaN, "tunnel": NaN, "access": NaN, "junction": NaN, "width": NaN, "est_width": NaN, "iri": 12.9300003051758}}, {"type": "Feature", "geometry": {"type": "LineString", "coordinates": [[-92.1391137, 14.6933752], [-92.1391057, 14.6929226]]}, "properties": {"osmid": "123972257", "oneway": "False", "lanes": "2", "ref": NaN, "name": NaN, "highway": "tertiary", "maxspeed": NaN, "length": 50.334, "bridge": NaN, "tunnel": NaN, "access": NaN, "junction": NaN, "width": NaN, "est_width": NaN, "iri": 12.9300003051758}}, {"type": "Feature", "geometry": {"type": "LineString", "coordinates": [[-92.1391057, 14.6929226], [-92.1390939, 14.6924617]]}, "properties": {"osmid": "123972257", "oneway": "False", "lanes": "2", "ref": NaN, "name": NaN, "highway": "tertiary", "maxspeed": NaN, "length": 51.266, "bridge": NaN, "tunnel": NaN, "access": NaN, "junction": NaN, "width": NaN, "est_width": NaN, "iri": 12.9300003051758}}, {"type": "Feature", "geometry": {"type": "LineString", "coordinates": [[-92.1390939, 14.6924617], [-92.1390412, 14.6903963]]}, "properties": {"osmid": "123972257", "oneway": "False", "lanes": "2", "ref": NaN, "name": NaN, "highway": "tertiary", "maxspeed": NaN, "length": 229.732, "bridge": NaN, "tunnel": NaN, "access": NaN, "junction": NaN, "width": NaN, "est_width": NaN, "iri": 12.9300003051758}}, {"type": "Feature", "geometry": {"type": "LineString", "coordinates": [[-92.1390412, 14.6903963], [-92.1390373, 14.6901164]]}, "properties": {"osmid": "123972257", "oneway": "False", "lanes": "2", "ref": NaN, "name": NaN, "highway": "tertiary", "maxspeed": NaN, "length": 31.126, "bridge": NaN, "tunnel": NaN, "access": NaN, "junction": NaN, "width": NaN, "est_width": NaN, "iri": 12.9300003051758}}, {"type": "Feature", "geometry": {"type": "LineString", "coordinates": [[-92.1390373, 14.6901164], [-92.1390287, 14.6895003]]}, "properties": {"osmid": "123972257", "oneway": "False", "lanes": "2", "ref": NaN, "name": NaN, "highway": "tertiary", "maxspeed": NaN, "length": 68.514, "bridge": NaN, "tunnel": NaN, "access": NaN, "junction": NaN, "width": NaN, "est_width": NaN, "iri": 12.9300003051758}}, {"type": "Feature", "geometry": {"type": "LineString", "coordinates": [[-92.1390287, 14.6895003], [-92.139002, 14.6875824]]}, "properties": {"osmid": "123972257", "oneway": "False", "lanes": "2", "ref": NaN, "name": NaN, "highway": "tertiary", "maxspeed": NaN, "length": 213.28, "bridge": NaN, "tunnel": NaN, "access": NaN, "junction": NaN, "width": NaN, "est_width": NaN, "iri": 12.9300003051758}}, {"type": "Feature", "geometry": {"type": "LineString", "coordinates": [[-92.139002, 14.6875824], [-92.1389724, 14.6854625]]}, "properties": {"osmid": "123972257", "oneway": "False", "lanes": "2", "ref": NaN, "name": NaN, "highway": "tertiary", "maxspeed": NaN, "length": 235.744, "bridge": NaN, "tunnel": NaN, "access": NaN, "junction": NaN, "width": NaN, "est_width": NaN, "iri": 12.9300003051758}}, {"type": "Feature", "geometry": {"type": "LineString", "coordinates": [[-92.1389724, 14.6854625], [-92.1389685, 14.6830147]]}, "properties": {"osmid": "123972257", "oneway": "False", "lanes": "2", "ref": NaN, "name": NaN, "highway": "tertiary", "maxspeed": NaN, "length": 272.184, "bridge": NaN, "tunnel": NaN, "access": NaN, "junction": NaN, "width": NaN, "est_width": NaN, "iri": 12.9300003051758}}, {"type": "Feature", "geometry": {"type": "LineString", "coordinates": [[-92.1389685, 14.6830147], [-92.1389709, 14.6829443]]}, "properties": {"osmid": "123972257", "oneway": "False", "lanes": "2", "ref": NaN, "name": NaN, "highway": "tertiary", "maxspeed": NaN, "length": 7.832, "bridge": NaN, "tunnel": NaN, "access": NaN, "junction": NaN, "width": NaN, "est_width": NaN, "iri": 12.9300003051758}}, {"type": "Feature", "geometry": {"type": "LineString", "coordinates": [[-92.1389709, 14.6829443], [-92.1389713, 14.6825514]]}, "properties": {"osmid": "123972257", "oneway": "False", "lanes": "2", "ref": NaN, "name": NaN, "highway": "tertiary", "maxspeed": NaN, "length": 43.689, "bridge": NaN, "tunnel": NaN, "access": NaN, "junction": NaN, "width": NaN, "est_width": NaN, "iri": 12.9300003051758}}, {"type": "Feature", "geometry": {"type": "LineString", "coordinates": [[-92.1389713, 14.6825514], [-92.1390069, 14.682107]]}, "properties": {"osmid": "123972257", "oneway": "False", "lanes": "2", "ref": NaN, "name": NaN, "highway": "tertiary", "maxspeed": NaN, "length": 49.563, "bridge": NaN, "tunnel": NaN, "access": NaN, "junction": NaN, "width": NaN, "est_width": NaN, "iri": 12.9300003051758}}, {"type": "Feature", "geometry": {"type": "LineString", "coordinates": [[-92.1390069, 14.682107], [-92.139186, 14.6810001]]}, "properties": {"osmid": "123972257", "oneway": "False", "lanes": "2", "ref": NaN, "name": NaN, "highway": "tertiary", "maxspeed": NaN, "length": 124.58, "bridge": NaN, "tunnel": NaN, "access": NaN, "junction": NaN, "width": NaN, "est_width": NaN, "iri": 12.9300003051758}}, {"type": "Feature", "geometry": {"type": "LineString", "coordinates": [[-92.139186, 14.6810001], [-92.1391592, 14.6809016]]}, "properties": {"osmid": "123972257", "oneway": "False", "lanes": "2", "ref": NaN, "name": NaN, "highway": "tertiary", "maxspeed": NaN, "length": 11.326, "bridge": NaN, "tunnel": NaN, "access": NaN, "junction": NaN, "width": NaN, "est_width": NaN, "iri": 12.9300003051758}}, {"type": "Feature", "geometry": {"type": "LineString", "coordinates": [[-92.1391592, 14.6809016], [-92.1393315, 14.6805501]]}, "properties": {"osmid": "123972256", "oneway": "False", "lanes": "2", "ref": "CA-2 OCC-A", "name": NaN, "highway": "secondary", "maxspeed": NaN, "length": 43.257, "bridge": NaN, "tunnel": NaN, "access": NaN, "junction": NaN, "width": NaN, "est_width": NaN, "iri": 12.9300003051758}}, {"type": "Feature", "geometry": {"type": "LineString", "coordinates": [[-92.1393315, 14.6805501], [-92.1395394, 14.6799605]]}, "properties": {"osmid": "123972256", "oneway": "False", "lanes": "2", "ref": "CA-2 OCC-A", "name": NaN, "highway": "secondary", "maxspeed": NaN, "length": 69.27, "bridge": NaN, "tunnel": NaN, "access": NaN, "junction": NaN, "width": NaN, "est_width": NaN, "iri": 12.9300003051758}}, {"type": "Feature", "geometry": {"type": "LineString", "coordinates": [[-92.1395394, 14.6799605], [-92.1396833, 14.6794833]]}, "properties": {"osmid": "124122197", "oneway": "True", "lanes": "2", "ref": "RN-08", "name": "3a Avenida", "highway": "secondary", "maxspeed": NaN, "length": 55.274, "bridge": NaN, "tunnel": NaN, "access": NaN, "junction": NaN, "width": NaN, "est_width": NaN, "iri": 12.9300003051758}}, {"type": "Feature", "geometry": {"type": "LineString", "coordinates": [[-92.1396833, 14.6794833], [-92.1397694, 14.6791977]]}, "properties": {"osmid": "124122197", "oneway": "True", "lanes": "2", "ref": "RN-08", "name": "3a Avenida", "highway": "secondary", "maxspeed": NaN, "length": 33.08, "bridge": NaN, "tunnel": NaN, "access": NaN, "junction": NaN, "width": NaN, "est_width": NaN, "iri": 12.9300003051758}}, {"type": "Feature", "geometry": {"type": "LineString", "coordinates": [[-92.1397694, 14.6791977], [-92.1400003, 14.6783712]]}, "properties": {"osmid": "124122197", "oneway": "True", "lanes": "2", "ref": "RN-08", "name": "3a Avenida", "highway": "secondary", "maxspeed": NaN, "length": 95.2, "bridge": NaN, "tunnel": NaN, "access": NaN, "junction": NaN, "width": NaN, "est_width": NaN, "iri": 12.9300003051758}}, {"type": "Feature", "geometry": {"type": "LineString", "coordinates": [[-92.1400003, 14.6783712], [-92.1402147, 14.6775332]]}, "properties": {"osmid": "124122197", "oneway": "True", "lanes": "2", "ref": "RN-08", "name": "3a Avenida", "highway": "secondary", "maxspeed": NaN, "length": 95.993, "bridge": NaN, "tunnel": NaN, "access": NaN, "junction": NaN, "width": NaN, "est_width": NaN, "iri": 12.9300003051758}}]}