{"type": "FeatureCollection", "features": [{"type": "Feature", "geometry": {"type": "LineString", "coordinates": [[-90.3294567, 14.0144304], [-90.3278593, 14.012014]]}, "properties": {"osmid": "113052187", "oneway": "False", "lanes": NaN, "ref": "RD SRO-19", "name": NaN, "highway": "tertiary", "maxspeed": NaN, "length": 319.21, "bridge": NaN, "tunnel": NaN, "access": NaN, "junction": NaN, "width": NaN, "est_width": NaN, "iri": 1.94000005722046}}, {"type": "Feature", "geometry": {"type": "LineString", "coordinates": [[-90.3278593, 14.012014], [-90.3260925, 14.0093762]]}, "properties": {"osmid": "113052187", "oneway": "False", "lanes": NaN, "ref": "RD SRO-19", "name": NaN, "highway": "tertiary", "maxspeed": NaN, "length": 349.807, "bridge": NaN, "tunnel": NaN, "access": NaN, "junction": NaN, "width": NaN, "est_width": NaN, "iri": 1.94000005722046}}, {"type": "Feature", "geometry": {"type": "LineString", "coordinates": [[-90.3260925, 14.0093762], [-90.3245538, 14.0070989]]}, "properties": {"osmid": "113052187", "oneway": "False", "lanes": NaN, "ref": "RD SRO-19", "name": NaN, "highway": "tertiary", "maxspeed": NaN, "length": 302.789, "bridge": NaN, "tunnel": NaN, "access": NaN, "junction": NaN, "width": NaN, "est_width": NaN, "iri": 1.94000005722046}}, {"type": "Feature", "geometry": {"type": "LineString", "coordinates": [[-90.3245538, 14.0070989], [-90.323289, 14.0052201]]}, "properties": {"osmid": "113052187", "oneway": "False", "lanes": NaN, "ref": "RD SRO-19", "name": NaN, "highway": "tertiary", "maxspeed": NaN, "length": 249.531, "bridge": NaN, "tunnel": NaN, "access": NaN, "junction": NaN, "width": NaN, "est_width": NaN, "iri": 1.94000005722046}}, {"type": "Feature", "geometry": {"type": "LineString", "coordinates": [[-90.323289, 14.0052201], [-90.3224023, 14.0039486]]}, "properties": {"osmid": "113052187", "oneway": "False", "lanes": NaN, "ref": "RD SRO-19", "name": NaN, "highway": "tertiary", "maxspeed": NaN, "length": 170.709, "bridge": NaN, "tunnel": NaN, "access": NaN, "junction": NaN, "width": NaN, "est_width": NaN, "iri": 1.94000005722046}}, {"type": "Feature", "geometry": {"type": "LineString", "coordinates": [[-90.3224023, 14.0039486], [-90.3217895, 14.0030377]]}, "properties": {"osmid": "113052187", "oneway": "False", "lanes": NaN, "ref": "RD SRO-19", "name": NaN, "highway": "tertiary", "maxspeed": NaN, "length": 120.956, "bridge": NaN, "tunnel": NaN, "access": NaN, "junction": NaN, "width": NaN, "est_width": NaN, "iri": 1.94000005722046}}, {"type": "Feature", "geometry": {"type": "LineString", "coordinates": [[-90.3217895, 14.0030377], [-90.3213918, 14.0024367]]}, "properties": {"osmid": "113052187", "oneway": "False", "lanes": NaN, "ref": "RD SRO-19", "name": NaN, "highway": "tertiary", "maxspeed": NaN, "length": 79.417, "bridge": NaN, "tunnel": NaN, "access": NaN, "junction": NaN, "width": NaN, "est_width": NaN, "iri": 1.94000005722046}}, {"type": "Feature", "geometry": {"type": "LineString", "coordinates": [[-90.3213918, 14.0024367], [-90.321131, 14.0019622]]}, "properties": {"osmid": "113052187", "oneway": "False", "lanes": NaN, "ref": "RD SRO-19", "name": NaN, "highway": "tertiary", "maxspeed": NaN, "length": 59.796, "bridge": NaN, "tunnel": NaN, "access": NaN, "junction": NaN, "width": NaN, "est_width": NaN, "iri": 1.94000005722046}}, {"type": "Feature", "geometry": {"type": "LineString", "coordinates": [[-90.321131, 14.0019622], [-90.320981, 14.0015068]]}, "properties": {"osmid": "113052187", "oneway": "False", "lanes": NaN, "ref": "RD SRO-19", "name": NaN, "highway": "tertiary", "maxspeed": NaN, "length": 53.161, "bridge": NaN, "tunnel": NaN, "access": NaN, "junction": NaN, "width": NaN, "est_width": NaN, "iri": 1.94000005722046}}, {"type": "Feature", "geometry": {"type": "LineString", "coordinates": [[-90.320981, 14.0015068], [-90.3207333, 14.0005073]]}, "properties": {"osmid": "113052187", "oneway": "False", "lanes": NaN, "ref": "RD SRO-19", "name": NaN, "highway": "tertiary", "maxspeed": NaN, "length": 114.307, "bridge": NaN, "tunnel": NaN, "access": NaN, "junction": NaN, "width": NaN, "est_width": NaN, "iri": 1.94000005722046}}, {"type": "Feature", "geometry": {"type": "LineString", "coordinates": [[-90.3207333, 14.0005073], [-90.3205638, 14.000115]]}, "properties": {"osmid": "113052187", "oneway": "False", "lanes": NaN, "ref": "RD SRO-19", "name": NaN, "highway": "tertiary", "maxspeed": NaN, "length": 47.3, "bridge": NaN, "tunnel": NaN, "access": NaN, "junction": NaN, "width": NaN, "est_width": NaN, "iri": 1.94000005722046}}, {"type": "Feature", "geometry": {"type": "LineString", "coordinates": [[-90.3205638, 14.000115], [-90.3200161, 13.9991914]]}, "properties": {"osmid": "113052187", "oneway": "False", "lanes": NaN, "ref": "RD SRO-19", "name": NaN, "highway": "tertiary", "maxspeed": NaN, "length": 118.487, "bridge": NaN, "tunnel": NaN, "access": NaN, "junction": NaN, "width": NaN, "est_width": NaN, "iri": 1.94000005722046}}, {"type": "Feature", "geometry": {"type": "LineString", "coordinates": [[-90.3200161, 13.9991914], [-90.3189012, 13.9974454]]}, "properties": {"osmid": "113052187", "oneway": "False", "lanes": NaN, "ref": "RD SRO-19", "name": NaN, "highway": "tertiary", "maxspeed": NaN, "length": 228.391, "bridge": NaN, "tunnel": NaN, "access": NaN, "junction": NaN, "width": NaN, "est_width": NaN, "iri": 1.94000005722046}}, {"type": "Feature", "geometry": {"type": "LineString", "coordinates": [[-90.3189012, 13.9974454], [-90.3172061, 13.9948201]]}, "properties": {"osmid": "113052187", "oneway": "False", "lanes": NaN, "ref": "RD SRO-19", "name": NaN, "highway": "tertiary", "maxspeed": NaN, "length": 344.48, "bridge": NaN, "tunnel": NaN, "access": NaN, "junction": NaN, "width": NaN, "est_width": NaN, "iri": 1.94000005722046}}, {"type": "Feature", "geometry": {"type": "LineString", "coordinates": [[-90.3172061, 13.9948201], [-90.3157131, 13.9924857]]}, "properties": {"osmid": "113052187", "oneway": "False", "lanes": NaN, "ref": "RD SRO-19", "name": NaN, "highway": "tertiary", "maxspeed": NaN, "length": 305.496, "bridge": NaN, "tunnel": NaN, "access": NaN, "junction": NaN, "width": NaN, "est_width": NaN, "iri": 1.94000005722046}}, {"type": "Feature", "geometry": {"type": "LineString", "coordinates": [[-90.3157131, 13.9924857], [-90.3153024, 13.9918341]]}, "properties": {"osmid": "113052187", "oneway": "False", "lanes": NaN, "ref": "RD SRO-19", "name": NaN, "highway": "tertiary", "maxspeed": NaN, "length": 84.931, "bridge": NaN, "tunnel": NaN, "access": NaN, "junction": NaN, "width": NaN, "est_width": NaN, "iri": 1.94000005722046}}, {"type": "Feature", "geometry": {"type": "LineString", "coordinates": [[-90.3153024, 13.9918341], [-90.3148968, 13.9911812]]}, "properties": {"osmid": "113052187", "oneway": "False", "lanes": NaN, "ref": "RD SRO-19", "name": NaN, "highway": "tertiary", "maxspeed": NaN, "length": 84.769, "bridge": NaN, "tunnel": NaN, "access": NaN, "junction": NaN, "width": NaN, "est_width": NaN, "iri": 1.94000005722046}}, {"type": "Feature", "geometry": {"type": "LineString", "coordinates": [[-90.3148968, 13.9911812], [-90.3143443, 13.9903275]]}, "properties": {"osmid": "113052187", "oneway": "False", "lanes": NaN, "ref": "RD SRO-19", "name": NaN, "highway": "tertiary", "maxspeed": NaN, "length": 112.093, "bridge": NaN, "tunnel": NaN, "access": NaN, "junction": NaN, "width": NaN, "est_width": NaN, "iri": 1.94000005722046}}, {"type": "Feature", "geometry": {"type": "LineString", "coordinates": [[-90.3143443, 13.9903275], [-90.3137515, 13.9894192]]}, "properties": {"osmid": "113052187", "oneway": "False", "lanes": NaN, "ref": "RD SRO-19", "name": NaN, "highway": "tertiary", "maxspeed": NaN, "length": 119.548, "bridge": NaN, "tunnel": NaN, "access": NaN, "junction": NaN, "width": NaN, "est_width": NaN, "iri": 1.94000005722046}}, {"type": "Feature", "geometry": {"type": "LineString", "coordinates": [[-90.3137515, 13.9894192], [-90.3129844, 13.9881335]]}, "properties": {"osmid": "113052187", "oneway": "False", "lanes": NaN, "ref": "RD SRO-19", "name": NaN, "highway": "tertiary", "maxspeed": NaN, "length": 165.194, "bridge": NaN, "tunnel": NaN, "access": NaN, "junction": NaN, "width": NaN, "est_width": NaN, "iri": 1.94000005722046}}, {"type": "Feature", "geometry": {"type": "LineString", "coordinates": [[-90.3129844, 13.9881335], [-90.3112731, 13.9854944]]}, "properties": {"osmid": "113052187", "oneway": "False", "lanes": NaN, "ref": "RD SRO-19", "name": NaN, "highway": "tertiary", "maxspeed": NaN, "length": 346.713, "bridge": NaN, "tunnel": NaN, "access": NaN, "junction": NaN, "width": NaN, "est_width": NaN, "iri": 1.94000005722046}}, {"type": "Feature", "geometry": {"type": "LineString", "coordinates": [[-90.3112731, 13.9854944], [-90.3105469, 13.9843708]]}, "properties": {"osmid": "113052187", "oneway": "False", "lanes": NaN, "ref": "RD SRO-19", "name": NaN, "highway": "tertiary", "maxspeed": NaN, "length": 147.477, "bridge": NaN, "tunnel": NaN, "access": NaN, "junction": NaN, "width": NaN, "est_width": NaN, "iri": 1.94000005722046}}, {"type": "Feature", "geometry": {"type": "LineString", "coordinates": [[-90.3105469, 13.9843708], [-90.3090228, 13.9819703]]}, "properties": {"osmid": "113052187", "oneway": "False", "lanes": NaN, "ref": "RD SRO-19", "name": NaN, "highway": "tertiary", "maxspeed": NaN, "length": 313.516, "bridge": NaN, "tunnel": NaN, "access": NaN, "junction": NaN, "width": NaN, "est_width": NaN, "iri": 1.94000005722046}}, {"type": "Feature", "geometry": {"type": "LineString", "coordinates": [[-90.3090228, 13.9819703], [-90.3059974, 13.9771265]]}, "properties": {"osmid": "113052187", "oneway": "False", "lanes": NaN, "ref": "RD SRO-19", "name": NaN, "highway": "tertiary", "maxspeed": NaN, "length": 629.813, "bridge": NaN, "tunnel": NaN, "access": NaN, "junction": NaN, "width": NaN, "est_width": NaN, "iri": 1.94000005722046}}, {"type": "Feature", "geometry": {"type": "LineString", "coordinates": [[-90.3059974, 13.9771265], [-90.3028544, 13.9716432]]}, "properties": {"osmid": "113052187", "oneway": "False", "lanes": NaN, "ref": "RD SRO-19", "name": NaN, "highway": "tertiary", "maxspeed": NaN, "length": 697.69, "bridge": NaN, "tunnel": NaN, "access": NaN, "junction": NaN, "width": NaN, "est_width": NaN, "iri": 1.94000005722046}}, {"type": "Feature", "geometry": {"type": "LineString", "coordinates": [[-90.3028544, 13.9716432], [-90.3023227, 13.9705986]]}, "properties": {"osmid": "113052187", "oneway": "False", "lanes": NaN, "ref": "RD SRO-19", "name": NaN, "highway": "tertiary", "maxspeed": NaN, "length": 129.551, "bridge": NaN, "tunnel": NaN, "access": NaN, "junction": NaN, "width": NaN, "est_width": NaN, "iri": 1.94000005722046}}, {"type": "Feature", "geometry": {"type": "LineString", "coordinates": [[-90.3023227, 13.9705986], [-90.302135, 13.9696356]]}, "properties": {"osmid": "113052187", "oneway": "False", "lanes": NaN, "ref": "RD SRO-19", "name": NaN, "highway": "tertiary", "maxspeed": NaN, "length": 108.98, "bridge": NaN, "tunnel": NaN, "access": NaN, "junction": NaN, "width": NaN, "est_width": NaN, "iri": 1.94000005722046}}, {"type": "Feature", "geometry": {"type": "LineString", "coordinates": [[-90.302135, 13.9696356], [-90.3011426, 13.9646328]]}, "properties": {"osmid": "113052187", "oneway": "False", "lanes": NaN, "ref": "RD SRO-19", "name": NaN, "highway": "tertiary", "maxspeed": NaN, "length": 566.5, "bridge": NaN, "tunnel": NaN, "access": NaN, "junction": NaN, "width": NaN, "est_width": NaN, "iri": 1.94000005722046}}, {"type": "Feature", "geometry": {"type": "LineString", "coordinates": [[-90.3011426, 13.9646328], [-90.300633, 13.9614988]]}, "properties": {"osmid": "113052187", "oneway": "False", "lanes": NaN, "ref": "RD SRO-19", "name": NaN, "highway": "tertiary", "maxspeed": NaN, "length": 352.797, "bridge": NaN, "tunnel": NaN, "access": NaN, "junction": NaN, "width": NaN, "est_width": NaN, "iri": 1.94000005722046}}, {"type": "Feature", "geometry": {"type": "LineString", "coordinates": [[-90.300633, 13.9614988], [-90.2996566, 13.9597028]]}, "properties": {"osmid": "113052187", "oneway": "False", "lanes": NaN, "ref": "RD SRO-19", "name": NaN, "highway": "tertiary", "maxspeed": NaN, "length": 225.797, "bridge": NaN, "tunnel": NaN, "access": NaN, "junction": NaN, "width": NaN, "est_width": NaN, "iri": 1.94000005722046}}, {"type": "Feature", "geometry": {"type": "LineString", "coordinates": [[-90.2996566, 13.9597028], [-90.2986588, 13.9577765]]}, "properties": {"osmid": "113052187", "oneway": "False", "lanes": NaN, "ref": "RD SRO-19", "name": NaN, "highway": "tertiary", "maxspeed": NaN, "length": 239.736, "bridge": NaN, "tunnel": NaN, "access": NaN, "junction": NaN, "width": NaN, "est_width": NaN, "iri": 1.94000005722046}}]}