{"type": "FeatureCollection", "features": [{"type": "Feature", "geometry": {"type": "LineString", "coordinates": [[-90.2869859, 13.8471169], [-90.2880799, 13.845471]]}, "properties": {"osmid": "424681008", "oneway": "False", "lanes": NaN, "ref": NaN, "name": NaN, "highway": "unclassified", "maxspeed": NaN, "length": 217.82, "bridge": NaN, "tunnel": NaN, "access": NaN, "junction": NaN, "width": NaN, "est_width": NaN, "iri": 1.00999999046326}}, {"type": "Feature", "geometry": {"type": "LineString", "coordinates": [[-90.2880799, 13.845471], [-90.2888902, 13.8440178]]}, "properties": {"osmid": "424681008", "oneway": "False", "lanes": NaN, "ref": NaN, "name": NaN, "highway": "unclassified", "maxspeed": NaN, "length": 183.751, "bridge": NaN, "tunnel": NaN, "access": NaN, "junction": NaN, "width": NaN, "est_width": NaN, "iri": 1.00999999046326}}, {"type": "Feature", "geometry": {"type": "LineString", "coordinates": [[-90.2888902, 13.8440178], [-90.2892547, 13.8435543]]}, "properties": {"osmid": "424681008", "oneway": "False", "lanes": NaN, "ref": NaN, "name": NaN, "highway": "unclassified", "maxspeed": NaN, "length": 64.846, "bridge": NaN, "tunnel": NaN, "access": NaN, "junction": NaN, "width": NaN, "est_width": NaN, "iri": 1.00999999046326}}, {"type": "Feature", "geometry": {"type": "LineString", "coordinates": [[-90.2892547, 13.8435543], [-90.2895927, 13.8430959]]}, "properties": {"osmid": "424681008", "oneway": "False", "lanes": NaN, "ref": NaN, "name": NaN, "highway": "unclassified", "maxspeed": NaN, "length": 62.688, "bridge": NaN, "tunnel": NaN, "access": NaN, "junction": NaN, "width": NaN, "est_width": NaN, "iri": 1.00999999046326}}, {"type": "Feature", "geometry": {"type": "LineString", "coordinates": [[-90.2895927, 13.8430959], [-90.2906012, 13.842148]]}, "properties": {"osmid": "424681008", "oneway": "False", "lanes": NaN, "ref": NaN, "name": NaN, "highway": "unclassified", "maxspeed": NaN, "length": 151.542, "bridge": NaN, "tunnel": NaN, "access": NaN, "junction": NaN, "width": NaN, "est_width": NaN, "iri": 1.00999999046326}}, {"type": "Feature", "geometry": {"type": "LineString", "coordinates": [[-90.2906012, 13.842148], [-90.2925649, 13.8403874]]}, "properties": {"osmid": "424681008", "oneway": "False", "lanes": NaN, "ref": NaN, "name": NaN, "highway": "unclassified", "maxspeed": NaN, "length": 288.575, "bridge": NaN, "tunnel": NaN, "access": NaN, "junction": NaN, "width": NaN, "est_width": NaN, "iri": 1.00999999046326}}, {"type": "Feature", "geometry": {"type": "LineString", "coordinates": [[-90.2925649, 13.8403874], [-90.2929135, 13.840028]]}, "properties": {"osmid": "424681008", "oneway": "False", "lanes": NaN, "ref": NaN, "name": NaN, "highway": "unclassified", "maxspeed": NaN, "length": 54.897, "bridge": NaN, "tunnel": NaN, "access": NaN, "junction": NaN, "width": NaN, "est_width": NaN, "iri": 1.00999999046326}}, {"type": "Feature", "geometry": {"type": "LineString", "coordinates": [[-90.2929135, 13.840028], [-90.2933156, 13.8394134]]}, "properties": {"osmid": "424681008", "oneway": "False", "lanes": NaN, "ref": NaN, "name": NaN, "highway": "unclassified", "maxspeed": NaN, "length": 80.964, "bridge": NaN, "tunnel": NaN, "access": NaN, "junction": NaN, "width": NaN, "est_width": NaN, "iri": 1.00999999046326}}, {"type": "Feature", "geometry": {"type": "LineString", "coordinates": [[-90.2933156, 13.8394134], [-90.2935999, 13.8390384]]}, "properties": {"osmid": "424681008", "oneway": "False", "lanes": NaN, "ref": NaN, "name": NaN, "highway": "unclassified", "maxspeed": NaN, "length": 51.778, "bridge": NaN, "tunnel": NaN, "access": NaN, "junction": NaN, "width": NaN, "est_width": NaN, "iri": 1.00999999046326}}, {"type": "Feature", "geometry": {"type": "LineString", "coordinates": [[-90.2935999, 13.8390384], [-90.2941739, 13.8384394]]}, "properties": {"osmid": "424681008", "oneway": "False", "lanes": NaN, "ref": NaN, "name": NaN, "highway": "unclassified", "maxspeed": NaN, "length": 90.978, "bridge": NaN, "tunnel": NaN, "access": NaN, "junction": NaN, "width": NaN, "est_width": NaN, "iri": 1.00999999046326}}, {"type": "Feature", "geometry": {"type": "LineString", "coordinates": [[-90.2941739, 13.8384394], [-90.294426, 13.8380696]]}, "properties": {"osmid": "424681008", "oneway": "False", "lanes": NaN, "ref": NaN, "name": NaN, "highway": "unclassified", "maxspeed": NaN, "length": 49.312, "bridge": NaN, "tunnel": NaN, "access": NaN, "junction": NaN, "width": NaN, "est_width": NaN, "iri": 1.00999999046326}}, {"type": "Feature", "geometry": {"type": "LineString", "coordinates": [[-90.294426, 13.8380696], [-90.2946299, 13.8374654]]}, "properties": {"osmid": "424681008", "oneway": "False", "lanes": NaN, "ref": NaN, "name": NaN, "highway": "unclassified", "maxspeed": NaN, "length": 70.699, "bridge": NaN, "tunnel": NaN, "access": NaN, "junction": NaN, "width": NaN, "est_width": NaN, "iri": 1.00999999046326}}, {"type": "Feature", "geometry": {"type": "LineString", "coordinates": [[-90.2946299, 13.8374654], [-90.2946674, 13.8372153]]}, "properties": {"osmid": "424681008", "oneway": "False", "lanes": NaN, "ref": NaN, "name": NaN, "highway": "unclassified", "maxspeed": NaN, "length": 28.103, "bridge": NaN, "tunnel": NaN, "access": NaN, "junction": NaN, "width": NaN, "est_width": NaN, "iri": 1.00999999046326}}, {"type": "Feature", "geometry": {"type": "LineString", "coordinates": [[-90.2946674, 13.8372153], [-90.2946677, 13.8367465]]}, "properties": {"osmid": "424681008", "oneway": "False", "lanes": NaN, "ref": NaN, "name": NaN, "highway": "unclassified", "maxspeed": NaN, "length": 52.128, "bridge": NaN, "tunnel": NaN, "access": NaN, "junction": NaN, "width": NaN, "est_width": NaN, "iri": 1.00999999046326}}, {"type": "Feature", "geometry": {"type": "LineString", "coordinates": [[-90.2946677, 13.8367465], [-90.2946996, 13.8363976]]}, "properties": {"osmid": "424681008", "oneway": "False", "lanes": NaN, "ref": NaN, "name": NaN, "highway": "unclassified", "maxspeed": NaN, "length": 38.949, "bridge": NaN, "tunnel": NaN, "access": NaN, "junction": NaN, "width": NaN, "est_width": NaN, "iri": 1.00999999046326}}, {"type": "Feature", "geometry": {"type": "LineString", "coordinates": [[-90.2946996, 13.8363976], [-90.2948284, 13.8361527]]}, "properties": {"osmid": "424681008", "oneway": "False", "lanes": NaN, "ref": NaN, "name": NaN, "highway": "unclassified", "maxspeed": NaN, "length": 30.577, "bridge": NaN, "tunnel": NaN, "access": NaN, "junction": NaN, "width": NaN, "est_width": NaN, "iri": 1.00999999046326}}, {"type": "Feature", "geometry": {"type": "LineString", "coordinates": [[-90.2948284, 13.8361527], [-90.2950912, 13.8357308]]}, "properties": {"osmid": "424681008", "oneway": "False", "lanes": NaN, "ref": NaN, "name": NaN, "highway": "unclassified", "maxspeed": NaN, "length": 54.826, "bridge": NaN, "tunnel": NaN, "access": NaN, "junction": NaN, "width": NaN, "est_width": NaN, "iri": 1.00999999046326}}, {"type": "Feature", "geometry": {"type": "LineString", "coordinates": [[-90.2950912, 13.8357308], [-90.2953648, 13.8352777]]}, "properties": {"osmid": "424681008", "oneway": "False", "lanes": NaN, "ref": NaN, "name": NaN, "highway": "unclassified", "maxspeed": NaN, "length": 58.404, "bridge": NaN, "tunnel": NaN, "access": NaN, "junction": NaN, "width": NaN, "est_width": NaN, "iri": 1.00999999046326}}, {"type": "Feature", "geometry": {"type": "LineString", "coordinates": [[-90.2953648, 13.8352777], [-90.2954724, 13.8349495]]}, "properties": {"osmid": "424681008", "oneway": "False", "lanes": NaN, "ref": NaN, "name": NaN, "highway": "unclassified", "maxspeed": NaN, "length": 38.299, "bridge": NaN, "tunnel": NaN, "access": NaN, "junction": NaN, "width": NaN, "est_width": NaN, "iri": 1.00999999046326}}, {"type": "Feature", "geometry": {"type": "LineString", "coordinates": [[-90.2954724, 13.8349495], [-90.2955687, 13.8345484]]}, "properties": {"osmid": "424681008", "oneway": "False", "lanes": NaN, "ref": NaN, "name": NaN, "highway": "unclassified", "maxspeed": NaN, "length": 45.796, "bridge": NaN, "tunnel": NaN, "access": NaN, "junction": NaN, "width": NaN, "est_width": NaN, "iri": 1.00999999046326}}, {"type": "Feature", "geometry": {"type": "LineString", "coordinates": [[-90.2955687, 13.8345484], [-90.2955974, 13.8339346]]}, "properties": {"osmid": "424681008", "oneway": "False", "lanes": NaN, "ref": NaN, "name": NaN, "highway": "unclassified", "maxspeed": NaN, "length": 68.322, "bridge": NaN, "tunnel": NaN, "access": NaN, "junction": NaN, "width": NaN, "est_width": NaN, "iri": 1.00999999046326}}, {"type": "Feature", "geometry": {"type": "LineString", "coordinates": [[-90.2955974, 13.8339346], [-90.2946406, 13.8337023]]}, "properties": {"osmid": "757073120", "oneway": "False", "lanes": NaN, "ref": NaN, "name": "Carretera a Buena Vista - Las Lisas", "highway": "tertiary", "maxspeed": NaN, "length": 106.486, "bridge": NaN, "tunnel": NaN, "access": NaN, "junction": NaN, "width": NaN, "est_width": NaN, "iri": 1.00999999046326}}, {"type": "Feature", "geometry": {"type": "LineString", "coordinates": [[-90.2946406, 13.8337023], [-90.2940417, 13.8333304]]}, "properties": {"osmid": "757073120", "oneway": "False", "lanes": NaN, "ref": NaN, "name": "Carretera a Buena Vista - Las Lisas", "highway": "tertiary", "maxspeed": NaN, "length": 76.756, "bridge": NaN, "tunnel": NaN, "access": NaN, "junction": NaN, "width": NaN, "est_width": NaN, "iri": 1.00999999046326}}, {"type": "Feature", "geometry": {"type": "LineString", "coordinates": [[-90.2940417, 13.8333304], [-90.2937842, 13.8331327]]}, "properties": {"osmid": "757073120", "oneway": "False", "lanes": NaN, "ref": NaN, "name": "Carretera a Buena Vista - Las Lisas", "highway": "tertiary", "maxspeed": NaN, "length": 35.443, "bridge": NaN, "tunnel": NaN, "access": NaN, "junction": NaN, "width": NaN, "est_width": NaN, "iri": 1.00999999046326}}, {"type": "Feature", "geometry": {"type": "LineString", "coordinates": [[-90.2937842, 13.8331327], [-90.2931871, 13.8327776]]}, "properties": {"osmid": "757073120", "oneway": "False", "lanes": NaN, "ref": NaN, "name": "Carretera a Buena Vista - Las Lisas", "highway": "tertiary", "maxspeed": NaN, "length": 75.6, "bridge": NaN, "tunnel": NaN, "access": NaN, "junction": NaN, "width": NaN, "est_width": NaN, "iri": 1.00999999046326}}, {"type": "Feature", "geometry": {"type": "LineString", "coordinates": [[-90.2931871, 13.8327776], [-90.2926507, 13.8326317]]}, "properties": {"osmid": "757073120", "oneway": "False", "lanes": NaN, "ref": NaN, "name": "Carretera a Buena Vista - Las Lisas", "highway": "tertiary", "maxspeed": NaN, "length": 60.145, "bridge": NaN, "tunnel": NaN, "access": NaN, "junction": NaN, "width": NaN, "est_width": NaN, "iri": 1.00999999046326}}]}