{"type": "FeatureCollection", "features": [{"type": "Feature", "geometry": {"type": "LineString", "coordinates": [[-90.7332084, 14.5607881], [-90.733218, 14.5593178]]}, "properties": {"osmid": "90965521", "oneway": "True", "lanes": "1", "ref": NaN, "name": "4a Avenida Norte", "highway": "tertiary", "maxspeed": NaN, "length": 163.493, "bridge": NaN, "tunnel": NaN, "access": NaN, "junction": NaN, "width": NaN, "est_width": NaN, "iri": 4.42999982833862}}, {"type": "Feature", "geometry": {"type": "LineString", "coordinates": [[-90.733218, 14.5593178], [-90.7332243, 14.5583194]]}, "properties": {"osmid": "90965521", "oneway": "True", "lanes": "1", "ref": NaN, "name": "4a Avenida Norte", "highway": "tertiary", "maxspeed": NaN, "length": 111.019, "bridge": NaN, "tunnel": NaN, "access": NaN, "junction": NaN, "width": NaN, "est_width": NaN, "iri": 4.42999982833862}}, {"type": "Feature", "geometry": {"type": "LineString", "coordinates": [[-90.7332243, 14.5583194], [-90.7321695, 14.5583331]]}, "properties": {"osmid": "90965449", "oneway": "True", "lanes": NaN, "ref": "CA-1", "name": "3a Calle Oriente", "highway": "primary", "maxspeed": "40", "length": 113.533, "bridge": NaN, "tunnel": NaN, "access": NaN, "junction": NaN, "width": NaN, "est_width": NaN, "iri": 4.42999982833862}}, {"type": "Feature", "geometry": {"type": "LineString", "coordinates": [[-90.7321695, 14.5583331], [-90.731148, 14.5583464]]}, "properties": {"osmid": "90965449", "oneway": "True", "lanes": NaN, "ref": "CA-1", "name": "3a Calle Oriente", "highway": "primary", "maxspeed": "40", "length": 109.949, "bridge": NaN, "tunnel": NaN, "access": NaN, "junction": NaN, "width": NaN, "est_width": NaN, "iri": 4.42999982833862}}, {"type": "Feature", "geometry": {"type": "LineString", "coordinates": [[-90.731148, 14.5583464], [-90.7301033, 14.5583599]]}, "properties": {"osmid": "90965449", "oneway": "True", "lanes": NaN, "ref": "CA-1", "name": "3a Calle Oriente", "highway": "primary", "maxspeed": "40", "length": 112.446, "bridge": NaN, "tunnel": NaN, "access": NaN, "junction": NaN, "width": NaN, "est_width": NaN, "iri": 4.42999982833862}}, {"type": "Feature", "geometry": {"type": "LineString", "coordinates": [[-90.7301033, 14.5583599], [-90.7296218, 14.5583662]]}, "properties": {"osmid": "90965449", "oneway": "True", "lanes": NaN, "ref": "CA-1", "name": "3a Calle Oriente", "highway": "primary", "maxspeed": "40", "length": 51.826, "bridge": NaN, "tunnel": NaN, "access": NaN, "junction": NaN, "width": NaN, "est_width": NaN, "iri": 4.42999982833862}}, {"type": "Feature", "geometry": {"type": "LineString", "coordinates": [[-90.7296218, 14.5583662], [-90.7296346, 14.5573696]]}, "properties": {"osmid": "90965505", "oneway": "True", "lanes": NaN, "ref": NaN, "name": "1a Avenida Norte", "highway": "tertiary", "maxspeed": "40", "length": 110.826, "bridge": NaN, "tunnel": NaN, "access": NaN, "junction": NaN, "width": NaN, "est_width": NaN, "iri": 4.42999982833862}}, {"type": "Feature", "geometry": {"type": "LineString", "coordinates": [[-90.7296346, 14.5573696], [-90.7296473, 14.5563837]]}, "properties": {"osmid": "90965505", "oneway": "True", "lanes": NaN, "ref": NaN, "name": "1a Avenida Norte", "highway": "tertiary", "maxspeed": "40", "length": 109.636, "bridge": NaN, "tunnel": NaN, "access": NaN, "junction": NaN, "width": NaN, "est_width": NaN, "iri": 4.42999982833862}}, {"type": "Feature", "geometry": {"type": "LineString", "coordinates": [[-90.7296473, 14.5563837], [-90.7296508, 14.5554231]]}, "properties": {"osmid": "39706766", "oneway": "True", "lanes": NaN, "ref": NaN, "name": "1a Avenida Sur", "highway": "tertiary", "maxspeed": "40", "length": 106.815, "bridge": NaN, "tunnel": NaN, "access": NaN, "junction": NaN, "width": NaN, "est_width": NaN, "iri": 4.42999982833862}}, {"type": "Feature", "geometry": {"type": "LineString", "coordinates": [[-90.7296508, 14.5554231], [-90.7296671, 14.554439]]}, "properties": {"osmid": "39706766", "oneway": "True", "lanes": NaN, "ref": NaN, "name": "1a Avenida Sur", "highway": "tertiary", "maxspeed": "40", "length": 109.441, "bridge": NaN, "tunnel": NaN, "access": NaN, "junction": NaN, "width": NaN, "est_width": NaN, "iri": 4.42999982833862}}, {"type": "Feature", "geometry": {"type": "LineString", "coordinates": [[-90.7296671, 14.554439], [-90.7291297, 14.5544595]]}, "properties": {"osmid": "90965524", "oneway": "True", "lanes": NaN, "ref": NaN, "name": "7a Calle Oriente", "highway": "tertiary", "maxspeed": "30", "length": 57.884, "bridge": NaN, "tunnel": NaN, "access": NaN, "junction": NaN, "width": NaN, "est_width": NaN, "iri": 4.42999982833862}}, {"type": "Feature", "geometry": {"type": "LineString", "coordinates": [[-90.7291297, 14.5544595], [-90.7289525, 14.5544663]]}, "properties": {"osmid": "90965524", "oneway": "True", "lanes": NaN, "ref": NaN, "name": "7a Calle Oriente", "highway": "tertiary", "maxspeed": "30", "length": 19.086, "bridge": NaN, "tunnel": NaN, "access": NaN, "junction": NaN, "width": NaN, "est_width": NaN, "iri": 4.42999982833862}}, {"type": "Feature", "geometry": {"type": "LineString", "coordinates": [[-90.7289525, 14.5544663], [-90.7285932, 14.55448]]}, "properties": {"osmid": "90965524", "oneway": "True", "lanes": NaN, "ref": NaN, "name": "7a Calle Oriente", "highway": "tertiary", "maxspeed": "30", "length": 38.7, "bridge": NaN, "tunnel": NaN, "access": NaN, "junction": NaN, "width": NaN, "est_width": NaN, "iri": 4.42999982833862}}, {"type": "Feature", "geometry": {"type": "LineString", "coordinates": [[-90.7285932, 14.55448], [-90.7283448, 14.5544895]]}, "properties": {"osmid": "90965524", "oneway": "True", "lanes": NaN, "ref": NaN, "name": "7a Calle Oriente", "highway": "tertiary", "maxspeed": "30", "length": 26.755, "bridge": NaN, "tunnel": NaN, "access": NaN, "junction": NaN, "width": NaN, "est_width": NaN, "iri": 4.42999982833862}}, {"type": "Feature", "geometry": {"type": "LineString", "coordinates": [[-90.7283448, 14.5544895], [-90.72781, 14.5545099]]}, "properties": {"osmid": "90965524", "oneway": "True", "lanes": NaN, "ref": NaN, "name": "7a Calle Oriente", "highway": "tertiary", "maxspeed": "30", "length": 57.603, "bridge": NaN, "tunnel": NaN, "access": NaN, "junction": NaN, "width": NaN, "est_width": NaN, "iri": 4.42999982833862}}, {"type": "Feature", "geometry": {"type": "LineString", "coordinates": [[-90.72781, 14.5545099], [-90.7272495, 14.5545313]]}, "properties": {"osmid": "90965524", "oneway": "True", "lanes": NaN, "ref": NaN, "name": "7a Calle Oriente", "highway": "tertiary", "maxspeed": "30", "length": 60.372, "bridge": NaN, "tunnel": NaN, "access": NaN, "junction": NaN, "width": NaN, "est_width": NaN, "iri": 4.42999982833862}}, {"type": "Feature", "geometry": {"type": "LineString", "coordinates": [[-90.7272495, 14.5545313], [-90.7271543, 14.5545356]]}, "properties": {"osmid": "402536040", "oneway": "True", "lanes": NaN, "ref": NaN, "name": "7a Calle Oriente", "highway": "tertiary", "maxspeed": "30", "length": 10.257, "bridge": "yes", "tunnel": NaN, "access": NaN, "junction": NaN, "width": NaN, "est_width": NaN, "iri": 4.42999982833862}}, {"type": "Feature", "geometry": {"type": "LineString", "coordinates": [[-90.7271543, 14.5545356], [-90.7271268, 14.5545369]]}, "properties": {"osmid": "402536039", "oneway": "True", "lanes": NaN, "ref": NaN, "name": "7a Calle Oriente", "highway": "tertiary", "maxspeed": "30", "length": 2.963, "bridge": NaN, "tunnel": NaN, "access": NaN, "junction": NaN, "width": NaN, "est_width": NaN, "iri": 4.42999982833862}}, {"type": "Feature", "geometry": {"type": "LineString", "coordinates": [[-90.7271268, 14.5545369], [-90.7272488, 14.5540328]]}, "properties": {"osmid": "393053485", "oneway": "False", "lanes": "2", "ref": "RD SAC-01", "name": "Calle de Chipilapa", "highway": "secondary", "maxspeed": "40", "length": 57.571, "bridge": NaN, "tunnel": NaN, "access": NaN, "junction": NaN, "width": NaN, "est_width": NaN, "iri": 4.42999982833862}}, {"type": "Feature", "geometry": {"type": "LineString", "coordinates": [[-90.7272488, 14.5540328], [-90.7273316, 14.5535182]]}, "properties": {"osmid": "393053485", "oneway": "False", "lanes": "2", "ref": "RD SAC-01", "name": "Calle de Chipilapa", "highway": "secondary", "maxspeed": "40", "length": 57.911, "bridge": NaN, "tunnel": NaN, "access": NaN, "junction": NaN, "width": NaN, "est_width": NaN, "iri": 4.42999982833862}}, {"type": "Feature", "geometry": {"type": "LineString", "coordinates": [[-90.7273316, 14.5535182], [-90.7273403, 14.5531223]]}, "properties": {"osmid": "393053485", "oneway": "False", "lanes": "2", "ref": "RD SAC-01", "name": "Calle de Chipilapa", "highway": "secondary", "maxspeed": "40", "length": 44.032, "bridge": NaN, "tunnel": NaN, "access": NaN, "junction": NaN, "width": NaN, "est_width": NaN, "iri": 4.42999982833862}}, {"type": "Feature", "geometry": {"type": "LineString", "coordinates": [[-90.7273403, 14.5531223], [-90.7273158, 14.5527352]]}, "properties": {"osmid": "393053485", "oneway": "False", "lanes": "2", "ref": "RD SAC-01", "name": "Calle de Chipilapa", "highway": "secondary", "maxspeed": "40", "length": 43.124, "bridge": NaN, "tunnel": NaN, "access": NaN, "junction": NaN, "width": NaN, "est_width": NaN, "iri": 4.42999982833862}}, {"type": "Feature", "geometry": {"type": "LineString", "coordinates": [[-90.7273158, 14.5527352], [-90.7273204, 14.5523546]]}, "properties": {"osmid": "393053485", "oneway": "False", "lanes": "2", "ref": "RD SAC-01", "name": "Calle de Chipilapa", "highway": "secondary", "maxspeed": "40", "length": 42.324, "bridge": NaN, "tunnel": NaN, "access": NaN, "junction": NaN, "width": NaN, "est_width": NaN, "iri": 4.42999982833862}}, {"type": "Feature", "geometry": {"type": "LineString", "coordinates": [[-90.7273204, 14.5523546], [-90.7273464, 14.5518658]]}, "properties": {"osmid": "393053485", "oneway": "False", "lanes": "2", "ref": "RD SAC-01", "name": "Calle de Chipilapa", "highway": "secondary", "maxspeed": "40", "length": 54.424, "bridge": NaN, "tunnel": NaN, "access": NaN, "junction": NaN, "width": NaN, "est_width": NaN, "iri": 4.42999982833862}}, {"type": "Feature", "geometry": {"type": "LineString", "coordinates": [[-90.7273464, 14.5518658], [-90.7273514, 14.5516488]]}, "properties": {"osmid": "393053485", "oneway": "False", "lanes": "2", "ref": "RD SAC-01", "name": "Calle de Chipilapa", "highway": "secondary", "maxspeed": "40", "length": 24.135, "bridge": NaN, "tunnel": NaN, "access": NaN, "junction": NaN, "width": NaN, "est_width": NaN, "iri": 4.42999982833862}}, {"type": "Feature", "geometry": {"type": "LineString", "coordinates": [[-90.7273514, 14.5516488], [-90.7273679, 14.5515059]]}, "properties": {"osmid": "393053485", "oneway": "False", "lanes": "2", "ref": "RD SAC-01", "name": "Calle de Chipilapa", "highway": "secondary", "maxspeed": "40", "length": 15.989, "bridge": NaN, "tunnel": NaN, "access": NaN, "junction": NaN, "width": NaN, "est_width": NaN, "iri": 4.42999982833862}}, {"type": "Feature", "geometry": {"type": "LineString", "coordinates": [[-90.7273679, 14.5515059], [-90.7274064, 14.5513612]]}, "properties": {"osmid": "393053485", "oneway": "False", "lanes": "2", "ref": "RD SAC-01", "name": "Calle de Chipilapa", "highway": "secondary", "maxspeed": "40", "length": 16.615, "bridge": NaN, "tunnel": NaN, "access": NaN, "junction": NaN, "width": NaN, "est_width": NaN, "iri": 4.42999982833862}}, {"type": "Feature", "geometry": {"type": "LineString", "coordinates": [[-90.7274064, 14.5513612], [-90.727449, 14.5512571]]}, "properties": {"osmid": "393053485", "oneway": "False", "lanes": "2", "ref": "RD SAC-01", "name": "Calle de Chipilapa", "highway": "secondary", "maxspeed": "40", "length": 12.45, "bridge": NaN, "tunnel": NaN, "access": NaN, "junction": NaN, "width": NaN, "est_width": NaN, "iri": 4.42999982833862}}, {"type": "Feature", "geometry": {"type": "LineString", "coordinates": [[-90.727449, 14.5512571], [-90.7275069, 14.5511829]]}, "properties": {"osmid": "393053485", "oneway": "False", "lanes": "2", "ref": "RD SAC-01", "name": "Calle de Chipilapa", "highway": "secondary", "maxspeed": "40", "length": 10.34, "bridge": NaN, "tunnel": NaN, "access": NaN, "junction": NaN, "width": NaN, "est_width": NaN, "iri": 4.42999982833862}}, {"type": "Feature", "geometry": {"type": "LineString", "coordinates": [[-90.7275069, 14.5511829], [-90.7277262, 14.5509076]]}, "properties": {"osmid": "393053485", "oneway": "False", "lanes": "2", "ref": "RD SAC-01", "name": "Calle de Chipilapa", "highway": "secondary", "maxspeed": "40", "length": 38.655, "bridge": NaN, "tunnel": NaN, "access": NaN, "junction": NaN, "width": NaN, "est_width": NaN, "iri": 4.42999982833862}}, {"type": "Feature", "geometry": {"type": "LineString", "coordinates": [[-90.7277262, 14.5509076], [-90.7279002, 14.5506573]]}, "properties": {"osmid": "393053485", "oneway": "False", "lanes": "2", "ref": "RD SAC-01", "name": "Calle de Chipilapa", "highway": "secondary", "maxspeed": "40", "length": 33.546, "bridge": NaN, "tunnel": NaN, "access": NaN, "junction": NaN, "width": NaN, "est_width": NaN, "iri": 4.42999982833862}}, {"type": "Feature", "geometry": {"type": "LineString", "coordinates": [[-90.7279002, 14.5506573], [-90.728102, 14.5503827]]}, "properties": {"osmid": "393053485", "oneway": "False", "lanes": "2", "ref": "RD SAC-01", "name": "Calle de Chipilapa", "highway": "secondary", "maxspeed": "40", "length": 37.471, "bridge": NaN, "tunnel": NaN, "access": NaN, "junction": NaN, "width": NaN, "est_width": NaN, "iri": 4.42999982833862}}, {"type": "Feature", "geometry": {"type": "LineString", "coordinates": [[-90.728102, 14.5503827], [-90.7282117, 14.5502081]]}, "properties": {"osmid": "393053485", "oneway": "False", "lanes": "2", "ref": "RD SAC-01", "name": "Calle de Chipilapa", "highway": "secondary", "maxspeed": "40", "length": 22.723, "bridge": NaN, "tunnel": NaN, "access": NaN, "junction": NaN, "width": NaN, "est_width": NaN, "iri": 4.42999982833862}}, {"type": "Feature", "geometry": {"type": "LineString", "coordinates": [[-90.7282117, 14.5502081], [-90.7282747, 14.5500451]]}, "properties": {"osmid": "393053485", "oneway": "False", "lanes": "2", "ref": "RD SAC-01", "name": "Calle de Chipilapa", "highway": "secondary", "maxspeed": "40", "length": 19.352, "bridge": NaN, "tunnel": NaN, "access": NaN, "junction": NaN, "width": NaN, "est_width": NaN, "iri": 4.42999982833862}}, {"type": "Feature", "geometry": {"type": "LineString", "coordinates": [[-90.7282747, 14.5500451], [-90.7283413, 14.5496065]]}, "properties": {"osmid": "90925545", "oneway": "False", "lanes": NaN, "ref": "RD SAC-01", "name": "Calle del Hermano Pedro", "highway": "secondary", "maxspeed": NaN, "length": 49.294, "bridge": NaN, "tunnel": NaN, "access": NaN, "junction": NaN, "width": NaN, "est_width": NaN, "iri": 4.42999982833862}}, {"type": "Feature", "geometry": {"type": "LineString", "coordinates": [[-90.7283413, 14.5496065], [-90.7283799, 14.5494457]]}, "properties": {"osmid": "90925545", "oneway": "False", "lanes": NaN, "ref": "RD SAC-01", "name": "Calle del Hermano Pedro", "highway": "secondary", "maxspeed": NaN, "length": 18.356, "bridge": NaN, "tunnel": NaN, "access": NaN, "junction": NaN, "width": NaN, "est_width": NaN, "iri": 4.42999982833862}}, {"type": "Feature", "geometry": {"type": "LineString", "coordinates": [[-90.7283799, 14.5494457], [-90.7285519, 14.5486724]]}, "properties": {"osmid": "90925545", "oneway": "False", "lanes": NaN, "ref": "RD SAC-01", "name": "Calle del Hermano Pedro", "highway": "secondary", "maxspeed": NaN, "length": 87.957, "bridge": NaN, "tunnel": NaN, "access": NaN, "junction": NaN, "width": NaN, "est_width": NaN, "iri": 4.42999982833862}}, {"type": "Feature", "geometry": {"type": "LineString", "coordinates": [[-90.7285519, 14.5486724], [-90.7285851, 14.548501]]}, "properties": {"osmid": "90925545", "oneway": "False", "lanes": NaN, "ref": "RD SAC-01", "name": "Calle del Hermano Pedro", "highway": "secondary", "maxspeed": NaN, "length": 19.391, "bridge": NaN, "tunnel": NaN, "access": NaN, "junction": NaN, "width": NaN, "est_width": NaN, "iri": 4.42999982833862}}, {"type": "Feature", "geometry": {"type": "LineString", "coordinates": [[-90.7285851, 14.548501], [-90.7288941, 14.547053]]}, "properties": {"osmid": "90925545", "oneway": "False", "lanes": NaN, "ref": "RD SAC-01", "name": "Calle del Hermano Pedro", "highway": "secondary", "maxspeed": NaN, "length": 164.409, "bridge": NaN, "tunnel": NaN, "access": NaN, "junction": NaN, "width": NaN, "est_width": NaN, "iri": 4.42999982833862}}, {"type": "Feature", "geometry": {"type": "LineString", "coordinates": [[-90.7288941, 14.547053], [-90.7291244, 14.5457014]]}, "properties": {"osmid": "90925545", "oneway": "False", "lanes": NaN, "ref": "RD SAC-01", "name": "Calle del Hermano Pedro", "highway": "secondary", "maxspeed": NaN, "length": 152.322, "bridge": NaN, "tunnel": NaN, "access": NaN, "junction": NaN, "width": NaN, "est_width": NaN, "iri": 4.42999982833862}}, {"type": "Feature", "geometry": {"type": "LineString", "coordinates": [[-90.7291244, 14.5457014], [-90.7291648, 14.545353]]}, "properties": {"osmid": "90925537", "oneway": "False", "lanes": "2", "ref": "RD SAC-01", "name": NaN, "highway": "secondary", "maxspeed": NaN, "length": 38.984, "bridge": NaN, "tunnel": NaN, "access": NaN, "junction": NaN, "width": NaN, "est_width": NaN, "iri": 4.42999982833862}}, {"type": "Feature", "geometry": {"type": "LineString", "coordinates": [[-90.7291648, 14.545353], [-90.7293558, 14.544206]]}, "properties": {"osmid": "90925537", "oneway": "False", "lanes": "2", "ref": "RD SAC-01", "name": NaN, "highway": "secondary", "maxspeed": NaN, "length": 129.187, "bridge": NaN, "tunnel": NaN, "access": NaN, "junction": NaN, "width": NaN, "est_width": NaN, "iri": 4.42999982833862}}, {"type": "Feature", "geometry": {"type": "LineString", "coordinates": [[-90.7293558, 14.544206], [-90.729408, 14.5438227]]}, "properties": {"osmid": "90925537", "oneway": "False", "lanes": "2", "ref": "RD SAC-01", "name": NaN, "highway": "secondary", "maxspeed": NaN, "length": 42.99, "bridge": NaN, "tunnel": NaN, "access": NaN, "junction": NaN, "width": NaN, "est_width": NaN, "iri": 4.42999982833862}}, {"type": "Feature", "geometry": {"type": "LineString", "coordinates": [[-90.729408, 14.5438227], [-90.7294341, 14.5434871]]}, "properties": {"osmid": "90925537", "oneway": "False", "lanes": "2", "ref": "RD SAC-01", "name": NaN, "highway": "secondary", "maxspeed": NaN, "length": 37.423, "bridge": NaN, "tunnel": NaN, "access": NaN, "junction": NaN, "width": NaN, "est_width": NaN, "iri": 4.42999982833862}}, {"type": "Feature", "geometry": {"type": "LineString", "coordinates": [[-90.7294341, 14.5434871], [-90.7294372, 14.5433759]]}, "properties": {"osmid": "614594208", "oneway": "False", "lanes": "2", "ref": "RD SAC-01", "name": NaN, "highway": "secondary", "maxspeed": NaN, "length": 12.369, "bridge": "yes", "tunnel": NaN, "access": NaN, "junction": NaN, "width": NaN, "est_width": NaN, "iri": 4.42999982833862}}, {"type": "Feature", "geometry": {"type": "LineString", "coordinates": [[-90.7294372, 14.5433759], [-90.7294483, 14.5426744]]}, "properties": {"osmid": "164473809", "oneway": "False", "lanes": "2", "ref": "RD SAC-01", "name": NaN, "highway": "secondary", "maxspeed": NaN, "length": 78.013, "bridge": NaN, "tunnel": NaN, "access": NaN, "junction": NaN, "width": NaN, "est_width": NaN, "iri": 4.42999982833862}}, {"type": "Feature", "geometry": {"type": "LineString", "coordinates": [[-90.7294483, 14.5426744], [-90.7294513, 14.5411951]]}, "properties": {"osmid": "164473809", "oneway": "False", "lanes": "2", "ref": "RD SAC-01", "name": NaN, "highway": "secondary", "maxspeed": NaN, "length": 164.491, "bridge": NaN, "tunnel": NaN, "access": NaN, "junction": NaN, "width": NaN, "est_width": NaN, "iri": 4.42999982833862}}, {"type": "Feature", "geometry": {"type": "LineString", "coordinates": [[-90.7294513, 14.5411951], [-90.7294505, 14.5401709]]}, "properties": {"osmid": "164473809", "oneway": "False", "lanes": "2", "ref": "RD SAC-01", "name": NaN, "highway": "secondary", "maxspeed": NaN, "length": 113.886, "bridge": NaN, "tunnel": NaN, "access": NaN, "junction": NaN, "width": NaN, "est_width": NaN, "iri": 4.42999982833862}}, {"type": "Feature", "geometry": {"type": "LineString", "coordinates": [[-90.7294505, 14.5401709], [-90.729478, 14.5391195]]}, "properties": {"osmid": "164473809", "oneway": "False", "lanes": "2", "ref": "RD SAC-01", "name": NaN, "highway": "secondary", "maxspeed": NaN, "length": 116.948, "bridge": NaN, "tunnel": NaN, "access": NaN, "junction": NaN, "width": NaN, "est_width": NaN, "iri": 4.42999982833862}}, {"type": "Feature", "geometry": {"type": "LineString", "coordinates": [[-90.729478, 14.5391195], [-90.7297432, 14.5370853]]}, "properties": {"osmid": "164473809", "oneway": "False", "lanes": "2", "ref": "RD SAC-01", "name": NaN, "highway": "secondary", "maxspeed": NaN, "length": 227.987, "bridge": NaN, "tunnel": NaN, "access": NaN, "junction": NaN, "width": NaN, "est_width": NaN, "iri": 4.42999982833862}}, {"type": "Feature", "geometry": {"type": "LineString", "coordinates": [[-90.7297432, 14.5370853], [-90.729953, 14.5350654]]}, "properties": {"osmid": "164473809", "oneway": "False", "lanes": "2", "ref": "RD SAC-01", "name": NaN, "highway": "secondary", "maxspeed": NaN, "length": 225.735, "bridge": NaN, "tunnel": NaN, "access": NaN, "junction": NaN, "width": NaN, "est_width": NaN, "iri": 4.42999982833862}}, {"type": "Feature", "geometry": {"type": "LineString", "coordinates": [[-90.729953, 14.5350654], [-90.7298322, 14.5346164]]}, "properties": {"osmid": "164473809", "oneway": "False", "lanes": "2", "ref": "RD SAC-01", "name": NaN, "highway": "secondary", "maxspeed": NaN, "length": 51.592, "bridge": NaN, "tunnel": NaN, "access": NaN, "junction": NaN, "width": NaN, "est_width": NaN, "iri": 4.42999982833862}}, {"type": "Feature", "geometry": {"type": "LineString", "coordinates": [[-90.7298322, 14.5346164], [-90.7297441, 14.5343763]]}, "properties": {"osmid": "164473809", "oneway": "False", "lanes": "2", "ref": "RD SAC-01", "name": NaN, "highway": "secondary", "maxspeed": NaN, "length": 28.332, "bridge": NaN, "tunnel": NaN, "access": NaN, "junction": NaN, "width": NaN, "est_width": NaN, "iri": 4.42999982833862}}, {"type": "Feature", "geometry": {"type": "LineString", "coordinates": [[-90.7297441, 14.5343763], [-90.729499, 14.5341671]]}, "properties": {"osmid": "164473809", "oneway": "False", "lanes": "2", "ref": "RD SAC-01", "name": NaN, "highway": "secondary", "maxspeed": NaN, "length": 35.173, "bridge": NaN, "tunnel": NaN, "access": NaN, "junction": NaN, "width": NaN, "est_width": NaN, "iri": 4.42999982833862}}, {"type": "Feature", "geometry": {"type": "LineString", "coordinates": [[-90.729499, 14.5341671], [-90.7292214, 14.5339816]]}, "properties": {"osmid": "164473809", "oneway": "False", "lanes": "2", "ref": "RD SAC-01", "name": NaN, "highway": "secondary", "maxspeed": NaN, "length": 36.308, "bridge": NaN, "tunnel": NaN, "access": NaN, "junction": NaN, "width": NaN, "est_width": NaN, "iri": 4.42999982833862}}, {"type": "Feature", "geometry": {"type": "LineString", "coordinates": [[-90.7292214, 14.5339816], [-90.7288435, 14.533716]]}, "properties": {"osmid": "164473809", "oneway": "False", "lanes": "2", "ref": "RD SAC-01", "name": NaN, "highway": "secondary", "maxspeed": NaN, "length": 50.267, "bridge": NaN, "tunnel": NaN, "access": NaN, "junction": NaN, "width": NaN, "est_width": NaN, "iri": 4.42999982833862}}, {"type": "Feature", "geometry": {"type": "LineString", "coordinates": [[-90.7288435, 14.533716], [-90.728578, 14.533433]]}, "properties": {"osmid": "164473809", "oneway": "False", "lanes": "2", "ref": "RD SAC-01", "name": NaN, "highway": "secondary", "maxspeed": NaN, "length": 42.508, "bridge": NaN, "tunnel": NaN, "access": NaN, "junction": NaN, "width": NaN, "est_width": NaN, "iri": 4.42999982833862}}, {"type": "Feature", "geometry": {"type": "LineString", "coordinates": [[-90.728578, 14.533433], [-90.7283631, 14.5331207]]}, "properties": {"osmid": "164473809", "oneway": "False", "lanes": "2", "ref": "RD SAC-01", "name": NaN, "highway": "secondary", "maxspeed": NaN, "length": 41.725, "bridge": NaN, "tunnel": NaN, "access": NaN, "junction": NaN, "width": NaN, "est_width": NaN, "iri": 4.42999982833862}}, {"type": "Feature", "geometry": {"type": "LineString", "coordinates": [[-90.7283631, 14.5331207], [-90.7282483, 14.5328821]]}, "properties": {"osmid": "164473809", "oneway": "False", "lanes": "2", "ref": "RD SAC-01", "name": NaN, "highway": "secondary", "maxspeed": NaN, "length": 29.268, "bridge": NaN, "tunnel": NaN, "access": NaN, "junction": NaN, "width": NaN, "est_width": NaN, "iri": 4.42999982833862}}, {"type": "Feature", "geometry": {"type": "LineString", "coordinates": [[-90.7282483, 14.5328821], [-90.7281917, 14.5327243]]}, "properties": {"osmid": "164473809", "oneway": "False", "lanes": "2", "ref": "RD SAC-01", "name": NaN, "highway": "secondary", "maxspeed": NaN, "length": 18.574, "bridge": NaN, "tunnel": NaN, "access": NaN, "junction": NaN, "width": NaN, "est_width": NaN, "iri": 4.42999982833862}}, {"type": "Feature", "geometry": {"type": "LineString", "coordinates": [[-90.7281917, 14.5327243], [-90.7281002, 14.5324142]]}, "properties": {"osmid": "164473809", "oneway": "False", "lanes": "2", "ref": "RD SAC-01", "name": NaN, "highway": "secondary", "maxspeed": NaN, "length": 35.861, "bridge": NaN, "tunnel": NaN, "access": NaN, "junction": NaN, "width": NaN, "est_width": NaN, "iri": 4.42999982833862}}, {"type": "Feature", "geometry": {"type": "LineString", "coordinates": [[-90.7281002, 14.5324142], [-90.7280105, 14.5320981]]}, "properties": {"osmid": "164473809", "oneway": "False", "lanes": "2", "ref": "RD SAC-01", "name": NaN, "highway": "secondary", "maxspeed": NaN, "length": 36.451, "bridge": NaN, "tunnel": NaN, "access": NaN, "junction": NaN, "width": NaN, "est_width": NaN, "iri": 4.42999982833862}}, {"type": "Feature", "geometry": {"type": "LineString", "coordinates": [[-90.7280105, 14.5320981], [-90.7279621, 14.5319265]]}, "properties": {"osmid": "164473809", "oneway": "False", "lanes": "2", "ref": "RD SAC-01", "name": NaN, "highway": "secondary", "maxspeed": NaN, "length": 19.779, "bridge": NaN, "tunnel": NaN, "access": NaN, "junction": NaN, "width": NaN, "est_width": NaN, "iri": 4.42999982833862}}, {"type": "Feature", "geometry": {"type": "LineString", "coordinates": [[-90.7279621, 14.5319265], [-90.7279149, 14.5317522]]}, "properties": {"osmid": "164473809", "oneway": "False", "lanes": "2", "ref": "RD SAC-01", "name": NaN, "highway": "secondary", "maxspeed": NaN, "length": 20.036, "bridge": NaN, "tunnel": NaN, "access": NaN, "junction": NaN, "width": NaN, "est_width": NaN, "iri": 4.42999982833862}}, {"type": "Feature", "geometry": {"type": "LineString", "coordinates": [[-90.7279149, 14.5317522], [-90.7276591, 14.5308753]]}, "properties": {"osmid": "164473809", "oneway": "False", "lanes": "2", "ref": "RD SAC-01", "name": NaN, "highway": "secondary", "maxspeed": NaN, "length": 101.32, "bridge": NaN, "tunnel": NaN, "access": NaN, "junction": NaN, "width": NaN, "est_width": NaN, "iri": 4.42999982833862}}, {"type": "Feature", "geometry": {"type": "LineString", "coordinates": [[-90.7276591, 14.5308753], [-90.7275885, 14.5306692]]}, "properties": {"osmid": "164473809", "oneway": "False", "lanes": "2", "ref": "RD SAC-01", "name": NaN, "highway": "secondary", "maxspeed": NaN, "length": 24.144, "bridge": NaN, "tunnel": NaN, "access": NaN, "junction": NaN, "width": NaN, "est_width": NaN, "iri": 4.42999982833862}}, {"type": "Feature", "geometry": {"type": "LineString", "coordinates": [[-90.7275885, 14.5306692], [-90.7275029, 14.5304078]]}, "properties": {"osmid": "164473809", "oneway": "False", "lanes": "2", "ref": "RD SAC-01", "name": NaN, "highway": "secondary", "maxspeed": NaN, "length": 30.492, "bridge": NaN, "tunnel": NaN, "access": NaN, "junction": NaN, "width": NaN, "est_width": NaN, "iri": 4.42999982833862}}, {"type": "Feature", "geometry": {"type": "LineString", "coordinates": [[-90.7275029, 14.5304078], [-90.7271771, 14.529482]]}, "properties": {"osmid": "164473809", "oneway": "False", "lanes": "2", "ref": "RD SAC-01", "name": NaN, "highway": "secondary", "maxspeed": NaN, "length": 108.754, "bridge": NaN, "tunnel": NaN, "access": NaN, "junction": NaN, "width": NaN, "est_width": NaN, "iri": 4.42999982833862}}, {"type": "Feature", "geometry": {"type": "LineString", "coordinates": [[-90.7271771, 14.529482], [-90.7268731, 14.5286216]]}, "properties": {"osmid": "164473809", "oneway": "False", "lanes": "2", "ref": "RD SAC-01", "name": NaN, "highway": "secondary", "maxspeed": NaN, "length": 101.113, "bridge": NaN, "tunnel": NaN, "access": NaN, "junction": NaN, "width": NaN, "est_width": NaN, "iri": 4.42999982833862}}, {"type": "Feature", "geometry": {"type": "LineString", "coordinates": [[-90.7268731, 14.5286216], [-90.7264113, 14.527471]]}, "properties": {"osmid": "164473809", "oneway": "False", "lanes": "2", "ref": "RD SAC-01", "name": NaN, "highway": "secondary", "maxspeed": NaN, "length": 137.258, "bridge": NaN, "tunnel": NaN, "access": NaN, "junction": NaN, "width": NaN, "est_width": NaN, "iri": 4.42999982833862}}, {"type": "Feature", "geometry": {"type": "LineString", "coordinates": [[-90.7264113, 14.527471], [-90.725847, 14.5262087]]}, "properties": {"osmid": "164473809", "oneway": "False", "lanes": "2", "ref": "RD SAC-01", "name": NaN, "highway": "secondary", "maxspeed": NaN, "length": 152.941, "bridge": NaN, "tunnel": NaN, "access": NaN, "junction": NaN, "width": NaN, "est_width": NaN, "iri": 4.42999982833862}}, {"type": "Feature", "geometry": {"type": "LineString", "coordinates": [[-90.725847, 14.5262087], [-90.7255548, 14.5255032]]}, "properties": {"osmid": "164473809", "oneway": "False", "lanes": "2", "ref": "RD SAC-01", "name": NaN, "highway": "secondary", "maxspeed": NaN, "length": 84.518, "bridge": NaN, "tunnel": NaN, "access": NaN, "junction": NaN, "width": NaN, "est_width": NaN, "iri": 4.42999982833862}}, {"type": "Feature", "geometry": {"type": "LineString", "coordinates": [[-90.7255548, 14.5255032], [-90.7254835, 14.5253604]]}, "properties": {"osmid": "164473809", "oneway": "False", "lanes": "2", "ref": "RD SAC-01", "name": NaN, "highway": "secondary", "maxspeed": NaN, "length": 17.636, "bridge": NaN, "tunnel": NaN, "access": NaN, "junction": NaN, "width": NaN, "est_width": NaN, "iri": 4.42999982833862}}, {"type": "Feature", "geometry": {"type": "LineString", "coordinates": [[-90.7254835, 14.5253604], [-90.7253735, 14.5251578]]}, "properties": {"osmid": "164473809", "oneway": "False", "lanes": "2", "ref": "RD SAC-01", "name": NaN, "highway": "secondary", "maxspeed": NaN, "length": 25.45, "bridge": NaN, "tunnel": NaN, "access": NaN, "junction": NaN, "width": NaN, "est_width": NaN, "iri": 4.42999982833862}}, {"type": "Feature", "geometry": {"type": "LineString", "coordinates": [[-90.7253735, 14.5251578], [-90.7252714, 14.5249147]]}, "properties": {"osmid": "164473809", "oneway": "False", "lanes": "2", "ref": "RD SAC-01", "name": NaN, "highway": "secondary", "maxspeed": NaN, "length": 29.18, "bridge": NaN, "tunnel": NaN, "access": NaN, "junction": NaN, "width": NaN, "est_width": NaN, "iri": 4.42999982833862}}, {"type": "Feature", "geometry": {"type": "LineString", "coordinates": [[-90.7252714, 14.5249147], [-90.7252155, 14.5242923]]}, "properties": {"osmid": "164473809", "oneway": "False", "lanes": "2", "ref": "RD SAC-01", "name": NaN, "highway": "secondary", "maxspeed": NaN, "length": 69.469, "bridge": NaN, "tunnel": NaN, "access": NaN, "junction": NaN, "width": NaN, "est_width": NaN, "iri": 4.42999982833862}}, {"type": "Feature", "geometry": {"type": "LineString", "coordinates": [[-90.7252155, 14.5242923], [-90.7250637, 14.5237656]]}, "properties": {"osmid": "164473809", "oneway": "False", "lanes": "2", "ref": "RD SAC-01", "name": NaN, "highway": "secondary", "maxspeed": NaN, "length": 60.803, "bridge": NaN, "tunnel": NaN, "access": NaN, "junction": NaN, "width": NaN, "est_width": NaN, "iri": 4.42999982833862}}, {"type": "Feature", "geometry": {"type": "LineString", "coordinates": [[-90.7250637, 14.5237656], [-90.7246519, 14.5228373]]}, "properties": {"osmid": "164473809", "oneway": "False", "lanes": "2", "ref": "RD SAC-01", "name": NaN, "highway": "secondary", "maxspeed": NaN, "length": 112.338, "bridge": NaN, "tunnel": NaN, "access": NaN, "junction": NaN, "width": NaN, "est_width": NaN, "iri": 4.42999982833862}}, {"type": "Feature", "geometry": {"type": "LineString", "coordinates": [[-90.7246519, 14.5228373], [-90.7241771, 14.5217655]]}, "properties": {"osmid": "164473809", "oneway": "False", "lanes": "2", "ref": "RD SAC-01", "name": NaN, "highway": "secondary", "maxspeed": NaN, "length": 129.675, "bridge": NaN, "tunnel": NaN, "access": NaN, "junction": NaN, "width": NaN, "est_width": NaN, "iri": 4.42999982833862}}, {"type": "Feature", "geometry": {"type": "LineString", "coordinates": [[-90.7241771, 14.5217655], [-90.7237624, 14.5210069]]}, "properties": {"osmid": "164473809", "oneway": "False", "lanes": "2", "ref": "RD SAC-01", "name": NaN, "highway": "secondary", "maxspeed": NaN, "length": 95.436, "bridge": NaN, "tunnel": NaN, "access": NaN, "junction": NaN, "width": NaN, "est_width": NaN, "iri": 4.42999982833862}}, {"type": "Feature", "geometry": {"type": "LineString", "coordinates": [[-90.7237624, 14.5210069], [-90.7234575, 14.5203842]]}, "properties": {"osmid": "164473809", "oneway": "False", "lanes": "2", "ref": "RD SAC-01", "name": NaN, "highway": "secondary", "maxspeed": NaN, "length": 76.626, "bridge": NaN, "tunnel": NaN, "access": NaN, "junction": NaN, "width": NaN, "est_width": NaN, "iri": 4.42999982833862}}, {"type": "Feature", "geometry": {"type": "LineString", "coordinates": [[-90.7234575, 14.5203842], [-90.7232389, 14.5202201]]}, "properties": {"osmid": "164473809", "oneway": "False", "lanes": "2", "ref": "RD SAC-01", "name": NaN, "highway": "secondary", "maxspeed": NaN, "length": 29.777, "bridge": NaN, "tunnel": NaN, "access": NaN, "junction": NaN, "width": NaN, "est_width": NaN, "iri": 4.42999982833862}}, {"type": "Feature", "geometry": {"type": "LineString", "coordinates": [[-90.7232389, 14.5202201], [-90.7228131, 14.5201647]]}, "properties": {"osmid": "164473809", "oneway": "False", "lanes": "2", "ref": "RD SAC-01", "name": NaN, "highway": "secondary", "maxspeed": NaN, "length": 46.247, "bridge": NaN, "tunnel": NaN, "access": NaN, "junction": NaN, "width": NaN, "est_width": NaN, "iri": 4.42999982833862}}, {"type": "Feature", "geometry": {"type": "LineString", "coordinates": [[-90.7228131, 14.5201647], [-90.7226468, 14.5199833]]}, "properties": {"osmid": "164473809", "oneway": "False", "lanes": "2", "ref": "RD SAC-01", "name": NaN, "highway": "secondary", "maxspeed": NaN, "length": 26.969, "bridge": NaN, "tunnel": NaN, "access": NaN, "junction": NaN, "width": NaN, "est_width": NaN, "iri": 4.42999982833862}}, {"type": "Feature", "geometry": {"type": "LineString", "coordinates": [[-90.7226468, 14.5199833], [-90.7224722, 14.5193567]]}, "properties": {"osmid": "164473809", "oneway": "False", "lanes": "2", "ref": "RD SAC-01", "name": NaN, "highway": "secondary", "maxspeed": NaN, "length": 72.165, "bridge": NaN, "tunnel": NaN, "access": NaN, "junction": NaN, "width": NaN, "est_width": NaN, "iri": 4.42999982833862}}, {"type": "Feature", "geometry": {"type": "LineString", "coordinates": [[-90.7224722, 14.5193567], [-90.7223324, 14.5186562]]}, "properties": {"osmid": "164473809", "oneway": "False", "lanes": "2", "ref": "RD SAC-01", "name": NaN, "highway": "secondary", "maxspeed": NaN, "length": 79.333, "bridge": NaN, "tunnel": NaN, "access": NaN, "junction": NaN, "width": NaN, "est_width": NaN, "iri": 4.42999982833862}}, {"type": "Feature", "geometry": {"type": "LineString", "coordinates": [[-90.7223324, 14.5186562], [-90.7221541, 14.5171995]]}, "properties": {"osmid": "164473809", "oneway": "False", "lanes": "2", "ref": "RD SAC-01", "name": NaN, "highway": "secondary", "maxspeed": NaN, "length": 163.111, "bridge": NaN, "tunnel": NaN, "access": NaN, "junction": NaN, "width": NaN, "est_width": NaN, "iri": 4.42999982833862}}, {"type": "Feature", "geometry": {"type": "LineString", "coordinates": [[-90.7221541, 14.5171995], [-90.7221291, 14.5157052]]}, "properties": {"osmid": "164473809", "oneway": "False", "lanes": "2", "ref": "RD SAC-01", "name": NaN, "highway": "secondary", "maxspeed": NaN, "length": 166.181, "bridge": NaN, "tunnel": NaN, "access": NaN, "junction": NaN, "width": NaN, "est_width": NaN, "iri": 4.42999982833862}}, {"type": "Feature", "geometry": {"type": "LineString", "coordinates": [[-90.7221291, 14.5157052], [-90.7221012, 14.5141764]]}, "properties": {"osmid": "164473809", "oneway": "False", "lanes": "2", "ref": "RD SAC-01", "name": NaN, "highway": "secondary", "maxspeed": NaN, "length": 170.022, "bridge": NaN, "tunnel": NaN, "access": NaN, "junction": NaN, "width": NaN, "est_width": NaN, "iri": 4.42999982833862}}, {"type": "Feature", "geometry": {"type": "LineString", "coordinates": [[-90.7221012, 14.5141764], [-90.722031, 14.5137026]]}, "properties": {"osmid": "164473809", "oneway": "False", "lanes": "2", "ref": "RD SAC-01", "name": NaN, "highway": "secondary", "maxspeed": NaN, "length": 53.223, "bridge": NaN, "tunnel": NaN, "access": NaN, "junction": NaN, "width": NaN, "est_width": NaN, "iri": 4.42999982833862}}, {"type": "Feature", "geometry": {"type": "LineString", "coordinates": [[-90.722031, 14.5137026], [-90.7219321, 14.5133242]]}, "properties": {"osmid": "164473809", "oneway": "False", "lanes": "2", "ref": "RD SAC-01", "name": NaN, "highway": "secondary", "maxspeed": NaN, "length": 43.402, "bridge": NaN, "tunnel": NaN, "access": NaN, "junction": NaN, "width": NaN, "est_width": NaN, "iri": 4.42999982833862}}, {"type": "Feature", "geometry": {"type": "LineString", "coordinates": [[-90.7219321, 14.5133242], [-90.7218227, 14.5129485]]}, "properties": {"osmid": "164473809", "oneway": "False", "lanes": "2", "ref": "RD SAC-01", "name": NaN, "highway": "secondary", "maxspeed": NaN, "length": 43.404, "bridge": NaN, "tunnel": NaN, "access": NaN, "junction": NaN, "width": NaN, "est_width": NaN, "iri": 4.42999982833862}}, {"type": "Feature", "geometry": {"type": "LineString", "coordinates": [[-90.7218227, 14.5129485], [-90.7217484, 14.5127756]]}, "properties": {"osmid": "164473809", "oneway": "False", "lanes": "2", "ref": "RD SAC-01", "name": NaN, "highway": "secondary", "maxspeed": NaN, "length": 20.823, "bridge": NaN, "tunnel": NaN, "access": NaN, "junction": NaN, "width": NaN, "est_width": NaN, "iri": 4.42999982833862}}, {"type": "Feature", "geometry": {"type": "LineString", "coordinates": [[-90.7217484, 14.5127756], [-90.7215079, 14.5125661]]}, "properties": {"osmid": "164473809", "oneway": "False", "lanes": "2", "ref": "RD SAC-01", "name": NaN, "highway": "secondary", "maxspeed": NaN, "length": 34.827, "bridge": NaN, "tunnel": NaN, "access": NaN, "junction": NaN, "width": NaN, "est_width": NaN, "iri": 4.42999982833862}}, {"type": "Feature", "geometry": {"type": "LineString", "coordinates": [[-90.7215079, 14.5125661], [-90.720914, 14.5124176]]}, "properties": {"osmid": "164473809", "oneway": "False", "lanes": "2", "ref": "RD SAC-01", "name": NaN, "highway": "secondary", "maxspeed": NaN, "length": 66.03, "bridge": NaN, "tunnel": NaN, "access": NaN, "junction": NaN, "width": NaN, "est_width": NaN, "iri": 4.42999982833862}}, {"type": "Feature", "geometry": {"type": "LineString", "coordinates": [[-90.720914, 14.5124176], [-90.7202843, 14.5120701]]}, "properties": {"osmid": "164473809", "oneway": "False", "lanes": "2", "ref": "RD SAC-01", "name": NaN, "highway": "secondary", "maxspeed": NaN, "length": 78.025, "bridge": NaN, "tunnel": NaN, "access": NaN, "junction": NaN, "width": NaN, "est_width": NaN, "iri": 4.42999982833862}}, {"type": "Feature", "geometry": {"type": "LineString", "coordinates": [[-90.7202843, 14.5120701], [-90.7196797, 14.511774]]}, "properties": {"osmid": "164473809", "oneway": "False", "lanes": "2", "ref": "RD SAC-01", "name": NaN, "highway": "secondary", "maxspeed": NaN, "length": 72.938, "bridge": NaN, "tunnel": NaN, "access": NaN, "junction": NaN, "width": NaN, "est_width": NaN, "iri": 4.42999982833862}}, {"type": "Feature", "geometry": {"type": "LineString", "coordinates": [[-90.7196797, 14.511774], [-90.7195826, 14.5117255]]}, "properties": {"osmid": "164473809", "oneway": "False", "lanes": "2", "ref": "RD SAC-01", "name": NaN, "highway": "secondary", "maxspeed": NaN, "length": 11.762, "bridge": NaN, "tunnel": NaN, "access": NaN, "junction": NaN, "width": NaN, "est_width": NaN, "iri": 4.42999982833862}}, {"type": "Feature", "geometry": {"type": "LineString", "coordinates": [[-90.7195826, 14.5117255], [-90.7195456, 14.5116878]]}, "properties": {"osmid": "164473809", "oneway": "False", "lanes": "2", "ref": "RD SAC-01", "name": NaN, "highway": "secondary", "maxspeed": NaN, "length": 5.782, "bridge": NaN, "tunnel": NaN, "access": NaN, "junction": NaN, "width": NaN, "est_width": NaN, "iri": 4.42999982833862}}, {"type": "Feature", "geometry": {"type": "LineString", "coordinates": [[-90.7195456, 14.5116878], [-90.7195427, 14.5116099]]}, "properties": {"osmid": "164473809", "oneway": "False", "lanes": "2", "ref": "RD SAC-01", "name": NaN, "highway": "secondary", "maxspeed": NaN, "length": 8.668, "bridge": NaN, "tunnel": NaN, "access": NaN, "junction": NaN, "width": NaN, "est_width": NaN, "iri": 4.42999982833862}}, {"type": "Feature", "geometry": {"type": "LineString", "coordinates": [[-90.7195427, 14.5116099], [-90.7195781, 14.5115373]]}, "properties": {"osmid": "164473809", "oneway": "False", "lanes": "2", "ref": "RD SAC-01", "name": NaN, "highway": "secondary", "maxspeed": NaN, "length": 8.927, "bridge": NaN, "tunnel": NaN, "access": NaN, "junction": NaN, "width": NaN, "est_width": NaN, "iri": 4.42999982833862}}, {"type": "Feature", "geometry": {"type": "LineString", "coordinates": [[-90.7195781, 14.5115373], [-90.7196828, 14.5115001]]}, "properties": {"osmid": "164473809", "oneway": "False", "lanes": "2", "ref": "RD SAC-01", "name": NaN, "highway": "secondary", "maxspeed": NaN, "length": 12.006, "bridge": NaN, "tunnel": NaN, "access": NaN, "junction": NaN, "width": NaN, "est_width": NaN, "iri": 4.42999982833862}}, {"type": "Feature", "geometry": {"type": "LineString", "coordinates": [[-90.7196828, 14.5115001], [-90.720089, 14.5116331]]}, "properties": {"osmid": "164473809", "oneway": "False", "lanes": "2", "ref": "RD SAC-01", "name": NaN, "highway": "secondary", "maxspeed": NaN, "length": 46.16, "bridge": NaN, "tunnel": NaN, "access": NaN, "junction": NaN, "width": NaN, "est_width": NaN, "iri": 4.42999982833862}}, {"type": "Feature", "geometry": {"type": "LineString", "coordinates": [[-90.720089, 14.5116331], [-90.7206276, 14.5117284]]}, "properties": {"osmid": "164473809", "oneway": "False", "lanes": "2", "ref": "RD SAC-01", "name": NaN, "highway": "secondary", "maxspeed": NaN, "length": 58.939, "bridge": NaN, "tunnel": NaN, "access": NaN, "junction": NaN, "width": NaN, "est_width": NaN, "iri": 4.42999982833862}}, {"type": "Feature", "geometry": {"type": "LineString", "coordinates": [[-90.7206276, 14.5117284], [-90.7209492, 14.5117939]]}, "properties": {"osmid": "164473809", "oneway": "False", "lanes": "2", "ref": "RD SAC-01", "name": NaN, "highway": "secondary", "maxspeed": NaN, "length": 35.377, "bridge": NaN, "tunnel": NaN, "access": NaN, "junction": NaN, "width": NaN, "est_width": NaN, "iri": 4.42999982833862}}, {"type": "Feature", "geometry": {"type": "LineString", "coordinates": [[-90.7209492, 14.5117939], [-90.7212394, 14.5117814]]}, "properties": {"osmid": "164473809", "oneway": "False", "lanes": "2", "ref": "RD SAC-01", "name": NaN, "highway": "secondary", "maxspeed": NaN, "length": 31.27, "bridge": NaN, "tunnel": NaN, "access": NaN, "junction": NaN, "width": NaN, "est_width": NaN, "iri": 4.42999982833862}}, {"type": "Feature", "geometry": {"type": "LineString", "coordinates": [[-90.7212394, 14.5117814], [-90.7217292, 14.5116263]]}, "properties": {"osmid": "164473809", "oneway": "False", "lanes": "2", "ref": "RD SAC-01", "name": NaN, "highway": "secondary", "maxspeed": NaN, "length": 55.475, "bridge": NaN, "tunnel": NaN, "access": NaN, "junction": NaN, "width": NaN, "est_width": NaN, "iri": 4.42999982833862}}, {"type": "Feature", "geometry": {"type": "LineString", "coordinates": [[-90.7217292, 14.5116263], [-90.7221891, 14.5114175]]}, "properties": {"osmid": "164473809", "oneway": "False", "lanes": "2", "ref": "RD SAC-01", "name": NaN, "highway": "secondary", "maxspeed": NaN, "length": 54.681, "bridge": NaN, "tunnel": NaN, "access": NaN, "junction": NaN, "width": NaN, "est_width": NaN, "iri": 4.42999982833862}}, {"type": "Feature", "geometry": {"type": "LineString", "coordinates": [[-90.7221891, 14.5114175], [-90.7223942, 14.5113301]]}, "properties": {"osmid": "164473809", "oneway": "False", "lanes": "2", "ref": "RD SAC-01", "name": NaN, "highway": "secondary", "maxspeed": NaN, "length": 24.123, "bridge": NaN, "tunnel": NaN, "access": NaN, "junction": NaN, "width": NaN, "est_width": NaN, "iri": 4.42999982833862}}, {"type": "Feature", "geometry": {"type": "LineString", "coordinates": [[-90.7223942, 14.5113301], [-90.7231412, 14.5113192]]}, "properties": {"osmid": "164473809", "oneway": "False", "lanes": "2", "ref": "RD SAC-01", "name": NaN, "highway": "secondary", "maxspeed": NaN, "length": 80.422, "bridge": NaN, "tunnel": NaN, "access": NaN, "junction": NaN, "width": NaN, "est_width": NaN, "iri": 4.42999982833862}}, {"type": "Feature", "geometry": {"type": "LineString", "coordinates": [[-90.7231412, 14.5113192], [-90.7233912, 14.5113136]]}, "properties": {"osmid": "164473809", "oneway": "False", "lanes": "2", "ref": "RD SAC-01", "name": NaN, "highway": "secondary", "maxspeed": NaN, "length": 26.919, "bridge": NaN, "tunnel": NaN, "access": NaN, "junction": NaN, "width": NaN, "est_width": NaN, "iri": 4.42999982833862}}, {"type": "Feature", "geometry": {"type": "LineString", "coordinates": [[-90.7233912, 14.5113136], [-90.7234751, 14.5112745]]}, "properties": {"osmid": "164473809", "oneway": "False", "lanes": "2", "ref": "RD SAC-01", "name": NaN, "highway": "secondary", "maxspeed": NaN, "length": 10.024, "bridge": NaN, "tunnel": NaN, "access": NaN, "junction": NaN, "width": NaN, "est_width": NaN, "iri": 4.42999982833862}}, {"type": "Feature", "geometry": {"type": "LineString", "coordinates": [[-90.7234751, 14.5112745], [-90.723543, 14.5112279]]}, "properties": {"osmid": "164473809", "oneway": "False", "lanes": "2", "ref": "RD SAC-01", "name": NaN, "highway": "secondary", "maxspeed": NaN, "length": 8.96, "bridge": NaN, "tunnel": NaN, "access": NaN, "junction": NaN, "width": NaN, "est_width": NaN, "iri": 4.42999982833862}}, {"type": "Feature", "geometry": {"type": "LineString", "coordinates": [[-90.723543, 14.5112279], [-90.7236472, 14.5111221]]}, "properties": {"osmid": "164473809", "oneway": "False", "lanes": "2", "ref": "RD SAC-01", "name": NaN, "highway": "secondary", "maxspeed": NaN, "length": 16.255, "bridge": NaN, "tunnel": NaN, "access": NaN, "junction": NaN, "width": NaN, "est_width": NaN, "iri": 4.42999982833862}}, {"type": "Feature", "geometry": {"type": "LineString", "coordinates": [[-90.7236472, 14.5111221], [-90.7237156, 14.5110213]]}, "properties": {"osmid": "164473809", "oneway": "False", "lanes": "2", "ref": "RD SAC-01", "name": NaN, "highway": "secondary", "maxspeed": NaN, "length": 13.411, "bridge": NaN, "tunnel": NaN, "access": NaN, "junction": NaN, "width": NaN, "est_width": NaN, "iri": 4.42999982833862}}, {"type": "Feature", "geometry": {"type": "LineString", "coordinates": [[-90.7237156, 14.5110213], [-90.723716, 14.5109128]]}, "properties": {"osmid": "164473809", "oneway": "False", "lanes": "2", "ref": "RD SAC-01", "name": NaN, "highway": "secondary", "maxspeed": NaN, "length": 12.065, "bridge": NaN, "tunnel": NaN, "access": NaN, "junction": NaN, "width": NaN, "est_width": NaN, "iri": 4.42999982833862}}, {"type": "Feature", "geometry": {"type": "LineString", "coordinates": [[-90.723716, 14.5109128], [-90.7236183, 14.5108347]]}, "properties": {"osmid": "164473809", "oneway": "False", "lanes": "2", "ref": "RD SAC-01", "name": NaN, "highway": "secondary", "maxspeed": NaN, "length": 13.639, "bridge": NaN, "tunnel": NaN, "access": NaN, "junction": NaN, "width": NaN, "est_width": NaN, "iri": 4.42999982833862}}, {"type": "Feature", "geometry": {"type": "LineString", "coordinates": [[-90.7236183, 14.5108347], [-90.7235028, 14.5108571]]}, "properties": {"osmid": "164473809", "oneway": "False", "lanes": "2", "ref": "RD SAC-01", "name": NaN, "highway": "secondary", "maxspeed": NaN, "length": 12.68, "bridge": NaN, "tunnel": NaN, "access": NaN, "junction": NaN, "width": NaN, "est_width": NaN, "iri": 4.42999982833862}}, {"type": "Feature", "geometry": {"type": "LineString", "coordinates": [[-90.7235028, 14.5108571], [-90.7234062, 14.5109026]]}, "properties": {"osmid": "164473809", "oneway": "False", "lanes": "2", "ref": "RD SAC-01", "name": NaN, "highway": "secondary", "maxspeed": NaN, "length": 11.564, "bridge": NaN, "tunnel": NaN, "access": NaN, "junction": NaN, "width": NaN, "est_width": NaN, "iri": 4.42999982833862}}, {"type": "Feature", "geometry": {"type": "LineString", "coordinates": [[-90.7234062, 14.5109026], [-90.7232114, 14.5110103]]}, "properties": {"osmid": "164473809", "oneway": "False", "lanes": "2", "ref": "RD SAC-01", "name": NaN, "highway": "secondary", "maxspeed": NaN, "length": 24.149, "bridge": NaN, "tunnel": NaN, "access": NaN, "junction": NaN, "width": NaN, "est_width": NaN, "iri": 4.42999982833862}}, {"type": "Feature", "geometry": {"type": "LineString", "coordinates": [[-90.7232114, 14.5110103], [-90.7230136, 14.5110116]]}, "properties": {"osmid": "164473809", "oneway": "False", "lanes": "2", "ref": "RD SAC-01", "name": NaN, "highway": "secondary", "maxspeed": NaN, "length": 21.293, "bridge": NaN, "tunnel": NaN, "access": NaN, "junction": NaN, "width": NaN, "est_width": NaN, "iri": 4.42999982833862}}, {"type": "Feature", "geometry": {"type": "LineString", "coordinates": [[-90.7230136, 14.5110116], [-90.7225553, 14.5108264]]}, "properties": {"osmid": "164473809", "oneway": "False", "lanes": "2", "ref": "RD SAC-01", "name": NaN, "highway": "secondary", "maxspeed": NaN, "length": 53.461, "bridge": NaN, "tunnel": NaN, "access": NaN, "junction": NaN, "width": NaN, "est_width": NaN, "iri": 4.42999982833862}}, {"type": "Feature", "geometry": {"type": "LineString", "coordinates": [[-90.7225553, 14.5108264], [-90.7214315, 14.5107267]]}, "properties": {"osmid": "164473809", "oneway": "False", "lanes": "2", "ref": "RD SAC-01", "name": NaN, "highway": "secondary", "maxspeed": NaN, "length": 121.482, "bridge": NaN, "tunnel": NaN, "access": NaN, "junction": NaN, "width": NaN, "est_width": NaN, "iri": 4.42999982833862}}, {"type": "Feature", "geometry": {"type": "LineString", "coordinates": [[-90.7214315, 14.5107267], [-90.7209405, 14.51062]]}, "properties": {"osmid": "164473809", "oneway": "False", "lanes": "2", "ref": "RD SAC-01", "name": NaN, "highway": "secondary", "maxspeed": NaN, "length": 54.17, "bridge": NaN, "tunnel": NaN, "access": NaN, "junction": NaN, "width": NaN, "est_width": NaN, "iri": 4.42999982833862}}, {"type": "Feature", "geometry": {"type": "LineString", "coordinates": [[-90.7209405, 14.51062], [-90.7206405, 14.5104367]]}, "properties": {"osmid": "164473809", "oneway": "False", "lanes": "2", "ref": "RD SAC-01", "name": NaN, "highway": "secondary", "maxspeed": NaN, "length": 38.188, "bridge": NaN, "tunnel": NaN, "access": NaN, "junction": NaN, "width": NaN, "est_width": NaN, "iri": 4.42999982833862}}, {"type": "Feature", "geometry": {"type": "LineString", "coordinates": [[-90.7206405, 14.5104367], [-90.7204189, 14.5102652]]}, "properties": {"osmid": "164473809", "oneway": "False", "lanes": "2", "ref": "RD SAC-01", "name": NaN, "highway": "secondary", "maxspeed": NaN, "length": 30.54, "bridge": NaN, "tunnel": NaN, "access": NaN, "junction": NaN, "width": NaN, "est_width": NaN, "iri": 4.42999982833862}}, {"type": "Feature", "geometry": {"type": "LineString", "coordinates": [[-90.7204189, 14.5102652], [-90.7200646, 14.5098178]]}, "properties": {"osmid": "164473809", "oneway": "False", "lanes": "2", "ref": "RD SAC-01", "name": NaN, "highway": "secondary", "maxspeed": NaN, "length": 62.686, "bridge": NaN, "tunnel": NaN, "access": NaN, "junction": NaN, "width": NaN, "est_width": NaN, "iri": 4.42999982833862}}, {"type": "Feature", "geometry": {"type": "LineString", "coordinates": [[-90.7200646, 14.5098178], [-90.7198838, 14.5096587]]}, "properties": {"osmid": "164473809", "oneway": "False", "lanes": "2", "ref": "RD SAC-01", "name": NaN, "highway": "secondary", "maxspeed": NaN, "length": 26.302, "bridge": NaN, "tunnel": NaN, "access": NaN, "junction": NaN, "width": NaN, "est_width": NaN, "iri": 4.42999982833862}}, {"type": "Feature", "geometry": {"type": "LineString", "coordinates": [[-90.7198838, 14.5096587], [-90.7196494, 14.5095338]]}, "properties": {"osmid": "164473809", "oneway": "False", "lanes": "2", "ref": "RD SAC-01", "name": NaN, "highway": "secondary", "maxspeed": NaN, "length": 28.802, "bridge": NaN, "tunnel": NaN, "access": NaN, "junction": NaN, "width": NaN, "est_width": NaN, "iri": 4.42999982833862}}, {"type": "Feature", "geometry": {"type": "LineString", "coordinates": [[-90.7196494, 14.5095338], [-90.7194743, 14.509459]]}, "properties": {"osmid": "164473809", "oneway": "False", "lanes": "2", "ref": "RD SAC-01", "name": NaN, "highway": "secondary", "maxspeed": NaN, "length": 20.603, "bridge": NaN, "tunnel": NaN, "access": NaN, "junction": NaN, "width": NaN, "est_width": NaN, "iri": 4.42999982833862}}, {"type": "Feature", "geometry": {"type": "LineString", "coordinates": [[-90.7194743, 14.509459], [-90.7191559, 14.5092769]]}, "properties": {"osmid": "164473809", "oneway": "False", "lanes": "2", "ref": "RD SAC-01", "name": NaN, "highway": "secondary", "maxspeed": NaN, "length": 39.81, "bridge": NaN, "tunnel": NaN, "access": NaN, "junction": NaN, "width": NaN, "est_width": NaN, "iri": 4.42999982833862}}, {"type": "Feature", "geometry": {"type": "LineString", "coordinates": [[-90.7191559, 14.5092769], [-90.7186422, 14.5089137]]}, "properties": {"osmid": "164473809", "oneway": "False", "lanes": "2", "ref": "RD SAC-01", "name": NaN, "highway": "secondary", "maxspeed": NaN, "length": 68.477, "bridge": NaN, "tunnel": NaN, "access": NaN, "junction": NaN, "width": NaN, "est_width": NaN, "iri": 4.42999982833862}}, {"type": "Feature", "geometry": {"type": "LineString", "coordinates": [[-90.7186422, 14.5089137], [-90.7178783, 14.5085268]]}, "properties": {"osmid": "164473809", "oneway": "False", "lanes": "2", "ref": "RD SAC-01", "name": NaN, "highway": "secondary", "maxspeed": NaN, "length": 92.807, "bridge": NaN, "tunnel": NaN, "access": NaN, "junction": NaN, "width": NaN, "est_width": NaN, "iri": 4.42999982833862}}, {"type": "Feature", "geometry": {"type": "LineString", "coordinates": [[-90.7178783, 14.5085268], [-90.7174843, 14.5082754]]}, "properties": {"osmid": "164473809", "oneway": "False", "lanes": "2", "ref": "RD SAC-01", "name": NaN, "highway": "secondary", "maxspeed": NaN, "length": 50.797, "bridge": NaN, "tunnel": NaN, "access": NaN, "junction": NaN, "width": NaN, "est_width": NaN, "iri": 4.42999982833862}}, {"type": "Feature", "geometry": {"type": "LineString", "coordinates": [[-90.7174843, 14.5082754], [-90.7172365, 14.5081227]]}, "properties": {"osmid": "164473809", "oneway": "False", "lanes": "2", "ref": "RD SAC-01", "name": NaN, "highway": "secondary", "maxspeed": NaN, "length": 31.621, "bridge": NaN, "tunnel": NaN, "access": NaN, "junction": NaN, "width": NaN, "est_width": NaN, "iri": 4.42999982833862}}, {"type": "Feature", "geometry": {"type": "LineString", "coordinates": [[-90.7172365, 14.5081227], [-90.7170411, 14.5076368]]}, "properties": {"osmid": "164473809", "oneway": "False", "lanes": "2", "ref": "RD SAC-01", "name": NaN, "highway": "secondary", "maxspeed": NaN, "length": 57.98, "bridge": NaN, "tunnel": NaN, "access": NaN, "junction": NaN, "width": NaN, "est_width": NaN, "iri": 4.42999982833862}}, {"type": "Feature", "geometry": {"type": "LineString", "coordinates": [[-90.7170411, 14.5076368], [-90.7167969, 14.5073928]]}, "properties": {"osmid": "164473809", "oneway": "False", "lanes": "2", "ref": "RD SAC-01", "name": NaN, "highway": "secondary", "maxspeed": NaN, "length": 37.778, "bridge": NaN, "tunnel": NaN, "access": NaN, "junction": NaN, "width": NaN, "est_width": NaN, "iri": 4.42999982833862}}, {"type": "Feature", "geometry": {"type": "LineString", "coordinates": [[-90.7167969, 14.5073928], [-90.7156183, 14.506717]]}, "properties": {"osmid": "164473809", "oneway": "False", "lanes": "2", "ref": "RD SAC-01", "name": NaN, "highway": "secondary", "maxspeed": NaN, "length": 147.46, "bridge": NaN, "tunnel": NaN, "access": NaN, "junction": NaN, "width": NaN, "est_width": NaN, "iri": 4.42999982833862}}, {"type": "Feature", "geometry": {"type": "LineString", "coordinates": [[-90.7156183, 14.506717], [-90.7153103, 14.5061828]]}, "properties": {"osmid": "164473809", "oneway": "False", "lanes": "2", "ref": "RD SAC-01", "name": NaN, "highway": "secondary", "maxspeed": NaN, "length": 68.028, "bridge": NaN, "tunnel": NaN, "access": NaN, "junction": NaN, "width": NaN, "est_width": NaN, "iri": 4.42999982833862}}, {"type": "Feature", "geometry": {"type": "LineString", "coordinates": [[-90.7153103, 14.5061828], [-90.714961, 14.5058113]]}, "properties": {"osmid": "164473809", "oneway": "False", "lanes": "2", "ref": "RD SAC-01", "name": NaN, "highway": "secondary", "maxspeed": NaN, "length": 55.86, "bridge": NaN, "tunnel": NaN, "access": NaN, "junction": NaN, "width": NaN, "est_width": NaN, "iri": 4.42999982833862}}, {"type": "Feature", "geometry": {"type": "LineString", "coordinates": [[-90.714961, 14.5058113], [-90.7146572, 14.5055974]]}, "properties": {"osmid": "164473809", "oneway": "False", "lanes": "2", "ref": "RD SAC-01", "name": NaN, "highway": "secondary", "maxspeed": NaN, "length": 40.439, "bridge": NaN, "tunnel": NaN, "access": NaN, "junction": NaN, "width": NaN, "est_width": NaN, "iri": 4.42999982833862}}, {"type": "Feature", "geometry": {"type": "LineString", "coordinates": [[-90.7146572, 14.5055974], [-90.7144404, 14.5053632]]}, "properties": {"osmid": "164473809", "oneway": "False", "lanes": "2", "ref": "RD SAC-01", "name": NaN, "highway": "secondary", "maxspeed": NaN, "length": 34.97, "bridge": NaN, "tunnel": NaN, "access": NaN, "junction": NaN, "width": NaN, "est_width": NaN, "iri": 4.42999982833862}}, {"type": "Feature", "geometry": {"type": "LineString", "coordinates": [[-90.7144404, 14.5053632], [-90.7143451, 14.5051196]]}, "properties": {"osmid": "164473809", "oneway": "False", "lanes": "2", "ref": "RD SAC-01", "name": NaN, "highway": "secondary", "maxspeed": NaN, "length": 28.965, "bridge": NaN, "tunnel": NaN, "access": NaN, "junction": NaN, "width": NaN, "est_width": NaN, "iri": 4.42999982833862}}, {"type": "Feature", "geometry": {"type": "LineString", "coordinates": [[-90.7143451, 14.5051196], [-90.7143361, 14.5047614]]}, "properties": {"osmid": "164473809", "oneway": "False", "lanes": "2", "ref": "RD SAC-01", "name": NaN, "highway": "secondary", "maxspeed": NaN, "length": 39.842, "bridge": NaN, "tunnel": NaN, "access": NaN, "junction": NaN, "width": NaN, "est_width": NaN, "iri": 4.42999982833862}}, {"type": "Feature", "geometry": {"type": "LineString", "coordinates": [[-90.7143361, 14.5047614], [-90.7144058, 14.5040604]]}, "properties": {"osmid": "164473809", "oneway": "False", "lanes": "2", "ref": "RD SAC-01", "name": NaN, "highway": "secondary", "maxspeed": NaN, "length": 78.308, "bridge": NaN, "tunnel": NaN, "access": NaN, "junction": NaN, "width": NaN, "est_width": NaN, "iri": 4.42999982833862}}, {"type": "Feature", "geometry": {"type": "LineString", "coordinates": [[-90.7144058, 14.5040604], [-90.7148007, 14.5032996]]}, "properties": {"osmid": "164473809", "oneway": "False", "lanes": "2", "ref": "RD SAC-01", "name": NaN, "highway": "secondary", "maxspeed": NaN, "length": 94.678, "bridge": NaN, "tunnel": NaN, "access": NaN, "junction": NaN, "width": NaN, "est_width": NaN, "iri": 4.42999982833862}}, {"type": "Feature", "geometry": {"type": "LineString", "coordinates": [[-90.7148007, 14.5032996], [-90.7148594, 14.5031753]]}, "properties": {"osmid": "164473809", "oneway": "False", "lanes": "2", "ref": "RD SAC-01", "name": NaN, "highway": "secondary", "maxspeed": NaN, "length": 15.198, "bridge": NaN, "tunnel": NaN, "access": NaN, "junction": NaN, "width": NaN, "est_width": NaN, "iri": 4.42999982833862}}, {"type": "Feature", "geometry": {"type": "LineString", "coordinates": [[-90.7148594, 14.5031753], [-90.7148578, 14.5030057]]}, "properties": {"osmid": "164473809", "oneway": "False", "lanes": "2", "ref": "RD SAC-01", "name": NaN, "highway": "secondary", "maxspeed": NaN, "length": 18.859, "bridge": NaN, "tunnel": NaN, "access": NaN, "junction": NaN, "width": NaN, "est_width": NaN, "iri": 4.42999982833862}}, {"type": "Feature", "geometry": {"type": "LineString", "coordinates": [[-90.7148578, 14.5030057], [-90.7147301, 14.5028268]]}, "properties": {"osmid": "164473809", "oneway": "False", "lanes": "2", "ref": "RD SAC-01", "name": NaN, "highway": "secondary", "maxspeed": NaN, "length": 24.181, "bridge": NaN, "tunnel": NaN, "access": NaN, "junction": NaN, "width": NaN, "est_width": NaN, "iri": 4.42999982833862}}, {"type": "Feature", "geometry": {"type": "LineString", "coordinates": [[-90.7147301, 14.5028268], [-90.714615, 14.5027481]]}, "properties": {"osmid": "164473809", "oneway": "False", "lanes": "2", "ref": "RD SAC-01", "name": NaN, "highway": "secondary", "maxspeed": NaN, "length": 15.169, "bridge": NaN, "tunnel": NaN, "access": NaN, "junction": NaN, "width": NaN, "est_width": NaN, "iri": 4.42999982833862}}, {"type": "Feature", "geometry": {"type": "LineString", "coordinates": [[-90.714615, 14.5027481], [-90.7145029, 14.5027028]]}, "properties": {"osmid": "164473809", "oneway": "False", "lanes": "2", "ref": "RD SAC-01", "name": NaN, "highway": "secondary", "maxspeed": NaN, "length": 13.077, "bridge": NaN, "tunnel": NaN, "access": NaN, "junction": NaN, "width": NaN, "est_width": NaN, "iri": 4.42999982833862}}, {"type": "Feature", "geometry": {"type": "LineString", "coordinates": [[-90.7145029, 14.5027028], [-90.7143865, 14.5026761]]}, "properties": {"osmid": "164473809", "oneway": "False", "lanes": "2", "ref": "RD SAC-01", "name": NaN, "highway": "secondary", "maxspeed": NaN, "length": 12.878, "bridge": NaN, "tunnel": NaN, "access": NaN, "junction": NaN, "width": NaN, "est_width": NaN, "iri": 4.42999982833862}}, {"type": "Feature", "geometry": {"type": "LineString", "coordinates": [[-90.7143865, 14.5026761], [-90.7141516, 14.5026282]]}, "properties": {"osmid": "164473809", "oneway": "False", "lanes": "2", "ref": "RD SAC-01", "name": NaN, "highway": "secondary", "maxspeed": NaN, "length": 25.842, "bridge": NaN, "tunnel": NaN, "access": NaN, "junction": NaN, "width": NaN, "est_width": NaN, "iri": 4.42999982833862}}, {"type": "Feature", "geometry": {"type": "LineString", "coordinates": [[-90.7141516, 14.5026282], [-90.711028, 14.5024649]]}, "properties": {"osmid": "164473809", "oneway": "False", "lanes": "2", "ref": "RD SAC-01", "name": NaN, "highway": "secondary", "maxspeed": NaN, "length": 336.752, "bridge": NaN, "tunnel": NaN, "access": NaN, "junction": NaN, "width": NaN, "est_width": NaN, "iri": 4.42999982833862}}, {"type": "Feature", "geometry": {"type": "LineString", "coordinates": [[-90.711028, 14.5024649], [-90.7109157, 14.5024435]]}, "properties": {"osmid": "164473809", "oneway": "False", "lanes": "2", "ref": "RD SAC-01", "name": NaN, "highway": "secondary", "maxspeed": NaN, "length": 12.321, "bridge": NaN, "tunnel": NaN, "access": NaN, "junction": NaN, "width": NaN, "est_width": NaN, "iri": 4.42999982833862}}, {"type": "Feature", "geometry": {"type": "LineString", "coordinates": [[-90.7109157, 14.5024435], [-90.7105742, 14.5023051]]}, "properties": {"osmid": "164473809", "oneway": "False", "lanes": "2", "ref": "RD SAC-01", "name": NaN, "highway": "secondary", "maxspeed": NaN, "length": 39.854, "bridge": NaN, "tunnel": NaN, "access": NaN, "junction": NaN, "width": NaN, "est_width": NaN, "iri": 4.42999982833862}}, {"type": "Feature", "geometry": {"type": "LineString", "coordinates": [[-90.7105742, 14.5023051], [-90.7100332, 14.5019185]]}, "properties": {"osmid": "164473809", "oneway": "False", "lanes": "2", "ref": "RD SAC-01", "name": NaN, "highway": "secondary", "maxspeed": NaN, "length": 72.387, "bridge": NaN, "tunnel": NaN, "access": NaN, "junction": NaN, "width": NaN, "est_width": NaN, "iri": 4.42999982833862}}, {"type": "Feature", "geometry": {"type": "LineString", "coordinates": [[-90.7100332, 14.5019185], [-90.7098127, 14.5016729]]}, "properties": {"osmid": "164473809", "oneway": "False", "lanes": "2", "ref": "RD SAC-01", "name": NaN, "highway": "secondary", "maxspeed": NaN, "length": 36.184, "bridge": NaN, "tunnel": NaN, "access": NaN, "junction": NaN, "width": NaN, "est_width": NaN, "iri": 4.42999982833862}}, {"type": "Feature", "geometry": {"type": "LineString", "coordinates": [[-90.7098127, 14.5016729], [-90.7096952, 14.5014647]]}, "properties": {"osmid": "164473809", "oneway": "False", "lanes": "2", "ref": "RD SAC-01", "name": NaN, "highway": "secondary", "maxspeed": NaN, "length": 26.381, "bridge": NaN, "tunnel": NaN, "access": NaN, "junction": NaN, "width": NaN, "est_width": NaN, "iri": 4.42999982833862}}, {"type": "Feature", "geometry": {"type": "LineString", "coordinates": [[-90.7096952, 14.5014647], [-90.7096505, 14.5012177]]}, "properties": {"osmid": "164473809", "oneway": "False", "lanes": "2", "ref": "RD SAC-01", "name": NaN, "highway": "secondary", "maxspeed": NaN, "length": 27.884, "bridge": NaN, "tunnel": NaN, "access": NaN, "junction": NaN, "width": NaN, "est_width": NaN, "iri": 4.42999982833862}}, {"type": "Feature", "geometry": {"type": "LineString", "coordinates": [[-90.7096505, 14.5012177], [-90.7097055, 14.5008493]]}, "properties": {"osmid": "164473809", "oneway": "False", "lanes": "2", "ref": "RD SAC-01", "name": NaN, "highway": "secondary", "maxspeed": NaN, "length": 41.39, "bridge": NaN, "tunnel": NaN, "access": NaN, "junction": NaN, "width": NaN, "est_width": NaN, "iri": 4.42999982833862}}, {"type": "Feature", "geometry": {"type": "LineString", "coordinates": [[-90.7097055, 14.5008493], [-90.709745, 14.5003317]]}, "properties": {"osmid": "164473809", "oneway": "False", "lanes": "2", "ref": "RD SAC-01", "name": NaN, "highway": "secondary", "maxspeed": NaN, "length": 57.711, "bridge": NaN, "tunnel": NaN, "access": NaN, "junction": NaN, "width": NaN, "est_width": NaN, "iri": 4.42999982833862}}, {"type": "Feature", "geometry": {"type": "LineString", "coordinates": [[-90.709745, 14.5003317], [-90.7097675, 14.5001516]]}, "properties": {"osmid": "164473809", "oneway": "False", "lanes": "2", "ref": "RD SAC-01", "name": NaN, "highway": "secondary", "maxspeed": NaN, "length": 20.172, "bridge": NaN, "tunnel": NaN, "access": NaN, "junction": NaN, "width": NaN, "est_width": NaN, "iri": 4.42999982833862}}, {"type": "Feature", "geometry": {"type": "LineString", "coordinates": [[-90.7097675, 14.5001516], [-90.7098341, 14.4997893]]}, "properties": {"osmid": "164473809", "oneway": "False", "lanes": "2", "ref": "RD SAC-01", "name": NaN, "highway": "secondary", "maxspeed": NaN, "length": 40.919, "bridge": NaN, "tunnel": NaN, "access": NaN, "junction": NaN, "width": NaN, "est_width": NaN, "iri": 4.42999982833862}}, {"type": "Feature", "geometry": {"type": "LineString", "coordinates": [[-90.7098341, 14.4997893], [-90.7098762, 14.4996844]]}, "properties": {"osmid": "164473809", "oneway": "False", "lanes": "2", "ref": "RD SAC-01", "name": NaN, "highway": "secondary", "maxspeed": NaN, "length": 12.514, "bridge": NaN, "tunnel": NaN, "access": NaN, "junction": NaN, "width": NaN, "est_width": NaN, "iri": 4.42999982833862}}, {"type": "Feature", "geometry": {"type": "LineString", "coordinates": [[-90.7098762, 14.4996844], [-90.7099288, 14.4995715]]}, "properties": {"osmid": "164473809", "oneway": "False", "lanes": "2", "ref": "RD SAC-01", "name": NaN, "highway": "secondary", "maxspeed": NaN, "length": 13.772, "bridge": NaN, "tunnel": NaN, "access": NaN, "junction": NaN, "width": NaN, "est_width": NaN, "iri": 4.42999982833862}}, {"type": "Feature", "geometry": {"type": "LineString", "coordinates": [[-90.7099288, 14.4995715], [-90.7100016, 14.4994692]]}, "properties": {"osmid": "164473809", "oneway": "False", "lanes": "2", "ref": "RD SAC-01", "name": NaN, "highway": "secondary", "maxspeed": NaN, "length": 13.814, "bridge": NaN, "tunnel": NaN, "access": NaN, "junction": NaN, "width": NaN, "est_width": NaN, "iri": 4.42999982833862}}, {"type": "Feature", "geometry": {"type": "LineString", "coordinates": [[-90.7100016, 14.4994692], [-90.7102791, 14.4992493]]}, "properties": {"osmid": "164473809", "oneway": "False", "lanes": "2", "ref": "RD SAC-01", "name": NaN, "highway": "secondary", "maxspeed": NaN, "length": 38.605, "bridge": NaN, "tunnel": NaN, "access": NaN, "junction": NaN, "width": NaN, "est_width": NaN, "iri": 4.42999982833862}}, {"type": "Feature", "geometry": {"type": "LineString", "coordinates": [[-90.7102791, 14.4992493], [-90.7104237, 14.499105]]}, "properties": {"osmid": "164473809", "oneway": "False", "lanes": "2", "ref": "RD SAC-01", "name": NaN, "highway": "secondary", "maxspeed": NaN, "length": 22.356, "bridge": NaN, "tunnel": NaN, "access": NaN, "junction": NaN, "width": NaN, "est_width": NaN, "iri": 4.42999982833862}}, {"type": "Feature", "geometry": {"type": "LineString", "coordinates": [[-90.7104237, 14.499105], [-90.7105671, 14.4989259]]}, "properties": {"osmid": "164473809", "oneway": "False", "lanes": "2", "ref": "RD SAC-01", "name": NaN, "highway": "secondary", "maxspeed": NaN, "length": 25.198, "bridge": NaN, "tunnel": NaN, "access": NaN, "junction": NaN, "width": NaN, "est_width": NaN, "iri": 4.42999982833862}}, {"type": "Feature", "geometry": {"type": "LineString", "coordinates": [[-90.7105671, 14.4989259], [-90.7106593, 14.4987856]]}, "properties": {"osmid": "164473809", "oneway": "False", "lanes": "2", "ref": "RD SAC-01", "name": NaN, "highway": "secondary", "maxspeed": NaN, "length": 18.491, "bridge": NaN, "tunnel": NaN, "access": NaN, "junction": NaN, "width": NaN, "est_width": NaN, "iri": 4.42999982833862}}, {"type": "Feature", "geometry": {"type": "LineString", "coordinates": [[-90.7106593, 14.4987856], [-90.7107118, 14.4986522]]}, "properties": {"osmid": "164473809", "oneway": "False", "lanes": "2", "ref": "RD SAC-01", "name": NaN, "highway": "secondary", "maxspeed": NaN, "length": 15.874, "bridge": NaN, "tunnel": NaN, "access": NaN, "junction": NaN, "width": NaN, "est_width": NaN, "iri": 4.42999982833862}}, {"type": "Feature", "geometry": {"type": "LineString", "coordinates": [[-90.7107118, 14.4986522], [-90.7107335, 14.4985447]]}, "properties": {"osmid": "164473809", "oneway": "False", "lanes": "2", "ref": "RD SAC-01", "name": NaN, "highway": "secondary", "maxspeed": NaN, "length": 12.18, "bridge": NaN, "tunnel": NaN, "access": NaN, "junction": NaN, "width": NaN, "est_width": NaN, "iri": 4.42999982833862}}, {"type": "Feature", "geometry": {"type": "LineString", "coordinates": [[-90.7107335, 14.4985447], [-90.7106716, 14.4983659]]}, "properties": {"osmid": "164473809", "oneway": "False", "lanes": "2", "ref": "RD SAC-01", "name": NaN, "highway": "secondary", "maxspeed": NaN, "length": 20.969, "bridge": NaN, "tunnel": NaN, "access": NaN, "junction": NaN, "width": NaN, "est_width": NaN, "iri": 4.42999982833862}}, {"type": "Feature", "geometry": {"type": "LineString", "coordinates": [[-90.7106716, 14.4983659], [-90.7105204, 14.4981254]]}, "properties": {"osmid": "164473809", "oneway": "False", "lanes": "2", "ref": "RD SAC-01", "name": NaN, "highway": "secondary", "maxspeed": NaN, "length": 31.307, "bridge": NaN, "tunnel": NaN, "access": NaN, "junction": NaN, "width": NaN, "est_width": NaN, "iri": 4.42999982833862}}, {"type": "Feature", "geometry": {"type": "LineString", "coordinates": [[-90.7105204, 14.4981254], [-90.710484, 14.4980277]]}, "properties": {"osmid": "164473809", "oneway": "False", "lanes": "2", "ref": "RD SAC-01", "name": NaN, "highway": "secondary", "maxspeed": NaN, "length": 11.549, "bridge": NaN, "tunnel": NaN, "access": NaN, "junction": NaN, "width": NaN, "est_width": NaN, "iri": 4.42999982833862}}, {"type": "Feature", "geometry": {"type": "LineString", "coordinates": [[-90.710484, 14.4980277], [-90.7103075, 14.4975222]]}, "properties": {"osmid": "164473809", "oneway": "False", "lanes": "2", "ref": "RD SAC-01", "name": NaN, "highway": "secondary", "maxspeed": NaN, "length": 59.334, "bridge": NaN, "tunnel": NaN, "access": NaN, "junction": NaN, "width": NaN, "est_width": NaN, "iri": 4.42999982833862}}, {"type": "Feature", "geometry": {"type": "LineString", "coordinates": [[-90.7103075, 14.4975222], [-90.7100232, 14.4969397]]}, "properties": {"osmid": "164472599", "oneway": "False", "lanes": NaN, "ref": NaN, "name": NaN, "highway": "tertiary", "maxspeed": NaN, "length": 71.638, "bridge": NaN, "tunnel": NaN, "access": NaN, "junction": NaN, "width": NaN, "est_width": NaN, "iri": 4.42999982833862}}, {"type": "Feature", "geometry": {"type": "LineString", "coordinates": [[-90.7100232, 14.4969397], [-90.7097894, 14.4964132]]}, "properties": {"osmid": "164472599", "oneway": "False", "lanes": NaN, "ref": NaN, "name": NaN, "highway": "tertiary", "maxspeed": NaN, "length": 63.725, "bridge": NaN, "tunnel": NaN, "access": NaN, "junction": NaN, "width": NaN, "est_width": NaN, "iri": 4.42999982833862}}, {"type": "Feature", "geometry": {"type": "LineString", "coordinates": [[-90.7097894, 14.4964132], [-90.709706, 14.4962362]]}, "properties": {"osmid": "164472599", "oneway": "False", "lanes": NaN, "ref": NaN, "name": NaN, "highway": "tertiary", "maxspeed": NaN, "length": 21.633, "bridge": NaN, "tunnel": NaN, "access": NaN, "junction": NaN, "width": NaN, "est_width": NaN, "iri": 4.42999982833862}}, {"type": "Feature", "geometry": {"type": "LineString", "coordinates": [[-90.709706, 14.4962362], [-90.7094993, 14.4957716]]}, "properties": {"osmid": "164472599", "oneway": "False", "lanes": NaN, "ref": NaN, "name": NaN, "highway": "tertiary", "maxspeed": NaN, "length": 56.25, "bridge": NaN, "tunnel": NaN, "access": NaN, "junction": NaN, "width": NaN, "est_width": NaN, "iri": 4.42999982833862}}, {"type": "Feature", "geometry": {"type": "LineString", "coordinates": [[-90.7094993, 14.4957716], [-90.709345, 14.4952752]]}, "properties": {"osmid": "164472599", "oneway": "False", "lanes": NaN, "ref": NaN, "name": NaN, "highway": "tertiary", "maxspeed": NaN, "length": 57.643, "bridge": NaN, "tunnel": NaN, "access": NaN, "junction": NaN, "width": NaN, "est_width": NaN, "iri": 4.42999982833862}}, {"type": "Feature", "geometry": {"type": "LineString", "coordinates": [[-90.709345, 14.4952752], [-90.7093057, 14.4951866]]}, "properties": {"osmid": "164472599", "oneway": "False", "lanes": NaN, "ref": NaN, "name": NaN, "highway": "tertiary", "maxspeed": NaN, "length": 10.722, "bridge": NaN, "tunnel": NaN, "access": NaN, "junction": NaN, "width": NaN, "est_width": NaN, "iri": 4.42999982833862}}, {"type": "Feature", "geometry": {"type": "LineString", "coordinates": [[-90.7093057, 14.4951866], [-90.7091403, 14.4947433]]}, "properties": {"osmid": "164472599", "oneway": "False", "lanes": NaN, "ref": NaN, "name": NaN, "highway": "tertiary", "maxspeed": NaN, "length": 52.41, "bridge": NaN, "tunnel": NaN, "access": NaN, "junction": NaN, "width": NaN, "est_width": NaN, "iri": 4.42999982833862}}]}