{"type": "FeatureCollection", "features": [{"type": "Feature", "geometry": {"type": "LineString", "coordinates": [[-89.2289175, 14.7370148], [-89.228737, 14.7374495]]}, "properties": {"osmid": "542293604", "oneway": "False", "lanes": NaN, "ref": NaN, "name": NaN, "highway": "unclassified", "maxspeed": NaN, "length": 52.088, "bridge": NaN, "tunnel": NaN, "access": NaN, "junction": NaN, "width": NaN, "est_width": NaN, "iri": 4.42999982833862}}, {"type": "Feature", "geometry": {"type": "LineString", "coordinates": [[-89.228737, 14.7374495], [-89.2283016, 14.7385961]]}, "properties": {"osmid": "542293604", "oneway": "False", "lanes": NaN, "ref": NaN, "name": NaN, "highway": "unclassified", "maxspeed": NaN, "length": 135.822, "bridge": NaN, "tunnel": NaN, "access": NaN, "junction": NaN, "width": NaN, "est_width": NaN, "iri": 4.42999982833862}}, {"type": "Feature", "geometry": {"type": "LineString", "coordinates": [[-89.2283016, 14.7385961], [-89.2279937, 14.7394895]]}, "properties": {"osmid": "542293604", "oneway": "False", "lanes": NaN, "ref": NaN, "name": NaN, "highway": "unclassified", "maxspeed": NaN, "length": 104.714, "bridge": NaN, "tunnel": NaN, "access": NaN, "junction": NaN, "width": NaN, "est_width": NaN, "iri": 4.42999982833862}}, {"type": "Feature", "geometry": {"type": "LineString", "coordinates": [[-89.2279937, 14.7394895], [-89.2277425, 14.7397872]]}, "properties": {"osmid": "542293604", "oneway": "False", "lanes": NaN, "ref": NaN, "name": NaN, "highway": "unclassified", "maxspeed": NaN, "length": 42.726, "bridge": NaN, "tunnel": NaN, "access": NaN, "junction": NaN, "width": NaN, "est_width": NaN, "iri": 4.42999982833862}}, {"type": "Feature", "geometry": {"type": "LineString", "coordinates": [[-89.2277425, 14.7397872], [-89.2276221, 14.7400987]]}, "properties": {"osmid": "542293604", "oneway": "False", "lanes": NaN, "ref": NaN, "name": NaN, "highway": "unclassified", "maxspeed": NaN, "length": 36.978, "bridge": NaN, "tunnel": NaN, "access": NaN, "junction": NaN, "width": NaN, "est_width": NaN, "iri": 4.42999982833862}}, {"type": "Feature", "geometry": {"type": "LineString", "coordinates": [[-89.2276221, 14.7400987], [-89.2276434, 14.7403007]]}, "properties": {"osmid": "542293604", "oneway": "False", "lanes": NaN, "ref": NaN, "name": NaN, "highway": "unclassified", "maxspeed": NaN, "length": 22.578, "bridge": NaN, "tunnel": NaN, "access": NaN, "junction": NaN, "width": NaN, "est_width": NaN, "iri": 4.42999982833862}}, {"type": "Feature", "geometry": {"type": "LineString", "coordinates": [[-89.2276434, 14.7403007], [-89.2277, 14.7404136]]}, "properties": {"osmid": "542293604", "oneway": "False", "lanes": NaN, "ref": NaN, "name": NaN, "highway": "unclassified", "maxspeed": NaN, "length": 13.952, "bridge": NaN, "tunnel": NaN, "access": NaN, "junction": NaN, "width": NaN, "est_width": NaN, "iri": 4.42999982833862}}, {"type": "Feature", "geometry": {"type": "LineString", "coordinates": [[-89.2277, 14.7404136], [-89.227746, 14.740684]]}, "properties": {"osmid": "542293604", "oneway": "False", "lanes": NaN, "ref": NaN, "name": NaN, "highway": "unclassified", "maxspeed": NaN, "length": 30.471, "bridge": NaN, "tunnel": NaN, "access": NaN, "junction": NaN, "width": NaN, "est_width": NaN, "iri": 4.42999982833862}}, {"type": "Feature", "geometry": {"type": "LineString", "coordinates": [[-89.227746, 14.740684], [-89.2278026, 14.7408449]]}, "properties": {"osmid": "542293604", "oneway": "False", "lanes": NaN, "ref": NaN, "name": NaN, "highway": "unclassified", "maxspeed": NaN, "length": 18.898, "bridge": NaN, "tunnel": NaN, "access": NaN, "junction": NaN, "width": NaN, "est_width": NaN, "iri": 4.42999982833862}}, {"type": "Feature", "geometry": {"type": "LineString", "coordinates": [[-89.2278026, 14.7408449], [-89.2279654, 14.7409065]]}, "properties": {"osmid": "542293604", "oneway": "False", "lanes": NaN, "ref": NaN, "name": NaN, "highway": "unclassified", "maxspeed": NaN, "length": 18.799, "bridge": NaN, "tunnel": NaN, "access": NaN, "junction": NaN, "width": NaN, "est_width": NaN, "iri": 4.42999982833862}}, {"type": "Feature", "geometry": {"type": "LineString", "coordinates": [[-89.2279654, 14.7409065], [-89.2280645, 14.7410537]]}, "properties": {"osmid": "542293604", "oneway": "False", "lanes": NaN, "ref": NaN, "name": NaN, "highway": "unclassified", "maxspeed": NaN, "length": 19.531, "bridge": NaN, "tunnel": NaN, "access": NaN, "junction": NaN, "width": NaN, "est_width": NaN, "iri": 4.42999982833862}}, {"type": "Feature", "geometry": {"type": "LineString", "coordinates": [[-89.2280645, 14.7410537], [-89.2279194, 14.7414165]]}, "properties": {"osmid": "542293604", "oneway": "False", "lanes": NaN, "ref": NaN, "name": NaN, "highway": "unclassified", "maxspeed": NaN, "length": 43.254, "bridge": NaN, "tunnel": NaN, "access": NaN, "junction": NaN, "width": NaN, "est_width": NaN, "iri": 4.42999982833862}}, {"type": "Feature", "geometry": {"type": "LineString", "coordinates": [[-89.2279194, 14.7414165], [-89.2279336, 14.7417519]]}, "properties": {"osmid": "542293604", "oneway": "False", "lanes": NaN, "ref": NaN, "name": NaN, "highway": "unclassified", "maxspeed": NaN, "length": 37.326, "bridge": NaN, "tunnel": NaN, "access": NaN, "junction": NaN, "width": NaN, "est_width": NaN, "iri": 4.42999982833862}}, {"type": "Feature", "geometry": {"type": "LineString", "coordinates": [[-89.2279336, 14.7417519], [-89.2279973, 14.7420634]]}, "properties": {"osmid": "542293604", "oneway": "False", "lanes": NaN, "ref": NaN, "name": NaN, "highway": "unclassified", "maxspeed": NaN, "length": 35.308, "bridge": NaN, "tunnel": NaN, "access": NaN, "junction": NaN, "width": NaN, "est_width": NaN, "iri": 4.42999982833862}}, {"type": "Feature", "geometry": {"type": "LineString", "coordinates": [[-89.2279973, 14.7420634], [-89.2282663, 14.7423303]]}, "properties": {"osmid": "542293604", "oneway": "False", "lanes": NaN, "ref": NaN, "name": NaN, "highway": "unclassified", "maxspeed": NaN, "length": 41.443, "bridge": NaN, "tunnel": NaN, "access": NaN, "junction": NaN, "width": NaN, "est_width": NaN, "iri": 4.42999982833862}}, {"type": "Feature", "geometry": {"type": "LineString", "coordinates": [[-89.2282663, 14.7423303], [-89.2285529, 14.7424227]]}, "properties": {"osmid": "542293604", "oneway": "False", "lanes": NaN, "ref": NaN, "name": NaN, "highway": "unclassified", "maxspeed": NaN, "length": 32.487, "bridge": NaN, "tunnel": NaN, "access": NaN, "junction": NaN, "width": NaN, "est_width": NaN, "iri": 4.42999982833862}}, {"type": "Feature", "geometry": {"type": "LineString", "coordinates": [[-89.2285529, 14.7424227], [-89.2287724, 14.7425631]]}, "properties": {"osmid": "542293604", "oneway": "False", "lanes": NaN, "ref": NaN, "name": NaN, "highway": "unclassified", "maxspeed": NaN, "length": 28.3, "bridge": NaN, "tunnel": NaN, "access": NaN, "junction": NaN, "width": NaN, "est_width": NaN, "iri": 4.42999982833862}}, {"type": "Feature", "geometry": {"type": "LineString", "coordinates": [[-89.2287724, 14.7425631], [-89.2290413, 14.7426726]]}, "properties": {"osmid": "542293604", "oneway": "False", "lanes": NaN, "ref": NaN, "name": NaN, "highway": "unclassified", "maxspeed": NaN, "length": 31.375, "bridge": NaN, "tunnel": NaN, "access": NaN, "junction": NaN, "width": NaN, "est_width": NaN, "iri": 4.42999982833862}}, {"type": "Feature", "geometry": {"type": "LineString", "coordinates": [[-89.2290413, 14.7426726], [-89.2292077, 14.7426829]]}, "properties": {"osmid": "542293604", "oneway": "False", "lanes": NaN, "ref": NaN, "name": NaN, "highway": "unclassified", "maxspeed": NaN, "length": 17.93, "bridge": NaN, "tunnel": NaN, "access": NaN, "junction": NaN, "width": NaN, "est_width": NaN, "iri": 4.42999982833862}}, {"type": "Feature", "geometry": {"type": "LineString", "coordinates": [[-89.2292077, 14.7426829], [-89.2298164, 14.7425768]]}, "properties": {"osmid": "542293604", "oneway": "False", "lanes": NaN, "ref": NaN, "name": NaN, "highway": "unclassified", "maxspeed": NaN, "length": 66.511, "bridge": NaN, "tunnel": NaN, "access": NaN, "junction": NaN, "width": NaN, "est_width": NaN, "iri": 4.42999982833862}}, {"type": "Feature", "geometry": {"type": "LineString", "coordinates": [[-89.2298164, 14.7425768], [-89.2299651, 14.7422892]]}, "properties": {"osmid": "542293604", "oneway": "False", "lanes": NaN, "ref": NaN, "name": NaN, "highway": "unclassified", "maxspeed": NaN, "length": 35.755, "bridge": NaN, "tunnel": NaN, "access": NaN, "junction": NaN, "width": NaN, "est_width": NaN, "iri": 4.42999982833862}}, {"type": "Feature", "geometry": {"type": "LineString", "coordinates": [[-89.2299651, 14.7422892], [-89.2302022, 14.7418238]]}, "properties": {"osmid": "542293604", "oneway": "False", "lanes": NaN, "ref": NaN, "name": NaN, "highway": "unclassified", "maxspeed": NaN, "length": 57.69, "bridge": NaN, "tunnel": NaN, "access": NaN, "junction": NaN, "width": NaN, "est_width": NaN, "iri": 4.42999982833862}}, {"type": "Feature", "geometry": {"type": "LineString", "coordinates": [[-89.2302022, 14.7418238], [-89.2303508, 14.7418477]]}, "properties": {"osmid": "542293604", "oneway": "False", "lanes": NaN, "ref": NaN, "name": NaN, "highway": "unclassified", "maxspeed": NaN, "length": 16.199, "bridge": NaN, "tunnel": NaN, "access": NaN, "junction": NaN, "width": NaN, "est_width": NaN, "iri": 4.42999982833862}}, {"type": "Feature", "geometry": {"type": "LineString", "coordinates": [[-89.2303508, 14.7418477], [-89.2305243, 14.7418785]]}, "properties": {"osmid": "542293604", "oneway": "False", "lanes": NaN, "ref": NaN, "name": NaN, "highway": "unclassified", "maxspeed": NaN, "length": 18.969, "bridge": NaN, "tunnel": NaN, "access": NaN, "junction": NaN, "width": NaN, "est_width": NaN, "iri": 4.42999982833862}}, {"type": "Feature", "geometry": {"type": "LineString", "coordinates": [[-89.2305243, 14.7418785], [-89.2307295, 14.7418409]]}, "properties": {"osmid": "542293604", "oneway": "False", "lanes": NaN, "ref": NaN, "name": NaN, "highway": "unclassified", "maxspeed": NaN, "length": 22.459, "bridge": NaN, "tunnel": NaN, "access": NaN, "junction": NaN, "width": NaN, "est_width": NaN, "iri": 4.42999982833862}}, {"type": "Feature", "geometry": {"type": "LineString", "coordinates": [[-89.2307295, 14.7418409], [-89.2309879, 14.7417074]]}, "properties": {"osmid": "542293604", "oneway": "False", "lanes": NaN, "ref": NaN, "name": NaN, "highway": "unclassified", "maxspeed": NaN, "length": 31.504, "bridge": NaN, "tunnel": NaN, "access": NaN, "junction": NaN, "width": NaN, "est_width": NaN, "iri": 4.42999982833862}}, {"type": "Feature", "geometry": {"type": "LineString", "coordinates": [[-89.2309879, 14.7417074], [-89.2314905, 14.7413959]]}, "properties": {"osmid": "542293604", "oneway": "False", "lanes": NaN, "ref": NaN, "name": NaN, "highway": "unclassified", "maxspeed": NaN, "length": 64.194, "bridge": NaN, "tunnel": NaN, "access": NaN, "junction": NaN, "width": NaN, "est_width": NaN, "iri": 4.42999982833862}}, {"type": "Feature", "geometry": {"type": "LineString", "coordinates": [[-89.2314905, 14.7413959], [-89.2316073, 14.7412693]]}, "properties": {"osmid": "542293604", "oneway": "False", "lanes": NaN, "ref": NaN, "name": NaN, "highway": "unclassified", "maxspeed": NaN, "length": 18.866, "bridge": NaN, "tunnel": NaN, "access": NaN, "junction": NaN, "width": NaN, "est_width": NaN, "iri": 4.42999982833862}}, {"type": "Feature", "geometry": {"type": "LineString", "coordinates": [[-89.2316073, 14.7412693], [-89.2317771, 14.7411153]]}, "properties": {"osmid": "542293604", "oneway": "False", "lanes": NaN, "ref": NaN, "name": NaN, "highway": "unclassified", "maxspeed": NaN, "length": 25.033, "bridge": NaN, "tunnel": NaN, "access": NaN, "junction": NaN, "width": NaN, "est_width": NaN, "iri": 4.42999982833862}}, {"type": "Feature", "geometry": {"type": "LineString", "coordinates": [[-89.2317771, 14.7411153], [-89.2318975, 14.7410263]]}, "properties": {"osmid": "542293604", "oneway": "False", "lanes": NaN, "ref": NaN, "name": NaN, "highway": "unclassified", "maxspeed": NaN, "length": 16.296, "bridge": NaN, "tunnel": NaN, "access": NaN, "junction": NaN, "width": NaN, "est_width": NaN, "iri": 4.42999982833862}}, {"type": "Feature", "geometry": {"type": "LineString", "coordinates": [[-89.2318975, 14.7410263], [-89.2321346, 14.740992]]}, "properties": {"osmid": "542293604", "oneway": "False", "lanes": NaN, "ref": NaN, "name": NaN, "highway": "unclassified", "maxspeed": NaN, "length": 25.78, "bridge": NaN, "tunnel": NaN, "access": NaN, "junction": NaN, "width": NaN, "est_width": NaN, "iri": 4.42999982833862}}, {"type": "Feature", "geometry": {"type": "LineString", "coordinates": [[-89.2321346, 14.740992], [-89.2322337, 14.7409715]]}, "properties": {"osmid": "542293604", "oneway": "False", "lanes": NaN, "ref": NaN, "name": NaN, "highway": "unclassified", "maxspeed": NaN, "length": 10.898, "bridge": NaN, "tunnel": NaN, "access": NaN, "junction": NaN, "width": NaN, "est_width": NaN, "iri": 4.42999982833862}}, {"type": "Feature", "geometry": {"type": "LineString", "coordinates": [[-89.2322337, 14.7409715], [-89.2324036, 14.7410673]]}, "properties": {"osmid": "542293604", "oneway": "False", "lanes": NaN, "ref": NaN, "name": NaN, "highway": "unclassified", "maxspeed": NaN, "length": 21.149, "bridge": NaN, "tunnel": NaN, "access": NaN, "junction": NaN, "width": NaN, "est_width": NaN, "iri": 4.42999982833862}}, {"type": "Feature", "geometry": {"type": "LineString", "coordinates": [[-89.2324036, 14.7410673], [-89.2325841, 14.7411426]]}, "properties": {"osmid": "542293604", "oneway": "False", "lanes": NaN, "ref": NaN, "name": NaN, "highway": "unclassified", "maxspeed": NaN, "length": 21.139, "bridge": NaN, "tunnel": NaN, "access": NaN, "junction": NaN, "width": NaN, "est_width": NaN, "iri": 4.42999982833862}}, {"type": "Feature", "geometry": {"type": "LineString", "coordinates": [[-89.2325841, 14.7411426], [-89.2328424, 14.7412145]]}, "properties": {"osmid": "542293604", "oneway": "False", "lanes": NaN, "ref": NaN, "name": NaN, "highway": "unclassified", "maxspeed": NaN, "length": 28.904, "bridge": NaN, "tunnel": NaN, "access": NaN, "junction": NaN, "width": NaN, "est_width": NaN, "iri": 4.42999982833862}}, {"type": "Feature", "geometry": {"type": "LineString", "coordinates": [[-89.2328424, 14.7412145], [-89.2331043, 14.7412419]]}, "properties": {"osmid": "542293604", "oneway": "False", "lanes": NaN, "ref": NaN, "name": NaN, "highway": "unclassified", "maxspeed": NaN, "length": 28.328, "bridge": NaN, "tunnel": NaN, "access": NaN, "junction": NaN, "width": NaN, "est_width": NaN, "iri": 4.42999982833862}}, {"type": "Feature", "geometry": {"type": "LineString", "coordinates": [[-89.2331043, 14.7412419], [-89.2332346, 14.7411687]]}, "properties": {"osmid": "542293604", "oneway": "False", "lanes": NaN, "ref": NaN, "name": NaN, "highway": "unclassified", "maxspeed": NaN, "length": 16.204, "bridge": NaN, "tunnel": NaN, "access": NaN, "junction": NaN, "width": NaN, "est_width": NaN, "iri": 4.42999982833862}}, {"type": "Feature", "geometry": {"type": "LineString", "coordinates": [[-89.2332346, 14.7411687], [-89.2333698, 14.7413377]]}, "properties": {"osmid": "542293605", "oneway": "False", "lanes": NaN, "ref": NaN, "name": NaN, "highway": "unclassified", "maxspeed": NaN, "length": 23.759, "bridge": NaN, "tunnel": NaN, "access": NaN, "junction": NaN, "width": NaN, "est_width": NaN, "iri": 4.42999982833862}}, {"type": "Feature", "geometry": {"type": "LineString", "coordinates": [[-89.2333698, 14.7413377], [-89.2333485, 14.7414952]]}, "properties": {"osmid": "542293605", "oneway": "False", "lanes": NaN, "ref": NaN, "name": NaN, "highway": "unclassified", "maxspeed": NaN, "length": 17.662, "bridge": NaN, "tunnel": NaN, "access": NaN, "junction": NaN, "width": NaN, "est_width": NaN, "iri": 4.42999982833862}}, {"type": "Feature", "geometry": {"type": "LineString", "coordinates": [[-89.2333485, 14.7414952], [-89.2331999, 14.741526]]}, "properties": {"osmid": "542293605", "oneway": "False", "lanes": NaN, "ref": NaN, "name": NaN, "highway": "unclassified", "maxspeed": NaN, "length": 16.343, "bridge": NaN, "tunnel": NaN, "access": NaN, "junction": NaN, "width": NaN, "est_width": NaN, "iri": 4.42999982833862}}, {"type": "Feature", "geometry": {"type": "LineString", "coordinates": [[-89.2331999, 14.741526], [-89.2330229, 14.741461]]}, "properties": {"osmid": "542293605", "oneway": "False", "lanes": NaN, "ref": NaN, "name": NaN, "highway": "unclassified", "maxspeed": NaN, "length": 20.36, "bridge": NaN, "tunnel": NaN, "access": NaN, "junction": NaN, "width": NaN, "est_width": NaN, "iri": 4.42999982833862}}, {"type": "Feature", "geometry": {"type": "LineString", "coordinates": [[-89.2330229, 14.741461], [-89.2327893, 14.7413788]]}, "properties": {"osmid": "542293605", "oneway": "False", "lanes": NaN, "ref": NaN, "name": NaN, "highway": "unclassified", "maxspeed": NaN, "length": 26.731, "bridge": NaN, "tunnel": NaN, "access": NaN, "junction": NaN, "width": NaN, "est_width": NaN, "iri": 4.42999982833862}}, {"type": "Feature", "geometry": {"type": "LineString", "coordinates": [[-89.2327893, 14.7413788], [-89.2325451, 14.741348]]}, "properties": {"osmid": "542293605", "oneway": "False", "lanes": NaN, "ref": NaN, "name": NaN, "highway": "unclassified", "maxspeed": NaN, "length": 26.482, "bridge": NaN, "tunnel": NaN, "access": NaN, "junction": NaN, "width": NaN, "est_width": NaN, "iri": 4.42999982833862}}, {"type": "Feature", "geometry": {"type": "LineString", "coordinates": [[-89.2325451, 14.741348], [-89.2322514, 14.7412864]]}, "properties": {"osmid": "542293605", "oneway": "False", "lanes": NaN, "ref": NaN, "name": NaN, "highway": "unclassified", "maxspeed": NaN, "length": 32.317, "bridge": NaN, "tunnel": NaN, "access": NaN, "junction": NaN, "width": NaN, "est_width": NaN, "iri": 4.42999982833862}}, {"type": "Feature", "geometry": {"type": "LineString", "coordinates": [[-89.2322514, 14.7412864], [-89.2320426, 14.7412659]]}, "properties": {"osmid": "542293605", "oneway": "False", "lanes": NaN, "ref": NaN, "name": NaN, "highway": "unclassified", "maxspeed": NaN, "length": 22.569, "bridge": NaN, "tunnel": NaN, "access": NaN, "junction": NaN, "width": NaN, "est_width": NaN, "iri": 4.42999982833862}}, {"type": "Feature", "geometry": {"type": "LineString", "coordinates": [[-89.2320426, 14.7412659], [-89.2318408, 14.7413857]]}, "properties": {"osmid": "542293605", "oneway": "False", "lanes": NaN, "ref": NaN, "name": NaN, "highway": "unclassified", "maxspeed": NaN, "length": 25.463, "bridge": NaN, "tunnel": NaN, "access": NaN, "junction": NaN, "width": NaN, "est_width": NaN, "iri": 4.42999982833862}}, {"type": "Feature", "geometry": {"type": "LineString", "coordinates": [[-89.2318408, 14.7413857], [-89.2316957, 14.7415876]]}, "properties": {"osmid": "542293605", "oneway": "False", "lanes": NaN, "ref": NaN, "name": NaN, "highway": "unclassified", "maxspeed": NaN, "length": 27.34, "bridge": NaN, "tunnel": NaN, "access": NaN, "junction": NaN, "width": NaN, "est_width": NaN, "iri": 4.42999982833862}}, {"type": "Feature", "geometry": {"type": "LineString", "coordinates": [[-89.2316957, 14.7415876], [-89.2316957, 14.7416971]]}, "properties": {"osmid": "542293605", "oneway": "False", "lanes": NaN, "ref": NaN, "name": NaN, "highway": "unclassified", "maxspeed": NaN, "length": 12.176, "bridge": NaN, "tunnel": NaN, "access": NaN, "junction": NaN, "width": NaN, "est_width": NaN, "iri": 4.42999982833862}}, {"type": "Feature", "geometry": {"type": "LineString", "coordinates": [[-89.2316957, 14.7416971], [-89.2318302, 14.7417656]]}, "properties": {"osmid": "542293605", "oneway": "False", "lanes": NaN, "ref": NaN, "name": NaN, "highway": "unclassified", "maxspeed": NaN, "length": 16.346, "bridge": NaN, "tunnel": NaN, "access": NaN, "junction": NaN, "width": NaN, "est_width": NaN, "iri": 4.42999982833862}}, {"type": "Feature", "geometry": {"type": "LineString", "coordinates": [[-89.2318302, 14.7417656], [-89.2320638, 14.7417348]]}, "properties": {"osmid": "542293605", "oneway": "False", "lanes": NaN, "ref": NaN, "name": NaN, "highway": "unclassified", "maxspeed": NaN, "length": 25.353, "bridge": NaN, "tunnel": NaN, "access": NaN, "junction": NaN, "width": NaN, "est_width": NaN, "iri": 4.42999982833862}}, {"type": "Feature", "geometry": {"type": "LineString", "coordinates": [[-89.2320638, 14.7417348], [-89.2322549, 14.7418135]]}, "properties": {"osmid": "542293605", "oneway": "False", "lanes": NaN, "ref": NaN, "name": NaN, "highway": "unclassified", "maxspeed": NaN, "length": 22.336, "bridge": NaN, "tunnel": NaN, "access": NaN, "junction": NaN, "width": NaN, "est_width": NaN, "iri": 4.42999982833862}}, {"type": "Feature", "geometry": {"type": "LineString", "coordinates": [[-89.2322549, 14.7418135], [-89.2325699, 14.7420086]]}, "properties": {"osmid": "542293605", "oneway": "False", "lanes": NaN, "ref": NaN, "name": NaN, "highway": "unclassified", "maxspeed": NaN, "length": 40.225, "bridge": NaN, "tunnel": NaN, "access": NaN, "junction": NaN, "width": NaN, "est_width": NaN, "iri": 4.42999982833862}}, {"type": "Feature", "geometry": {"type": "LineString", "coordinates": [[-89.2325699, 14.7420086], [-89.232715, 14.7422139]]}, "properties": {"osmid": "542293605", "oneway": "False", "lanes": NaN, "ref": NaN, "name": NaN, "highway": "unclassified", "maxspeed": NaN, "length": 27.651, "bridge": NaN, "tunnel": NaN, "access": NaN, "junction": NaN, "width": NaN, "est_width": NaN, "iri": 4.42999982833862}}, {"type": "Feature", "geometry": {"type": "LineString", "coordinates": [[-89.232715, 14.7422139], [-89.2329805, 14.7425562]]}, "properties": {"osmid": "542293605", "oneway": "False", "lanes": NaN, "ref": NaN, "name": NaN, "highway": "unclassified", "maxspeed": NaN, "length": 47.58, "bridge": NaN, "tunnel": NaN, "access": NaN, "junction": NaN, "width": NaN, "est_width": NaN, "iri": 4.42999982833862}}, {"type": "Feature", "geometry": {"type": "LineString", "coordinates": [[-89.2329805, 14.7425562], [-89.2329946, 14.7427239]]}, "properties": {"osmid": "542293605", "oneway": "False", "lanes": NaN, "ref": NaN, "name": NaN, "highway": "unclassified", "maxspeed": NaN, "length": 18.709, "bridge": NaN, "tunnel": NaN, "access": NaN, "junction": NaN, "width": NaN, "est_width": NaN, "iri": 4.42999982833862}}, {"type": "Feature", "geometry": {"type": "LineString", "coordinates": [[-89.2329946, 14.7427239], [-89.2326265, 14.7429088]]}, "properties": {"osmid": "542293605", "oneway": "False", "lanes": NaN, "ref": NaN, "name": NaN, "highway": "unclassified", "maxspeed": NaN, "length": 44.604, "bridge": NaN, "tunnel": NaN, "access": NaN, "junction": NaN, "width": NaN, "est_width": NaN, "iri": 4.42999982833862}}, {"type": "Feature", "geometry": {"type": "LineString", "coordinates": [[-89.2326265, 14.7429088], [-89.2317276, 14.7435625]]}, "properties": {"osmid": "542293605", "oneway": "False", "lanes": NaN, "ref": NaN, "name": NaN, "highway": "unclassified", "maxspeed": NaN, "length": 120.943, "bridge": NaN, "tunnel": NaN, "access": NaN, "junction": NaN, "width": NaN, "est_width": NaN, "iri": 4.42999982833862}}, {"type": "Feature", "geometry": {"type": "LineString", "coordinates": [[-89.2317276, 14.7435625], [-89.231317, 14.7438397]]}, "properties": {"osmid": "542293605", "oneway": "False", "lanes": NaN, "ref": NaN, "name": NaN, "highway": "unclassified", "maxspeed": NaN, "length": 53.848, "bridge": NaN, "tunnel": NaN, "access": NaN, "junction": NaN, "width": NaN, "est_width": NaN, "iri": 4.42999982833862}}, {"type": "Feature", "geometry": {"type": "LineString", "coordinates": [[-89.231317, 14.7438397], [-89.2308322, 14.7441923]]}, "properties": {"osmid": "542293605", "oneway": "False", "lanes": NaN, "ref": NaN, "name": NaN, "highway": "unclassified", "maxspeed": NaN, "length": 65.23, "bridge": NaN, "tunnel": NaN, "access": NaN, "junction": NaN, "width": NaN, "est_width": NaN, "iri": 4.42999982833862}}, {"type": "Feature", "geometry": {"type": "LineString", "coordinates": [[-89.2308322, 14.7441923], [-89.2306623, 14.7444524]]}, "properties": {"osmid": "542293605", "oneway": "False", "lanes": NaN, "ref": NaN, "name": NaN, "highway": "unclassified", "maxspeed": NaN, "length": 34.209, "bridge": NaN, "tunnel": NaN, "access": NaN, "junction": NaN, "width": NaN, "est_width": NaN, "iri": 4.42999982833862}}, {"type": "Feature", "geometry": {"type": "LineString", "coordinates": [[-89.2306623, 14.7444524], [-89.2306163, 14.7447433]]}, "properties": {"osmid": "542293605", "oneway": "False", "lanes": NaN, "ref": NaN, "name": NaN, "highway": "unclassified", "maxspeed": NaN, "length": 32.723, "bridge": NaN, "tunnel": NaN, "access": NaN, "junction": NaN, "width": NaN, "est_width": NaN, "iri": 4.42999982833862}}, {"type": "Feature", "geometry": {"type": "LineString", "coordinates": [[-89.2306163, 14.7447433], [-89.23068, 14.745024]]}, "properties": {"osmid": "542293605", "oneway": "False", "lanes": NaN, "ref": NaN, "name": NaN, "highway": "unclassified", "maxspeed": NaN, "length": 31.955, "bridge": NaN, "tunnel": NaN, "access": NaN, "junction": NaN, "width": NaN, "est_width": NaN, "iri": 4.42999982833862}}, {"type": "Feature", "geometry": {"type": "LineString", "coordinates": [[-89.23068, 14.745024], [-89.230864, 14.7454381]]}, "properties": {"osmid": "542293605", "oneway": "False", "lanes": NaN, "ref": NaN, "name": NaN, "highway": "unclassified", "maxspeed": NaN, "length": 50.117, "bridge": NaN, "tunnel": NaN, "access": NaN, "junction": NaN, "width": NaN, "est_width": NaN, "iri": 4.42999982833862}}, {"type": "Feature", "geometry": {"type": "LineString", "coordinates": [[-89.230864, 14.7454381], [-89.2309419, 14.7456879]]}, "properties": {"osmid": "542293605", "oneway": "False", "lanes": NaN, "ref": NaN, "name": NaN, "highway": "unclassified", "maxspeed": NaN, "length": 29.012, "bridge": NaN, "tunnel": NaN, "access": NaN, "junction": NaN, "width": NaN, "est_width": NaN, "iri": 4.42999982833862}}, {"type": "Feature", "geometry": {"type": "LineString", "coordinates": [[-89.2309419, 14.7456879], [-89.2309242, 14.7460987]]}, "properties": {"osmid": "542293605", "oneway": "False", "lanes": NaN, "ref": NaN, "name": NaN, "highway": "unclassified", "maxspeed": NaN, "length": 45.719, "bridge": NaN, "tunnel": NaN, "access": NaN, "junction": NaN, "width": NaN, "est_width": NaN, "iri": 4.42999982833862}}, {"type": "Feature", "geometry": {"type": "LineString", "coordinates": [[-89.2309242, 14.7460987], [-89.2309348, 14.7465778]]}, "properties": {"osmid": "542293605", "oneway": "False", "lanes": NaN, "ref": NaN, "name": NaN, "highway": "unclassified", "maxspeed": NaN, "length": 53.286, "bridge": NaN, "tunnel": NaN, "access": NaN, "junction": NaN, "width": NaN, "est_width": NaN, "iri": 4.42999982833862}}, {"type": "Feature", "geometry": {"type": "LineString", "coordinates": [[-89.2309348, 14.7465778], [-89.2308463, 14.7475601]]}, "properties": {"osmid": "542293605", "oneway": "False", "lanes": NaN, "ref": NaN, "name": NaN, "highway": "unclassified", "maxspeed": NaN, "length": 109.641, "bridge": NaN, "tunnel": NaN, "access": NaN, "junction": NaN, "width": NaN, "est_width": NaN, "iri": 4.42999982833862}}, {"type": "Feature", "geometry": {"type": "LineString", "coordinates": [[-89.2308463, 14.7475601], [-89.2306694, 14.7477757]]}, "properties": {"osmid": "542293605", "oneway": "False", "lanes": NaN, "ref": NaN, "name": NaN, "highway": "unclassified", "maxspeed": NaN, "length": 30.604, "bridge": NaN, "tunnel": NaN, "access": NaN, "junction": NaN, "width": NaN, "est_width": NaN, "iri": 4.42999982833862}}, {"type": "Feature", "geometry": {"type": "LineString", "coordinates": [[-89.2306694, 14.7477757], [-89.230188, 14.7482173]]}, "properties": {"osmid": "542293605", "oneway": "False", "lanes": NaN, "ref": NaN, "name": NaN, "highway": "unclassified", "maxspeed": NaN, "length": 71.35, "bridge": NaN, "tunnel": NaN, "access": NaN, "junction": NaN, "width": NaN, "est_width": NaN, "iri": 4.42999982833862}}, {"type": "Feature", "geometry": {"type": "LineString", "coordinates": [[-89.230188, 14.7482173], [-89.2295687, 14.7487067]]}, "properties": {"osmid": "542293605", "oneway": "False", "lanes": NaN, "ref": NaN, "name": NaN, "highway": "unclassified", "maxspeed": NaN, "length": 86.001, "bridge": NaN, "tunnel": NaN, "access": NaN, "junction": NaN, "width": NaN, "est_width": NaN, "iri": 4.42999982833862}}, {"type": "Feature", "geometry": {"type": "LineString", "coordinates": [[-89.2295687, 14.7487067], [-89.2293563, 14.7488847]]}, "properties": {"osmid": "542293605", "oneway": "False", "lanes": NaN, "ref": NaN, "name": NaN, "highway": "unclassified", "maxspeed": NaN, "length": 30.223, "bridge": NaN, "tunnel": NaN, "access": NaN, "junction": NaN, "width": NaN, "est_width": NaN, "iri": 4.42999982833862}}, {"type": "Feature", "geometry": {"type": "LineString", "coordinates": [[-89.2293563, 14.7488847], [-89.2289316, 14.7489292]]}, "properties": {"osmid": "542293605", "oneway": "False", "lanes": NaN, "ref": NaN, "name": NaN, "highway": "unclassified", "maxspeed": NaN, "length": 45.936, "bridge": NaN, "tunnel": NaN, "access": NaN, "junction": NaN, "width": NaN, "est_width": NaN, "iri": 4.42999982833862}}, {"type": "Feature", "geometry": {"type": "LineString", "coordinates": [[-89.2289316, 14.7489292], [-89.2286626, 14.7489155]]}, "properties": {"osmid": "542293605", "oneway": "False", "lanes": NaN, "ref": NaN, "name": NaN, "highway": "unclassified", "maxspeed": NaN, "length": 28.966, "bridge": NaN, "tunnel": NaN, "access": NaN, "junction": NaN, "width": NaN, "est_width": NaN, "iri": 4.42999982833862}}, {"type": "Feature", "geometry": {"type": "LineString", "coordinates": [[-89.2286626, 14.7489155], [-89.2282769, 14.7489805]]}, "properties": {"osmid": "542293605", "oneway": "False", "lanes": NaN, "ref": NaN, "name": NaN, "highway": "unclassified", "maxspeed": NaN, "length": 42.1, "bridge": NaN, "tunnel": NaN, "access": NaN, "junction": NaN, "width": NaN, "est_width": NaN, "iri": 4.42999982833862}}, {"type": "Feature", "geometry": {"type": "LineString", "coordinates": [[-89.2282769, 14.7489805], [-89.2273461, 14.7492406]]}, "properties": {"osmid": "542293605", "oneway": "False", "lanes": NaN, "ref": NaN, "name": NaN, "highway": "unclassified", "maxspeed": NaN, "length": 104.185, "bridge": NaN, "tunnel": NaN, "access": NaN, "junction": NaN, "width": NaN, "est_width": NaN, "iri": 4.42999982833862}}, {"type": "Feature", "geometry": {"type": "LineString", "coordinates": [[-89.2273461, 14.7492406], [-89.2267373, 14.7493981]]}, "properties": {"osmid": "542293605", "oneway": "False", "lanes": NaN, "ref": NaN, "name": NaN, "highway": "unclassified", "maxspeed": NaN, "length": 67.767, "bridge": NaN, "tunnel": NaN, "access": NaN, "junction": NaN, "width": NaN, "est_width": NaN, "iri": 4.42999982833862}}, {"type": "Feature", "geometry": {"type": "LineString", "coordinates": [[-89.2267373, 14.7493981], [-89.2264542, 14.7495007]]}, "properties": {"osmid": "542293605", "oneway": "False", "lanes": NaN, "ref": NaN, "name": NaN, "highway": "unclassified", "maxspeed": NaN, "length": 32.51, "bridge": NaN, "tunnel": NaN, "access": NaN, "junction": NaN, "width": NaN, "est_width": NaN, "iri": 4.42999982833862}}, {"type": "Feature", "geometry": {"type": "LineString", "coordinates": [[-89.2264542, 14.7495007], [-89.2262171, 14.7496582]]}, "properties": {"osmid": "542293605", "oneway": "False", "lanes": NaN, "ref": NaN, "name": NaN, "highway": "unclassified", "maxspeed": NaN, "length": 30.931, "bridge": NaN, "tunnel": NaN, "access": NaN, "junction": NaN, "width": NaN, "est_width": NaN, "iri": 4.42999982833862}}, {"type": "Feature", "geometry": {"type": "LineString", "coordinates": [[-89.2262171, 14.7496582], [-89.2260295, 14.7498327]]}, "properties": {"osmid": "542293605", "oneway": "False", "lanes": NaN, "ref": NaN, "name": NaN, "highway": "unclassified", "maxspeed": NaN, "length": 27.99, "bridge": NaN, "tunnel": NaN, "access": NaN, "junction": NaN, "width": NaN, "est_width": NaN, "iri": 4.42999982833862}}, {"type": "Feature", "geometry": {"type": "LineString", "coordinates": [[-89.2260295, 14.7498327], [-89.2259976, 14.7507055]]}, "properties": {"osmid": "542293605", "oneway": "False", "lanes": NaN, "ref": NaN, "name": NaN, "highway": "unclassified", "maxspeed": NaN, "length": 97.112, "bridge": NaN, "tunnel": NaN, "access": NaN, "junction": NaN, "width": NaN, "est_width": NaN, "iri": 4.42999982833862}}, {"type": "Feature", "geometry": {"type": "LineString", "coordinates": [[-89.2259976, 14.7507055], [-89.2260684, 14.7523038]]}, "properties": {"osmid": "542293605", "oneway": "False", "lanes": NaN, "ref": NaN, "name": NaN, "highway": "unclassified", "maxspeed": NaN, "length": 177.886, "bridge": NaN, "tunnel": NaN, "access": NaN, "junction": NaN, "width": NaN, "est_width": NaN, "iri": 4.42999982833862}}, {"type": "Feature", "geometry": {"type": "LineString", "coordinates": [[-89.2260684, 14.7523038], [-89.2259021, 14.7527111]]}, "properties": {"osmid": "542293605", "oneway": "False", "lanes": NaN, "ref": NaN, "name": NaN, "highway": "unclassified", "maxspeed": NaN, "length": 48.692, "bridge": NaN, "tunnel": NaN, "access": NaN, "junction": NaN, "width": NaN, "est_width": NaN, "iri": 4.42999982833862}}, {"type": "Feature", "geometry": {"type": "LineString", "coordinates": [[-89.2259021, 14.7527111], [-89.2251801, 14.7537823]]}, "properties": {"osmid": "542293605", "oneway": "False", "lanes": NaN, "ref": NaN, "name": NaN, "highway": "unclassified", "maxspeed": NaN, "length": 142.18, "bridge": NaN, "tunnel": NaN, "access": NaN, "junction": NaN, "width": NaN, "est_width": NaN, "iri": 4.42999982833862}}, {"type": "Feature", "geometry": {"type": "LineString", "coordinates": [[-89.2251801, 14.7537823], [-89.2248014, 14.7541006]]}, "properties": {"osmid": "542293605", "oneway": "False", "lanes": NaN, "ref": NaN, "name": NaN, "highway": "unclassified", "maxspeed": NaN, "length": 53.953, "bridge": NaN, "tunnel": NaN, "access": NaN, "junction": NaN, "width": NaN, "est_width": NaN, "iri": 4.42999982833862}}, {"type": "Feature", "geometry": {"type": "LineString", "coordinates": [[-89.2248014, 14.7541006], [-89.2241962, 14.7546106]]}, "properties": {"osmid": "542293605", "oneway": "False", "lanes": NaN, "ref": NaN, "name": NaN, "highway": "unclassified", "maxspeed": NaN, "length": 86.319, "bridge": NaN, "tunnel": NaN, "access": NaN, "junction": NaN, "width": NaN, "est_width": NaN, "iri": 4.42999982833862}}, {"type": "Feature", "geometry": {"type": "LineString", "coordinates": [[-89.2241962, 14.7546106], [-89.22323, 14.7558529]]}, "properties": {"osmid": "542293605", "oneway": "False", "lanes": NaN, "ref": NaN, "name": NaN, "highway": "unclassified", "maxspeed": NaN, "length": 172.847, "bridge": NaN, "tunnel": NaN, "access": NaN, "junction": NaN, "width": NaN, "est_width": NaN, "iri": 4.42999982833862}}, {"type": "Feature", "geometry": {"type": "LineString", "coordinates": [[-89.22323, 14.7558529], [-89.2230459, 14.7560446]]}, "properties": {"osmid": "542293605", "oneway": "False", "lanes": NaN, "ref": NaN, "name": NaN, "highway": "unclassified", "maxspeed": NaN, "length": 29.09, "bridge": NaN, "tunnel": NaN, "access": NaN, "junction": NaN, "width": NaN, "est_width": NaN, "iri": 4.42999982833862}}, {"type": "Feature", "geometry": {"type": "LineString", "coordinates": [[-89.2230459, 14.7560446], [-89.2222213, 14.7566059]]}, "properties": {"osmid": "542293605", "oneway": "False", "lanes": NaN, "ref": NaN, "name": NaN, "highway": "unclassified", "maxspeed": NaN, "length": 108.431, "bridge": NaN, "tunnel": NaN, "access": NaN, "junction": NaN, "width": NaN, "est_width": NaN, "iri": 4.42999982833862}}, {"type": "Feature", "geometry": {"type": "LineString", "coordinates": [[-89.2222213, 14.7566059], [-89.2219594, 14.7569139]]}, "properties": {"osmid": "542293605", "oneway": "False", "lanes": NaN, "ref": NaN, "name": NaN, "highway": "unclassified", "maxspeed": NaN, "length": 44.34, "bridge": NaN, "tunnel": NaN, "access": NaN, "junction": NaN, "width": NaN, "est_width": NaN, "iri": 4.42999982833862}}, {"type": "Feature", "geometry": {"type": "LineString", "coordinates": [[-89.2219594, 14.7569139], [-89.2218497, 14.7571432]]}, "properties": {"osmid": "542293605", "oneway": "False", "lanes": NaN, "ref": NaN, "name": NaN, "highway": "unclassified", "maxspeed": NaN, "length": 28.093, "bridge": NaN, "tunnel": NaN, "access": NaN, "junction": NaN, "width": NaN, "est_width": NaN, "iri": 4.42999982833862}}, {"type": "Feature", "geometry": {"type": "LineString", "coordinates": [[-89.2218497, 14.7571432], [-89.2213542, 14.7588921]]}, "properties": {"osmid": "542293605", "oneway": "False", "lanes": NaN, "ref": NaN, "name": NaN, "highway": "unclassified", "maxspeed": NaN, "length": 201.636, "bridge": NaN, "tunnel": NaN, "access": NaN, "junction": NaN, "width": NaN, "est_width": NaN, "iri": 4.42999982833862}}, {"type": "Feature", "geometry": {"type": "LineString", "coordinates": [[-89.2213542, 14.7588921], [-89.2211631, 14.7592548]]}, "properties": {"osmid": "542293605", "oneway": "False", "lanes": NaN, "ref": NaN, "name": NaN, "highway": "unclassified", "maxspeed": NaN, "length": 45.263, "bridge": NaN, "tunnel": NaN, "access": NaN, "junction": NaN, "width": NaN, "est_width": NaN, "iri": 4.42999982833862}}, {"type": "Feature", "geometry": {"type": "LineString", "coordinates": [[-89.2211631, 14.7592548], [-89.220841, 14.7596074]]}, "properties": {"osmid": "542293605", "oneway": "False", "lanes": NaN, "ref": NaN, "name": NaN, "highway": "unclassified", "maxspeed": NaN, "length": 52.314, "bridge": NaN, "tunnel": NaN, "access": NaN, "junction": NaN, "width": NaN, "est_width": NaN, "iri": 4.42999982833862}}, {"type": "Feature", "geometry": {"type": "LineString", "coordinates": [[-89.220841, 14.7596074], [-89.2204552, 14.7601652]]}, "properties": {"osmid": "542293605", "oneway": "False", "lanes": NaN, "ref": NaN, "name": NaN, "highway": "unclassified", "maxspeed": NaN, "length": 74.619, "bridge": NaN, "tunnel": NaN, "access": NaN, "junction": NaN, "width": NaN, "est_width": NaN, "iri": 4.42999982833862}}, {"type": "Feature", "geometry": {"type": "LineString", "coordinates": [[-89.2204552, 14.7601652], [-89.2201509, 14.760528]]}, "properties": {"osmid": "542293605", "oneway": "False", "lanes": NaN, "ref": NaN, "name": NaN, "highway": "unclassified", "maxspeed": NaN, "length": 51.943, "bridge": NaN, "tunnel": NaN, "access": NaN, "junction": NaN, "width": NaN, "est_width": NaN, "iri": 4.42999982833862}}, {"type": "Feature", "geometry": {"type": "LineString", "coordinates": [[-89.2201509, 14.760528], [-89.219712, 14.761079]]}, "properties": {"osmid": "542293605", "oneway": "False", "lanes": NaN, "ref": NaN, "name": NaN, "highway": "unclassified", "maxspeed": NaN, "length": 77.337, "bridge": NaN, "tunnel": NaN, "access": NaN, "junction": NaN, "width": NaN, "est_width": NaN, "iri": 4.42999982833862}}, {"type": "Feature", "geometry": {"type": "LineString", "coordinates": [[-89.219712, 14.761079], [-89.2190113, 14.7619962]]}, "properties": {"osmid": "542293605", "oneway": "False", "lanes": NaN, "ref": NaN, "name": NaN, "highway": "unclassified", "maxspeed": NaN, "length": 126.8, "bridge": NaN, "tunnel": NaN, "access": NaN, "junction": NaN, "width": NaN, "est_width": NaN, "iri": 4.42999982833862}}, {"type": "Feature", "geometry": {"type": "LineString", "coordinates": [[-89.2190113, 14.7619962], [-89.2188378, 14.7624]]}, "properties": {"osmid": "542293605", "oneway": "False", "lanes": NaN, "ref": NaN, "name": NaN, "highway": "unclassified", "maxspeed": NaN, "length": 48.622, "bridge": NaN, "tunnel": NaN, "access": NaN, "junction": NaN, "width": NaN, "est_width": NaN, "iri": 4.42999982833862}}, {"type": "Feature", "geometry": {"type": "LineString", "coordinates": [[-89.2188378, 14.7624], [-89.2188201, 14.7627423]]}, "properties": {"osmid": "542293605", "oneway": "False", "lanes": NaN, "ref": NaN, "name": NaN, "highway": "unclassified", "maxspeed": NaN, "length": 38.11, "bridge": NaN, "tunnel": NaN, "access": NaN, "junction": NaN, "width": NaN, "est_width": NaN, "iri": 4.42999982833862}}, {"type": "Feature", "geometry": {"type": "LineString", "coordinates": [[-89.2188201, 14.7627423], [-89.2188449, 14.7629544]]}, "properties": {"osmid": "542293605", "oneway": "False", "lanes": NaN, "ref": NaN, "name": NaN, "highway": "unclassified", "maxspeed": NaN, "length": 23.735, "bridge": NaN, "tunnel": NaN, "access": NaN, "junction": NaN, "width": NaN, "est_width": NaN, "iri": 4.42999982833862}}, {"type": "Feature", "geometry": {"type": "LineString", "coordinates": [[-89.2188449, 14.7629544], [-89.2186715, 14.7632693]]}, "properties": {"osmid": "542293605", "oneway": "False", "lanes": NaN, "ref": NaN, "name": NaN, "highway": "unclassified", "maxspeed": NaN, "length": 39.67, "bridge": NaN, "tunnel": NaN, "access": NaN, "junction": NaN, "width": NaN, "est_width": NaN, "iri": 4.42999982833862}}, {"type": "Feature", "geometry": {"type": "LineString", "coordinates": [[-89.2186715, 14.7632693], [-89.2184379, 14.76381]]}, "properties": {"osmid": "542293605", "oneway": "False", "lanes": NaN, "ref": NaN, "name": NaN, "highway": "unclassified", "maxspeed": NaN, "length": 65.159, "bridge": NaN, "tunnel": NaN, "access": NaN, "junction": NaN, "width": NaN, "est_width": NaN, "iri": 4.42999982833862}}, {"type": "Feature", "geometry": {"type": "LineString", "coordinates": [[-89.2184379, 14.76381], [-89.2183884, 14.7641523]]}, "properties": {"osmid": "542293605", "oneway": "False", "lanes": NaN, "ref": NaN, "name": NaN, "highway": "unclassified", "maxspeed": NaN, "length": 38.432, "bridge": NaN, "tunnel": NaN, "access": NaN, "junction": NaN, "width": NaN, "est_width": NaN, "iri": 4.42999982833862}}, {"type": "Feature", "geometry": {"type": "LineString", "coordinates": [[-89.2183884, 14.7641523], [-89.2184131, 14.7643679]]}, "properties": {"osmid": "542293605", "oneway": "False", "lanes": NaN, "ref": NaN, "name": NaN, "highway": "unclassified", "maxspeed": NaN, "length": 24.12, "bridge": NaN, "tunnel": NaN, "access": NaN, "junction": NaN, "width": NaN, "est_width": NaN, "iri": 4.42999982833862}}, {"type": "Feature", "geometry": {"type": "LineString", "coordinates": [[-89.2184131, 14.7643679], [-89.2185972, 14.7654322]]}, "properties": {"osmid": "542293605", "oneway": "False", "lanes": NaN, "ref": NaN, "name": NaN, "highway": "unclassified", "maxspeed": NaN, "length": 119.989, "bridge": NaN, "tunnel": NaN, "access": NaN, "junction": NaN, "width": NaN, "est_width": NaN, "iri": 4.42999982833862}}, {"type": "Feature", "geometry": {"type": "LineString", "coordinates": [[-89.2185972, 14.7654322], [-89.2186149, 14.765706]]}, "properties": {"osmid": "542293605", "oneway": "False", "lanes": NaN, "ref": NaN, "name": NaN, "highway": "unclassified", "maxspeed": NaN, "length": 30.505, "bridge": NaN, "tunnel": NaN, "access": NaN, "junction": NaN, "width": NaN, "est_width": NaN, "iri": 4.42999982833862}}, {"type": "Feature", "geometry": {"type": "LineString", "coordinates": [[-89.2186149, 14.765706], [-89.2185405, 14.7662981]]}, "properties": {"osmid": "542293605", "oneway": "False", "lanes": NaN, "ref": NaN, "name": NaN, "highway": "unclassified", "maxspeed": NaN, "length": 66.323, "bridge": NaN, "tunnel": NaN, "access": NaN, "junction": NaN, "width": NaN, "est_width": NaN, "iri": 4.42999982833862}}, {"type": "Feature", "geometry": {"type": "LineString", "coordinates": [[-89.2185405, 14.7662981], [-89.2185134, 14.7666745]]}, "properties": {"osmid": "542293605", "oneway": "False", "lanes": NaN, "ref": NaN, "name": NaN, "highway": "unclassified", "maxspeed": NaN, "length": 41.955, "bridge": NaN, "tunnel": NaN, "access": NaN, "junction": NaN, "width": NaN, "est_width": NaN, "iri": 4.42999982833862}}, {"type": "Feature", "geometry": {"type": "LineString", "coordinates": [[-89.2185134, 14.7666745], [-89.218491, 14.766986]]}, "properties": {"osmid": "542293605", "oneway": "False", "lanes": NaN, "ref": NaN, "name": NaN, "highway": "unclassified", "maxspeed": NaN, "length": 34.721, "bridge": NaN, "tunnel": NaN, "access": NaN, "junction": NaN, "width": NaN, "est_width": NaN, "iri": 4.42999982833862}}, {"type": "Feature", "geometry": {"type": "LineString", "coordinates": [[-89.218491, 14.766986], [-89.2183388, 14.7673282]]}, "properties": {"osmid": "542293605", "oneway": "False", "lanes": NaN, "ref": NaN, "name": NaN, "highway": "unclassified", "maxspeed": NaN, "length": 41.421, "bridge": NaN, "tunnel": NaN, "access": NaN, "junction": NaN, "width": NaN, "est_width": NaN, "iri": 4.42999982833862}}, {"type": "Feature", "geometry": {"type": "LineString", "coordinates": [[-89.2183388, 14.7673282], [-89.2181265, 14.767821]]}, "properties": {"osmid": "542293605", "oneway": "False", "lanes": NaN, "ref": NaN, "name": NaN, "highway": "unclassified", "maxspeed": NaN, "length": 59.361, "bridge": NaN, "tunnel": NaN, "access": NaN, "junction": NaN, "width": NaN, "est_width": NaN, "iri": 4.42999982833862}}, {"type": "Feature", "geometry": {"type": "LineString", "coordinates": [[-89.2181265, 14.767821], [-89.2180665, 14.76806]]}, "properties": {"osmid": "542293605", "oneway": "False", "lanes": NaN, "ref": NaN, "name": NaN, "highway": "unclassified", "maxspeed": NaN, "length": 27.347, "bridge": NaN, "tunnel": NaN, "access": NaN, "junction": NaN, "width": NaN, "est_width": NaN, "iri": 4.42999982833862}}, {"type": "Feature", "geometry": {"type": "LineString", "coordinates": [[-89.2180665, 14.76806], [-89.2177725, 14.769231]]}, "properties": {"osmid": "542293605", "oneway": "False", "lanes": NaN, "ref": NaN, "name": NaN, "highway": "unclassified", "maxspeed": NaN, "length": 133.992, "bridge": NaN, "tunnel": NaN, "access": NaN, "junction": NaN, "width": NaN, "est_width": NaN, "iri": 4.42999982833862}}, {"type": "Feature", "geometry": {"type": "LineString", "coordinates": [[-89.2177725, 14.769231], [-89.2176734, 14.7696587]]}, "properties": {"osmid": "542293605", "oneway": "False", "lanes": NaN, "ref": NaN, "name": NaN, "highway": "unclassified", "maxspeed": NaN, "length": 48.737, "bridge": NaN, "tunnel": NaN, "access": NaN, "junction": NaN, "width": NaN, "est_width": NaN, "iri": 4.42999982833862}}, {"type": "Feature", "geometry": {"type": "LineString", "coordinates": [[-89.2176734, 14.7696587], [-89.2176876, 14.77009]]}, "properties": {"osmid": "542293605", "oneway": "False", "lanes": NaN, "ref": NaN, "name": NaN, "highway": "unclassified", "maxspeed": NaN, "length": 47.983, "bridge": NaN, "tunnel": NaN, "access": NaN, "junction": NaN, "width": NaN, "est_width": NaN, "iri": 4.42999982833862}}, {"type": "Feature", "geometry": {"type": "LineString", "coordinates": [[-89.2176876, 14.77009], [-89.217861, 14.7708702]]}, "properties": {"osmid": "542293605", "oneway": "False", "lanes": NaN, "ref": NaN, "name": NaN, "highway": "unclassified", "maxspeed": NaN, "length": 88.735, "bridge": NaN, "tunnel": NaN, "access": NaN, "junction": NaN, "width": NaN, "est_width": NaN, "iri": 4.42999982833862}}, {"type": "Feature", "geometry": {"type": "LineString", "coordinates": [[-89.217861, 14.7708702], [-89.218038, 14.7713493]]}, "properties": {"osmid": "542293605", "oneway": "False", "lanes": NaN, "ref": NaN, "name": NaN, "highway": "unclassified", "maxspeed": NaN, "length": 56.571, "bridge": NaN, "tunnel": NaN, "access": NaN, "junction": NaN, "width": NaN, "est_width": NaN, "iri": 4.42999982833862}}, {"type": "Feature", "geometry": {"type": "LineString", "coordinates": [[-89.218038, 14.7713493], [-89.2181442, 14.7716094]]}, "properties": {"osmid": "542293605", "oneway": "False", "lanes": NaN, "ref": NaN, "name": NaN, "highway": "unclassified", "maxspeed": NaN, "length": 31.094, "bridge": NaN, "tunnel": NaN, "access": NaN, "junction": NaN, "width": NaN, "est_width": NaN, "iri": 4.42999982833862}}]}