{"type": "FeatureCollection", "features": [{"type": "Feature", "geometry": {"type": "LineString", "coordinates": [[-89.9078805, 14.2972162], [-89.9078358, 14.2971365]]}, "properties": {"osmid": "692097408", "oneway": "False", "lanes": NaN, "ref": "RD-JUT-02-01", "name": "Ruta Departamental Jutiapa 2", "highway": "secondary", "maxspeed": NaN, "length": 10.087, "bridge": NaN, "tunnel": NaN, "access": NaN, "junction": NaN, "width": NaN, "est_width": NaN, "iri": 14.9399995803833}}, {"type": "Feature", "geometry": {"type": "LineString", "coordinates": [[-89.9078358, 14.2971365], [-89.9077136, 14.2968229]]}, "properties": {"osmid": "692097408", "oneway": "False", "lanes": NaN, "ref": "RD-JUT-02-01", "name": "Ruta Departamental Jutiapa 2", "highway": "secondary", "maxspeed": NaN, "length": 37.274, "bridge": NaN, "tunnel": NaN, "access": NaN, "junction": NaN, "width": NaN, "est_width": NaN, "iri": 14.9399995803833}}, {"type": "Feature", "geometry": {"type": "LineString", "coordinates": [[-89.9077136, 14.2968229], [-89.9074217, 14.2960987]]}, "properties": {"osmid": "692097408", "oneway": "False", "lanes": NaN, "ref": "RD-JUT-02-01", "name": "Ruta Departamental Jutiapa 2", "highway": "secondary", "maxspeed": NaN, "length": 86.452, "bridge": NaN, "tunnel": NaN, "access": NaN, "junction": NaN, "width": NaN, "est_width": NaN, "iri": 14.9399995803833}}, {"type": "Feature", "geometry": {"type": "LineString", "coordinates": [[-89.9074217, 14.2960987], [-89.9073816, 14.296009]]}, "properties": {"osmid": "692097408", "oneway": "False", "lanes": NaN, "ref": "RD-JUT-02-01", "name": "Ruta Departamental Jutiapa 2", "highway": "secondary", "maxspeed": NaN, "length": 10.87, "bridge": NaN, "tunnel": NaN, "access": NaN, "junction": NaN, "width": NaN, "est_width": NaN, "iri": 14.9399995803833}}, {"type": "Feature", "geometry": {"type": "LineString", "coordinates": [[-89.9073816, 14.296009], [-89.9070377, 14.2952392]]}, "properties": {"osmid": "692097408", "oneway": "False", "lanes": NaN, "ref": "RD-JUT-02-01", "name": "Ruta Departamental Jutiapa 2", "highway": "secondary", "maxspeed": NaN, "length": 93.275, "bridge": NaN, "tunnel": NaN, "access": NaN, "junction": NaN, "width": NaN, "est_width": NaN, "iri": 14.9399995803833}}, {"type": "Feature", "geometry": {"type": "LineString", "coordinates": [[-89.9070377, 14.2952392], [-89.9067997, 14.2948609]]}, "properties": {"osmid": "692097408", "oneway": "False", "lanes": NaN, "ref": "RD-JUT-02-01", "name": "Ruta Departamental Jutiapa 2", "highway": "secondary", "maxspeed": NaN, "length": 49.266, "bridge": NaN, "tunnel": NaN, "access": NaN, "junction": NaN, "width": NaN, "est_width": NaN, "iri": 14.9399995803833}}, {"type": "Feature", "geometry": {"type": "LineString", "coordinates": [[-89.9067997, 14.2948609], [-89.9064014, 14.2945103]]}, "properties": {"osmid": "692097408", "oneway": "False", "lanes": NaN, "ref": "RD-JUT-02-01", "name": "Ruta Departamental Jutiapa 2", "highway": "secondary", "maxspeed": NaN, "length": 57.981, "bridge": NaN, "tunnel": NaN, "access": NaN, "junction": NaN, "width": NaN, "est_width": NaN, "iri": 14.9399995803833}}, {"type": "Feature", "geometry": {"type": "LineString", "coordinates": [[-89.9064014, 14.2945103], [-89.9061274, 14.2943522]]}, "properties": {"osmid": "692097408", "oneway": "False", "lanes": NaN, "ref": "RD-JUT-02-01", "name": "Ruta Departamental Jutiapa 2", "highway": "secondary", "maxspeed": NaN, "length": 34.362, "bridge": NaN, "tunnel": NaN, "access": NaN, "junction": NaN, "width": NaN, "est_width": NaN, "iri": 14.9399995803833}}, {"type": "Feature", "geometry": {"type": "LineString", "coordinates": [[-89.9061274, 14.2943522], [-89.9058988, 14.2943003]]}, "properties": {"osmid": "203775510", "oneway": "False", "lanes": NaN, "ref": NaN, "name": NaN, "highway": "secondary", "maxspeed": NaN, "length": 25.299, "bridge": NaN, "tunnel": NaN, "access": NaN, "junction": NaN, "width": NaN, "est_width": NaN, "iri": 14.9399995803833}}, {"type": "Feature", "geometry": {"type": "LineString", "coordinates": [[-89.9058988, 14.2943003], [-89.9057638, 14.2943004]]}, "properties": {"osmid": "203775510", "oneway": "False", "lanes": NaN, "ref": NaN, "name": NaN, "highway": "secondary", "maxspeed": NaN, "length": 14.547, "bridge": NaN, "tunnel": NaN, "access": NaN, "junction": NaN, "width": NaN, "est_width": NaN, "iri": 14.9399995803833}}, {"type": "Feature", "geometry": {"type": "LineString", "coordinates": [[-89.9057638, 14.2943004], [-89.9046112, 14.294293]]}, "properties": {"osmid": "203775510", "oneway": "False", "lanes": NaN, "ref": NaN, "name": NaN, "highway": "secondary", "maxspeed": NaN, "length": 124.198, "bridge": NaN, "tunnel": NaN, "access": NaN, "junction": NaN, "width": NaN, "est_width": NaN, "iri": 14.9399995803833}}, {"type": "Feature", "geometry": {"type": "LineString", "coordinates": [[-89.9046112, 14.294293], [-89.9041925, 14.2942805]]}, "properties": {"osmid": "203775510", "oneway": "False", "lanes": NaN, "ref": NaN, "name": NaN, "highway": "secondary", "maxspeed": NaN, "length": 45.137, "bridge": NaN, "tunnel": NaN, "access": NaN, "junction": NaN, "width": NaN, "est_width": NaN, "iri": 14.9399995803833}}, {"type": "Feature", "geometry": {"type": "LineString", "coordinates": [[-89.9041925, 14.2942805], [-89.9041015, 14.2942696]]}, "properties": {"osmid": "203775510", "oneway": "False", "lanes": NaN, "ref": NaN, "name": NaN, "highway": "secondary", "maxspeed": NaN, "length": 9.88, "bridge": NaN, "tunnel": NaN, "access": NaN, "junction": NaN, "width": NaN, "est_width": NaN, "iri": 14.9399995803833}}, {"type": "Feature", "geometry": {"type": "LineString", "coordinates": [[-89.9041015, 14.2942696], [-89.9039918, 14.2942714]]}, "properties": {"osmid": "203775510", "oneway": "False", "lanes": NaN, "ref": NaN, "name": NaN, "highway": "secondary", "maxspeed": NaN, "length": 11.822, "bridge": NaN, "tunnel": NaN, "access": NaN, "junction": NaN, "width": NaN, "est_width": NaN, "iri": 14.9399995803833}}, {"type": "Feature", "geometry": {"type": "LineString", "coordinates": [[-89.9039918, 14.2942714], [-89.9037484, 14.2942225]]}, "properties": {"osmid": "203775510", "oneway": "False", "lanes": NaN, "ref": NaN, "name": NaN, "highway": "secondary", "maxspeed": NaN, "length": 26.785, "bridge": NaN, "tunnel": NaN, "access": NaN, "junction": NaN, "width": NaN, "est_width": NaN, "iri": 14.9399995803833}}, {"type": "Feature", "geometry": {"type": "LineString", "coordinates": [[-89.9037484, 14.2942225], [-89.9022468, 14.2938207]]}, "properties": {"osmid": "203775510", "oneway": "False", "lanes": NaN, "ref": NaN, "name": NaN, "highway": "secondary", "maxspeed": NaN, "length": 167.857, "bridge": NaN, "tunnel": NaN, "access": NaN, "junction": NaN, "width": NaN, "est_width": NaN, "iri": 14.9399995803833}}, {"type": "Feature", "geometry": {"type": "LineString", "coordinates": [[-89.9022468, 14.2938207], [-89.9022104, 14.2936295]]}, "properties": {"osmid": "203775510", "oneway": "False", "lanes": NaN, "ref": NaN, "name": NaN, "highway": "secondary", "maxspeed": NaN, "length": 21.619, "bridge": NaN, "tunnel": NaN, "access": NaN, "junction": NaN, "width": NaN, "est_width": NaN, "iri": 14.9399995803833}}, {"type": "Feature", "geometry": {"type": "LineString", "coordinates": [[-89.9022104, 14.2936295], [-89.9020631, 14.2936641]]}, "properties": {"osmid": "203159928", "oneway": "False", "lanes": "2", "ref": "CA-1", "name": "Carretera Panamericana", "highway": "trunk", "maxspeed": "70", "length": 16.332, "bridge": NaN, "tunnel": NaN, "access": NaN, "junction": NaN, "width": NaN, "est_width": NaN, "iri": 14.9399995803833}}, {"type": "Feature", "geometry": {"type": "LineString", "coordinates": [[-89.9020631, 14.2936641], [-89.9019873, 14.2936874]]}, "properties": {"osmid": "203159928", "oneway": "False", "lanes": "2", "ref": "CA-1", "name": "Carretera Panamericana", "highway": "trunk", "maxspeed": "70", "length": 8.569, "bridge": NaN, "tunnel": NaN, "access": NaN, "junction": NaN, "width": NaN, "est_width": NaN, "iri": 14.9399995803833}}, {"type": "Feature", "geometry": {"type": "LineString", "coordinates": [[-89.9019873, 14.2936874], [-89.9018429, 14.2936528]]}, "properties": {"osmid": "203388152", "oneway": "True", "lanes": NaN, "ref": NaN, "name": "15 de Septiembre", "highway": "tertiary", "maxspeed": NaN, "length": 16.028, "bridge": NaN, "tunnel": NaN, "access": NaN, "junction": NaN, "width": NaN, "est_width": NaN, "iri": 14.9399995803833}}, {"type": "Feature", "geometry": {"type": "LineString", "coordinates": [[-89.9018429, 14.2936528], [-89.9015855, 14.2935081]]}, "properties": {"osmid": "203388152", "oneway": "True", "lanes": NaN, "ref": NaN, "name": "15 de Septiembre", "highway": "tertiary", "maxspeed": NaN, "length": 32.065, "bridge": NaN, "tunnel": NaN, "access": NaN, "junction": NaN, "width": NaN, "est_width": NaN, "iri": 14.9399995803833}}, {"type": "Feature", "geometry": {"type": "LineString", "coordinates": [[-89.9015855, 14.2935081], [-89.9009706, 14.2931676]]}, "properties": {"osmid": "203388152", "oneway": "True", "lanes": NaN, "ref": NaN, "name": "15 de Septiembre", "highway": "tertiary", "maxspeed": NaN, "length": 76.312, "bridge": NaN, "tunnel": NaN, "access": NaN, "junction": NaN, "width": NaN, "est_width": NaN, "iri": 14.9399995803833}}, {"type": "Feature", "geometry": {"type": "LineString", "coordinates": [[-89.9009706, 14.2931676], [-89.9003431, 14.2928097]]}, "properties": {"osmid": "203388152", "oneway": "True", "lanes": NaN, "ref": NaN, "name": "15 de Septiembre", "highway": "tertiary", "maxspeed": NaN, "length": 78.458, "bridge": NaN, "tunnel": NaN, "access": NaN, "junction": NaN, "width": NaN, "est_width": NaN, "iri": 14.9399995803833}}, {"type": "Feature", "geometry": {"type": "LineString", "coordinates": [[-89.9003431, 14.2928097], [-89.8997397, 14.2924647]]}, "properties": {"osmid": "203388152", "oneway": "True", "lanes": NaN, "ref": NaN, "name": "15 de Septiembre", "highway": "tertiary", "maxspeed": NaN, "length": 75.492, "bridge": NaN, "tunnel": NaN, "access": NaN, "junction": NaN, "width": NaN, "est_width": NaN, "iri": 14.9399995803833}}, {"type": "Feature", "geometry": {"type": "LineString", "coordinates": [[-89.8997397, 14.2924647], [-89.8991247, 14.2921014]]}, "properties": {"osmid": "203388152", "oneway": "True", "lanes": NaN, "ref": NaN, "name": "15 de Septiembre", "highway": "tertiary", "maxspeed": NaN, "length": 77.611, "bridge": NaN, "tunnel": NaN, "access": NaN, "junction": NaN, "width": NaN, "est_width": NaN, "iri": 14.9399995803833}}, {"type": "Feature", "geometry": {"type": "LineString", "coordinates": [[-89.8991247, 14.2921014], [-89.8987023, 14.2918855]]}, "properties": {"osmid": "203388152", "oneway": "True", "lanes": NaN, "ref": NaN, "name": "15 de Septiembre", "highway": "tertiary", "maxspeed": NaN, "length": 51.458, "bridge": NaN, "tunnel": NaN, "access": NaN, "junction": NaN, "width": NaN, "est_width": NaN, "iri": 14.9399995803833}}, {"type": "Feature", "geometry": {"type": "LineString", "coordinates": [[-89.8987023, 14.2918855], [-89.8985066, 14.2917699]]}, "properties": {"osmid": "203388152", "oneway": "True", "lanes": NaN, "ref": NaN, "name": "15 de Septiembre", "highway": "tertiary", "maxspeed": NaN, "length": 24.696, "bridge": NaN, "tunnel": NaN, "access": NaN, "junction": NaN, "width": NaN, "est_width": NaN, "iri": 14.9399995803833}}, {"type": "Feature", "geometry": {"type": "LineString", "coordinates": [[-89.8985066, 14.2917699], [-89.8977909, 14.2913353]]}, "properties": {"osmid": "203388152", "oneway": "True", "lanes": NaN, "ref": NaN, "name": "15 de Septiembre", "highway": "tertiary", "maxspeed": NaN, "length": 91.01, "bridge": NaN, "tunnel": NaN, "access": NaN, "junction": NaN, "width": NaN, "est_width": NaN, "iri": 14.9399995803833}}, {"type": "Feature", "geometry": {"type": "LineString", "coordinates": [[-89.8977909, 14.2913353], [-89.8974133, 14.2911034]]}, "properties": {"osmid": "203388152", "oneway": "True", "lanes": NaN, "ref": NaN, "name": "15 de Septiembre", "highway": "tertiary", "maxspeed": NaN, "length": 48.171, "bridge": NaN, "tunnel": NaN, "access": NaN, "junction": NaN, "width": NaN, "est_width": NaN, "iri": 14.9399995803833}}, {"type": "Feature", "geometry": {"type": "LineString", "coordinates": [[-89.8974133, 14.2911034], [-89.8972482, 14.2910093]]}, "properties": {"osmid": "203388152", "oneway": "True", "lanes": NaN, "ref": NaN, "name": "15 de Septiembre", "highway": "tertiary", "maxspeed": NaN, "length": 20.639, "bridge": NaN, "tunnel": NaN, "access": NaN, "junction": NaN, "width": NaN, "est_width": NaN, "iri": 14.9399995803833}}, {"type": "Feature", "geometry": {"type": "LineString", "coordinates": [[-89.8972482, 14.2910093], [-89.897173, 14.290956]]}, "properties": {"osmid": "203388152", "oneway": "True", "lanes": NaN, "ref": NaN, "name": "15 de Septiembre", "highway": "tertiary", "maxspeed": NaN, "length": 10.039, "bridge": NaN, "tunnel": NaN, "access": NaN, "junction": NaN, "width": NaN, "est_width": NaN, "iri": 14.9399995803833}}, {"type": "Feature", "geometry": {"type": "LineString", "coordinates": [[-89.897173, 14.290956], [-89.8970767, 14.2908736]]}, "properties": {"osmid": "203388152", "oneway": "True", "lanes": NaN, "ref": NaN, "name": "15 de Septiembre", "highway": "tertiary", "maxspeed": NaN, "length": 13.843, "bridge": NaN, "tunnel": NaN, "access": NaN, "junction": NaN, "width": NaN, "est_width": NaN, "iri": 14.9399995803833}}, {"type": "Feature", "geometry": {"type": "LineString", "coordinates": [[-89.8970767, 14.2908736], [-89.8969758, 14.2907828]]}, "properties": {"osmid": "203388152", "oneway": "True", "lanes": NaN, "ref": NaN, "name": "15 de Septiembre", "highway": "tertiary", "maxspeed": NaN, "length": 14.837, "bridge": NaN, "tunnel": NaN, "access": NaN, "junction": NaN, "width": NaN, "est_width": NaN, "iri": 14.9399995803833}}, {"type": "Feature", "geometry": {"type": "LineString", "coordinates": [[-89.8969758, 14.2907828], [-89.8967538, 14.2905516]]}, "properties": {"osmid": "203388144", "oneway": "True", "lanes": NaN, "ref": NaN, "name": "15 de Septiembre", "highway": "tertiary", "maxspeed": NaN, "length": 35.116, "bridge": NaN, "tunnel": NaN, "access": NaN, "junction": NaN, "width": NaN, "est_width": NaN, "iri": 14.9399995803833}}, {"type": "Feature", "geometry": {"type": "LineString", "coordinates": [[-89.8967538, 14.2905516], [-89.8964526, 14.2902153]]}, "properties": {"osmid": "203388144", "oneway": "True", "lanes": NaN, "ref": NaN, "name": "15 de Septiembre", "highway": "tertiary", "maxspeed": NaN, "length": 49.515, "bridge": NaN, "tunnel": NaN, "access": NaN, "junction": NaN, "width": NaN, "est_width": NaN, "iri": 14.9399995803833}}, {"type": "Feature", "geometry": {"type": "LineString", "coordinates": [[-89.8964526, 14.2902153], [-89.8957382, 14.2894753]]}, "properties": {"osmid": "203388144", "oneway": "True", "lanes": NaN, "ref": NaN, "name": "15 de Septiembre", "highway": "tertiary", "maxspeed": NaN, "length": 112.679, "bridge": NaN, "tunnel": NaN, "access": NaN, "junction": NaN, "width": NaN, "est_width": NaN, "iri": 14.9399995803833}}, {"type": "Feature", "geometry": {"type": "LineString", "coordinates": [[-89.8957382, 14.2894753], [-89.8953273, 14.2892206]]}, "properties": {"osmid": "203388144", "oneway": "True", "lanes": NaN, "ref": NaN, "name": "15 de Septiembre", "highway": "tertiary", "maxspeed": NaN, "length": 52.56, "bridge": NaN, "tunnel": NaN, "access": NaN, "junction": NaN, "width": NaN, "est_width": NaN, "iri": 14.9399995803833}}, {"type": "Feature", "geometry": {"type": "LineString", "coordinates": [[-89.8953273, 14.2892206], [-89.8946467, 14.2888253]]}, "properties": {"osmid": "203388144", "oneway": "True", "lanes": NaN, "ref": NaN, "name": "15 de Septiembre", "highway": "tertiary", "maxspeed": NaN, "length": 85.502, "bridge": NaN, "tunnel": NaN, "access": NaN, "junction": NaN, "width": NaN, "est_width": NaN, "iri": 14.9399995803833}}, {"type": "Feature", "geometry": {"type": "LineString", "coordinates": [[-89.8946467, 14.2888253], [-89.8945894, 14.2887881]]}, "properties": {"osmid": "382174832", "oneway": "True", "lanes": NaN, "ref": NaN, "name": "15 de Septiembre", "highway": "tertiary", "maxspeed": NaN, "length": 7.432, "bridge": NaN, "tunnel": NaN, "access": NaN, "junction": NaN, "width": NaN, "est_width": NaN, "iri": 14.9399995803833}}, {"type": "Feature", "geometry": {"type": "LineString", "coordinates": [[-89.8945894, 14.2887881], [-89.8939903, 14.2884787]]}, "properties": {"osmid": "382174832", "oneway": "True", "lanes": NaN, "ref": NaN, "name": "15 de Septiembre", "highway": "tertiary", "maxspeed": NaN, "length": 73.151, "bridge": NaN, "tunnel": NaN, "access": NaN, "junction": NaN, "width": NaN, "est_width": NaN, "iri": 14.9399995803833}}, {"type": "Feature", "geometry": {"type": "LineString", "coordinates": [[-89.8939903, 14.2884787], [-89.8935889, 14.288422]]}, "properties": {"osmid": "388947059", "oneway": "True", "lanes": NaN, "ref": NaN, "name": NaN, "highway": "tertiary", "maxspeed": NaN, "length": 43.71, "bridge": NaN, "tunnel": NaN, "access": NaN, "junction": NaN, "width": NaN, "est_width": NaN, "iri": 14.9399995803833}}, {"type": "Feature", "geometry": {"type": "LineString", "coordinates": [[-89.8935889, 14.288422], [-89.893334, 14.2884041]]}, "properties": {"osmid": "388947059", "oneway": "True", "lanes": NaN, "ref": NaN, "name": NaN, "highway": "tertiary", "maxspeed": NaN, "length": 27.539, "bridge": NaN, "tunnel": NaN, "access": NaN, "junction": NaN, "width": NaN, "est_width": NaN, "iri": 14.9399995803833}}, {"type": "Feature", "geometry": {"type": "LineString", "coordinates": [[-89.893334, 14.2884041], [-89.8927472, 14.2883592]]}, "properties": {"osmid": "388947059", "oneway": "True", "lanes": NaN, "ref": NaN, "name": NaN, "highway": "tertiary", "maxspeed": NaN, "length": 63.428, "bridge": NaN, "tunnel": NaN, "access": NaN, "junction": NaN, "width": NaN, "est_width": NaN, "iri": 14.9399995803833}}, {"type": "Feature", "geometry": {"type": "LineString", "coordinates": [[-89.8927472, 14.2883592], [-89.8919901, 14.2883149]]}, "properties": {"osmid": "388947059", "oneway": "True", "lanes": NaN, "ref": NaN, "name": NaN, "highway": "tertiary", "maxspeed": NaN, "length": 81.73, "bridge": NaN, "tunnel": NaN, "access": NaN, "junction": NaN, "width": NaN, "est_width": NaN, "iri": 14.9399995803833}}, {"type": "Feature", "geometry": {"type": "LineString", "coordinates": [[-89.8919901, 14.2883149], [-89.8912263, 14.2882854]]}, "properties": {"osmid": "388947059", "oneway": "True", "lanes": NaN, "ref": NaN, "name": NaN, "highway": "tertiary", "maxspeed": NaN, "length": 82.369, "bridge": NaN, "tunnel": NaN, "access": NaN, "junction": NaN, "width": NaN, "est_width": NaN, "iri": 14.9399995803833}}, {"type": "Feature", "geometry": {"type": "LineString", "coordinates": [[-89.8912263, 14.2882854], [-89.8903336, 14.2882509]]}, "properties": {"osmid": "388947059", "oneway": "True", "lanes": NaN, "ref": NaN, "name": NaN, "highway": "tertiary", "maxspeed": NaN, "length": 96.27, "bridge": NaN, "tunnel": NaN, "access": NaN, "junction": NaN, "width": NaN, "est_width": NaN, "iri": 14.9399995803833}}, {"type": "Feature", "geometry": {"type": "LineString", "coordinates": [[-89.8903336, 14.2882509], [-89.8894669, 14.2882114]]}, "properties": {"osmid": "388947059", "oneway": "True", "lanes": NaN, "ref": NaN, "name": NaN, "highway": "tertiary", "maxspeed": NaN, "length": 93.495, "bridge": NaN, "tunnel": NaN, "access": NaN, "junction": NaN, "width": NaN, "est_width": NaN, "iri": 14.9399995803833}}, {"type": "Feature", "geometry": {"type": "LineString", "coordinates": [[-89.8894669, 14.2882114], [-89.8892659, 14.2882009]]}, "properties": {"osmid": "388947059", "oneway": "True", "lanes": NaN, "ref": NaN, "name": NaN, "highway": "tertiary", "maxspeed": NaN, "length": 21.69, "bridge": NaN, "tunnel": NaN, "access": NaN, "junction": NaN, "width": NaN, "est_width": NaN, "iri": 14.9399995803833}}, {"type": "Feature", "geometry": {"type": "LineString", "coordinates": [[-89.8892659, 14.2882009], [-89.889081, 14.2881851]]}, "properties": {"osmid": "388947059", "oneway": "True", "lanes": NaN, "ref": NaN, "name": NaN, "highway": "tertiary", "maxspeed": NaN, "length": 20.001, "bridge": NaN, "tunnel": NaN, "access": NaN, "junction": NaN, "width": NaN, "est_width": NaN, "iri": 14.9399995803833}}, {"type": "Feature", "geometry": {"type": "LineString", "coordinates": [[-89.889081, 14.2881851], [-89.888687, 14.2881457]]}, "properties": {"osmid": "388947059", "oneway": "True", "lanes": NaN, "ref": NaN, "name": NaN, "highway": "tertiary", "maxspeed": NaN, "length": 42.681, "bridge": NaN, "tunnel": NaN, "access": NaN, "junction": NaN, "width": NaN, "est_width": NaN, "iri": 14.9399995803833}}, {"type": "Feature", "geometry": {"type": "LineString", "coordinates": [[-89.888687, 14.2881457], [-89.8888466, 14.2876757]]}, "properties": {"osmid": "388947052", "oneway": "True", "lanes": NaN, "ref": NaN, "name": NaN, "highway": "tertiary", "maxspeed": NaN, "length": 55.019, "bridge": NaN, "tunnel": NaN, "access": NaN, "junction": NaN, "width": NaN, "est_width": NaN, "iri": 14.9399995803833}}, {"type": "Feature", "geometry": {"type": "LineString", "coordinates": [[-89.8888466, 14.2876757], [-89.8890681, 14.2870903]]}, "properties": {"osmid": "203754175", "oneway": "True", "lanes": NaN, "ref": "RN-23-01A", "name": NaN, "highway": "tertiary", "maxspeed": NaN, "length": 69.331, "bridge": NaN, "tunnel": NaN, "access": NaN, "junction": NaN, "width": NaN, "est_width": NaN, "iri": 14.9399995803833}}, {"type": "Feature", "geometry": {"type": "LineString", "coordinates": [[-89.8890681, 14.2870903], [-89.8893278, 14.2863227]]}, "properties": {"osmid": "203754175", "oneway": "True", "lanes": NaN, "ref": "RN-23-01A", "name": NaN, "highway": "tertiary", "maxspeed": NaN, "length": 89.824, "bridge": NaN, "tunnel": NaN, "access": NaN, "junction": NaN, "width": NaN, "est_width": NaN, "iri": 14.9399995803833}}, {"type": "Feature", "geometry": {"type": "LineString", "coordinates": [[-89.8893278, 14.2863227], [-89.8890382, 14.2861168]]}, "properties": {"osmid": "692097403", "oneway": "False", "lanes": NaN, "ref": "RN-23-01A", "name": NaN, "highway": "tertiary", "maxspeed": NaN, "length": 38.704, "bridge": NaN, "tunnel": NaN, "access": NaN, "junction": NaN, "width": NaN, "est_width": NaN, "iri": 14.9399995803833}}, {"type": "Feature", "geometry": {"type": "LineString", "coordinates": [[-89.8890382, 14.2861168], [-89.8888854, 14.2860034]]}, "properties": {"osmid": "692097403", "oneway": "False", "lanes": NaN, "ref": "RN-23-01A", "name": NaN, "highway": "tertiary", "maxspeed": NaN, "length": 20.739, "bridge": NaN, "tunnel": NaN, "access": NaN, "junction": NaN, "width": NaN, "est_width": NaN, "iri": 14.9399995803833}}, {"type": "Feature", "geometry": {"type": "LineString", "coordinates": [[-89.8888854, 14.2860034], [-89.8887741, 14.2859026]]}, "properties": {"osmid": "692097403", "oneway": "False", "lanes": NaN, "ref": "RN-23-01A", "name": NaN, "highway": "tertiary", "maxspeed": NaN, "length": 16.416, "bridge": NaN, "tunnel": NaN, "access": NaN, "junction": NaN, "width": NaN, "est_width": NaN, "iri": 14.9399995803833}}, {"type": "Feature", "geometry": {"type": "LineString", "coordinates": [[-89.8887741, 14.2859026], [-89.8886789, 14.2857939]]}, "properties": {"osmid": "692097403", "oneway": "False", "lanes": NaN, "ref": "RN-23-01A", "name": NaN, "highway": "tertiary", "maxspeed": NaN, "length": 15.853, "bridge": NaN, "tunnel": NaN, "access": NaN, "junction": NaN, "width": NaN, "est_width": NaN, "iri": 14.9399995803833}}, {"type": "Feature", "geometry": {"type": "LineString", "coordinates": [[-89.8886789, 14.2857939], [-89.8885204, 14.2855786]]}, "properties": {"osmid": "692097403", "oneway": "False", "lanes": NaN, "ref": "RN-23-01A", "name": NaN, "highway": "tertiary", "maxspeed": NaN, "length": 29.408, "bridge": NaN, "tunnel": NaN, "access": NaN, "junction": NaN, "width": NaN, "est_width": NaN, "iri": 14.9399995803833}}, {"type": "Feature", "geometry": {"type": "LineString", "coordinates": [[-89.8885204, 14.2855786], [-89.8883888, 14.2854205]]}, "properties": {"osmid": "692097403", "oneway": "False", "lanes": NaN, "ref": "RN-23-01A", "name": NaN, "highway": "tertiary", "maxspeed": NaN, "length": 22.586, "bridge": NaN, "tunnel": NaN, "access": NaN, "junction": NaN, "width": NaN, "est_width": NaN, "iri": 14.9399995803833}}, {"type": "Feature", "geometry": {"type": "LineString", "coordinates": [[-89.8883888, 14.2854205], [-89.8878482, 14.2848137]]}, "properties": {"osmid": "692097403", "oneway": "False", "lanes": NaN, "ref": "RN-23-01A", "name": NaN, "highway": "tertiary", "maxspeed": NaN, "length": 89.141, "bridge": NaN, "tunnel": NaN, "access": NaN, "junction": NaN, "width": NaN, "est_width": NaN, "iri": 14.9399995803833}}, {"type": "Feature", "geometry": {"type": "LineString", "coordinates": [[-89.8878482, 14.2848137], [-89.8876008, 14.2845275]]}, "properties": {"osmid": "692097403", "oneway": "False", "lanes": NaN, "ref": "RN-23-01A", "name": NaN, "highway": "tertiary", "maxspeed": NaN, "length": 41.515, "bridge": NaN, "tunnel": NaN, "access": NaN, "junction": NaN, "width": NaN, "est_width": NaN, "iri": 14.9399995803833}}, {"type": "Feature", "geometry": {"type": "LineString", "coordinates": [[-89.8876008, 14.2845275], [-89.8875491, 14.2844803]]}, "properties": {"osmid": "692097403", "oneway": "False", "lanes": NaN, "ref": "RN-23-01A", "name": NaN, "highway": "tertiary", "maxspeed": NaN, "length": 7.654, "bridge": NaN, "tunnel": NaN, "access": NaN, "junction": NaN, "width": NaN, "est_width": NaN, "iri": 14.9399995803833}}, {"type": "Feature", "geometry": {"type": "LineString", "coordinates": [[-89.8875491, 14.2844803], [-89.8874843, 14.2844293]]}, "properties": {"osmid": "692097403", "oneway": "False", "lanes": NaN, "ref": "RN-23-01A", "name": NaN, "highway": "tertiary", "maxspeed": NaN, "length": 8.995, "bridge": NaN, "tunnel": NaN, "access": NaN, "junction": NaN, "width": NaN, "est_width": NaN, "iri": 14.9399995803833}}, {"type": "Feature", "geometry": {"type": "LineString", "coordinates": [[-89.8874843, 14.2844293], [-89.8874249, 14.2843862]]}, "properties": {"osmid": "692097403", "oneway": "False", "lanes": NaN, "ref": "RN-23-01A", "name": NaN, "highway": "tertiary", "maxspeed": NaN, "length": 7.996, "bridge": NaN, "tunnel": NaN, "access": NaN, "junction": NaN, "width": NaN, "est_width": NaN, "iri": 14.9399995803833}}, {"type": "Feature", "geometry": {"type": "LineString", "coordinates": [[-89.8874249, 14.2843862], [-89.886314, 14.2837894]]}, "properties": {"osmid": "692097403", "oneway": "False", "lanes": NaN, "ref": "RN-23-01A", "name": NaN, "highway": "tertiary", "maxspeed": NaN, "length": 136.871, "bridge": NaN, "tunnel": NaN, "access": NaN, "junction": NaN, "width": NaN, "est_width": NaN, "iri": 14.9399995803833}}, {"type": "Feature", "geometry": {"type": "LineString", "coordinates": [[-89.886314, 14.2837894], [-89.8859863, 14.2836133]]}, "properties": {"osmid": "692097403", "oneway": "False", "lanes": NaN, "ref": "RN-23-01A", "name": NaN, "highway": "tertiary", "maxspeed": NaN, "length": 40.378, "bridge": NaN, "tunnel": NaN, "access": NaN, "junction": NaN, "width": NaN, "est_width": NaN, "iri": 14.9399995803833}}, {"type": "Feature", "geometry": {"type": "LineString", "coordinates": [[-89.8859863, 14.2836133], [-89.8854985, 14.2833487]]}, "properties": {"osmid": "692097403", "oneway": "False", "lanes": NaN, "ref": "RN-23-01A", "name": NaN, "highway": "tertiary", "maxspeed": NaN, "length": 60.238, "bridge": NaN, "tunnel": NaN, "access": NaN, "junction": NaN, "width": NaN, "est_width": NaN, "iri": 14.9399995803833}}, {"type": "Feature", "geometry": {"type": "LineString", "coordinates": [[-89.8854985, 14.2833487], [-89.8839999, 14.2825359]]}, "properties": {"osmid": "692097403", "oneway": "False", "lanes": NaN, "ref": "RN-23-01A", "name": NaN, "highway": "tertiary", "maxspeed": NaN, "length": 185.057, "bridge": NaN, "tunnel": NaN, "access": NaN, "junction": NaN, "width": NaN, "est_width": NaN, "iri": 14.9399995803833}}, {"type": "Feature", "geometry": {"type": "LineString", "coordinates": [[-89.8839999, 14.2825359], [-89.8834766, 14.2822409]]}, "properties": {"osmid": "692097403", "oneway": "False", "lanes": NaN, "ref": "RN-23-01A", "name": NaN, "highway": "tertiary", "maxspeed": NaN, "length": 65.237, "bridge": NaN, "tunnel": NaN, "access": NaN, "junction": NaN, "width": NaN, "est_width": NaN, "iri": 14.9399995803833}}, {"type": "Feature", "geometry": {"type": "LineString", "coordinates": [[-89.8834766, 14.2822409], [-89.8828113, 14.2819616]]}, "properties": {"osmid": "692097403", "oneway": "False", "lanes": NaN, "ref": "RN-23-01A", "name": NaN, "highway": "tertiary", "maxspeed": NaN, "length": 78.129, "bridge": NaN, "tunnel": NaN, "access": NaN, "junction": NaN, "width": NaN, "est_width": NaN, "iri": 14.9399995803833}}, {"type": "Feature", "geometry": {"type": "LineString", "coordinates": [[-89.8828113, 14.2819616], [-89.8816942, 14.2815015]]}, "properties": {"osmid": "692097403", "oneway": "False", "lanes": NaN, "ref": "RN-23-01A", "name": NaN, "highway": "tertiary", "maxspeed": NaN, "length": 130.798, "bridge": NaN, "tunnel": NaN, "access": NaN, "junction": NaN, "width": NaN, "est_width": NaN, "iri": 14.9399995803833}}, {"type": "Feature", "geometry": {"type": "LineString", "coordinates": [[-89.8816942, 14.2815015], [-89.8804524, 14.2810426]]}, "properties": {"osmid": "205268819", "oneway": "False", "lanes": NaN, "ref": "RN-23-01A", "name": NaN, "highway": "tertiary", "maxspeed": NaN, "length": 143.214, "bridge": NaN, "tunnel": NaN, "access": NaN, "junction": NaN, "width": NaN, "est_width": NaN, "iri": 14.9399995803833}}, {"type": "Feature", "geometry": {"type": "LineString", "coordinates": [[-89.8804524, 14.2810426], [-89.8800811, 14.280891]]}, "properties": {"osmid": "205268819", "oneway": "False", "lanes": NaN, "ref": "RN-23-01A", "name": NaN, "highway": "tertiary", "maxspeed": NaN, "length": 43.417, "bridge": NaN, "tunnel": NaN, "access": NaN, "junction": NaN, "width": NaN, "est_width": NaN, "iri": 14.9399995803833}}, {"type": "Feature", "geometry": {"type": "LineString", "coordinates": [[-89.8800811, 14.280891], [-89.8798782, 14.2808082]]}, "properties": {"osmid": "205268819", "oneway": "False", "lanes": NaN, "ref": "RN-23-01A", "name": NaN, "highway": "tertiary", "maxspeed": NaN, "length": 23.724, "bridge": NaN, "tunnel": NaN, "access": NaN, "junction": NaN, "width": NaN, "est_width": NaN, "iri": 14.9399995803833}}, {"type": "Feature", "geometry": {"type": "LineString", "coordinates": [[-89.8798782, 14.2808082], [-89.8790073, 14.2804528]]}, "properties": {"osmid": "205268819", "oneway": "False", "lanes": NaN, "ref": "RN-23-01A", "name": NaN, "highway": "tertiary", "maxspeed": NaN, "length": 101.829, "bridge": NaN, "tunnel": NaN, "access": NaN, "junction": NaN, "width": NaN, "est_width": NaN, "iri": 14.9399995803833}}, {"type": "Feature", "geometry": {"type": "LineString", "coordinates": [[-89.8790073, 14.2804528], [-89.8776985, 14.2799185]]}, "properties": {"osmid": "205268819", "oneway": "False", "lanes": NaN, "ref": "RN-23-01A", "name": NaN, "highway": "tertiary", "maxspeed": NaN, "length": 153.038, "bridge": NaN, "tunnel": NaN, "access": NaN, "junction": NaN, "width": NaN, "est_width": NaN, "iri": 14.9399995803833}}, {"type": "Feature", "geometry": {"type": "LineString", "coordinates": [[-89.8776985, 14.2799185], [-89.8773917, 14.2797933]]}, "properties": {"osmid": "205268819", "oneway": "False", "lanes": NaN, "ref": "RN-23-01A", "name": NaN, "highway": "tertiary", "maxspeed": NaN, "length": 35.872, "bridge": NaN, "tunnel": NaN, "access": NaN, "junction": NaN, "width": NaN, "est_width": NaN, "iri": 14.9399995803833}}, {"type": "Feature", "geometry": {"type": "LineString", "coordinates": [[-89.8773917, 14.2797933], [-89.8770726, 14.2796759]]}, "properties": {"osmid": "205268819", "oneway": "False", "lanes": NaN, "ref": "RN-23-01A", "name": NaN, "highway": "tertiary", "maxspeed": NaN, "length": 36.781, "bridge": NaN, "tunnel": NaN, "access": NaN, "junction": NaN, "width": NaN, "est_width": NaN, "iri": 14.9399995803833}}, {"type": "Feature", "geometry": {"type": "LineString", "coordinates": [[-89.8770726, 14.2796759], [-89.8760921, 14.279315]]}, "properties": {"osmid": "205268819", "oneway": "False", "lanes": NaN, "ref": "RN-23-01A", "name": NaN, "highway": "tertiary", "maxspeed": NaN, "length": 113.023, "bridge": NaN, "tunnel": NaN, "access": NaN, "junction": NaN, "width": NaN, "est_width": NaN, "iri": 14.9399995803833}}, {"type": "Feature", "geometry": {"type": "LineString", "coordinates": [[-89.8760921, 14.279315], [-89.8757467, 14.2791879]]}, "properties": {"osmid": "205268819", "oneway": "False", "lanes": NaN, "ref": "RN-23-01A", "name": NaN, "highway": "tertiary", "maxspeed": NaN, "length": 39.813, "bridge": NaN, "tunnel": NaN, "access": NaN, "junction": NaN, "width": NaN, "est_width": NaN, "iri": 14.9399995803833}}, {"type": "Feature", "geometry": {"type": "LineString", "coordinates": [[-89.8757467, 14.2791879], [-89.8756965, 14.2791694]]}, "properties": {"osmid": "205268819", "oneway": "False", "lanes": NaN, "ref": "RN-23-01A", "name": NaN, "highway": "tertiary", "maxspeed": NaN, "length": 5.787, "bridge": NaN, "tunnel": NaN, "access": NaN, "junction": NaN, "width": NaN, "est_width": NaN, "iri": 14.9399995803833}}, {"type": "Feature", "geometry": {"type": "LineString", "coordinates": [[-89.8756965, 14.2791694], [-89.8749399, 14.2788542]]}, "properties": {"osmid": "205268819", "oneway": "False", "lanes": NaN, "ref": "RN-23-01A", "name": NaN, "highway": "tertiary", "maxspeed": NaN, "length": 88.745, "bridge": NaN, "tunnel": NaN, "access": NaN, "junction": NaN, "width": NaN, "est_width": NaN, "iri": 14.9399995803833}}, {"type": "Feature", "geometry": {"type": "LineString", "coordinates": [[-89.8749399, 14.2788542], [-89.8733949, 14.2782106]]}, "properties": {"osmid": "205268819", "oneway": "False", "lanes": NaN, "ref": "RN-23-01A", "name": NaN, "highway": "tertiary", "maxspeed": NaN, "length": 181.219, "bridge": NaN, "tunnel": NaN, "access": NaN, "junction": NaN, "width": NaN, "est_width": NaN, "iri": 14.9399995803833}}, {"type": "Feature", "geometry": {"type": "LineString", "coordinates": [[-89.8733949, 14.2782106], [-89.8733255, 14.2781817]]}, "properties": {"osmid": "205268819", "oneway": "False", "lanes": NaN, "ref": "RN-23-01A", "name": NaN, "highway": "tertiary", "maxspeed": NaN, "length": 8.14, "bridge": NaN, "tunnel": NaN, "access": NaN, "junction": NaN, "width": NaN, "est_width": NaN, "iri": 14.9399995803833}}, {"type": "Feature", "geometry": {"type": "LineString", "coordinates": [[-89.8733255, 14.2781817], [-89.8726896, 14.2779315]]}, "properties": {"osmid": "205268819", "oneway": "False", "lanes": NaN, "ref": "RN-23-01A", "name": NaN, "highway": "tertiary", "maxspeed": NaN, "length": 73.957, "bridge": NaN, "tunnel": NaN, "access": NaN, "junction": NaN, "width": NaN, "est_width": NaN, "iri": 14.9399995803833}}, {"type": "Feature", "geometry": {"type": "LineString", "coordinates": [[-89.8726896, 14.2779315], [-89.8719289, 14.277692]]}, "properties": {"osmid": "205268819", "oneway": "False", "lanes": NaN, "ref": "RN-23-01A", "name": NaN, "highway": "tertiary", "maxspeed": NaN, "length": 86.191, "bridge": NaN, "tunnel": NaN, "access": NaN, "junction": NaN, "width": NaN, "est_width": NaN, "iri": 14.9399995803833}}, {"type": "Feature", "geometry": {"type": "LineString", "coordinates": [[-89.8719289, 14.277692], [-89.8718652, 14.2776712]]}, "properties": {"osmid": "205268819", "oneway": "False", "lanes": NaN, "ref": "RN-23-01A", "name": NaN, "highway": "tertiary", "maxspeed": NaN, "length": 7.244, "bridge": NaN, "tunnel": NaN, "access": NaN, "junction": NaN, "width": NaN, "est_width": NaN, "iri": 14.9399995803833}}, {"type": "Feature", "geometry": {"type": "LineString", "coordinates": [[-89.8718652, 14.2776712], [-89.871728, 14.2775923]]}, "properties": {"osmid": "205268819", "oneway": "False", "lanes": NaN, "ref": "RN-23-01A", "name": NaN, "highway": "tertiary", "maxspeed": NaN, "length": 17.192, "bridge": NaN, "tunnel": NaN, "access": NaN, "junction": NaN, "width": NaN, "est_width": NaN, "iri": 14.9399995803833}}, {"type": "Feature", "geometry": {"type": "LineString", "coordinates": [[-89.871728, 14.2775923], [-89.8715981, 14.277485]]}, "properties": {"osmid": "205268819", "oneway": "False", "lanes": NaN, "ref": "RN-23-01A", "name": NaN, "highway": "tertiary", "maxspeed": NaN, "length": 18.393, "bridge": NaN, "tunnel": NaN, "access": NaN, "junction": NaN, "width": NaN, "est_width": NaN, "iri": 14.9399995803833}}, {"type": "Feature", "geometry": {"type": "LineString", "coordinates": [[-89.8715981, 14.277485], [-89.8714785, 14.277348]]}, "properties": {"osmid": "205268819", "oneway": "False", "lanes": NaN, "ref": "RN-23-01A", "name": NaN, "highway": "tertiary", "maxspeed": NaN, "length": 19.954, "bridge": NaN, "tunnel": NaN, "access": NaN, "junction": NaN, "width": NaN, "est_width": NaN, "iri": 14.9399995803833}}, {"type": "Feature", "geometry": {"type": "LineString", "coordinates": [[-89.8714785, 14.277348], [-89.8714064, 14.2772545]]}, "properties": {"osmid": "205268819", "oneway": "False", "lanes": NaN, "ref": "RN-23-01A", "name": NaN, "highway": "tertiary", "maxspeed": NaN, "length": 12.979, "bridge": NaN, "tunnel": NaN, "access": NaN, "junction": NaN, "width": NaN, "est_width": NaN, "iri": 14.9399995803833}}, {"type": "Feature", "geometry": {"type": "LineString", "coordinates": [[-89.8714064, 14.2772545], [-89.871327, 14.2771517]]}, "properties": {"osmid": "205268819", "oneway": "False", "lanes": NaN, "ref": "RN-23-01A", "name": NaN, "highway": "tertiary", "maxspeed": NaN, "length": 14.278, "bridge": NaN, "tunnel": NaN, "access": NaN, "junction": NaN, "width": NaN, "est_width": NaN, "iri": 14.9399995803833}}, {"type": "Feature", "geometry": {"type": "LineString", "coordinates": [[-89.871327, 14.2771517], [-89.8709919, 14.2766273]]}, "properties": {"osmid": "205268819", "oneway": "False", "lanes": NaN, "ref": "RN-23-01A", "name": NaN, "highway": "tertiary", "maxspeed": NaN, "length": 68.587, "bridge": NaN, "tunnel": NaN, "access": NaN, "junction": NaN, "width": NaN, "est_width": NaN, "iri": 14.9399995803833}}, {"type": "Feature", "geometry": {"type": "LineString", "coordinates": [[-89.8709919, 14.2766273], [-89.870753, 14.2763875]]}, "properties": {"osmid": "205268819", "oneway": "False", "lanes": NaN, "ref": "RN-23-01A", "name": NaN, "highway": "tertiary", "maxspeed": NaN, "length": 37.064, "bridge": NaN, "tunnel": NaN, "access": NaN, "junction": NaN, "width": NaN, "est_width": NaN, "iri": 14.9399995803833}}, {"type": "Feature", "geometry": {"type": "LineString", "coordinates": [[-89.870753, 14.2763875], [-89.870455, 14.2760549]]}, "properties": {"osmid": "205268819", "oneway": "False", "lanes": NaN, "ref": "RN-23-01A", "name": NaN, "highway": "tertiary", "maxspeed": NaN, "length": 48.98, "bridge": NaN, "tunnel": NaN, "access": NaN, "junction": NaN, "width": NaN, "est_width": NaN, "iri": 14.9399995803833}}, {"type": "Feature", "geometry": {"type": "LineString", "coordinates": [[-89.870455, 14.2760549], [-89.8698791, 14.275558]]}, "properties": {"osmid": "205268819", "oneway": "False", "lanes": NaN, "ref": "RN-23-01A", "name": NaN, "highway": "tertiary", "maxspeed": NaN, "length": 83.092, "bridge": NaN, "tunnel": NaN, "access": NaN, "junction": NaN, "width": NaN, "est_width": NaN, "iri": 14.9399995803833}}, {"type": "Feature", "geometry": {"type": "LineString", "coordinates": [[-89.8698791, 14.275558], [-89.8697984, 14.2754825]]}, "properties": {"osmid": "205268819", "oneway": "False", "lanes": NaN, "ref": "RN-23-01A", "name": NaN, "highway": "tertiary", "maxspeed": NaN, "length": 12.087, "bridge": NaN, "tunnel": NaN, "access": NaN, "junction": NaN, "width": NaN, "est_width": NaN, "iri": 14.9399995803833}}, {"type": "Feature", "geometry": {"type": "LineString", "coordinates": [[-89.8697984, 14.2754825], [-89.8686533, 14.2744118]]}, "properties": {"osmid": "205268819", "oneway": "False", "lanes": NaN, "ref": "RN-23-01A", "name": NaN, "highway": "tertiary", "maxspeed": NaN, "length": 171.469, "bridge": NaN, "tunnel": NaN, "access": NaN, "junction": NaN, "width": NaN, "est_width": NaN, "iri": 14.9399995803833}}, {"type": "Feature", "geometry": {"type": "LineString", "coordinates": [[-89.8686533, 14.2744118], [-89.8686251, 14.2743855]]}, "properties": {"osmid": "205268819", "oneway": "False", "lanes": NaN, "ref": "RN-23-01A", "name": NaN, "highway": "tertiary", "maxspeed": NaN, "length": 4.217, "bridge": NaN, "tunnel": NaN, "access": NaN, "junction": NaN, "width": NaN, "est_width": NaN, "iri": 14.9399995803833}}, {"type": "Feature", "geometry": {"type": "LineString", "coordinates": [[-89.8686251, 14.2743855], [-89.8680126, 14.2731379]]}, "properties": {"osmid": "205268819", "oneway": "False", "lanes": NaN, "ref": "RN-23-01A", "name": NaN, "highway": "tertiary", "maxspeed": NaN, "length": 153.629, "bridge": NaN, "tunnel": NaN, "access": NaN, "junction": NaN, "width": NaN, "est_width": NaN, "iri": 14.9399995803833}}, {"type": "Feature", "geometry": {"type": "LineString", "coordinates": [[-89.8680126, 14.2731379], [-89.8679921, 14.2730962]]}, "properties": {"osmid": "205268819", "oneway": "False", "lanes": NaN, "ref": "RN-23-01A", "name": NaN, "highway": "tertiary", "maxspeed": NaN, "length": 5.136, "bridge": NaN, "tunnel": NaN, "access": NaN, "junction": NaN, "width": NaN, "est_width": NaN, "iri": 14.9399995803833}}, {"type": "Feature", "geometry": {"type": "LineString", "coordinates": [[-89.8679921, 14.2730962], [-89.8677558, 14.2726281]]}, "properties": {"osmid": "205268819", "oneway": "False", "lanes": NaN, "ref": "RN-23-01A", "name": NaN, "highway": "tertiary", "maxspeed": NaN, "length": 57.945, "bridge": NaN, "tunnel": NaN, "access": NaN, "junction": NaN, "width": NaN, "est_width": NaN, "iri": 14.9399995803833}}, {"type": "Feature", "geometry": {"type": "LineString", "coordinates": [[-89.8677558, 14.2726281], [-89.8677352, 14.2725873]]}, "properties": {"osmid": "205268819", "oneway": "False", "lanes": NaN, "ref": "RN-23-01A", "name": NaN, "highway": "tertiary", "maxspeed": NaN, "length": 5.051, "bridge": NaN, "tunnel": NaN, "access": NaN, "junction": NaN, "width": NaN, "est_width": NaN, "iri": 14.9399995803833}}, {"type": "Feature", "geometry": {"type": "LineString", "coordinates": [[-89.8677352, 14.2725873], [-89.8669836, 14.2711207]]}, "properties": {"osmid": "205268819", "oneway": "False", "lanes": NaN, "ref": "RN-23-01A", "name": NaN, "highway": "tertiary", "maxspeed": NaN, "length": 182.085, "bridge": NaN, "tunnel": NaN, "access": NaN, "junction": NaN, "width": NaN, "est_width": NaN, "iri": 14.9399995803833}}, {"type": "Feature", "geometry": {"type": "LineString", "coordinates": [[-89.8669836, 14.2711207], [-89.866673, 14.2707365]]}, "properties": {"osmid": "205268819", "oneway": "False", "lanes": NaN, "ref": "RN-23-01A", "name": NaN, "highway": "tertiary", "maxspeed": NaN, "length": 54.272, "bridge": NaN, "tunnel": NaN, "access": NaN, "junction": NaN, "width": NaN, "est_width": NaN, "iri": 14.9399995803833}}, {"type": "Feature", "geometry": {"type": "LineString", "coordinates": [[-89.866673, 14.2707365], [-89.8658791, 14.2702686]]}, "properties": {"osmid": "205268819", "oneway": "False", "lanes": NaN, "ref": "RN-23-01A", "name": NaN, "highway": "tertiary", "maxspeed": NaN, "length": 100.132, "bridge": NaN, "tunnel": NaN, "access": NaN, "junction": NaN, "width": NaN, "est_width": NaN, "iri": 14.9399995803833}}, {"type": "Feature", "geometry": {"type": "LineString", "coordinates": [[-89.8658791, 14.2702686], [-89.8645702, 14.2703414]]}, "properties": {"osmid": "205268819", "oneway": "False", "lanes": NaN, "ref": "RN-23-01A", "name": NaN, "highway": "tertiary", "maxspeed": NaN, "length": 141.284, "bridge": NaN, "tunnel": NaN, "access": NaN, "junction": NaN, "width": NaN, "est_width": NaN, "iri": 14.9399995803833}}, {"type": "Feature", "geometry": {"type": "LineString", "coordinates": [[-89.8645702, 14.2703414], [-89.8636832, 14.2703052]]}, "properties": {"osmid": "205268819", "oneway": "False", "lanes": NaN, "ref": "RN-23-01A", "name": NaN, "highway": "tertiary", "maxspeed": NaN, "length": 95.671, "bridge": NaN, "tunnel": NaN, "access": NaN, "junction": NaN, "width": NaN, "est_width": NaN, "iri": 14.9399995803833}}, {"type": "Feature", "geometry": {"type": "LineString", "coordinates": [[-89.8636832, 14.2703052], [-89.8635998, 14.2702875]]}, "properties": {"osmid": "205268819", "oneway": "False", "lanes": NaN, "ref": "RN-23-01A", "name": NaN, "highway": "tertiary", "maxspeed": NaN, "length": 9.2, "bridge": NaN, "tunnel": NaN, "access": NaN, "junction": NaN, "width": NaN, "est_width": NaN, "iri": 14.9399995803833}}, {"type": "Feature", "geometry": {"type": "LineString", "coordinates": [[-89.8635998, 14.2702875], [-89.8635306, 14.2702579]]}, "properties": {"osmid": "205268819", "oneway": "False", "lanes": NaN, "ref": "RN-23-01A", "name": NaN, "highway": "tertiary", "maxspeed": NaN, "length": 8.151, "bridge": NaN, "tunnel": NaN, "access": NaN, "junction": NaN, "width": NaN, "est_width": NaN, "iri": 14.9399995803833}}, {"type": "Feature", "geometry": {"type": "LineString", "coordinates": [[-89.8635306, 14.2702579], [-89.8634572, 14.2701313]]}, "properties": {"osmid": "692097405", "oneway": "False", "lanes": NaN, "ref": "RN-23-01A", "name": NaN, "highway": "tertiary", "maxspeed": NaN, "length": 16.147, "bridge": NaN, "tunnel": NaN, "access": NaN, "junction": NaN, "width": NaN, "est_width": NaN, "iri": 14.9399995803833}}, {"type": "Feature", "geometry": {"type": "LineString", "coordinates": [[-89.8634572, 14.2701313], [-89.8633797, 14.2699831]]}, "properties": {"osmid": "692097405", "oneway": "False", "lanes": NaN, "ref": "RN-23-01A", "name": NaN, "highway": "tertiary", "maxspeed": NaN, "length": 18.475, "bridge": NaN, "tunnel": NaN, "access": NaN, "junction": NaN, "width": NaN, "est_width": NaN, "iri": 14.9399995803833}}, {"type": "Feature", "geometry": {"type": "LineString", "coordinates": [[-89.8633797, 14.2699831], [-89.8630621, 14.269468]]}, "properties": {"osmid": "692097405", "oneway": "False", "lanes": NaN, "ref": "RN-23-01A", "name": NaN, "highway": "tertiary", "maxspeed": NaN, "length": 66.723, "bridge": NaN, "tunnel": NaN, "access": NaN, "junction": NaN, "width": NaN, "est_width": NaN, "iri": 14.9399995803833}}, {"type": "Feature", "geometry": {"type": "LineString", "coordinates": [[-89.8630621, 14.269468], [-89.8627506, 14.2686784]]}, "properties": {"osmid": "227492727", "oneway": "False", "lanes": NaN, "ref": "RN-23-01A", "name": NaN, "highway": "tertiary", "maxspeed": NaN, "length": 93.998, "bridge": NaN, "tunnel": NaN, "access": NaN, "junction": NaN, "width": NaN, "est_width": NaN, "iri": 14.9399995803833}}, {"type": "Feature", "geometry": {"type": "LineString", "coordinates": [[-89.8627506, 14.2686784], [-89.8627613, 14.2680753]]}, "properties": {"osmid": "227492727", "oneway": "False", "lanes": NaN, "ref": "RN-23-01A", "name": NaN, "highway": "tertiary", "maxspeed": NaN, "length": 67.072, "bridge": NaN, "tunnel": NaN, "access": NaN, "junction": NaN, "width": NaN, "est_width": NaN, "iri": 14.9399995803833}}, {"type": "Feature", "geometry": {"type": "LineString", "coordinates": [[-89.8627613, 14.2680753], [-89.8625001, 14.2675492]]}, "properties": {"osmid": "227492727", "oneway": "False", "lanes": NaN, "ref": "RN-23-01A", "name": NaN, "highway": "tertiary", "maxspeed": NaN, "length": 64.92, "bridge": NaN, "tunnel": NaN, "access": NaN, "junction": NaN, "width": NaN, "est_width": NaN, "iri": 14.9399995803833}}, {"type": "Feature", "geometry": {"type": "LineString", "coordinates": [[-89.8625001, 14.2675492], [-89.8623135, 14.2671949]]}, "properties": {"osmid": "227492727", "oneway": "False", "lanes": NaN, "ref": "RN-23-01A", "name": NaN, "highway": "tertiary", "maxspeed": NaN, "length": 44.232, "bridge": NaN, "tunnel": NaN, "access": NaN, "junction": NaN, "width": NaN, "est_width": NaN, "iri": 14.9399995803833}}, {"type": "Feature", "geometry": {"type": "LineString", "coordinates": [[-89.8623135, 14.2671949], [-89.862132, 14.2666705]]}, "properties": {"osmid": "227492727", "oneway": "False", "lanes": NaN, "ref": "RN-23-01A", "name": NaN, "highway": "tertiary", "maxspeed": NaN, "length": 61.504, "bridge": NaN, "tunnel": NaN, "access": NaN, "junction": NaN, "width": NaN, "est_width": NaN, "iri": 14.9399995803833}}, {"type": "Feature", "geometry": {"type": "LineString", "coordinates": [[-89.862132, 14.2666705], [-89.8621496, 14.2665871]]}, "properties": {"osmid": "227492727", "oneway": "False", "lanes": NaN, "ref": "RN-23-01A", "name": NaN, "highway": "tertiary", "maxspeed": NaN, "length": 9.466, "bridge": NaN, "tunnel": NaN, "access": NaN, "junction": NaN, "width": NaN, "est_width": NaN, "iri": 14.9399995803833}}, {"type": "Feature", "geometry": {"type": "LineString", "coordinates": [[-89.8621496, 14.2665871], [-89.8621927, 14.2663831]]}, "properties": {"osmid": "227492727", "oneway": "False", "lanes": NaN, "ref": "RN-23-01A", "name": NaN, "highway": "tertiary", "maxspeed": NaN, "length": 23.154, "bridge": NaN, "tunnel": NaN, "access": NaN, "junction": NaN, "width": NaN, "est_width": NaN, "iri": 14.9399995803833}}, {"type": "Feature", "geometry": {"type": "LineString", "coordinates": [[-89.8621927, 14.2663831], [-89.8621861, 14.2661493]]}, "properties": {"osmid": "227492727", "oneway": "False", "lanes": NaN, "ref": "RN-23-01A", "name": NaN, "highway": "tertiary", "maxspeed": NaN, "length": 26.007, "bridge": NaN, "tunnel": NaN, "access": NaN, "junction": NaN, "width": NaN, "est_width": NaN, "iri": 14.9399995803833}}, {"type": "Feature", "geometry": {"type": "LineString", "coordinates": [[-89.8621861, 14.2661493], [-89.8620067, 14.2657752]]}, "properties": {"osmid": "227492727", "oneway": "False", "lanes": NaN, "ref": "RN-23-01A", "name": NaN, "highway": "tertiary", "maxspeed": NaN, "length": 45.871, "bridge": NaN, "tunnel": NaN, "access": NaN, "junction": NaN, "width": NaN, "est_width": NaN, "iri": 14.9399995803833}}, {"type": "Feature", "geometry": {"type": "LineString", "coordinates": [[-89.8620067, 14.2657752], [-89.8619398, 14.2656059]]}, "properties": {"osmid": "227492727", "oneway": "False", "lanes": NaN, "ref": "RN-23-01A", "name": NaN, "highway": "tertiary", "maxspeed": NaN, "length": 20.159, "bridge": NaN, "tunnel": NaN, "access": NaN, "junction": NaN, "width": NaN, "est_width": NaN, "iri": 14.9399995803833}}, {"type": "Feature", "geometry": {"type": "LineString", "coordinates": [[-89.8619398, 14.2656059], [-89.8618019, 14.2647992]]}, "properties": {"osmid": "227492727", "oneway": "False", "lanes": NaN, "ref": "RN-23-01A", "name": NaN, "highway": "tertiary", "maxspeed": NaN, "length": 90.924, "bridge": NaN, "tunnel": NaN, "access": NaN, "junction": NaN, "width": NaN, "est_width": NaN, "iri": 14.9399995803833}}, {"type": "Feature", "geometry": {"type": "LineString", "coordinates": [[-89.8618019, 14.2647992], [-89.8617268, 14.2643053]]}, "properties": {"osmid": "227492727", "oneway": "False", "lanes": NaN, "ref": "RN-23-01A", "name": NaN, "highway": "tertiary", "maxspeed": NaN, "length": 55.512, "bridge": NaN, "tunnel": NaN, "access": NaN, "junction": NaN, "width": NaN, "est_width": NaN, "iri": 14.9399995803833}}, {"type": "Feature", "geometry": {"type": "LineString", "coordinates": [[-89.8617268, 14.2643053], [-89.8618172, 14.2638278]]}, "properties": {"osmid": "227492727", "oneway": "False", "lanes": NaN, "ref": "RN-23-01A", "name": NaN, "highway": "tertiary", "maxspeed": NaN, "length": 53.982, "bridge": NaN, "tunnel": NaN, "access": NaN, "junction": NaN, "width": NaN, "est_width": NaN, "iri": 14.9399995803833}}, {"type": "Feature", "geometry": {"type": "LineString", "coordinates": [[-89.8618172, 14.2638278], [-89.8615329, 14.2630645]]}, "properties": {"osmid": "227492727", "oneway": "False", "lanes": NaN, "ref": "RN-23-01A", "name": NaN, "highway": "tertiary", "maxspeed": NaN, "length": 90.236, "bridge": NaN, "tunnel": NaN, "access": NaN, "junction": NaN, "width": NaN, "est_width": NaN, "iri": 14.9399995803833}}, {"type": "Feature", "geometry": {"type": "LineString", "coordinates": [[-89.8615329, 14.2630645], [-89.8611429, 14.2630755]]}, "properties": {"osmid": "692097406", "oneway": "False", "lanes": NaN, "ref": "RN-23-01B", "name": NaN, "highway": "secondary", "maxspeed": NaN, "length": 42.047, "bridge": NaN, "tunnel": NaN, "access": NaN, "junction": NaN, "width": NaN, "est_width": NaN, "iri": 14.9399995803833}}, {"type": "Feature", "geometry": {"type": "LineString", "coordinates": [[-89.8611429, 14.2630755], [-89.8605405, 14.2630191]]}, "properties": {"osmid": "692097406", "oneway": "False", "lanes": NaN, "ref": "RN-23-01B", "name": NaN, "highway": "secondary", "maxspeed": NaN, "length": 65.221, "bridge": NaN, "tunnel": NaN, "access": NaN, "junction": NaN, "width": NaN, "est_width": NaN, "iri": 14.9399995803833}}, {"type": "Feature", "geometry": {"type": "LineString", "coordinates": [[-89.8605405, 14.2630191], [-89.8597766, 14.2630149]]}, "properties": {"osmid": "692097406", "oneway": "False", "lanes": NaN, "ref": "RN-23-01B", "name": NaN, "highway": "secondary", "maxspeed": NaN, "length": 82.325, "bridge": NaN, "tunnel": NaN, "access": NaN, "junction": NaN, "width": NaN, "est_width": NaN, "iri": 14.9399995803833}}, {"type": "Feature", "geometry": {"type": "LineString", "coordinates": [[-89.8597766, 14.2630149], [-89.8592173, 14.2630292]]}, "properties": {"osmid": "692097406", "oneway": "False", "lanes": NaN, "ref": "RN-23-01B", "name": NaN, "highway": "secondary", "maxspeed": NaN, "length": 60.295, "bridge": NaN, "tunnel": NaN, "access": NaN, "junction": NaN, "width": NaN, "est_width": NaN, "iri": 14.9399995803833}}, {"type": "Feature", "geometry": {"type": "LineString", "coordinates": [[-89.8592173, 14.2630292], [-89.8588695, 14.2630401]]}, "properties": {"osmid": "692097406", "oneway": "False", "lanes": NaN, "ref": "RN-23-01B", "name": NaN, "highway": "secondary", "maxspeed": NaN, "length": 37.501, "bridge": NaN, "tunnel": NaN, "access": NaN, "junction": NaN, "width": NaN, "est_width": NaN, "iri": 14.9399995803833}}, {"type": "Feature", "geometry": {"type": "LineString", "coordinates": [[-89.8588695, 14.2630401], [-89.8584808, 14.2629502]]}, "properties": {"osmid": "692097406", "oneway": "False", "lanes": NaN, "ref": "RN-23-01B", "name": NaN, "highway": "secondary", "maxspeed": NaN, "length": 43.065, "bridge": NaN, "tunnel": NaN, "access": NaN, "junction": NaN, "width": NaN, "est_width": NaN, "iri": 14.9399995803833}}, {"type": "Feature", "geometry": {"type": "LineString", "coordinates": [[-89.8584808, 14.2629502], [-89.8580104, 14.2627619]]}, "properties": {"osmid": "692097406", "oneway": "False", "lanes": NaN, "ref": "RN-23-01B", "name": NaN, "highway": "secondary", "maxspeed": NaN, "length": 54.848, "bridge": NaN, "tunnel": NaN, "access": NaN, "junction": NaN, "width": NaN, "est_width": NaN, "iri": 14.9399995803833}}, {"type": "Feature", "geometry": {"type": "LineString", "coordinates": [[-89.8580104, 14.2627619], [-89.8577936, 14.262602]]}, "properties": {"osmid": "692097406", "oneway": "False", "lanes": NaN, "ref": "RN-23-01B", "name": NaN, "highway": "secondary", "maxspeed": NaN, "length": 29.36, "bridge": NaN, "tunnel": NaN, "access": NaN, "junction": NaN, "width": NaN, "est_width": NaN, "iri": 14.9399995803833}}, {"type": "Feature", "geometry": {"type": "LineString", "coordinates": [[-89.8577936, 14.262602], [-89.8576916, 14.2623524]]}, "properties": {"osmid": "692097406", "oneway": "False", "lanes": NaN, "ref": "RN-23-01B", "name": NaN, "highway": "secondary", "maxspeed": NaN, "length": 29.852, "bridge": NaN, "tunnel": NaN, "access": NaN, "junction": NaN, "width": NaN, "est_width": NaN, "iri": 14.9399995803833}}, {"type": "Feature", "geometry": {"type": "LineString", "coordinates": [[-89.8576916, 14.2623524], [-89.8575039, 14.2617961]]}, "properties": {"osmid": "692097406", "oneway": "False", "lanes": NaN, "ref": "RN-23-01B", "name": NaN, "highway": "secondary", "maxspeed": NaN, "length": 65.081, "bridge": NaN, "tunnel": NaN, "access": NaN, "junction": NaN, "width": NaN, "est_width": NaN, "iri": 14.9399995803833}}, {"type": "Feature", "geometry": {"type": "LineString", "coordinates": [[-89.8575039, 14.2617961], [-89.8571767, 14.261271]]}, "properties": {"osmid": "692097406", "oneway": "False", "lanes": NaN, "ref": "RN-23-01B", "name": NaN, "highway": "secondary", "maxspeed": NaN, "length": 68.21, "bridge": NaN, "tunnel": NaN, "access": NaN, "junction": NaN, "width": NaN, "est_width": NaN, "iri": 14.9399995803833}}, {"type": "Feature", "geometry": {"type": "LineString", "coordinates": [[-89.8571767, 14.261271], [-89.8570517, 14.2605965]]}, "properties": {"osmid": "692097406", "oneway": "False", "lanes": NaN, "ref": "RN-23-01B", "name": NaN, "highway": "secondary", "maxspeed": NaN, "length": 76.201, "bridge": NaN, "tunnel": NaN, "access": NaN, "junction": NaN, "width": NaN, "est_width": NaN, "iri": 14.9399995803833}}, {"type": "Feature", "geometry": {"type": "LineString", "coordinates": [[-89.8570517, 14.2605965], [-89.8568583, 14.2602446]]}, "properties": {"osmid": "692097406", "oneway": "False", "lanes": NaN, "ref": "RN-23-01B", "name": NaN, "highway": "secondary", "maxspeed": NaN, "length": 44.334, "bridge": NaN, "tunnel": NaN, "access": NaN, "junction": NaN, "width": NaN, "est_width": NaN, "iri": 14.9399995803833}}, {"type": "Feature", "geometry": {"type": "LineString", "coordinates": [[-89.8568583, 14.2602446], [-89.8561842, 14.2594617]]}, "properties": {"osmid": "692097406", "oneway": "False", "lanes": NaN, "ref": "RN-23-01B", "name": NaN, "highway": "secondary", "maxspeed": NaN, "length": 113.385, "bridge": NaN, "tunnel": NaN, "access": NaN, "junction": NaN, "width": NaN, "est_width": NaN, "iri": 14.9399995803833}}, {"type": "Feature", "geometry": {"type": "LineString", "coordinates": [[-89.8561842, 14.2594617], [-89.8552144, 14.259093]]}, "properties": {"osmid": "692097406", "oneway": "False", "lanes": NaN, "ref": "RN-23-01B", "name": NaN, "highway": "secondary", "maxspeed": NaN, "length": 112.268, "bridge": NaN, "tunnel": NaN, "access": NaN, "junction": NaN, "width": NaN, "est_width": NaN, "iri": 14.9399995803833}}, {"type": "Feature", "geometry": {"type": "LineString", "coordinates": [[-89.8552144, 14.259093], [-89.8542745, 14.2585935]]}, "properties": {"osmid": "692097406", "oneway": "False", "lanes": NaN, "ref": "RN-23-01B", "name": NaN, "highway": "secondary", "maxspeed": NaN, "length": 115.521, "bridge": NaN, "tunnel": NaN, "access": NaN, "junction": NaN, "width": NaN, "est_width": NaN, "iri": 14.9399995803833}}, {"type": "Feature", "geometry": {"type": "LineString", "coordinates": [[-89.8542745, 14.2585935], [-89.8536683, 14.2582763]]}, "properties": {"osmid": "692097406", "oneway": "False", "lanes": NaN, "ref": "RN-23-01B", "name": NaN, "highway": "secondary", "maxspeed": NaN, "length": 74.243, "bridge": NaN, "tunnel": NaN, "access": NaN, "junction": NaN, "width": NaN, "est_width": NaN, "iri": 14.9399995803833}}, {"type": "Feature", "geometry": {"type": "LineString", "coordinates": [[-89.8536683, 14.2582763], [-89.8523594, 14.2572833]]}, "properties": {"osmid": "692097406", "oneway": "False", "lanes": NaN, "ref": "RN-23-01B", "name": NaN, "highway": "secondary", "maxspeed": NaN, "length": 179.136, "bridge": NaN, "tunnel": NaN, "access": NaN, "junction": NaN, "width": NaN, "est_width": NaN, "iri": 14.9399995803833}}, {"type": "Feature", "geometry": {"type": "LineString", "coordinates": [[-89.8523594, 14.2572833], [-89.8519249, 14.2568674]]}, "properties": {"osmid": "692097406", "oneway": "False", "lanes": NaN, "ref": "RN-23-01B", "name": NaN, "highway": "secondary", "maxspeed": NaN, "length": 65.813, "bridge": NaN, "tunnel": NaN, "access": NaN, "junction": NaN, "width": NaN, "est_width": NaN, "iri": 14.9399995803833}}, {"type": "Feature", "geometry": {"type": "LineString", "coordinates": [[-89.8519249, 14.2568674], [-89.8503102, 14.2557963]]}, "properties": {"osmid": "692097406", "oneway": "False", "lanes": NaN, "ref": "RN-23-01B", "name": NaN, "highway": "secondary", "maxspeed": NaN, "length": 210.872, "bridge": NaN, "tunnel": NaN, "access": NaN, "junction": NaN, "width": NaN, "est_width": NaN, "iri": 14.9399995803833}}, {"type": "Feature", "geometry": {"type": "LineString", "coordinates": [[-89.8503102, 14.2557963], [-89.849454, 14.2552751]]}, "properties": {"osmid": "692097406", "oneway": "False", "lanes": NaN, "ref": "RN-23-01B", "name": NaN, "highway": "secondary", "maxspeed": NaN, "length": 108.964, "bridge": NaN, "tunnel": NaN, "access": NaN, "junction": NaN, "width": NaN, "est_width": NaN, "iri": 14.9399995803833}}, {"type": "Feature", "geometry": {"type": "LineString", "coordinates": [[-89.849454, 14.2552751], [-89.8480786, 14.2546369]]}, "properties": {"osmid": "692097406", "oneway": "False", "lanes": NaN, "ref": "RN-23-01B", "name": NaN, "highway": "secondary", "maxspeed": NaN, "length": 164.34, "bridge": NaN, "tunnel": NaN, "access": NaN, "junction": NaN, "width": NaN, "est_width": NaN, "iri": 14.9399995803833}}, {"type": "Feature", "geometry": {"type": "LineString", "coordinates": [[-89.8480786, 14.2546369], [-89.8471404, 14.2542525]]}, "properties": {"osmid": "692097406", "oneway": "False", "lanes": NaN, "ref": "RN-23-01B", "name": NaN, "highway": "secondary", "maxspeed": NaN, "length": 109.775, "bridge": NaN, "tunnel": NaN, "access": NaN, "junction": NaN, "width": NaN, "est_width": NaN, "iri": 14.9399995803833}}, {"type": "Feature", "geometry": {"type": "LineString", "coordinates": [[-89.8471404, 14.2542525], [-89.8462743, 14.2538378]]}, "properties": {"osmid": "692097406", "oneway": "False", "lanes": NaN, "ref": "RN-23-01B", "name": NaN, "highway": "secondary", "maxspeed": NaN, "length": 104.11, "bridge": NaN, "tunnel": NaN, "access": NaN, "junction": NaN, "width": NaN, "est_width": NaN, "iri": 14.9399995803833}}]}