{"type": "FeatureCollection", "features": [{"type": "Feature", "geometry": {"type": "LineString", "coordinates": [[-89.8020781, 15.809284], [-89.8019341, 15.8095636]]}, "properties": {"osmid": "467941127", "oneway": "False", "lanes": "2", "ref": "RD AV-10", "name": NaN, "highway": "secondary", "maxspeed": NaN, "length": 34.698, "bridge": NaN, "tunnel": NaN, "access": NaN, "junction": NaN, "width": NaN, "est_width": NaN, "iri": 9.89999961853027}}, {"type": "Feature", "geometry": {"type": "LineString", "coordinates": [[-89.8019341, 15.8095636], [-89.8016919, 15.8098853]]}, "properties": {"osmid": "467941127", "oneway": "False", "lanes": "2", "ref": "RD AV-10", "name": NaN, "highway": "secondary", "maxspeed": NaN, "length": 44.171, "bridge": NaN, "tunnel": NaN, "access": NaN, "junction": NaN, "width": NaN, "est_width": NaN, "iri": 9.89999961853027}}, {"type": "Feature", "geometry": {"type": "LineString", "coordinates": [[-89.8016919, 15.8098853], [-89.801352, 15.8102111]]}, "properties": {"osmid": "467941127", "oneway": "False", "lanes": "2", "ref": "RD AV-10", "name": NaN, "highway": "secondary", "maxspeed": NaN, "length": 51.331, "bridge": NaN, "tunnel": NaN, "access": NaN, "junction": NaN, "width": NaN, "est_width": NaN, "iri": 9.89999961853027}}, {"type": "Feature", "geometry": {"type": "LineString", "coordinates": [[-89.801352, 15.8102111], [-89.7980343, 15.8130888]]}, "properties": {"osmid": "467941127", "oneway": "False", "lanes": "2", "ref": "RD AV-10", "name": NaN, "highway": "secondary", "maxspeed": NaN, "length": 477.894, "bridge": NaN, "tunnel": NaN, "access": NaN, "junction": NaN, "width": NaN, "est_width": NaN, "iri": 9.89999961853027}}, {"type": "Feature", "geometry": {"type": "LineString", "coordinates": [[-89.7980343, 15.8130888], [-89.7940292, 15.8165499]]}, "properties": {"osmid": "467941127", "oneway": "False", "lanes": "2", "ref": "RD AV-10", "name": NaN, "highway": "secondary", "maxspeed": NaN, "length": 575.95, "bridge": NaN, "tunnel": NaN, "access": NaN, "junction": NaN, "width": NaN, "est_width": NaN, "iri": 9.89999961853027}}, {"type": "Feature", "geometry": {"type": "LineString", "coordinates": [[-89.7940292, 15.8165499], [-89.7916851, 15.8185962]]}, "properties": {"osmid": "467941127", "oneway": "False", "lanes": "2", "ref": "RD AV-10", "name": NaN, "highway": "secondary", "maxspeed": NaN, "length": 338.623, "bridge": NaN, "tunnel": NaN, "access": NaN, "junction": NaN, "width": NaN, "est_width": NaN, "iri": 9.89999961853027}}, {"type": "Feature", "geometry": {"type": "LineString", "coordinates": [[-89.7916851, 15.8185962], [-89.7911757, 15.8189906]]}, "properties": {"osmid": "467941127", "oneway": "False", "lanes": "2", "ref": "RD AV-10", "name": NaN, "highway": "secondary", "maxspeed": NaN, "length": 69.952, "bridge": NaN, "tunnel": NaN, "access": NaN, "junction": NaN, "width": NaN, "est_width": NaN, "iri": 9.89999961853027}}, {"type": "Feature", "geometry": {"type": "LineString", "coordinates": [[-89.7911757, 15.8189906], [-89.7910166, 15.8191138]]}, "properties": {"osmid": "467941127", "oneway": "False", "lanes": "2", "ref": "RD AV-10", "name": NaN, "highway": "secondary", "maxspeed": NaN, "length": 21.849, "bridge": NaN, "tunnel": NaN, "access": NaN, "junction": NaN, "width": NaN, "est_width": NaN, "iri": 9.89999961853027}}, {"type": "Feature", "geometry": {"type": "LineString", "coordinates": [[-89.7910166, 15.8191138], [-89.7905875, 15.8193306]]}, "properties": {"osmid": "467941127", "oneway": "False", "lanes": "2", "ref": "RD AV-10", "name": NaN, "highway": "secondary", "maxspeed": NaN, "length": 51.852, "bridge": NaN, "tunnel": NaN, "access": NaN, "junction": NaN, "width": NaN, "est_width": NaN, "iri": 9.89999961853027}}, {"type": "Feature", "geometry": {"type": "LineString", "coordinates": [[-89.7905875, 15.8193306], [-89.790127, 15.8194527]]}, "properties": {"osmid": "467941127", "oneway": "False", "lanes": "2", "ref": "RD AV-10", "name": NaN, "highway": "secondary", "maxspeed": NaN, "length": 51.103, "bridge": NaN, "tunnel": NaN, "access": NaN, "junction": NaN, "width": NaN, "est_width": NaN, "iri": 9.89999961853027}}, {"type": "Feature", "geometry": {"type": "LineString", "coordinates": [[-89.790127, 15.8194527], [-89.7894345, 15.8195347]]}, "properties": {"osmid": "467941127", "oneway": "False", "lanes": "2", "ref": "RD AV-10", "name": NaN, "highway": "secondary", "maxspeed": NaN, "length": 74.645, "bridge": NaN, "tunnel": NaN, "access": NaN, "junction": NaN, "width": NaN, "est_width": NaN, "iri": 9.89999961853027}}, {"type": "Feature", "geometry": {"type": "LineString", "coordinates": [[-89.7894345, 15.8195347], [-89.7869346, 15.8196487]]}, "properties": {"osmid": "467941127", "oneway": "False", "lanes": "2", "ref": "RD AV-10", "name": NaN, "highway": "secondary", "maxspeed": NaN, "length": 267.748, "bridge": NaN, "tunnel": NaN, "access": NaN, "junction": NaN, "width": NaN, "est_width": NaN, "iri": 9.89999961853027}}, {"type": "Feature", "geometry": {"type": "LineString", "coordinates": [[-89.7869346, 15.8196487], [-89.780123, 15.819996]]}, "properties": {"osmid": "467941127", "oneway": "False", "lanes": "2", "ref": "RD AV-10", "name": NaN, "highway": "secondary", "maxspeed": NaN, "length": 729.751, "bridge": NaN, "tunnel": NaN, "access": NaN, "junction": NaN, "width": NaN, "est_width": NaN, "iri": 9.89999961853027}}, {"type": "Feature", "geometry": {"type": "LineString", "coordinates": [[-89.780123, 15.819996], [-89.7752365, 15.8201753]]}, "properties": {"osmid": "467941127", "oneway": "False", "lanes": "2", "ref": "RD AV-10", "name": NaN, "highway": "secondary", "maxspeed": NaN, "length": 523.154, "bridge": NaN, "tunnel": NaN, "access": NaN, "junction": NaN, "width": NaN, "est_width": NaN, "iri": 9.89999961853027}}, {"type": "Feature", "geometry": {"type": "LineString", "coordinates": [[-89.7752365, 15.8201753], [-89.7750589, 15.8201818]]}, "properties": {"osmid": "467941127", "oneway": "False", "lanes": "2", "ref": "RD AV-10", "name": NaN, "highway": "secondary", "maxspeed": NaN, "length": 19.014, "bridge": NaN, "tunnel": NaN, "access": NaN, "junction": NaN, "width": NaN, "est_width": NaN, "iri": 9.89999961853027}}, {"type": "Feature", "geometry": {"type": "LineString", "coordinates": [[-89.7750589, 15.8201818], [-89.7739002, 15.8202541]]}, "properties": {"osmid": "467941127", "oneway": "False", "lanes": "2", "ref": "RD AV-10", "name": NaN, "highway": "secondary", "maxspeed": NaN, "length": 124.222, "bridge": NaN, "tunnel": NaN, "access": NaN, "junction": NaN, "width": NaN, "est_width": NaN, "iri": 9.89999961853027}}, {"type": "Feature", "geometry": {"type": "LineString", "coordinates": [[-89.7739002, 15.8202541], [-89.7732704, 15.8201425]]}, "properties": {"osmid": "467941127", "oneway": "False", "lanes": "2", "ref": "RD AV-10", "name": NaN, "highway": "secondary", "maxspeed": NaN, "length": 68.511, "bridge": NaN, "tunnel": NaN, "access": NaN, "junction": NaN, "width": NaN, "est_width": NaN, "iri": 9.89999961853027}}, {"type": "Feature", "geometry": {"type": "LineString", "coordinates": [[-89.7732704, 15.8201425], [-89.7730848, 15.8201096]]}, "properties": {"osmid": "467941127", "oneway": "False", "lanes": "2", "ref": "RD AV-10", "name": NaN, "highway": "secondary", "maxspeed": NaN, "length": 20.19, "bridge": NaN, "tunnel": NaN, "access": NaN, "junction": NaN, "width": NaN, "est_width": NaN, "iri": 9.89999961853027}}, {"type": "Feature", "geometry": {"type": "LineString", "coordinates": [[-89.7730848, 15.8201096], [-89.7722695, 15.8198928]]}, "properties": {"osmid": "467941127", "oneway": "False", "lanes": "2", "ref": "RD AV-10", "name": NaN, "highway": "secondary", "maxspeed": NaN, "length": 90.494, "bridge": NaN, "tunnel": NaN, "access": NaN, "junction": NaN, "width": NaN, "est_width": NaN, "iri": 9.89999961853027}}, {"type": "Feature", "geometry": {"type": "LineString", "coordinates": [[-89.7722695, 15.8198928], [-89.7718703, 15.8199181]]}, "properties": {"osmid": "467941127", "oneway": "False", "lanes": "2", "ref": "RD AV-10", "name": NaN, "highway": "secondary", "maxspeed": NaN, "length": 42.8, "bridge": NaN, "tunnel": NaN, "access": NaN, "junction": NaN, "width": NaN, "est_width": NaN, "iri": 9.89999961853027}}, {"type": "Feature", "geometry": {"type": "LineString", "coordinates": [[-89.7718703, 15.8199181], [-89.7709331, 15.8204334]]}, "properties": {"osmid": "467941127", "oneway": "False", "lanes": "2", "ref": "RD AV-10", "name": NaN, "highway": "secondary", "maxspeed": NaN, "length": 115.482, "bridge": NaN, "tunnel": NaN, "access": NaN, "junction": NaN, "width": NaN, "est_width": NaN, "iri": 9.89999961853027}}, {"type": "Feature", "geometry": {"type": "LineString", "coordinates": [[-89.7709331, 15.8204334], [-89.7693673, 15.8214747]]}, "properties": {"osmid": "467941127", "oneway": "False", "lanes": "2", "ref": "RD AV-10", "name": NaN, "highway": "secondary", "maxspeed": NaN, "length": 203.636, "bridge": NaN, "tunnel": NaN, "access": NaN, "junction": NaN, "width": NaN, "est_width": NaN, "iri": 9.89999961853027}}, {"type": "Feature", "geometry": {"type": "LineString", "coordinates": [[-89.7693673, 15.8214747], [-89.7688571, 15.8217908]]}, "properties": {"osmid": "467941127", "oneway": "False", "lanes": "2", "ref": "RD AV-10", "name": NaN, "highway": "secondary", "maxspeed": NaN, "length": 64.921, "bridge": NaN, "tunnel": NaN, "access": NaN, "junction": NaN, "width": NaN, "est_width": NaN, "iri": 9.89999961853027}}, {"type": "Feature", "geometry": {"type": "LineString", "coordinates": [[-89.7688571, 15.8217908], [-89.767939, 15.8222534]]}, "properties": {"osmid": "467941127", "oneway": "False", "lanes": "2", "ref": "RD AV-10", "name": NaN, "highway": "secondary", "maxspeed": NaN, "length": 110.875, "bridge": NaN, "tunnel": NaN, "access": NaN, "junction": NaN, "width": NaN, "est_width": NaN, "iri": 9.89999961853027}}, {"type": "Feature", "geometry": {"type": "LineString", "coordinates": [[-89.767939, 15.8222534], [-89.7665013, 15.8227437]]}, "properties": {"osmid": "467941127", "oneway": "False", "lanes": "2", "ref": "RD AV-10", "name": NaN, "highway": "secondary", "maxspeed": NaN, "length": 163.185, "bridge": NaN, "tunnel": NaN, "access": NaN, "junction": NaN, "width": NaN, "est_width": NaN, "iri": 9.89999961853027}}, {"type": "Feature", "geometry": {"type": "LineString", "coordinates": [[-89.7665013, 15.8227437], [-89.7653158, 15.8232495]]}, "properties": {"osmid": "467941127", "oneway": "False", "lanes": "2", "ref": "RD AV-10", "name": NaN, "highway": "secondary", "maxspeed": NaN, "length": 138.738, "bridge": NaN, "tunnel": NaN, "access": NaN, "junction": NaN, "width": NaN, "est_width": NaN, "iri": 9.89999961853027}}, {"type": "Feature", "geometry": {"type": "LineString", "coordinates": [[-89.7653158, 15.8232495], [-89.7643502, 15.8235901]]}, "properties": {"osmid": "467941127", "oneway": "False", "lanes": "2", "ref": "RD AV-10", "name": NaN, "highway": "secondary", "maxspeed": NaN, "length": 110.025, "bridge": NaN, "tunnel": NaN, "access": NaN, "junction": NaN, "width": NaN, "est_width": NaN, "iri": 9.89999961853027}}, {"type": "Feature", "geometry": {"type": "LineString", "coordinates": [[-89.7643502, 15.8235901], [-89.763777, 15.8239224]]}, "properties": {"osmid": "467941127", "oneway": "False", "lanes": "2", "ref": "RD AV-10", "name": NaN, "highway": "secondary", "maxspeed": NaN, "length": 71.594, "bridge": NaN, "tunnel": NaN, "access": NaN, "junction": NaN, "width": NaN, "est_width": NaN, "iri": 9.89999961853027}}, {"type": "Feature", "geometry": {"type": "LineString", "coordinates": [[-89.763777, 15.8239224], [-89.7598931, 15.8286396]]}, "properties": {"osmid": "467941127", "oneway": "False", "lanes": "2", "ref": "RD AV-10", "name": NaN, "highway": "secondary", "maxspeed": NaN, "length": 669.157, "bridge": NaN, "tunnel": NaN, "access": NaN, "junction": NaN, "width": NaN, "est_width": NaN, "iri": 9.89999961853027}}, {"type": "Feature", "geometry": {"type": "LineString", "coordinates": [[-89.7598931, 15.8286396], [-89.7588954, 15.8295667]]}, "properties": {"osmid": "467941127", "oneway": "False", "lanes": "2", "ref": "RD AV-10", "name": NaN, "highway": "secondary", "maxspeed": NaN, "length": 148.389, "bridge": NaN, "tunnel": NaN, "access": NaN, "junction": NaN, "width": NaN, "est_width": NaN, "iri": 9.89999961853027}}, {"type": "Feature", "geometry": {"type": "LineString", "coordinates": [[-89.7588954, 15.8295667], [-89.7581463, 15.8302628]]}, "properties": {"osmid": "467941127", "oneway": "False", "lanes": "2", "ref": "RD AV-10", "name": NaN, "highway": "secondary", "maxspeed": NaN, "length": 111.415, "bridge": NaN, "tunnel": NaN, "access": NaN, "junction": NaN, "width": NaN, "est_width": NaN, "iri": 9.89999961853027}}, {"type": "Feature", "geometry": {"type": "LineString", "coordinates": [[-89.7581463, 15.8302628], [-89.7562382, 15.83206]]}, "properties": {"osmid": "467941127", "oneway": "False", "lanes": "2", "ref": "RD AV-10", "name": NaN, "highway": "secondary", "maxspeed": NaN, "length": 285.661, "bridge": NaN, "tunnel": NaN, "access": NaN, "junction": NaN, "width": NaN, "est_width": NaN, "iri": 9.89999961853027}}, {"type": "Feature", "geometry": {"type": "LineString", "coordinates": [[-89.7562382, 15.83206], [-89.7553678, 15.8329224]]}, "properties": {"osmid": "467941127", "oneway": "False", "lanes": "2", "ref": "RD AV-10", "name": NaN, "highway": "secondary", "maxspeed": NaN, "length": 133.663, "bridge": NaN, "tunnel": NaN, "access": NaN, "junction": NaN, "width": NaN, "est_width": NaN, "iri": 9.89999961853027}}, {"type": "Feature", "geometry": {"type": "LineString", "coordinates": [[-89.7553678, 15.8329224], [-89.7551638, 15.8331147]]}, "properties": {"osmid": "467941127", "oneway": "False", "lanes": "2", "ref": "RD AV-10", "name": NaN, "highway": "secondary", "maxspeed": NaN, "length": 30.553, "bridge": NaN, "tunnel": NaN, "access": NaN, "junction": NaN, "width": NaN, "est_width": NaN, "iri": 9.89999961853027}}, {"type": "Feature", "geometry": {"type": "LineString", "coordinates": [[-89.7551638, 15.8331147], [-89.7549626, 15.8332964]]}, "properties": {"osmid": "467941127", "oneway": "False", "lanes": "2", "ref": "RD AV-10", "name": NaN, "highway": "secondary", "maxspeed": NaN, "length": 29.521, "bridge": NaN, "tunnel": NaN, "access": NaN, "junction": NaN, "width": NaN, "est_width": NaN, "iri": 9.89999961853027}}, {"type": "Feature", "geometry": {"type": "LineString", "coordinates": [[-89.7549626, 15.8332964], [-89.7548387, 15.8333918]]}, "properties": {"osmid": "467941127", "oneway": "False", "lanes": "2", "ref": "RD AV-10", "name": NaN, "highway": "secondary", "maxspeed": NaN, "length": 16.977, "bridge": NaN, "tunnel": NaN, "access": NaN, "junction": NaN, "width": NaN, "est_width": NaN, "iri": 9.89999961853027}}, {"type": "Feature", "geometry": {"type": "LineString", "coordinates": [[-89.7548387, 15.8333918], [-89.7546329, 15.833538]]}, "properties": {"osmid": "467941127", "oneway": "False", "lanes": "2", "ref": "RD AV-10", "name": NaN, "highway": "secondary", "maxspeed": NaN, "length": 27.367, "bridge": NaN, "tunnel": NaN, "access": NaN, "junction": NaN, "width": NaN, "est_width": NaN, "iri": 9.89999961853027}}, {"type": "Feature", "geometry": {"type": "LineString", "coordinates": [[-89.7546329, 15.833538], [-89.7544955, 15.8336231]]}, "properties": {"osmid": "467941127", "oneway": "False", "lanes": "2", "ref": "RD AV-10", "name": NaN, "highway": "secondary", "maxspeed": NaN, "length": 17.481, "bridge": NaN, "tunnel": NaN, "access": NaN, "junction": NaN, "width": NaN, "est_width": NaN, "iri": 9.89999961853027}}, {"type": "Feature", "geometry": {"type": "LineString", "coordinates": [[-89.7544955, 15.8336231], [-89.7543684, 15.833695]]}, "properties": {"osmid": "467941127", "oneway": "False", "lanes": "2", "ref": "RD AV-10", "name": NaN, "highway": "secondary", "maxspeed": NaN, "length": 15.773, "bridge": NaN, "tunnel": NaN, "access": NaN, "junction": NaN, "width": NaN, "est_width": NaN, "iri": 9.89999961853027}}, {"type": "Feature", "geometry": {"type": "LineString", "coordinates": [[-89.7543684, 15.833695], [-89.7542774, 15.8337322]]}, "properties": {"osmid": "467941127", "oneway": "False", "lanes": "2", "ref": "RD AV-10", "name": NaN, "highway": "secondary", "maxspeed": NaN, "length": 10.577, "bridge": NaN, "tunnel": NaN, "access": NaN, "junction": NaN, "width": NaN, "est_width": NaN, "iri": 9.89999961853027}}, {"type": "Feature", "geometry": {"type": "LineString", "coordinates": [[-89.7542774, 15.8337322], [-89.7541868, 15.833756]]}, "properties": {"osmid": "467941127", "oneway": "False", "lanes": "2", "ref": "RD AV-10", "name": NaN, "highway": "secondary", "maxspeed": NaN, "length": 10.047, "bridge": NaN, "tunnel": NaN, "access": NaN, "junction": NaN, "width": NaN, "est_width": NaN, "iri": 9.89999961853027}}, {"type": "Feature", "geometry": {"type": "LineString", "coordinates": [[-89.7541868, 15.833756], [-89.7541003, 15.8337624]]}, "properties": {"osmid": "467941127", "oneway": "False", "lanes": "2", "ref": "RD AV-10", "name": NaN, "highway": "secondary", "maxspeed": NaN, "length": 9.281, "bridge": NaN, "tunnel": NaN, "access": NaN, "junction": NaN, "width": NaN, "est_width": NaN, "iri": 9.89999961853027}}, {"type": "Feature", "geometry": {"type": "LineString", "coordinates": [[-89.7541003, 15.8337624], [-89.7540034, 15.8337595]]}, "properties": {"osmid": "467941127", "oneway": "False", "lanes": "2", "ref": "RD AV-10", "name": NaN, "highway": "secondary", "maxspeed": NaN, "length": 10.371, "bridge": NaN, "tunnel": NaN, "access": NaN, "junction": NaN, "width": NaN, "est_width": NaN, "iri": 9.89999961853027}}, {"type": "Feature", "geometry": {"type": "LineString", "coordinates": [[-89.7540034, 15.8337595], [-89.7538662, 15.8337472]]}, "properties": {"osmid": "467941127", "oneway": "False", "lanes": "2", "ref": "RD AV-10", "name": NaN, "highway": "secondary", "maxspeed": NaN, "length": 14.741, "bridge": NaN, "tunnel": NaN, "access": NaN, "junction": NaN, "width": NaN, "est_width": NaN, "iri": 9.89999961853027}}, {"type": "Feature", "geometry": {"type": "LineString", "coordinates": [[-89.7538662, 15.8337472], [-89.753293, 15.8336615]]}, "properties": {"osmid": "467941127", "oneway": "False", "lanes": "2", "ref": "RD AV-10", "name": NaN, "highway": "secondary", "maxspeed": NaN, "length": 62.055, "bridge": NaN, "tunnel": NaN, "access": NaN, "junction": NaN, "width": NaN, "est_width": NaN, "iri": 9.89999961853027}}, {"type": "Feature", "geometry": {"type": "LineString", "coordinates": [[-89.753293, 15.8336615], [-89.7527365, 15.8335772]]}, "properties": {"osmid": "467941127", "oneway": "False", "lanes": "2", "ref": "RD AV-10", "name": NaN, "highway": "secondary", "maxspeed": NaN, "length": 60.266, "bridge": NaN, "tunnel": NaN, "access": NaN, "junction": NaN, "width": NaN, "est_width": NaN, "iri": 9.89999961853027}}, {"type": "Feature", "geometry": {"type": "LineString", "coordinates": [[-89.7527365, 15.8335772], [-89.752219, 15.8334896]]}, "properties": {"osmid": "467941127", "oneway": "False", "lanes": "2", "ref": "RD AV-10", "name": NaN, "highway": "secondary", "maxspeed": NaN, "length": 56.211, "bridge": NaN, "tunnel": NaN, "access": NaN, "junction": NaN, "width": NaN, "est_width": NaN, "iri": 9.89999961853027}}, {"type": "Feature", "geometry": {"type": "LineString", "coordinates": [[-89.752219, 15.8334896], [-89.7521066, 15.8334739]]}, "properties": {"osmid": "467941127", "oneway": "False", "lanes": "2", "ref": "RD AV-10", "name": NaN, "highway": "secondary", "maxspeed": NaN, "length": 12.15, "bridge": NaN, "tunnel": NaN, "access": NaN, "junction": NaN, "width": NaN, "est_width": NaN, "iri": 9.89999961853027}}, {"type": "Feature", "geometry": {"type": "LineString", "coordinates": [[-89.7521066, 15.8334739], [-89.7519777, 15.8334667]]}, "properties": {"osmid": "467941127", "oneway": "False", "lanes": "2", "ref": "RD AV-10", "name": NaN, "highway": "secondary", "maxspeed": NaN, "length": 13.812, "bridge": NaN, "tunnel": NaN, "access": NaN, "junction": NaN, "width": NaN, "est_width": NaN, "iri": 9.89999961853027}}, {"type": "Feature", "geometry": {"type": "LineString", "coordinates": [[-89.7519777, 15.8334667], [-89.7518604, 15.8334698]]}, "properties": {"osmid": "467941127", "oneway": "False", "lanes": "2", "ref": "RD AV-10", "name": NaN, "highway": "secondary", "maxspeed": NaN, "length": 12.553, "bridge": NaN, "tunnel": NaN, "access": NaN, "junction": NaN, "width": NaN, "est_width": NaN, "iri": 9.89999961853027}}, {"type": "Feature", "geometry": {"type": "LineString", "coordinates": [[-89.7518604, 15.8334698], [-89.7517587, 15.8334807]]}, "properties": {"osmid": "467941127", "oneway": "False", "lanes": "2", "ref": "RD AV-10", "name": NaN, "highway": "secondary", "maxspeed": NaN, "length": 10.947, "bridge": NaN, "tunnel": NaN, "access": NaN, "junction": NaN, "width": NaN, "est_width": NaN, "iri": 9.89999961853027}}, {"type": "Feature", "geometry": {"type": "LineString", "coordinates": [[-89.7517587, 15.8334807], [-89.7516639, 15.8335009]]}, "properties": {"osmid": "467941127", "oneway": "False", "lanes": "2", "ref": "RD AV-10", "name": NaN, "highway": "secondary", "maxspeed": NaN, "length": 10.387, "bridge": NaN, "tunnel": NaN, "access": NaN, "junction": NaN, "width": NaN, "est_width": NaN, "iri": 9.89999961853027}}, {"type": "Feature", "geometry": {"type": "LineString", "coordinates": [[-89.7516639, 15.8335009], [-89.7515627, 15.8335341]]}, "properties": {"osmid": "467941127", "oneway": "False", "lanes": "2", "ref": "RD AV-10", "name": NaN, "highway": "secondary", "maxspeed": NaN, "length": 11.438, "bridge": NaN, "tunnel": NaN, "access": NaN, "junction": NaN, "width": NaN, "est_width": NaN, "iri": 9.89999961853027}}, {"type": "Feature", "geometry": {"type": "LineString", "coordinates": [[-89.7515627, 15.8335341], [-89.7514649, 15.8335787]]}, "properties": {"osmid": "467941127", "oneway": "False", "lanes": "2", "ref": "RD AV-10", "name": NaN, "highway": "secondary", "maxspeed": NaN, "length": 11.578, "bridge": NaN, "tunnel": NaN, "access": NaN, "junction": NaN, "width": NaN, "est_width": NaN, "iri": 9.89999961853027}}, {"type": "Feature", "geometry": {"type": "LineString", "coordinates": [[-89.7514649, 15.8335787], [-89.7513795, 15.8336274]]}, "properties": {"osmid": "467941127", "oneway": "False", "lanes": "2", "ref": "RD AV-10", "name": NaN, "highway": "secondary", "maxspeed": NaN, "length": 10.62, "bridge": NaN, "tunnel": NaN, "access": NaN, "junction": NaN, "width": NaN, "est_width": NaN, "iri": 9.89999961853027}}, {"type": "Feature", "geometry": {"type": "LineString", "coordinates": [[-89.7513795, 15.8336274], [-89.7513058, 15.8336813]]}, "properties": {"osmid": "467941127", "oneway": "False", "lanes": "2", "ref": "RD AV-10", "name": NaN, "highway": "secondary", "maxspeed": NaN, "length": 9.904, "bridge": NaN, "tunnel": NaN, "access": NaN, "junction": NaN, "width": NaN, "est_width": NaN, "iri": 9.89999961853027}}, {"type": "Feature", "geometry": {"type": "LineString", "coordinates": [[-89.7513058, 15.8336813], [-89.7512445, 15.8337396]]}, "properties": {"osmid": "467941127", "oneway": "False", "lanes": "2", "ref": "RD AV-10", "name": NaN, "highway": "secondary", "maxspeed": NaN, "length": 9.221, "bridge": NaN, "tunnel": NaN, "access": NaN, "junction": NaN, "width": NaN, "est_width": NaN, "iri": 9.89999961853027}}, {"type": "Feature", "geometry": {"type": "LineString", "coordinates": [[-89.7512445, 15.8337396], [-89.7511877, 15.8338088]]}, "properties": {"osmid": "467941127", "oneway": "False", "lanes": "2", "ref": "RD AV-10", "name": NaN, "highway": "secondary", "maxspeed": NaN, "length": 9.805, "bridge": NaN, "tunnel": NaN, "access": NaN, "junction": NaN, "width": NaN, "est_width": NaN, "iri": 9.89999961853027}}, {"type": "Feature", "geometry": {"type": "LineString", "coordinates": [[-89.7511877, 15.8338088], [-89.7511406, 15.8338859]]}, "properties": {"osmid": "467941127", "oneway": "False", "lanes": "2", "ref": "RD AV-10", "name": NaN, "highway": "secondary", "maxspeed": NaN, "length": 9.944, "bridge": NaN, "tunnel": NaN, "access": NaN, "junction": NaN, "width": NaN, "est_width": NaN, "iri": 9.89999961853027}}, {"type": "Feature", "geometry": {"type": "LineString", "coordinates": [[-89.7511406, 15.8338859], [-89.751106, 15.8339657]]}, "properties": {"osmid": "467941127", "oneway": "False", "lanes": "2", "ref": "RD AV-10", "name": NaN, "highway": "secondary", "maxspeed": NaN, "length": 9.614, "bridge": NaN, "tunnel": NaN, "access": NaN, "junction": NaN, "width": NaN, "est_width": NaN, "iri": 9.89999961853027}}, {"type": "Feature", "geometry": {"type": "LineString", "coordinates": [[-89.751106, 15.8339657], [-89.7510483, 15.8341571]]}, "properties": {"osmid": "467941127", "oneway": "False", "lanes": "2", "ref": "RD AV-10", "name": NaN, "highway": "secondary", "maxspeed": NaN, "length": 22.16, "bridge": NaN, "tunnel": NaN, "access": NaN, "junction": NaN, "width": NaN, "est_width": NaN, "iri": 9.89999961853027}}, {"type": "Feature", "geometry": {"type": "LineString", "coordinates": [[-89.7510483, 15.8341571], [-89.7509959, 15.8343211]]}, "properties": {"osmid": "467941127", "oneway": "False", "lanes": "2", "ref": "RD AV-10", "name": NaN, "highway": "secondary", "maxspeed": NaN, "length": 19.078, "bridge": NaN, "tunnel": NaN, "access": NaN, "junction": NaN, "width": NaN, "est_width": NaN, "iri": 9.89999961853027}}, {"type": "Feature", "geometry": {"type": "LineString", "coordinates": [[-89.7509959, 15.8343211], [-89.7509574, 15.8344089]]}, "properties": {"osmid": "467941127", "oneway": "False", "lanes": "2", "ref": "RD AV-10", "name": NaN, "highway": "secondary", "maxspeed": NaN, "length": 10.596, "bridge": NaN, "tunnel": NaN, "access": NaN, "junction": NaN, "width": NaN, "est_width": NaN, "iri": 9.89999961853027}}, {"type": "Feature", "geometry": {"type": "LineString", "coordinates": [[-89.7509574, 15.8344089], [-89.7509088, 15.8344983]]}, "properties": {"osmid": "467941127", "oneway": "False", "lanes": "2", "ref": "RD AV-10", "name": NaN, "highway": "secondary", "maxspeed": NaN, "length": 11.218, "bridge": NaN, "tunnel": NaN, "access": NaN, "junction": NaN, "width": NaN, "est_width": NaN, "iri": 9.89999961853027}}, {"type": "Feature", "geometry": {"type": "LineString", "coordinates": [[-89.7509088, 15.8344983], [-89.7507774, 15.8347182]]}, "properties": {"osmid": "467941127", "oneway": "False", "lanes": "2", "ref": "RD AV-10", "name": NaN, "highway": "secondary", "maxspeed": NaN, "length": 28.204, "bridge": NaN, "tunnel": NaN, "access": NaN, "junction": NaN, "width": NaN, "est_width": NaN, "iri": 9.89999961853027}}, {"type": "Feature", "geometry": {"type": "LineString", "coordinates": [[-89.7507774, 15.8347182], [-89.7506979, 15.8348281]]}, "properties": {"osmid": "467941127", "oneway": "False", "lanes": "2", "ref": "RD AV-10", "name": NaN, "highway": "secondary", "maxspeed": NaN, "length": 14.888, "bridge": NaN, "tunnel": NaN, "access": NaN, "junction": NaN, "width": NaN, "est_width": NaN, "iri": 9.89999961853027}}, {"type": "Feature", "geometry": {"type": "LineString", "coordinates": [[-89.7506979, 15.8348281], [-89.7506317, 15.8349058]]}, "properties": {"osmid": "467941127", "oneway": "False", "lanes": "2", "ref": "RD AV-10", "name": NaN, "highway": "secondary", "maxspeed": NaN, "length": 11.171, "bridge": NaN, "tunnel": NaN, "access": NaN, "junction": NaN, "width": NaN, "est_width": NaN, "iri": 9.89999961853027}}, {"type": "Feature", "geometry": {"type": "LineString", "coordinates": [[-89.7506317, 15.8349058], [-89.7505238, 15.8350155]]}, "properties": {"osmid": "467941127", "oneway": "False", "lanes": "2", "ref": "RD AV-10", "name": NaN, "highway": "secondary", "maxspeed": NaN, "length": 16.794, "bridge": NaN, "tunnel": NaN, "access": NaN, "junction": NaN, "width": NaN, "est_width": NaN, "iri": 9.89999961853027}}, {"type": "Feature", "geometry": {"type": "LineString", "coordinates": [[-89.7505238, 15.8350155], [-89.7503629, 15.835155]]}, "properties": {"osmid": "467941127", "oneway": "False", "lanes": "2", "ref": "RD AV-10", "name": NaN, "highway": "secondary", "maxspeed": NaN, "length": 23.171, "bridge": NaN, "tunnel": NaN, "access": NaN, "junction": NaN, "width": NaN, "est_width": NaN, "iri": 9.89999961853027}}, {"type": "Feature", "geometry": {"type": "LineString", "coordinates": [[-89.7503629, 15.835155], [-89.7502352, 15.8352555]]}, "properties": {"osmid": "467941127", "oneway": "False", "lanes": "2", "ref": "RD AV-10", "name": NaN, "highway": "secondary", "maxspeed": NaN, "length": 17.649, "bridge": NaN, "tunnel": NaN, "access": NaN, "junction": NaN, "width": NaN, "est_width": NaN, "iri": 9.89999961853027}}, {"type": "Feature", "geometry": {"type": "LineString", "coordinates": [[-89.7502352, 15.8352555], [-89.7500714, 15.8353707]]}, "properties": {"osmid": "467941127", "oneway": "False", "lanes": "2", "ref": "RD AV-10", "name": NaN, "highway": "secondary", "maxspeed": NaN, "length": 21.705, "bridge": NaN, "tunnel": NaN, "access": NaN, "junction": NaN, "width": NaN, "est_width": NaN, "iri": 9.89999961853027}}, {"type": "Feature", "geometry": {"type": "LineString", "coordinates": [[-89.7500714, 15.8353707], [-89.749552, 15.8357177]]}, "properties": {"osmid": "467941127", "oneway": "False", "lanes": "2", "ref": "RD AV-10", "name": NaN, "highway": "secondary", "maxspeed": NaN, "length": 67.646, "bridge": NaN, "tunnel": NaN, "access": NaN, "junction": NaN, "width": NaN, "est_width": NaN, "iri": 9.89999961853027}}, {"type": "Feature", "geometry": {"type": "LineString", "coordinates": [[-89.749552, 15.8357177], [-89.7490616, 15.8360322]]}, "properties": {"osmid": "467941127", "oneway": "False", "lanes": "2", "ref": "RD AV-10", "name": NaN, "highway": "secondary", "maxspeed": NaN, "length": 63.048, "bridge": NaN, "tunnel": NaN, "access": NaN, "junction": NaN, "width": NaN, "est_width": NaN, "iri": 9.89999961853027}}, {"type": "Feature", "geometry": {"type": "LineString", "coordinates": [[-89.7490616, 15.8360322], [-89.7489134, 15.8361356]]}, "properties": {"osmid": "467941127", "oneway": "False", "lanes": "2", "ref": "RD AV-10", "name": NaN, "highway": "secondary", "maxspeed": NaN, "length": 19.584, "bridge": NaN, "tunnel": NaN, "access": NaN, "junction": NaN, "width": NaN, "est_width": NaN, "iri": 9.89999961853027}}, {"type": "Feature", "geometry": {"type": "LineString", "coordinates": [[-89.7489134, 15.8361356], [-89.7488255, 15.8362067]]}, "properties": {"osmid": "467941127", "oneway": "False", "lanes": "2", "ref": "RD AV-10", "name": NaN, "highway": "secondary", "maxspeed": NaN, "length": 12.285, "bridge": NaN, "tunnel": NaN, "access": NaN, "junction": NaN, "width": NaN, "est_width": NaN, "iri": 9.89999961853027}}, {"type": "Feature", "geometry": {"type": "LineString", "coordinates": [[-89.7488255, 15.8362067], [-89.7487524, 15.8362703]]}, "properties": {"osmid": "467941127", "oneway": "False", "lanes": "2", "ref": "RD AV-10", "name": NaN, "highway": "secondary", "maxspeed": NaN, "length": 10.543, "bridge": NaN, "tunnel": NaN, "access": NaN, "junction": NaN, "width": NaN, "est_width": NaN, "iri": 9.89999961853027}}, {"type": "Feature", "geometry": {"type": "LineString", "coordinates": [[-89.7487524, 15.8362703], [-89.7486959, 15.8363366]]}, "properties": {"osmid": "467941127", "oneway": "False", "lanes": "2", "ref": "RD AV-10", "name": NaN, "highway": "secondary", "maxspeed": NaN, "length": 9.533, "bridge": NaN, "tunnel": NaN, "access": NaN, "junction": NaN, "width": NaN, "est_width": NaN, "iri": 9.89999961853027}}, {"type": "Feature", "geometry": {"type": "LineString", "coordinates": [[-89.7486959, 15.8363366], [-89.7486664, 15.836394]]}, "properties": {"osmid": "467941127", "oneway": "False", "lanes": "2", "ref": "RD AV-10", "name": NaN, "highway": "secondary", "maxspeed": NaN, "length": 7.12, "bridge": NaN, "tunnel": NaN, "access": NaN, "junction": NaN, "width": NaN, "est_width": NaN, "iri": 9.89999961853027}}, {"type": "Feature", "geometry": {"type": "LineString", "coordinates": [[-89.7486664, 15.836394], [-89.7486369, 15.8364822]]}, "properties": {"osmid": "467941127", "oneway": "False", "lanes": "2", "ref": "RD AV-10", "name": NaN, "highway": "secondary", "maxspeed": NaN, "length": 10.303, "bridge": NaN, "tunnel": NaN, "access": NaN, "junction": NaN, "width": NaN, "est_width": NaN, "iri": 9.89999961853027}}, {"type": "Feature", "geometry": {"type": "LineString", "coordinates": [[-89.7486369, 15.8364822], [-89.7486142, 15.83657]]}, "properties": {"osmid": "467941127", "oneway": "False", "lanes": "2", "ref": "RD AV-10", "name": NaN, "highway": "secondary", "maxspeed": NaN, "length": 10.06, "bridge": NaN, "tunnel": NaN, "access": NaN, "junction": NaN, "width": NaN, "est_width": NaN, "iri": 9.89999961853027}}, {"type": "Feature", "geometry": {"type": "LineString", "coordinates": [[-89.7486142, 15.83657], [-89.74859, 15.8367099]]}, "properties": {"osmid": "467941127", "oneway": "False", "lanes": "2", "ref": "RD AV-10", "name": NaN, "highway": "secondary", "maxspeed": NaN, "length": 15.77, "bridge": NaN, "tunnel": NaN, "access": NaN, "junction": NaN, "width": NaN, "est_width": NaN, "iri": 9.89999961853027}}, {"type": "Feature", "geometry": {"type": "LineString", "coordinates": [[-89.74859, 15.8367099], [-89.7485572, 15.8369453]]}, "properties": {"osmid": "467941127", "oneway": "False", "lanes": "2", "ref": "RD AV-10", "name": NaN, "highway": "secondary", "maxspeed": NaN, "length": 26.409, "bridge": NaN, "tunnel": NaN, "access": NaN, "junction": NaN, "width": NaN, "est_width": NaN, "iri": 9.89999961853027}}, {"type": "Feature", "geometry": {"type": "LineString", "coordinates": [[-89.7485572, 15.8369453], [-89.7485422, 15.8370763]]}, "properties": {"osmid": "467941127", "oneway": "False", "lanes": "2", "ref": "RD AV-10", "name": NaN, "highway": "secondary", "maxspeed": NaN, "length": 14.655, "bridge": NaN, "tunnel": NaN, "access": NaN, "junction": NaN, "width": NaN, "est_width": NaN, "iri": 9.89999961853027}}, {"type": "Feature", "geometry": {"type": "LineString", "coordinates": [[-89.7485422, 15.8370763], [-89.7485285, 15.8371592]]}, "properties": {"osmid": "467941127", "oneway": "False", "lanes": "2", "ref": "RD AV-10", "name": NaN, "highway": "secondary", "maxspeed": NaN, "length": 9.334, "bridge": NaN, "tunnel": NaN, "access": NaN, "junction": NaN, "width": NaN, "est_width": NaN, "iri": 9.89999961853027}}, {"type": "Feature", "geometry": {"type": "LineString", "coordinates": [[-89.7485285, 15.8371592], [-89.7485077, 15.8372272]]}, "properties": {"osmid": "467941127", "oneway": "False", "lanes": "2", "ref": "RD AV-10", "name": NaN, "highway": "secondary", "maxspeed": NaN, "length": 7.882, "bridge": NaN, "tunnel": NaN, "access": NaN, "junction": NaN, "width": NaN, "est_width": NaN, "iri": 9.89999961853027}}, {"type": "Feature", "geometry": {"type": "LineString", "coordinates": [[-89.7485077, 15.8372272], [-89.7483897, 15.8374997]]}, "properties": {"osmid": "467941127", "oneway": "False", "lanes": "2", "ref": "RD AV-10", "name": NaN, "highway": "secondary", "maxspeed": NaN, "length": 32.825, "bridge": NaN, "tunnel": NaN, "access": NaN, "junction": NaN, "width": NaN, "est_width": NaN, "iri": 9.89999961853027}}, {"type": "Feature", "geometry": {"type": "LineString", "coordinates": [[-89.7483897, 15.8374997], [-89.7483618, 15.8375754]]}, "properties": {"osmid": "467941127", "oneway": "False", "lanes": "2", "ref": "RD AV-10", "name": NaN, "highway": "secondary", "maxspeed": NaN, "length": 8.931, "bridge": NaN, "tunnel": NaN, "access": NaN, "junction": NaN, "width": NaN, "est_width": NaN, "iri": 9.89999961853027}}, {"type": "Feature", "geometry": {"type": "LineString", "coordinates": [[-89.7483618, 15.8375754], [-89.748345, 15.8376391]]}, "properties": {"osmid": "467941127", "oneway": "False", "lanes": "2", "ref": "RD AV-10", "name": NaN, "highway": "secondary", "maxspeed": NaN, "length": 7.308, "bridge": NaN, "tunnel": NaN, "access": NaN, "junction": NaN, "width": NaN, "est_width": NaN, "iri": 9.89999961853027}}, {"type": "Feature", "geometry": {"type": "LineString", "coordinates": [[-89.748345, 15.8376391], [-89.7483262, 15.8377204]]}, "properties": {"osmid": "467941127", "oneway": "False", "lanes": "2", "ref": "RD AV-10", "name": NaN, "highway": "secondary", "maxspeed": NaN, "length": 9.261, "bridge": NaN, "tunnel": NaN, "access": NaN, "junction": NaN, "width": NaN, "est_width": NaN, "iri": 9.89999961853027}}, {"type": "Feature", "geometry": {"type": "LineString", "coordinates": [[-89.7483262, 15.8377204], [-89.7483246, 15.8377815]]}, "properties": {"osmid": "467941127", "oneway": "False", "lanes": "2", "ref": "RD AV-10", "name": NaN, "highway": "secondary", "maxspeed": NaN, "length": 6.796, "bridge": NaN, "tunnel": NaN, "access": NaN, "junction": NaN, "width": NaN, "est_width": NaN, "iri": 9.89999961853027}}, {"type": "Feature", "geometry": {"type": "LineString", "coordinates": [[-89.7483246, 15.8377815], [-89.74833, 15.8378467]]}, "properties": {"osmid": "467941127", "oneway": "False", "lanes": "2", "ref": "RD AV-10", "name": NaN, "highway": "secondary", "maxspeed": NaN, "length": 7.273, "bridge": NaN, "tunnel": NaN, "access": NaN, "junction": NaN, "width": NaN, "est_width": NaN, "iri": 9.89999961853027}}, {"type": "Feature", "geometry": {"type": "LineString", "coordinates": [[-89.74833, 15.8378467], [-89.7483448, 15.8378991]]}, "properties": {"osmid": "467941127", "oneway": "False", "lanes": "2", "ref": "RD AV-10", "name": NaN, "highway": "secondary", "maxspeed": NaN, "length": 6.038, "bridge": NaN, "tunnel": NaN, "access": NaN, "junction": NaN, "width": NaN, "est_width": NaN, "iri": 9.89999961853027}}, {"type": "Feature", "geometry": {"type": "LineString", "coordinates": [[-89.7483448, 15.8378991], [-89.7483791, 15.8379542]]}, "properties": {"osmid": "467941127", "oneway": "False", "lanes": "2", "ref": "RD AV-10", "name": NaN, "highway": "secondary", "maxspeed": NaN, "length": 7.142, "bridge": NaN, "tunnel": NaN, "access": NaN, "junction": NaN, "width": NaN, "est_width": NaN, "iri": 9.89999961853027}}, {"type": "Feature", "geometry": {"type": "LineString", "coordinates": [[-89.7483791, 15.8379542], [-89.7484536, 15.838035]]}, "properties": {"osmid": "467941127", "oneway": "False", "lanes": "2", "ref": "RD AV-10", "name": NaN, "highway": "secondary", "maxspeed": NaN, "length": 12.01, "bridge": NaN, "tunnel": NaN, "access": NaN, "junction": NaN, "width": NaN, "est_width": NaN, "iri": 9.89999961853027}}, {"type": "Feature", "geometry": {"type": "LineString", "coordinates": [[-89.7484536, 15.838035], [-89.7486504, 15.8382309]]}, "properties": {"osmid": "467941127", "oneway": "False", "lanes": "2", "ref": "RD AV-10", "name": NaN, "highway": "secondary", "maxspeed": NaN, "length": 30.294, "bridge": NaN, "tunnel": NaN, "access": NaN, "junction": NaN, "width": NaN, "est_width": NaN, "iri": 9.89999961853027}}, {"type": "Feature", "geometry": {"type": "LineString", "coordinates": [[-89.7486504, 15.8382309], [-89.7487925, 15.8383636]]}, "properties": {"osmid": "467941127", "oneway": "False", "lanes": "2", "ref": "RD AV-10", "name": NaN, "highway": "secondary", "maxspeed": NaN, "length": 21.185, "bridge": NaN, "tunnel": NaN, "access": NaN, "junction": NaN, "width": NaN, "est_width": NaN, "iri": 9.89999961853027}}, {"type": "Feature", "geometry": {"type": "LineString", "coordinates": [[-89.7487925, 15.8383636], [-89.748854, 15.838428]]}, "properties": {"osmid": "467941127", "oneway": "False", "lanes": "2", "ref": "RD AV-10", "name": NaN, "highway": "secondary", "maxspeed": NaN, "length": 9.724, "bridge": NaN, "tunnel": NaN, "access": NaN, "junction": NaN, "width": NaN, "est_width": NaN, "iri": 9.89999961853027}}, {"type": "Feature", "geometry": {"type": "LineString", "coordinates": [[-89.748854, 15.838428], [-89.7489416, 15.8385343]]}, "properties": {"osmid": "467941127", "oneway": "False", "lanes": "2", "ref": "RD AV-10", "name": NaN, "highway": "secondary", "maxspeed": NaN, "length": 15.084, "bridge": NaN, "tunnel": NaN, "access": NaN, "junction": NaN, "width": NaN, "est_width": NaN, "iri": 9.89999961853027}}, {"type": "Feature", "geometry": {"type": "LineString", "coordinates": [[-89.7489416, 15.8385343], [-89.7490292, 15.838658]]}, "properties": {"osmid": "467941127", "oneway": "False", "lanes": "2", "ref": "RD AV-10", "name": NaN, "highway": "secondary", "maxspeed": NaN, "length": 16.644, "bridge": NaN, "tunnel": NaN, "access": NaN, "junction": NaN, "width": NaN, "est_width": NaN, "iri": 9.89999961853027}}, {"type": "Feature", "geometry": {"type": "LineString", "coordinates": [[-89.7490292, 15.838658], [-89.7491094, 15.8387898]]}, "properties": {"osmid": "467941127", "oneway": "False", "lanes": "2", "ref": "RD AV-10", "name": NaN, "highway": "secondary", "maxspeed": NaN, "length": 16.982, "bridge": NaN, "tunnel": NaN, "access": NaN, "junction": NaN, "width": NaN, "est_width": NaN, "iri": 9.89999961853027}}, {"type": "Feature", "geometry": {"type": "LineString", "coordinates": [[-89.7491094, 15.8387898], [-89.749184, 15.8389217]]}, "properties": {"osmid": "467941127", "oneway": "False", "lanes": "2", "ref": "RD AV-10", "name": NaN, "highway": "secondary", "maxspeed": NaN, "length": 16.697, "bridge": NaN, "tunnel": NaN, "access": NaN, "junction": NaN, "width": NaN, "est_width": NaN, "iri": 9.89999961853027}}, {"type": "Feature", "geometry": {"type": "LineString", "coordinates": [[-89.749184, 15.8389217], [-89.7492465, 15.8390736]]}, "properties": {"osmid": "467941127", "oneway": "False", "lanes": "2", "ref": "RD AV-10", "name": NaN, "highway": "secondary", "maxspeed": NaN, "length": 18.166, "bridge": NaN, "tunnel": NaN, "access": NaN, "junction": NaN, "width": NaN, "est_width": NaN, "iri": 9.89999961853027}}, {"type": "Feature", "geometry": {"type": "LineString", "coordinates": [[-89.7492465, 15.8390736], [-89.7492643, 15.8391519]]}, "properties": {"osmid": "467941127", "oneway": "False", "lanes": "2", "ref": "RD AV-10", "name": NaN, "highway": "secondary", "maxspeed": NaN, "length": 8.912, "bridge": NaN, "tunnel": NaN, "access": NaN, "junction": NaN, "width": NaN, "est_width": NaN, "iri": 9.89999961853027}}, {"type": "Feature", "geometry": {"type": "LineString", "coordinates": [[-89.7492643, 15.8391519], [-89.749271, 15.8392235]]}, "properties": {"osmid": "467941127", "oneway": "False", "lanes": "2", "ref": "RD AV-10", "name": NaN, "highway": "secondary", "maxspeed": NaN, "length": 7.994, "bridge": NaN, "tunnel": NaN, "access": NaN, "junction": NaN, "width": NaN, "est_width": NaN, "iri": 9.89999961853027}}, {"type": "Feature", "geometry": {"type": "LineString", "coordinates": [[-89.749271, 15.8392235], [-89.7492694, 15.8392844]]}, "properties": {"osmid": "467941127", "oneway": "False", "lanes": "2", "ref": "RD AV-10", "name": NaN, "highway": "secondary", "maxspeed": NaN, "length": 6.774, "bridge": NaN, "tunnel": NaN, "access": NaN, "junction": NaN, "width": NaN, "est_width": NaN, "iri": 9.89999961853027}}, {"type": "Feature", "geometry": {"type": "LineString", "coordinates": [[-89.7492694, 15.8392844], [-89.7492595, 15.8393426]]}, "properties": {"osmid": "467941127", "oneway": "False", "lanes": "2", "ref": "RD AV-10", "name": NaN, "highway": "secondary", "maxspeed": NaN, "length": 6.558, "bridge": NaN, "tunnel": NaN, "access": NaN, "junction": NaN, "width": NaN, "est_width": NaN, "iri": 9.89999961853027}}, {"type": "Feature", "geometry": {"type": "LineString", "coordinates": [[-89.7492595, 15.8393426], [-89.7492386, 15.8394109]]}, "properties": {"osmid": "467941127", "oneway": "False", "lanes": "2", "ref": "RD AV-10", "name": NaN, "highway": "secondary", "maxspeed": NaN, "length": 7.917, "bridge": NaN, "tunnel": NaN, "access": NaN, "junction": NaN, "width": NaN, "est_width": NaN, "iri": 9.89999961853027}}, {"type": "Feature", "geometry": {"type": "LineString", "coordinates": [[-89.7492386, 15.8394109], [-89.749208, 15.8394752]]}, "properties": {"osmid": "467941127", "oneway": "False", "lanes": "2", "ref": "RD AV-10", "name": NaN, "highway": "secondary", "maxspeed": NaN, "length": 7.864, "bridge": NaN, "tunnel": NaN, "access": NaN, "junction": NaN, "width": NaN, "est_width": NaN, "iri": 9.89999961853027}}, {"type": "Feature", "geometry": {"type": "LineString", "coordinates": [[-89.749208, 15.8394752], [-89.7491691, 15.8395351]]}, "properties": {"osmid": "467941127", "oneway": "False", "lanes": "2", "ref": "RD AV-10", "name": NaN, "highway": "secondary", "maxspeed": NaN, "length": 7.854, "bridge": NaN, "tunnel": NaN, "access": NaN, "junction": NaN, "width": NaN, "est_width": NaN, "iri": 9.89999961853027}}, {"type": "Feature", "geometry": {"type": "LineString", "coordinates": [[-89.7491691, 15.8395351], [-89.7491234, 15.8395963]]}, "properties": {"osmid": "467941127", "oneway": "False", "lanes": "2", "ref": "RD AV-10", "name": NaN, "highway": "secondary", "maxspeed": NaN, "length": 8.379, "bridge": NaN, "tunnel": NaN, "access": NaN, "junction": NaN, "width": NaN, "est_width": NaN, "iri": 9.89999961853027}}, {"type": "Feature", "geometry": {"type": "LineString", "coordinates": [[-89.7491234, 15.8395963], [-89.7490463, 15.8396803]]}, "properties": {"osmid": "467941127", "oneway": "False", "lanes": "2", "ref": "RD AV-10", "name": NaN, "highway": "secondary", "maxspeed": NaN, "length": 12.461, "bridge": NaN, "tunnel": NaN, "access": NaN, "junction": NaN, "width": NaN, "est_width": NaN, "iri": 9.89999961853027}}, {"type": "Feature", "geometry": {"type": "LineString", "coordinates": [[-89.7490463, 15.8396803], [-89.7489637, 15.8397563]]}, "properties": {"osmid": "467941127", "oneway": "False", "lanes": "2", "ref": "RD AV-10", "name": NaN, "highway": "secondary", "maxspeed": NaN, "length": 12.227, "bridge": NaN, "tunnel": NaN, "access": NaN, "junction": NaN, "width": NaN, "est_width": NaN, "iri": 9.89999961853027}}, {"type": "Feature", "geometry": {"type": "LineString", "coordinates": [[-89.7489637, 15.8397563], [-89.7488323, 15.8398561]]}, "properties": {"osmid": "467941127", "oneway": "False", "lanes": "2", "ref": "RD AV-10", "name": NaN, "highway": "secondary", "maxspeed": NaN, "length": 17.909, "bridge": NaN, "tunnel": NaN, "access": NaN, "junction": NaN, "width": NaN, "est_width": NaN, "iri": 9.89999961853027}}, {"type": "Feature", "geometry": {"type": "LineString", "coordinates": [[-89.7488323, 15.8398561], [-89.7486118, 15.8399975]]}, "properties": {"osmid": "467941127", "oneway": "False", "lanes": "2", "ref": "RD AV-10", "name": NaN, "highway": "secondary", "maxspeed": NaN, "length": 28.348, "bridge": NaN, "tunnel": NaN, "access": NaN, "junction": NaN, "width": NaN, "est_width": NaN, "iri": 9.89999961853027}}, {"type": "Feature", "geometry": {"type": "LineString", "coordinates": [[-89.7486118, 15.8399975], [-89.7483386, 15.8401522]]}, "properties": {"osmid": "467941127", "oneway": "False", "lanes": "2", "ref": "RD AV-10", "name": NaN, "highway": "secondary", "maxspeed": NaN, "length": 33.912, "bridge": NaN, "tunnel": NaN, "access": NaN, "junction": NaN, "width": NaN, "est_width": NaN, "iri": 9.89999961853027}}, {"type": "Feature", "geometry": {"type": "LineString", "coordinates": [[-89.7483386, 15.8401522], [-89.7474911, 15.8406104]]}, "properties": {"osmid": "467941127", "oneway": "False", "lanes": "2", "ref": "RD AV-10", "name": NaN, "highway": "secondary", "maxspeed": NaN, "length": 103.995, "bridge": NaN, "tunnel": NaN, "access": NaN, "junction": NaN, "width": NaN, "est_width": NaN, "iri": 9.89999961853027}}, {"type": "Feature", "geometry": {"type": "LineString", "coordinates": [[-89.7474911, 15.8406104], [-89.7472487, 15.84076]]}, "properties": {"osmid": "467941127", "oneway": "False", "lanes": "2", "ref": "RD AV-10", "name": NaN, "highway": "secondary", "maxspeed": NaN, "length": 30.807, "bridge": NaN, "tunnel": NaN, "access": NaN, "junction": NaN, "width": NaN, "est_width": NaN, "iri": 9.89999961853027}}, {"type": "Feature", "geometry": {"type": "LineString", "coordinates": [[-89.7472487, 15.84076], [-89.7469865, 15.8409394]]}, "properties": {"osmid": "467941127", "oneway": "False", "lanes": "2", "ref": "RD AV-10", "name": NaN, "highway": "secondary", "maxspeed": NaN, "length": 34.419, "bridge": NaN, "tunnel": NaN, "access": NaN, "junction": NaN, "width": NaN, "est_width": NaN, "iri": 9.89999961853027}}, {"type": "Feature", "geometry": {"type": "LineString", "coordinates": [[-89.7469865, 15.8409394], [-89.7458327, 15.8420355]]}, "properties": {"osmid": "467941127", "oneway": "False", "lanes": "2", "ref": "RD AV-10", "name": NaN, "highway": "secondary", "maxspeed": NaN, "length": 173.46, "bridge": NaN, "tunnel": NaN, "access": NaN, "junction": NaN, "width": NaN, "est_width": NaN, "iri": 9.89999961853027}}, {"type": "Feature", "geometry": {"type": "LineString", "coordinates": [[-89.7458327, 15.8420355], [-89.7449998, 15.8428104]]}, "properties": {"osmid": "467941127", "oneway": "False", "lanes": "2", "ref": "RD AV-10", "name": NaN, "highway": "secondary", "maxspeed": NaN, "length": 123.946, "bridge": NaN, "tunnel": NaN, "access": NaN, "junction": NaN, "width": NaN, "est_width": NaN, "iri": 9.89999961853027}}, {"type": "Feature", "geometry": {"type": "LineString", "coordinates": [[-89.7449998, 15.8428104], [-89.744534, 15.8432803]]}, "properties": {"osmid": "467941127", "oneway": "False", "lanes": "2", "ref": "RD AV-10", "name": NaN, "highway": "secondary", "maxspeed": NaN, "length": 72.2, "bridge": NaN, "tunnel": NaN, "access": NaN, "junction": NaN, "width": NaN, "est_width": NaN, "iri": 9.89999961853027}}, {"type": "Feature", "geometry": {"type": "LineString", "coordinates": [[-89.744534, 15.8432803], [-89.7444592, 15.8433553]]}, "properties": {"osmid": "642815228", "oneway": "False", "lanes": "2", "ref": "RD AV-10", "name": NaN, "highway": "secondary", "maxspeed": NaN, "length": 11.557, "bridge": "yes", "tunnel": NaN, "access": NaN, "junction": NaN, "width": NaN, "est_width": NaN, "iri": 9.89999961853027}}, {"type": "Feature", "geometry": {"type": "LineString", "coordinates": [[-89.7444592, 15.8433553], [-89.7433167, 15.8444643]]}, "properties": {"osmid": "467941126", "oneway": "False", "lanes": "2", "ref": "RD AV-10", "name": NaN, "highway": "secondary", "maxspeed": NaN, "length": 173.617, "bridge": NaN, "tunnel": NaN, "access": NaN, "junction": NaN, "width": NaN, "est_width": NaN, "iri": 9.89999961853027}}, {"type": "Feature", "geometry": {"type": "LineString", "coordinates": [[-89.7433167, 15.8444643], [-89.7426353, 15.845088]]}, "properties": {"osmid": "467941126", "oneway": "False", "lanes": "2", "ref": "RD AV-10", "name": NaN, "highway": "secondary", "maxspeed": NaN, "length": 100.611, "bridge": NaN, "tunnel": NaN, "access": NaN, "junction": NaN, "width": NaN, "est_width": NaN, "iri": 9.89999961853027}}, {"type": "Feature", "geometry": {"type": "LineString", "coordinates": [[-89.7426353, 15.845088], [-89.7422694, 15.8454395]]}, "properties": {"osmid": "467941126", "oneway": "False", "lanes": "2", "ref": "RD AV-10", "name": NaN, "highway": "secondary", "maxspeed": NaN, "length": 55.314, "bridge": NaN, "tunnel": NaN, "access": NaN, "junction": NaN, "width": NaN, "est_width": NaN, "iri": 9.89999961853027}}, {"type": "Feature", "geometry": {"type": "LineString", "coordinates": [[-89.7422694, 15.8454395], [-89.7421523, 15.8455551]]}, "properties": {"osmid": "642815234", "oneway": "False", "lanes": NaN, "ref": "RD AV-10", "name": NaN, "highway": "secondary", "maxspeed": NaN, "length": 17.948, "bridge": "yes", "tunnel": NaN, "access": NaN, "junction": NaN, "width": NaN, "est_width": NaN, "iri": 9.89999961853027}}, {"type": "Feature", "geometry": {"type": "LineString", "coordinates": [[-89.7421523, 15.8455551], [-89.7418866, 15.8458105]]}, "properties": {"osmid": "668699528", "oneway": "False", "lanes": NaN, "ref": "RD AV-10", "name": NaN, "highway": "secondary", "maxspeed": NaN, "length": 40.179, "bridge": NaN, "tunnel": NaN, "access": NaN, "junction": NaN, "width": NaN, "est_width": NaN, "iri": 9.89999961853027}}, {"type": "Feature", "geometry": {"type": "LineString", "coordinates": [[-89.7418866, 15.8458105], [-89.7412943, 15.8463454]]}, "properties": {"osmid": "668699528", "oneway": "False", "lanes": NaN, "ref": "RD AV-10", "name": NaN, "highway": "secondary", "maxspeed": NaN, "length": 86.902, "bridge": NaN, "tunnel": NaN, "access": NaN, "junction": NaN, "width": NaN, "est_width": NaN, "iri": 9.89999961853027}}, {"type": "Feature", "geometry": {"type": "LineString", "coordinates": [[-89.7412943, 15.8463454], [-89.7402417, 15.8473957]]}, "properties": {"osmid": "668699528", "oneway": "False", "lanes": NaN, "ref": "RD AV-10", "name": NaN, "highway": "secondary", "maxspeed": NaN, "length": 162.226, "bridge": NaN, "tunnel": NaN, "access": NaN, "junction": NaN, "width": NaN, "est_width": NaN, "iri": 9.89999961853027}}, {"type": "Feature", "geometry": {"type": "LineString", "coordinates": [[-89.7402417, 15.8473957], [-89.7398635, 15.8477317]]}, "properties": {"osmid": "668699528", "oneway": "False", "lanes": NaN, "ref": "RD AV-10", "name": NaN, "highway": "secondary", "maxspeed": NaN, "length": 55.068, "bridge": NaN, "tunnel": NaN, "access": NaN, "junction": NaN, "width": NaN, "est_width": NaN, "iri": 9.89999961853027}}, {"type": "Feature", "geometry": {"type": "LineString", "coordinates": [[-89.7398635, 15.8477317], [-89.7394006, 15.8481341]]}, "properties": {"osmid": "668699528", "oneway": "False", "lanes": NaN, "ref": "RD AV-10", "name": NaN, "highway": "secondary", "maxspeed": NaN, "length": 66.738, "bridge": NaN, "tunnel": NaN, "access": NaN, "junction": NaN, "width": NaN, "est_width": NaN, "iri": 9.89999961853027}}, {"type": "Feature", "geometry": {"type": "LineString", "coordinates": [[-89.7394006, 15.8481341], [-89.7387691, 15.8484283]]}, "properties": {"osmid": "668699528", "oneway": "False", "lanes": NaN, "ref": "RD AV-10", "name": NaN, "highway": "secondary", "maxspeed": NaN, "length": 75.055, "bridge": NaN, "tunnel": NaN, "access": NaN, "junction": NaN, "width": NaN, "est_width": NaN, "iri": 9.89999961853027}}, {"type": "Feature", "geometry": {"type": "LineString", "coordinates": [[-89.7387691, 15.8484283], [-89.7385492, 15.8485058]]}, "properties": {"osmid": "668699528", "oneway": "False", "lanes": NaN, "ref": "RD AV-10", "name": NaN, "highway": "secondary", "maxspeed": NaN, "length": 25.051, "bridge": NaN, "tunnel": NaN, "access": NaN, "junction": NaN, "width": NaN, "est_width": NaN, "iri": 9.89999961853027}}, {"type": "Feature", "geometry": {"type": "LineString", "coordinates": [[-89.7385492, 15.8485058], [-89.7381629, 15.8485961]]}, "properties": {"osmid": "668699528", "oneway": "False", "lanes": NaN, "ref": "RD AV-10", "name": NaN, "highway": "secondary", "maxspeed": NaN, "length": 42.524, "bridge": NaN, "tunnel": NaN, "access": NaN, "junction": NaN, "width": NaN, "est_width": NaN, "iri": 9.89999961853027}}, {"type": "Feature", "geometry": {"type": "LineString", "coordinates": [[-89.7381629, 15.8485961], [-89.7377055, 15.8486566]]}, "properties": {"osmid": "668699528", "oneway": "False", "lanes": NaN, "ref": "RD AV-10", "name": NaN, "highway": "secondary", "maxspeed": NaN, "length": 49.388, "bridge": NaN, "tunnel": NaN, "access": NaN, "junction": NaN, "width": NaN, "est_width": NaN, "iri": 9.89999961853027}}, {"type": "Feature", "geometry": {"type": "LineString", "coordinates": [[-89.7377055, 15.8486566], [-89.7375006, 15.8486567]]}, "properties": {"osmid": "668699528", "oneway": "False", "lanes": NaN, "ref": "RD AV-10", "name": NaN, "highway": "secondary", "maxspeed": NaN, "length": 21.918, "bridge": NaN, "tunnel": NaN, "access": NaN, "junction": NaN, "width": NaN, "est_width": NaN, "iri": 9.89999961853027}}, {"type": "Feature", "geometry": {"type": "LineString", "coordinates": [[-89.7375006, 15.8486567], [-89.737191, 15.8486569]]}, "properties": {"osmid": "668699528", "oneway": "False", "lanes": NaN, "ref": "RD AV-10", "name": NaN, "highway": "secondary", "maxspeed": NaN, "length": 33.117, "bridge": NaN, "tunnel": NaN, "access": NaN, "junction": NaN, "width": NaN, "est_width": NaN, "iri": 9.89999961853027}}, {"type": "Feature", "geometry": {"type": "LineString", "coordinates": [[-89.737191, 15.8486569], [-89.7361405, 15.8485961]]}, "properties": {"osmid": "668699528", "oneway": "False", "lanes": NaN, "ref": "RD AV-10", "name": NaN, "highway": "secondary", "maxspeed": NaN, "length": 112.573, "bridge": NaN, "tunnel": NaN, "access": NaN, "junction": NaN, "width": NaN, "est_width": NaN, "iri": 9.89999961853027}}, {"type": "Feature", "geometry": {"type": "LineString", "coordinates": [[-89.7361405, 15.8485961], [-89.7355581, 15.8485657]]}, "properties": {"osmid": "668699528", "oneway": "False", "lanes": NaN, "ref": "RD AV-10", "name": NaN, "highway": "secondary", "maxspeed": NaN, "length": 62.39, "bridge": NaN, "tunnel": NaN, "access": NaN, "junction": NaN, "width": NaN, "est_width": NaN, "iri": 9.89999961853027}}, {"type": "Feature", "geometry": {"type": "LineString", "coordinates": [[-89.7355581, 15.8485657], [-89.7354469, 15.8485599]]}, "properties": {"osmid": "668699528", "oneway": "False", "lanes": NaN, "ref": "RD AV-10", "name": NaN, "highway": "secondary", "maxspeed": NaN, "length": 11.912, "bridge": NaN, "tunnel": NaN, "access": NaN, "junction": NaN, "width": NaN, "est_width": NaN, "iri": 9.89999961853027}}, {"type": "Feature", "geometry": {"type": "LineString", "coordinates": [[-89.7354469, 15.8485599], [-89.7350584, 15.8485396]]}, "properties": {"osmid": "668699528", "oneway": "False", "lanes": NaN, "ref": "RD AV-10", "name": NaN, "highway": "secondary", "maxspeed": NaN, "length": 41.618, "bridge": NaN, "tunnel": NaN, "access": NaN, "junction": NaN, "width": NaN, "est_width": NaN, "iri": 9.89999961853027}}, {"type": "Feature", "geometry": {"type": "LineString", "coordinates": [[-89.7350584, 15.8485396], [-89.7346788, 15.8485837]]}, "properties": {"osmid": "668699528", "oneway": "False", "lanes": NaN, "ref": "RD AV-10", "name": NaN, "highway": "secondary", "maxspeed": NaN, "length": 40.9, "bridge": NaN, "tunnel": NaN, "access": NaN, "junction": NaN, "width": NaN, "est_width": NaN, "iri": 9.89999961853027}}, {"type": "Feature", "geometry": {"type": "LineString", "coordinates": [[-89.7346788, 15.8485837], [-89.7344996, 15.8486597]]}, "properties": {"osmid": "668699528", "oneway": "False", "lanes": NaN, "ref": "RD AV-10", "name": NaN, "highway": "secondary", "maxspeed": NaN, "length": 20.949, "bridge": NaN, "tunnel": NaN, "access": NaN, "junction": NaN, "width": NaN, "est_width": NaN, "iri": 9.89999961853027}}, {"type": "Feature", "geometry": {"type": "LineString", "coordinates": [[-89.7344996, 15.8486597], [-89.7344171, 15.8486947]]}, "properties": {"osmid": "668699528", "oneway": "False", "lanes": NaN, "ref": "RD AV-10", "name": NaN, "highway": "secondary", "maxspeed": NaN, "length": 9.645, "bridge": NaN, "tunnel": NaN, "access": NaN, "junction": NaN, "width": NaN, "est_width": NaN, "iri": 9.89999961853027}}, {"type": "Feature", "geometry": {"type": "LineString", "coordinates": [[-89.7344171, 15.8486947], [-89.7340858, 15.8490253]]}, "properties": {"osmid": "668699528", "oneway": "False", "lanes": NaN, "ref": "RD AV-10", "name": NaN, "highway": "secondary", "maxspeed": NaN, "length": 51.061, "bridge": NaN, "tunnel": NaN, "access": NaN, "junction": NaN, "width": NaN, "est_width": NaN, "iri": 9.89999961853027}}, {"type": "Feature", "geometry": {"type": "LineString", "coordinates": [[-89.7340858, 15.8490253], [-89.7338929, 15.8492179]]}, "properties": {"osmid": "668699528", "oneway": "False", "lanes": NaN, "ref": "RD AV-10", "name": NaN, "highway": "secondary", "maxspeed": NaN, "length": 29.739, "bridge": NaN, "tunnel": NaN, "access": NaN, "junction": NaN, "width": NaN, "est_width": NaN, "iri": 9.89999961853027}}, {"type": "Feature", "geometry": {"type": "LineString", "coordinates": [[-89.7338929, 15.8492179], [-89.7336461, 15.8494553]]}, "properties": {"osmid": "668699528", "oneway": "False", "lanes": NaN, "ref": "RD AV-10", "name": NaN, "highway": "secondary", "maxspeed": NaN, "length": 37.333, "bridge": NaN, "tunnel": NaN, "access": NaN, "junction": NaN, "width": NaN, "est_width": NaN, "iri": 9.89999961853027}}, {"type": "Feature", "geometry": {"type": "LineString", "coordinates": [[-89.7336461, 15.8494553], [-89.7334938, 15.8495696]]}, "properties": {"osmid": "668699528", "oneway": "False", "lanes": NaN, "ref": "RD AV-10", "name": NaN, "highway": "secondary", "maxspeed": NaN, "length": 20.662, "bridge": NaN, "tunnel": NaN, "access": NaN, "junction": NaN, "width": NaN, "est_width": NaN, "iri": 9.89999961853027}}, {"type": "Feature", "geometry": {"type": "LineString", "coordinates": [[-89.7334938, 15.8495696], [-89.7332492, 15.8497532]]}, "properties": {"osmid": "668699528", "oneway": "False", "lanes": NaN, "ref": "RD AV-10", "name": NaN, "highway": "secondary", "maxspeed": NaN, "length": 33.187, "bridge": NaN, "tunnel": NaN, "access": NaN, "junction": NaN, "width": NaN, "est_width": NaN, "iri": 9.89999961853027}}, {"type": "Feature", "geometry": {"type": "LineString", "coordinates": [[-89.7332492, 15.8497532], [-89.7325331, 15.8499563]]}, "properties": {"osmid": "668699528", "oneway": "False", "lanes": NaN, "ref": "RD AV-10", "name": NaN, "highway": "secondary", "maxspeed": NaN, "length": 79.859, "bridge": NaN, "tunnel": NaN, "access": NaN, "junction": NaN, "width": NaN, "est_width": NaN, "iri": 9.89999961853027}}, {"type": "Feature", "geometry": {"type": "LineString", "coordinates": [[-89.7325331, 15.8499563], [-89.7323966, 15.8499439]]}, "properties": {"osmid": "668699528", "oneway": "False", "lanes": NaN, "ref": "RD AV-10", "name": NaN, "highway": "secondary", "maxspeed": NaN, "length": 14.666, "bridge": NaN, "tunnel": NaN, "access": NaN, "junction": NaN, "width": NaN, "est_width": NaN, "iri": 9.89999961853027}}, {"type": "Feature", "geometry": {"type": "LineString", "coordinates": [[-89.7323966, 15.8499439], [-89.7316601, 15.8500198]]}, "properties": {"osmid": "668699528", "oneway": "False", "lanes": NaN, "ref": "RD AV-10", "name": NaN, "highway": "secondary", "maxspeed": NaN, "length": 79.232, "bridge": NaN, "tunnel": NaN, "access": NaN, "junction": NaN, "width": NaN, "est_width": NaN, "iri": 9.89999961853027}}, {"type": "Feature", "geometry": {"type": "LineString", "coordinates": [[-89.7316601, 15.8500198], [-89.7314321, 15.8500433]]}, "properties": {"osmid": "668699528", "oneway": "False", "lanes": NaN, "ref": "RD AV-10", "name": NaN, "highway": "secondary", "maxspeed": NaN, "length": 24.528, "bridge": NaN, "tunnel": NaN, "access": NaN, "junction": NaN, "width": NaN, "est_width": NaN, "iri": 9.89999961853027}}, {"type": "Feature", "geometry": {"type": "LineString", "coordinates": [[-89.7314321, 15.8500433], [-89.7289878, 15.8503631]]}, "properties": {"osmid": "668699528", "oneway": "False", "lanes": NaN, "ref": "RD AV-10", "name": NaN, "highway": "secondary", "maxspeed": NaN, "length": 263.867, "bridge": NaN, "tunnel": NaN, "access": NaN, "junction": NaN, "width": NaN, "est_width": NaN, "iri": 9.89999961853027}}, {"type": "Feature", "geometry": {"type": "LineString", "coordinates": [[-89.7289878, 15.8503631], [-89.7258999, 15.8507557]]}, "properties": {"osmid": "668699528", "oneway": "False", "lanes": NaN, "ref": "RD AV-10", "name": NaN, "highway": "secondary", "maxspeed": NaN, "length": 333.176, "bridge": NaN, "tunnel": NaN, "access": NaN, "junction": NaN, "width": NaN, "est_width": NaN, "iri": 9.89999961853027}}, {"type": "Feature", "geometry": {"type": "LineString", "coordinates": [[-89.7258999, 15.8507557], [-89.7239902, 15.8507764]]}, "properties": {"osmid": "668699528", "oneway": "False", "lanes": NaN, "ref": "RD AV-10", "name": NaN, "highway": "secondary", "maxspeed": NaN, "length": 204.288, "bridge": NaN, "tunnel": NaN, "access": NaN, "junction": NaN, "width": NaN, "est_width": NaN, "iri": 9.89999961853027}}, {"type": "Feature", "geometry": {"type": "LineString", "coordinates": [[-89.7239902, 15.8507764], [-89.7201659, 15.8507721]]}, "properties": {"osmid": "668699528", "oneway": "False", "lanes": NaN, "ref": "RD AV-10", "name": NaN, "highway": "secondary", "maxspeed": NaN, "length": 409.074, "bridge": NaN, "tunnel": NaN, "access": NaN, "junction": NaN, "width": NaN, "est_width": NaN, "iri": 9.89999961853027}}, {"type": "Feature", "geometry": {"type": "LineString", "coordinates": [[-89.7201659, 15.8507721], [-89.7197996, 15.8508451]]}, "properties": {"osmid": "668699528", "oneway": "False", "lanes": NaN, "ref": "RD AV-10", "name": NaN, "highway": "secondary", "maxspeed": NaN, "length": 40.014, "bridge": NaN, "tunnel": NaN, "access": NaN, "junction": NaN, "width": NaN, "est_width": NaN, "iri": 9.89999961853027}}, {"type": "Feature", "geometry": {"type": "LineString", "coordinates": [[-89.7197996, 15.8508451], [-89.7195471, 15.8510239]]}, "properties": {"osmid": "668699528", "oneway": "False", "lanes": NaN, "ref": "RD AV-10", "name": NaN, "highway": "secondary", "maxspeed": NaN, "length": 33.538, "bridge": NaN, "tunnel": NaN, "access": NaN, "junction": NaN, "width": NaN, "est_width": NaN, "iri": 9.89999961853027}}, {"type": "Feature", "geometry": {"type": "LineString", "coordinates": [[-89.7195471, 15.8510239], [-89.719326, 15.8512849]]}, "properties": {"osmid": "668699528", "oneway": "False", "lanes": NaN, "ref": "RD AV-10", "name": NaN, "highway": "secondary", "maxspeed": NaN, "length": 37.438, "bridge": NaN, "tunnel": NaN, "access": NaN, "junction": NaN, "width": NaN, "est_width": NaN, "iri": 9.89999961853027}}, {"type": "Feature", "geometry": {"type": "LineString", "coordinates": [[-89.719326, 15.8512849], [-89.719204, 15.8515942]]}, "properties": {"osmid": "668699528", "oneway": "False", "lanes": NaN, "ref": "RD AV-10", "name": NaN, "highway": "secondary", "maxspeed": NaN, "length": 36.785, "bridge": NaN, "tunnel": NaN, "access": NaN, "junction": NaN, "width": NaN, "est_width": NaN, "iri": 9.89999961853027}}, {"type": "Feature", "geometry": {"type": "LineString", "coordinates": [[-89.719204, 15.8515942], [-89.7187111, 15.8555839]]}, "properties": {"osmid": "668699528", "oneway": "False", "lanes": NaN, "ref": "RD AV-10", "name": NaN, "highway": "secondary", "maxspeed": NaN, "length": 446.757, "bridge": NaN, "tunnel": NaN, "access": NaN, "junction": NaN, "width": NaN, "est_width": NaN, "iri": 9.89999961853027}}, {"type": "Feature", "geometry": {"type": "LineString", "coordinates": [[-89.7187111, 15.8555839], [-89.7185677, 15.8558615]]}, "properties": {"osmid": "668699528", "oneway": "False", "lanes": NaN, "ref": "RD AV-10", "name": NaN, "highway": "secondary", "maxspeed": NaN, "length": 34.469, "bridge": NaN, "tunnel": NaN, "access": NaN, "junction": NaN, "width": NaN, "est_width": NaN, "iri": 9.89999961853027}}, {"type": "Feature", "geometry": {"type": "LineString", "coordinates": [[-89.7185677, 15.8558615], [-89.7181215, 15.8563606]]}, "properties": {"osmid": "668699528", "oneway": "False", "lanes": NaN, "ref": "RD AV-10", "name": NaN, "highway": "secondary", "maxspeed": NaN, "length": 73.198, "bridge": NaN, "tunnel": NaN, "access": NaN, "junction": NaN, "width": NaN, "est_width": NaN, "iri": 9.89999961853027}}, {"type": "Feature", "geometry": {"type": "LineString", "coordinates": [[-89.7181215, 15.8563606], [-89.717663, 15.8567733]]}, "properties": {"osmid": "668699528", "oneway": "False", "lanes": NaN, "ref": "RD AV-10", "name": NaN, "highway": "secondary", "maxspeed": NaN, "length": 67.165, "bridge": NaN, "tunnel": NaN, "access": NaN, "junction": NaN, "width": NaN, "est_width": NaN, "iri": 9.89999961853027}}, {"type": "Feature", "geometry": {"type": "LineString", "coordinates": [[-89.717663, 15.8567733], [-89.7174137, 15.8571781]]}, "properties": {"osmid": "668699528", "oneway": "False", "lanes": NaN, "ref": "RD AV-10", "name": NaN, "highway": "secondary", "maxspeed": NaN, "length": 52.318, "bridge": NaN, "tunnel": NaN, "access": NaN, "junction": NaN, "width": NaN, "est_width": NaN, "iri": 9.89999961853027}}, {"type": "Feature", "geometry": {"type": "LineString", "coordinates": [[-89.7174137, 15.8571781], [-89.7173416, 15.8574563]]}, "properties": {"osmid": "668699528", "oneway": "False", "lanes": NaN, "ref": "RD AV-10", "name": NaN, "highway": "secondary", "maxspeed": NaN, "length": 31.881, "bridge": NaN, "tunnel": NaN, "access": NaN, "junction": NaN, "width": NaN, "est_width": NaN, "iri": 9.89999961853027}}, {"type": "Feature", "geometry": {"type": "LineString", "coordinates": [[-89.7173416, 15.8574563], [-89.717433, 15.8578685]]}, "properties": {"osmid": "668699528", "oneway": "False", "lanes": NaN, "ref": "RD AV-10", "name": NaN, "highway": "secondary", "maxspeed": NaN, "length": 46.866, "bridge": NaN, "tunnel": NaN, "access": NaN, "junction": NaN, "width": NaN, "est_width": NaN, "iri": 9.89999961853027}}, {"type": "Feature", "geometry": {"type": "LineString", "coordinates": [[-89.717433, 15.8578685], [-89.7176101, 15.8587617]]}, "properties": {"osmid": "668699528", "oneway": "False", "lanes": NaN, "ref": "RD AV-10", "name": NaN, "highway": "secondary", "maxspeed": NaN, "length": 101.11, "bridge": NaN, "tunnel": NaN, "access": NaN, "junction": NaN, "width": NaN, "est_width": NaN, "iri": 9.89999961853027}}, {"type": "Feature", "geometry": {"type": "LineString", "coordinates": [[-89.7176101, 15.8587617], [-89.7178621, 15.8591792]]}, "properties": {"osmid": "668699528", "oneway": "False", "lanes": NaN, "ref": "RD AV-10", "name": NaN, "highway": "secondary", "maxspeed": NaN, "length": 53.682, "bridge": NaN, "tunnel": NaN, "access": NaN, "junction": NaN, "width": NaN, "est_width": NaN, "iri": 9.89999961853027}}, {"type": "Feature", "geometry": {"type": "LineString", "coordinates": [[-89.7178621, 15.8591792], [-89.718305, 15.8597315]]}, "properties": {"osmid": "668699528", "oneway": "False", "lanes": NaN, "ref": "RD AV-10", "name": NaN, "highway": "secondary", "maxspeed": NaN, "length": 77.562, "bridge": NaN, "tunnel": NaN, "access": NaN, "junction": NaN, "width": NaN, "est_width": NaN, "iri": 9.89999961853027}}, {"type": "Feature", "geometry": {"type": "LineString", "coordinates": [[-89.718305, 15.8597315], [-89.7188598, 15.860441]]}, "properties": {"osmid": "668699528", "oneway": "False", "lanes": NaN, "ref": "RD AV-10", "name": NaN, "highway": "secondary", "maxspeed": NaN, "length": 98.72, "bridge": NaN, "tunnel": NaN, "access": NaN, "junction": NaN, "width": NaN, "est_width": NaN, "iri": 9.89999961853027}}, {"type": "Feature", "geometry": {"type": "LineString", "coordinates": [[-89.7188598, 15.860441], [-89.7191143, 15.8609676]]}, "properties": {"osmid": "668699528", "oneway": "False", "lanes": NaN, "ref": "RD AV-10", "name": NaN, "highway": "secondary", "maxspeed": NaN, "length": 64.574, "bridge": NaN, "tunnel": NaN, "access": NaN, "junction": NaN, "width": NaN, "est_width": NaN, "iri": 9.89999961853027}}, {"type": "Feature", "geometry": {"type": "LineString", "coordinates": [[-89.7191143, 15.8609676], [-89.719353, 15.8615482]]}, "properties": {"osmid": "668699528", "oneway": "False", "lanes": NaN, "ref": "RD AV-10", "name": NaN, "highway": "secondary", "maxspeed": NaN, "length": 69.425, "bridge": NaN, "tunnel": NaN, "access": NaN, "junction": NaN, "width": NaN, "est_width": NaN, "iri": 9.89999961853027}}, {"type": "Feature", "geometry": {"type": "LineString", "coordinates": [[-89.719353, 15.8615482], [-89.7199334, 15.8633833]]}, "properties": {"osmid": "668699528", "oneway": "False", "lanes": NaN, "ref": "RD AV-10", "name": NaN, "highway": "secondary", "maxspeed": NaN, "length": 213.289, "bridge": NaN, "tunnel": NaN, "access": NaN, "junction": NaN, "width": NaN, "est_width": NaN, "iri": 9.89999961853027}}, {"type": "Feature", "geometry": {"type": "LineString", "coordinates": [[-89.7199334, 15.8633833], [-89.7207156, 15.8653347]]}, "properties": {"osmid": "668699528", "oneway": "False", "lanes": NaN, "ref": "RD AV-10", "name": NaN, "highway": "secondary", "maxspeed": NaN, "length": 232.557, "bridge": NaN, "tunnel": NaN, "access": NaN, "junction": NaN, "width": NaN, "est_width": NaN, "iri": 9.89999961853027}}, {"type": "Feature", "geometry": {"type": "LineString", "coordinates": [[-89.7207156, 15.8653347], [-89.7212928, 15.8664606]]}, "properties": {"osmid": "668699528", "oneway": "False", "lanes": NaN, "ref": "RD AV-10", "name": NaN, "highway": "secondary", "maxspeed": NaN, "length": 139.589, "bridge": NaN, "tunnel": NaN, "access": NaN, "junction": NaN, "width": NaN, "est_width": NaN, "iri": 9.89999961853027}}, {"type": "Feature", "geometry": {"type": "LineString", "coordinates": [[-89.7212928, 15.8664606], [-89.7214452, 15.8666875]]}, "properties": {"osmid": "668699528", "oneway": "False", "lanes": NaN, "ref": "RD AV-10", "name": NaN, "highway": "secondary", "maxspeed": NaN, "length": 30.038, "bridge": NaN, "tunnel": NaN, "access": NaN, "junction": NaN, "width": NaN, "est_width": NaN, "iri": 9.89999961853027}}, {"type": "Feature", "geometry": {"type": "LineString", "coordinates": [[-89.7214452, 15.8666875], [-89.7216806, 15.8668551]]}, "properties": {"osmid": "668699528", "oneway": "False", "lanes": NaN, "ref": "RD AV-10", "name": NaN, "highway": "secondary", "maxspeed": NaN, "length": 31.325, "bridge": NaN, "tunnel": NaN, "access": NaN, "junction": NaN, "width": NaN, "est_width": NaN, "iri": 9.89999961853027}}, {"type": "Feature", "geometry": {"type": "LineString", "coordinates": [[-89.7216806, 15.8668551], [-89.7263693, 15.8678282]]}, "properties": {"osmid": "668699528", "oneway": "False", "lanes": NaN, "ref": "RD AV-10", "name": NaN, "highway": "secondary", "maxspeed": NaN, "length": 513.036, "bridge": NaN, "tunnel": NaN, "access": NaN, "junction": NaN, "width": NaN, "est_width": NaN, "iri": 9.89999961853027}}, {"type": "Feature", "geometry": {"type": "LineString", "coordinates": [[-89.7263693, 15.8678282], [-89.7279368, 15.8681756]]}, "properties": {"osmid": "668699528", "oneway": "False", "lanes": NaN, "ref": "RD AV-10", "name": NaN, "highway": "secondary", "maxspeed": NaN, "length": 172.049, "bridge": NaN, "tunnel": NaN, "access": NaN, "junction": NaN, "width": NaN, "est_width": NaN, "iri": 9.89999961853027}}, {"type": "Feature", "geometry": {"type": "LineString", "coordinates": [[-89.7279368, 15.8681756], [-89.7307062, 15.8688913]]}, "properties": {"osmid": "668699528", "oneway": "False", "lanes": NaN, "ref": "RD AV-10", "name": NaN, "highway": "secondary", "maxspeed": NaN, "length": 306.713, "bridge": NaN, "tunnel": NaN, "access": NaN, "junction": NaN, "width": NaN, "est_width": NaN, "iri": 9.89999961853027}}, {"type": "Feature", "geometry": {"type": "LineString", "coordinates": [[-89.7307062, 15.8688913], [-89.7316935, 15.8690538]]}, "properties": {"osmid": "668699528", "oneway": "False", "lanes": NaN, "ref": "RD AV-10", "name": NaN, "highway": "secondary", "maxspeed": NaN, "length": 107.134, "bridge": NaN, "tunnel": NaN, "access": NaN, "junction": NaN, "width": NaN, "est_width": NaN, "iri": 9.89999961853027}}, {"type": "Feature", "geometry": {"type": "LineString", "coordinates": [[-89.7316935, 15.8690538], [-89.7325812, 15.8690385]]}, "properties": {"osmid": "668699528", "oneway": "False", "lanes": NaN, "ref": "RD AV-10", "name": NaN, "highway": "secondary", "maxspeed": NaN, "length": 94.961, "bridge": NaN, "tunnel": NaN, "access": NaN, "junction": NaN, "width": NaN, "est_width": NaN, "iri": 9.89999961853027}}, {"type": "Feature", "geometry": {"type": "LineString", "coordinates": [[-89.7325812, 15.8690385], [-89.7335496, 15.8688681]]}, "properties": {"osmid": "668699528", "oneway": "False", "lanes": NaN, "ref": "RD AV-10", "name": NaN, "highway": "secondary", "maxspeed": NaN, "length": 105.296, "bridge": NaN, "tunnel": NaN, "access": NaN, "junction": NaN, "width": NaN, "est_width": NaN, "iri": 9.89999961853027}}, {"type": "Feature", "geometry": {"type": "LineString", "coordinates": [[-89.7335496, 15.8688681], [-89.7361083, 15.8684088]]}, "properties": {"osmid": "668699528", "oneway": "False", "lanes": NaN, "ref": "RD AV-10", "name": NaN, "highway": "secondary", "maxspeed": NaN, "length": 278.397, "bridge": NaN, "tunnel": NaN, "access": NaN, "junction": NaN, "width": NaN, "est_width": NaN, "iri": 9.89999961853027}}, {"type": "Feature", "geometry": {"type": "LineString", "coordinates": [[-89.7361083, 15.8684088], [-89.7365924, 15.8683185]]}, "properties": {"osmid": "668699528", "oneway": "False", "lanes": NaN, "ref": "RD AV-10", "name": NaN, "highway": "secondary", "maxspeed": NaN, "length": 52.743, "bridge": NaN, "tunnel": NaN, "access": NaN, "junction": NaN, "width": NaN, "est_width": NaN, "iri": 9.89999961853027}}, {"type": "Feature", "geometry": {"type": "LineString", "coordinates": [[-89.7365924, 15.8683185], [-89.7370203, 15.8682489]]}, "properties": {"osmid": "668699528", "oneway": "False", "lanes": NaN, "ref": "RD AV-10", "name": NaN, "highway": "secondary", "maxspeed": NaN, "length": 46.417, "bridge": NaN, "tunnel": NaN, "access": NaN, "junction": NaN, "width": NaN, "est_width": NaN, "iri": 9.89999961853027}}, {"type": "Feature", "geometry": {"type": "LineString", "coordinates": [[-89.7370203, 15.8682489], [-89.7374104, 15.8682192]]}, "properties": {"osmid": "668699528", "oneway": "False", "lanes": NaN, "ref": "RD AV-10", "name": NaN, "highway": "secondary", "maxspeed": NaN, "length": 41.855, "bridge": NaN, "tunnel": NaN, "access": NaN, "junction": NaN, "width": NaN, "est_width": NaN, "iri": 9.89999961853027}}, {"type": "Feature", "geometry": {"type": "LineString", "coordinates": [[-89.7374104, 15.8682192], [-89.7376921, 15.8682846]]}, "properties": {"osmid": "668699528", "oneway": "False", "lanes": NaN, "ref": "RD AV-10", "name": NaN, "highway": "secondary", "maxspeed": NaN, "length": 30.995, "bridge": NaN, "tunnel": NaN, "access": NaN, "junction": NaN, "width": NaN, "est_width": NaN, "iri": 9.89999961853027}}, {"type": "Feature", "geometry": {"type": "LineString", "coordinates": [[-89.7376921, 15.8682846], [-89.7379591, 15.868414]]}, "properties": {"osmid": "668699528", "oneway": "False", "lanes": NaN, "ref": "RD AV-10", "name": NaN, "highway": "secondary", "maxspeed": NaN, "length": 31.978, "bridge": NaN, "tunnel": NaN, "access": NaN, "junction": NaN, "width": NaN, "est_width": NaN, "iri": 9.89999961853027}}, {"type": "Feature", "geometry": {"type": "LineString", "coordinates": [[-89.7379591, 15.868414], [-89.7381308, 15.8686204]]}, "properties": {"osmid": "668699528", "oneway": "False", "lanes": NaN, "ref": "RD AV-10", "name": NaN, "highway": "secondary", "maxspeed": NaN, "length": 29.394, "bridge": NaN, "tunnel": NaN, "access": NaN, "junction": NaN, "width": NaN, "est_width": NaN, "iri": 9.89999961853027}}, {"type": "Feature", "geometry": {"type": "LineString", "coordinates": [[-89.7381308, 15.8686204], [-89.738399, 15.8691467]]}, "properties": {"osmid": "668699528", "oneway": "False", "lanes": NaN, "ref": "RD AV-10", "name": NaN, "highway": "secondary", "maxspeed": NaN, "length": 65.174, "bridge": NaN, "tunnel": NaN, "access": NaN, "junction": NaN, "width": NaN, "est_width": NaN, "iri": 9.89999961853027}}, {"type": "Feature", "geometry": {"type": "LineString", "coordinates": [[-89.738399, 15.8691467], [-89.7385262, 15.8694575]]}, "properties": {"osmid": "668699528", "oneway": "False", "lanes": NaN, "ref": "RD AV-10", "name": NaN, "highway": "secondary", "maxspeed": NaN, "length": 37.141, "bridge": NaN, "tunnel": NaN, "access": NaN, "junction": NaN, "width": NaN, "est_width": NaN, "iri": 9.89999961853027}}, {"type": "Feature", "geometry": {"type": "LineString", "coordinates": [[-89.7385262, 15.8694575], [-89.7386564, 15.8698898]]}, "properties": {"osmid": "668699528", "oneway": "False", "lanes": NaN, "ref": "RD AV-10", "name": NaN, "highway": "secondary", "maxspeed": NaN, "length": 50.046, "bridge": NaN, "tunnel": NaN, "access": NaN, "junction": NaN, "width": NaN, "est_width": NaN, "iri": 9.89999961853027}}, {"type": "Feature", "geometry": {"type": "LineString", "coordinates": [[-89.7386564, 15.8698898], [-89.7386564, 15.8701374]]}, "properties": {"osmid": "668699528", "oneway": "False", "lanes": NaN, "ref": "RD AV-10", "name": NaN, "highway": "secondary", "maxspeed": NaN, "length": 27.532, "bridge": NaN, "tunnel": NaN, "access": NaN, "junction": NaN, "width": NaN, "est_width": NaN, "iri": 9.89999961853027}}, {"type": "Feature", "geometry": {"type": "LineString", "coordinates": [[-89.7386564, 15.8701374], [-89.7385718, 15.8703589]]}, "properties": {"osmid": "668699528", "oneway": "False", "lanes": NaN, "ref": "RD AV-10", "name": NaN, "highway": "secondary", "maxspeed": NaN, "length": 26.239, "bridge": NaN, "tunnel": NaN, "access": NaN, "junction": NaN, "width": NaN, "est_width": NaN, "iri": 9.89999961853027}}, {"type": "Feature", "geometry": {"type": "LineString", "coordinates": [[-89.7385718, 15.8703589], [-89.7384377, 15.8705498]]}, "properties": {"osmid": "668699528", "oneway": "False", "lanes": NaN, "ref": "RD AV-10", "name": NaN, "highway": "secondary", "maxspeed": NaN, "length": 25.619, "bridge": NaN, "tunnel": NaN, "access": NaN, "junction": NaN, "width": NaN, "est_width": NaN, "iri": 9.89999961853027}}, {"type": "Feature", "geometry": {"type": "LineString", "coordinates": [[-89.7384377, 15.8705498], [-89.7382327, 15.8707102]]}, "properties": {"osmid": "668699528", "oneway": "False", "lanes": NaN, "ref": "RD AV-10", "name": NaN, "highway": "secondary", "maxspeed": NaN, "length": 28.264, "bridge": NaN, "tunnel": NaN, "access": NaN, "junction": NaN, "width": NaN, "est_width": NaN, "iri": 9.89999961853027}}, {"type": "Feature", "geometry": {"type": "LineString", "coordinates": [[-89.7382327, 15.8707102], [-89.7372993, 15.8714429]]}, "properties": {"osmid": "668699528", "oneway": "False", "lanes": NaN, "ref": "RD AV-10", "name": NaN, "highway": "secondary", "maxspeed": NaN, "length": 128.858, "bridge": NaN, "tunnel": NaN, "access": NaN, "junction": NaN, "width": NaN, "est_width": NaN, "iri": 9.89999961853027}}, {"type": "Feature", "geometry": {"type": "LineString", "coordinates": [[-89.7372993, 15.8714429], [-89.7366824, 15.8718712]]}, "properties": {"osmid": "668699528", "oneway": "False", "lanes": NaN, "ref": "RD AV-10", "name": NaN, "highway": "secondary", "maxspeed": NaN, "length": 81.373, "bridge": NaN, "tunnel": NaN, "access": NaN, "junction": NaN, "width": NaN, "est_width": NaN, "iri": 9.89999961853027}}, {"type": "Feature", "geometry": {"type": "LineString", "coordinates": [[-89.7366824, 15.8718712], [-89.7357704, 15.8721704]]}, "properties": {"osmid": "668699528", "oneway": "False", "lanes": NaN, "ref": "RD AV-10", "name": NaN, "highway": "secondary", "maxspeed": NaN, "length": 103.061, "bridge": NaN, "tunnel": NaN, "access": NaN, "junction": NaN, "width": NaN, "est_width": NaN, "iri": 9.89999961853027}}, {"type": "Feature", "geometry": {"type": "LineString", "coordinates": [[-89.7357704, 15.8721704], [-89.7353198, 15.872253]]}, "properties": {"osmid": "668699528", "oneway": "False", "lanes": NaN, "ref": "RD AV-10", "name": NaN, "highway": "secondary", "maxspeed": NaN, "length": 49.062, "bridge": NaN, "tunnel": NaN, "access": NaN, "junction": NaN, "width": NaN, "est_width": NaN, "iri": 9.89999961853027}}, {"type": "Feature", "geometry": {"type": "LineString", "coordinates": [[-89.7353198, 15.872253], [-89.7330948, 15.8724651]]}, "properties": {"osmid": "668699528", "oneway": "False", "lanes": NaN, "ref": "RD AV-10", "name": NaN, "highway": "secondary", "maxspeed": NaN, "length": 239.142, "bridge": NaN, "tunnel": NaN, "access": NaN, "junction": NaN, "width": NaN, "est_width": NaN, "iri": 9.89999961853027}}, {"type": "Feature", "geometry": {"type": "LineString", "coordinates": [[-89.7330948, 15.8724651], [-89.7319882, 15.8725373]]}, "properties": {"osmid": "668699528", "oneway": "False", "lanes": NaN, "ref": "RD AV-10", "name": NaN, "highway": "secondary", "maxspeed": NaN, "length": 118.629, "bridge": NaN, "tunnel": NaN, "access": NaN, "junction": NaN, "width": NaN, "est_width": NaN, "iri": 9.89999961853027}}, {"type": "Feature", "geometry": {"type": "LineString", "coordinates": [[-89.7319882, 15.8725373], [-89.7317228, 15.8726257]]}, "properties": {"osmid": "668699528", "oneway": "False", "lanes": NaN, "ref": "RD AV-10", "name": NaN, "highway": "secondary", "maxspeed": NaN, "length": 30.04, "bridge": NaN, "tunnel": NaN, "access": NaN, "junction": NaN, "width": NaN, "est_width": NaN, "iri": 9.89999961853027}}, {"type": "Feature", "geometry": {"type": "LineString", "coordinates": [[-89.7317228, 15.8726257], [-89.7314789, 15.8727793]]}, "properties": {"osmid": "668699528", "oneway": "False", "lanes": NaN, "ref": "RD AV-10", "name": NaN, "highway": "secondary", "maxspeed": NaN, "length": 31.18, "bridge": NaN, "tunnel": NaN, "access": NaN, "junction": NaN, "width": NaN, "est_width": NaN, "iri": 9.89999961853027}}, {"type": "Feature", "geometry": {"type": "LineString", "coordinates": [[-89.7314789, 15.8727793], [-89.7312965, 15.872996]]}, "properties": {"osmid": "668699528", "oneway": "False", "lanes": NaN, "ref": "RD AV-10", "name": NaN, "highway": "secondary", "maxspeed": NaN, "length": 31.003, "bridge": NaN, "tunnel": NaN, "access": NaN, "junction": NaN, "width": NaN, "est_width": NaN, "iri": 9.89999961853027}}, {"type": "Feature", "geometry": {"type": "LineString", "coordinates": [[-89.7312965, 15.872996], [-89.7311753, 15.87333]]}, "properties": {"osmid": "668699528", "oneway": "False", "lanes": NaN, "ref": "RD AV-10", "name": NaN, "highway": "secondary", "maxspeed": NaN, "length": 39.336, "bridge": NaN, "tunnel": NaN, "access": NaN, "junction": NaN, "width": NaN, "est_width": NaN, "iri": 9.89999961853027}}, {"type": "Feature", "geometry": {"type": "LineString", "coordinates": [[-89.7311753, 15.87333], [-89.731039, 15.8744975]]}, "properties": {"osmid": "668699528", "oneway": "False", "lanes": NaN, "ref": "RD AV-10", "name": NaN, "highway": "secondary", "maxspeed": NaN, "length": 130.636, "bridge": NaN, "tunnel": NaN, "access": NaN, "junction": NaN, "width": NaN, "est_width": NaN, "iri": 9.89999961853027}}, {"type": "Feature", "geometry": {"type": "LineString", "coordinates": [[-89.731039, 15.8744975], [-89.7309639, 15.8747917]]}, "properties": {"osmid": "668699528", "oneway": "False", "lanes": NaN, "ref": "RD AV-10", "name": NaN, "highway": "secondary", "maxspeed": NaN, "length": 33.685, "bridge": NaN, "tunnel": NaN, "access": NaN, "junction": NaN, "width": NaN, "est_width": NaN, "iri": 9.89999961853027}}, {"type": "Feature", "geometry": {"type": "LineString", "coordinates": [[-89.7309639, 15.8747917], [-89.7308218, 15.8749903]]}, "properties": {"osmid": "668699528", "oneway": "False", "lanes": NaN, "ref": "RD AV-10", "name": NaN, "highway": "secondary", "maxspeed": NaN, "length": 26.808, "bridge": NaN, "tunnel": NaN, "access": NaN, "junction": NaN, "width": NaN, "est_width": NaN, "iri": 9.89999961853027}}, {"type": "Feature", "geometry": {"type": "LineString", "coordinates": [[-89.7308218, 15.8749903], [-89.730626, 15.8751579]]}, "properties": {"osmid": "668699528", "oneway": "False", "lanes": NaN, "ref": "RD AV-10", "name": NaN, "highway": "secondary", "maxspeed": NaN, "length": 28.033, "bridge": NaN, "tunnel": NaN, "access": NaN, "junction": NaN, "width": NaN, "est_width": NaN, "iri": 9.89999961853027}}, {"type": "Feature", "geometry": {"type": "LineString", "coordinates": [[-89.730626, 15.8751579], [-89.7304757, 15.8752715]]}, "properties": {"osmid": "668699528", "oneway": "False", "lanes": NaN, "ref": "RD AV-10", "name": NaN, "highway": "secondary", "maxspeed": NaN, "length": 20.444, "bridge": NaN, "tunnel": NaN, "access": NaN, "junction": NaN, "width": NaN, "est_width": NaN, "iri": 9.89999961853027}}, {"type": "Feature", "geometry": {"type": "LineString", "coordinates": [[-89.7304757, 15.8752715], [-89.7298213, 15.8757875]]}, "properties": {"osmid": "668699528", "oneway": "False", "lanes": NaN, "ref": "RD AV-10", "name": NaN, "highway": "secondary", "maxspeed": NaN, "length": 90.503, "bridge": NaN, "tunnel": NaN, "access": NaN, "junction": NaN, "width": NaN, "est_width": NaN, "iri": 9.89999961853027}}, {"type": "Feature", "geometry": {"type": "LineString", "coordinates": [[-89.7298213, 15.8757875], [-89.7290971, 15.876417]]}, "properties": {"osmid": "668699528", "oneway": "False", "lanes": NaN, "ref": "RD AV-10", "name": NaN, "highway": "secondary", "maxspeed": NaN, "length": 104.398, "bridge": NaN, "tunnel": NaN, "access": NaN, "junction": NaN, "width": NaN, "est_width": NaN, "iri": 9.89999961853027}}, {"type": "Feature", "geometry": {"type": "LineString", "coordinates": [[-89.7290971, 15.876417], [-89.728684, 15.8768142]]}, "properties": {"osmid": "668699528", "oneway": "False", "lanes": NaN, "ref": "RD AV-10", "name": NaN, "highway": "secondary", "maxspeed": NaN, "length": 62.472, "bridge": NaN, "tunnel": NaN, "access": NaN, "junction": NaN, "width": NaN, "est_width": NaN, "iri": 9.89999961853027}}, {"type": "Feature", "geometry": {"type": "LineString", "coordinates": [[-89.728684, 15.8768142], [-89.7283139, 15.8771858]]}, "properties": {"osmid": "668699528", "oneway": "False", "lanes": NaN, "ref": "RD AV-10", "name": NaN, "highway": "secondary", "maxspeed": NaN, "length": 57.221, "bridge": NaN, "tunnel": NaN, "access": NaN, "junction": NaN, "width": NaN, "est_width": NaN, "iri": 9.89999961853027}}, {"type": "Feature", "geometry": {"type": "LineString", "coordinates": [[-89.7283139, 15.8771858], [-89.7280572, 15.8773996]]}, "properties": {"osmid": "668699528", "oneway": "False", "lanes": NaN, "ref": "RD AV-10", "name": NaN, "highway": "secondary", "maxspeed": NaN, "length": 36.317, "bridge": NaN, "tunnel": NaN, "access": NaN, "junction": NaN, "width": NaN, "est_width": NaN, "iri": 9.89999961853027}}, {"type": "Feature", "geometry": {"type": "LineString", "coordinates": [[-89.7280572, 15.8773996], [-89.7277898, 15.8775617]]}, "properties": {"osmid": "668699528", "oneway": "False", "lanes": NaN, "ref": "RD AV-10", "name": NaN, "highway": "secondary", "maxspeed": NaN, "length": 33.805, "bridge": NaN, "tunnel": NaN, "access": NaN, "junction": NaN, "width": NaN, "est_width": NaN, "iri": 9.89999961853027}}, {"type": "Feature", "geometry": {"type": "LineString", "coordinates": [[-89.7277898, 15.8775617], [-89.7260018, 15.8784035]]}, "properties": {"osmid": "668699528", "oneway": "False", "lanes": NaN, "ref": "RD AV-10", "name": NaN, "highway": "secondary", "maxspeed": NaN, "length": 212.911, "bridge": NaN, "tunnel": NaN, "access": NaN, "junction": NaN, "width": NaN, "est_width": NaN, "iri": 9.89999961853027}}, {"type": "Feature", "geometry": {"type": "LineString", "coordinates": [[-89.7260018, 15.8784035], [-89.725814, 15.8785015]]}, "properties": {"osmid": "668699528", "oneway": "False", "lanes": NaN, "ref": "RD AV-10", "name": NaN, "highway": "secondary", "maxspeed": NaN, "length": 22.851, "bridge": NaN, "tunnel": NaN, "access": NaN, "junction": NaN, "width": NaN, "est_width": NaN, "iri": 9.89999961853027}}, {"type": "Feature", "geometry": {"type": "LineString", "coordinates": [[-89.725814, 15.8785015], [-89.7255405, 15.8787363]]}, "properties": {"osmid": "668699528", "oneway": "False", "lanes": NaN, "ref": "RD AV-10", "name": NaN, "highway": "secondary", "maxspeed": NaN, "length": 39.208, "bridge": NaN, "tunnel": NaN, "access": NaN, "junction": NaN, "width": NaN, "est_width": NaN, "iri": 9.89999961853027}}, {"type": "Feature", "geometry": {"type": "LineString", "coordinates": [[-89.7255405, 15.8787363], [-89.7252347, 15.8790382]]}, "properties": {"osmid": "668699528", "oneway": "False", "lanes": NaN, "ref": "RD AV-10", "name": NaN, "highway": "secondary", "maxspeed": NaN, "length": 46.868, "bridge": NaN, "tunnel": NaN, "access": NaN, "junction": NaN, "width": NaN, "est_width": NaN, "iri": 9.89999961853027}}, {"type": "Feature", "geometry": {"type": "LineString", "coordinates": [[-89.7252347, 15.8790382], [-89.7247895, 15.8795232]]}, "properties": {"osmid": "668699528", "oneway": "False", "lanes": NaN, "ref": "RD AV-10", "name": NaN, "highway": "secondary", "maxspeed": NaN, "length": 71.942, "bridge": NaN, "tunnel": NaN, "access": NaN, "junction": NaN, "width": NaN, "est_width": NaN, "iri": 9.89999961853027}}, {"type": "Feature", "geometry": {"type": "LineString", "coordinates": [[-89.7247895, 15.8795232], [-89.7245802, 15.879941]]}, "properties": {"osmid": "668699528", "oneway": "False", "lanes": NaN, "ref": "RD AV-10", "name": NaN, "highway": "secondary", "maxspeed": NaN, "length": 51.569, "bridge": NaN, "tunnel": NaN, "access": NaN, "junction": NaN, "width": NaN, "est_width": NaN, "iri": 9.89999961853027}}, {"type": "Feature", "geometry": {"type": "LineString", "coordinates": [[-89.7245802, 15.879941], [-89.7242315, 15.8805912]]}, "properties": {"osmid": "668699528", "oneway": "False", "lanes": NaN, "ref": "RD AV-10", "name": NaN, "highway": "secondary", "maxspeed": NaN, "length": 81.351, "bridge": NaN, "tunnel": NaN, "access": NaN, "junction": NaN, "width": NaN, "est_width": NaN, "iri": 9.89999961853027}}, {"type": "Feature", "geometry": {"type": "LineString", "coordinates": [[-89.7242315, 15.8805912], [-89.7239338, 15.8809988]]}, "properties": {"osmid": "668699528", "oneway": "False", "lanes": NaN, "ref": "RD AV-10", "name": NaN, "highway": "secondary", "maxspeed": NaN, "length": 55.389, "bridge": NaN, "tunnel": NaN, "access": NaN, "junction": NaN, "width": NaN, "est_width": NaN, "iri": 9.89999961853027}}, {"type": "Feature", "geometry": {"type": "LineString", "coordinates": [[-89.7239338, 15.8809988], [-89.7236468, 15.8812361]]}, "properties": {"osmid": "668699528", "oneway": "False", "lanes": NaN, "ref": "RD AV-10", "name": NaN, "highway": "secondary", "maxspeed": NaN, "length": 40.478, "bridge": NaN, "tunnel": NaN, "access": NaN, "junction": NaN, "width": NaN, "est_width": NaN, "iri": 9.89999961853027}}, {"type": "Feature", "geometry": {"type": "LineString", "coordinates": [[-89.7236468, 15.8812361], [-89.7233196, 15.8813961]]}, "properties": {"osmid": "668699528", "oneway": "False", "lanes": NaN, "ref": "RD AV-10", "name": NaN, "highway": "secondary", "maxspeed": NaN, "length": 39.257, "bridge": NaN, "tunnel": NaN, "access": NaN, "junction": NaN, "width": NaN, "est_width": NaN, "iri": 9.89999961853027}}, {"type": "Feature", "geometry": {"type": "LineString", "coordinates": [[-89.7233196, 15.8813961], [-89.7177951, 15.8830853]]}, "properties": {"osmid": "668699528", "oneway": "False", "lanes": NaN, "ref": "RD AV-10", "name": NaN, "highway": "secondary", "maxspeed": NaN, "length": 619.984, "bridge": NaN, "tunnel": NaN, "access": NaN, "junction": NaN, "width": NaN, "est_width": NaN, "iri": 9.89999961853027}}, {"type": "Feature", "geometry": {"type": "LineString", "coordinates": [[-89.7177951, 15.8830853], [-89.7167908, 15.8833054]]}, "properties": {"osmid": "668699528", "oneway": "False", "lanes": NaN, "ref": "RD AV-10", "name": NaN, "highway": "secondary", "maxspeed": NaN, "length": 110.163, "bridge": NaN, "tunnel": NaN, "access": NaN, "junction": NaN, "width": NaN, "est_width": NaN, "iri": 9.89999961853027}}, {"type": "Feature", "geometry": {"type": "LineString", "coordinates": [[-89.7167908, 15.8833054], [-89.7158135, 15.8831324]]}, "properties": {"osmid": "668699528", "oneway": "False", "lanes": NaN, "ref": "RD AV-10", "name": NaN, "highway": "secondary", "maxspeed": NaN, "length": 106.278, "bridge": NaN, "tunnel": NaN, "access": NaN, "junction": NaN, "width": NaN, "est_width": NaN, "iri": 9.89999961853027}}, {"type": "Feature", "geometry": {"type": "LineString", "coordinates": [[-89.7158135, 15.8831324], [-89.7155465, 15.8830651]]}, "properties": {"osmid": "668699528", "oneway": "False", "lanes": NaN, "ref": "RD AV-10", "name": NaN, "highway": "secondary", "maxspeed": NaN, "length": 29.52, "bridge": NaN, "tunnel": NaN, "access": NaN, "junction": NaN, "width": NaN, "est_width": NaN, "iri": 9.89999961853027}}, {"type": "Feature", "geometry": {"type": "LineString", "coordinates": [[-89.7155465, 15.8830651], [-89.7153073, 15.8830047]]}, "properties": {"osmid": "668699528", "oneway": "False", "lanes": NaN, "ref": "RD AV-10", "name": NaN, "highway": "secondary", "maxspeed": NaN, "length": 26.449, "bridge": NaN, "tunnel": NaN, "access": NaN, "junction": NaN, "width": NaN, "est_width": NaN, "iri": 9.89999961853027}}, {"type": "Feature", "geometry": {"type": "LineString", "coordinates": [[-89.7153073, 15.8830047], [-89.7146881, 15.8828511]]}, "properties": {"osmid": "668699528", "oneway": "False", "lanes": NaN, "ref": "RD AV-10", "name": NaN, "highway": "secondary", "maxspeed": NaN, "length": 68.39, "bridge": NaN, "tunnel": NaN, "access": NaN, "junction": NaN, "width": NaN, "est_width": NaN, "iri": 9.89999961853027}}, {"type": "Feature", "geometry": {"type": "LineString", "coordinates": [[-89.7146881, 15.8828511], [-89.7142986, 15.8827634]]}, "properties": {"osmid": "668699528", "oneway": "False", "lanes": NaN, "ref": "RD AV-10", "name": NaN, "highway": "secondary", "maxspeed": NaN, "length": 42.783, "bridge": NaN, "tunnel": NaN, "access": NaN, "junction": NaN, "width": NaN, "est_width": NaN, "iri": 9.89999961853027}}, {"type": "Feature", "geometry": {"type": "LineString", "coordinates": [[-89.7142986, 15.8827634], [-89.7140455, 15.8827065]]}, "properties": {"osmid": "668699528", "oneway": "False", "lanes": NaN, "ref": "RD AV-10", "name": NaN, "highway": "secondary", "maxspeed": NaN, "length": 27.799, "bridge": NaN, "tunnel": NaN, "access": NaN, "junction": NaN, "width": NaN, "est_width": NaN, "iri": 9.89999961853027}}, {"type": "Feature", "geometry": {"type": "LineString", "coordinates": [[-89.7140455, 15.8827065], [-89.7132756, 15.8825332]]}, "properties": {"osmid": "668699528", "oneway": "False", "lanes": NaN, "ref": "RD AV-10", "name": NaN, "highway": "secondary", "maxspeed": NaN, "length": 84.566, "bridge": NaN, "tunnel": NaN, "access": NaN, "junction": NaN, "width": NaN, "est_width": NaN, "iri": 9.89999961853027}}]}