{"type": "FeatureCollection", "features": [{"type": "Feature", "geometry": {"type": "LineString", "coordinates": [[-91.0521023, 14.0978619], [-91.0525189, 14.0978757]]}, "properties": {"osmid": "442941832", "oneway": "False", "lanes": NaN, "ref": NaN, "name": NaN, "highway": "unclassified", "maxspeed": NaN, "length": 44.955, "bridge": NaN, "tunnel": NaN, "access": NaN, "junction": NaN, "width": NaN, "est_width": NaN, "iri": 10.3299999237061}}, {"type": "Feature", "geometry": {"type": "LineString", "coordinates": [[-91.0525189, 14.0978757], [-91.0528908, 14.0978877]]}, "properties": {"osmid": "442941832", "oneway": "False", "lanes": NaN, "ref": NaN, "name": NaN, "highway": "unclassified", "maxspeed": NaN, "length": 40.13, "bridge": NaN, "tunnel": NaN, "access": NaN, "junction": NaN, "width": NaN, "est_width": NaN, "iri": 10.3299999237061}}, {"type": "Feature", "geometry": {"type": "LineString", "coordinates": [[-91.0528908, 14.0978877], [-91.0536034, 14.0979166]]}, "properties": {"osmid": "442941832", "oneway": "False", "lanes": NaN, "ref": NaN, "name": NaN, "highway": "unclassified", "maxspeed": NaN, "length": 76.918, "bridge": NaN, "tunnel": NaN, "access": NaN, "junction": NaN, "width": NaN, "est_width": NaN, "iri": 10.3299999237061}}, {"type": "Feature", "geometry": {"type": "LineString", "coordinates": [[-91.0536034, 14.0979166], [-91.0537454, 14.0979389]]}, "properties": {"osmid": "442941832", "oneway": "False", "lanes": NaN, "ref": NaN, "name": NaN, "highway": "unclassified", "maxspeed": NaN, "length": 15.514, "bridge": NaN, "tunnel": NaN, "access": NaN, "junction": NaN, "width": NaN, "est_width": NaN, "iri": 10.3299999237061}}, {"type": "Feature", "geometry": {"type": "LineString", "coordinates": [[-91.0537454, 14.0979389], [-91.054207, 14.0980169]]}, "properties": {"osmid": "442941832", "oneway": "False", "lanes": NaN, "ref": NaN, "name": NaN, "highway": "unclassified", "maxspeed": NaN, "length": 50.532, "bridge": NaN, "tunnel": NaN, "access": NaN, "junction": NaN, "width": NaN, "est_width": NaN, "iri": 10.3299999237061}}, {"type": "Feature", "geometry": {"type": "LineString", "coordinates": [[-91.054207, 14.0980169], [-91.0547181, 14.0981032]]}, "properties": {"osmid": "442941832", "oneway": "False", "lanes": NaN, "ref": NaN, "name": NaN, "highway": "unclassified", "maxspeed": NaN, "length": 55.949, "bridge": NaN, "tunnel": NaN, "access": NaN, "junction": NaN, "width": NaN, "est_width": NaN, "iri": 10.3299999237061}}, {"type": "Feature", "geometry": {"type": "LineString", "coordinates": [[-91.0547181, 14.0981032], [-91.0549642, 14.0981528]]}, "properties": {"osmid": "442941832", "oneway": "False", "lanes": NaN, "ref": NaN, "name": NaN, "highway": "unclassified", "maxspeed": NaN, "length": 27.108, "bridge": NaN, "tunnel": NaN, "access": NaN, "junction": NaN, "width": NaN, "est_width": NaN, "iri": 10.3299999237061}}, {"type": "Feature", "geometry": {"type": "LineString", "coordinates": [[-91.0549642, 14.0981528], [-91.0555385, 14.0982404]]}, "properties": {"osmid": "442941832", "oneway": "False", "lanes": NaN, "ref": NaN, "name": NaN, "highway": "unclassified", "maxspeed": NaN, "length": 62.697, "bridge": NaN, "tunnel": NaN, "access": NaN, "junction": NaN, "width": NaN, "est_width": NaN, "iri": 10.3299999237061}}, {"type": "Feature", "geometry": {"type": "LineString", "coordinates": [[-91.0555385, 14.0982404], [-91.0560577, 14.0983429]]}, "properties": {"osmid": "442941832", "oneway": "False", "lanes": NaN, "ref": NaN, "name": NaN, "highway": "unclassified", "maxspeed": NaN, "length": 57.142, "bridge": NaN, "tunnel": NaN, "access": NaN, "junction": NaN, "width": NaN, "est_width": NaN, "iri": 10.3299999237061}}, {"type": "Feature", "geometry": {"type": "LineString", "coordinates": [[-91.0560577, 14.0983429], [-91.0562156, 14.0983768]]}, "properties": {"osmid": "442941832", "oneway": "False", "lanes": NaN, "ref": NaN, "name": NaN, "highway": "unclassified", "maxspeed": NaN, "length": 17.441, "bridge": NaN, "tunnel": NaN, "access": NaN, "junction": NaN, "width": NaN, "est_width": NaN, "iri": 10.3299999237061}}, {"type": "Feature", "geometry": {"type": "LineString", "coordinates": [[-91.0562156, 14.0983768], [-91.0571376, 14.0985509]]}, "properties": {"osmid": "442941832", "oneway": "False", "lanes": NaN, "ref": NaN, "name": NaN, "highway": "unclassified", "maxspeed": NaN, "length": 101.301, "bridge": NaN, "tunnel": NaN, "access": NaN, "junction": NaN, "width": NaN, "est_width": NaN, "iri": 10.3299999237061}}, {"type": "Feature", "geometry": {"type": "LineString", "coordinates": [[-91.0571376, 14.0985509], [-91.0572094, 14.0985623]]}, "properties": {"osmid": "442941832", "oneway": "False", "lanes": NaN, "ref": NaN, "name": NaN, "highway": "unclassified", "maxspeed": NaN, "length": 7.846, "bridge": NaN, "tunnel": NaN, "access": NaN, "junction": NaN, "width": NaN, "est_width": NaN, "iri": 10.3299999237061}}, {"type": "Feature", "geometry": {"type": "LineString", "coordinates": [[-91.0572094, 14.0985623], [-91.0581756, 14.098807]]}, "properties": {"osmid": "442941832", "oneway": "False", "lanes": NaN, "ref": NaN, "name": NaN, "highway": "unclassified", "maxspeed": NaN, "length": 107.694, "bridge": NaN, "tunnel": NaN, "access": NaN, "junction": NaN, "width": NaN, "est_width": NaN, "iri": 10.3299999237061}}, {"type": "Feature", "geometry": {"type": "LineString", "coordinates": [[-91.0581756, 14.098807], [-91.0587604, 14.0989828]]}, "properties": {"osmid": "442941832", "oneway": "False", "lanes": NaN, "ref": NaN, "name": NaN, "highway": "unclassified", "maxspeed": NaN, "length": 66.028, "bridge": NaN, "tunnel": NaN, "access": NaN, "junction": NaN, "width": NaN, "est_width": NaN, "iri": 10.3299999237061}}, {"type": "Feature", "geometry": {"type": "LineString", "coordinates": [[-91.0587604, 14.0989828], [-91.0591602, 14.099103]]}, "properties": {"osmid": "442941832", "oneway": "False", "lanes": NaN, "ref": NaN, "name": NaN, "highway": "unclassified", "maxspeed": NaN, "length": 45.141, "bridge": NaN, "tunnel": NaN, "access": NaN, "junction": NaN, "width": NaN, "est_width": NaN, "iri": 10.3299999237061}}, {"type": "Feature", "geometry": {"type": "LineString", "coordinates": [[-91.0591602, 14.099103], [-91.0593514, 14.0991774]]}, "properties": {"osmid": "442941832", "oneway": "False", "lanes": NaN, "ref": NaN, "name": NaN, "highway": "unclassified", "maxspeed": NaN, "length": 22.218, "bridge": NaN, "tunnel": NaN, "access": NaN, "junction": NaN, "width": NaN, "est_width": NaN, "iri": 10.3299999237061}}, {"type": "Feature", "geometry": {"type": "LineString", "coordinates": [[-91.0593514, 14.0991774], [-91.0595146, 14.0992343]]}, "properties": {"osmid": "442941832", "oneway": "False", "lanes": NaN, "ref": NaN, "name": NaN, "highway": "unclassified", "maxspeed": NaN, "length": 18.703, "bridge": NaN, "tunnel": NaN, "access": NaN, "junction": NaN, "width": NaN, "est_width": NaN, "iri": 10.3299999237061}}, {"type": "Feature", "geometry": {"type": "LineString", "coordinates": [[-91.0595146, 14.0992343], [-91.0597813, 14.0993246]]}, "properties": {"osmid": "442941832", "oneway": "False", "lanes": NaN, "ref": NaN, "name": NaN, "highway": "unclassified", "maxspeed": NaN, "length": 30.465, "bridge": NaN, "tunnel": NaN, "access": NaN, "junction": NaN, "width": NaN, "est_width": NaN, "iri": 10.3299999237061}}, {"type": "Feature", "geometry": {"type": "LineString", "coordinates": [[-91.0597813, 14.0993246], [-91.0611435, 14.0996615]]}, "properties": {"osmid": "442941832", "oneway": "False", "lanes": NaN, "ref": NaN, "name": NaN, "highway": "unclassified", "maxspeed": NaN, "length": 151.608, "bridge": NaN, "tunnel": NaN, "access": NaN, "junction": NaN, "width": NaN, "est_width": NaN, "iri": 10.3299999237061}}, {"type": "Feature", "geometry": {"type": "LineString", "coordinates": [[-91.0611435, 14.0996615], [-91.0612126, 14.0996743]]}, "properties": {"osmid": "442941832", "oneway": "False", "lanes": NaN, "ref": NaN, "name": NaN, "highway": "unclassified", "maxspeed": NaN, "length": 7.587, "bridge": NaN, "tunnel": NaN, "access": NaN, "junction": NaN, "width": NaN, "est_width": NaN, "iri": 10.3299999237061}}, {"type": "Feature", "geometry": {"type": "LineString", "coordinates": [[-91.0612126, 14.0996743], [-91.0614468, 14.0997177]]}, "properties": {"osmid": "442941832", "oneway": "False", "lanes": NaN, "ref": NaN, "name": NaN, "highway": "unclassified", "maxspeed": NaN, "length": 25.714, "bridge": NaN, "tunnel": NaN, "access": NaN, "junction": NaN, "width": NaN, "est_width": NaN, "iri": 10.3299999237061}}, {"type": "Feature", "geometry": {"type": "LineString", "coordinates": [[-91.0614468, 14.0997177], [-91.0635849, 14.1001882]]}, "properties": {"osmid": "442941832", "oneway": "False", "lanes": NaN, "ref": NaN, "name": NaN, "highway": "unclassified", "maxspeed": NaN, "length": 236.444, "bridge": NaN, "tunnel": NaN, "access": NaN, "junction": NaN, "width": NaN, "est_width": NaN, "iri": 10.3299999237061}}, {"type": "Feature", "geometry": {"type": "LineString", "coordinates": [[-91.0635849, 14.1001882], [-91.0651177, 14.1005419]]}, "properties": {"osmid": "442941832", "oneway": "False", "lanes": NaN, "ref": NaN, "name": NaN, "highway": "unclassified", "maxspeed": NaN, "length": 169.919, "bridge": NaN, "tunnel": NaN, "access": NaN, "junction": NaN, "width": NaN, "est_width": NaN, "iri": 10.3299999237061}}, {"type": "Feature", "geometry": {"type": "LineString", "coordinates": [[-91.0651177, 14.1005419], [-91.0677861, 14.1011739]]}, "properties": {"osmid": "442941832", "oneway": "False", "lanes": NaN, "ref": NaN, "name": NaN, "highway": "unclassified", "maxspeed": NaN, "length": 296.229, "bridge": NaN, "tunnel": NaN, "access": NaN, "junction": NaN, "width": NaN, "est_width": NaN, "iri": 10.3299999237061}}, {"type": "Feature", "geometry": {"type": "LineString", "coordinates": [[-91.0677861, 14.1011739], [-91.0689915, 14.1014594]]}, "properties": {"osmid": "442941832", "oneway": "False", "lanes": NaN, "ref": NaN, "name": NaN, "highway": "unclassified", "maxspeed": NaN, "length": 133.816, "bridge": NaN, "tunnel": NaN, "access": NaN, "junction": NaN, "width": NaN, "est_width": NaN, "iri": 10.3299999237061}}, {"type": "Feature", "geometry": {"type": "LineString", "coordinates": [[-91.0689915, 14.1014594], [-91.0690719, 14.1014784]]}, "properties": {"osmid": "442941832", "oneway": "False", "lanes": NaN, "ref": NaN, "name": NaN, "highway": "unclassified", "maxspeed": NaN, "length": 8.924, "bridge": NaN, "tunnel": NaN, "access": NaN, "junction": NaN, "width": NaN, "est_width": NaN, "iri": 10.3299999237061}}, {"type": "Feature", "geometry": {"type": "LineString", "coordinates": [[-91.0690719, 14.1014784], [-91.0696549, 14.1016375]]}, "properties": {"osmid": "442941832", "oneway": "False", "lanes": NaN, "ref": NaN, "name": NaN, "highway": "unclassified", "maxspeed": NaN, "length": 65.315, "bridge": NaN, "tunnel": NaN, "access": NaN, "junction": NaN, "width": NaN, "est_width": NaN, "iri": 10.3299999237061}}, {"type": "Feature", "geometry": {"type": "LineString", "coordinates": [[-91.0696549, 14.1016375], [-91.0709542, 14.101992]]}, "properties": {"osmid": "442941832", "oneway": "False", "lanes": NaN, "ref": NaN, "name": NaN, "highway": "unclassified", "maxspeed": NaN, "length": 145.561, "bridge": NaN, "tunnel": NaN, "access": NaN, "junction": NaN, "width": NaN, "est_width": NaN, "iri": 10.3299999237061}}, {"type": "Feature", "geometry": {"type": "LineString", "coordinates": [[-91.0709542, 14.101992], [-91.0721176, 14.1022528]]}, "properties": {"osmid": "442941832", "oneway": "False", "lanes": NaN, "ref": NaN, "name": NaN, "highway": "unclassified", "maxspeed": NaN, "length": 128.774, "bridge": NaN, "tunnel": NaN, "access": NaN, "junction": NaN, "width": NaN, "est_width": NaN, "iri": 10.3299999237061}}, {"type": "Feature", "geometry": {"type": "LineString", "coordinates": [[-91.0721176, 14.1022528], [-91.0725785, 14.1025109]]}, "properties": {"osmid": "442941832", "oneway": "False", "lanes": NaN, "ref": NaN, "name": NaN, "highway": "unclassified", "maxspeed": NaN, "length": 57.396, "bridge": NaN, "tunnel": NaN, "access": NaN, "junction": NaN, "width": NaN, "est_width": NaN, "iri": 10.3299999237061}}, {"type": "Feature", "geometry": {"type": "LineString", "coordinates": [[-91.0725785, 14.1025109], [-91.0734675, 14.1030033]]}, "properties": {"osmid": "442941832", "oneway": "False", "lanes": NaN, "ref": NaN, "name": NaN, "highway": "unclassified", "maxspeed": NaN, "length": 110.406, "bridge": NaN, "tunnel": NaN, "access": NaN, "junction": NaN, "width": NaN, "est_width": NaN, "iri": 10.3299999237061}}, {"type": "Feature", "geometry": {"type": "LineString", "coordinates": [[-91.0734675, 14.1030033], [-91.0739313, 14.1030724]]}, "properties": {"osmid": "442941832", "oneway": "False", "lanes": NaN, "ref": NaN, "name": NaN, "highway": "unclassified", "maxspeed": NaN, "length": 50.605, "bridge": NaN, "tunnel": NaN, "access": NaN, "junction": NaN, "width": NaN, "est_width": NaN, "iri": 10.3299999237061}}, {"type": "Feature", "geometry": {"type": "LineString", "coordinates": [[-91.0739313, 14.1030724], [-91.0744828, 14.1029075]]}, "properties": {"osmid": "442941832", "oneway": "False", "lanes": NaN, "ref": NaN, "name": NaN, "highway": "unclassified", "maxspeed": NaN, "length": 62.238, "bridge": NaN, "tunnel": NaN, "access": NaN, "junction": NaN, "width": NaN, "est_width": NaN, "iri": 10.3299999237061}}, {"type": "Feature", "geometry": {"type": "LineString", "coordinates": [[-91.0744828, 14.1029075], [-91.0748038, 14.1028329]]}, "properties": {"osmid": "442941832", "oneway": "False", "lanes": NaN, "ref": NaN, "name": NaN, "highway": "unclassified", "maxspeed": NaN, "length": 35.598, "bridge": NaN, "tunnel": NaN, "access": NaN, "junction": NaN, "width": NaN, "est_width": NaN, "iri": 10.3299999237061}}, {"type": "Feature", "geometry": {"type": "LineString", "coordinates": [[-91.0748038, 14.1028329], [-91.0754075, 14.102793]]}, "properties": {"osmid": "442941832", "oneway": "False", "lanes": NaN, "ref": NaN, "name": NaN, "highway": "unclassified", "maxspeed": NaN, "length": 65.256, "bridge": NaN, "tunnel": NaN, "access": NaN, "junction": NaN, "width": NaN, "est_width": NaN, "iri": 10.3299999237061}}, {"type": "Feature", "geometry": {"type": "LineString", "coordinates": [[-91.0754075, 14.102793], [-91.0757257, 14.1028329]]}, "properties": {"osmid": "442941832", "oneway": "False", "lanes": NaN, "ref": NaN, "name": NaN, "highway": "unclassified", "maxspeed": NaN, "length": 34.601, "bridge": NaN, "tunnel": NaN, "access": NaN, "junction": NaN, "width": NaN, "est_width": NaN, "iri": 10.3299999237061}}, {"type": "Feature", "geometry": {"type": "LineString", "coordinates": [[-91.0757257, 14.1028329], [-91.0763513, 14.1031496]]}, "properties": {"osmid": "442941832", "oneway": "False", "lanes": NaN, "ref": NaN, "name": NaN, "highway": "unclassified", "maxspeed": NaN, "length": 76.105, "bridge": NaN, "tunnel": NaN, "access": NaN, "junction": NaN, "width": NaN, "est_width": NaN, "iri": 10.3299999237061}}, {"type": "Feature", "geometry": {"type": "LineString", "coordinates": [[-91.0763513, 14.1031496], [-91.0771196, 14.1034078]]}, "properties": {"osmid": "442941832", "oneway": "False", "lanes": NaN, "ref": NaN, "name": NaN, "highway": "unclassified", "maxspeed": NaN, "length": 87.689, "bridge": NaN, "tunnel": NaN, "access": NaN, "junction": NaN, "width": NaN, "est_width": NaN, "iri": 10.3299999237061}}, {"type": "Feature", "geometry": {"type": "LineString", "coordinates": [[-91.0771196, 14.1034078], [-91.0776355, 14.1035568]]}, "properties": {"osmid": "442941832", "oneway": "False", "lanes": NaN, "ref": NaN, "name": NaN, "highway": "unclassified", "maxspeed": NaN, "length": 58.051, "bridge": NaN, "tunnel": NaN, "access": NaN, "junction": NaN, "width": NaN, "est_width": NaN, "iri": 10.3299999237061}}, {"type": "Feature", "geometry": {"type": "LineString", "coordinates": [[-91.0776355, 14.1035568], [-91.07808, 14.1035807]]}, "properties": {"osmid": "442941832", "oneway": "False", "lanes": NaN, "ref": NaN, "name": NaN, "highway": "unclassified", "maxspeed": NaN, "length": 48.01, "bridge": NaN, "tunnel": NaN, "access": NaN, "junction": NaN, "width": NaN, "est_width": NaN, "iri": 10.3299999237061}}, {"type": "Feature", "geometry": {"type": "LineString", "coordinates": [[-91.07808, 14.1035807], [-91.0784888, 14.1033971]]}, "properties": {"osmid": "442941832", "oneway": "False", "lanes": NaN, "ref": NaN, "name": NaN, "highway": "unclassified", "maxspeed": NaN, "length": 48.584, "bridge": NaN, "tunnel": NaN, "access": NaN, "junction": NaN, "width": NaN, "est_width": NaN, "iri": 10.3299999237061}}, {"type": "Feature", "geometry": {"type": "LineString", "coordinates": [[-91.0784888, 14.1033971], [-91.0787961, 14.103131]]}, "properties": {"osmid": "442941832", "oneway": "False", "lanes": NaN, "ref": NaN, "name": NaN, "highway": "unclassified", "maxspeed": NaN, "length": 44.427, "bridge": NaN, "tunnel": NaN, "access": NaN, "junction": NaN, "width": NaN, "est_width": NaN, "iri": 10.3299999237061}}, {"type": "Feature", "geometry": {"type": "LineString", "coordinates": [[-91.0787961, 14.103131], [-91.0794025, 14.1026121]]}, "properties": {"osmid": "442941832", "oneway": "False", "lanes": NaN, "ref": NaN, "name": NaN, "highway": "unclassified", "maxspeed": NaN, "length": 87.212, "bridge": NaN, "tunnel": NaN, "access": NaN, "junction": NaN, "width": NaN, "est_width": NaN, "iri": 10.3299999237061}}, {"type": "Feature", "geometry": {"type": "LineString", "coordinates": [[-91.0794025, 14.1026121], [-91.0795268, 14.1025205]]}, "properties": {"osmid": "442941832", "oneway": "False", "lanes": NaN, "ref": NaN, "name": NaN, "highway": "unclassified", "maxspeed": NaN, "length": 16.836, "bridge": NaN, "tunnel": NaN, "access": NaN, "junction": NaN, "width": NaN, "est_width": NaN, "iri": 10.3299999237061}}, {"type": "Feature", "geometry": {"type": "LineString", "coordinates": [[-91.0795268, 14.1025205], [-91.0799156, 14.1022342]]}, "properties": {"osmid": "442941832", "oneway": "False", "lanes": NaN, "ref": NaN, "name": NaN, "highway": "unclassified", "maxspeed": NaN, "length": 52.646, "bridge": NaN, "tunnel": NaN, "access": NaN, "junction": NaN, "width": NaN, "est_width": NaN, "iri": 10.3299999237061}}, {"type": "Feature", "geometry": {"type": "LineString", "coordinates": [[-91.0799156, 14.1022342], [-91.0803464, 14.1020665]]}, "properties": {"osmid": "442941832", "oneway": "False", "lanes": NaN, "ref": NaN, "name": NaN, "highway": "unclassified", "maxspeed": NaN, "length": 50.062, "bridge": NaN, "tunnel": NaN, "access": NaN, "junction": NaN, "width": NaN, "est_width": NaN, "iri": 10.3299999237061}}, {"type": "Feature", "geometry": {"type": "LineString", "coordinates": [[-91.0803464, 14.1020665], [-91.0805412, 14.1020319]]}, "properties": {"osmid": "442941832", "oneway": "False", "lanes": NaN, "ref": NaN, "name": NaN, "highway": "unclassified", "maxspeed": NaN, "length": 21.357, "bridge": NaN, "tunnel": NaN, "access": NaN, "junction": NaN, "width": NaN, "est_width": NaN, "iri": 10.3299999237061}}, {"type": "Feature", "geometry": {"type": "LineString", "coordinates": [[-91.0805412, 14.1020319], [-91.0810955, 14.102165]]}, "properties": {"osmid": "442941832", "oneway": "False", "lanes": NaN, "ref": NaN, "name": NaN, "highway": "unclassified", "maxspeed": NaN, "length": 61.583, "bridge": NaN, "tunnel": NaN, "access": NaN, "junction": NaN, "width": NaN, "est_width": NaN, "iri": 10.3299999237061}}, {"type": "Feature", "geometry": {"type": "LineString", "coordinates": [[-91.0810955, 14.102165], [-91.0818034, 14.1023433]]}, "properties": {"osmid": "442941832", "oneway": "False", "lanes": NaN, "ref": NaN, "name": NaN, "highway": "unclassified", "maxspeed": NaN, "length": 78.875, "bridge": NaN, "tunnel": NaN, "access": NaN, "junction": NaN, "width": NaN, "est_width": NaN, "iri": 10.3299999237061}}, {"type": "Feature", "geometry": {"type": "LineString", "coordinates": [[-91.0818034, 14.1023433], [-91.0825991, 14.1023433]]}, "properties": {"osmid": "442941832", "oneway": "False", "lanes": NaN, "ref": NaN, "name": NaN, "highway": "unclassified", "maxspeed": NaN, "length": 85.811, "bridge": NaN, "tunnel": NaN, "access": NaN, "junction": NaN, "width": NaN, "est_width": NaN, "iri": 10.3299999237061}}, {"type": "Feature", "geometry": {"type": "LineString", "coordinates": [[-91.0825991, 14.1023433], [-91.082879, 14.1022448]]}, "properties": {"osmid": "442941832", "oneway": "False", "lanes": NaN, "ref": NaN, "name": NaN, "highway": "unclassified", "maxspeed": NaN, "length": 32.111, "bridge": NaN, "tunnel": NaN, "access": NaN, "junction": NaN, "width": NaN, "est_width": NaN, "iri": 10.3299999237061}}, {"type": "Feature", "geometry": {"type": "LineString", "coordinates": [[-91.082879, 14.1022448], [-91.083779, 14.1017152]]}, "properties": {"osmid": "442941832", "oneway": "False", "lanes": NaN, "ref": NaN, "name": NaN, "highway": "unclassified", "maxspeed": NaN, "length": 113.527, "bridge": NaN, "tunnel": NaN, "access": NaN, "junction": NaN, "width": NaN, "est_width": NaN, "iri": 10.3299999237061}}, {"type": "Feature", "geometry": {"type": "LineString", "coordinates": [[-91.083779, 14.1017152], [-91.0845528, 14.1014518]]}, "properties": {"osmid": "442941832", "oneway": "False", "lanes": NaN, "ref": NaN, "name": NaN, "highway": "unclassified", "maxspeed": NaN, "length": 88.44, "bridge": NaN, "tunnel": NaN, "access": NaN, "junction": NaN, "width": NaN, "est_width": NaN, "iri": 10.3299999237061}}, {"type": "Feature", "geometry": {"type": "LineString", "coordinates": [[-91.0845528, 14.1014518], [-91.085071, 14.1011825]]}, "properties": {"osmid": "442941832", "oneway": "False", "lanes": NaN, "ref": NaN, "name": NaN, "highway": "unclassified", "maxspeed": NaN, "length": 63.402, "bridge": NaN, "tunnel": NaN, "access": NaN, "junction": NaN, "width": NaN, "est_width": NaN, "iri": 10.3299999237061}}, {"type": "Feature", "geometry": {"type": "LineString", "coordinates": [[-91.085071, 14.1011825], [-91.0852815, 14.1010635]]}, "properties": {"osmid": "442941832", "oneway": "False", "lanes": NaN, "ref": NaN, "name": NaN, "highway": "unclassified", "maxspeed": NaN, "length": 26.276, "bridge": NaN, "tunnel": NaN, "access": NaN, "junction": NaN, "width": NaN, "est_width": NaN, "iri": 10.3299999237061}}, {"type": "Feature", "geometry": {"type": "LineString", "coordinates": [[-91.0852815, 14.1010635], [-91.0854006, 14.1009941]]}, "properties": {"osmid": "442941832", "oneway": "False", "lanes": NaN, "ref": NaN, "name": NaN, "highway": "unclassified", "maxspeed": NaN, "length": 14.984, "bridge": NaN, "tunnel": NaN, "access": NaN, "junction": NaN, "width": NaN, "est_width": NaN, "iri": 10.3299999237061}}, {"type": "Feature", "geometry": {"type": "LineString", "coordinates": [[-91.0854006, 14.1009941], [-91.0858424, 14.1007067]]}, "properties": {"osmid": "442941832", "oneway": "False", "lanes": NaN, "ref": NaN, "name": NaN, "highway": "unclassified", "maxspeed": NaN, "length": 57.371, "bridge": NaN, "tunnel": NaN, "access": NaN, "junction": NaN, "width": NaN, "est_width": NaN, "iri": 10.3299999237061}}, {"type": "Feature", "geometry": {"type": "LineString", "coordinates": [[-91.0858424, 14.1007067], [-91.0862704, 14.1001585]]}, "properties": {"osmid": "442941832", "oneway": "False", "lanes": NaN, "ref": NaN, "name": NaN, "highway": "unclassified", "maxspeed": NaN, "length": 76.461, "bridge": NaN, "tunnel": NaN, "access": NaN, "junction": NaN, "width": NaN, "est_width": NaN, "iri": 10.3299999237061}}, {"type": "Feature", "geometry": {"type": "LineString", "coordinates": [[-91.0862704, 14.1001585], [-91.0868741, 14.0996608]]}, "properties": {"osmid": "442941832", "oneway": "False", "lanes": NaN, "ref": NaN, "name": NaN, "highway": "unclassified", "maxspeed": NaN, "length": 85.449, "bridge": NaN, "tunnel": NaN, "access": NaN, "junction": NaN, "width": NaN, "est_width": NaN, "iri": 10.3299999237061}}, {"type": "Feature", "geometry": {"type": "LineString", "coordinates": [[-91.0868741, 14.0996608], [-91.087289, 14.0994617]]}, "properties": {"osmid": "442941832", "oneway": "False", "lanes": NaN, "ref": NaN, "name": NaN, "highway": "unclassified", "maxspeed": NaN, "length": 49.922, "bridge": NaN, "tunnel": NaN, "access": NaN, "junction": NaN, "width": NaN, "est_width": NaN, "iri": 10.3299999237061}}, {"type": "Feature", "geometry": {"type": "LineString", "coordinates": [[-91.087289, 14.0994617], [-91.0877877, 14.0993043]]}, "properties": {"osmid": "442941832", "oneway": "False", "lanes": NaN, "ref": NaN, "name": NaN, "highway": "unclassified", "maxspeed": NaN, "length": 56.559, "bridge": NaN, "tunnel": NaN, "access": NaN, "junction": NaN, "width": NaN, "est_width": NaN, "iri": 10.3299999237061}}, {"type": "Feature", "geometry": {"type": "LineString", "coordinates": [[-91.0877877, 14.0993043], [-91.0884875, 14.0992457]]}, "properties": {"osmid": "442941832", "oneway": "False", "lanes": NaN, "ref": NaN, "name": NaN, "highway": "unclassified", "maxspeed": NaN, "length": 75.751, "bridge": NaN, "tunnel": NaN, "access": NaN, "junction": NaN, "width": NaN, "est_width": NaN, "iri": 10.3299999237061}}, {"type": "Feature", "geometry": {"type": "LineString", "coordinates": [[-91.0884875, 14.0992457], [-91.0888867, 14.0991637]]}, "properties": {"osmid": "442941832", "oneway": "False", "lanes": NaN, "ref": NaN, "name": NaN, "highway": "unclassified", "maxspeed": NaN, "length": 44.007, "bridge": NaN, "tunnel": NaN, "access": NaN, "junction": NaN, "width": NaN, "est_width": NaN, "iri": 10.3299999237061}}, {"type": "Feature", "geometry": {"type": "LineString", "coordinates": [[-91.0888867, 14.0991637], [-91.0893067, 14.0990514]]}, "properties": {"osmid": "442941832", "oneway": "False", "lanes": NaN, "ref": NaN, "name": NaN, "highway": "unclassified", "maxspeed": NaN, "length": 46.985, "bridge": NaN, "tunnel": NaN, "access": NaN, "junction": NaN, "width": NaN, "est_width": NaN, "iri": 10.3299999237061}}, {"type": "Feature", "geometry": {"type": "LineString", "coordinates": [[-91.0893067, 14.0990514], [-91.090024, 14.0987826]]}, "properties": {"osmid": "442941832", "oneway": "False", "lanes": NaN, "ref": NaN, "name": NaN, "highway": "unclassified", "maxspeed": NaN, "length": 82.931, "bridge": NaN, "tunnel": NaN, "access": NaN, "junction": NaN, "width": NaN, "est_width": NaN, "iri": 10.3299999237061}}, {"type": "Feature", "geometry": {"type": "LineString", "coordinates": [[-91.090024, 14.0987826], [-91.0907549, 14.0984783]]}, "properties": {"osmid": "442941832", "oneway": "False", "lanes": NaN, "ref": NaN, "name": NaN, "highway": "unclassified", "maxspeed": NaN, "length": 85.78, "bridge": NaN, "tunnel": NaN, "access": NaN, "junction": NaN, "width": NaN, "est_width": NaN, "iri": 10.3299999237061}}, {"type": "Feature", "geometry": {"type": "LineString", "coordinates": [[-91.0907549, 14.0984783], [-91.0911902, 14.0982344]]}, "properties": {"osmid": "442941832", "oneway": "False", "lanes": NaN, "ref": NaN, "name": NaN, "highway": "unclassified", "maxspeed": NaN, "length": 54.216, "bridge": NaN, "tunnel": NaN, "access": NaN, "junction": NaN, "width": NaN, "est_width": NaN, "iri": 10.3299999237061}}, {"type": "Feature", "geometry": {"type": "LineString", "coordinates": [[-91.0911902, 14.0982344], [-91.0919082, 14.0978433]]}, "properties": {"osmid": "442941832", "oneway": "False", "lanes": NaN, "ref": NaN, "name": NaN, "highway": "unclassified", "maxspeed": NaN, "length": 88.81, "bridge": NaN, "tunnel": NaN, "access": NaN, "junction": NaN, "width": NaN, "est_width": NaN, "iri": 10.3299999237061}}, {"type": "Feature", "geometry": {"type": "LineString", "coordinates": [[-91.0919082, 14.0978433], [-91.0923975, 14.0976489]]}, "properties": {"osmid": "442941832", "oneway": "False", "lanes": NaN, "ref": NaN, "name": NaN, "highway": "unclassified", "maxspeed": NaN, "length": 57.025, "bridge": NaN, "tunnel": NaN, "access": NaN, "junction": NaN, "width": NaN, "est_width": NaN, "iri": 10.3299999237061}}, {"type": "Feature", "geometry": {"type": "LineString", "coordinates": [[-91.0923975, 14.0976489], [-91.0928268, 14.0974765]]}, "properties": {"osmid": "442941832", "oneway": "False", "lanes": NaN, "ref": NaN, "name": NaN, "highway": "unclassified", "maxspeed": NaN, "length": 50.11, "bridge": NaN, "tunnel": NaN, "access": NaN, "junction": NaN, "width": NaN, "est_width": NaN, "iri": 10.3299999237061}}, {"type": "Feature", "geometry": {"type": "LineString", "coordinates": [[-91.0928268, 14.0974765], [-91.0934467, 14.0972811]]}, "properties": {"osmid": "442941832", "oneway": "False", "lanes": NaN, "ref": NaN, "name": NaN, "highway": "unclassified", "maxspeed": NaN, "length": 70.296, "bridge": NaN, "tunnel": NaN, "access": NaN, "junction": NaN, "width": NaN, "est_width": NaN, "iri": 10.3299999237061}}, {"type": "Feature", "geometry": {"type": "LineString", "coordinates": [[-91.0934467, 14.0972811], [-91.0941865, 14.0970874]]}, "properties": {"osmid": "442941832", "oneway": "False", "lanes": NaN, "ref": NaN, "name": NaN, "highway": "unclassified", "maxspeed": NaN, "length": 82.641, "bridge": NaN, "tunnel": NaN, "access": NaN, "junction": NaN, "width": NaN, "est_width": NaN, "iri": 10.3299999237061}}, {"type": "Feature", "geometry": {"type": "LineString", "coordinates": [[-91.0941865, 14.0970874], [-91.0951935, 14.0969357]]}, "properties": {"osmid": "442941832", "oneway": "False", "lanes": NaN, "ref": NaN, "name": NaN, "highway": "unclassified", "maxspeed": NaN, "length": 109.904, "bridge": NaN, "tunnel": NaN, "access": NaN, "junction": NaN, "width": NaN, "est_width": NaN, "iri": 10.3299999237061}}, {"type": "Feature", "geometry": {"type": "LineString", "coordinates": [[-91.0951935, 14.0969357], [-91.0959227, 14.096788]]}, "properties": {"osmid": "442941832", "oneway": "False", "lanes": NaN, "ref": NaN, "name": NaN, "highway": "unclassified", "maxspeed": NaN, "length": 80.338, "bridge": NaN, "tunnel": NaN, "access": NaN, "junction": NaN, "width": NaN, "est_width": NaN, "iri": 10.3299999237061}}, {"type": "Feature", "geometry": {"type": "LineString", "coordinates": [[-91.0959227, 14.096788], [-91.0967451, 14.0966756]]}, "properties": {"osmid": "442941832", "oneway": "False", "lanes": NaN, "ref": NaN, "name": NaN, "highway": "unclassified", "maxspeed": NaN, "length": 89.569, "bridge": NaN, "tunnel": NaN, "access": NaN, "junction": NaN, "width": NaN, "est_width": NaN, "iri": 10.3299999237061}}, {"type": "Feature", "geometry": {"type": "LineString", "coordinates": [[-91.0967451, 14.0966756], [-91.0968916, 14.0966369]]}, "properties": {"osmid": "442941832", "oneway": "False", "lanes": NaN, "ref": NaN, "name": NaN, "highway": "unclassified", "maxspeed": NaN, "length": 16.375, "bridge": NaN, "tunnel": NaN, "access": NaN, "junction": NaN, "width": NaN, "est_width": NaN, "iri": 10.3299999237061}}, {"type": "Feature", "geometry": {"type": "LineString", "coordinates": [[-91.0968916, 14.0966369], [-91.0977388, 14.0962987]]}, "properties": {"osmid": "442941832", "oneway": "False", "lanes": NaN, "ref": NaN, "name": NaN, "highway": "unclassified", "maxspeed": NaN, "length": 98.804, "bridge": NaN, "tunnel": NaN, "access": NaN, "junction": NaN, "width": NaN, "est_width": NaN, "iri": 10.3299999237061}}, {"type": "Feature", "geometry": {"type": "LineString", "coordinates": [[-91.0977388, 14.0962987], [-91.0981309, 14.0961412]]}, "properties": {"osmid": "442941832", "oneway": "False", "lanes": NaN, "ref": NaN, "name": NaN, "highway": "unclassified", "maxspeed": NaN, "length": 45.77, "bridge": NaN, "tunnel": NaN, "access": NaN, "junction": NaN, "width": NaN, "est_width": NaN, "iri": 10.3299999237061}}, {"type": "Feature", "geometry": {"type": "LineString", "coordinates": [[-91.0981309, 14.0961412], [-91.0984237, 14.0960672]]}, "properties": {"osmid": "442941832", "oneway": "False", "lanes": NaN, "ref": NaN, "name": NaN, "highway": "unclassified", "maxspeed": NaN, "length": 32.632, "bridge": NaN, "tunnel": NaN, "access": NaN, "junction": NaN, "width": NaN, "est_width": NaN, "iri": 10.3299999237061}}, {"type": "Feature", "geometry": {"type": "LineString", "coordinates": [[-91.0984237, 14.0960672], [-91.0988854, 14.0959957]]}, "properties": {"osmid": "442941832", "oneway": "False", "lanes": NaN, "ref": NaN, "name": NaN, "highway": "unclassified", "maxspeed": NaN, "length": 50.424, "bridge": NaN, "tunnel": NaN, "access": NaN, "junction": NaN, "width": NaN, "est_width": NaN, "iri": 10.3299999237061}}, {"type": "Feature", "geometry": {"type": "LineString", "coordinates": [[-91.0988854, 14.0959957], [-91.0991825, 14.0959495]]}, "properties": {"osmid": "442941832", "oneway": "False", "lanes": NaN, "ref": NaN, "name": NaN, "highway": "unclassified", "maxspeed": NaN, "length": 32.451, "bridge": NaN, "tunnel": NaN, "access": NaN, "junction": NaN, "width": NaN, "est_width": NaN, "iri": 10.3299999237061}}, {"type": "Feature", "geometry": {"type": "LineString", "coordinates": [[-91.0991825, 14.0959495], [-91.0994588, 14.0958876]]}, "properties": {"osmid": "442941832", "oneway": "False", "lanes": NaN, "ref": NaN, "name": NaN, "highway": "unclassified", "maxspeed": NaN, "length": 30.583, "bridge": NaN, "tunnel": NaN, "access": NaN, "junction": NaN, "width": NaN, "est_width": NaN, "iri": 10.3299999237061}}, {"type": "Feature", "geometry": {"type": "LineString", "coordinates": [[-91.0994588, 14.0958876], [-91.0999176, 14.0956965]]}, "properties": {"osmid": "442941832", "oneway": "False", "lanes": NaN, "ref": NaN, "name": NaN, "highway": "unclassified", "maxspeed": NaN, "length": 53.85, "bridge": NaN, "tunnel": NaN, "access": NaN, "junction": NaN, "width": NaN, "est_width": NaN, "iri": 10.3299999237061}}, {"type": "Feature", "geometry": {"type": "LineString", "coordinates": [[-91.0999176, 14.0956965], [-91.1003095, 14.0954876]]}, "properties": {"osmid": "442941832", "oneway": "False", "lanes": NaN, "ref": NaN, "name": NaN, "highway": "unclassified", "maxspeed": NaN, "length": 48.228, "bridge": NaN, "tunnel": NaN, "access": NaN, "junction": NaN, "width": NaN, "est_width": NaN, "iri": 10.3299999237061}}, {"type": "Feature", "geometry": {"type": "LineString", "coordinates": [[-91.1003095, 14.0954876], [-91.1005813, 14.0953873]]}, "properties": {"osmid": "442941832", "oneway": "False", "lanes": NaN, "ref": NaN, "name": NaN, "highway": "unclassified", "maxspeed": NaN, "length": 31.363, "bridge": NaN, "tunnel": NaN, "access": NaN, "junction": NaN, "width": NaN, "est_width": NaN, "iri": 10.3299999237061}}, {"type": "Feature", "geometry": {"type": "LineString", "coordinates": [[-91.1005813, 14.0953873], [-91.100845, 14.095339]]}, "properties": {"osmid": "442941832", "oneway": "False", "lanes": NaN, "ref": NaN, "name": NaN, "highway": "unclassified", "maxspeed": NaN, "length": 28.942, "bridge": NaN, "tunnel": NaN, "access": NaN, "junction": NaN, "width": NaN, "est_width": NaN, "iri": 10.3299999237061}}, {"type": "Feature", "geometry": {"type": "LineString", "coordinates": [[-91.100845, 14.095339], [-91.1014155, 14.0953522]]}, "properties": {"osmid": "442941832", "oneway": "False", "lanes": NaN, "ref": NaN, "name": NaN, "highway": "unclassified", "maxspeed": NaN, "length": 61.544, "bridge": NaN, "tunnel": NaN, "access": NaN, "junction": NaN, "width": NaN, "est_width": NaN, "iri": 10.3299999237061}}, {"type": "Feature", "geometry": {"type": "LineString", "coordinates": [[-91.1014155, 14.0953522], [-91.1023351, 14.0952769]]}, "properties": {"osmid": "442941832", "oneway": "False", "lanes": NaN, "ref": NaN, "name": NaN, "highway": "unclassified", "maxspeed": NaN, "length": 99.529, "bridge": NaN, "tunnel": NaN, "access": NaN, "junction": NaN, "width": NaN, "est_width": NaN, "iri": 10.3299999237061}}, {"type": "Feature", "geometry": {"type": "LineString", "coordinates": [[-91.1023351, 14.0952769], [-91.1026898, 14.0952249]]}, "properties": {"osmid": "442941832", "oneway": "False", "lanes": NaN, "ref": NaN, "name": NaN, "highway": "unclassified", "maxspeed": NaN, "length": 38.688, "bridge": NaN, "tunnel": NaN, "access": NaN, "junction": NaN, "width": NaN, "est_width": NaN, "iri": 10.3299999237061}}, {"type": "Feature", "geometry": {"type": "LineString", "coordinates": [[-91.1026898, 14.0952249], [-91.1030743, 14.0951621]]}, "properties": {"osmid": "442941832", "oneway": "False", "lanes": NaN, "ref": NaN, "name": NaN, "highway": "unclassified", "maxspeed": NaN, "length": 42.051, "bridge": NaN, "tunnel": NaN, "access": NaN, "junction": NaN, "width": NaN, "est_width": NaN, "iri": 10.3299999237061}}, {"type": "Feature", "geometry": {"type": "LineString", "coordinates": [[-91.1030743, 14.0951621], [-91.1033765, 14.0950939]]}, "properties": {"osmid": "442941832", "oneway": "False", "lanes": NaN, "ref": NaN, "name": NaN, "highway": "unclassified", "maxspeed": NaN, "length": 33.462, "bridge": NaN, "tunnel": NaN, "access": NaN, "junction": NaN, "width": NaN, "est_width": NaN, "iri": 10.3299999237061}}, {"type": "Feature", "geometry": {"type": "LineString", "coordinates": [[-91.1033765, 14.0950939], [-91.1042537, 14.0948958]]}, "properties": {"osmid": "442941832", "oneway": "False", "lanes": NaN, "ref": NaN, "name": NaN, "highway": "unclassified", "maxspeed": NaN, "length": 97.134, "bridge": NaN, "tunnel": NaN, "access": NaN, "junction": NaN, "width": NaN, "est_width": NaN, "iri": 10.3299999237061}}, {"type": "Feature", "geometry": {"type": "LineString", "coordinates": [[-91.1042537, 14.0948958], [-91.1047332, 14.0947876]]}, "properties": {"osmid": "442941832", "oneway": "False", "lanes": NaN, "ref": NaN, "name": NaN, "highway": "unclassified", "maxspeed": NaN, "length": 53.094, "bridge": NaN, "tunnel": NaN, "access": NaN, "junction": NaN, "width": NaN, "est_width": NaN, "iri": 10.3299999237061}}, {"type": "Feature", "geometry": {"type": "LineString", "coordinates": [[-91.1047332, 14.0947876], [-91.1052494, 14.0946618]]}, "properties": {"osmid": "442941832", "oneway": "False", "lanes": NaN, "ref": NaN, "name": NaN, "highway": "unclassified", "maxspeed": NaN, "length": 57.401, "bridge": NaN, "tunnel": NaN, "access": NaN, "junction": NaN, "width": NaN, "est_width": NaN, "iri": 10.3299999237061}}, {"type": "Feature", "geometry": {"type": "LineString", "coordinates": [[-91.1052494, 14.0946618], [-91.1057617, 14.094537]]}, "properties": {"osmid": "442941832", "oneway": "False", "lanes": NaN, "ref": NaN, "name": NaN, "highway": "unclassified", "maxspeed": NaN, "length": 56.966, "bridge": NaN, "tunnel": NaN, "access": NaN, "junction": NaN, "width": NaN, "est_width": NaN, "iri": 10.3299999237061}}, {"type": "Feature", "geometry": {"type": "LineString", "coordinates": [[-91.1057617, 14.094537], [-91.1062261, 14.0944239]]}, "properties": {"osmid": "442941832", "oneway": "False", "lanes": NaN, "ref": NaN, "name": NaN, "highway": "unclassified", "maxspeed": NaN, "length": 51.639, "bridge": NaN, "tunnel": NaN, "access": NaN, "junction": NaN, "width": NaN, "est_width": NaN, "iri": 10.3299999237061}}, {"type": "Feature", "geometry": {"type": "LineString", "coordinates": [[-91.1062261, 14.0944239], [-91.106394, 14.094383]]}, "properties": {"osmid": "442941832", "oneway": "False", "lanes": NaN, "ref": NaN, "name": NaN, "highway": "unclassified", "maxspeed": NaN, "length": 18.67, "bridge": NaN, "tunnel": NaN, "access": NaN, "junction": NaN, "width": NaN, "est_width": NaN, "iri": 10.3299999237061}}, {"type": "Feature", "geometry": {"type": "LineString", "coordinates": [[-91.106394, 14.094383], [-91.1066462, 14.0943429]]}, "properties": {"osmid": "442941832", "oneway": "False", "lanes": NaN, "ref": NaN, "name": NaN, "highway": "unclassified", "maxspeed": NaN, "length": 27.562, "bridge": NaN, "tunnel": NaN, "access": NaN, "junction": NaN, "width": NaN, "est_width": NaN, "iri": 10.3299999237061}}, {"type": "Feature", "geometry": {"type": "LineString", "coordinates": [[-91.1066462, 14.0943429], [-91.1071753, 14.0943298]]}, "properties": {"osmid": "442941832", "oneway": "False", "lanes": NaN, "ref": NaN, "name": NaN, "highway": "unclassified", "maxspeed": NaN, "length": 57.081, "bridge": NaN, "tunnel": NaN, "access": NaN, "junction": NaN, "width": NaN, "est_width": NaN, "iri": 10.3299999237061}}, {"type": "Feature", "geometry": {"type": "LineString", "coordinates": [[-91.1071753, 14.0943298], [-91.1074185, 14.0943548]]}, "properties": {"osmid": "442941832", "oneway": "False", "lanes": NaN, "ref": NaN, "name": NaN, "highway": "unclassified", "maxspeed": NaN, "length": 26.375, "bridge": NaN, "tunnel": NaN, "access": NaN, "junction": NaN, "width": NaN, "est_width": NaN, "iri": 10.3299999237061}}, {"type": "Feature", "geometry": {"type": "LineString", "coordinates": [[-91.1074185, 14.0943548], [-91.107954, 14.0945317]]}, "properties": {"osmid": "442941832", "oneway": "False", "lanes": NaN, "ref": NaN, "name": NaN, "highway": "unclassified", "maxspeed": NaN, "length": 61.01, "bridge": NaN, "tunnel": NaN, "access": NaN, "junction": NaN, "width": NaN, "est_width": NaN, "iri": 10.3299999237061}}, {"type": "Feature", "geometry": {"type": "LineString", "coordinates": [[-91.107954, 14.0945317], [-91.1089726, 14.0949118]]}, "properties": {"osmid": "442941832", "oneway": "False", "lanes": NaN, "ref": NaN, "name": NaN, "highway": "unclassified", "maxspeed": NaN, "length": 117.704, "bridge": NaN, "tunnel": NaN, "access": NaN, "junction": NaN, "width": NaN, "est_width": NaN, "iri": 10.3299999237061}}, {"type": "Feature", "geometry": {"type": "LineString", "coordinates": [[-91.1089726, 14.0949118], [-91.1091388, 14.0949962]]}, "properties": {"osmid": "442941832", "oneway": "False", "lanes": NaN, "ref": NaN, "name": NaN, "highway": "unclassified", "maxspeed": NaN, "length": 20.232, "bridge": NaN, "tunnel": NaN, "access": NaN, "junction": NaN, "width": NaN, "est_width": NaN, "iri": 10.3299999237061}}, {"type": "Feature", "geometry": {"type": "LineString", "coordinates": [[-91.1091388, 14.0949962], [-91.1099186, 14.0953316]]}, "properties": {"osmid": "442941832", "oneway": "False", "lanes": NaN, "ref": NaN, "name": NaN, "highway": "unclassified", "maxspeed": NaN, "length": 91.998, "bridge": NaN, "tunnel": NaN, "access": NaN, "junction": NaN, "width": NaN, "est_width": NaN, "iri": 10.3299999237061}}, {"type": "Feature", "geometry": {"type": "LineString", "coordinates": [[-91.1099186, 14.0953316], [-91.1101623, 14.0954199]]}, "properties": {"osmid": "442941832", "oneway": "False", "lanes": NaN, "ref": NaN, "name": NaN, "highway": "unclassified", "maxspeed": NaN, "length": 28.056, "bridge": NaN, "tunnel": NaN, "access": NaN, "junction": NaN, "width": NaN, "est_width": NaN, "iri": 10.3299999237061}}, {"type": "Feature", "geometry": {"type": "LineString", "coordinates": [[-91.1101623, 14.0954199], [-91.1102377, 14.0954381]]}, "properties": {"osmid": "442941832", "oneway": "False", "lanes": NaN, "ref": NaN, "name": NaN, "highway": "unclassified", "maxspeed": NaN, "length": 8.38, "bridge": NaN, "tunnel": NaN, "access": NaN, "junction": NaN, "width": NaN, "est_width": NaN, "iri": 10.3299999237061}}, {"type": "Feature", "geometry": {"type": "LineString", "coordinates": [[-91.1102377, 14.0954381], [-91.1106392, 14.0954557]]}, "properties": {"osmid": "442941832", "oneway": "False", "lanes": NaN, "ref": NaN, "name": NaN, "highway": "unclassified", "maxspeed": NaN, "length": 43.345, "bridge": NaN, "tunnel": NaN, "access": NaN, "junction": NaN, "width": NaN, "est_width": NaN, "iri": 10.3299999237061}}, {"type": "Feature", "geometry": {"type": "LineString", "coordinates": [[-91.1106392, 14.0954557], [-91.1113751, 14.0954446]]}, "properties": {"osmid": "442941832", "oneway": "False", "lanes": NaN, "ref": NaN, "name": NaN, "highway": "unclassified", "maxspeed": NaN, "length": 79.374, "bridge": NaN, "tunnel": NaN, "access": NaN, "junction": NaN, "width": NaN, "est_width": NaN, "iri": 10.3299999237061}}, {"type": "Feature", "geometry": {"type": "LineString", "coordinates": [[-91.1113751, 14.0954446], [-91.1120109, 14.095435]]}, "properties": {"osmid": "442941832", "oneway": "False", "lanes": NaN, "ref": NaN, "name": NaN, "highway": "unclassified", "maxspeed": NaN, "length": 68.578, "bridge": NaN, "tunnel": NaN, "access": NaN, "junction": NaN, "width": NaN, "est_width": NaN, "iri": 10.3299999237061}}, {"type": "Feature", "geometry": {"type": "LineString", "coordinates": [[-91.1120109, 14.095435], [-91.1131916, 14.0954562]]}, "properties": {"osmid": "442941832", "oneway": "False", "lanes": NaN, "ref": NaN, "name": NaN, "highway": "unclassified", "maxspeed": NaN, "length": 127.357, "bridge": NaN, "tunnel": NaN, "access": NaN, "junction": NaN, "width": NaN, "est_width": NaN, "iri": 10.3299999237061}}, {"type": "Feature", "geometry": {"type": "LineString", "coordinates": [[-91.1131916, 14.0954562], [-91.1133425, 14.0954682]]}, "properties": {"osmid": "442941832", "oneway": "False", "lanes": NaN, "ref": NaN, "name": NaN, "highway": "unclassified", "maxspeed": NaN, "length": 16.329, "bridge": NaN, "tunnel": NaN, "access": NaN, "junction": NaN, "width": NaN, "est_width": NaN, "iri": 10.3299999237061}}, {"type": "Feature", "geometry": {"type": "LineString", "coordinates": [[-91.1133425, 14.0954682], [-91.1140572, 14.0956218]]}, "properties": {"osmid": "442941832", "oneway": "False", "lanes": NaN, "ref": NaN, "name": NaN, "highway": "unclassified", "maxspeed": NaN, "length": 78.948, "bridge": NaN, "tunnel": NaN, "access": NaN, "junction": NaN, "width": NaN, "est_width": NaN, "iri": 10.3299999237061}}, {"type": "Feature", "geometry": {"type": "LineString", "coordinates": [[-91.1140572, 14.0956218], [-91.1142208, 14.0956721]]}, "properties": {"osmid": "442941832", "oneway": "False", "lanes": NaN, "ref": NaN, "name": NaN, "highway": "unclassified", "maxspeed": NaN, "length": 18.509, "bridge": NaN, "tunnel": NaN, "access": NaN, "junction": NaN, "width": NaN, "est_width": NaN, "iri": 10.3299999237061}}, {"type": "Feature", "geometry": {"type": "LineString", "coordinates": [[-91.1142208, 14.0956721], [-91.1146419, 14.0959242]]}, "properties": {"osmid": "442941832", "oneway": "False", "lanes": NaN, "ref": NaN, "name": NaN, "highway": "unclassified", "maxspeed": NaN, "length": 53.369, "bridge": NaN, "tunnel": NaN, "access": NaN, "junction": NaN, "width": NaN, "est_width": NaN, "iri": 10.3299999237061}}, {"type": "Feature", "geometry": {"type": "LineString", "coordinates": [[-91.1146419, 14.0959242], [-91.1153675, 14.0964624]]}, "properties": {"osmid": "442941832", "oneway": "False", "lanes": NaN, "ref": NaN, "name": NaN, "highway": "unclassified", "maxspeed": NaN, "length": 98.514, "bridge": NaN, "tunnel": NaN, "access": NaN, "junction": NaN, "width": NaN, "est_width": NaN, "iri": 10.3299999237061}}, {"type": "Feature", "geometry": {"type": "LineString", "coordinates": [[-91.1153675, 14.0964624], [-91.1161067, 14.0969272]]}, "properties": {"osmid": "442941832", "oneway": "False", "lanes": NaN, "ref": NaN, "name": NaN, "highway": "unclassified", "maxspeed": NaN, "length": 95.008, "bridge": NaN, "tunnel": NaN, "access": NaN, "junction": NaN, "width": NaN, "est_width": NaN, "iri": 10.3299999237061}}, {"type": "Feature", "geometry": {"type": "LineString", "coordinates": [[-91.1161067, 14.0969272], [-91.1163182, 14.0970119]]}, "properties": {"osmid": "442941832", "oneway": "False", "lanes": NaN, "ref": NaN, "name": NaN, "highway": "unclassified", "maxspeed": NaN, "length": 24.677, "bridge": NaN, "tunnel": NaN, "access": NaN, "junction": NaN, "width": NaN, "est_width": NaN, "iri": 10.3299999237061}}, {"type": "Feature", "geometry": {"type": "LineString", "coordinates": [[-91.1163182, 14.0970119], [-91.116395, 14.0970554]]}, "properties": {"osmid": "442941832", "oneway": "False", "lanes": NaN, "ref": NaN, "name": NaN, "highway": "unclassified", "maxspeed": NaN, "length": 9.592, "bridge": NaN, "tunnel": NaN, "access": NaN, "junction": NaN, "width": NaN, "est_width": NaN, "iri": 10.3299999237061}}, {"type": "Feature", "geometry": {"type": "LineString", "coordinates": [[-91.116395, 14.0970554], [-91.1165544, 14.0971573]]}, "properties": {"osmid": "547484520", "oneway": "False", "lanes": NaN, "ref": NaN, "name": NaN, "highway": "unclassified", "maxspeed": NaN, "length": 20.589, "bridge": "yes", "tunnel": NaN, "access": NaN, "junction": NaN, "width": NaN, "est_width": NaN, "iri": 10.3299999237061}}, {"type": "Feature", "geometry": {"type": "LineString", "coordinates": [[-91.1165544, 14.0971573], [-91.1166022, 14.0972054]]}, "properties": {"osmid": "547484523", "oneway": "False", "lanes": NaN, "ref": NaN, "name": NaN, "highway": "unclassified", "maxspeed": NaN, "length": 7.428, "bridge": NaN, "tunnel": NaN, "access": NaN, "junction": NaN, "width": NaN, "est_width": NaN, "iri": 10.3299999237061}}, {"type": "Feature", "geometry": {"type": "LineString", "coordinates": [[-91.1166022, 14.0972054], [-91.1167256, 14.0973299]]}, "properties": {"osmid": "547484523", "oneway": "False", "lanes": NaN, "ref": NaN, "name": NaN, "highway": "unclassified", "maxspeed": NaN, "length": 19.203, "bridge": NaN, "tunnel": NaN, "access": NaN, "junction": NaN, "width": NaN, "est_width": NaN, "iri": 10.3299999237061}}, {"type": "Feature", "geometry": {"type": "LineString", "coordinates": [[-91.1167256, 14.0973299], [-91.1169979, 14.0975436]]}, "properties": {"osmid": "547484523", "oneway": "False", "lanes": NaN, "ref": NaN, "name": NaN, "highway": "unclassified", "maxspeed": NaN, "length": 37.776, "bridge": NaN, "tunnel": NaN, "access": NaN, "junction": NaN, "width": NaN, "est_width": NaN, "iri": 10.3299999237061}}, {"type": "Feature", "geometry": {"type": "LineString", "coordinates": [[-91.1169979, 14.0975436], [-91.1171932, 14.0976969]]}, "properties": {"osmid": "547484523", "oneway": "False", "lanes": NaN, "ref": NaN, "name": NaN, "highway": "unclassified", "maxspeed": NaN, "length": 27.096, "bridge": NaN, "tunnel": NaN, "access": NaN, "junction": NaN, "width": NaN, "est_width": NaN, "iri": 10.3299999237061}}, {"type": "Feature", "geometry": {"type": "LineString", "coordinates": [[-91.1171932, 14.0976969], [-91.117556, 14.0977288]]}, "properties": {"osmid": "547484523", "oneway": "False", "lanes": NaN, "ref": NaN, "name": NaN, "highway": "unclassified", "maxspeed": NaN, "length": 39.287, "bridge": NaN, "tunnel": NaN, "access": NaN, "junction": NaN, "width": NaN, "est_width": NaN, "iri": 10.3299999237061}}, {"type": "Feature", "geometry": {"type": "LineString", "coordinates": [[-91.117556, 14.0977288], [-91.1182293, 14.0976874]]}, "properties": {"osmid": "547484523", "oneway": "False", "lanes": NaN, "ref": NaN, "name": NaN, "highway": "unclassified", "maxspeed": NaN, "length": 72.759, "bridge": NaN, "tunnel": NaN, "access": NaN, "junction": NaN, "width": NaN, "est_width": NaN, "iri": 10.3299999237061}}, {"type": "Feature", "geometry": {"type": "LineString", "coordinates": [[-91.1182293, 14.0976874], [-91.1192227, 14.0974786]]}, "properties": {"osmid": "547484523", "oneway": "False", "lanes": NaN, "ref": NaN, "name": NaN, "highway": "unclassified", "maxspeed": NaN, "length": 109.621, "bridge": NaN, "tunnel": NaN, "access": NaN, "junction": NaN, "width": NaN, "est_width": NaN, "iri": 10.3299999237061}}, {"type": "Feature", "geometry": {"type": "LineString", "coordinates": [[-91.1192227, 14.0974786], [-91.1200938, 14.0972791]]}, "properties": {"osmid": "547484523", "oneway": "False", "lanes": NaN, "ref": NaN, "name": NaN, "highway": "unclassified", "maxspeed": NaN, "length": 96.528, "bridge": NaN, "tunnel": NaN, "access": NaN, "junction": NaN, "width": NaN, "est_width": NaN, "iri": 10.3299999237061}}, {"type": "Feature", "geometry": {"type": "LineString", "coordinates": [[-91.1200938, 14.0972791], [-91.1208369, 14.0970288]]}, "properties": {"osmid": "547484523", "oneway": "False", "lanes": NaN, "ref": NaN, "name": NaN, "highway": "unclassified", "maxspeed": NaN, "length": 84.836, "bridge": NaN, "tunnel": NaN, "access": NaN, "junction": NaN, "width": NaN, "est_width": NaN, "iri": 10.3299999237061}}, {"type": "Feature", "geometry": {"type": "LineString", "coordinates": [[-91.1208369, 14.0970288], [-91.1213336, 14.0967428]]}, "properties": {"osmid": "547484523", "oneway": "False", "lanes": NaN, "ref": NaN, "name": NaN, "highway": "unclassified", "maxspeed": NaN, "length": 62.296, "bridge": NaN, "tunnel": NaN, "access": NaN, "junction": NaN, "width": NaN, "est_width": NaN, "iri": 10.3299999237061}}, {"type": "Feature", "geometry": {"type": "LineString", "coordinates": [[-91.1213336, 14.0967428], [-91.1217217, 14.0964906]]}, "properties": {"osmid": "547484523", "oneway": "False", "lanes": NaN, "ref": NaN, "name": NaN, "highway": "unclassified", "maxspeed": NaN, "length": 50.381, "bridge": NaN, "tunnel": NaN, "access": NaN, "junction": NaN, "width": NaN, "est_width": NaN, "iri": 10.3299999237061}}, {"type": "Feature", "geometry": {"type": "LineString", "coordinates": [[-91.1217217, 14.0964906], [-91.1225657, 14.0960352]]}, "properties": {"osmid": "547484523", "oneway": "False", "lanes": NaN, "ref": NaN, "name": NaN, "highway": "unclassified", "maxspeed": NaN, "length": 104.16, "bridge": NaN, "tunnel": NaN, "access": NaN, "junction": NaN, "width": NaN, "est_width": NaN, "iri": 10.3299999237061}}, {"type": "Feature", "geometry": {"type": "LineString", "coordinates": [[-91.1225657, 14.0960352], [-91.1231089, 14.0958452]]}, "properties": {"osmid": "547484523", "oneway": "False", "lanes": NaN, "ref": NaN, "name": NaN, "highway": "unclassified", "maxspeed": NaN, "length": 62.276, "bridge": NaN, "tunnel": NaN, "access": NaN, "junction": NaN, "width": NaN, "est_width": NaN, "iri": 10.3299999237061}}, {"type": "Feature", "geometry": {"type": "LineString", "coordinates": [[-91.1231089, 14.0958452], [-91.1234756, 14.0956871]]}, "properties": {"osmid": "547484523", "oneway": "False", "lanes": NaN, "ref": NaN, "name": NaN, "highway": "unclassified", "maxspeed": NaN, "length": 43.279, "bridge": NaN, "tunnel": NaN, "access": NaN, "junction": NaN, "width": NaN, "est_width": NaN, "iri": 10.3299999237061}}, {"type": "Feature", "geometry": {"type": "LineString", "coordinates": [[-91.1234756, 14.0956871], [-91.1238326, 14.0953371]]}, "properties": {"osmid": "547484523", "oneway": "False", "lanes": NaN, "ref": NaN, "name": NaN, "highway": "unclassified", "maxspeed": NaN, "length": 54.745, "bridge": NaN, "tunnel": NaN, "access": NaN, "junction": NaN, "width": NaN, "est_width": NaN, "iri": 10.3299999237061}}, {"type": "Feature", "geometry": {"type": "LineString", "coordinates": [[-91.1238326, 14.0953371], [-91.1246145, 14.0948817]]}, "properties": {"osmid": "547484523", "oneway": "False", "lanes": NaN, "ref": NaN, "name": NaN, "highway": "unclassified", "maxspeed": NaN, "length": 98.362, "bridge": NaN, "tunnel": NaN, "access": NaN, "junction": NaN, "width": NaN, "est_width": NaN, "iri": 10.3299999237061}}, {"type": "Feature", "geometry": {"type": "LineString", "coordinates": [[-91.1246145, 14.0948817], [-91.124989, 14.0947161]]}, "properties": {"osmid": "547484523", "oneway": "False", "lanes": NaN, "ref": NaN, "name": NaN, "highway": "unclassified", "maxspeed": NaN, "length": 44.388, "bridge": NaN, "tunnel": NaN, "access": NaN, "junction": NaN, "width": NaN, "est_width": NaN, "iri": 10.3299999237061}}, {"type": "Feature", "geometry": {"type": "LineString", "coordinates": [[-91.124989, 14.0947161], [-91.1253266, 14.0945769]]}, "properties": {"osmid": "547484523", "oneway": "False", "lanes": NaN, "ref": NaN, "name": NaN, "highway": "unclassified", "maxspeed": NaN, "length": 39.563, "bridge": NaN, "tunnel": NaN, "access": NaN, "junction": NaN, "width": NaN, "est_width": NaN, "iri": 10.3299999237061}}, {"type": "Feature", "geometry": {"type": "LineString", "coordinates": [[-91.1253266, 14.0945769], [-91.1258541, 14.0944377]]}, "properties": {"osmid": "547484523", "oneway": "False", "lanes": NaN, "ref": NaN, "name": NaN, "highway": "unclassified", "maxspeed": NaN, "length": 58.958, "bridge": NaN, "tunnel": NaN, "access": NaN, "junction": NaN, "width": NaN, "est_width": NaN, "iri": 10.3299999237061}}, {"type": "Feature", "geometry": {"type": "LineString", "coordinates": [[-91.1258541, 14.0944377], [-91.1265761, 14.0943811]]}, "properties": {"osmid": "547484523", "oneway": "False", "lanes": NaN, "ref": NaN, "name": NaN, "highway": "unclassified", "maxspeed": NaN, "length": 78.12, "bridge": NaN, "tunnel": NaN, "access": NaN, "junction": NaN, "width": NaN, "est_width": NaN, "iri": 10.3299999237061}}, {"type": "Feature", "geometry": {"type": "LineString", "coordinates": [[-91.1265761, 14.0943811], [-91.1272881, 14.0942852]]}, "properties": {"osmid": "547484523", "oneway": "False", "lanes": NaN, "ref": NaN, "name": NaN, "highway": "unclassified", "maxspeed": NaN, "length": 77.524, "bridge": NaN, "tunnel": NaN, "access": NaN, "junction": NaN, "width": NaN, "est_width": NaN, "iri": 10.3299999237061}}, {"type": "Feature", "geometry": {"type": "LineString", "coordinates": [[-91.1272881, 14.0942852], [-91.127878, 14.0941572]]}, "properties": {"osmid": "547484523", "oneway": "False", "lanes": NaN, "ref": NaN, "name": NaN, "highway": "unclassified", "maxspeed": NaN, "length": 65.192, "bridge": NaN, "tunnel": NaN, "access": NaN, "junction": NaN, "width": NaN, "est_width": NaN, "iri": 10.3299999237061}}, {"type": "Feature", "geometry": {"type": "LineString", "coordinates": [[-91.127878, 14.0941572], [-91.12846, 14.0939427]]}, "properties": {"osmid": "547484523", "oneway": "False", "lanes": NaN, "ref": NaN, "name": NaN, "highway": "unclassified", "maxspeed": NaN, "length": 67.146, "bridge": NaN, "tunnel": NaN, "access": NaN, "junction": NaN, "width": NaN, "est_width": NaN, "iri": 10.3299999237061}}, {"type": "Feature", "geometry": {"type": "LineString", "coordinates": [[-91.12846, 14.0939427], [-91.1292615, 14.093603]]}, "properties": {"osmid": "547484523", "oneway": "False", "lanes": NaN, "ref": NaN, "name": NaN, "highway": "unclassified", "maxspeed": NaN, "length": 94.333, "bridge": NaN, "tunnel": NaN, "access": NaN, "junction": NaN, "width": NaN, "est_width": NaN, "iri": 10.3299999237061}}, {"type": "Feature", "geometry": {"type": "LineString", "coordinates": [[-91.1292615, 14.093603], [-91.1296031, 14.0934665]]}, "properties": {"osmid": "547484523", "oneway": "False", "lanes": NaN, "ref": NaN, "name": NaN, "highway": "unclassified", "maxspeed": NaN, "length": 39.845, "bridge": NaN, "tunnel": NaN, "access": NaN, "junction": NaN, "width": NaN, "est_width": NaN, "iri": 10.3299999237061}}, {"type": "Feature", "geometry": {"type": "LineString", "coordinates": [[-91.1296031, 14.0934665], [-91.1296606, 14.0934464]]}, "properties": {"osmid": "547484523", "oneway": "False", "lanes": NaN, "ref": NaN, "name": NaN, "highway": "unclassified", "maxspeed": NaN, "length": 6.592, "bridge": NaN, "tunnel": NaN, "access": NaN, "junction": NaN, "width": NaN, "est_width": NaN, "iri": 10.3299999237061}}, {"type": "Feature", "geometry": {"type": "LineString", "coordinates": [[-91.1296606, 14.0934464], [-91.1297794, 14.0934068]]}, "properties": {"osmid": "547484515", "oneway": "False", "lanes": NaN, "ref": NaN, "name": NaN, "highway": "unclassified", "maxspeed": NaN, "length": 13.548, "bridge": "yes", "tunnel": NaN, "access": NaN, "junction": NaN, "width": NaN, "est_width": NaN, "iri": 10.3299999237061}}, {"type": "Feature", "geometry": {"type": "LineString", "coordinates": [[-91.1297794, 14.0934068], [-91.1298465, 14.0933993]]}, "properties": {"osmid": "547484512", "oneway": "False", "lanes": NaN, "ref": NaN, "name": NaN, "highway": "unclassified", "maxspeed": NaN, "length": 7.285, "bridge": NaN, "tunnel": NaN, "access": NaN, "junction": NaN, "width": NaN, "est_width": NaN, "iri": 10.3299999237061}}, {"type": "Feature", "geometry": {"type": "LineString", "coordinates": [[-91.1298465, 14.0933993], [-91.1299187, 14.0934255]]}, "properties": {"osmid": "547484512", "oneway": "False", "lanes": NaN, "ref": NaN, "name": NaN, "highway": "unclassified", "maxspeed": NaN, "length": 8.314, "bridge": NaN, "tunnel": NaN, "access": NaN, "junction": NaN, "width": NaN, "est_width": NaN, "iri": 10.3299999237061}}, {"type": "Feature", "geometry": {"type": "LineString", "coordinates": [[-91.1299187, 14.0934255], [-91.1300178, 14.0935219]]}, "properties": {"osmid": "547484512", "oneway": "False", "lanes": NaN, "ref": NaN, "name": NaN, "highway": "unclassified", "maxspeed": NaN, "length": 15.137, "bridge": NaN, "tunnel": NaN, "access": NaN, "junction": NaN, "width": NaN, "est_width": NaN, "iri": 10.3299999237061}}, {"type": "Feature", "geometry": {"type": "LineString", "coordinates": [[-91.1300178, 14.0935219], [-91.1300929, 14.0935364]]}, "properties": {"osmid": "547484512", "oneway": "False", "lanes": NaN, "ref": NaN, "name": NaN, "highway": "unclassified", "maxspeed": NaN, "length": 8.258, "bridge": NaN, "tunnel": NaN, "access": NaN, "junction": NaN, "width": NaN, "est_width": NaN, "iri": 10.3299999237061}}, {"type": "Feature", "geometry": {"type": "LineString", "coordinates": [[-91.1300929, 14.0935364], [-91.1303595, 14.0934967]]}, "properties": {"osmid": "547484512", "oneway": "False", "lanes": NaN, "ref": NaN, "name": NaN, "highway": "unclassified", "maxspeed": NaN, "length": 29.089, "bridge": NaN, "tunnel": NaN, "access": NaN, "junction": NaN, "width": NaN, "est_width": NaN, "iri": 10.3299999237061}}, {"type": "Feature", "geometry": {"type": "LineString", "coordinates": [[-91.1303595, 14.0934967], [-91.1307037, 14.0934049]]}, "properties": {"osmid": "547484512", "oneway": "False", "lanes": NaN, "ref": NaN, "name": NaN, "highway": "unclassified", "maxspeed": NaN, "length": 38.499, "bridge": NaN, "tunnel": NaN, "access": NaN, "junction": NaN, "width": NaN, "est_width": NaN, "iri": 10.3299999237061}}, {"type": "Feature", "geometry": {"type": "LineString", "coordinates": [[-91.1307037, 14.0934049], [-91.1316691, 14.0930206]]}, "properties": {"osmid": "547484512", "oneway": "False", "lanes": NaN, "ref": NaN, "name": NaN, "highway": "unclassified", "maxspeed": NaN, "length": 112.545, "bridge": NaN, "tunnel": NaN, "access": NaN, "junction": NaN, "width": NaN, "est_width": NaN, "iri": 10.3299999237061}}, {"type": "Feature", "geometry": {"type": "LineString", "coordinates": [[-91.1316691, 14.0930206], [-91.1324581, 14.0927645]]}, "properties": {"osmid": "547484512", "oneway": "False", "lanes": NaN, "ref": NaN, "name": NaN, "highway": "unclassified", "maxspeed": NaN, "length": 89.731, "bridge": NaN, "tunnel": NaN, "access": NaN, "junction": NaN, "width": NaN, "est_width": NaN, "iri": 10.3299999237061}}, {"type": "Feature", "geometry": {"type": "LineString", "coordinates": [[-91.1324581, 14.0927645], [-91.1335472, 14.0924109]]}, "properties": {"osmid": "547484512", "oneway": "False", "lanes": NaN, "ref": NaN, "name": NaN, "highway": "unclassified", "maxspeed": NaN, "length": 123.864, "bridge": NaN, "tunnel": NaN, "access": NaN, "junction": NaN, "width": NaN, "est_width": NaN, "iri": 10.3299999237061}}, {"type": "Feature", "geometry": {"type": "LineString", "coordinates": [[-91.1335472, 14.0924109], [-91.1340772, 14.0922718]]}, "properties": {"osmid": "547484512", "oneway": "False", "lanes": NaN, "ref": NaN, "name": NaN, "highway": "unclassified", "maxspeed": NaN, "length": 59.215, "bridge": NaN, "tunnel": NaN, "access": NaN, "junction": NaN, "width": NaN, "est_width": NaN, "iri": 10.3299999237061}}, {"type": "Feature", "geometry": {"type": "LineString", "coordinates": [[-91.1340772, 14.0922718], [-91.1351033, 14.0920025]]}, "properties": {"osmid": "547484512", "oneway": "False", "lanes": NaN, "ref": NaN, "name": NaN, "highway": "unclassified", "maxspeed": NaN, "length": 114.643, "bridge": NaN, "tunnel": NaN, "access": NaN, "junction": NaN, "width": NaN, "est_width": NaN, "iri": 10.3299999237061}}, {"type": "Feature", "geometry": {"type": "LineString", "coordinates": [[-91.1351033, 14.0920025], [-91.1354001, 14.0918821]]}, "properties": {"osmid": "547484512", "oneway": "False", "lanes": NaN, "ref": NaN, "name": NaN, "highway": "unclassified", "maxspeed": NaN, "length": 34.696, "bridge": NaN, "tunnel": NaN, "access": NaN, "junction": NaN, "width": NaN, "est_width": NaN, "iri": 10.3299999237061}}, {"type": "Feature", "geometry": {"type": "LineString", "coordinates": [[-91.1354001, 14.0918821], [-91.1355049, 14.0917993]]}, "properties": {"osmid": "547484512", "oneway": "False", "lanes": NaN, "ref": NaN, "name": NaN, "highway": "unclassified", "maxspeed": NaN, "length": 14.578, "bridge": NaN, "tunnel": NaN, "access": NaN, "junction": NaN, "width": NaN, "est_width": NaN, "iri": 10.3299999237061}}, {"type": "Feature", "geometry": {"type": "LineString", "coordinates": [[-91.1355049, 14.0917993], [-91.1367777, 14.0913081]]}, "properties": {"osmid": "547484512", "oneway": "False", "lanes": NaN, "ref": NaN, "name": NaN, "highway": "unclassified", "maxspeed": NaN, "length": 147.737, "bridge": NaN, "tunnel": NaN, "access": NaN, "junction": NaN, "width": NaN, "est_width": NaN, "iri": 10.3299999237061}}, {"type": "Feature", "geometry": {"type": "LineString", "coordinates": [[-91.1367777, 14.0913081], [-91.1373222, 14.0910827]]}, "properties": {"osmid": "547484512", "oneway": "False", "lanes": NaN, "ref": NaN, "name": NaN, "highway": "unclassified", "maxspeed": NaN, "length": 63.849, "bridge": NaN, "tunnel": NaN, "access": NaN, "junction": NaN, "width": NaN, "est_width": NaN, "iri": 10.3299999237061}}, {"type": "Feature", "geometry": {"type": "LineString", "coordinates": [[-91.1373222, 14.0910827], [-91.1375565, 14.0909857]]}, "properties": {"osmid": "547484512", "oneway": "False", "lanes": NaN, "ref": NaN, "name": NaN, "highway": "unclassified", "maxspeed": NaN, "length": 27.475, "bridge": NaN, "tunnel": NaN, "access": NaN, "junction": NaN, "width": NaN, "est_width": NaN, "iri": 10.3299999237061}}, {"type": "Feature", "geometry": {"type": "LineString", "coordinates": [[-91.1375565, 14.0909857], [-91.1378248, 14.0908746]]}, "properties": {"osmid": "547484512", "oneway": "False", "lanes": NaN, "ref": NaN, "name": NaN, "highway": "unclassified", "maxspeed": NaN, "length": 31.463, "bridge": NaN, "tunnel": NaN, "access": NaN, "junction": NaN, "width": NaN, "est_width": NaN, "iri": 10.3299999237061}}, {"type": "Feature", "geometry": {"type": "LineString", "coordinates": [[-91.1378248, 14.0908746], [-91.1386325, 14.0906062]]}, "properties": {"osmid": "547484512", "oneway": "False", "lanes": NaN, "ref": NaN, "name": NaN, "highway": "unclassified", "maxspeed": NaN, "length": 92.081, "bridge": NaN, "tunnel": NaN, "access": NaN, "junction": NaN, "width": NaN, "est_width": NaN, "iri": 10.3299999237061}}, {"type": "Feature", "geometry": {"type": "LineString", "coordinates": [[-91.1386325, 14.0906062], [-91.140012, 14.0902073]]}, "properties": {"osmid": "547484512", "oneway": "False", "lanes": NaN, "ref": NaN, "name": NaN, "highway": "unclassified", "maxspeed": NaN, "length": 155.25, "bridge": NaN, "tunnel": NaN, "access": NaN, "junction": NaN, "width": NaN, "est_width": NaN, "iri": 10.3299999237061}}, {"type": "Feature", "geometry": {"type": "LineString", "coordinates": [[-91.140012, 14.0902073], [-91.141182, 14.0898011]]}, "properties": {"osmid": "547484512", "oneway": "False", "lanes": NaN, "ref": NaN, "name": NaN, "highway": "unclassified", "maxspeed": NaN, "length": 134.024, "bridge": NaN, "tunnel": NaN, "access": NaN, "junction": NaN, "width": NaN, "est_width": NaN, "iri": 10.3299999237061}}, {"type": "Feature", "geometry": {"type": "LineString", "coordinates": [[-91.141182, 14.0898011], [-91.1418488, 14.089527]]}, "properties": {"osmid": "547484512", "oneway": "False", "lanes": NaN, "ref": NaN, "name": NaN, "highway": "unclassified", "maxspeed": NaN, "length": 78.106, "bridge": NaN, "tunnel": NaN, "access": NaN, "junction": NaN, "width": NaN, "est_width": NaN, "iri": 10.3299999237061}}, {"type": "Feature", "geometry": {"type": "LineString", "coordinates": [[-91.1418488, 14.089527], [-91.1424415, 14.0892662]]}, "properties": {"osmid": "547484512", "oneway": "False", "lanes": NaN, "ref": NaN, "name": NaN, "highway": "unclassified", "maxspeed": NaN, "length": 70.193, "bridge": NaN, "tunnel": NaN, "access": NaN, "junction": NaN, "width": NaN, "est_width": NaN, "iri": 10.3299999237061}}, {"type": "Feature", "geometry": {"type": "LineString", "coordinates": [[-91.1424415, 14.0892662], [-91.1425151, 14.0892317]]}, "properties": {"osmid": "547484512", "oneway": "False", "lanes": NaN, "ref": NaN, "name": NaN, "highway": "unclassified", "maxspeed": NaN, "length": 8.816, "bridge": NaN, "tunnel": NaN, "access": NaN, "junction": NaN, "width": NaN, "est_width": NaN, "iri": 10.3299999237061}}, {"type": "Feature", "geometry": {"type": "LineString", "coordinates": [[-91.1425151, 14.0892317], [-91.1429482, 14.0905807]]}, "properties": {"osmid": "414176142", "oneway": "False", "lanes": NaN, "ref": NaN, "name": NaN, "highway": "unclassified", "maxspeed": NaN, "length": 157.106, "bridge": NaN, "tunnel": NaN, "access": NaN, "junction": NaN, "width": NaN, "est_width": NaN, "iri": 10.3299999237061}}]}