{"type": "FeatureCollection", "features": [{"type": "Feature", "geometry": {"type": "LineString", "coordinates": [[-90.8200832, 13.9272689], [-90.8200852, 13.9277691]]}, "properties": {"osmid": "388801999", "oneway": "False", "lanes": NaN, "ref": NaN, "name": "Avenida 30 de Junio", "highway": "secondary", "maxspeed": NaN, "length": 55.62, "bridge": NaN, "tunnel": NaN, "access": NaN, "junction": NaN, "width": NaN, "est_width": NaN, "iri": 6.19000005722046}}, {"type": "Feature", "geometry": {"type": "LineString", "coordinates": [[-90.8200852, 13.9277691], [-90.820113, 13.9289734]]}, "properties": {"osmid": "388801999", "oneway": "False", "lanes": NaN, "ref": NaN, "name": "Avenida 30 de Junio", "highway": "secondary", "maxspeed": NaN, "length": 133.946, "bridge": NaN, "tunnel": NaN, "access": NaN, "junction": NaN, "width": NaN, "est_width": NaN, "iri": 6.19000005722046}}, {"type": "Feature", "geometry": {"type": "LineString", "coordinates": [[-90.820113, 13.9289734], [-90.8191864, 13.9287233]]}, "properties": {"osmid": "48272359", "oneway": "False", "lanes": "2", "ref": "CA-9A", "name": "Carretera Antigua Escuintla - Puerto San Jos\u00e9", "highway": "primary", "maxspeed": NaN, "length": 103.799, "bridge": NaN, "tunnel": NaN, "access": NaN, "junction": NaN, "width": NaN, "est_width": NaN, "iri": 6.19000005722046}}, {"type": "Feature", "geometry": {"type": "LineString", "coordinates": [[-90.8191864, 13.9287233], [-90.8181561, 13.9285339]]}, "properties": {"osmid": "384038948", "oneway": "False", "lanes": "2", "ref": "CA-9S", "name": "Carretera Puerto San Jos\u00e9 - Puerto de Iztapa", "highway": "primary", "maxspeed": NaN, "length": 113.173, "bridge": NaN, "tunnel": NaN, "access": NaN, "junction": NaN, "width": NaN, "est_width": NaN, "iri": 6.19000005722046}}, {"type": "Feature", "geometry": {"type": "LineString", "coordinates": [[-90.8181561, 13.9285339], [-90.8174869, 13.9285311]]}, "properties": {"osmid": "384038948", "oneway": "False", "lanes": "2", "ref": "CA-9S", "name": "Carretera Puerto San Jos\u00e9 - Puerto de Iztapa", "highway": "primary", "maxspeed": NaN, "length": 72.224, "bridge": NaN, "tunnel": NaN, "access": NaN, "junction": NaN, "width": NaN, "est_width": NaN, "iri": 6.19000005722046}}, {"type": "Feature", "geometry": {"type": "LineString", "coordinates": [[-90.8174869, 13.9285311], [-90.8160292, 13.9285183]]}, "properties": {"osmid": "384038948", "oneway": "False", "lanes": "2", "ref": "CA-9S", "name": "Carretera Puerto San Jos\u00e9 - Puerto de Iztapa", "highway": "primary", "maxspeed": NaN, "length": 157.33, "bridge": NaN, "tunnel": NaN, "access": NaN, "junction": NaN, "width": NaN, "est_width": NaN, "iri": 6.19000005722046}}, {"type": "Feature", "geometry": {"type": "LineString", "coordinates": [[-90.8160292, 13.9285183], [-90.8150827, 13.9285231]]}, "properties": {"osmid": "384038948", "oneway": "False", "lanes": "2", "ref": "CA-9S", "name": "Carretera Puerto San Jos\u00e9 - Puerto de Iztapa", "highway": "primary", "maxspeed": NaN, "length": 102.153, "bridge": NaN, "tunnel": NaN, "access": NaN, "junction": NaN, "width": NaN, "est_width": NaN, "iri": 6.19000005722046}}, {"type": "Feature", "geometry": {"type": "LineString", "coordinates": [[-90.8150827, 13.9285231], [-90.8143643, 13.9285247]]}, "properties": {"osmid": "384038948", "oneway": "False", "lanes": "2", "ref": "CA-9S", "name": "Carretera Puerto San Jos\u00e9 - Puerto de Iztapa", "highway": "primary", "maxspeed": NaN, "length": 77.534, "bridge": NaN, "tunnel": NaN, "access": NaN, "junction": NaN, "width": NaN, "est_width": NaN, "iri": 6.19000005722046}}, {"type": "Feature", "geometry": {"type": "LineString", "coordinates": [[-90.8143643, 13.9285247], [-90.8138676, 13.9284688]]}, "properties": {"osmid": "384038948", "oneway": "False", "lanes": "2", "ref": "CA-9S", "name": "Carretera Puerto San Jos\u00e9 - Puerto de Iztapa", "highway": "primary", "maxspeed": NaN, "length": 53.966, "bridge": NaN, "tunnel": NaN, "access": NaN, "junction": NaN, "width": NaN, "est_width": NaN, "iri": 6.19000005722046}}, {"type": "Feature", "geometry": {"type": "LineString", "coordinates": [[-90.8138676, 13.9284688], [-90.8136447, 13.9284152]]}, "properties": {"osmid": "384038948", "oneway": "False", "lanes": "2", "ref": "CA-9S", "name": "Carretera Puerto San Jos\u00e9 - Puerto de Iztapa", "highway": "primary", "maxspeed": NaN, "length": 24.784, "bridge": NaN, "tunnel": NaN, "access": NaN, "junction": NaN, "width": NaN, "est_width": NaN, "iri": 6.19000005722046}}, {"type": "Feature", "geometry": {"type": "LineString", "coordinates": [[-90.8136447, 13.9284152], [-90.8123535, 13.927971]]}, "properties": {"osmid": "384038948", "oneway": "False", "lanes": "2", "ref": "CA-9S", "name": "Carretera Puerto San Jos\u00e9 - Puerto de Iztapa", "highway": "primary", "maxspeed": NaN, "length": 147.848, "bridge": NaN, "tunnel": NaN, "access": NaN, "junction": NaN, "width": NaN, "est_width": NaN, "iri": 6.19000005722046}}, {"type": "Feature", "geometry": {"type": "LineString", "coordinates": [[-90.8123535, 13.927971], [-90.811523, 13.9276807]]}, "properties": {"osmid": "384038948", "oneway": "False", "lanes": "2", "ref": "CA-9S", "name": "Carretera Puerto San Jos\u00e9 - Puerto de Iztapa", "highway": "primary", "maxspeed": NaN, "length": 95.268, "bridge": NaN, "tunnel": NaN, "access": NaN, "junction": NaN, "width": NaN, "est_width": NaN, "iri": 6.19000005722046}}, {"type": "Feature", "geometry": {"type": "LineString", "coordinates": [[-90.811523, 13.9276807], [-90.8112902, 13.9276316]]}, "properties": {"osmid": "384038948", "oneway": "False", "lanes": "2", "ref": "CA-9S", "name": "Carretera Puerto San Jos\u00e9 - Puerto de Iztapa", "highway": "primary", "maxspeed": NaN, "length": 25.712, "bridge": NaN, "tunnel": NaN, "access": NaN, "junction": NaN, "width": NaN, "est_width": NaN, "iri": 6.19000005722046}}, {"type": "Feature", "geometry": {"type": "LineString", "coordinates": [[-90.8112902, 13.9276316], [-90.8107287, 13.9275485]]}, "properties": {"osmid": "466304672", "oneway": "False", "lanes": "2", "ref": "CA-9S", "name": "Carretera Puerto San Jos\u00e9 - Puerto de Iztapa", "highway": "primary", "maxspeed": NaN, "length": 61.301, "bridge": "yes", "tunnel": NaN, "access": NaN, "junction": NaN, "width": NaN, "est_width": NaN, "iri": 6.19000005722046}}, {"type": "Feature", "geometry": {"type": "LineString", "coordinates": [[-90.8107287, 13.9275485], [-90.8105281, 13.9275284]]}, "properties": {"osmid": "384038952", "oneway": "False", "lanes": "2", "ref": "CA-9S", "name": "Puente", "highway": "primary", "maxspeed": NaN, "length": 21.765, "bridge": "no", "tunnel": NaN, "access": NaN, "junction": NaN, "width": NaN, "est_width": NaN, "iri": 6.19000005722046}}, {"type": "Feature", "geometry": {"type": "LineString", "coordinates": [[-90.8105281, 13.9275284], [-90.8099417, 13.9275195]]}, "properties": {"osmid": "384038940", "oneway": "False", "lanes": "2", "ref": "CA-9S", "name": "Carretera Puerto San Jos\u00e9 - Puerto de Iztapa", "highway": "primary", "maxspeed": NaN, "length": 63.296, "bridge": NaN, "tunnel": NaN, "access": NaN, "junction": NaN, "width": NaN, "est_width": NaN, "iri": 6.19000005722046}}, {"type": "Feature", "geometry": {"type": "LineString", "coordinates": [[-90.8099417, 13.9275195], [-90.8096059, 13.9275534]]}, "properties": {"osmid": "384038940", "oneway": "False", "lanes": "2", "ref": "CA-9S", "name": "Carretera Puerto San Jos\u00e9 - Puerto de Iztapa", "highway": "primary", "maxspeed": NaN, "length": 36.437, "bridge": NaN, "tunnel": NaN, "access": NaN, "junction": NaN, "width": NaN, "est_width": NaN, "iri": 6.19000005722046}}, {"type": "Feature", "geometry": {"type": "LineString", "coordinates": [[-90.8096059, 13.9275534], [-90.8092818, 13.9276313]]}, "properties": {"osmid": "384038940", "oneway": "False", "lanes": "2", "ref": "CA-9S", "name": "Carretera Puerto San Jos\u00e9 - Puerto de Iztapa", "highway": "primary", "maxspeed": NaN, "length": 36.035, "bridge": NaN, "tunnel": NaN, "access": NaN, "junction": NaN, "width": NaN, "est_width": NaN, "iri": 6.19000005722046}}, {"type": "Feature", "geometry": {"type": "LineString", "coordinates": [[-90.8092818, 13.9276313], [-90.8089839, 13.9277257]]}, "properties": {"osmid": "384038940", "oneway": "False", "lanes": "2", "ref": "CA-9S", "name": "Carretera Puerto San Jos\u00e9 - Puerto de Iztapa", "highway": "primary", "maxspeed": NaN, "length": 33.821, "bridge": NaN, "tunnel": NaN, "access": NaN, "junction": NaN, "width": NaN, "est_width": NaN, "iri": 6.19000005722046}}, {"type": "Feature", "geometry": {"type": "LineString", "coordinates": [[-90.8089839, 13.9277257], [-90.8088014, 13.9277716]]}, "properties": {"osmid": "384038940", "oneway": "False", "lanes": "2", "ref": "CA-9S", "name": "Carretera Puerto San Jos\u00e9 - Puerto de Iztapa", "highway": "primary", "maxspeed": NaN, "length": 20.347, "bridge": NaN, "tunnel": NaN, "access": NaN, "junction": NaN, "width": NaN, "est_width": NaN, "iri": 6.19000005722046}}, {"type": "Feature", "geometry": {"type": "LineString", "coordinates": [[-90.8088014, 13.9277716], [-90.8067274, 13.9286692]]}, "properties": {"osmid": "384038940", "oneway": "False", "lanes": "2", "ref": "CA-9S", "name": "Carretera Puerto San Jos\u00e9 - Puerto de Iztapa", "highway": "primary", "maxspeed": NaN, "length": 245.082, "bridge": NaN, "tunnel": NaN, "access": NaN, "junction": NaN, "width": NaN, "est_width": NaN, "iri": 6.19000005722046}}, {"type": "Feature", "geometry": {"type": "LineString", "coordinates": [[-90.8067274, 13.9286692], [-90.8057427, 13.9287962]]}, "properties": {"osmid": "384038940", "oneway": "False", "lanes": "2", "ref": "CA-9S", "name": "Carretera Puerto San Jos\u00e9 - Puerto de Iztapa", "highway": "primary", "maxspeed": NaN, "length": 107.208, "bridge": NaN, "tunnel": NaN, "access": NaN, "junction": NaN, "width": NaN, "est_width": NaN, "iri": 6.19000005722046}}, {"type": "Feature", "geometry": {"type": "LineString", "coordinates": [[-90.8057427, 13.9287962], [-90.8054038, 13.9288274]]}, "properties": {"osmid": "384038946", "oneway": "False", "lanes": "2", "ref": "CA-9S", "name": "Carretera Puerto San Jos\u00e9 - Puerto de Iztapa", "highway": "primary", "maxspeed": NaN, "length": 36.74, "bridge": "yes", "tunnel": NaN, "access": NaN, "junction": NaN, "width": NaN, "est_width": NaN, "iri": 6.19000005722046}}, {"type": "Feature", "geometry": {"type": "LineString", "coordinates": [[-90.8054038, 13.9288274], [-90.8053386, 13.9288344]]}, "properties": {"osmid": "112926055", "oneway": "False", "lanes": "2", "ref": "CA-9S", "name": "Carretera Puerto San Jos\u00e9 - Puerto de Iztapa", "highway": "primary", "maxspeed": "60", "length": 7.08, "bridge": NaN, "tunnel": NaN, "access": NaN, "junction": NaN, "width": NaN, "est_width": NaN, "iri": 6.19000005722046}}, {"type": "Feature", "geometry": {"type": "LineString", "coordinates": [[-90.8053386, 13.9288344], [-90.80467, 13.9288863]]}, "properties": {"osmid": "112926055", "oneway": "False", "lanes": "2", "ref": "CA-9S", "name": "Carretera Puerto San Jos\u00e9 - Puerto de Iztapa", "highway": "primary", "maxspeed": "60", "length": 72.389, "bridge": NaN, "tunnel": NaN, "access": NaN, "junction": NaN, "width": NaN, "est_width": NaN, "iri": 6.19000005722046}}, {"type": "Feature", "geometry": {"type": "LineString", "coordinates": [[-90.80467, 13.9288863], [-90.803282, 13.929004]]}, "properties": {"osmid": "112926055", "oneway": "False", "lanes": "2", "ref": "CA-9S", "name": "Carretera Puerto San Jos\u00e9 - Puerto de Iztapa", "highway": "primary", "maxspeed": "60", "length": 150.371, "bridge": NaN, "tunnel": NaN, "access": NaN, "junction": NaN, "width": NaN, "est_width": NaN, "iri": 6.19000005722046}}, {"type": "Feature", "geometry": {"type": "LineString", "coordinates": [[-90.803282, 13.929004], [-90.8031485, 13.9290437]]}, "properties": {"osmid": "112926055", "oneway": "False", "lanes": "2", "ref": "CA-9S", "name": "Carretera Puerto San Jos\u00e9 - Puerto de Iztapa", "highway": "primary", "maxspeed": "60", "length": 15.069, "bridge": NaN, "tunnel": NaN, "access": NaN, "junction": NaN, "width": NaN, "est_width": NaN, "iri": 6.19000005722046}}, {"type": "Feature", "geometry": {"type": "LineString", "coordinates": [[-90.8031485, 13.9290437], [-90.8028361, 13.9291396]]}, "properties": {"osmid": "112926055", "oneway": "False", "lanes": "2", "ref": "CA-9S", "name": "Carretera Puerto San Jos\u00e9 - Puerto de Iztapa", "highway": "primary", "maxspeed": "60", "length": 35.362, "bridge": NaN, "tunnel": NaN, "access": NaN, "junction": NaN, "width": NaN, "est_width": NaN, "iri": 6.19000005722046}}, {"type": "Feature", "geometry": {"type": "LineString", "coordinates": [[-90.8028361, 13.9291396], [-90.80217, 13.9294034]]}, "properties": {"osmid": "112926055", "oneway": "False", "lanes": "2", "ref": "CA-9S", "name": "Carretera Puerto San Jos\u00e9 - Puerto de Iztapa", "highway": "primary", "maxspeed": "60", "length": 77.643, "bridge": NaN, "tunnel": NaN, "access": NaN, "junction": NaN, "width": NaN, "est_width": NaN, "iri": 6.19000005722046}}, {"type": "Feature", "geometry": {"type": "LineString", "coordinates": [[-90.80217, 13.9294034], [-90.800503, 13.9302018]]}, "properties": {"osmid": "112926055", "oneway": "False", "lanes": "2", "ref": "CA-9S", "name": "Carretera Puerto San Jos\u00e9 - Puerto de Iztapa", "highway": "primary", "maxspeed": "60", "length": 200.623, "bridge": NaN, "tunnel": NaN, "access": NaN, "junction": NaN, "width": NaN, "est_width": NaN, "iri": 6.19000005722046}}, {"type": "Feature", "geometry": {"type": "LineString", "coordinates": [[-90.800503, 13.9302018], [-90.7994576, 13.9307025]]}, "properties": {"osmid": "112926055", "oneway": "False", "lanes": "2", "ref": "CA-9S", "name": "Carretera Puerto San Jos\u00e9 - Puerto de Iztapa", "highway": "primary", "maxspeed": "60", "length": 125.814, "bridge": NaN, "tunnel": NaN, "access": NaN, "junction": NaN, "width": NaN, "est_width": NaN, "iri": 6.19000005722046}}, {"type": "Feature", "geometry": {"type": "LineString", "coordinates": [[-90.7994576, 13.9307025], [-90.7980117, 13.9309849]]}, "properties": {"osmid": "112926055", "oneway": "False", "lanes": "2", "ref": "CA-9S", "name": "Carretera Puerto San Jos\u00e9 - Puerto de Iztapa", "highway": "primary", "maxspeed": "60", "length": 159.176, "bridge": NaN, "tunnel": NaN, "access": NaN, "junction": NaN, "width": NaN, "est_width": NaN, "iri": 6.19000005722046}}, {"type": "Feature", "geometry": {"type": "LineString", "coordinates": [[-90.7980117, 13.9309849], [-90.7977231, 13.9310519]]}, "properties": {"osmid": "112926055", "oneway": "False", "lanes": "2", "ref": "CA-9S", "name": "Carretera Puerto San Jos\u00e9 - Puerto de Iztapa", "highway": "primary", "maxspeed": "60", "length": 32.026, "bridge": NaN, "tunnel": NaN, "access": NaN, "junction": NaN, "width": NaN, "est_width": NaN, "iri": 6.19000005722046}}, {"type": "Feature", "geometry": {"type": "LineString", "coordinates": [[-90.7977231, 13.9310519], [-90.7948229, 13.9315889]]}, "properties": {"osmid": "112926055", "oneway": "False", "lanes": "2", "ref": "CA-9S", "name": "Carretera Puerto San Jos\u00e9 - Puerto de Iztapa", "highway": "primary", "maxspeed": "60", "length": 318.647, "bridge": NaN, "tunnel": NaN, "access": NaN, "junction": NaN, "width": NaN, "est_width": NaN, "iri": 6.19000005722046}}, {"type": "Feature", "geometry": {"type": "LineString", "coordinates": [[-90.7948229, 13.9315889], [-90.7946392, 13.9316333]]}, "properties": {"osmid": "112926055", "oneway": "False", "lanes": "2", "ref": "CA-9S", "name": "Carretera Puerto San Jos\u00e9 - Puerto de Iztapa", "highway": "primary", "maxspeed": "60", "length": 20.431, "bridge": NaN, "tunnel": NaN, "access": NaN, "junction": NaN, "width": NaN, "est_width": NaN, "iri": 6.19000005722046}}, {"type": "Feature", "geometry": {"type": "LineString", "coordinates": [[-90.7946392, 13.9316333], [-90.7944668, 13.9317017]]}, "properties": {"osmid": "112926055", "oneway": "False", "lanes": "2", "ref": "CA-9S", "name": "Carretera Puerto San Jos\u00e9 - Puerto de Iztapa", "highway": "primary", "maxspeed": "60", "length": 20.101, "bridge": NaN, "tunnel": NaN, "access": NaN, "junction": NaN, "width": NaN, "est_width": NaN, "iri": 6.19000005722046}}, {"type": "Feature", "geometry": {"type": "LineString", "coordinates": [[-90.7944668, 13.9317017], [-90.7943581, 13.9317494]]}, "properties": {"osmid": "112926055", "oneway": "False", "lanes": "2", "ref": "CA-9S", "name": "Carretera Puerto San Jos\u00e9 - Puerto de Iztapa", "highway": "primary", "maxspeed": "60", "length": 12.875, "bridge": NaN, "tunnel": NaN, "access": NaN, "junction": NaN, "width": NaN, "est_width": NaN, "iri": 6.19000005722046}}, {"type": "Feature", "geometry": {"type": "LineString", "coordinates": [[-90.7943581, 13.9317494], [-90.794274, 13.9318127]]}, "properties": {"osmid": "112926055", "oneway": "False", "lanes": "2", "ref": "CA-9S", "name": "Carretera Puerto San Jos\u00e9 - Puerto de Iztapa", "highway": "primary", "maxspeed": "60", "length": 11.486, "bridge": NaN, "tunnel": NaN, "access": NaN, "junction": NaN, "width": NaN, "est_width": NaN, "iri": 6.19000005722046}}, {"type": "Feature", "geometry": {"type": "LineString", "coordinates": [[-90.794274, 13.9318127], [-90.7941514, 13.9319126]]}, "properties": {"osmid": "112926055", "oneway": "False", "lanes": "2", "ref": "CA-9S", "name": "Carretera Puerto San Jos\u00e9 - Puerto de Iztapa", "highway": "primary", "maxspeed": "60", "length": 17.276, "bridge": NaN, "tunnel": NaN, "access": NaN, "junction": NaN, "width": NaN, "est_width": NaN, "iri": 6.19000005722046}}, {"type": "Feature", "geometry": {"type": "LineString", "coordinates": [[-90.7941514, 13.9319126], [-90.7941145, 13.931947]]}, "properties": {"osmid": "112926055", "oneway": "False", "lanes": "2", "ref": "CA-9S", "name": "Carretera Puerto San Jos\u00e9 - Puerto de Iztapa", "highway": "primary", "maxspeed": "60", "length": 5.522, "bridge": NaN, "tunnel": NaN, "access": NaN, "junction": NaN, "width": NaN, "est_width": NaN, "iri": 6.19000005722046}}, {"type": "Feature", "geometry": {"type": "LineString", "coordinates": [[-90.7941145, 13.931947], [-90.7940522, 13.9320304]]}, "properties": {"osmid": "112926055", "oneway": "False", "lanes": "2", "ref": "CA-9S", "name": "Carretera Puerto San Jos\u00e9 - Puerto de Iztapa", "highway": "primary", "maxspeed": "60", "length": 11.455, "bridge": NaN, "tunnel": NaN, "access": NaN, "junction": NaN, "width": NaN, "est_width": NaN, "iri": 6.19000005722046}}, {"type": "Feature", "geometry": {"type": "LineString", "coordinates": [[-90.7940522, 13.9320304], [-90.7939899, 13.9321138]]}, "properties": {"osmid": "112926055", "oneway": "False", "lanes": "2", "ref": "CA-9S", "name": "Carretera Puerto San Jos\u00e9 - Puerto de Iztapa", "highway": "primary", "maxspeed": "60", "length": 11.455, "bridge": NaN, "tunnel": NaN, "access": NaN, "junction": NaN, "width": NaN, "est_width": NaN, "iri": 6.19000005722046}}, {"type": "Feature", "geometry": {"type": "LineString", "coordinates": [[-90.7939899, 13.9321138], [-90.7939502, 13.9321807]]}, "properties": {"osmid": "112926055", "oneway": "False", "lanes": "2", "ref": "CA-9S", "name": "Carretera Puerto San Jos\u00e9 - Puerto de Iztapa", "highway": "primary", "maxspeed": "60", "length": 8.585, "bridge": NaN, "tunnel": NaN, "access": NaN, "junction": NaN, "width": NaN, "est_width": NaN, "iri": 6.19000005722046}}, {"type": "Feature", "geometry": {"type": "LineString", "coordinates": [[-90.7939502, 13.9321807], [-90.7938573, 13.9324404]]}, "properties": {"osmid": "112926055", "oneway": "False", "lanes": "2", "ref": "CA-9S", "name": "Carretera Puerto San Jos\u00e9 - Puerto de Iztapa", "highway": "primary", "maxspeed": "60", "length": 30.568, "bridge": NaN, "tunnel": NaN, "access": NaN, "junction": NaN, "width": NaN, "est_width": NaN, "iri": 6.19000005722046}}, {"type": "Feature", "geometry": {"type": "LineString", "coordinates": [[-90.7938573, 13.9324404], [-90.793836, 13.9325947]]}, "properties": {"osmid": "112926055", "oneway": "False", "lanes": "2", "ref": "CA-9S", "name": "Carretera Puerto San Jos\u00e9 - Puerto de Iztapa", "highway": "primary", "maxspeed": "60", "length": 17.311, "bridge": NaN, "tunnel": NaN, "access": NaN, "junction": NaN, "width": NaN, "est_width": NaN, "iri": 6.19000005722046}}, {"type": "Feature", "geometry": {"type": "LineString", "coordinates": [[-90.793836, 13.9325947], [-90.7938103, 13.9346224]]}, "properties": {"osmid": "112926055", "oneway": "False", "lanes": "2", "ref": "CA-9S", "name": "Carretera Puerto San Jos\u00e9 - Puerto de Iztapa", "highway": "primary", "maxspeed": "60", "length": 225.487, "bridge": NaN, "tunnel": NaN, "access": NaN, "junction": NaN, "width": NaN, "est_width": NaN, "iri": 6.19000005722046}}, {"type": "Feature", "geometry": {"type": "LineString", "coordinates": [[-90.7938103, 13.9346224], [-90.7938009, 13.9362455]]}, "properties": {"osmid": "112926055", "oneway": "False", "lanes": "2", "ref": "CA-9S", "name": "Carretera Puerto San Jos\u00e9 - Puerto de Iztapa", "highway": "primary", "maxspeed": "60", "length": 180.484, "bridge": NaN, "tunnel": NaN, "access": NaN, "junction": NaN, "width": NaN, "est_width": NaN, "iri": 6.19000005722046}}, {"type": "Feature", "geometry": {"type": "LineString", "coordinates": [[-90.7938009, 13.9362455], [-90.7938031, 13.9367889]]}, "properties": {"osmid": "112926055", "oneway": "False", "lanes": "2", "ref": "CA-9S", "name": "Carretera Puerto San Jos\u00e9 - Puerto de Iztapa", "highway": "primary", "maxspeed": "60", "length": 60.424, "bridge": NaN, "tunnel": NaN, "access": NaN, "junction": NaN, "width": NaN, "est_width": NaN, "iri": 6.19000005722046}}, {"type": "Feature", "geometry": {"type": "LineString", "coordinates": [[-90.7938031, 13.9367889], [-90.793773, 13.9369047]]}, "properties": {"osmid": "112926048", "oneway": "True", "lanes": NaN, "ref": "CA-9S", "name": "Carretera Puerto San Jos\u00e9 - Puerto de Iztapa", "highway": "primary", "maxspeed": NaN, "length": 13.28, "bridge": NaN, "tunnel": NaN, "access": NaN, "junction": NaN, "width": NaN, "est_width": NaN, "iri": 6.19000005722046}}, {"type": "Feature", "geometry": {"type": "LineString", "coordinates": [[-90.793773, 13.9369047], [-90.7937811, 13.9370846]]}, "properties": {"osmid": "112926048", "oneway": "True", "lanes": NaN, "ref": "CA-9S", "name": "Carretera Puerto San Jos\u00e9 - Puerto de Iztapa", "highway": "primary", "maxspeed": NaN, "length": 20.023, "bridge": NaN, "tunnel": NaN, "access": NaN, "junction": NaN, "width": NaN, "est_width": NaN, "iri": 6.19000005722046}}, {"type": "Feature", "geometry": {"type": "LineString", "coordinates": [[-90.7937811, 13.9370846], [-90.7937768, 13.9372465]]}, "properties": {"osmid": "112926048", "oneway": "True", "lanes": NaN, "ref": "CA-9S", "name": "Carretera Puerto San Jos\u00e9 - Puerto de Iztapa", "highway": "primary", "maxspeed": NaN, "length": 18.008, "bridge": NaN, "tunnel": NaN, "access": NaN, "junction": NaN, "width": NaN, "est_width": NaN, "iri": 6.19000005722046}}, {"type": "Feature", "geometry": {"type": "LineString", "coordinates": [[-90.7937768, 13.9372465], [-90.7937406, 13.937538]]}, "properties": {"osmid": "112926048", "oneway": "True", "lanes": NaN, "ref": "CA-9S", "name": "Carretera Puerto San Jos\u00e9 - Puerto de Iztapa", "highway": "primary", "maxspeed": NaN, "length": 32.648, "bridge": NaN, "tunnel": NaN, "access": NaN, "junction": NaN, "width": NaN, "est_width": NaN, "iri": 6.19000005722046}}, {"type": "Feature", "geometry": {"type": "LineString", "coordinates": [[-90.7937406, 13.937538], [-90.7936655, 13.9377567]]}, "properties": {"osmid": "112926048", "oneway": "True", "lanes": NaN, "ref": "CA-9S", "name": "Carretera Puerto San Jos\u00e9 - Puerto de Iztapa", "highway": "primary", "maxspeed": NaN, "length": 25.633, "bridge": NaN, "tunnel": NaN, "access": NaN, "junction": NaN, "width": NaN, "est_width": NaN, "iri": 6.19000005722046}}, {"type": "Feature", "geometry": {"type": "LineString", "coordinates": [[-90.7936655, 13.9377567], [-90.7935689, 13.9379514]]}, "properties": {"osmid": "112926048", "oneway": "True", "lanes": NaN, "ref": "CA-9S", "name": "Carretera Puerto San Jos\u00e9 - Puerto de Iztapa", "highway": "primary", "maxspeed": NaN, "length": 24.029, "bridge": NaN, "tunnel": NaN, "access": NaN, "junction": NaN, "width": NaN, "est_width": NaN, "iri": 6.19000005722046}}, {"type": "Feature", "geometry": {"type": "LineString", "coordinates": [[-90.7935689, 13.9379514], [-90.7934348, 13.9380972]]}, "properties": {"osmid": "112926048", "oneway": "True", "lanes": NaN, "ref": "CA-9S", "name": "Carretera Puerto San Jos\u00e9 - Puerto de Iztapa", "highway": "primary", "maxspeed": NaN, "length": 21.732, "bridge": NaN, "tunnel": NaN, "access": NaN, "junction": NaN, "width": NaN, "est_width": NaN, "iri": 6.19000005722046}}, {"type": "Feature", "geometry": {"type": "LineString", "coordinates": [[-90.7934348, 13.9380972], [-90.7930647, 13.9383367]]}, "properties": {"osmid": "112926048", "oneway": "True", "lanes": NaN, "ref": "CA-9S", "name": "Carretera Puerto San Jos\u00e9 - Puerto de Iztapa", "highway": "primary", "maxspeed": NaN, "length": 48.006, "bridge": NaN, "tunnel": NaN, "access": NaN, "junction": NaN, "width": NaN, "est_width": NaN, "iri": 6.19000005722046}}, {"type": "Feature", "geometry": {"type": "LineString", "coordinates": [[-90.7930647, 13.9383367], [-90.7923264, 13.9387772]]}, "properties": {"osmid": "112926048", "oneway": "True", "lanes": NaN, "ref": "CA-9S", "name": "Carretera Puerto San Jos\u00e9 - Puerto de Iztapa", "highway": "primary", "maxspeed": NaN, "length": 93.529, "bridge": NaN, "tunnel": NaN, "access": NaN, "junction": NaN, "width": NaN, "est_width": NaN, "iri": 6.19000005722046}}, {"type": "Feature", "geometry": {"type": "LineString", "coordinates": [[-90.7923264, 13.9387772], [-90.7908774, 13.9395547]]}, "properties": {"osmid": "112926048", "oneway": "True", "lanes": NaN, "ref": "CA-9S", "name": "Carretera Puerto San Jos\u00e9 - Puerto de Iztapa", "highway": "primary", "maxspeed": NaN, "length": 178.684, "bridge": NaN, "tunnel": NaN, "access": NaN, "junction": NaN, "width": NaN, "est_width": NaN, "iri": 6.19000005722046}}, {"type": "Feature", "geometry": {"type": "LineString", "coordinates": [[-90.7908774, 13.9395547], [-90.7907138, 13.9396336]]}, "properties": {"osmid": "112926048", "oneway": "True", "lanes": NaN, "ref": "CA-9S", "name": "Carretera Puerto San Jos\u00e9 - Puerto de Iztapa", "highway": "primary", "maxspeed": NaN, "length": 19.715, "bridge": NaN, "tunnel": NaN, "access": NaN, "junction": NaN, "width": NaN, "est_width": NaN, "iri": 6.19000005722046}}, {"type": "Feature", "geometry": {"type": "LineString", "coordinates": [[-90.7907138, 13.9396336], [-90.7905639, 13.9396828]]}, "properties": {"osmid": "112926048", "oneway": "True", "lanes": NaN, "ref": "CA-9S", "name": "Carretera Puerto San Jos\u00e9 - Puerto de Iztapa", "highway": "primary", "maxspeed": NaN, "length": 17.077, "bridge": NaN, "tunnel": NaN, "access": NaN, "junction": NaN, "width": NaN, "est_width": NaN, "iri": 6.19000005722046}}, {"type": "Feature", "geometry": {"type": "LineString", "coordinates": [[-90.7905639, 13.9396828], [-90.7904153, 13.9397039]]}, "properties": {"osmid": "112926048", "oneway": "True", "lanes": NaN, "ref": "CA-9S", "name": "Carretera Puerto San Jos\u00e9 - Puerto de Iztapa", "highway": "primary", "maxspeed": NaN, "length": 16.208, "bridge": NaN, "tunnel": NaN, "access": NaN, "junction": NaN, "width": NaN, "est_width": NaN, "iri": 6.19000005722046}}, {"type": "Feature", "geometry": {"type": "LineString", "coordinates": [[-90.7904153, 13.9397039], [-90.7895103, 13.9396886]]}, "properties": {"osmid": "112926048", "oneway": "True", "lanes": NaN, "ref": "CA-9S", "name": "Carretera Puerto San Jos\u00e9 - Puerto de Iztapa", "highway": "primary", "maxspeed": NaN, "length": 97.683, "bridge": NaN, "tunnel": NaN, "access": NaN, "junction": NaN, "width": NaN, "est_width": NaN, "iri": 6.19000005722046}}, {"type": "Feature", "geometry": {"type": "LineString", "coordinates": [[-90.7895103, 13.9396886], [-90.7887979, 13.9396766]]}, "properties": {"osmid": "112926048", "oneway": "True", "lanes": NaN, "ref": "CA-9S", "name": "Carretera Puerto San Jos\u00e9 - Puerto de Iztapa", "highway": "primary", "maxspeed": NaN, "length": 76.894, "bridge": NaN, "tunnel": NaN, "access": NaN, "junction": NaN, "width": NaN, "est_width": NaN, "iri": 6.19000005722046}}, {"type": "Feature", "geometry": {"type": "LineString", "coordinates": [[-90.7887979, 13.9396766], [-90.7883996, 13.9396766]]}, "properties": {"osmid": "112926053", "oneway": "True", "lanes": NaN, "ref": "CA-9S", "name": "Carretera Puerto San Jos\u00e9 - Puerto de Iztapa", "highway": "trunk", "maxspeed": NaN, "length": 42.985, "bridge": "yes", "tunnel": NaN, "access": NaN, "junction": NaN, "width": NaN, "est_width": NaN, "iri": 6.19000005722046}}, {"type": "Feature", "geometry": {"type": "LineString", "coordinates": [[-90.7883996, 13.9396766], [-90.7875754, 13.9396719]]}, "properties": {"osmid": "790044869", "oneway": "True", "lanes": "2", "ref": "CA-9S", "name": "Carretera Puerto San Jos\u00e9 - Puerto de Iztapa", "highway": "trunk", "maxspeed": "70", "length": 88.95, "bridge": NaN, "tunnel": NaN, "access": NaN, "junction": NaN, "width": NaN, "est_width": NaN, "iri": 6.19000005722046}}, {"type": "Feature", "geometry": {"type": "LineString", "coordinates": [[-90.7875754, 13.9396719], [-90.7872704, 13.9396493]]}, "properties": {"osmid": "112926050", "oneway": "True", "lanes": "2", "ref": "CA-9S", "name": "Carretera Puerto San Jos\u00e9 - Puerto de Iztapa", "highway": "trunk", "maxspeed": "70", "length": 33.012, "bridge": NaN, "tunnel": NaN, "access": NaN, "junction": NaN, "width": NaN, "est_width": NaN, "iri": 6.19000005722046}}, {"type": "Feature", "geometry": {"type": "LineString", "coordinates": [[-90.7872704, 13.9396493], [-90.7870156, 13.9396024]]}, "properties": {"osmid": "112926050", "oneway": "True", "lanes": "2", "ref": "CA-9S", "name": "Carretera Puerto San Jos\u00e9 - Puerto de Iztapa", "highway": "trunk", "maxspeed": "70", "length": 27.988, "bridge": NaN, "tunnel": NaN, "access": NaN, "junction": NaN, "width": NaN, "est_width": NaN, "iri": 6.19000005722046}}, {"type": "Feature", "geometry": {"type": "LineString", "coordinates": [[-90.7870156, 13.9396024], [-90.7868091, 13.9394905]]}, "properties": {"osmid": "112926050", "oneway": "True", "lanes": "2", "ref": "CA-9S", "name": "Carretera Puerto San Jos\u00e9 - Puerto de Iztapa", "highway": "trunk", "maxspeed": "70", "length": 25.524, "bridge": NaN, "tunnel": NaN, "access": NaN, "junction": NaN, "width": NaN, "est_width": NaN, "iri": 6.19000005722046}}, {"type": "Feature", "geometry": {"type": "LineString", "coordinates": [[-90.7868091, 13.9394905], [-90.7866696, 13.9393616]]}, "properties": {"osmid": "112926050", "oneway": "True", "lanes": "2", "ref": "CA-9S", "name": "Carretera Puerto San Jos\u00e9 - Puerto de Iztapa", "highway": "trunk", "maxspeed": "70", "length": 20.787, "bridge": NaN, "tunnel": NaN, "access": NaN, "junction": NaN, "width": NaN, "est_width": NaN, "iri": 6.19000005722046}}, {"type": "Feature", "geometry": {"type": "LineString", "coordinates": [[-90.7866696, 13.9393616], [-90.786564, 13.9392139]]}, "properties": {"osmid": "112926050", "oneway": "True", "lanes": "2", "ref": "CA-9S", "name": "Carretera Puerto San Jos\u00e9 - Puerto de Iztapa", "highway": "trunk", "maxspeed": "70", "length": 19.99, "bridge": NaN, "tunnel": NaN, "access": NaN, "junction": NaN, "width": NaN, "est_width": NaN, "iri": 6.19000005722046}}, {"type": "Feature", "geometry": {"type": "LineString", "coordinates": [[-90.786564, 13.9392139], [-90.7864901, 13.9390157]]}, "properties": {"osmid": "112926050", "oneway": "True", "lanes": "2", "ref": "CA-9S", "name": "Carretera Puerto San Jos\u00e9 - Puerto de Iztapa", "highway": "trunk", "maxspeed": "70", "length": 23.438, "bridge": NaN, "tunnel": NaN, "access": NaN, "junction": NaN, "width": NaN, "est_width": NaN, "iri": 6.19000005722046}}, {"type": "Feature", "geometry": {"type": "LineString", "coordinates": [[-90.7864901, 13.9390157], [-90.7864336, 13.9387876]]}, "properties": {"osmid": "112926050", "oneway": "True", "lanes": "2", "ref": "CA-9S", "name": "Carretera Puerto San Jos\u00e9 - Puerto de Iztapa", "highway": "trunk", "maxspeed": "70", "length": 26.086, "bridge": NaN, "tunnel": NaN, "access": NaN, "junction": NaN, "width": NaN, "est_width": NaN, "iri": 6.19000005722046}}, {"type": "Feature", "geometry": {"type": "LineString", "coordinates": [[-90.7864336, 13.9387876], [-90.7862177, 13.9372323]]}, "properties": {"osmid": "112926050", "oneway": "True", "lanes": "2", "ref": "CA-9S", "name": "Carretera Puerto San Jos\u00e9 - Puerto de Iztapa", "highway": "trunk", "maxspeed": "70", "length": 174.504, "bridge": NaN, "tunnel": NaN, "access": NaN, "junction": NaN, "width": NaN, "est_width": NaN, "iri": 6.19000005722046}}, {"type": "Feature", "geometry": {"type": "LineString", "coordinates": [[-90.7862177, 13.9372323], [-90.7860255, 13.9358488]]}, "properties": {"osmid": "112926050", "oneway": "True", "lanes": "2", "ref": "CA-9S", "name": "Carretera Puerto San Jos\u00e9 - Puerto de Iztapa", "highway": "trunk", "maxspeed": "70", "length": 155.23, "bridge": NaN, "tunnel": NaN, "access": NaN, "junction": NaN, "width": NaN, "est_width": NaN, "iri": 6.19000005722046}}, {"type": "Feature", "geometry": {"type": "LineString", "coordinates": [[-90.7860255, 13.9358488], [-90.7859334, 13.9351027]]}, "properties": {"osmid": "112926050", "oneway": "True", "lanes": "2", "ref": "CA-9S", "name": "Carretera Puerto San Jos\u00e9 - Puerto de Iztapa", "highway": "trunk", "maxspeed": "70", "length": 83.556, "bridge": NaN, "tunnel": NaN, "access": NaN, "junction": NaN, "width": NaN, "est_width": NaN, "iri": 6.19000005722046}}, {"type": "Feature", "geometry": {"type": "LineString", "coordinates": [[-90.7859334, 13.9351027], [-90.7859397, 13.9346881]]}, "properties": {"osmid": "112926050", "oneway": "True", "lanes": "2", "ref": "CA-9S", "name": "Carretera Puerto San Jos\u00e9 - Puerto de Iztapa", "highway": "trunk", "maxspeed": "70", "length": 46.106, "bridge": NaN, "tunnel": NaN, "access": NaN, "junction": NaN, "width": NaN, "est_width": NaN, "iri": 6.19000005722046}}, {"type": "Feature", "geometry": {"type": "LineString", "coordinates": [[-90.7859397, 13.9346881], [-90.7859765, 13.9346089]]}, "properties": {"osmid": "406264601", "oneway": "False", "lanes": "2", "ref": "CA-9S", "name": NaN, "highway": "trunk", "maxspeed": "40", "length": 9.661, "bridge": NaN, "tunnel": NaN, "access": NaN, "junction": "circular", "width": NaN, "est_width": NaN, "iri": 6.19000005722046}}, {"type": "Feature", "geometry": {"type": "LineString", "coordinates": [[-90.7859765, 13.9346089], [-90.785987, 13.9344963]]}, "properties": {"osmid": "406264601", "oneway": "False", "lanes": "2", "ref": "CA-9S", "name": NaN, "highway": "trunk", "maxspeed": "40", "length": 12.572, "bridge": NaN, "tunnel": NaN, "access": NaN, "junction": "circular", "width": NaN, "est_width": NaN, "iri": 6.19000005722046}}, {"type": "Feature", "geometry": {"type": "LineString", "coordinates": [[-90.785987, 13.9344963], [-90.7859593, 13.9343694]]}, "properties": {"osmid": "406264601", "oneway": "False", "lanes": "2", "ref": "CA-9S", "name": NaN, "highway": "trunk", "maxspeed": "40", "length": 14.424, "bridge": NaN, "tunnel": NaN, "access": NaN, "junction": "circular", "width": NaN, "est_width": NaN, "iri": 6.19000005722046}}, {"type": "Feature", "geometry": {"type": "LineString", "coordinates": [[-90.7859593, 13.9343694], [-90.7859035, 13.9342831]]}, "properties": {"osmid": "406264601", "oneway": "False", "lanes": "2", "ref": "CA-9S", "name": NaN, "highway": "trunk", "maxspeed": "40", "length": 11.329, "bridge": NaN, "tunnel": NaN, "access": NaN, "junction": "circular", "width": NaN, "est_width": NaN, "iri": 6.19000005722046}}, {"type": "Feature", "geometry": {"type": "LineString", "coordinates": [[-90.7859035, 13.9342831], [-90.7858514, 13.9341692]]}, "properties": {"osmid": "112926051", "oneway": "True", "lanes": "2", "ref": "CA-9S", "name": "Carretera Puerto San Jos\u00e9 - Puerto de Iztapa", "highway": "trunk", "maxspeed": "40", "length": 13.857, "bridge": NaN, "tunnel": NaN, "access": NaN, "junction": NaN, "width": NaN, "est_width": NaN, "iri": 6.19000005722046}}, {"type": "Feature", "geometry": {"type": "LineString", "coordinates": [[-90.7858514, 13.9341692], [-90.7858017, 13.9340331]]}, "properties": {"osmid": "112926051", "oneway": "True", "lanes": "2", "ref": "CA-9S", "name": "Carretera Puerto San Jos\u00e9 - Puerto de Iztapa", "highway": "trunk", "maxspeed": "40", "length": 16.056, "bridge": NaN, "tunnel": NaN, "access": NaN, "junction": NaN, "width": NaN, "est_width": NaN, "iri": 6.19000005722046}}, {"type": "Feature", "geometry": {"type": "LineString", "coordinates": [[-90.7858017, 13.9340331], [-90.7857587, 13.933869]]}, "properties": {"osmid": "112926051", "oneway": "True", "lanes": "2", "ref": "CA-9S", "name": "Carretera Puerto San Jos\u00e9 - Puerto de Iztapa", "highway": "trunk", "maxspeed": "40", "length": 18.828, "bridge": NaN, "tunnel": NaN, "access": NaN, "junction": NaN, "width": NaN, "est_width": NaN, "iri": 6.19000005722046}}, {"type": "Feature", "geometry": {"type": "LineString", "coordinates": [[-90.7857587, 13.933869], [-90.7857269, 13.9337211]]}, "properties": {"osmid": "112926051", "oneway": "True", "lanes": "2", "ref": "CA-9S", "name": "Carretera Puerto San Jos\u00e9 - Puerto de Iztapa", "highway": "trunk", "maxspeed": "40", "length": 16.8, "bridge": NaN, "tunnel": NaN, "access": NaN, "junction": NaN, "width": NaN, "est_width": NaN, "iri": 6.19000005722046}}, {"type": "Feature", "geometry": {"type": "LineString", "coordinates": [[-90.7857269, 13.9337211], [-90.7856647, 13.9334861]]}, "properties": {"osmid": "112926051", "oneway": "True", "lanes": "2", "ref": "CA-9S", "name": "Carretera Puerto San Jos\u00e9 - Puerto de Iztapa", "highway": "trunk", "maxspeed": "40", "length": 26.979, "bridge": NaN, "tunnel": NaN, "access": NaN, "junction": NaN, "width": NaN, "est_width": NaN, "iri": 6.19000005722046}}, {"type": "Feature", "geometry": {"type": "LineString", "coordinates": [[-90.7856647, 13.9334861], [-90.7856224, 13.933342]]}, "properties": {"osmid": "107384852", "oneway": "False", "lanes": "2", "ref": "CA-9S", "name": "Carretera Puerto San Jos\u00e9 - Puerto de Iztapa", "highway": "trunk", "maxspeed": "60", "length": 16.661, "bridge": NaN, "tunnel": NaN, "access": NaN, "junction": NaN, "width": NaN, "est_width": NaN, "iri": 6.19000005722046}}, {"type": "Feature", "geometry": {"type": "LineString", "coordinates": [[-90.7856224, 13.933342], [-90.7855549, 13.9331973]]}, "properties": {"osmid": "107384852", "oneway": "False", "lanes": "2", "ref": "CA-9S", "name": "Carretera Puerto San Jos\u00e9 - Puerto de Iztapa", "highway": "trunk", "maxspeed": "60", "length": 17.662, "bridge": NaN, "tunnel": NaN, "access": NaN, "junction": NaN, "width": NaN, "est_width": NaN, "iri": 6.19000005722046}}, {"type": "Feature", "geometry": {"type": "LineString", "coordinates": [[-90.7855549, 13.9331973], [-90.7854778, 13.9330799]]}, "properties": {"osmid": "107384852", "oneway": "False", "lanes": "2", "ref": "CA-9S", "name": "Carretera Puerto San Jos\u00e9 - Puerto de Iztapa", "highway": "trunk", "maxspeed": "60", "length": 15.481, "bridge": NaN, "tunnel": NaN, "access": NaN, "junction": NaN, "width": NaN, "est_width": NaN, "iri": 6.19000005722046}}, {"type": "Feature", "geometry": {"type": "LineString", "coordinates": [[-90.7854778, 13.9330799], [-90.7853936, 13.9329818]]}, "properties": {"osmid": "107384852", "oneway": "False", "lanes": "2", "ref": "CA-9S", "name": "Carretera Puerto San Jos\u00e9 - Puerto de Iztapa", "highway": "trunk", "maxspeed": "60", "length": 14.197, "bridge": NaN, "tunnel": NaN, "access": NaN, "junction": NaN, "width": NaN, "est_width": NaN, "iri": 6.19000005722046}}, {"type": "Feature", "geometry": {"type": "LineString", "coordinates": [[-90.7853936, 13.9329818], [-90.7852915, 13.9328894]]}, "properties": {"osmid": "107384852", "oneway": "False", "lanes": "2", "ref": "CA-9S", "name": "Carretera Puerto San Jos\u00e9 - Puerto de Iztapa", "highway": "trunk", "maxspeed": "60", "length": 15.066, "bridge": NaN, "tunnel": NaN, "access": NaN, "junction": NaN, "width": NaN, "est_width": NaN, "iri": 6.19000005722046}}, {"type": "Feature", "geometry": {"type": "LineString", "coordinates": [[-90.7852915, 13.9328894], [-90.7851711, 13.9327891]]}, "properties": {"osmid": "107384852", "oneway": "False", "lanes": "2", "ref": "CA-9S", "name": "Carretera Puerto San Jos\u00e9 - Puerto de Iztapa", "highway": "trunk", "maxspeed": "60", "length": 17.124, "bridge": NaN, "tunnel": NaN, "access": NaN, "junction": NaN, "width": NaN, "est_width": NaN, "iri": 6.19000005722046}}, {"type": "Feature", "geometry": {"type": "LineString", "coordinates": [[-90.7851711, 13.9327891], [-90.7850126, 13.9327043]]}, "properties": {"osmid": "107384852", "oneway": "False", "lanes": "2", "ref": "CA-9S", "name": "Carretera Puerto San Jos\u00e9 - Puerto de Iztapa", "highway": "trunk", "maxspeed": "60", "length": 19.533, "bridge": NaN, "tunnel": NaN, "access": NaN, "junction": NaN, "width": NaN, "est_width": NaN, "iri": 6.19000005722046}}, {"type": "Feature", "geometry": {"type": "LineString", "coordinates": [[-90.7850126, 13.9327043], [-90.7848289, 13.9326342]]}, "properties": {"osmid": "107384852", "oneway": "False", "lanes": "2", "ref": "CA-9S", "name": "Carretera Puerto San Jos\u00e9 - Puerto de Iztapa", "highway": "trunk", "maxspeed": "60", "length": 21.303, "bridge": NaN, "tunnel": NaN, "access": NaN, "junction": NaN, "width": NaN, "est_width": NaN, "iri": 6.19000005722046}}, {"type": "Feature", "geometry": {"type": "LineString", "coordinates": [[-90.7848289, 13.9326342], [-90.7844727, 13.9324987]]}, "properties": {"osmid": "107384852", "oneway": "False", "lanes": "2", "ref": "CA-9S", "name": "Carretera Puerto San Jos\u00e9 - Puerto de Iztapa", "highway": "trunk", "maxspeed": "60", "length": 41.29, "bridge": NaN, "tunnel": NaN, "access": NaN, "junction": NaN, "width": NaN, "est_width": NaN, "iri": 6.19000005722046}}, {"type": "Feature", "geometry": {"type": "LineString", "coordinates": [[-90.7844727, 13.9324987], [-90.7833116, 13.932051]]}, "properties": {"osmid": "107384852", "oneway": "False", "lanes": "2", "ref": "CA-9S", "name": "Carretera Puerto San Jos\u00e9 - Puerto de Iztapa", "highway": "trunk", "maxspeed": "60", "length": 134.837, "bridge": NaN, "tunnel": NaN, "access": NaN, "junction": NaN, "width": NaN, "est_width": NaN, "iri": 6.19000005722046}}, {"type": "Feature", "geometry": {"type": "LineString", "coordinates": [[-90.7833116, 13.932051], [-90.7825411, 13.9317639]]}, "properties": {"osmid": "107384852", "oneway": "False", "lanes": "2", "ref": "CA-9S", "name": "Carretera Puerto San Jos\u00e9 - Puerto de Iztapa", "highway": "trunk", "maxspeed": "60", "length": 89.073, "bridge": NaN, "tunnel": NaN, "access": NaN, "junction": NaN, "width": NaN, "est_width": NaN, "iri": 6.19000005722046}}]}