{"type": "FeatureCollection", "features": [{"type": "Feature", "geometry": {"type": "LineString", "coordinates": [[-90.5375874, 14.7832116], [-90.5379608, 14.782502]]}, "properties": {"osmid": "908616848", "oneway": "False", "lanes": "2", "ref": "RD GUA-12", "name": NaN, "highway": "primary", "maxspeed": NaN, "length": 88.53, "bridge": NaN, "tunnel": NaN, "access": NaN, "junction": NaN, "width": NaN, "est_width": NaN, "iri": 5.59000015258789}}, {"type": "Feature", "geometry": {"type": "LineString", "coordinates": [[-90.5379608, 14.782502], [-90.5382796, 14.7818698]]}, "properties": {"osmid": "908616848", "oneway": "False", "lanes": "2", "ref": "RD GUA-12", "name": NaN, "highway": "primary", "maxspeed": NaN, "length": 78.208, "bridge": NaN, "tunnel": NaN, "access": NaN, "junction": NaN, "width": NaN, "est_width": NaN, "iri": 5.59000015258789}}, {"type": "Feature", "geometry": {"type": "LineString", "coordinates": [[-90.5382796, 14.7818698], [-90.5382138, 14.7816553]]}, "properties": {"osmid": "105190664", "oneway": "False", "lanes": "2", "ref": "RD GUA-4", "name": NaN, "highway": "primary", "maxspeed": NaN, "length": 24.878, "bridge": NaN, "tunnel": NaN, "access": NaN, "junction": NaN, "width": NaN, "est_width": NaN, "iri": 5.59000015258789}}, {"type": "Feature", "geometry": {"type": "LineString", "coordinates": [[-90.5382138, 14.7816553], [-90.5381027, 14.7814727]]}, "properties": {"osmid": "105190664", "oneway": "False", "lanes": "2", "ref": "RD GUA-4", "name": NaN, "highway": "primary", "maxspeed": NaN, "length": 23.557, "bridge": NaN, "tunnel": NaN, "access": NaN, "junction": NaN, "width": NaN, "est_width": NaN, "iri": 5.59000015258789}}, {"type": "Feature", "geometry": {"type": "LineString", "coordinates": [[-90.5381027, 14.7814727], [-90.5379734, 14.7813287]]}, "properties": {"osmid": "105190664", "oneway": "False", "lanes": "2", "ref": "RD GUA-4", "name": NaN, "highway": "primary", "maxspeed": NaN, "length": 21.205, "bridge": NaN, "tunnel": NaN, "access": NaN, "junction": NaN, "width": NaN, "est_width": NaN, "iri": 5.59000015258789}}, {"type": "Feature", "geometry": {"type": "LineString", "coordinates": [[-90.5379734, 14.7813287], [-90.5377787, 14.781177]]}, "properties": {"osmid": "105190664", "oneway": "False", "lanes": "2", "ref": "RD GUA-4", "name": NaN, "highway": "primary", "maxspeed": NaN, "length": 26.884, "bridge": NaN, "tunnel": NaN, "access": NaN, "junction": NaN, "width": NaN, "est_width": NaN, "iri": 5.59000015258789}}, {"type": "Feature", "geometry": {"type": "LineString", "coordinates": [[-90.5377787, 14.781177], [-90.537629, 14.7810782]]}, "properties": {"osmid": "105190664", "oneway": "False", "lanes": "2", "ref": "RD GUA-4", "name": NaN, "highway": "primary", "maxspeed": NaN, "length": 19.487, "bridge": NaN, "tunnel": NaN, "access": NaN, "junction": NaN, "width": NaN, "est_width": NaN, "iri": 5.59000015258789}}, {"type": "Feature", "geometry": {"type": "LineString", "coordinates": [[-90.537629, 14.7810782], [-90.5374635, 14.7809792]]}, "properties": {"osmid": "105190664", "oneway": "False", "lanes": "2", "ref": "RD GUA-4", "name": NaN, "highway": "primary", "maxspeed": NaN, "length": 20.924, "bridge": NaN, "tunnel": NaN, "access": NaN, "junction": NaN, "width": NaN, "est_width": NaN, "iri": 5.59000015258789}}, {"type": "Feature", "geometry": {"type": "LineString", "coordinates": [[-90.5374635, 14.7809792], [-90.5372489, 14.7808851]]}, "properties": {"osmid": "105190664", "oneway": "False", "lanes": "2", "ref": "RD GUA-4", "name": NaN, "highway": "primary", "maxspeed": NaN, "length": 25.335, "bridge": NaN, "tunnel": NaN, "access": NaN, "junction": NaN, "width": NaN, "est_width": NaN, "iri": 5.59000015258789}}, {"type": "Feature", "geometry": {"type": "LineString", "coordinates": [[-90.5372489, 14.7808851], [-90.5370716, 14.7808342]]}, "properties": {"osmid": "105190664", "oneway": "False", "lanes": "2", "ref": "RD GUA-4", "name": NaN, "highway": "primary", "maxspeed": NaN, "length": 19.885, "bridge": NaN, "tunnel": NaN, "access": NaN, "junction": NaN, "width": NaN, "est_width": NaN, "iri": 5.59000015258789}}, {"type": "Feature", "geometry": {"type": "LineString", "coordinates": [[-90.5370716, 14.7808342], [-90.5368879, 14.7808347]]}, "properties": {"osmid": "105190664", "oneway": "False", "lanes": "2", "ref": "RD GUA-4", "name": NaN, "highway": "primary", "maxspeed": NaN, "length": 19.751, "bridge": NaN, "tunnel": NaN, "access": NaN, "junction": NaN, "width": NaN, "est_width": NaN, "iri": 5.59000015258789}}, {"type": "Feature", "geometry": {"type": "LineString", "coordinates": [[-90.5368879, 14.7808347], [-90.5367243, 14.7808008]]}, "properties": {"osmid": "105190664", "oneway": "False", "lanes": "2", "ref": "RD GUA-4", "name": NaN, "highway": "primary", "maxspeed": NaN, "length": 17.989, "bridge": NaN, "tunnel": NaN, "access": NaN, "junction": NaN, "width": NaN, "est_width": NaN, "iri": 5.59000015258789}}, {"type": "Feature", "geometry": {"type": "LineString", "coordinates": [[-90.5367243, 14.7808008], [-90.5363968, 14.7806592]]}, "properties": {"osmid": "105190664", "oneway": "False", "lanes": "2", "ref": "RD GUA-4", "name": NaN, "highway": "primary", "maxspeed": NaN, "length": 38.571, "bridge": NaN, "tunnel": NaN, "access": NaN, "junction": NaN, "width": NaN, "est_width": NaN, "iri": 5.59000015258789}}, {"type": "Feature", "geometry": {"type": "LineString", "coordinates": [[-90.5363968, 14.7806592], [-90.5362616, 14.7806138]]}, "properties": {"osmid": "105190664", "oneway": "False", "lanes": "2", "ref": "RD GUA-4", "name": NaN, "highway": "primary", "maxspeed": NaN, "length": 15.388, "bridge": NaN, "tunnel": NaN, "access": NaN, "junction": NaN, "width": NaN, "est_width": NaN, "iri": 5.59000015258789}}, {"type": "Feature", "geometry": {"type": "LineString", "coordinates": [[-90.5362616, 14.7806138], [-90.5358936, 14.7805243]]}, "properties": {"osmid": "105190664", "oneway": "False", "lanes": "2", "ref": "RD GUA-4", "name": NaN, "highway": "primary", "maxspeed": NaN, "length": 40.798, "bridge": NaN, "tunnel": NaN, "access": NaN, "junction": NaN, "width": NaN, "est_width": NaN, "iri": 5.59000015258789}}, {"type": "Feature", "geometry": {"type": "LineString", "coordinates": [[-90.5358936, 14.7805243], [-90.5354524, 14.7803083]]}, "properties": {"osmid": "105190664", "oneway": "False", "lanes": "2", "ref": "RD GUA-4", "name": NaN, "highway": "primary", "maxspeed": NaN, "length": 53.17, "bridge": NaN, "tunnel": NaN, "access": NaN, "junction": NaN, "width": NaN, "est_width": NaN, "iri": 5.59000015258789}}, {"type": "Feature", "geometry": {"type": "LineString", "coordinates": [[-90.5354524, 14.7803083], [-90.5353169, 14.7801882]]}, "properties": {"osmid": "105190664", "oneway": "False", "lanes": "2", "ref": "RD GUA-4", "name": NaN, "highway": "primary", "maxspeed": NaN, "length": 19.763, "bridge": NaN, "tunnel": NaN, "access": NaN, "junction": NaN, "width": NaN, "est_width": NaN, "iri": 5.59000015258789}}, {"type": "Feature", "geometry": {"type": "LineString", "coordinates": [[-90.5353169, 14.7801882], [-90.5352169, 14.7800108]]}, "properties": {"osmid": "105190664", "oneway": "False", "lanes": "2", "ref": "RD GUA-4", "name": NaN, "highway": "primary", "maxspeed": NaN, "length": 22.466, "bridge": NaN, "tunnel": NaN, "access": NaN, "junction": NaN, "width": NaN, "est_width": NaN, "iri": 5.59000015258789}}, {"type": "Feature", "geometry": {"type": "LineString", "coordinates": [[-90.5352169, 14.7800108], [-90.5351566, 14.7798046]]}, "properties": {"osmid": "105190664", "oneway": "False", "lanes": "2", "ref": "RD GUA-4", "name": NaN, "highway": "primary", "maxspeed": NaN, "length": 23.827, "bridge": NaN, "tunnel": NaN, "access": NaN, "junction": NaN, "width": NaN, "est_width": NaN, "iri": 5.59000015258789}}, {"type": "Feature", "geometry": {"type": "LineString", "coordinates": [[-90.5351566, 14.7798046], [-90.5350651, 14.7795001]]}, "properties": {"osmid": "105190664", "oneway": "False", "lanes": "2", "ref": "RD GUA-4", "name": NaN, "highway": "primary", "maxspeed": NaN, "length": 35.259, "bridge": NaN, "tunnel": NaN, "access": NaN, "junction": NaN, "width": NaN, "est_width": NaN, "iri": 5.59000015258789}}, {"type": "Feature", "geometry": {"type": "LineString", "coordinates": [[-90.5350651, 14.7795001], [-90.5349106, 14.7792828]]}, "properties": {"osmid": "105190664", "oneway": "False", "lanes": "2", "ref": "RD GUA-4", "name": NaN, "highway": "primary", "maxspeed": NaN, "length": 29.322, "bridge": NaN, "tunnel": NaN, "access": NaN, "junction": NaN, "width": NaN, "est_width": NaN, "iri": 5.59000015258789}}, {"type": "Feature", "geometry": {"type": "LineString", "coordinates": [[-90.5349106, 14.7792828], [-90.5347867, 14.7791793]]}, "properties": {"osmid": "105190664", "oneway": "False", "lanes": "2", "ref": "RD GUA-4", "name": NaN, "highway": "primary", "maxspeed": NaN, "length": 17.604, "bridge": NaN, "tunnel": NaN, "access": NaN, "junction": NaN, "width": NaN, "est_width": NaN, "iri": 5.59000015258789}}, {"type": "Feature", "geometry": {"type": "LineString", "coordinates": [[-90.5347867, 14.7791793], [-90.5346244, 14.7791069]]}, "properties": {"osmid": "105190664", "oneway": "False", "lanes": "2", "ref": "RD GUA-4", "name": NaN, "highway": "primary", "maxspeed": NaN, "length": 19.217, "bridge": NaN, "tunnel": NaN, "access": NaN, "junction": NaN, "width": NaN, "est_width": NaN, "iri": 5.59000015258789}}, {"type": "Feature", "geometry": {"type": "LineString", "coordinates": [[-90.5346244, 14.7791069], [-90.534457, 14.779019]]}, "properties": {"osmid": "105190664", "oneway": "False", "lanes": "2", "ref": "RD GUA-4", "name": NaN, "highway": "primary", "maxspeed": NaN, "length": 20.481, "bridge": NaN, "tunnel": NaN, "access": NaN, "junction": NaN, "width": NaN, "est_width": NaN, "iri": 5.59000015258789}}, {"type": "Feature", "geometry": {"type": "LineString", "coordinates": [[-90.534457, 14.779019], [-90.5339281, 14.7784814]]}, "properties": {"osmid": "105190664", "oneway": "False", "lanes": "2", "ref": "RD GUA-4", "name": NaN, "highway": "primary", "maxspeed": NaN, "length": 82.505, "bridge": NaN, "tunnel": NaN, "access": NaN, "junction": NaN, "width": NaN, "est_width": NaN, "iri": 5.59000015258789}}, {"type": "Feature", "geometry": {"type": "LineString", "coordinates": [[-90.5339281, 14.7784814], [-90.5338476, 14.7783385]]}, "properties": {"osmid": "105190664", "oneway": "False", "lanes": "2", "ref": "RD GUA-4", "name": NaN, "highway": "primary", "maxspeed": NaN, "length": 18.094, "bridge": NaN, "tunnel": NaN, "access": NaN, "junction": NaN, "width": NaN, "est_width": NaN, "iri": 5.59000015258789}}, {"type": "Feature", "geometry": {"type": "LineString", "coordinates": [[-90.5338476, 14.7783385], [-90.5336449, 14.7778426]]}, "properties": {"osmid": "105190664", "oneway": "False", "lanes": "2", "ref": "RD GUA-4", "name": NaN, "highway": "primary", "maxspeed": NaN, "length": 59.292, "bridge": NaN, "tunnel": NaN, "access": NaN, "junction": NaN, "width": NaN, "est_width": NaN, "iri": 5.59000015258789}}, {"type": "Feature", "geometry": {"type": "LineString", "coordinates": [[-90.5336449, 14.7778426], [-90.5336124, 14.77716]]}, "properties": {"osmid": "105190664", "oneway": "False", "lanes": "2", "ref": "RD GUA-4", "name": NaN, "highway": "primary", "maxspeed": NaN, "length": 75.982, "bridge": NaN, "tunnel": NaN, "access": NaN, "junction": NaN, "width": NaN, "est_width": NaN, "iri": 5.59000015258789}}, {"type": "Feature", "geometry": {"type": "LineString", "coordinates": [[-90.5336124, 14.77716], [-90.53364, 14.7770923]]}, "properties": {"osmid": "105190664", "oneway": "False", "lanes": "2", "ref": "RD GUA-4", "name": NaN, "highway": "primary", "maxspeed": NaN, "length": 8.092, "bridge": NaN, "tunnel": NaN, "access": NaN, "junction": NaN, "width": NaN, "est_width": NaN, "iri": 5.59000015258789}}, {"type": "Feature", "geometry": {"type": "LineString", "coordinates": [[-90.53364, 14.7770923], [-90.5337629, 14.7770122]]}, "properties": {"osmid": "105190664", "oneway": "False", "lanes": "2", "ref": "RD GUA-4", "name": NaN, "highway": "primary", "maxspeed": NaN, "length": 15.935, "bridge": NaN, "tunnel": NaN, "access": NaN, "junction": NaN, "width": NaN, "est_width": NaN, "iri": 5.59000015258789}}, {"type": "Feature", "geometry": {"type": "LineString", "coordinates": [[-90.5337629, 14.7770122], [-90.5338506, 14.7769269]]}, "properties": {"osmid": "105190664", "oneway": "False", "lanes": "2", "ref": "RD GUA-4", "name": NaN, "highway": "primary", "maxspeed": NaN, "length": 13.374, "bridge": NaN, "tunnel": NaN, "access": NaN, "junction": NaN, "width": NaN, "est_width": NaN, "iri": 5.59000015258789}}, {"type": "Feature", "geometry": {"type": "LineString", "coordinates": [[-90.5338506, 14.7769269], [-90.5338734, 14.7768169]]}, "properties": {"osmid": "105190664", "oneway": "False", "lanes": "2", "ref": "RD GUA-4", "name": NaN, "highway": "primary", "maxspeed": NaN, "length": 12.475, "bridge": NaN, "tunnel": NaN, "access": NaN, "junction": NaN, "width": NaN, "est_width": NaN, "iri": 5.59000015258789}}, {"type": "Feature", "geometry": {"type": "LineString", "coordinates": [[-90.5338734, 14.7768169], [-90.533816, 14.7767207]]}, "properties": {"osmid": "105190664", "oneway": "False", "lanes": "2", "ref": "RD GUA-4", "name": NaN, "highway": "primary", "maxspeed": NaN, "length": 12.35, "bridge": NaN, "tunnel": NaN, "access": NaN, "junction": NaN, "width": NaN, "est_width": NaN, "iri": 5.59000015258789}}, {"type": "Feature", "geometry": {"type": "LineString", "coordinates": [[-90.533816, 14.7767207], [-90.5329909, 14.7763249]]}, "properties": {"osmid": "105190664", "oneway": "False", "lanes": "2", "ref": "RD GUA-4", "name": NaN, "highway": "primary", "maxspeed": NaN, "length": 99.03, "bridge": NaN, "tunnel": NaN, "access": NaN, "junction": NaN, "width": NaN, "est_width": NaN, "iri": 5.59000015258789}}, {"type": "Feature", "geometry": {"type": "LineString", "coordinates": [[-90.5329909, 14.7763249], [-90.5328332, 14.7762736]]}, "properties": {"osmid": "105190664", "oneway": "False", "lanes": "2", "ref": "RD GUA-4", "name": NaN, "highway": "primary", "maxspeed": NaN, "length": 17.889, "bridge": NaN, "tunnel": NaN, "access": NaN, "junction": NaN, "width": NaN, "est_width": NaN, "iri": 5.59000015258789}}, {"type": "Feature", "geometry": {"type": "LineString", "coordinates": [[-90.5328332, 14.7762736], [-90.5325618, 14.7762253]]}, "properties": {"osmid": "105190664", "oneway": "False", "lanes": "2", "ref": "RD GUA-4", "name": NaN, "highway": "primary", "maxspeed": NaN, "length": 29.67, "bridge": NaN, "tunnel": NaN, "access": NaN, "junction": NaN, "width": NaN, "est_width": NaN, "iri": 5.59000015258789}}, {"type": "Feature", "geometry": {"type": "LineString", "coordinates": [[-90.5325618, 14.7762253], [-90.5322565, 14.7761179]]}, "properties": {"osmid": "105190664", "oneway": "False", "lanes": "2", "ref": "RD GUA-4", "name": NaN, "highway": "primary", "maxspeed": NaN, "length": 34.93, "bridge": NaN, "tunnel": NaN, "access": NaN, "junction": NaN, "width": NaN, "est_width": NaN, "iri": 5.59000015258789}}, {"type": "Feature", "geometry": {"type": "LineString", "coordinates": [[-90.5322565, 14.7761179], [-90.531908, 14.7758305]]}, "properties": {"osmid": "105190664", "oneway": "False", "lanes": "2", "ref": "RD GUA-4", "name": NaN, "highway": "primary", "maxspeed": NaN, "length": 49.247, "bridge": NaN, "tunnel": NaN, "access": NaN, "junction": NaN, "width": NaN, "est_width": NaN, "iri": 5.59000015258789}}, {"type": "Feature", "geometry": {"type": "LineString", "coordinates": [[-90.531908, 14.7758305], [-90.5316638, 14.7756291]]}, "properties": {"osmid": "105190664", "oneway": "False", "lanes": "2", "ref": "RD GUA-4", "name": NaN, "highway": "primary", "maxspeed": NaN, "length": 34.509, "bridge": NaN, "tunnel": NaN, "access": NaN, "junction": NaN, "width": NaN, "est_width": NaN, "iri": 5.59000015258789}}, {"type": "Feature", "geometry": {"type": "LineString", "coordinates": [[-90.5316638, 14.7756291], [-90.5314012, 14.775308]]}, "properties": {"osmid": "105190664", "oneway": "False", "lanes": "2", "ref": "RD GUA-4", "name": NaN, "highway": "primary", "maxspeed": NaN, "length": 45.519, "bridge": NaN, "tunnel": NaN, "access": NaN, "junction": NaN, "width": NaN, "est_width": NaN, "iri": 5.59000015258789}}, {"type": "Feature", "geometry": {"type": "LineString", "coordinates": [[-90.5314012, 14.775308], [-90.5313331, 14.7751729]]}, "properties": {"osmid": "105190664", "oneway": "False", "lanes": "2", "ref": "RD GUA-4", "name": NaN, "highway": "primary", "maxspeed": NaN, "length": 16.712, "bridge": NaN, "tunnel": NaN, "access": NaN, "junction": NaN, "width": NaN, "est_width": NaN, "iri": 5.59000015258789}}, {"type": "Feature", "geometry": {"type": "LineString", "coordinates": [[-90.5313331, 14.7751729], [-90.5312623, 14.7749255]]}, "properties": {"osmid": "105190664", "oneway": "False", "lanes": "2", "ref": "RD GUA-4", "name": NaN, "highway": "primary", "maxspeed": NaN, "length": 28.543, "bridge": NaN, "tunnel": NaN, "access": NaN, "junction": NaN, "width": NaN, "est_width": NaN, "iri": 5.59000015258789}}, {"type": "Feature", "geometry": {"type": "LineString", "coordinates": [[-90.5312623, 14.7749255], [-90.5312049, 14.7748178]]}, "properties": {"osmid": "105190664", "oneway": "False", "lanes": "2", "ref": "RD GUA-4", "name": NaN, "highway": "primary", "maxspeed": NaN, "length": 13.472, "bridge": NaN, "tunnel": NaN, "access": NaN, "junction": NaN, "width": NaN, "est_width": NaN, "iri": 5.59000015258789}}, {"type": "Feature", "geometry": {"type": "LineString", "coordinates": [[-90.5312049, 14.7748178], [-90.530554, 14.7743324]]}, "properties": {"osmid": "105190664", "oneway": "False", "lanes": "2", "ref": "RD GUA-4", "name": NaN, "highway": "primary", "maxspeed": NaN, "length": 88.38, "bridge": NaN, "tunnel": NaN, "access": NaN, "junction": NaN, "width": NaN, "est_width": NaN, "iri": 5.59000015258789}}, {"type": "Feature", "geometry": {"type": "LineString", "coordinates": [[-90.530554, 14.7743324], [-90.5308392, 14.7742598]]}, "properties": {"osmid": "259926551", "oneway": "False", "lanes": NaN, "ref": NaN, "name": NaN, "highway": "unclassified", "maxspeed": NaN, "length": 31.709, "bridge": NaN, "tunnel": NaN, "access": NaN, "junction": NaN, "width": NaN, "est_width": NaN, "iri": 5.59000015258789}}, {"type": "Feature", "geometry": {"type": "LineString", "coordinates": [[-90.5308392, 14.7742598], [-90.5310753, 14.7742563]]}, "properties": {"osmid": "259926551", "oneway": "False", "lanes": NaN, "ref": NaN, "name": NaN, "highway": "unclassified", "maxspeed": NaN, "length": 25.388, "bridge": NaN, "tunnel": NaN, "access": NaN, "junction": NaN, "width": NaN, "est_width": NaN, "iri": 5.59000015258789}}, {"type": "Feature", "geometry": {"type": "LineString", "coordinates": [[-90.5310753, 14.7742563], [-90.5312569, 14.7742001]]}, "properties": {"osmid": "259926551", "oneway": "False", "lanes": NaN, "ref": NaN, "name": NaN, "highway": "unclassified", "maxspeed": NaN, "length": 20.501, "bridge": NaN, "tunnel": NaN, "access": NaN, "junction": NaN, "width": NaN, "est_width": NaN, "iri": 5.59000015258789}}, {"type": "Feature", "geometry": {"type": "LineString", "coordinates": [[-90.5312569, 14.7742001], [-90.5314385, 14.774021]]}, "properties": {"osmid": "259926551", "oneway": "False", "lanes": NaN, "ref": NaN, "name": NaN, "highway": "unclassified", "maxspeed": NaN, "length": 27.89, "bridge": NaN, "tunnel": NaN, "access": NaN, "junction": NaN, "width": NaN, "est_width": NaN, "iri": 5.59000015258789}}, {"type": "Feature", "geometry": {"type": "LineString", "coordinates": [[-90.5314385, 14.774021], [-90.5316636, 14.7737541]]}, "properties": {"osmid": "259926551", "oneway": "False", "lanes": NaN, "ref": NaN, "name": NaN, "highway": "unclassified", "maxspeed": NaN, "length": 38.295, "bridge": NaN, "tunnel": NaN, "access": NaN, "junction": NaN, "width": NaN, "est_width": NaN, "iri": 5.59000015258789}}, {"type": "Feature", "geometry": {"type": "LineString", "coordinates": [[-90.5316636, 14.7737541], [-90.5318997, 14.7734872]]}, "properties": {"osmid": "259926551", "oneway": "False", "lanes": NaN, "ref": NaN, "name": NaN, "highway": "unclassified", "maxspeed": NaN, "length": 39.054, "bridge": NaN, "tunnel": NaN, "access": NaN, "junction": NaN, "width": NaN, "est_width": NaN, "iri": 5.59000015258789}}, {"type": "Feature", "geometry": {"type": "LineString", "coordinates": [[-90.5318997, 14.7734872], [-90.5321467, 14.7731852]]}, "properties": {"osmid": "259926551", "oneway": "False", "lanes": NaN, "ref": NaN, "name": NaN, "highway": "unclassified", "maxspeed": NaN, "length": 42.813, "bridge": NaN, "tunnel": NaN, "access": NaN, "junction": NaN, "width": NaN, "est_width": NaN, "iri": 5.59000015258789}}, {"type": "Feature", "geometry": {"type": "LineString", "coordinates": [[-90.5321467, 14.7731852], [-90.5322593, 14.7730061]]}, "properties": {"osmid": "259926551", "oneway": "False", "lanes": NaN, "ref": NaN, "name": NaN, "highway": "unclassified", "maxspeed": NaN, "length": 23.306, "bridge": NaN, "tunnel": NaN, "access": NaN, "junction": NaN, "width": NaN, "est_width": NaN, "iri": 5.59000015258789}}, {"type": "Feature", "geometry": {"type": "LineString", "coordinates": [[-90.5322593, 14.7730061], [-90.532183, 14.7728972]]}, "properties": {"osmid": "259926551", "oneway": "False", "lanes": NaN, "ref": NaN, "name": NaN, "highway": "unclassified", "maxspeed": NaN, "length": 14.626, "bridge": NaN, "tunnel": NaN, "access": NaN, "junction": NaN, "width": NaN, "est_width": NaN, "iri": 5.59000015258789}}, {"type": "Feature", "geometry": {"type": "LineString", "coordinates": [[-90.532183, 14.7728972], [-90.5319433, 14.7727743]]}, "properties": {"osmid": "259926551", "oneway": "False", "lanes": NaN, "ref": NaN, "name": NaN, "highway": "unclassified", "maxspeed": NaN, "length": 29.171, "bridge": NaN, "tunnel": NaN, "access": NaN, "junction": NaN, "width": NaN, "est_width": NaN, "iri": 5.59000015258789}}, {"type": "Feature", "geometry": {"type": "LineString", "coordinates": [[-90.5319433, 14.7727743], [-90.5318707, 14.7726373]]}, "properties": {"osmid": "259926551", "oneway": "False", "lanes": NaN, "ref": NaN, "name": NaN, "highway": "unclassified", "maxspeed": NaN, "length": 17.117, "bridge": NaN, "tunnel": NaN, "access": NaN, "junction": NaN, "width": NaN, "est_width": NaN, "iri": 5.59000015258789}}, {"type": "Feature", "geometry": {"type": "LineString", "coordinates": [[-90.5318707, 14.7726373], [-90.5319324, 14.772546]]}, "properties": {"osmid": "259926551", "oneway": "False", "lanes": NaN, "ref": NaN, "name": NaN, "highway": "unclassified", "maxspeed": NaN, "length": 12.127, "bridge": NaN, "tunnel": NaN, "access": NaN, "junction": NaN, "width": NaN, "est_width": NaN, "iri": 5.59000015258789}}, {"type": "Feature", "geometry": {"type": "LineString", "coordinates": [[-90.5319324, 14.772546], [-90.5320958, 14.7725074]]}, "properties": {"osmid": "259926551", "oneway": "False", "lanes": NaN, "ref": NaN, "name": NaN, "highway": "unclassified", "maxspeed": NaN, "length": 18.085, "bridge": NaN, "tunnel": NaN, "access": NaN, "junction": NaN, "width": NaN, "est_width": NaN, "iri": 5.59000015258789}}, {"type": "Feature", "geometry": {"type": "LineString", "coordinates": [[-90.5320958, 14.7725074], [-90.5325172, 14.7725811]]}, "properties": {"osmid": "259926551", "oneway": "False", "lanes": NaN, "ref": NaN, "name": NaN, "highway": "unclassified", "maxspeed": NaN, "length": 46.044, "bridge": NaN, "tunnel": NaN, "access": NaN, "junction": NaN, "width": NaN, "est_width": NaN, "iri": 5.59000015258789}}, {"type": "Feature", "geometry": {"type": "LineString", "coordinates": [[-90.5325172, 14.7725811], [-90.5328331, 14.7726549]]}, "properties": {"osmid": "259926551", "oneway": "False", "lanes": NaN, "ref": NaN, "name": NaN, "highway": "unclassified", "maxspeed": NaN, "length": 34.943, "bridge": NaN, "tunnel": NaN, "access": NaN, "junction": NaN, "width": NaN, "est_width": NaN, "iri": 5.59000015258789}}, {"type": "Feature", "geometry": {"type": "LineString", "coordinates": [[-90.5328331, 14.7726549], [-90.53316, 14.7728129]]}, "properties": {"osmid": "259926551", "oneway": "False", "lanes": NaN, "ref": NaN, "name": NaN, "highway": "unclassified", "maxspeed": NaN, "length": 39.294, "bridge": NaN, "tunnel": NaN, "access": NaN, "junction": NaN, "width": NaN, "est_width": NaN, "iri": 5.59000015258789}}, {"type": "Feature", "geometry": {"type": "LineString", "coordinates": [[-90.53316, 14.7728129], [-90.5334687, 14.7730025]]}, "properties": {"osmid": "259926551", "oneway": "False", "lanes": NaN, "ref": NaN, "name": NaN, "highway": "unclassified", "maxspeed": NaN, "length": 39.321, "bridge": NaN, "tunnel": NaN, "access": NaN, "junction": NaN, "width": NaN, "est_width": NaN, "iri": 5.59000015258789}}, {"type": "Feature", "geometry": {"type": "LineString", "coordinates": [[-90.5334687, 14.7730025], [-90.5337375, 14.7731079]]}, "properties": {"osmid": "259926551", "oneway": "False", "lanes": NaN, "ref": NaN, "name": NaN, "highway": "unclassified", "maxspeed": NaN, "length": 31.187, "bridge": NaN, "tunnel": NaN, "access": NaN, "junction": NaN, "width": NaN, "est_width": NaN, "iri": 5.59000015258789}}, {"type": "Feature", "geometry": {"type": "LineString", "coordinates": [[-90.5337375, 14.7731079], [-90.5339736, 14.7731114]]}, "properties": {"osmid": "259926551", "oneway": "False", "lanes": NaN, "ref": NaN, "name": NaN, "highway": "unclassified", "maxspeed": NaN, "length": 25.388, "bridge": NaN, "tunnel": NaN, "access": NaN, "junction": NaN, "width": NaN, "est_width": NaN, "iri": 5.59000015258789}}, {"type": "Feature", "geometry": {"type": "LineString", "coordinates": [[-90.5339736, 14.7731114], [-90.534453, 14.7730447]]}, "properties": {"osmid": "259926551", "oneway": "False", "lanes": NaN, "ref": NaN, "name": NaN, "highway": "unclassified", "maxspeed": NaN, "length": 52.076, "bridge": NaN, "tunnel": NaN, "access": NaN, "junction": NaN, "width": NaN, "est_width": NaN, "iri": 5.59000015258789}}, {"type": "Feature", "geometry": {"type": "LineString", "coordinates": [[-90.534453, 14.7730447], [-90.5347363, 14.7730587]]}, "properties": {"osmid": "259926551", "oneway": "False", "lanes": NaN, "ref": NaN, "name": NaN, "highway": "unclassified", "maxspeed": NaN, "length": 30.5, "bridge": NaN, "tunnel": NaN, "access": NaN, "junction": NaN, "width": NaN, "est_width": NaN, "iri": 5.59000015258789}}, {"type": "Feature", "geometry": {"type": "LineString", "coordinates": [[-90.5347363, 14.7730587], [-90.5349796, 14.7731325]]}, "properties": {"osmid": "259926551", "oneway": "False", "lanes": NaN, "ref": NaN, "name": NaN, "highway": "unclassified", "maxspeed": NaN, "length": 27.416, "bridge": NaN, "tunnel": NaN, "access": NaN, "junction": NaN, "width": NaN, "est_width": NaN, "iri": 5.59000015258789}}, {"type": "Feature", "geometry": {"type": "LineString", "coordinates": [[-90.5349796, 14.7731325], [-90.5351322, 14.7731325]]}, "properties": {"osmid": "259926551", "oneway": "False", "lanes": NaN, "ref": NaN, "name": NaN, "highway": "unclassified", "maxspeed": NaN, "length": 16.407, "bridge": NaN, "tunnel": NaN, "access": NaN, "junction": NaN, "width": NaN, "est_width": NaN, "iri": 5.59000015258789}}]}