{"type": "FeatureCollection", "features": [{"type": "Feature", "geometry": {"type": "LineString", "coordinates": [[-88.9240694, 15.3761035], [-88.9240265, 15.37585]]}, "properties": {"osmid": "598317215", "oneway": "False", "lanes": NaN, "ref": NaN, "name": NaN, "highway": "unclassified", "maxspeed": NaN, "length": 28.561, "bridge": NaN, "tunnel": NaN, "access": NaN, "junction": NaN, "width": NaN, "est_width": NaN, "iri": 9.72000026702881}}, {"type": "Feature", "geometry": {"type": "LineString", "coordinates": [[-88.9240265, 15.37585], [-88.9240426, 15.3755086]]}, "properties": {"osmid": "598317215", "oneway": "False", "lanes": NaN, "ref": NaN, "name": NaN, "highway": "unclassified", "maxspeed": NaN, "length": 38.001, "bridge": NaN, "tunnel": NaN, "access": NaN, "junction": NaN, "width": NaN, "est_width": NaN, "iri": 9.72000026702881}}, {"type": "Feature", "geometry": {"type": "LineString", "coordinates": [[-88.9240426, 15.3755086], [-88.9239974, 15.3753405]]}, "properties": {"osmid": "598317215", "oneway": "False", "lanes": NaN, "ref": NaN, "name": NaN, "highway": "unclassified", "maxspeed": NaN, "length": 19.31, "bridge": NaN, "tunnel": NaN, "access": NaN, "junction": NaN, "width": NaN, "est_width": NaN, "iri": 9.72000026702881}}, {"type": "Feature", "geometry": {"type": "LineString", "coordinates": [[-88.9239974, 15.3753405], [-88.9243809, 15.3751419]]}, "properties": {"osmid": "283275257", "oneway": "False", "lanes": NaN, "ref": NaN, "name": NaN, "highway": "tertiary", "maxspeed": NaN, "length": 46.672, "bridge": NaN, "tunnel": NaN, "access": NaN, "junction": NaN, "width": NaN, "est_width": NaN, "iri": 9.72000026702881}}, {"type": "Feature", "geometry": {"type": "LineString", "coordinates": [[-88.9243809, 15.3751419], [-88.9248976, 15.3747938]]}, "properties": {"osmid": "283275257", "oneway": "False", "lanes": NaN, "ref": NaN, "name": NaN, "highway": "tertiary", "maxspeed": NaN, "length": 67.581, "bridge": NaN, "tunnel": NaN, "access": NaN, "junction": NaN, "width": NaN, "est_width": NaN, "iri": 9.72000026702881}}, {"type": "Feature", "geometry": {"type": "LineString", "coordinates": [[-88.9248976, 15.3747938], [-88.9254356, 15.3743229]]}, "properties": {"osmid": "283275257", "oneway": "False", "lanes": NaN, "ref": NaN, "name": NaN, "highway": "tertiary", "maxspeed": NaN, "length": 77.904, "bridge": NaN, "tunnel": NaN, "access": NaN, "junction": NaN, "width": NaN, "est_width": NaN, "iri": 9.72000026702881}}, {"type": "Feature", "geometry": {"type": "LineString", "coordinates": [[-88.9254356, 15.3743229], [-88.9259027, 15.3736404]]}, "properties": {"osmid": "283275257", "oneway": "False", "lanes": NaN, "ref": NaN, "name": NaN, "highway": "tertiary", "maxspeed": NaN, "length": 90.926, "bridge": NaN, "tunnel": NaN, "access": NaN, "junction": NaN, "width": NaN, "est_width": NaN, "iri": 9.72000026702881}}, {"type": "Feature", "geometry": {"type": "LineString", "coordinates": [[-88.9259027, 15.3736404], [-88.9261293, 15.3730944]]}, "properties": {"osmid": "283275257", "oneway": "False", "lanes": NaN, "ref": NaN, "name": NaN, "highway": "tertiary", "maxspeed": NaN, "length": 65.393, "bridge": NaN, "tunnel": NaN, "access": NaN, "junction": NaN, "width": NaN, "est_width": NaN, "iri": 9.72000026702881}}, {"type": "Feature", "geometry": {"type": "LineString", "coordinates": [[-88.9261293, 15.3730944], [-88.9261859, 15.3727053]]}, "properties": {"osmid": "283275257", "oneway": "False", "lanes": NaN, "ref": NaN, "name": NaN, "highway": "tertiary", "maxspeed": NaN, "length": 43.69, "bridge": NaN, "tunnel": NaN, "access": NaN, "junction": NaN, "width": NaN, "est_width": NaN, "iri": 9.72000026702881}}, {"type": "Feature", "geometry": {"type": "LineString", "coordinates": [[-88.9261859, 15.3727053], [-88.9261576, 15.3716065]]}, "properties": {"osmid": "283275257", "oneway": "False", "lanes": NaN, "ref": NaN, "name": NaN, "highway": "tertiary", "maxspeed": NaN, "length": 122.219, "bridge": NaN, "tunnel": NaN, "access": NaN, "junction": NaN, "width": NaN, "est_width": NaN, "iri": 9.72000026702881}}, {"type": "Feature", "geometry": {"type": "LineString", "coordinates": [[-88.9261576, 15.3716065], [-88.9260388, 15.3699024]]}, "properties": {"osmid": "283275257", "oneway": "False", "lanes": NaN, "ref": NaN, "name": NaN, "highway": "tertiary", "maxspeed": NaN, "length": 189.915, "bridge": NaN, "tunnel": NaN, "access": NaN, "junction": NaN, "width": NaN, "est_width": NaN, "iri": 9.72000026702881}}, {"type": "Feature", "geometry": {"type": "LineString", "coordinates": [[-88.9260388, 15.3699024], [-88.9259454, 15.3688847]]}, "properties": {"osmid": "283275257", "oneway": "False", "lanes": NaN, "ref": NaN, "name": NaN, "highway": "tertiary", "maxspeed": NaN, "length": 113.605, "bridge": NaN, "tunnel": NaN, "access": NaN, "junction": NaN, "width": NaN, "est_width": NaN, "iri": 9.72000026702881}}, {"type": "Feature", "geometry": {"type": "LineString", "coordinates": [[-88.9259454, 15.3688847], [-88.9259174, 15.3682543]]}, "properties": {"osmid": "283275257", "oneway": "False", "lanes": NaN, "ref": NaN, "name": NaN, "highway": "tertiary", "maxspeed": NaN, "length": 70.162, "bridge": NaN, "tunnel": NaN, "access": NaN, "junction": NaN, "width": NaN, "est_width": NaN, "iri": 9.72000026702881}}, {"type": "Feature", "geometry": {"type": "LineString", "coordinates": [[-88.9259174, 15.3682543], [-88.9260295, 15.367732]]}, "properties": {"osmid": "283275257", "oneway": "False", "lanes": NaN, "ref": NaN, "name": NaN, "highway": "tertiary", "maxspeed": NaN, "length": 59.308, "bridge": NaN, "tunnel": NaN, "access": NaN, "junction": NaN, "width": NaN, "est_width": NaN, "iri": 9.72000026702881}}, {"type": "Feature", "geometry": {"type": "LineString", "coordinates": [[-88.9260295, 15.367732], [-88.9260014, 15.3669124]]}, "properties": {"osmid": "283275257", "oneway": "False", "lanes": NaN, "ref": NaN, "name": NaN, "highway": "tertiary", "maxspeed": NaN, "length": 91.185, "bridge": NaN, "tunnel": NaN, "access": NaN, "junction": NaN, "width": NaN, "est_width": NaN, "iri": 9.72000026702881}}, {"type": "Feature", "geometry": {"type": "LineString", "coordinates": [[-88.9260014, 15.3669124], [-88.9258146, 15.3657326]]}, "properties": {"osmid": "283275257", "oneway": "False", "lanes": NaN, "ref": NaN, "name": NaN, "highway": "tertiary", "maxspeed": NaN, "length": 132.708, "bridge": NaN, "tunnel": NaN, "access": NaN, "junction": NaN, "width": NaN, "est_width": NaN, "iri": 9.72000026702881}}, {"type": "Feature", "geometry": {"type": "LineString", "coordinates": [[-88.9258146, 15.3657326], [-88.9256559, 15.3647419]]}, "properties": {"osmid": "283275257", "oneway": "False", "lanes": NaN, "ref": NaN, "name": NaN, "highway": "tertiary", "maxspeed": NaN, "length": 111.467, "bridge": NaN, "tunnel": NaN, "access": NaN, "junction": NaN, "width": NaN, "est_width": NaN, "iri": 9.72000026702881}}, {"type": "Feature", "geometry": {"type": "LineString", "coordinates": [[-88.9256559, 15.3647419], [-88.9255158, 15.3639134]]}, "properties": {"osmid": "283275257", "oneway": "False", "lanes": NaN, "ref": NaN, "name": NaN, "highway": "tertiary", "maxspeed": NaN, "length": 93.342, "bridge": NaN, "tunnel": NaN, "access": NaN, "junction": NaN, "width": NaN, "est_width": NaN, "iri": 9.72000026702881}}, {"type": "Feature", "geometry": {"type": "LineString", "coordinates": [[-88.9255158, 15.3639134], [-88.925385, 15.3630398]]}, "properties": {"osmid": "283275257", "oneway": "False", "lanes": NaN, "ref": NaN, "name": NaN, "highway": "tertiary", "maxspeed": NaN, "length": 98.147, "bridge": NaN, "tunnel": NaN, "access": NaN, "junction": NaN, "width": NaN, "est_width": NaN, "iri": 9.72000026702881}}, {"type": "Feature", "geometry": {"type": "LineString", "coordinates": [[-88.925385, 15.3630398], [-88.9253663, 15.3626255]]}, "properties": {"osmid": "283275257", "oneway": "False", "lanes": NaN, "ref": NaN, "name": NaN, "highway": "tertiary", "maxspeed": NaN, "length": 46.112, "bridge": NaN, "tunnel": NaN, "access": NaN, "junction": NaN, "width": NaN, "est_width": NaN, "iri": 9.72000026702881}}, {"type": "Feature", "geometry": {"type": "LineString", "coordinates": [[-88.9253663, 15.3626255], [-88.9254037, 15.3622472]]}, "properties": {"osmid": "283275257", "oneway": "False", "lanes": NaN, "ref": NaN, "name": NaN, "highway": "tertiary", "maxspeed": NaN, "length": 42.256, "bridge": NaN, "tunnel": NaN, "access": NaN, "junction": NaN, "width": NaN, "est_width": NaN, "iri": 9.72000026702881}}, {"type": "Feature", "geometry": {"type": "LineString", "coordinates": [[-88.9254037, 15.3622472], [-88.9256092, 15.3618059]]}, "properties": {"osmid": "283275257", "oneway": "False", "lanes": NaN, "ref": NaN, "name": NaN, "highway": "tertiary", "maxspeed": NaN, "length": 53.79, "bridge": NaN, "tunnel": NaN, "access": NaN, "junction": NaN, "width": NaN, "est_width": NaN, "iri": 9.72000026702881}}, {"type": "Feature", "geometry": {"type": "LineString", "coordinates": [[-88.9256092, 15.3618059], [-88.9261976, 15.3612475]]}, "properties": {"osmid": "283275257", "oneway": "False", "lanes": NaN, "ref": NaN, "name": NaN, "highway": "tertiary", "maxspeed": NaN, "length": 88.519, "bridge": NaN, "tunnel": NaN, "access": NaN, "junction": NaN, "width": NaN, "est_width": NaN, "iri": 9.72000026702881}}, {"type": "Feature", "geometry": {"type": "LineString", "coordinates": [[-88.9261976, 15.3612475], [-88.9281029, 15.3595543]]}, "properties": {"osmid": "283275257", "oneway": "False", "lanes": NaN, "ref": NaN, "name": NaN, "highway": "tertiary", "maxspeed": NaN, "length": 277.818, "bridge": NaN, "tunnel": NaN, "access": NaN, "junction": NaN, "width": NaN, "est_width": NaN, "iri": 9.72000026702881}}, {"type": "Feature", "geometry": {"type": "LineString", "coordinates": [[-88.9281029, 15.3595543], [-88.9288968, 15.3587437]]}, "properties": {"osmid": "283275257", "oneway": "False", "lanes": NaN, "ref": NaN, "name": NaN, "highway": "tertiary", "maxspeed": NaN, "length": 123.978, "bridge": NaN, "tunnel": NaN, "access": NaN, "junction": NaN, "width": NaN, "est_width": NaN, "iri": 9.72000026702881}}, {"type": "Feature", "geometry": {"type": "LineString", "coordinates": [[-88.9288968, 15.3587437], [-88.929532, 15.3579242]]}, "properties": {"osmid": "283275257", "oneway": "False", "lanes": NaN, "ref": NaN, "name": NaN, "highway": "tertiary", "maxspeed": NaN, "length": 113.765, "bridge": NaN, "tunnel": NaN, "access": NaN, "junction": NaN, "width": NaN, "est_width": NaN, "iri": 9.72000026702881}}, {"type": "Feature", "geometry": {"type": "LineString", "coordinates": [[-88.929532, 15.3579242], [-88.9302511, 15.3567893]]}, "properties": {"osmid": "283275257", "oneway": "False", "lanes": NaN, "ref": NaN, "name": NaN, "highway": "tertiary", "maxspeed": NaN, "length": 147.887, "bridge": NaN, "tunnel": NaN, "access": NaN, "junction": NaN, "width": NaN, "est_width": NaN, "iri": 9.72000026702881}}, {"type": "Feature", "geometry": {"type": "LineString", "coordinates": [[-88.9302511, 15.3567893], [-88.9309983, 15.3554204]]}, "properties": {"osmid": "283275257", "oneway": "False", "lanes": NaN, "ref": NaN, "name": NaN, "highway": "tertiary", "maxspeed": NaN, "length": 172.013, "bridge": NaN, "tunnel": NaN, "access": NaN, "junction": NaN, "width": NaN, "est_width": NaN, "iri": 9.72000026702881}}, {"type": "Feature", "geometry": {"type": "LineString", "coordinates": [[-88.9309983, 15.3554204], [-88.9314747, 15.3543306]]}, "properties": {"osmid": "283275257", "oneway": "False", "lanes": NaN, "ref": NaN, "name": NaN, "highway": "tertiary", "maxspeed": NaN, "length": 131.507, "bridge": NaN, "tunnel": NaN, "access": NaN, "junction": NaN, "width": NaN, "est_width": NaN, "iri": 9.72000026702881}}, {"type": "Feature", "geometry": {"type": "LineString", "coordinates": [[-88.9314747, 15.3543306], [-88.9320071, 15.3527994]]}, "properties": {"osmid": "283275257", "oneway": "False", "lanes": NaN, "ref": NaN, "name": NaN, "highway": "tertiary", "maxspeed": NaN, "length": 179.578, "bridge": NaN, "tunnel": NaN, "access": NaN, "junction": NaN, "width": NaN, "est_width": NaN, "iri": 9.72000026702881}}, {"type": "Feature", "geometry": {"type": "LineString", "coordinates": [[-88.9320071, 15.3527994], [-88.9326422, 15.3511332]]}, "properties": {"osmid": "283275257", "oneway": "False", "lanes": NaN, "ref": NaN, "name": NaN, "highway": "tertiary", "maxspeed": NaN, "length": 197.393, "bridge": NaN, "tunnel": NaN, "access": NaN, "junction": NaN, "width": NaN, "est_width": NaN, "iri": 9.72000026702881}}, {"type": "Feature", "geometry": {"type": "LineString", "coordinates": [[-88.9326422, 15.3511332], [-88.9335201, 15.3487194]]}, "properties": {"osmid": "283275257", "oneway": "False", "lanes": NaN, "ref": NaN, "name": NaN, "highway": "tertiary", "maxspeed": NaN, "length": 284.432, "bridge": NaN, "tunnel": NaN, "access": NaN, "junction": NaN, "width": NaN, "est_width": NaN, "iri": 9.72000026702881}}, {"type": "Feature", "geometry": {"type": "LineString", "coordinates": [[-88.9335201, 15.3487194], [-88.9335517, 15.3486476]]}, "properties": {"osmid": "283275257", "oneway": "False", "lanes": NaN, "ref": NaN, "name": NaN, "highway": "tertiary", "maxspeed": NaN, "length": 8.673, "bridge": NaN, "tunnel": NaN, "access": NaN, "junction": NaN, "width": NaN, "est_width": NaN, "iri": 9.72000026702881}}]}