{"type": "FeatureCollection", "features": [{"type": "Feature", "geometry": {"type": "LineString", "coordinates": [[-90.1133322, 13.8314924], [-90.1135847, 13.8306754]]}, "properties": {"osmid": "155892405", "oneway": "False", "lanes": NaN, "ref": "RD JUT-43", "name": NaN, "highway": "tertiary", "maxspeed": NaN, "length": 94.849, "bridge": NaN, "tunnel": NaN, "access": NaN, "junction": NaN, "width": NaN, "est_width": NaN, "iri": 14.710000038147}}, {"type": "Feature", "geometry": {"type": "LineString", "coordinates": [[-90.1135847, 13.8306754], [-90.113928, 13.829869]]}, "properties": {"osmid": "155892405", "oneway": "False", "lanes": NaN, "ref": "RD JUT-43", "name": NaN, "highway": "tertiary", "maxspeed": NaN, "length": 97.027, "bridge": NaN, "tunnel": NaN, "access": NaN, "junction": NaN, "width": NaN, "est_width": NaN, "iri": 14.710000038147}}, {"type": "Feature", "geometry": {"type": "LineString", "coordinates": [[-90.113928, 13.829869], [-90.1141653, 13.8290812]]}, "properties": {"osmid": "155892405", "oneway": "False", "lanes": NaN, "ref": "RD JUT-43", "name": NaN, "highway": "tertiary", "maxspeed": NaN, "length": 91.27, "bridge": NaN, "tunnel": NaN, "access": NaN, "junction": NaN, "width": NaN, "est_width": NaN, "iri": 14.710000038147}}, {"type": "Feature", "geometry": {"type": "LineString", "coordinates": [[-90.1141653, 13.8290812], [-90.1142668, 13.8289193]]}, "properties": {"osmid": "155892405", "oneway": "False", "lanes": NaN, "ref": "RD JUT-43", "name": NaN, "highway": "tertiary", "maxspeed": NaN, "length": 21.076, "bridge": NaN, "tunnel": NaN, "access": NaN, "junction": NaN, "width": NaN, "est_width": NaN, "iri": 14.710000038147}}, {"type": "Feature", "geometry": {"type": "LineString", "coordinates": [[-90.1142668, 13.8289193], [-90.1170256, 13.828561]]}, "properties": {"osmid": "155893035", "oneway": "False", "lanes": NaN, "ref": "RD JUT-43", "name": NaN, "highway": "tertiary", "maxspeed": NaN, "length": 300.526, "bridge": NaN, "tunnel": NaN, "access": NaN, "junction": NaN, "width": NaN, "est_width": NaN, "iri": 14.710000038147}}, {"type": "Feature", "geometry": {"type": "LineString", "coordinates": [[-90.1170256, 13.828561], [-90.1186984, 13.8283067]]}, "properties": {"osmid": "155893035", "oneway": "False", "lanes": NaN, "ref": "RD JUT-43", "name": NaN, "highway": "tertiary", "maxspeed": NaN, "length": 182.816, "bridge": NaN, "tunnel": NaN, "access": NaN, "junction": NaN, "width": NaN, "est_width": NaN, "iri": 14.710000038147}}, {"type": "Feature", "geometry": {"type": "LineString", "coordinates": [[-90.1186984, 13.8283067], [-90.1165749, 13.8137933]]}, "properties": {"osmid": "155892337", "oneway": "False", "lanes": NaN, "ref": "RD JUT-42", "name": NaN, "highway": "tertiary", "maxspeed": NaN, "length": 1630.025, "bridge": NaN, "tunnel": NaN, "access": NaN, "junction": NaN, "width": NaN, "est_width": NaN, "iri": 14.710000038147}}, {"type": "Feature", "geometry": {"type": "LineString", "coordinates": [[-90.1165749, 13.8137933], [-90.1157462, 13.8077608]]}, "properties": {"osmid": "780079897", "oneway": "False", "lanes": NaN, "ref": "RD JUT-43", "name": NaN, "highway": "tertiary", "maxspeed": NaN, "length": 676.727, "bridge": NaN, "tunnel": NaN, "access": NaN, "junction": NaN, "width": NaN, "est_width": NaN, "iri": 14.710000038147}}, {"type": "Feature", "geometry": {"type": "LineString", "coordinates": [[-90.1157462, 13.8077608], [-90.1153345, 13.8048713]]}, "properties": {"osmid": "780079897", "oneway": "False", "lanes": NaN, "ref": "RD JUT-43", "name": NaN, "highway": "tertiary", "maxspeed": NaN, "length": 324.359, "bridge": NaN, "tunnel": NaN, "access": NaN, "junction": NaN, "width": NaN, "est_width": NaN, "iri": 14.710000038147}}, {"type": "Feature", "geometry": {"type": "LineString", "coordinates": [[-90.1153345, 13.8048713], [-90.1152816, 13.8044716]]}, "properties": {"osmid": "780079897", "oneway": "False", "lanes": NaN, "ref": "RD JUT-43", "name": NaN, "highway": "tertiary", "maxspeed": NaN, "length": 44.81, "bridge": NaN, "tunnel": NaN, "access": NaN, "junction": NaN, "width": NaN, "est_width": NaN, "iri": 14.710000038147}}, {"type": "Feature", "geometry": {"type": "LineString", "coordinates": [[-90.1152816, 13.8044716], [-90.1155992, 13.8029126]]}, "properties": {"osmid": "780079897", "oneway": "False", "lanes": NaN, "ref": "RD JUT-43", "name": NaN, "highway": "tertiary", "maxspeed": NaN, "length": 176.713, "bridge": NaN, "tunnel": NaN, "access": NaN, "junction": NaN, "width": NaN, "est_width": NaN, "iri": 14.710000038147}}, {"type": "Feature", "geometry": {"type": "LineString", "coordinates": [[-90.1155992, 13.8029126], [-90.1158461, 13.8023302]]}, "properties": {"osmid": "780079897", "oneway": "False", "lanes": NaN, "ref": "RD JUT-43", "name": NaN, "highway": "tertiary", "maxspeed": NaN, "length": 70.033, "bridge": NaN, "tunnel": NaN, "access": NaN, "junction": NaN, "width": NaN, "est_width": NaN, "iri": 14.710000038147}}, {"type": "Feature", "geometry": {"type": "LineString", "coordinates": [[-90.1158461, 13.8023302], [-90.1164106, 13.8016221]]}, "properties": {"osmid": "780079897", "oneway": "False", "lanes": NaN, "ref": "RD JUT-43", "name": NaN, "highway": "tertiary", "maxspeed": NaN, "length": 99.576, "bridge": NaN, "tunnel": NaN, "access": NaN, "junction": NaN, "width": NaN, "est_width": NaN, "iri": 14.710000038147}}, {"type": "Feature", "geometry": {"type": "LineString", "coordinates": [[-90.1164106, 13.8016221], [-90.1175129, 13.8001646]]}, "properties": {"osmid": "780079897", "oneway": "False", "lanes": NaN, "ref": "RD JUT-43", "name": NaN, "highway": "tertiary", "maxspeed": NaN, "length": 201.083, "bridge": NaN, "tunnel": NaN, "access": NaN, "junction": NaN, "width": NaN, "est_width": NaN, "iri": 14.710000038147}}, {"type": "Feature", "geometry": {"type": "LineString", "coordinates": [[-90.1175129, 13.8001646], [-90.1176203, 13.7999696]]}, "properties": {"osmid": "780079897", "oneway": "False", "lanes": NaN, "ref": "RD JUT-43", "name": NaN, "highway": "tertiary", "maxspeed": NaN, "length": 24.59, "bridge": NaN, "tunnel": NaN, "access": NaN, "junction": NaN, "width": NaN, "est_width": NaN, "iri": 14.710000038147}}, {"type": "Feature", "geometry": {"type": "LineString", "coordinates": [[-90.1176203, 13.7999696], [-90.1176997, 13.7993528]]}, "properties": {"osmid": "780079897", "oneway": "False", "lanes": NaN, "ref": "RD JUT-43", "name": NaN, "highway": "tertiary", "maxspeed": NaN, "length": 69.119, "bridge": NaN, "tunnel": NaN, "access": NaN, "junction": NaN, "width": NaN, "est_width": NaN, "iri": 14.710000038147}}, {"type": "Feature", "geometry": {"type": "LineString", "coordinates": [[-90.1176997, 13.7993528], [-90.1176577, 13.7991215]]}, "properties": {"osmid": "780079897", "oneway": "False", "lanes": NaN, "ref": "RD JUT-43", "name": NaN, "highway": "tertiary", "maxspeed": NaN, "length": 26.116, "bridge": NaN, "tunnel": NaN, "access": NaN, "junction": NaN, "width": NaN, "est_width": NaN, "iri": 14.710000038147}}, {"type": "Feature", "geometry": {"type": "LineString", "coordinates": [[-90.1176577, 13.7991215], [-90.1174942, 13.7988857]]}, "properties": {"osmid": "780079897", "oneway": "False", "lanes": NaN, "ref": "RD JUT-43", "name": NaN, "highway": "tertiary", "maxspeed": NaN, "length": 31.61, "bridge": NaN, "tunnel": NaN, "access": NaN, "junction": NaN, "width": NaN, "est_width": NaN, "iri": 14.710000038147}}, {"type": "Feature", "geometry": {"type": "LineString", "coordinates": [[-90.1174942, 13.7988857], [-90.1174616, 13.7987451]]}, "properties": {"osmid": "780079897", "oneway": "False", "lanes": NaN, "ref": "RD JUT-43", "name": NaN, "highway": "tertiary", "maxspeed": NaN, "length": 16.025, "bridge": NaN, "tunnel": NaN, "access": NaN, "junction": NaN, "width": NaN, "est_width": NaN, "iri": 14.710000038147}}, {"type": "Feature", "geometry": {"type": "LineString", "coordinates": [[-90.1174616, 13.7987451], [-90.1174942, 13.798033]]}, "properties": {"osmid": "155892491", "oneway": "False", "lanes": NaN, "ref": "RD JUT-43", "name": NaN, "highway": "tertiary", "maxspeed": NaN, "length": 79.26, "bridge": "yes", "tunnel": NaN, "access": NaN, "junction": NaN, "width": NaN, "est_width": NaN, "iri": 14.710000038147}}, {"type": "Feature", "geometry": {"type": "LineString", "coordinates": [[-90.1174942, 13.798033], [-90.1178043, 13.7967567]]}, "properties": {"osmid": "155893250", "oneway": "False", "lanes": NaN, "ref": "RD JUT-43", "name": NaN, "highway": "tertiary", "maxspeed": NaN, "length": 145.815, "bridge": NaN, "tunnel": NaN, "access": NaN, "junction": NaN, "width": NaN, "est_width": NaN, "iri": 14.710000038147}}, {"type": "Feature", "geometry": {"type": "LineString", "coordinates": [[-90.1178043, 13.7967567], [-90.1177807, 13.7964426]]}, "properties": {"osmid": "155893250", "oneway": "False", "lanes": NaN, "ref": "RD JUT-43", "name": NaN, "highway": "tertiary", "maxspeed": NaN, "length": 35.019, "bridge": NaN, "tunnel": NaN, "access": NaN, "junction": NaN, "width": NaN, "est_width": NaN, "iri": 14.710000038147}}, {"type": "Feature", "geometry": {"type": "LineString", "coordinates": [[-90.1177807, 13.7964426], [-90.1172045, 13.7933645]]}, "properties": {"osmid": "155893250", "oneway": "False", "lanes": NaN, "ref": "RD JUT-43", "name": NaN, "highway": "tertiary", "maxspeed": NaN, "length": 347.879, "bridge": NaN, "tunnel": NaN, "access": NaN, "junction": NaN, "width": NaN, "est_width": NaN, "iri": 14.710000038147}}, {"type": "Feature", "geometry": {"type": "LineString", "coordinates": [[-90.1172045, 13.7933645], [-90.1171809, 13.7930733]]}, "properties": {"osmid": "155893250", "oneway": "False", "lanes": NaN, "ref": "RD JUT-43", "name": NaN, "highway": "tertiary", "maxspeed": NaN, "length": 32.48, "bridge": NaN, "tunnel": NaN, "access": NaN, "junction": NaN, "width": NaN, "est_width": NaN, "iri": 14.710000038147}}, {"type": "Feature", "geometry": {"type": "LineString", "coordinates": [[-90.1171809, 13.7930733], [-90.11734, 13.7924047]]}, "properties": {"osmid": "155893250", "oneway": "False", "lanes": NaN, "ref": "RD JUT-43", "name": NaN, "highway": "tertiary", "maxspeed": NaN, "length": 76.304, "bridge": NaN, "tunnel": NaN, "access": NaN, "junction": NaN, "width": NaN, "est_width": NaN, "iri": 14.710000038147}}, {"type": "Feature", "geometry": {"type": "LineString", "coordinates": [[-90.11734, 13.7924047], [-90.1181402, 13.7892853]]}, "properties": {"osmid": "155893250", "oneway": "False", "lanes": NaN, "ref": "RD JUT-43", "name": NaN, "highway": "tertiary", "maxspeed": NaN, "length": 357.464, "bridge": NaN, "tunnel": NaN, "access": NaN, "junction": NaN, "width": NaN, "est_width": NaN, "iri": 14.710000038147}}, {"type": "Feature", "geometry": {"type": "LineString", "coordinates": [[-90.1181402, 13.7892853], [-90.1182391, 13.7889218]]}, "properties": {"osmid": "155892584", "oneway": "False", "lanes": NaN, "ref": "RD JUT-43", "name": NaN, "highway": "tertiary", "maxspeed": NaN, "length": 41.807, "bridge": "yes", "tunnel": NaN, "access": NaN, "junction": NaN, "width": NaN, "est_width": NaN, "iri": 14.710000038147}}, {"type": "Feature", "geometry": {"type": "LineString", "coordinates": [[-90.1182391, 13.7889218], [-90.1183188, 13.7886713]]}, "properties": {"osmid": "155893180", "oneway": "False", "lanes": NaN, "ref": "RD JUT-43", "name": NaN, "highway": "tertiary", "maxspeed": NaN, "length": 29.154, "bridge": NaN, "tunnel": NaN, "access": NaN, "junction": NaN, "width": NaN, "est_width": NaN, "iri": 14.710000038147}}, {"type": "Feature", "geometry": {"type": "LineString", "coordinates": [[-90.1183188, 13.7886713], [-90.1183715, 13.7885045]]}, "properties": {"osmid": "387006879", "oneway": "False", "lanes": NaN, "ref": "RD JUT-43", "name": NaN, "highway": "tertiary", "maxspeed": NaN, "length": 19.401, "bridge": NaN, "tunnel": NaN, "access": NaN, "junction": NaN, "width": NaN, "est_width": NaN, "iri": 14.710000038147}}, {"type": "Feature", "geometry": {"type": "LineString", "coordinates": [[-90.1183715, 13.7885045], [-90.1186496, 13.7876052]]}, "properties": {"osmid": "387006879", "oneway": "False", "lanes": NaN, "ref": "RD JUT-43", "name": NaN, "highway": "tertiary", "maxspeed": NaN, "length": 104.41, "bridge": NaN, "tunnel": NaN, "access": NaN, "junction": NaN, "width": NaN, "est_width": NaN, "iri": 14.710000038147}}, {"type": "Feature", "geometry": {"type": "LineString", "coordinates": [[-90.1186496, 13.7876052], [-90.1188523, 13.7865961]]}, "properties": {"osmid": "387006879", "oneway": "False", "lanes": NaN, "ref": "RD JUT-43", "name": NaN, "highway": "tertiary", "maxspeed": NaN, "length": 114.322, "bridge": NaN, "tunnel": NaN, "access": NaN, "junction": NaN, "width": NaN, "est_width": NaN, "iri": 14.710000038147}}, {"type": "Feature", "geometry": {"type": "LineString", "coordinates": [[-90.1188523, 13.7865961], [-90.1189071, 13.7861974]]}, "properties": {"osmid": "387006879", "oneway": "False", "lanes": NaN, "ref": "RD JUT-43", "name": NaN, "highway": "tertiary", "maxspeed": NaN, "length": 44.727, "bridge": NaN, "tunnel": NaN, "access": NaN, "junction": NaN, "width": NaN, "est_width": NaN, "iri": 14.710000038147}}, {"type": "Feature", "geometry": {"type": "LineString", "coordinates": [[-90.1189071, 13.7861974], [-90.11882, 13.7858042]]}, "properties": {"osmid": "387006879", "oneway": "False", "lanes": NaN, "ref": "RD JUT-43", "name": NaN, "highway": "tertiary", "maxspeed": NaN, "length": 44.722, "bridge": NaN, "tunnel": NaN, "access": NaN, "junction": NaN, "width": NaN, "est_width": NaN, "iri": 14.710000038147}}, {"type": "Feature", "geometry": {"type": "LineString", "coordinates": [[-90.11882, 13.7858042], [-90.1182716, 13.7842466]]}, "properties": {"osmid": "387006879", "oneway": "False", "lanes": NaN, "ref": "RD JUT-43", "name": NaN, "highway": "tertiary", "maxspeed": NaN, "length": 183.043, "bridge": NaN, "tunnel": NaN, "access": NaN, "junction": NaN, "width": NaN, "est_width": NaN, "iri": 14.710000038147}}, {"type": "Feature", "geometry": {"type": "LineString", "coordinates": [[-90.1182716, 13.7842466], [-90.1175034, 13.7824442]]}, "properties": {"osmid": "387006879", "oneway": "False", "lanes": NaN, "ref": "RD JUT-43", "name": NaN, "highway": "tertiary", "maxspeed": NaN, "length": 216.91, "bridge": NaN, "tunnel": NaN, "access": NaN, "junction": NaN, "width": NaN, "est_width": NaN, "iri": 14.710000038147}}, {"type": "Feature", "geometry": {"type": "LineString", "coordinates": [[-90.1175034, 13.7824442], [-90.1172296, 13.7819489]]}, "properties": {"osmid": "387006879", "oneway": "False", "lanes": NaN, "ref": "RD JUT-43", "name": NaN, "highway": "tertiary", "maxspeed": NaN, "length": 62.51, "bridge": NaN, "tunnel": NaN, "access": NaN, "junction": NaN, "width": NaN, "est_width": NaN, "iri": 14.710000038147}}, {"type": "Feature", "geometry": {"type": "LineString", "coordinates": [[-90.1172296, 13.7819489], [-90.11648, 13.7809581]]}, "properties": {"osmid": "387006879", "oneway": "False", "lanes": NaN, "ref": "RD JUT-43", "name": NaN, "highway": "tertiary", "maxspeed": NaN, "length": 136.716, "bridge": NaN, "tunnel": NaN, "access": NaN, "junction": NaN, "width": NaN, "est_width": NaN, "iri": 14.710000038147}}, {"type": "Feature", "geometry": {"type": "LineString", "coordinates": [[-90.11648, 13.7809581], [-90.1158285, 13.7802403]]}, "properties": {"osmid": "387006879", "oneway": "False", "lanes": NaN, "ref": "RD JUT-43", "name": NaN, "highway": "tertiary", "maxspeed": NaN, "length": 106.4, "bridge": NaN, "tunnel": NaN, "access": NaN, "junction": NaN, "width": NaN, "est_width": NaN, "iri": 14.710000038147}}, {"type": "Feature", "geometry": {"type": "LineString", "coordinates": [[-90.1158285, 13.7802403], [-90.115669, 13.7799964]]}, "properties": {"osmid": "387006879", "oneway": "False", "lanes": NaN, "ref": "RD JUT-43", "name": NaN, "highway": "tertiary", "maxspeed": NaN, "length": 32.128, "bridge": NaN, "tunnel": NaN, "access": NaN, "junction": NaN, "width": NaN, "est_width": NaN, "iri": 14.710000038147}}, {"type": "Feature", "geometry": {"type": "LineString", "coordinates": [[-90.115669, 13.7799964], [-90.1154656, 13.7796094]]}, "properties": {"osmid": "387006879", "oneway": "False", "lanes": NaN, "ref": "RD JUT-43", "name": NaN, "highway": "tertiary", "maxspeed": NaN, "length": 48.315, "bridge": NaN, "tunnel": NaN, "access": NaN, "junction": NaN, "width": NaN, "est_width": NaN, "iri": 14.710000038147}}, {"type": "Feature", "geometry": {"type": "LineString", "coordinates": [[-90.1154656, 13.7796094], [-90.114883, 13.7787885]]}, "properties": {"osmid": "387006879", "oneway": "False", "lanes": NaN, "ref": "RD JUT-43", "name": NaN, "highway": "tertiary", "maxspeed": NaN, "length": 110.863, "bridge": NaN, "tunnel": NaN, "access": NaN, "junction": NaN, "width": NaN, "est_width": NaN, "iri": 14.710000038147}}, {"type": "Feature", "geometry": {"type": "LineString", "coordinates": [[-90.114883, 13.7787885], [-90.1136573, 13.7772644]]}, "properties": {"osmid": "387006879", "oneway": "False", "lanes": NaN, "ref": "RD JUT-43", "name": NaN, "highway": "tertiary", "maxspeed": NaN, "length": 215.041, "bridge": NaN, "tunnel": NaN, "access": NaN, "junction": NaN, "width": NaN, "est_width": NaN, "iri": 14.710000038147}}, {"type": "Feature", "geometry": {"type": "LineString", "coordinates": [[-90.1136573, 13.7772644], [-90.1131624, 13.7764943]]}, "properties": {"osmid": "387006879", "oneway": "False", "lanes": NaN, "ref": "RD JUT-43", "name": NaN, "highway": "tertiary", "maxspeed": NaN, "length": 100.942, "bridge": NaN, "tunnel": NaN, "access": NaN, "junction": NaN, "width": NaN, "est_width": NaN, "iri": 14.710000038147}}, {"type": "Feature", "geometry": {"type": "LineString", "coordinates": [[-90.1131624, 13.7764943], [-90.1130498, 13.776239]]}, "properties": {"osmid": "387006879", "oneway": "False", "lanes": NaN, "ref": "RD JUT-43", "name": NaN, "highway": "tertiary", "maxspeed": NaN, "length": 30.883, "bridge": NaN, "tunnel": NaN, "access": NaN, "junction": NaN, "width": NaN, "est_width": NaN, "iri": 14.710000038147}}, {"type": "Feature", "geometry": {"type": "LineString", "coordinates": [[-90.1130498, 13.776239], [-90.1129478, 13.7759264]]}, "properties": {"osmid": "387006879", "oneway": "False", "lanes": NaN, "ref": "RD JUT-43", "name": NaN, "highway": "tertiary", "maxspeed": NaN, "length": 36.463, "bridge": NaN, "tunnel": NaN, "access": NaN, "junction": NaN, "width": NaN, "est_width": NaN, "iri": 14.710000038147}}, {"type": "Feature", "geometry": {"type": "LineString", "coordinates": [[-90.1129478, 13.7759264], [-90.1128995, 13.7757076]]}, "properties": {"osmid": "387006879", "oneway": "False", "lanes": NaN, "ref": "RD JUT-43", "name": NaN, "highway": "tertiary", "maxspeed": NaN, "length": 24.882, "bridge": NaN, "tunnel": NaN, "access": NaN, "junction": NaN, "width": NaN, "est_width": NaN, "iri": 14.710000038147}}, {"type": "Feature", "geometry": {"type": "LineString", "coordinates": [[-90.1128995, 13.7757076], [-90.1128135, 13.7741305]]}, "properties": {"osmid": "387006879", "oneway": "False", "lanes": NaN, "ref": "RD JUT-43", "name": NaN, "highway": "tertiary", "maxspeed": NaN, "length": 175.612, "bridge": NaN, "tunnel": NaN, "access": NaN, "junction": NaN, "width": NaN, "est_width": NaN, "iri": 14.710000038147}}, {"type": "Feature", "geometry": {"type": "LineString", "coordinates": [[-90.1128135, 13.7741305], [-90.1128718, 13.7738427]]}, "properties": {"osmid": "387006879", "oneway": "False", "lanes": NaN, "ref": "RD JUT-43", "name": NaN, "highway": "tertiary", "maxspeed": NaN, "length": 32.615, "bridge": NaN, "tunnel": NaN, "access": NaN, "junction": NaN, "width": NaN, "est_width": NaN, "iri": 14.710000038147}}, {"type": "Feature", "geometry": {"type": "LineString", "coordinates": [[-90.1128718, 13.7738427], [-90.113177, 13.7729993]]}, "properties": {"osmid": "387006879", "oneway": "False", "lanes": NaN, "ref": "RD JUT-43", "name": NaN, "highway": "tertiary", "maxspeed": NaN, "length": 99.406, "bridge": NaN, "tunnel": NaN, "access": NaN, "junction": NaN, "width": NaN, "est_width": NaN, "iri": 14.710000038147}}, {"type": "Feature", "geometry": {"type": "LineString", "coordinates": [[-90.113177, 13.7729993], [-90.1134365, 13.7714384]]}, "properties": {"osmid": "387006879", "oneway": "False", "lanes": NaN, "ref": "RD JUT-43", "name": NaN, "highway": "tertiary", "maxspeed": NaN, "length": 175.812, "bridge": NaN, "tunnel": NaN, "access": NaN, "junction": NaN, "width": NaN, "est_width": NaN, "iri": 14.710000038147}}, {"type": "Feature", "geometry": {"type": "LineString", "coordinates": [[-90.1134365, 13.7714384], [-90.113505, 13.7711211]]}, "properties": {"osmid": "387006879", "oneway": "False", "lanes": NaN, "ref": "RD JUT-43", "name": NaN, "highway": "tertiary", "maxspeed": NaN, "length": 36.049, "bridge": NaN, "tunnel": NaN, "access": NaN, "junction": NaN, "width": NaN, "est_width": NaN, "iri": 14.710000038147}}, {"type": "Feature", "geometry": {"type": "LineString", "coordinates": [[-90.113505, 13.7711211], [-90.1136337, 13.7707335]]}, "properties": {"osmid": "387006879", "oneway": "False", "lanes": NaN, "ref": "RD JUT-43", "name": NaN, "highway": "tertiary", "maxspeed": NaN, "length": 45.285, "bridge": NaN, "tunnel": NaN, "access": NaN, "junction": NaN, "width": NaN, "est_width": NaN, "iri": 14.710000038147}}, {"type": "Feature", "geometry": {"type": "LineString", "coordinates": [[-90.1136337, 13.7707335], [-90.1148232, 13.7683156]]}, "properties": {"osmid": "387006879", "oneway": "False", "lanes": NaN, "ref": "RD JUT-43", "name": NaN, "highway": "tertiary", "maxspeed": NaN, "length": 297.974, "bridge": NaN, "tunnel": NaN, "access": NaN, "junction": NaN, "width": NaN, "est_width": NaN, "iri": 14.710000038147}}, {"type": "Feature", "geometry": {"type": "LineString", "coordinates": [[-90.1148232, 13.7683156], [-90.1152172, 13.7674817]]}, "properties": {"osmid": "387006879", "oneway": "False", "lanes": NaN, "ref": "RD JUT-43", "name": NaN, "highway": "tertiary", "maxspeed": NaN, "length": 102.023, "bridge": NaN, "tunnel": NaN, "access": NaN, "junction": NaN, "width": NaN, "est_width": NaN, "iri": 14.710000038147}}, {"type": "Feature", "geometry": {"type": "LineString", "coordinates": [[-90.1152172, 13.7674817], [-90.1157464, 13.765637]]}, "properties": {"osmid": "387006879", "oneway": "False", "lanes": NaN, "ref": "RD JUT-43", "name": NaN, "highway": "tertiary", "maxspeed": NaN, "length": 212.935, "bridge": NaN, "tunnel": NaN, "access": NaN, "junction": NaN, "width": NaN, "est_width": NaN, "iri": 14.710000038147}}, {"type": "Feature", "geometry": {"type": "LineString", "coordinates": [[-90.1157464, 13.765637], [-90.116211, 13.7638293]]}, "properties": {"osmid": "387006879", "oneway": "False", "lanes": NaN, "ref": "RD JUT-43", "name": NaN, "highway": "tertiary", "maxspeed": NaN, "length": 207.176, "bridge": NaN, "tunnel": NaN, "access": NaN, "junction": NaN, "width": NaN, "est_width": NaN, "iri": 14.710000038147}}, {"type": "Feature", "geometry": {"type": "LineString", "coordinates": [[-90.116211, 13.7638293], [-90.1168284, 13.7623986]]}, "properties": {"osmid": "387006879", "oneway": "False", "lanes": NaN, "ref": "RD JUT-43", "name": NaN, "highway": "tertiary", "maxspeed": NaN, "length": 172.496, "bridge": NaN, "tunnel": NaN, "access": NaN, "junction": NaN, "width": NaN, "est_width": NaN, "iri": 14.710000038147}}, {"type": "Feature", "geometry": {"type": "LineString", "coordinates": [[-90.1168284, 13.7623986], [-90.1179633, 13.7601083]]}, "properties": {"osmid": "387006879", "oneway": "False", "lanes": NaN, "ref": "RD JUT-43", "name": NaN, "highway": "tertiary", "maxspeed": NaN, "length": 282.632, "bridge": NaN, "tunnel": NaN, "access": NaN, "junction": NaN, "width": NaN, "est_width": NaN, "iri": 14.710000038147}}, {"type": "Feature", "geometry": {"type": "LineString", "coordinates": [[-90.1179633, 13.7601083], [-90.1193587, 13.7575198]]}, "properties": {"osmid": "387006879", "oneway": "False", "lanes": NaN, "ref": "RD JUT-43", "name": NaN, "highway": "tertiary", "maxspeed": NaN, "length": 324.898, "bridge": NaN, "tunnel": NaN, "access": NaN, "junction": NaN, "width": NaN, "est_width": NaN, "iri": 14.710000038147}}, {"type": "Feature", "geometry": {"type": "LineString", "coordinates": [[-90.1193587, 13.7575198], [-90.1197467, 13.756446]]}, "properties": {"osmid": "387006879", "oneway": "False", "lanes": NaN, "ref": "RD JUT-43", "name": NaN, "highway": "tertiary", "maxspeed": NaN, "length": 126.542, "bridge": NaN, "tunnel": NaN, "access": NaN, "junction": NaN, "width": NaN, "est_width": NaN, "iri": 14.710000038147}}, {"type": "Feature", "geometry": {"type": "LineString", "coordinates": [[-90.1197467, 13.756446], [-90.1200556, 13.755107]]}, "properties": {"osmid": "387006879", "oneway": "False", "lanes": NaN, "ref": "RD JUT-43", "name": NaN, "highway": "tertiary", "maxspeed": NaN, "length": 152.582, "bridge": NaN, "tunnel": NaN, "access": NaN, "junction": NaN, "width": NaN, "est_width": NaN, "iri": 14.710000038147}}, {"type": "Feature", "geometry": {"type": "LineString", "coordinates": [[-90.1200556, 13.755107], [-90.1208552, 13.7525914]]}, "properties": {"osmid": "387006879", "oneway": "False", "lanes": NaN, "ref": "RD JUT-43", "name": NaN, "highway": "tertiary", "maxspeed": NaN, "length": 292.751, "bridge": NaN, "tunnel": NaN, "access": NaN, "junction": NaN, "width": NaN, "est_width": NaN, "iri": 14.710000038147}}, {"type": "Feature", "geometry": {"type": "LineString", "coordinates": [[-90.1208552, 13.7525914], [-90.1209543, 13.7521697]]}, "properties": {"osmid": "387006879", "oneway": "False", "lanes": NaN, "ref": "RD JUT-43", "name": NaN, "highway": "tertiary", "maxspeed": NaN, "length": 48.097, "bridge": NaN, "tunnel": NaN, "access": NaN, "junction": NaN, "width": NaN, "est_width": NaN, "iri": 14.710000038147}}, {"type": "Feature", "geometry": {"type": "LineString", "coordinates": [[-90.1209543, 13.7521697], [-90.1209807, 13.7518123]]}, "properties": {"osmid": "387006879", "oneway": "False", "lanes": NaN, "ref": "RD JUT-43", "name": NaN, "highway": "tertiary", "maxspeed": NaN, "length": 39.843, "bridge": NaN, "tunnel": NaN, "access": NaN, "junction": NaN, "width": NaN, "est_width": NaN, "iri": 14.710000038147}}, {"type": "Feature", "geometry": {"type": "LineString", "coordinates": [[-90.1209807, 13.7518123], [-90.1210102, 13.7517067]]}, "properties": {"osmid": "387006879", "oneway": "False", "lanes": NaN, "ref": "RD JUT-43", "name": NaN, "highway": "tertiary", "maxspeed": NaN, "length": 12.167, "bridge": NaN, "tunnel": NaN, "access": NaN, "junction": NaN, "width": NaN, "est_width": NaN, "iri": 14.710000038147}}, {"type": "Feature", "geometry": {"type": "LineString", "coordinates": [[-90.1210102, 13.7517067], [-90.1210907, 13.7515527]]}, "properties": {"osmid": "387006879", "oneway": "False", "lanes": NaN, "ref": "RD JUT-43", "name": NaN, "highway": "tertiary", "maxspeed": NaN, "length": 19.205, "bridge": NaN, "tunnel": NaN, "access": NaN, "junction": NaN, "width": NaN, "est_width": NaN, "iri": 14.710000038147}}, {"type": "Feature", "geometry": {"type": "LineString", "coordinates": [[-90.1210907, 13.7515527], [-90.1211663, 13.7514555]]}, "properties": {"osmid": "387006879", "oneway": "False", "lanes": NaN, "ref": "RD JUT-43", "name": NaN, "highway": "tertiary", "maxspeed": NaN, "length": 13.546, "bridge": NaN, "tunnel": NaN, "access": NaN, "junction": NaN, "width": NaN, "est_width": NaN, "iri": 14.710000038147}}, {"type": "Feature", "geometry": {"type": "LineString", "coordinates": [[-90.1211663, 13.7514555], [-90.1213547, 13.7512495]]}, "properties": {"osmid": "387006879", "oneway": "False", "lanes": NaN, "ref": "RD JUT-43", "name": NaN, "highway": "tertiary", "maxspeed": NaN, "length": 30.639, "bridge": NaN, "tunnel": NaN, "access": NaN, "junction": NaN, "width": NaN, "est_width": NaN, "iri": 14.710000038147}}, {"type": "Feature", "geometry": {"type": "LineString", "coordinates": [[-90.1213547, 13.7512495], [-90.1215193, 13.7511081]]}, "properties": {"osmid": "387006879", "oneway": "False", "lanes": NaN, "ref": "RD JUT-43", "name": NaN, "highway": "tertiary", "maxspeed": NaN, "length": 23.733, "bridge": NaN, "tunnel": NaN, "access": NaN, "junction": NaN, "width": NaN, "est_width": NaN, "iri": 14.710000038147}}, {"type": "Feature", "geometry": {"type": "LineString", "coordinates": [[-90.1215193, 13.7511081], [-90.1216039, 13.7510517]]}, "properties": {"osmid": "387006879", "oneway": "False", "lanes": NaN, "ref": "RD JUT-43", "name": NaN, "highway": "tertiary", "maxspeed": NaN, "length": 11.083, "bridge": NaN, "tunnel": NaN, "access": NaN, "junction": NaN, "width": NaN, "est_width": NaN, "iri": 14.710000038147}}, {"type": "Feature", "geometry": {"type": "LineString", "coordinates": [[-90.1216039, 13.7510517], [-90.1216866, 13.751017]]}, "properties": {"osmid": "387006879", "oneway": "False", "lanes": NaN, "ref": "RD JUT-43", "name": NaN, "highway": "tertiary", "maxspeed": NaN, "length": 9.73, "bridge": NaN, "tunnel": NaN, "access": NaN, "junction": NaN, "width": NaN, "est_width": NaN, "iri": 14.710000038147}}, {"type": "Feature", "geometry": {"type": "LineString", "coordinates": [[-90.1216866, 13.751017], [-90.1217607, 13.7510091]]}, "properties": {"osmid": "387006879", "oneway": "False", "lanes": NaN, "ref": "RD JUT-43", "name": NaN, "highway": "tertiary", "maxspeed": NaN, "length": 8.051, "bridge": NaN, "tunnel": NaN, "access": NaN, "junction": NaN, "width": NaN, "est_width": NaN, "iri": 14.710000038147}}, {"type": "Feature", "geometry": {"type": "LineString", "coordinates": [[-90.1217607, 13.7510091], [-90.1218667, 13.7510273]]}, "properties": {"osmid": "387006879", "oneway": "False", "lanes": NaN, "ref": "RD JUT-43", "name": NaN, "highway": "tertiary", "maxspeed": NaN, "length": 11.626, "bridge": NaN, "tunnel": NaN, "access": NaN, "junction": NaN, "width": NaN, "est_width": NaN, "iri": 14.710000038147}}, {"type": "Feature", "geometry": {"type": "LineString", "coordinates": [[-90.1218667, 13.7510273], [-90.1229072, 13.7514503]]}, "properties": {"osmid": "387006879", "oneway": "False", "lanes": NaN, "ref": "RD JUT-43", "name": NaN, "highway": "tertiary", "maxspeed": NaN, "length": 121.828, "bridge": NaN, "tunnel": NaN, "access": NaN, "junction": NaN, "width": NaN, "est_width": NaN, "iri": 14.710000038147}}, {"type": "Feature", "geometry": {"type": "LineString", "coordinates": [[-90.1229072, 13.7514503], [-90.1234216, 13.7516594]]}, "properties": {"osmid": "387006879", "oneway": "False", "lanes": NaN, "ref": "RD JUT-43", "name": NaN, "highway": "tertiary", "maxspeed": NaN, "length": 60.228, "bridge": NaN, "tunnel": NaN, "access": NaN, "junction": NaN, "width": NaN, "est_width": NaN, "iri": 14.710000038147}}, {"type": "Feature", "geometry": {"type": "LineString", "coordinates": [[-90.1234216, 13.7516594], [-90.124745, 13.7522137]]}, "properties": {"osmid": "387006879", "oneway": "False", "lanes": NaN, "ref": "RD JUT-43", "name": NaN, "highway": "tertiary", "maxspeed": NaN, "length": 155.66, "bridge": NaN, "tunnel": NaN, "access": NaN, "junction": NaN, "width": NaN, "est_width": NaN, "iri": 14.710000038147}}, {"type": "Feature", "geometry": {"type": "LineString", "coordinates": [[-90.124745, 13.7522137], [-90.1254089, 13.7525784]]}, "properties": {"osmid": "387006879", "oneway": "False", "lanes": NaN, "ref": "RD JUT-43", "name": NaN, "highway": "tertiary", "maxspeed": NaN, "length": 82.379, "bridge": NaN, "tunnel": NaN, "access": NaN, "junction": NaN, "width": NaN, "est_width": NaN, "iri": 14.710000038147}}, {"type": "Feature", "geometry": {"type": "LineString", "coordinates": [[-90.1254089, 13.7525784], [-90.1260836, 13.75286]]}, "properties": {"osmid": "387006879", "oneway": "False", "lanes": NaN, "ref": "RD JUT-43", "name": NaN, "highway": "tertiary", "maxspeed": NaN, "length": 79.315, "bridge": NaN, "tunnel": NaN, "access": NaN, "junction": NaN, "width": NaN, "est_width": NaN, "iri": 14.710000038147}}, {"type": "Feature", "geometry": {"type": "LineString", "coordinates": [[-90.1260836, 13.75286], [-90.1266334, 13.7530374]]}, "properties": {"osmid": "387006879", "oneway": "False", "lanes": NaN, "ref": "RD JUT-43", "name": NaN, "highway": "tertiary", "maxspeed": NaN, "length": 62.573, "bridge": NaN, "tunnel": NaN, "access": NaN, "junction": NaN, "width": NaN, "est_width": NaN, "iri": 14.710000038147}}, {"type": "Feature", "geometry": {"type": "LineString", "coordinates": [[-90.1266334, 13.7530374], [-90.1271586, 13.7532482]]}, "properties": {"osmid": "387006879", "oneway": "False", "lanes": NaN, "ref": "RD JUT-43", "name": NaN, "highway": "tertiary", "maxspeed": NaN, "length": 61.377, "bridge": NaN, "tunnel": NaN, "access": NaN, "junction": NaN, "width": NaN, "est_width": NaN, "iri": 14.710000038147}}, {"type": "Feature", "geometry": {"type": "LineString", "coordinates": [[-90.1271586, 13.7532482], [-90.1278511, 13.7535677]]}, "properties": {"osmid": "387006879", "oneway": "False", "lanes": NaN, "ref": "RD JUT-43", "name": NaN, "highway": "tertiary", "maxspeed": NaN, "length": 82.803, "bridge": NaN, "tunnel": NaN, "access": NaN, "junction": NaN, "width": NaN, "est_width": NaN, "iri": 14.710000038147}}, {"type": "Feature", "geometry": {"type": "LineString", "coordinates": [[-90.1278511, 13.7535677], [-90.1296124, 13.7542062]]}, "properties": {"osmid": "387006879", "oneway": "False", "lanes": NaN, "ref": "RD JUT-43", "name": NaN, "highway": "tertiary", "maxspeed": NaN, "length": 203.049, "bridge": NaN, "tunnel": NaN, "access": NaN, "junction": NaN, "width": NaN, "est_width": NaN, "iri": 14.710000038147}}, {"type": "Feature", "geometry": {"type": "LineString", "coordinates": [[-90.1296124, 13.7542062], [-90.1323751, 13.7551892]]}, "properties": {"osmid": "387006879", "oneway": "False", "lanes": NaN, "ref": "RD JUT-43", "name": NaN, "highway": "tertiary", "maxspeed": NaN, "length": 317.779, "bridge": NaN, "tunnel": NaN, "access": NaN, "junction": NaN, "width": NaN, "est_width": NaN, "iri": 14.710000038147}}, {"type": "Feature", "geometry": {"type": "LineString", "coordinates": [[-90.1323751, 13.7551892], [-90.1342944, 13.7558064]]}, "properties": {"osmid": "387006879", "oneway": "False", "lanes": NaN, "ref": "RD JUT-43", "name": NaN, "highway": "tertiary", "maxspeed": NaN, "length": 218.361, "bridge": NaN, "tunnel": NaN, "access": NaN, "junction": NaN, "width": NaN, "est_width": NaN, "iri": 14.710000038147}}, {"type": "Feature", "geometry": {"type": "LineString", "coordinates": [[-90.1342944, 13.7558064], [-90.1368361, 13.7568141]]}, "properties": {"osmid": "387006879", "oneway": "False", "lanes": NaN, "ref": "RD JUT-43", "name": NaN, "highway": "tertiary", "maxspeed": NaN, "length": 296.505, "bridge": NaN, "tunnel": NaN, "access": NaN, "junction": NaN, "width": NaN, "est_width": NaN, "iri": 14.710000038147}}, {"type": "Feature", "geometry": {"type": "LineString", "coordinates": [[-90.1368361, 13.7568141], [-90.1397538, 13.7578847]]}, "properties": {"osmid": "387006879", "oneway": "False", "lanes": NaN, "ref": "RD JUT-43", "name": NaN, "highway": "tertiary", "maxspeed": NaN, "length": 336.863, "bridge": NaN, "tunnel": NaN, "access": NaN, "junction": NaN, "width": NaN, "est_width": NaN, "iri": 14.710000038147}}, {"type": "Feature", "geometry": {"type": "LineString", "coordinates": [[-90.1397538, 13.7578847], [-90.1439424, 13.7593962]]}, "properties": {"osmid": "387006879", "oneway": "False", "lanes": NaN, "ref": "RD JUT-43", "name": NaN, "highway": "tertiary", "maxspeed": NaN, "length": 482.6, "bridge": NaN, "tunnel": NaN, "access": NaN, "junction": NaN, "width": NaN, "est_width": NaN, "iri": 14.710000038147}}, {"type": "Feature", "geometry": {"type": "LineString", "coordinates": [[-90.1439424, 13.7593962], [-90.1452522, 13.759963]]}, "properties": {"osmid": "387006879", "oneway": "False", "lanes": NaN, "ref": "RD JUT-43", "name": NaN, "highway": "tertiary", "maxspeed": NaN, "length": 154.868, "bridge": NaN, "tunnel": NaN, "access": NaN, "junction": NaN, "width": NaN, "est_width": NaN, "iri": 14.710000038147}}, {"type": "Feature", "geometry": {"type": "LineString", "coordinates": [[-90.1452522, 13.759963], [-90.1478198, 13.7608447]]}, "properties": {"osmid": "387006879", "oneway": "False", "lanes": NaN, "ref": "RD JUT-43", "name": NaN, "highway": "tertiary", "maxspeed": NaN, "length": 294.131, "bridge": NaN, "tunnel": NaN, "access": NaN, "junction": NaN, "width": NaN, "est_width": NaN, "iri": 14.710000038147}}, {"type": "Feature", "geometry": {"type": "LineString", "coordinates": [[-90.1478198, 13.7608447], [-90.1495575, 13.7614996]]}, "properties": {"osmid": "387006879", "oneway": "False", "lanes": NaN, "ref": "RD JUT-43", "name": NaN, "highway": "tertiary", "maxspeed": NaN, "length": 201.31, "bridge": NaN, "tunnel": NaN, "access": NaN, "junction": NaN, "width": NaN, "est_width": NaN, "iri": 14.710000038147}}, {"type": "Feature", "geometry": {"type": "LineString", "coordinates": [[-90.1495575, 13.7614996], [-90.1503096, 13.7617516]]}, "properties": {"osmid": "387006879", "oneway": "False", "lanes": NaN, "ref": "RD JUT-43", "name": NaN, "highway": "tertiary", "maxspeed": NaN, "length": 85.926, "bridge": NaN, "tunnel": NaN, "access": NaN, "junction": NaN, "width": NaN, "est_width": NaN, "iri": 14.710000038147}}, {"type": "Feature", "geometry": {"type": "LineString", "coordinates": [[-90.1503096, 13.7617516], [-90.1507746, 13.7619115]]}, "properties": {"osmid": "387006879", "oneway": "False", "lanes": NaN, "ref": "RD JUT-43", "name": NaN, "highway": "tertiary", "maxspeed": NaN, "length": 53.276, "bridge": NaN, "tunnel": NaN, "access": NaN, "junction": NaN, "width": NaN, "est_width": NaN, "iri": 14.710000038147}}, {"type": "Feature", "geometry": {"type": "LineString", "coordinates": [[-90.1507746, 13.7619115], [-90.1513258, 13.7622264]]}, "properties": {"osmid": "387006879", "oneway": "False", "lanes": NaN, "ref": "RD JUT-43", "name": NaN, "highway": "tertiary", "maxspeed": NaN, "length": 69.065, "bridge": NaN, "tunnel": NaN, "access": NaN, "junction": NaN, "width": NaN, "est_width": NaN, "iri": 14.710000038147}}, {"type": "Feature", "geometry": {"type": "LineString", "coordinates": [[-90.1513258, 13.7622264], [-90.1517861, 13.7623901]]}, "properties": {"osmid": "387006879", "oneway": "False", "lanes": NaN, "ref": "RD JUT-43", "name": NaN, "highway": "tertiary", "maxspeed": NaN, "length": 52.941, "bridge": NaN, "tunnel": NaN, "access": NaN, "junction": NaN, "width": NaN, "est_width": NaN, "iri": 14.710000038147}}, {"type": "Feature", "geometry": {"type": "LineString", "coordinates": [[-90.1517861, 13.7623901], [-90.1524799, 13.7625287]]}, "properties": {"osmid": "387006879", "oneway": "False", "lanes": NaN, "ref": "RD JUT-43", "name": NaN, "highway": "tertiary", "maxspeed": NaN, "length": 76.501, "bridge": NaN, "tunnel": NaN, "access": NaN, "junction": NaN, "width": NaN, "est_width": NaN, "iri": 14.710000038147}}, {"type": "Feature", "geometry": {"type": "LineString", "coordinates": [[-90.1524799, 13.7625287], [-90.1531413, 13.7627743]]}, "properties": {"osmid": "387006879", "oneway": "False", "lanes": NaN, "ref": "RD JUT-43", "name": NaN, "highway": "tertiary", "maxspeed": NaN, "length": 76.475, "bridge": NaN, "tunnel": NaN, "access": NaN, "junction": NaN, "width": NaN, "est_width": NaN, "iri": 14.710000038147}}, {"type": "Feature", "geometry": {"type": "LineString", "coordinates": [[-90.1531413, 13.7627743], [-90.1548595, 13.7636056]]}, "properties": {"osmid": "387006879", "oneway": "False", "lanes": NaN, "ref": "RD JUT-43", "name": NaN, "highway": "tertiary", "maxspeed": NaN, "length": 207.318, "bridge": NaN, "tunnel": NaN, "access": NaN, "junction": NaN, "width": NaN, "est_width": NaN, "iri": 14.710000038147}}, {"type": "Feature", "geometry": {"type": "LineString", "coordinates": [[-90.1548595, 13.7636056], [-90.1562276, 13.7642039]]}, "properties": {"osmid": "387006879", "oneway": "False", "lanes": NaN, "ref": "RD JUT-43", "name": NaN, "highway": "tertiary", "maxspeed": NaN, "length": 162.044, "bridge": NaN, "tunnel": NaN, "access": NaN, "junction": NaN, "width": NaN, "est_width": NaN, "iri": 14.710000038147}}, {"type": "Feature", "geometry": {"type": "LineString", "coordinates": [[-90.1562276, 13.7642039], [-90.1571548, 13.7645376]]}, "properties": {"osmid": "387006879", "oneway": "False", "lanes": NaN, "ref": "RD JUT-43", "name": NaN, "highway": "tertiary", "maxspeed": NaN, "length": 106.793, "bridge": NaN, "tunnel": NaN, "access": NaN, "junction": NaN, "width": NaN, "est_width": NaN, "iri": 14.710000038147}}, {"type": "Feature", "geometry": {"type": "LineString", "coordinates": [[-90.1571548, 13.7645376], [-90.1582181, 13.7647833]]}, "properties": {"osmid": "387006879", "oneway": "False", "lanes": NaN, "ref": "RD JUT-43", "name": NaN, "highway": "tertiary", "maxspeed": NaN, "length": 118.043, "bridge": NaN, "tunnel": NaN, "access": NaN, "junction": NaN, "width": NaN, "est_width": NaN, "iri": 14.710000038147}}, {"type": "Feature", "geometry": {"type": "LineString", "coordinates": [[-90.1582181, 13.7647833], [-90.1585942, 13.7647958]]}, "properties": {"osmid": "387006879", "oneway": "False", "lanes": NaN, "ref": "RD JUT-43", "name": NaN, "highway": "tertiary", "maxspeed": NaN, "length": 40.643, "bridge": NaN, "tunnel": NaN, "access": NaN, "junction": NaN, "width": NaN, "est_width": NaN, "iri": 14.710000038147}}, {"type": "Feature", "geometry": {"type": "LineString", "coordinates": [[-90.1585942, 13.7647958], [-90.1591713, 13.7649029]]}, "properties": {"osmid": "387006879", "oneway": "False", "lanes": NaN, "ref": "RD JUT-43", "name": NaN, "highway": "tertiary", "maxspeed": NaN, "length": 63.455, "bridge": NaN, "tunnel": NaN, "access": NaN, "junction": NaN, "width": NaN, "est_width": NaN, "iri": 14.710000038147}}, {"type": "Feature", "geometry": {"type": "LineString", "coordinates": [[-90.1591713, 13.7649029], [-90.1603124, 13.7652934]]}, "properties": {"osmid": "387006879", "oneway": "False", "lanes": NaN, "ref": "RD JUT-43", "name": NaN, "highway": "tertiary", "maxspeed": NaN, "length": 130.666, "bridge": NaN, "tunnel": NaN, "access": NaN, "junction": NaN, "width": NaN, "est_width": NaN, "iri": 14.710000038147}}, {"type": "Feature", "geometry": {"type": "LineString", "coordinates": [[-90.1603124, 13.7652934], [-90.1611618, 13.7654256]]}, "properties": {"osmid": "387006879", "oneway": "False", "lanes": NaN, "ref": "RD JUT-43", "name": NaN, "highway": "tertiary", "maxspeed": NaN, "length": 92.907, "bridge": NaN, "tunnel": NaN, "access": NaN, "junction": NaN, "width": NaN, "est_width": NaN, "iri": 14.710000038147}}, {"type": "Feature", "geometry": {"type": "LineString", "coordinates": [[-90.1611618, 13.7654256], [-90.1616546, 13.7653941]]}, "properties": {"osmid": "387006879", "oneway": "False", "lanes": NaN, "ref": "RD JUT-43", "name": NaN, "highway": "tertiary", "maxspeed": NaN, "length": 53.338, "bridge": NaN, "tunnel": NaN, "access": NaN, "junction": NaN, "width": NaN, "est_width": NaN, "iri": 14.710000038147}}, {"type": "Feature", "geometry": {"type": "LineString", "coordinates": [[-90.1616546, 13.7653941], [-90.1622446, 13.7652304]]}, "properties": {"osmid": "387006879", "oneway": "False", "lanes": NaN, "ref": "RD JUT-43", "name": NaN, "highway": "tertiary", "maxspeed": NaN, "length": 66.27, "bridge": NaN, "tunnel": NaN, "access": NaN, "junction": NaN, "width": NaN, "est_width": NaN, "iri": 14.710000038147}}, {"type": "Feature", "geometry": {"type": "LineString", "coordinates": [[-90.1622446, 13.7652304], [-90.163321, 13.7649029]]}, "properties": {"osmid": "387006879", "oneway": "False", "lanes": NaN, "ref": "RD JUT-43", "name": NaN, "highway": "tertiary", "maxspeed": NaN, "length": 121.823, "bridge": NaN, "tunnel": NaN, "access": NaN, "junction": NaN, "width": NaN, "est_width": NaN, "iri": 14.710000038147}}, {"type": "Feature", "geometry": {"type": "LineString", "coordinates": [[-90.163321, 13.7649029], [-90.1639629, 13.7647329]]}, "properties": {"osmid": "387006879", "oneway": "False", "lanes": NaN, "ref": "RD JUT-43", "name": NaN, "highway": "tertiary", "maxspeed": NaN, "length": 71.857, "bridge": NaN, "tunnel": NaN, "access": NaN, "junction": NaN, "width": NaN, "est_width": NaN, "iri": 14.710000038147}}, {"type": "Feature", "geometry": {"type": "LineString", "coordinates": [[-90.1639629, 13.7647329], [-90.1660053, 13.7643928]]}, "properties": {"osmid": "387006879", "oneway": "False", "lanes": NaN, "ref": "RD JUT-43", "name": NaN, "highway": "tertiary", "maxspeed": NaN, "length": 223.801, "bridge": NaN, "tunnel": NaN, "access": NaN, "junction": NaN, "width": NaN, "est_width": NaN, "iri": 14.710000038147}}, {"type": "Feature", "geometry": {"type": "LineString", "coordinates": [[-90.1660053, 13.7643928], [-90.1661468, 13.7643651]]}, "properties": {"osmid": "387006879", "oneway": "False", "lanes": NaN, "ref": "RD JUT-43", "name": NaN, "highway": "tertiary", "maxspeed": NaN, "length": 15.59, "bridge": NaN, "tunnel": NaN, "access": NaN, "junction": NaN, "width": NaN, "est_width": NaN, "iri": 14.710000038147}}, {"type": "Feature", "geometry": {"type": "LineString", "coordinates": [[-90.1661468, 13.7643651], [-90.1662882, 13.7643531]]}, "properties": {"osmid": "387006879", "oneway": "False", "lanes": NaN, "ref": "RD JUT-43", "name": NaN, "highway": "tertiary", "maxspeed": NaN, "length": 15.33, "bridge": NaN, "tunnel": NaN, "access": NaN, "junction": NaN, "width": NaN, "est_width": NaN, "iri": 14.710000038147}}, {"type": "Feature", "geometry": {"type": "LineString", "coordinates": [[-90.1662882, 13.7643531], [-90.1664359, 13.7643562]]}, "properties": {"osmid": "387006879", "oneway": "False", "lanes": NaN, "ref": "RD JUT-43", "name": NaN, "highway": "tertiary", "maxspeed": NaN, "length": 15.956, "bridge": NaN, "tunnel": NaN, "access": NaN, "junction": NaN, "width": NaN, "est_width": NaN, "iri": 14.710000038147}}, {"type": "Feature", "geometry": {"type": "LineString", "coordinates": [[-90.1664359, 13.7643562], [-90.1665889, 13.7643802]]}, "properties": {"osmid": "387006879", "oneway": "False", "lanes": NaN, "ref": "RD JUT-43", "name": NaN, "highway": "tertiary", "maxspeed": NaN, "length": 16.738, "bridge": NaN, "tunnel": NaN, "access": NaN, "junction": NaN, "width": NaN, "est_width": NaN, "iri": 14.710000038147}}, {"type": "Feature", "geometry": {"type": "LineString", "coordinates": [[-90.1665889, 13.7643802], [-90.1692408, 13.7651863]]}, "properties": {"osmid": "387006879", "oneway": "False", "lanes": NaN, "ref": "RD JUT-43", "name": NaN, "highway": "tertiary", "maxspeed": NaN, "length": 300.108, "bridge": NaN, "tunnel": NaN, "access": NaN, "junction": NaN, "width": NaN, "est_width": NaN, "iri": 14.710000038147}}, {"type": "Feature", "geometry": {"type": "LineString", "coordinates": [[-90.1692408, 13.7651863], [-90.1707061, 13.7654256]]}, "properties": {"osmid": "387006879", "oneway": "False", "lanes": NaN, "ref": "RD JUT-43", "name": NaN, "highway": "tertiary", "maxspeed": NaN, "length": 160.476, "bridge": NaN, "tunnel": NaN, "access": NaN, "junction": NaN, "width": NaN, "est_width": NaN, "iri": 14.710000038147}}, {"type": "Feature", "geometry": {"type": "LineString", "coordinates": [[-90.1707061, 13.7654256], [-90.1721391, 13.765835]]}, "properties": {"osmid": "387006879", "oneway": "False", "lanes": NaN, "ref": "RD JUT-43", "name": NaN, "highway": "tertiary", "maxspeed": NaN, "length": 161.322, "bridge": NaN, "tunnel": NaN, "access": NaN, "junction": NaN, "width": NaN, "est_width": NaN, "iri": 14.710000038147}}, {"type": "Feature", "geometry": {"type": "LineString", "coordinates": [[-90.1721391, 13.765835], [-90.1726707, 13.7659609]]}, "properties": {"osmid": "387006879", "oneway": "False", "lanes": NaN, "ref": "RD JUT-43", "name": NaN, "highway": "tertiary", "maxspeed": NaN, "length": 59.096, "bridge": NaN, "tunnel": NaN, "access": NaN, "junction": NaN, "width": NaN, "est_width": NaN, "iri": 14.710000038147}}, {"type": "Feature", "geometry": {"type": "LineString", "coordinates": [[-90.1726707, 13.7659609], [-90.1736563, 13.766005]]}, "properties": {"osmid": "387006879", "oneway": "False", "lanes": NaN, "ref": "RD JUT-43", "name": NaN, "highway": "tertiary", "maxspeed": NaN, "length": 106.559, "bridge": NaN, "tunnel": NaN, "access": NaN, "junction": NaN, "width": NaN, "est_width": NaN, "iri": 14.710000038147}}, {"type": "Feature", "geometry": {"type": "LineString", "coordinates": [[-90.1736563, 13.766005], [-90.1740453, 13.7660176]]}, "properties": {"osmid": "387006879", "oneway": "False", "lanes": NaN, "ref": "RD JUT-43", "name": NaN, "highway": "tertiary", "maxspeed": NaN, "length": 42.036, "bridge": NaN, "tunnel": NaN, "access": NaN, "junction": NaN, "width": NaN, "est_width": NaN, "iri": 14.710000038147}}, {"type": "Feature", "geometry": {"type": "LineString", "coordinates": [[-90.1740453, 13.7660176], [-90.1752708, 13.7662506]]}, "properties": {"osmid": "387006879", "oneway": "False", "lanes": NaN, "ref": "RD JUT-43", "name": NaN, "highway": "tertiary", "maxspeed": NaN, "length": 134.867, "bridge": NaN, "tunnel": NaN, "access": NaN, "junction": NaN, "width": NaN, "est_width": NaN, "iri": 14.710000038147}}, {"type": "Feature", "geometry": {"type": "LineString", "coordinates": [[-90.1752708, 13.7662506], [-90.1763212, 13.7665277]]}, "properties": {"osmid": "387006879", "oneway": "False", "lanes": NaN, "ref": "RD JUT-43", "name": NaN, "highway": "tertiary", "maxspeed": NaN, "length": 117.554, "bridge": NaN, "tunnel": NaN, "access": NaN, "junction": NaN, "width": NaN, "est_width": NaN, "iri": 14.710000038147}}, {"type": "Feature", "geometry": {"type": "LineString", "coordinates": [[-90.1763212, 13.7665277], [-90.1774753, 13.7670063]]}, "properties": {"osmid": "387006879", "oneway": "False", "lanes": NaN, "ref": "RD JUT-43", "name": NaN, "highway": "tertiary", "maxspeed": NaN, "length": 135.529, "bridge": NaN, "tunnel": NaN, "access": NaN, "junction": NaN, "width": NaN, "est_width": NaN, "iri": 14.710000038147}}, {"type": "Feature", "geometry": {"type": "LineString", "coordinates": [[-90.1774753, 13.7670063], [-90.1785776, 13.7673653]]}, "properties": {"osmid": "387006879", "oneway": "False", "lanes": NaN, "ref": "RD JUT-43", "name": NaN, "highway": "tertiary", "maxspeed": NaN, "length": 125.563, "bridge": NaN, "tunnel": NaN, "access": NaN, "junction": NaN, "width": NaN, "est_width": NaN, "iri": 14.710000038147}}, {"type": "Feature", "geometry": {"type": "LineString", "coordinates": [[-90.1785776, 13.7673653], [-90.1796344, 13.7677809]]}, "properties": {"osmid": "387006879", "oneway": "False", "lanes": NaN, "ref": "RD JUT-43", "name": NaN, "highway": "tertiary", "maxspeed": NaN, "length": 123.136, "bridge": NaN, "tunnel": NaN, "access": NaN, "junction": NaN, "width": NaN, "est_width": NaN, "iri": 14.710000038147}}, {"type": "Feature", "geometry": {"type": "LineString", "coordinates": [[-90.1796344, 13.7677809], [-90.1803347, 13.7681525]]}, "properties": {"osmid": "387006879", "oneway": "False", "lanes": NaN, "ref": "RD JUT-43", "name": NaN, "highway": "tertiary", "maxspeed": NaN, "length": 86.184, "bridge": NaN, "tunnel": NaN, "access": NaN, "junction": NaN, "width": NaN, "est_width": NaN, "iri": 14.710000038147}}, {"type": "Feature", "geometry": {"type": "LineString", "coordinates": [[-90.1803347, 13.7681525], [-90.1814953, 13.7691412]]}, "properties": {"osmid": "387006879", "oneway": "False", "lanes": NaN, "ref": "RD JUT-43", "name": NaN, "highway": "tertiary", "maxspeed": NaN, "length": 166.727, "bridge": NaN, "tunnel": NaN, "access": NaN, "junction": NaN, "width": NaN, "est_width": NaN, "iri": 14.710000038147}}, {"type": "Feature", "geometry": {"type": "LineString", "coordinates": [[-90.1814953, 13.7691412], [-90.1817241, 13.7693478]]}, "properties": {"osmid": "387006879", "oneway": "False", "lanes": NaN, "ref": "RD JUT-43", "name": NaN, "highway": "tertiary", "maxspeed": NaN, "length": 33.739, "bridge": NaN, "tunnel": NaN, "access": NaN, "junction": NaN, "width": NaN, "est_width": NaN, "iri": 14.710000038147}}, {"type": "Feature", "geometry": {"type": "LineString", "coordinates": [[-90.1817241, 13.7693478], [-90.1826041, 13.7701425]]}, "properties": {"osmid": "387006879", "oneway": "False", "lanes": NaN, "ref": "RD JUT-43", "name": NaN, "highway": "tertiary", "maxspeed": NaN, "length": 129.774, "bridge": NaN, "tunnel": NaN, "access": NaN, "junction": NaN, "width": NaN, "est_width": NaN, "iri": 14.710000038147}}, {"type": "Feature", "geometry": {"type": "LineString", "coordinates": [[-90.1826041, 13.7701425], [-90.1830166, 13.7705167]]}, "properties": {"osmid": "387006879", "oneway": "False", "lanes": NaN, "ref": "RD JUT-43", "name": NaN, "highway": "tertiary", "maxspeed": NaN, "length": 60.959, "bridge": NaN, "tunnel": NaN, "access": NaN, "junction": NaN, "width": NaN, "est_width": NaN, "iri": 14.710000038147}}, {"type": "Feature", "geometry": {"type": "LineString", "coordinates": [[-90.1830166, 13.7705167], [-90.1831549, 13.7706245]]}, "properties": {"osmid": "387006879", "oneway": "False", "lanes": NaN, "ref": "RD JUT-43", "name": NaN, "highway": "tertiary", "maxspeed": NaN, "length": 19.151, "bridge": NaN, "tunnel": NaN, "access": NaN, "junction": NaN, "width": NaN, "est_width": NaN, "iri": 14.710000038147}}, {"type": "Feature", "geometry": {"type": "LineString", "coordinates": [[-90.1831549, 13.7706245], [-90.1833409, 13.7707496]]}, "properties": {"osmid": "387006879", "oneway": "False", "lanes": NaN, "ref": "RD JUT-43", "name": NaN, "highway": "tertiary", "maxspeed": NaN, "length": 24.434, "bridge": NaN, "tunnel": NaN, "access": NaN, "junction": NaN, "width": NaN, "est_width": NaN, "iri": 14.710000038147}}, {"type": "Feature", "geometry": {"type": "LineString", "coordinates": [[-90.1833409, 13.7707496], [-90.1839059, 13.771094]]}, "properties": {"osmid": "387006879", "oneway": "False", "lanes": NaN, "ref": "RD JUT-43", "name": NaN, "highway": "tertiary", "maxspeed": NaN, "length": 72.041, "bridge": NaN, "tunnel": NaN, "access": NaN, "junction": NaN, "width": NaN, "est_width": NaN, "iri": 14.710000038147}}, {"type": "Feature", "geometry": {"type": "LineString", "coordinates": [[-90.1839059, 13.771094], [-90.1840149, 13.771138]]}, "properties": {"osmid": "387006879", "oneway": "False", "lanes": NaN, "ref": "RD JUT-43", "name": NaN, "highway": "tertiary", "maxspeed": NaN, "length": 12.748, "bridge": NaN, "tunnel": NaN, "access": NaN, "junction": NaN, "width": NaN, "est_width": NaN, "iri": 14.710000038147}}, {"type": "Feature", "geometry": {"type": "LineString", "coordinates": [[-90.1840149, 13.771138], [-90.1849067, 13.771481]]}, "properties": {"osmid": "387006879", "oneway": "False", "lanes": NaN, "ref": "RD JUT-43", "name": NaN, "highway": "tertiary", "maxspeed": NaN, "length": 103.59, "bridge": NaN, "tunnel": NaN, "access": NaN, "junction": NaN, "width": NaN, "est_width": NaN, "iri": 14.710000038147}}, {"type": "Feature", "geometry": {"type": "LineString", "coordinates": [[-90.1849067, 13.771481], [-90.1849577, 13.7714965]]}, "properties": {"osmid": "387006879", "oneway": "False", "lanes": NaN, "ref": "RD JUT-43", "name": NaN, "highway": "tertiary", "maxspeed": NaN, "length": 5.771, "bridge": NaN, "tunnel": NaN, "access": NaN, "junction": NaN, "width": NaN, "est_width": NaN, "iri": 14.710000038147}}, {"type": "Feature", "geometry": {"type": "LineString", "coordinates": [[-90.1849577, 13.7714965], [-90.1849989, 13.7715032]]}, "properties": {"osmid": "387006879", "oneway": "False", "lanes": NaN, "ref": "RD JUT-43", "name": NaN, "highway": "tertiary", "maxspeed": NaN, "length": 4.511, "bridge": NaN, "tunnel": NaN, "access": NaN, "junction": NaN, "width": NaN, "est_width": NaN, "iri": 14.710000038147}}, {"type": "Feature", "geometry": {"type": "LineString", "coordinates": [[-90.1849989, 13.7715032], [-90.1850419, 13.7715017]]}, "properties": {"osmid": "387006879", "oneway": "False", "lanes": NaN, "ref": "RD JUT-43", "name": NaN, "highway": "tertiary", "maxspeed": NaN, "length": 4.647, "bridge": NaN, "tunnel": NaN, "access": NaN, "junction": NaN, "width": NaN, "est_width": NaN, "iri": 14.710000038147}}, {"type": "Feature", "geometry": {"type": "LineString", "coordinates": [[-90.1850419, 13.7715017], [-90.1850835, 13.7714969]]}, "properties": {"osmid": "387006879", "oneway": "False", "lanes": NaN, "ref": "RD JUT-43", "name": NaN, "highway": "tertiary", "maxspeed": NaN, "length": 4.524, "bridge": NaN, "tunnel": NaN, "access": NaN, "junction": NaN, "width": NaN, "est_width": NaN, "iri": 14.710000038147}}, {"type": "Feature", "geometry": {"type": "LineString", "coordinates": [[-90.1850835, 13.7714969], [-90.1851302, 13.7714871]]}, "properties": {"osmid": "387006879", "oneway": "False", "lanes": NaN, "ref": "RD JUT-43", "name": NaN, "highway": "tertiary", "maxspeed": NaN, "length": 5.16, "bridge": NaN, "tunnel": NaN, "access": NaN, "junction": NaN, "width": NaN, "est_width": NaN, "iri": 14.710000038147}}, {"type": "Feature", "geometry": {"type": "LineString", "coordinates": [[-90.1851302, 13.7714871], [-90.1852856, 13.7714362]]}, "properties": {"osmid": "387006879", "oneway": "False", "lanes": NaN, "ref": "RD JUT-43", "name": NaN, "highway": "tertiary", "maxspeed": NaN, "length": 17.712, "bridge": NaN, "tunnel": NaN, "access": NaN, "junction": NaN, "width": NaN, "est_width": NaN, "iri": 14.710000038147}}, {"type": "Feature", "geometry": {"type": "LineString", "coordinates": [[-90.1852856, 13.7714362], [-90.1853312, 13.7714093]]}, "properties": {"osmid": "387006879", "oneway": "False", "lanes": NaN, "ref": "RD JUT-43", "name": NaN, "highway": "tertiary", "maxspeed": NaN, "length": 5.762, "bridge": NaN, "tunnel": NaN, "access": NaN, "junction": NaN, "width": NaN, "est_width": NaN, "iri": 14.710000038147}}, {"type": "Feature", "geometry": {"type": "LineString", "coordinates": [[-90.1853312, 13.7714093], [-90.1853833, 13.7713638]]}, "properties": {"osmid": "387006879", "oneway": "False", "lanes": NaN, "ref": "RD JUT-43", "name": NaN, "highway": "tertiary", "maxspeed": NaN, "length": 7.567, "bridge": NaN, "tunnel": NaN, "access": NaN, "junction": NaN, "width": NaN, "est_width": NaN, "iri": 14.710000038147}}, {"type": "Feature", "geometry": {"type": "LineString", "coordinates": [[-90.1853833, 13.7713638], [-90.185432, 13.7712975]]}, "properties": {"osmid": "387006879", "oneway": "False", "lanes": NaN, "ref": "RD JUT-43", "name": NaN, "highway": "tertiary", "maxspeed": NaN, "length": 9.056, "bridge": NaN, "tunnel": NaN, "access": NaN, "junction": NaN, "width": NaN, "est_width": NaN, "iri": 14.710000038147}}, {"type": "Feature", "geometry": {"type": "LineString", "coordinates": [[-90.185432, 13.7712975], [-90.1854695, 13.7712355]]}, "properties": {"osmid": "387006879", "oneway": "False", "lanes": NaN, "ref": "RD JUT-43", "name": NaN, "highway": "tertiary", "maxspeed": NaN, "length": 7.996, "bridge": NaN, "tunnel": NaN, "access": NaN, "junction": NaN, "width": NaN, "est_width": NaN, "iri": 14.710000038147}}, {"type": "Feature", "geometry": {"type": "LineString", "coordinates": [[-90.1854695, 13.7712355], [-90.1855941, 13.7709866]]}, "properties": {"osmid": "387006879", "oneway": "False", "lanes": NaN, "ref": "RD JUT-43", "name": NaN, "highway": "tertiary", "maxspeed": NaN, "length": 30.774, "bridge": NaN, "tunnel": NaN, "access": NaN, "junction": NaN, "width": NaN, "est_width": NaN, "iri": 14.710000038147}}, {"type": "Feature", "geometry": {"type": "LineString", "coordinates": [[-90.1855941, 13.7709866], [-90.1856116, 13.7709487]]}, "properties": {"osmid": "387006879", "oneway": "False", "lanes": NaN, "ref": "RD JUT-43", "name": NaN, "highway": "tertiary", "maxspeed": NaN, "length": 4.619, "bridge": NaN, "tunnel": NaN, "access": NaN, "junction": NaN, "width": NaN, "est_width": NaN, "iri": 14.710000038147}}, {"type": "Feature", "geometry": {"type": "LineString", "coordinates": [[-90.1856116, 13.7709487], [-90.1856211, 13.7708974]]}, "properties": {"osmid": "387006879", "oneway": "False", "lanes": NaN, "ref": "RD JUT-43", "name": NaN, "highway": "tertiary", "maxspeed": NaN, "length": 5.796, "bridge": NaN, "tunnel": NaN, "access": NaN, "junction": NaN, "width": NaN, "est_width": NaN, "iri": 14.710000038147}}, {"type": "Feature", "geometry": {"type": "LineString", "coordinates": [[-90.1856211, 13.7708974], [-90.1856245, 13.7708116]]}, "properties": {"osmid": "387006879", "oneway": "False", "lanes": NaN, "ref": "RD JUT-43", "name": NaN, "highway": "tertiary", "maxspeed": NaN, "length": 9.548, "bridge": NaN, "tunnel": NaN, "access": NaN, "junction": NaN, "width": NaN, "est_width": NaN, "iri": 14.710000038147}}]}