{"type": "FeatureCollection", "features": [{"type": "Feature", "geometry": {"type": "LineString", "coordinates": [[-91.1822147, 15.1135403], [-91.1813503, 15.1128868]]}, "properties": {"osmid": "389814725", "oneway": "False", "lanes": "2", "ref": "RD HUE-15", "name": NaN, "highway": "primary", "maxspeed": NaN, "length": 117.859, "bridge": NaN, "tunnel": NaN, "access": NaN, "junction": NaN, "width": NaN, "est_width": NaN, "iri": 12.1599998474121}}, {"type": "Feature", "geometry": {"type": "LineString", "coordinates": [[-91.1813503, 15.1128868], [-91.1805816, 15.1123537]]}, "properties": {"osmid": "389814725", "oneway": "False", "lanes": "2", "ref": "RD HUE-15", "name": NaN, "highway": "primary", "maxspeed": NaN, "length": 101.604, "bridge": NaN, "tunnel": NaN, "access": NaN, "junction": NaN, "width": NaN, "est_width": NaN, "iri": 12.1599998474121}}, {"type": "Feature", "geometry": {"type": "LineString", "coordinates": [[-91.1805816, 15.1123537], [-91.1797545, 15.1117776]]}, "properties": {"osmid": "389814725", "oneway": "False", "lanes": "2", "ref": "RD HUE-15", "name": NaN, "highway": "primary", "maxspeed": NaN, "length": 109.486, "bridge": NaN, "tunnel": NaN, "access": NaN, "junction": NaN, "width": NaN, "est_width": NaN, "iri": 12.1599998474121}}, {"type": "Feature", "geometry": {"type": "LineString", "coordinates": [[-91.1797545, 15.1117776], [-91.1789662, 15.1112339]]}, "properties": {"osmid": "389814725", "oneway": "False", "lanes": "2", "ref": "RD HUE-15", "name": NaN, "highway": "primary", "maxspeed": NaN, "length": 104.001, "bridge": NaN, "tunnel": NaN, "access": NaN, "junction": NaN, "width": NaN, "est_width": NaN, "iri": 12.1599998474121}}, {"type": "Feature", "geometry": {"type": "LineString", "coordinates": [[-91.1789662, 15.1112339], [-91.1787316, 15.1110778]]}, "properties": {"osmid": "389814725", "oneway": "False", "lanes": "2", "ref": "RD HUE-15", "name": NaN, "highway": "primary", "maxspeed": NaN, "length": 30.587, "bridge": NaN, "tunnel": NaN, "access": NaN, "junction": NaN, "width": NaN, "est_width": NaN, "iri": 12.1599998474121}}, {"type": "Feature", "geometry": {"type": "LineString", "coordinates": [[-91.1787316, 15.1110778], [-91.1785331, 15.1109484]]}, "properties": {"osmid": "389814725", "oneway": "False", "lanes": "2", "ref": "RD HUE-15", "name": NaN, "highway": "primary", "maxspeed": NaN, "length": 25.712, "bridge": NaN, "tunnel": NaN, "access": NaN, "junction": NaN, "width": NaN, "est_width": NaN, "iri": 12.1599998474121}}, {"type": "Feature", "geometry": {"type": "LineString", "coordinates": [[-91.1785331, 15.1109484], [-91.1782649, 15.1108241]]}, "properties": {"osmid": "389814725", "oneway": "False", "lanes": "2", "ref": "RD HUE-15", "name": NaN, "highway": "primary", "maxspeed": NaN, "length": 31.937, "bridge": NaN, "tunnel": NaN, "access": NaN, "junction": NaN, "width": NaN, "est_width": NaN, "iri": 12.1599998474121}}, {"type": "Feature", "geometry": {"type": "LineString", "coordinates": [[-91.1782649, 15.1108241], [-91.1781194, 15.1107618]]}, "properties": {"osmid": "389814725", "oneway": "False", "lanes": "2", "ref": "RD HUE-15", "name": NaN, "highway": "primary", "maxspeed": NaN, "length": 17.087, "bridge": NaN, "tunnel": NaN, "access": NaN, "junction": NaN, "width": NaN, "est_width": NaN, "iri": 12.1599998474121}}, {"type": "Feature", "geometry": {"type": "LineString", "coordinates": [[-91.1781194, 15.1107618], [-91.1776468, 15.1105606]]}, "properties": {"osmid": "389814725", "oneway": "False", "lanes": "2", "ref": "RD HUE-15", "name": NaN, "highway": "primary", "maxspeed": NaN, "length": 55.448, "bridge": NaN, "tunnel": NaN, "access": NaN, "junction": NaN, "width": NaN, "est_width": NaN, "iri": 12.1599998474121}}, {"type": "Feature", "geometry": {"type": "LineString", "coordinates": [[-91.1776468, 15.1105606], [-91.1774147, 15.1104357]]}, "properties": {"osmid": "389814725", "oneway": "False", "lanes": "2", "ref": "RD HUE-15", "name": NaN, "highway": "primary", "maxspeed": NaN, "length": 28.525, "bridge": NaN, "tunnel": NaN, "access": NaN, "junction": NaN, "width": NaN, "est_width": NaN, "iri": 12.1599998474121}}, {"type": "Feature", "geometry": {"type": "LineString", "coordinates": [[-91.1774147, 15.1104357], [-91.1771769, 15.1102806]]}, "properties": {"osmid": "389814725", "oneway": "False", "lanes": "2", "ref": "RD HUE-15", "name": NaN, "highway": "primary", "maxspeed": NaN, "length": 30.808, "bridge": NaN, "tunnel": NaN, "access": NaN, "junction": NaN, "width": NaN, "est_width": NaN, "iri": 12.1599998474121}}, {"type": "Feature", "geometry": {"type": "LineString", "coordinates": [[-91.1771769, 15.1102806], [-91.1767837, 15.1099219]]}, "properties": {"osmid": "389814725", "oneway": "False", "lanes": "2", "ref": "RD HUE-15", "name": NaN, "highway": "primary", "maxspeed": NaN, "length": 58.074, "bridge": NaN, "tunnel": NaN, "access": NaN, "junction": NaN, "width": NaN, "est_width": NaN, "iri": 12.1599998474121}}, {"type": "Feature", "geometry": {"type": "LineString", "coordinates": [[-91.1767837, 15.1099219], [-91.1764115, 15.109506]]}, "properties": {"osmid": "389814725", "oneway": "False", "lanes": "2", "ref": "RD HUE-15", "name": NaN, "highway": "primary", "maxspeed": NaN, "length": 61.116, "bridge": NaN, "tunnel": NaN, "access": NaN, "junction": NaN, "width": NaN, "est_width": NaN, "iri": 12.1599998474121}}, {"type": "Feature", "geometry": {"type": "LineString", "coordinates": [[-91.1764115, 15.109506], [-91.1757651, 15.1086981]]}, "properties": {"osmid": "389814725", "oneway": "False", "lanes": "2", "ref": "RD HUE-15", "name": NaN, "highway": "primary", "maxspeed": NaN, "length": 113.514, "bridge": NaN, "tunnel": NaN, "access": NaN, "junction": NaN, "width": NaN, "est_width": NaN, "iri": 12.1599998474121}}, {"type": "Feature", "geometry": {"type": "LineString", "coordinates": [[-91.1757651, 15.1086981], [-91.1750409, 15.107828]]}, "properties": {"osmid": "389814725", "oneway": "False", "lanes": "2", "ref": "RD HUE-15", "name": NaN, "highway": "primary", "maxspeed": NaN, "length": 124.116, "bridge": NaN, "tunnel": NaN, "access": NaN, "junction": NaN, "width": NaN, "est_width": NaN, "iri": 12.1599998474121}}, {"type": "Feature", "geometry": {"type": "LineString", "coordinates": [[-91.1750409, 15.107828], [-91.1748773, 15.1076804]]}, "properties": {"osmid": "389814725", "oneway": "False", "lanes": "2", "ref": "RD HUE-15", "name": NaN, "highway": "primary", "maxspeed": NaN, "length": 24.038, "bridge": NaN, "tunnel": NaN, "access": NaN, "junction": NaN, "width": NaN, "est_width": NaN, "iri": 12.1599998474121}}, {"type": "Feature", "geometry": {"type": "LineString", "coordinates": [[-91.1748773, 15.1076804], [-91.1746788, 15.1075018]]}, "properties": {"osmid": "389814725", "oneway": "False", "lanes": "2", "ref": "RD HUE-15", "name": NaN, "highway": "primary", "maxspeed": NaN, "length": 29.129, "bridge": NaN, "tunnel": NaN, "access": NaN, "junction": NaN, "width": NaN, "est_width": NaN, "iri": 12.1599998474121}}, {"type": "Feature", "geometry": {"type": "LineString", "coordinates": [[-91.1746788, 15.1075018], [-91.1742577, 15.1071988]]}, "properties": {"osmid": "389814725", "oneway": "False", "lanes": "2", "ref": "RD HUE-15", "name": NaN, "highway": "primary", "maxspeed": NaN, "length": 56.38, "bridge": NaN, "tunnel": NaN, "access": NaN, "junction": NaN, "width": NaN, "est_width": NaN, "iri": 12.1599998474121}}, {"type": "Feature", "geometry": {"type": "LineString", "coordinates": [[-91.1742577, 15.1071988], [-91.1739761, 15.1069709]]}, "properties": {"osmid": "389814725", "oneway": "False", "lanes": "2", "ref": "RD HUE-15", "name": NaN, "highway": "primary", "maxspeed": NaN, "length": 39.447, "bridge": NaN, "tunnel": NaN, "access": NaN, "junction": NaN, "width": NaN, "est_width": NaN, "iri": 12.1599998474121}}, {"type": "Feature", "geometry": {"type": "LineString", "coordinates": [[-91.1739761, 15.1069709], [-91.1737695, 15.1067871]]}, "properties": {"osmid": "389814725", "oneway": "False", "lanes": "2", "ref": "RD HUE-15", "name": NaN, "highway": "primary", "maxspeed": NaN, "length": 30.16, "bridge": NaN, "tunnel": NaN, "access": NaN, "junction": NaN, "width": NaN, "est_width": NaN, "iri": 12.1599998474121}}, {"type": "Feature", "geometry": {"type": "LineString", "coordinates": [[-91.1737695, 15.1067871], [-91.173622, 15.1066472]]}, "properties": {"osmid": "389814725", "oneway": "False", "lanes": "2", "ref": "RD HUE-15", "name": NaN, "highway": "primary", "maxspeed": NaN, "length": 22.197, "bridge": NaN, "tunnel": NaN, "access": NaN, "junction": NaN, "width": NaN, "est_width": NaN, "iri": 12.1599998474121}}, {"type": "Feature", "geometry": {"type": "LineString", "coordinates": [[-91.173622, 15.1066472], [-91.1733771, 15.1063472]]}, "properties": {"osmid": "389814725", "oneway": "False", "lanes": "2", "ref": "RD HUE-15", "name": NaN, "highway": "primary", "maxspeed": NaN, "length": 42.473, "bridge": NaN, "tunnel": NaN, "access": NaN, "junction": NaN, "width": NaN, "est_width": NaN, "iri": 12.1599998474121}}, {"type": "Feature", "geometry": {"type": "LineString", "coordinates": [[-91.1733771, 15.1063472], [-91.1727633, 15.1055433]]}, "properties": {"osmid": "389814725", "oneway": "False", "lanes": "2", "ref": "RD HUE-15", "name": NaN, "highway": "primary", "maxspeed": NaN, "length": 111.051, "bridge": NaN, "tunnel": NaN, "access": NaN, "junction": NaN, "width": NaN, "est_width": NaN, "iri": 12.1599998474121}}, {"type": "Feature", "geometry": {"type": "LineString", "coordinates": [[-91.1727633, 15.1055433], [-91.1726541, 15.1066041]]}, "properties": {"osmid": "71069364", "oneway": "False", "lanes": NaN, "ref": NaN, "name": NaN, "highway": "unclassified", "maxspeed": NaN, "length": 118.537, "bridge": NaN, "tunnel": NaN, "access": NaN, "junction": NaN, "width": NaN, "est_width": NaN, "iri": 12.1599998474121}}, {"type": "Feature", "geometry": {"type": "LineString", "coordinates": [[-91.1726541, 15.1066041], [-91.1722804, 15.1078612]]}, "properties": {"osmid": "71069364", "oneway": "False", "lanes": NaN, "ref": NaN, "name": NaN, "highway": "unclassified", "maxspeed": NaN, "length": 145.426, "bridge": NaN, "tunnel": NaN, "access": NaN, "junction": NaN, "width": NaN, "est_width": NaN, "iri": 12.1599998474121}}, {"type": "Feature", "geometry": {"type": "LineString", "coordinates": [[-91.1722804, 15.1078612], [-91.1712271, 15.1111739]]}, "properties": {"osmid": "71069364", "oneway": "False", "lanes": NaN, "ref": NaN, "name": NaN, "highway": "unclassified", "maxspeed": NaN, "length": 385.32, "bridge": NaN, "tunnel": NaN, "access": NaN, "junction": NaN, "width": NaN, "est_width": NaN, "iri": 12.1599998474121}}, {"type": "Feature", "geometry": {"type": "LineString", "coordinates": [[-91.1712271, 15.1111739], [-91.1701059, 15.1135862]]}, "properties": {"osmid": "71069364", "oneway": "False", "lanes": NaN, "ref": NaN, "name": NaN, "highway": "unclassified", "maxspeed": NaN, "length": 294.002, "bridge": NaN, "tunnel": NaN, "access": NaN, "junction": NaN, "width": NaN, "est_width": NaN, "iri": 12.1599998474121}}, {"type": "Feature", "geometry": {"type": "LineString", "coordinates": [[-91.1701059, 15.1135862], [-91.1687299, 15.1153699]]}, "properties": {"osmid": "71069364", "oneway": "False", "lanes": NaN, "ref": NaN, "name": NaN, "highway": "unclassified", "maxspeed": NaN, "length": 247.299, "bridge": NaN, "tunnel": NaN, "access": NaN, "junction": NaN, "width": NaN, "est_width": NaN, "iri": 12.1599998474121}}, {"type": "Feature", "geometry": {"type": "LineString", "coordinates": [[-91.1687299, 15.1153699], [-91.1675917, 15.1187165]]}, "properties": {"osmid": "71069364", "oneway": "False", "lanes": NaN, "ref": NaN, "name": NaN, "highway": "unclassified", "maxspeed": NaN, "length": 391.671, "bridge": NaN, "tunnel": NaN, "access": NaN, "junction": NaN, "width": NaN, "est_width": NaN, "iri": 12.1599998474121}}, {"type": "Feature", "geometry": {"type": "LineString", "coordinates": [[-91.1675917, 15.1187165], [-91.1644829, 15.1221651]]}, "properties": {"osmid": "71069364", "oneway": "False", "lanes": NaN, "ref": NaN, "name": NaN, "highway": "unclassified", "maxspeed": NaN, "length": 508.344, "bridge": NaN, "tunnel": NaN, "access": NaN, "junction": NaN, "width": NaN, "est_width": NaN, "iri": 12.1599998474121}}, {"type": "Feature", "geometry": {"type": "LineString", "coordinates": [[-91.1644829, 15.1221651], [-91.1642791, 15.1225558]]}, "properties": {"osmid": "71069364", "oneway": "False", "lanes": NaN, "ref": NaN, "name": NaN, "highway": "unclassified", "maxspeed": NaN, "length": 48.641, "bridge": NaN, "tunnel": NaN, "access": NaN, "junction": NaN, "width": NaN, "est_width": NaN, "iri": 12.1599998474121}}, {"type": "Feature", "geometry": {"type": "LineString", "coordinates": [[-91.1642791, 15.1225558], [-91.1644829, 15.1230485]]}, "properties": {"osmid": "71069364", "oneway": "False", "lanes": NaN, "ref": NaN, "name": NaN, "highway": "unclassified", "maxspeed": NaN, "length": 58.992, "bridge": NaN, "tunnel": NaN, "access": NaN, "junction": NaN, "width": NaN, "est_width": NaN, "iri": 12.1599998474121}}, {"type": "Feature", "geometry": {"type": "LineString", "coordinates": [[-91.1644829, 15.1230485], [-91.1649246, 15.1234562]]}, "properties": {"osmid": "71069364", "oneway": "False", "lanes": NaN, "ref": NaN, "name": NaN, "highway": "unclassified", "maxspeed": NaN, "length": 65.599, "bridge": NaN, "tunnel": NaN, "access": NaN, "junction": NaN, "width": NaN, "est_width": NaN, "iri": 12.1599998474121}}, {"type": "Feature", "geometry": {"type": "LineString", "coordinates": [[-91.1649246, 15.1234562], [-91.1661647, 15.1241697]]}, "properties": {"osmid": "71069364", "oneway": "False", "lanes": NaN, "ref": NaN, "name": NaN, "highway": "unclassified", "maxspeed": NaN, "length": 154.966, "bridge": NaN, "tunnel": NaN, "access": NaN, "junction": NaN, "width": NaN, "est_width": NaN, "iri": 12.1599998474121}}, {"type": "Feature", "geometry": {"type": "LineString", "coordinates": [[-91.1661647, 15.1241697], [-91.1664195, 15.1246793]]}, "properties": {"osmid": "71069364", "oneway": "False", "lanes": NaN, "ref": NaN, "name": NaN, "highway": "unclassified", "maxspeed": NaN, "length": 62.921, "bridge": NaN, "tunnel": NaN, "access": NaN, "junction": NaN, "width": NaN, "est_width": NaN, "iri": 12.1599998474121}}, {"type": "Feature", "geometry": {"type": "LineString", "coordinates": [[-91.1664195, 15.1246793], [-91.1666234, 15.1261233]]}, "properties": {"osmid": "71069364", "oneway": "False", "lanes": NaN, "ref": NaN, "name": NaN, "highway": "unclassified", "maxspeed": NaN, "length": 162.051, "bridge": NaN, "tunnel": NaN, "access": NaN, "junction": NaN, "width": NaN, "est_width": NaN, "iri": 12.1599998474121}}, {"type": "Feature", "geometry": {"type": "LineString", "coordinates": [[-91.1666234, 15.1261233], [-91.1675068, 15.1283657]]}, "properties": {"osmid": "71069364", "oneway": "False", "lanes": NaN, "ref": NaN, "name": NaN, "highway": "unclassified", "maxspeed": NaN, "length": 266.766, "bridge": NaN, "tunnel": NaN, "access": NaN, "junction": NaN, "width": NaN, "est_width": NaN, "iri": 12.1599998474121}}, {"type": "Feature", "geometry": {"type": "LineString", "coordinates": [[-91.1675068, 15.1283657], [-91.1676087, 15.1328335]]}, "properties": {"osmid": "71069364", "oneway": "False", "lanes": NaN, "ref": NaN, "name": NaN, "highway": "unclassified", "maxspeed": NaN, "length": 496.918, "bridge": NaN, "tunnel": NaN, "access": NaN, "junction": NaN, "width": NaN, "est_width": NaN, "iri": 12.1599998474121}}, {"type": "Feature", "geometry": {"type": "LineString", "coordinates": [[-91.1676087, 15.1328335], [-91.1670821, 15.1342945]]}, "properties": {"osmid": "71069364", "oneway": "False", "lanes": NaN, "ref": NaN, "name": NaN, "highway": "unclassified", "maxspeed": NaN, "length": 172.009, "bridge": NaN, "tunnel": NaN, "access": NaN, "junction": NaN, "width": NaN, "est_width": NaN, "iri": 12.1599998474121}}, {"type": "Feature", "geometry": {"type": "LineString", "coordinates": [[-91.1670821, 15.1342945], [-91.1669801, 15.134923]]}, "properties": {"osmid": "71069364", "oneway": "False", "lanes": NaN, "ref": NaN, "name": NaN, "highway": "unclassified", "maxspeed": NaN, "length": 70.739, "bridge": NaN, "tunnel": NaN, "access": NaN, "junction": NaN, "width": NaN, "est_width": NaN, "iri": 12.1599998474121}}, {"type": "Feature", "geometry": {"type": "LineString", "coordinates": [[-91.1669801, 15.134923], [-91.1680164, 15.1372843]]}, "properties": {"osmid": "71069364", "oneway": "False", "lanes": NaN, "ref": NaN, "name": NaN, "highway": "unclassified", "maxspeed": NaN, "length": 285.155, "bridge": NaN, "tunnel": NaN, "access": NaN, "junction": NaN, "width": NaN, "est_width": NaN, "iri": 12.1599998474121}}, {"type": "Feature", "geometry": {"type": "LineString", "coordinates": [[-91.1680164, 15.1372843], [-91.1681013, 15.1376751]]}, "properties": {"osmid": "71069364", "oneway": "False", "lanes": NaN, "ref": NaN, "name": NaN, "highway": "unclassified", "maxspeed": NaN, "length": 44.4, "bridge": NaN, "tunnel": NaN, "access": NaN, "junction": NaN, "width": NaN, "est_width": NaN, "iri": 12.1599998474121}}, {"type": "Feature", "geometry": {"type": "LineString", "coordinates": [[-91.1681013, 15.1376751], [-91.1679145, 15.1378959]]}, "properties": {"osmid": "71069364", "oneway": "False", "lanes": NaN, "ref": NaN, "name": NaN, "highway": "unclassified", "maxspeed": NaN, "length": 31.699, "bridge": NaN, "tunnel": NaN, "access": NaN, "junction": NaN, "width": NaN, "est_width": NaN, "iri": 12.1599998474121}}, {"type": "Feature", "geometry": {"type": "LineString", "coordinates": [[-91.1679145, 15.1378959], [-91.1674048, 15.1379299]]}, "properties": {"osmid": "71069364", "oneway": "False", "lanes": NaN, "ref": NaN, "name": NaN, "highway": "unclassified", "maxspeed": NaN, "length": 54.84, "bridge": NaN, "tunnel": NaN, "access": NaN, "junction": NaN, "width": NaN, "est_width": NaN, "iri": 12.1599998474121}}, {"type": "Feature", "geometry": {"type": "LineString", "coordinates": [[-91.1674048, 15.1379299], [-91.1660458, 15.1370635]]}, "properties": {"osmid": "71069364", "oneway": "False", "lanes": NaN, "ref": NaN, "name": NaN, "highway": "unclassified", "maxspeed": NaN, "length": 174.813, "bridge": NaN, "tunnel": NaN, "access": NaN, "junction": NaN, "width": NaN, "est_width": NaN, "iri": 12.1599998474121}}, {"type": "Feature", "geometry": {"type": "LineString", "coordinates": [[-91.1660458, 15.1370635], [-91.1654003, 15.1369786]]}, "properties": {"osmid": "71069364", "oneway": "False", "lanes": NaN, "ref": NaN, "name": NaN, "highway": "unclassified", "maxspeed": NaN, "length": 69.926, "bridge": NaN, "tunnel": NaN, "access": NaN, "junction": NaN, "width": NaN, "est_width": NaN, "iri": 12.1599998474121}}, {"type": "Feature", "geometry": {"type": "LineString", "coordinates": [[-91.1654003, 15.1369786], [-91.1649756, 15.1370635]]}, "properties": {"osmid": "71069364", "oneway": "False", "lanes": NaN, "ref": NaN, "name": NaN, "highway": "unclassified", "maxspeed": NaN, "length": 46.553, "bridge": NaN, "tunnel": NaN, "access": NaN, "junction": NaN, "width": NaN, "est_width": NaN, "iri": 12.1599998474121}}, {"type": "Feature", "geometry": {"type": "LineString", "coordinates": [[-91.1649756, 15.1370635], [-91.1645339, 15.1367917]]}, "properties": {"osmid": "71069364", "oneway": "False", "lanes": NaN, "ref": NaN, "name": NaN, "highway": "unclassified", "maxspeed": NaN, "length": 56.225, "bridge": NaN, "tunnel": NaN, "access": NaN, "junction": NaN, "width": NaN, "est_width": NaN, "iri": 12.1599998474121}}, {"type": "Feature", "geometry": {"type": "LineString", "coordinates": [[-91.1645339, 15.1367917], [-91.1646188, 15.136299]]}, "properties": {"osmid": "71069364", "oneway": "False", "lanes": NaN, "ref": NaN, "name": NaN, "highway": "unclassified", "maxspeed": NaN, "length": 55.539, "bridge": NaN, "tunnel": NaN, "access": NaN, "junction": NaN, "width": NaN, "est_width": NaN, "iri": 12.1599998474121}}, {"type": "Feature", "geometry": {"type": "LineString", "coordinates": [[-91.1646188, 15.136299], [-91.1645339, 15.1359253]]}, "properties": {"osmid": "71069364", "oneway": "False", "lanes": NaN, "ref": NaN, "name": NaN, "highway": "unclassified", "maxspeed": NaN, "length": 42.541, "bridge": NaN, "tunnel": NaN, "access": NaN, "junction": NaN, "width": NaN, "est_width": NaN, "iri": 12.1599998474121}}, {"type": "Feature", "geometry": {"type": "LineString", "coordinates": [[-91.1645339, 15.1359253], [-91.1640412, 15.1358574]]}, "properties": {"osmid": "71069364", "oneway": "False", "lanes": NaN, "ref": NaN, "name": NaN, "highway": "unclassified", "maxspeed": NaN, "length": 53.421, "bridge": NaN, "tunnel": NaN, "access": NaN, "junction": NaN, "width": NaN, "est_width": NaN, "iri": 12.1599998474121}}, {"type": "Feature", "geometry": {"type": "LineString", "coordinates": [[-91.1640412, 15.1358574], [-91.1638204, 15.1354327]]}, "properties": {"osmid": "71069364", "oneway": "False", "lanes": NaN, "ref": NaN, "name": NaN, "highway": "unclassified", "maxspeed": NaN, "length": 52.838, "bridge": NaN, "tunnel": NaN, "access": NaN, "junction": NaN, "width": NaN, "est_width": NaN, "iri": 12.1599998474121}}, {"type": "Feature", "geometry": {"type": "LineString", "coordinates": [[-91.1638204, 15.1354327], [-91.1638204, 15.1348211]]}, "properties": {"osmid": "71069364", "oneway": "False", "lanes": NaN, "ref": NaN, "name": NaN, "highway": "unclassified", "maxspeed": NaN, "length": 68.007, "bridge": NaN, "tunnel": NaN, "access": NaN, "junction": NaN, "width": NaN, "est_width": NaN, "iri": 12.1599998474121}}, {"type": "Feature", "geometry": {"type": "LineString", "coordinates": [[-91.1638204, 15.1348211], [-91.1633107, 15.1344304]]}, "properties": {"osmid": "71069364", "oneway": "False", "lanes": NaN, "ref": NaN, "name": NaN, "highway": "unclassified", "maxspeed": NaN, "length": 69.861, "bridge": NaN, "tunnel": NaN, "access": NaN, "junction": NaN, "width": NaN, "est_width": NaN, "iri": 12.1599998474121}}, {"type": "Feature", "geometry": {"type": "LineString", "coordinates": [[-91.1633107, 15.1344304], [-91.162886, 15.1339887]]}, "properties": {"osmid": "71069364", "oneway": "False", "lanes": NaN, "ref": NaN, "name": NaN, "highway": "unclassified", "maxspeed": NaN, "length": 67.011, "bridge": NaN, "tunnel": NaN, "access": NaN, "junction": NaN, "width": NaN, "est_width": NaN, "iri": 12.1599998474121}}, {"type": "Feature", "geometry": {"type": "LineString", "coordinates": [[-91.162886, 15.1339887], [-91.1624104, 15.1337678]]}, "properties": {"osmid": "71069364", "oneway": "False", "lanes": NaN, "ref": NaN, "name": NaN, "highway": "unclassified", "maxspeed": NaN, "length": 56.652, "bridge": NaN, "tunnel": NaN, "access": NaN, "junction": NaN, "width": NaN, "est_width": NaN, "iri": 12.1599998474121}}, {"type": "Feature", "geometry": {"type": "LineString", "coordinates": [[-91.1624104, 15.1337678], [-91.1622405, 15.1339207]]}, "properties": {"osmid": "71069364", "oneway": "False", "lanes": NaN, "ref": NaN, "name": NaN, "highway": "unclassified", "maxspeed": NaN, "length": 24.933, "bridge": NaN, "tunnel": NaN, "access": NaN, "junction": NaN, "width": NaN, "est_width": NaN, "iri": 12.1599998474121}}, {"type": "Feature", "geometry": {"type": "LineString", "coordinates": [[-91.1622405, 15.1339207], [-91.1618668, 15.1340566]]}, "properties": {"osmid": "71069364", "oneway": "False", "lanes": NaN, "ref": NaN, "name": NaN, "highway": "unclassified", "maxspeed": NaN, "length": 42.864, "bridge": NaN, "tunnel": NaN, "access": NaN, "junction": NaN, "width": NaN, "est_width": NaN, "iri": 12.1599998474121}}, {"type": "Feature", "geometry": {"type": "LineString", "coordinates": [[-91.1618668, 15.1340566], [-91.1616119, 15.1344304]]}, "properties": {"osmid": "71069364", "oneway": "False", "lanes": NaN, "ref": NaN, "name": NaN, "highway": "unclassified", "maxspeed": NaN, "length": 49.762, "bridge": NaN, "tunnel": NaN, "access": NaN, "junction": NaN, "width": NaN, "est_width": NaN, "iri": 12.1599998474121}}, {"type": "Feature", "geometry": {"type": "LineString", "coordinates": [[-91.1616119, 15.1344304], [-91.1614591, 15.134923]]}, "properties": {"osmid": "71069364", "oneway": "False", "lanes": NaN, "ref": NaN, "name": NaN, "highway": "unclassified", "maxspeed": NaN, "length": 57.178, "bridge": NaN, "tunnel": NaN, "access": NaN, "junction": NaN, "width": NaN, "est_width": NaN, "iri": 12.1599998474121}}, {"type": "Feature", "geometry": {"type": "LineString", "coordinates": [[-91.1614591, 15.134923], [-91.1610853, 15.1353817]]}, "properties": {"osmid": "71069364", "oneway": "False", "lanes": NaN, "ref": NaN, "name": NaN, "highway": "unclassified", "maxspeed": NaN, "length": 64.895, "bridge": NaN, "tunnel": NaN, "access": NaN, "junction": NaN, "width": NaN, "est_width": NaN, "iri": 12.1599998474121}}, {"type": "Feature", "geometry": {"type": "LineString", "coordinates": [[-91.1610853, 15.1353817], [-91.1605417, 15.1364859]]}, "properties": {"osmid": "71069364", "oneway": "False", "lanes": NaN, "ref": NaN, "name": NaN, "highway": "unclassified", "maxspeed": NaN, "length": 135.941, "bridge": NaN, "tunnel": NaN, "access": NaN, "junction": NaN, "width": NaN, "est_width": NaN, "iri": 12.1599998474121}}, {"type": "Feature", "geometry": {"type": "LineString", "coordinates": [[-91.1605417, 15.1364859], [-91.160168, 15.1368427]]}, "properties": {"osmid": "71069364", "oneway": "False", "lanes": NaN, "ref": NaN, "name": NaN, "highway": "unclassified", "maxspeed": NaN, "length": 56.418, "bridge": NaN, "tunnel": NaN, "access": NaN, "junction": NaN, "width": NaN, "est_width": NaN, "iri": 12.1599998474121}}, {"type": "Feature", "geometry": {"type": "LineString", "coordinates": [[-91.160168, 15.1368427], [-91.1585201, 15.1375562]]}, "properties": {"osmid": "71069364", "oneway": "False", "lanes": NaN, "ref": NaN, "name": NaN, "highway": "unclassified", "maxspeed": NaN, "length": 193.859, "bridge": NaN, "tunnel": NaN, "access": NaN, "junction": NaN, "width": NaN, "est_width": NaN, "iri": 12.1599998474121}}, {"type": "Feature", "geometry": {"type": "LineString", "coordinates": [[-91.1585201, 15.1375562], [-91.1580954, 15.1373013]]}, "properties": {"osmid": "71069364", "oneway": "False", "lanes": NaN, "ref": NaN, "name": NaN, "highway": "unclassified", "maxspeed": NaN, "length": 53.679, "bridge": NaN, "tunnel": NaN, "access": NaN, "junction": NaN, "width": NaN, "est_width": NaN, "iri": 12.1599998474121}}, {"type": "Feature", "geometry": {"type": "LineString", "coordinates": [[-91.1580954, 15.1373013], [-91.1582144, 15.1357045]]}, "properties": {"osmid": "71069364", "oneway": "False", "lanes": NaN, "ref": NaN, "name": NaN, "highway": "unclassified", "maxspeed": NaN, "length": 178.015, "bridge": NaN, "tunnel": NaN, "access": NaN, "junction": NaN, "width": NaN, "est_width": NaN, "iri": 12.1599998474121}}, {"type": "Feature", "geometry": {"type": "LineString", "coordinates": [[-91.1582144, 15.1357045], [-91.1582144, 15.1354157]]}, "properties": {"osmid": "71069364", "oneway": "False", "lanes": NaN, "ref": NaN, "name": NaN, "highway": "unclassified", "maxspeed": NaN, "length": 32.113, "bridge": NaN, "tunnel": NaN, "access": NaN, "junction": NaN, "width": NaN, "est_width": NaN, "iri": 12.1599998474121}}, {"type": "Feature", "geometry": {"type": "LineString", "coordinates": [[-91.1582144, 15.1354157], [-91.1579765, 15.1350929]]}, "properties": {"osmid": "71069364", "oneway": "False", "lanes": NaN, "ref": NaN, "name": NaN, "highway": "unclassified", "maxspeed": NaN, "length": 44.05, "bridge": NaN, "tunnel": NaN, "access": NaN, "junction": NaN, "width": NaN, "est_width": NaN, "iri": 12.1599998474121}}, {"type": "Feature", "geometry": {"type": "LineString", "coordinates": [[-91.1579765, 15.1350929], [-91.1574669, 15.1351948]]}, "properties": {"osmid": "71069364", "oneway": "False", "lanes": NaN, "ref": NaN, "name": NaN, "highway": "unclassified", "maxspeed": NaN, "length": 55.861, "bridge": NaN, "tunnel": NaN, "access": NaN, "junction": NaN, "width": NaN, "est_width": NaN, "iri": 12.1599998474121}}, {"type": "Feature", "geometry": {"type": "LineString", "coordinates": [[-91.1574669, 15.1351948], [-91.1569063, 15.1358743]]}, "properties": {"osmid": "71069364", "oneway": "False", "lanes": NaN, "ref": NaN, "name": NaN, "highway": "unclassified", "maxspeed": NaN, "length": 96.591, "bridge": NaN, "tunnel": NaN, "access": NaN, "junction": NaN, "width": NaN, "est_width": NaN, "iri": 12.1599998474121}}, {"type": "Feature", "geometry": {"type": "LineString", "coordinates": [[-91.1569063, 15.1358743], [-91.1560569, 15.1361631]]}, "properties": {"osmid": "71069364", "oneway": "False", "lanes": NaN, "ref": NaN, "name": NaN, "highway": "unclassified", "maxspeed": NaN, "length": 96.663, "bridge": NaN, "tunnel": NaN, "access": NaN, "junction": NaN, "width": NaN, "est_width": NaN, "iri": 12.1599998474121}}, {"type": "Feature", "geometry": {"type": "LineString", "coordinates": [[-91.1560569, 15.1361631], [-91.1542732, 15.1359763]]}, "properties": {"osmid": "71069364", "oneway": "False", "lanes": NaN, "ref": NaN, "name": NaN, "highway": "unclassified", "maxspeed": NaN, "length": 192.581, "bridge": NaN, "tunnel": NaN, "access": NaN, "junction": NaN, "width": NaN, "est_width": NaN, "iri": 12.1599998474121}}, {"type": "Feature", "geometry": {"type": "LineString", "coordinates": [[-91.1542732, 15.1359763], [-91.1527782, 15.135025]]}, "properties": {"osmid": "71069364", "oneway": "False", "lanes": NaN, "ref": NaN, "name": NaN, "highway": "unclassified", "maxspeed": NaN, "length": 192.198, "bridge": NaN, "tunnel": NaN, "access": NaN, "junction": NaN, "width": NaN, "est_width": NaN, "iri": 12.1599998474121}}, {"type": "Feature", "geometry": {"type": "LineString", "coordinates": [[-91.1527782, 15.135025], [-91.1523705, 15.1342945]]}, "properties": {"osmid": "71069364", "oneway": "False", "lanes": NaN, "ref": NaN, "name": NaN, "highway": "unclassified", "maxspeed": NaN, "length": 92.266, "bridge": NaN, "tunnel": NaN, "access": NaN, "junction": NaN, "width": NaN, "est_width": NaN, "iri": 12.1599998474121}}, {"type": "Feature", "geometry": {"type": "LineString", "coordinates": [[-91.1523705, 15.1342945], [-91.1524724, 15.1328675]]}, "properties": {"osmid": "71069364", "oneway": "False", "lanes": NaN, "ref": NaN, "name": NaN, "highway": "unclassified", "maxspeed": NaN, "length": 159.052, "bridge": NaN, "tunnel": NaN, "access": NaN, "junction": NaN, "width": NaN, "est_width": NaN, "iri": 12.1599998474121}}, {"type": "Feature", "geometry": {"type": "LineString", "coordinates": [[-91.1524724, 15.1328675], [-91.1523195, 15.1320351]]}, "properties": {"osmid": "71069364", "oneway": "False", "lanes": NaN, "ref": NaN, "name": NaN, "highway": "unclassified", "maxspeed": NaN, "length": 94.003, "bridge": NaN, "tunnel": NaN, "access": NaN, "junction": NaN, "width": NaN, "est_width": NaN, "iri": 12.1599998474121}}, {"type": "Feature", "geometry": {"type": "LineString", "coordinates": [[-91.1523195, 15.1320351], [-91.1518439, 15.1308119]]}, "properties": {"osmid": "71069364", "oneway": "False", "lanes": NaN, "ref": NaN, "name": NaN, "highway": "unclassified", "maxspeed": NaN, "length": 145.279, "bridge": NaN, "tunnel": NaN, "access": NaN, "junction": NaN, "width": NaN, "est_width": NaN, "iri": 12.1599998474121}}, {"type": "Feature", "geometry": {"type": "LineString", "coordinates": [[-91.1518439, 15.1308119], [-91.1512153, 15.1301324]]}, "properties": {"osmid": "71069364", "oneway": "False", "lanes": NaN, "ref": NaN, "name": NaN, "highway": "unclassified", "maxspeed": NaN, "length": 101.3, "bridge": NaN, "tunnel": NaN, "access": NaN, "junction": NaN, "width": NaN, "est_width": NaN, "iri": 12.1599998474121}}, {"type": "Feature", "geometry": {"type": "LineString", "coordinates": [[-91.1512153, 15.1301324], [-91.1507057, 15.1294869]]}, "properties": {"osmid": "71069364", "oneway": "False", "lanes": NaN, "ref": NaN, "name": NaN, "highway": "unclassified", "maxspeed": NaN, "length": 90.244, "bridge": NaN, "tunnel": NaN, "access": NaN, "junction": NaN, "width": NaN, "est_width": NaN, "iri": 12.1599998474121}}, {"type": "Feature", "geometry": {"type": "LineString", "coordinates": [[-91.1507057, 15.1294869], [-91.1504169, 15.1297077]]}, "properties": {"osmid": "71069364", "oneway": "False", "lanes": NaN, "ref": NaN, "name": NaN, "highway": "unclassified", "maxspeed": NaN, "length": 39.545, "bridge": NaN, "tunnel": NaN, "access": NaN, "junction": NaN, "width": NaN, "est_width": NaN, "iri": 12.1599998474121}}, {"type": "Feature", "geometry": {"type": "LineString", "coordinates": [[-91.1504169, 15.1297077], [-91.150281, 15.1316613]]}, "properties": {"osmid": "71069364", "oneway": "False", "lanes": NaN, "ref": NaN, "name": NaN, "highway": "unclassified", "maxspeed": NaN, "length": 217.72, "bridge": NaN, "tunnel": NaN, "access": NaN, "junction": NaN, "width": NaN, "est_width": NaN, "iri": 12.1599998474121}}, {"type": "Feature", "geometry": {"type": "LineString", "coordinates": [[-91.150281, 15.1316613], [-91.150315, 15.1326806]]}, "properties": {"osmid": "71069364", "oneway": "False", "lanes": NaN, "ref": NaN, "name": NaN, "highway": "unclassified", "maxspeed": NaN, "length": 113.4, "bridge": NaN, "tunnel": NaN, "access": NaN, "junction": NaN, "width": NaN, "est_width": NaN, "iri": 12.1599998474121}}, {"type": "Feature", "geometry": {"type": "LineString", "coordinates": [[-91.150315, 15.1326806], [-91.1498053, 15.1351439]]}, "properties": {"osmid": "71069364", "oneway": "False", "lanes": NaN, "ref": NaN, "name": NaN, "highway": "unclassified", "maxspeed": NaN, "length": 279.317, "bridge": NaN, "tunnel": NaN, "access": NaN, "junction": NaN, "width": NaN, "est_width": NaN, "iri": 12.1599998474121}}, {"type": "Feature", "geometry": {"type": "LineString", "coordinates": [[-91.1498053, 15.1351439], [-91.1493297, 15.1357045]]}, "properties": {"osmid": "71069364", "oneway": "False", "lanes": NaN, "ref": NaN, "name": NaN, "highway": "unclassified", "maxspeed": NaN, "length": 80.572, "bridge": NaN, "tunnel": NaN, "access": NaN, "junction": NaN, "width": NaN, "est_width": NaN, "iri": 12.1599998474121}}, {"type": "Feature", "geometry": {"type": "LineString", "coordinates": [[-91.1493297, 15.1357045], [-91.1481575, 15.1359253]]}, "properties": {"osmid": "71069364", "oneway": "False", "lanes": NaN, "ref": NaN, "name": NaN, "highway": "unclassified", "maxspeed": NaN, "length": 128.194, "bridge": NaN, "tunnel": NaN, "access": NaN, "junction": NaN, "width": NaN, "est_width": NaN, "iri": 12.1599998474121}}, {"type": "Feature", "geometry": {"type": "LineString", "coordinates": [[-91.1481575, 15.1359253], [-91.147512, 15.136367]]}, "properties": {"osmid": "71069364", "oneway": "False", "lanes": NaN, "ref": NaN, "name": NaN, "highway": "unclassified", "maxspeed": NaN, "length": 84.929, "bridge": NaN, "tunnel": NaN, "access": NaN, "junction": NaN, "width": NaN, "est_width": NaN, "iri": 12.1599998474121}}, {"type": "Feature", "geometry": {"type": "LineString", "coordinates": [[-91.147512, 15.136367], [-91.1473081, 15.1367068]]}, "properties": {"osmid": "71069364", "oneway": "False", "lanes": NaN, "ref": NaN, "name": NaN, "highway": "unclassified", "maxspeed": NaN, "length": 43.665, "bridge": NaN, "tunnel": NaN, "access": NaN, "junction": NaN, "width": NaN, "est_width": NaN, "iri": 12.1599998474121}}, {"type": "Feature", "geometry": {"type": "LineString", "coordinates": [[-91.1473081, 15.1367068], [-91.147478, 15.1372843]]}, "properties": {"osmid": "71069364", "oneway": "False", "lanes": NaN, "ref": NaN, "name": NaN, "highway": "unclassified", "maxspeed": NaN, "length": 66.754, "bridge": NaN, "tunnel": NaN, "access": NaN, "junction": NaN, "width": NaN, "est_width": NaN, "iri": 12.1599998474121}}, {"type": "Feature", "geometry": {"type": "LineString", "coordinates": [[-91.147478, 15.1372843], [-91.1472062, 15.1379978]]}, "properties": {"osmid": "71069364", "oneway": "False", "lanes": NaN, "ref": NaN, "name": NaN, "highway": "unclassified", "maxspeed": NaN, "length": 84.532, "bridge": NaN, "tunnel": NaN, "access": NaN, "junction": NaN, "width": NaN, "est_width": NaN, "iri": 12.1599998474121}}, {"type": "Feature", "geometry": {"type": "LineString", "coordinates": [[-91.1472062, 15.1379978], [-91.1467645, 15.1383546]]}, "properties": {"osmid": "71069364", "oneway": "False", "lanes": NaN, "ref": NaN, "name": NaN, "highway": "unclassified", "maxspeed": NaN, "length": 61.821, "bridge": NaN, "tunnel": NaN, "access": NaN, "junction": NaN, "width": NaN, "est_width": NaN, "iri": 12.1599998474121}}, {"type": "Feature", "geometry": {"type": "LineString", "coordinates": [[-91.1467645, 15.1383546], [-91.1466965, 15.1386774]]}, "properties": {"osmid": "71069364", "oneway": "False", "lanes": NaN, "ref": NaN, "name": NaN, "highway": "unclassified", "maxspeed": NaN, "length": 36.628, "bridge": NaN, "tunnel": NaN, "access": NaN, "junction": NaN, "width": NaN, "est_width": NaN, "iri": 12.1599998474121}}, {"type": "Feature", "geometry": {"type": "LineString", "coordinates": [[-91.1466965, 15.1386774], [-91.1471382, 15.1388812]]}, "properties": {"osmid": "71069364", "oneway": "False", "lanes": NaN, "ref": NaN, "name": NaN, "highway": "unclassified", "maxspeed": NaN, "length": 52.548, "bridge": NaN, "tunnel": NaN, "access": NaN, "junction": NaN, "width": NaN, "est_width": NaN, "iri": 12.1599998474121}}, {"type": "Feature", "geometry": {"type": "LineString", "coordinates": [[-91.1471382, 15.1388812], [-91.1476648, 15.139153]]}, "properties": {"osmid": "71069364", "oneway": "False", "lanes": NaN, "ref": NaN, "name": NaN, "highway": "unclassified", "maxspeed": NaN, "length": 64.096, "bridge": NaN, "tunnel": NaN, "access": NaN, "junction": NaN, "width": NaN, "est_width": NaN, "iri": 12.1599998474121}}, {"type": "Feature", "geometry": {"type": "LineString", "coordinates": [[-91.1476648, 15.139153], [-91.1477328, 15.1395607]]}, "properties": {"osmid": "71069364", "oneway": "False", "lanes": NaN, "ref": NaN, "name": NaN, "highway": "unclassified", "maxspeed": NaN, "length": 45.918, "bridge": NaN, "tunnel": NaN, "access": NaN, "junction": NaN, "width": NaN, "est_width": NaN, "iri": 12.1599998474121}}, {"type": "Feature", "geometry": {"type": "LineString", "coordinates": [[-91.1477328, 15.1395607], [-91.1466456, 15.140631]]}, "properties": {"osmid": "71069364", "oneway": "False", "lanes": NaN, "ref": NaN, "name": NaN, "highway": "unclassified", "maxspeed": NaN, "length": 166.678, "bridge": NaN, "tunnel": NaN, "access": NaN, "junction": NaN, "width": NaN, "est_width": NaN, "iri": 12.1599998474121}}, {"type": "Feature", "geometry": {"type": "LineString", "coordinates": [[-91.1466456, 15.140631], [-91.1464417, 15.1411916]]}, "properties": {"osmid": "71069364", "oneway": "False", "lanes": NaN, "ref": NaN, "name": NaN, "highway": "unclassified", "maxspeed": NaN, "length": 66.066, "bridge": NaN, "tunnel": NaN, "access": NaN, "junction": NaN, "width": NaN, "est_width": NaN, "iri": 12.1599998474121}}, {"type": "Feature", "geometry": {"type": "LineString", "coordinates": [[-91.1464417, 15.1411916], [-91.1468664, 15.1424147]]}, "properties": {"osmid": "71069364", "oneway": "False", "lanes": NaN, "ref": NaN, "name": NaN, "highway": "unclassified", "maxspeed": NaN, "length": 143.439, "bridge": NaN, "tunnel": NaN, "access": NaN, "junction": NaN, "width": NaN, "est_width": NaN, "iri": 12.1599998474121}}, {"type": "Feature", "geometry": {"type": "LineString", "coordinates": [[-91.1468664, 15.1424147], [-91.1468834, 15.1430433]]}, "properties": {"osmid": "71069364", "oneway": "False", "lanes": NaN, "ref": NaN, "name": NaN, "highway": "unclassified", "maxspeed": NaN, "length": 69.921, "bridge": NaN, "tunnel": NaN, "access": NaN, "junction": NaN, "width": NaN, "est_width": NaN, "iri": 12.1599998474121}}, {"type": "Feature", "geometry": {"type": "LineString", "coordinates": [[-91.1468834, 15.1430433], [-91.1461359, 15.1454895]]}, "properties": {"osmid": "71069364", "oneway": "False", "lanes": NaN, "ref": NaN, "name": NaN, "highway": "unclassified", "maxspeed": NaN, "length": 283.591, "bridge": NaN, "tunnel": NaN, "access": NaN, "junction": NaN, "width": NaN, "est_width": NaN, "iri": 12.1599998474121}}, {"type": "Feature", "geometry": {"type": "LineString", "coordinates": [[-91.1461359, 15.1454895], [-91.1457876, 15.1457605]]}, "properties": {"osmid": "71069364", "oneway": "False", "lanes": NaN, "ref": NaN, "name": NaN, "highway": "unclassified", "maxspeed": NaN, "length": 48.017, "bridge": NaN, "tunnel": NaN, "access": NaN, "junction": NaN, "width": NaN, "est_width": NaN, "iri": 12.1599998474121}}, {"type": "Feature", "geometry": {"type": "LineString", "coordinates": [[-91.1457876, 15.1457605], [-91.1453255, 15.1456518]]}, "properties": {"osmid": "71069364", "oneway": "False", "lanes": NaN, "ref": NaN, "name": NaN, "highway": "unclassified", "maxspeed": NaN, "length": 51.05, "bridge": NaN, "tunnel": NaN, "access": NaN, "junction": NaN, "width": NaN, "est_width": NaN, "iri": 12.1599998474121}}, {"type": "Feature", "geometry": {"type": "LineString", "coordinates": [[-91.1453255, 15.1456518], [-91.1444285, 15.1449043]]}, "properties": {"osmid": "71069364", "oneway": "False", "lanes": NaN, "ref": NaN, "name": NaN, "highway": "unclassified", "maxspeed": NaN, "length": 127.193, "bridge": NaN, "tunnel": NaN, "access": NaN, "junction": NaN, "width": NaN, "est_width": NaN, "iri": 12.1599998474121}}, {"type": "Feature", "geometry": {"type": "LineString", "coordinates": [[-91.1444285, 15.1449043], [-91.1438985, 15.1446461]]}, "properties": {"osmid": "71069364", "oneway": "False", "lanes": NaN, "ref": NaN, "name": NaN, "highway": "unclassified", "maxspeed": NaN, "length": 63.721, "bridge": NaN, "tunnel": NaN, "access": NaN, "junction": NaN, "width": NaN, "est_width": NaN, "iri": 12.1599998474121}}, {"type": "Feature", "geometry": {"type": "LineString", "coordinates": [[-91.1438985, 15.1446461], [-91.1423084, 15.1447412]]}, "properties": {"osmid": "71069364", "oneway": "False", "lanes": NaN, "ref": NaN, "name": NaN, "highway": "unclassified", "maxspeed": NaN, "length": 170.998, "bridge": NaN, "tunnel": NaN, "access": NaN, "junction": NaN, "width": NaN, "est_width": NaN, "iri": 12.1599998474121}}, {"type": "Feature", "geometry": {"type": "LineString", "coordinates": [[-91.1423084, 15.1447412], [-91.1413435, 15.1452441]]}, "properties": {"osmid": "71069364", "oneway": "False", "lanes": NaN, "ref": NaN, "name": NaN, "highway": "unclassified", "maxspeed": NaN, "length": 117.698, "bridge": NaN, "tunnel": NaN, "access": NaN, "junction": NaN, "width": NaN, "est_width": NaN, "iri": 12.1599998474121}}, {"type": "Feature", "geometry": {"type": "LineString", "coordinates": [[-91.1413435, 15.1452441], [-91.1406504, 15.1452169]]}, "properties": {"osmid": "71069364", "oneway": "False", "lanes": NaN, "ref": NaN, "name": NaN, "highway": "unclassified", "maxspeed": NaN, "length": 74.454, "bridge": NaN, "tunnel": NaN, "access": NaN, "junction": NaN, "width": NaN, "est_width": NaN, "iri": 12.1599998474121}}, {"type": "Feature", "geometry": {"type": "LineString", "coordinates": [[-91.1406504, 15.1452169], [-91.1402291, 15.1448635]]}, "properties": {"osmid": "71069364", "oneway": "False", "lanes": NaN, "ref": NaN, "name": NaN, "highway": "unclassified", "maxspeed": NaN, "length": 59.908, "bridge": NaN, "tunnel": NaN, "access": NaN, "junction": NaN, "width": NaN, "est_width": NaN, "iri": 12.1599998474121}}, {"type": "Feature", "geometry": {"type": "LineString", "coordinates": [[-91.1402291, 15.1448635], [-91.1398622, 15.1442384]]}, "properties": {"osmid": "71069364", "oneway": "False", "lanes": NaN, "ref": NaN, "name": NaN, "highway": "unclassified", "maxspeed": NaN, "length": 79.889, "bridge": NaN, "tunnel": NaN, "access": NaN, "junction": NaN, "width": NaN, "est_width": NaN, "iri": 12.1599998474121}}, {"type": "Feature", "geometry": {"type": "LineString", "coordinates": [[-91.1398622, 15.1442384], [-91.1394816, 15.1441433]]}, "properties": {"osmid": "71069364", "oneway": "False", "lanes": NaN, "ref": NaN, "name": NaN, "highway": "unclassified", "maxspeed": NaN, "length": 42.198, "bridge": NaN, "tunnel": NaN, "access": NaN, "junction": NaN, "width": NaN, "est_width": NaN, "iri": 12.1599998474121}}, {"type": "Feature", "geometry": {"type": "LineString", "coordinates": [[-91.1394816, 15.1441433], [-91.1387749, 15.1444966]]}, "properties": {"osmid": "71069364", "oneway": "False", "lanes": NaN, "ref": NaN, "name": NaN, "highway": "unclassified", "maxspeed": NaN, "length": 85.422, "bridge": NaN, "tunnel": NaN, "access": NaN, "junction": NaN, "width": NaN, "est_width": NaN, "iri": 12.1599998474121}}, {"type": "Feature", "geometry": {"type": "LineString", "coordinates": [[-91.1387749, 15.1444966], [-91.1381226, 15.1443607]]}, "properties": {"osmid": "71069364", "oneway": "False", "lanes": NaN, "ref": NaN, "name": NaN, "highway": "unclassified", "maxspeed": NaN, "length": 71.626, "bridge": NaN, "tunnel": NaN, "access": NaN, "junction": NaN, "width": NaN, "est_width": NaN, "iri": 12.1599998474121}}, {"type": "Feature", "geometry": {"type": "LineString", "coordinates": [[-91.1381226, 15.1443607], [-91.1375518, 15.1438443]]}, "properties": {"osmid": "71069364", "oneway": "False", "lanes": NaN, "ref": NaN, "name": NaN, "highway": "unclassified", "maxspeed": NaN, "length": 83.968, "bridge": NaN, "tunnel": NaN, "access": NaN, "junction": NaN, "width": NaN, "est_width": NaN, "iri": 12.1599998474121}}, {"type": "Feature", "geometry": {"type": "LineString", "coordinates": [[-91.1375518, 15.1438443], [-91.1371985, 15.143722]]}, "properties": {"osmid": "71069364", "oneway": "False", "lanes": NaN, "ref": NaN, "name": NaN, "highway": "unclassified", "maxspeed": NaN, "length": 40.286, "bridge": NaN, "tunnel": NaN, "access": NaN, "junction": NaN, "width": NaN, "est_width": NaN, "iri": 12.1599998474121}}, {"type": "Feature", "geometry": {"type": "LineString", "coordinates": [[-91.1371985, 15.143722], [-91.1369946, 15.1439938]]}, "properties": {"osmid": "71069364", "oneway": "False", "lanes": NaN, "ref": NaN, "name": NaN, "highway": "unclassified", "maxspeed": NaN, "length": 37.315, "bridge": NaN, "tunnel": NaN, "access": NaN, "junction": NaN, "width": NaN, "est_width": NaN, "iri": 12.1599998474121}}, {"type": "Feature", "geometry": {"type": "LineString", "coordinates": [[-91.1369946, 15.1439938], [-91.137049, 15.1444422]]}, "properties": {"osmid": "71069364", "oneway": "False", "lanes": NaN, "ref": NaN, "name": NaN, "highway": "unclassified", "maxspeed": NaN, "length": 50.201, "bridge": NaN, "tunnel": NaN, "access": NaN, "junction": NaN, "width": NaN, "est_width": NaN, "iri": 12.1599998474121}}, {"type": "Feature", "geometry": {"type": "LineString", "coordinates": [[-91.137049, 15.1444422], [-91.1369131, 15.1452305]]}, "properties": {"osmid": "71069364", "oneway": "False", "lanes": NaN, "ref": NaN, "name": NaN, "highway": "unclassified", "maxspeed": NaN, "length": 88.86, "bridge": NaN, "tunnel": NaN, "access": NaN, "junction": NaN, "width": NaN, "est_width": NaN, "iri": 12.1599998474121}}, {"type": "Feature", "geometry": {"type": "LineString", "coordinates": [[-91.1369131, 15.1452305], [-91.1366005, 15.1453664]]}, "properties": {"osmid": "71069364", "oneway": "False", "lanes": NaN, "ref": NaN, "name": NaN, "highway": "unclassified", "maxspeed": NaN, "length": 36.798, "bridge": NaN, "tunnel": NaN, "access": NaN, "junction": NaN, "width": NaN, "est_width": NaN, "iri": 12.1599998474121}}, {"type": "Feature", "geometry": {"type": "LineString", "coordinates": [[-91.1366005, 15.1453664], [-91.1360976, 15.1453664]]}, "properties": {"osmid": "71069364", "oneway": "False", "lanes": NaN, "ref": NaN, "name": NaN, "highway": "unclassified", "maxspeed": NaN, "length": 53.978, "bridge": NaN, "tunnel": NaN, "access": NaN, "junction": NaN, "width": NaN, "est_width": NaN, "iri": 12.1599998474121}}, {"type": "Feature", "geometry": {"type": "LineString", "coordinates": [[-91.1360976, 15.1453664], [-91.1356627, 15.1447141]]}, "properties": {"osmid": "71069364", "oneway": "False", "lanes": NaN, "ref": NaN, "name": NaN, "highway": "unclassified", "maxspeed": NaN, "length": 86.255, "bridge": NaN, "tunnel": NaN, "access": NaN, "junction": NaN, "width": NaN, "est_width": NaN, "iri": 12.1599998474121}}, {"type": "Feature", "geometry": {"type": "LineString", "coordinates": [[-91.1356627, 15.1447141], [-91.1352686, 15.1443335]]}, "properties": {"osmid": "71069364", "oneway": "False", "lanes": NaN, "ref": NaN, "name": NaN, "highway": "unclassified", "maxspeed": NaN, "length": 59.836, "bridge": NaN, "tunnel": NaN, "access": NaN, "junction": NaN, "width": NaN, "est_width": NaN, "iri": 12.1599998474121}}, {"type": "Feature", "geometry": {"type": "LineString", "coordinates": [[-91.1352686, 15.1443335], [-91.1348065, 15.1442792]]}, "properties": {"osmid": "71069364", "oneway": "False", "lanes": NaN, "ref": NaN, "name": NaN, "highway": "unclassified", "maxspeed": NaN, "length": 49.965, "bridge": NaN, "tunnel": NaN, "access": NaN, "junction": NaN, "width": NaN, "est_width": NaN, "iri": 12.1599998474121}}, {"type": "Feature", "geometry": {"type": "LineString", "coordinates": [[-91.1348065, 15.1442792], [-91.1318167, 15.1446189]]}, "properties": {"osmid": "71069364", "oneway": "False", "lanes": NaN, "ref": NaN, "name": NaN, "highway": "unclassified", "maxspeed": NaN, "length": 323.121, "bridge": NaN, "tunnel": NaN, "access": NaN, "junction": NaN, "width": NaN, "est_width": NaN, "iri": 12.1599998474121}}, {"type": "Feature", "geometry": {"type": "LineString", "coordinates": [[-91.1318167, 15.1446189], [-91.1310964, 15.1449859]]}, "properties": {"osmid": "71069364", "oneway": "False", "lanes": NaN, "ref": NaN, "name": NaN, "highway": "unclassified", "maxspeed": NaN, "length": 87.421, "bridge": NaN, "tunnel": NaN, "access": NaN, "junction": NaN, "width": NaN, "est_width": NaN, "iri": 12.1599998474121}}, {"type": "Feature", "geometry": {"type": "LineString", "coordinates": [[-91.1310964, 15.1449859], [-91.1306751, 15.1458285]]}, "properties": {"osmid": "71069364", "oneway": "False", "lanes": NaN, "ref": NaN, "name": NaN, "highway": "unclassified", "maxspeed": NaN, "length": 104.034, "bridge": NaN, "tunnel": NaN, "access": NaN, "junction": NaN, "width": NaN, "est_width": NaN, "iri": 12.1599998474121}}, {"type": "Feature", "geometry": {"type": "LineString", "coordinates": [[-91.1306751, 15.1458285], [-91.1306071, 15.1462769]]}, "properties": {"osmid": "71069364", "oneway": "False", "lanes": NaN, "ref": NaN, "name": NaN, "highway": "unclassified", "maxspeed": NaN, "length": 50.391, "bridge": NaN, "tunnel": NaN, "access": NaN, "junction": NaN, "width": NaN, "est_width": NaN, "iri": 12.1599998474121}}, {"type": "Feature", "geometry": {"type": "LineString", "coordinates": [[-91.1306071, 15.1462769], [-91.1308246, 15.1466167]]}, "properties": {"osmid": "71069364", "oneway": "False", "lanes": NaN, "ref": NaN, "name": NaN, "highway": "unclassified", "maxspeed": NaN, "length": 44.414, "bridge": NaN, "tunnel": NaN, "access": NaN, "junction": NaN, "width": NaN, "est_width": NaN, "iri": 12.1599998474121}}, {"type": "Feature", "geometry": {"type": "LineString", "coordinates": [[-91.1308246, 15.1466167], [-91.1308518, 15.1472147]]}, "properties": {"osmid": "71069364", "oneway": "False", "lanes": NaN, "ref": NaN, "name": NaN, "highway": "unclassified", "maxspeed": NaN, "length": 66.559, "bridge": NaN, "tunnel": NaN, "access": NaN, "junction": NaN, "width": NaN, "est_width": NaN, "iri": 12.1599998474121}}, {"type": "Feature", "geometry": {"type": "LineString", "coordinates": [[-91.1308518, 15.1472147], [-91.129153, 15.1500822]]}, "properties": {"osmid": "71069364", "oneway": "False", "lanes": NaN, "ref": NaN, "name": NaN, "highway": "unclassified", "maxspeed": NaN, "length": 367.304, "bridge": NaN, "tunnel": NaN, "access": NaN, "junction": NaN, "width": NaN, "est_width": NaN, "iri": 12.1599998474121}}, {"type": "Feature", "geometry": {"type": "LineString", "coordinates": [[-91.129153, 15.1500822], [-91.1289899, 15.1518354]]}, "properties": {"osmid": "71069364", "oneway": "False", "lanes": NaN, "ref": NaN, "name": NaN, "highway": "unclassified", "maxspeed": NaN, "length": 195.732, "bridge": NaN, "tunnel": NaN, "access": NaN, "junction": NaN, "width": NaN, "est_width": NaN, "iri": 12.1599998474121}}, {"type": "Feature", "geometry": {"type": "LineString", "coordinates": [[-91.1289899, 15.1518354], [-91.1287724, 15.1522703]]}, "properties": {"osmid": "71069364", "oneway": "False", "lanes": NaN, "ref": NaN, "name": NaN, "highway": "unclassified", "maxspeed": NaN, "length": 53.698, "bridge": NaN, "tunnel": NaN, "access": NaN, "junction": NaN, "width": NaN, "est_width": NaN, "iri": 12.1599998474121}}, {"type": "Feature", "geometry": {"type": "LineString", "coordinates": [[-91.1287724, 15.1522703], [-91.1284055, 15.1520392]]}, "properties": {"osmid": "71069364", "oneway": "False", "lanes": NaN, "ref": NaN, "name": NaN, "highway": "unclassified", "maxspeed": NaN, "length": 47.022, "bridge": NaN, "tunnel": NaN, "access": NaN, "junction": NaN, "width": NaN, "est_width": NaN, "iri": 12.1599998474121}}, {"type": "Feature", "geometry": {"type": "LineString", "coordinates": [[-91.1284055, 15.1520392], [-91.1282424, 15.1514277]]}, "properties": {"osmid": "71069364", "oneway": "False", "lanes": NaN, "ref": NaN, "name": NaN, "highway": "unclassified", "maxspeed": NaN, "length": 70.213, "bridge": NaN, "tunnel": NaN, "access": NaN, "junction": NaN, "width": NaN, "est_width": NaN, "iri": 12.1599998474121}}, {"type": "Feature", "geometry": {"type": "LineString", "coordinates": [[-91.1282424, 15.1514277], [-91.1279298, 15.1505715]]}, "properties": {"osmid": "71069364", "oneway": "False", "lanes": NaN, "ref": NaN, "name": NaN, "highway": "unclassified", "maxspeed": NaN, "length": 100.944, "bridge": NaN, "tunnel": NaN, "access": NaN, "junction": NaN, "width": NaN, "est_width": NaN, "iri": 12.1599998474121}}, {"type": "Feature", "geometry": {"type": "LineString", "coordinates": [[-91.1279298, 15.1505715], [-91.1276037, 15.1503269]]}, "properties": {"osmid": "71069364", "oneway": "False", "lanes": NaN, "ref": NaN, "name": NaN, "highway": "unclassified", "maxspeed": NaN, "length": 44.326, "bridge": NaN, "tunnel": NaN, "access": NaN, "junction": NaN, "width": NaN, "est_width": NaN, "iri": 12.1599998474121}}, {"type": "Feature", "geometry": {"type": "LineString", "coordinates": [[-91.1276037, 15.1503269], [-91.1271416, 15.1504084]]}, "properties": {"osmid": "71069364", "oneway": "False", "lanes": NaN, "ref": NaN, "name": NaN, "highway": "unclassified", "maxspeed": NaN, "length": 50.418, "bridge": NaN, "tunnel": NaN, "access": NaN, "junction": NaN, "width": NaN, "est_width": NaN, "iri": 12.1599998474121}}, {"type": "Feature", "geometry": {"type": "LineString", "coordinates": [[-91.1271416, 15.1504084], [-91.1267747, 15.1508705]]}, "properties": {"osmid": "71069364", "oneway": "False", "lanes": NaN, "ref": NaN, "name": NaN, "highway": "unclassified", "maxspeed": NaN, "length": 64.738, "bridge": NaN, "tunnel": NaN, "access": NaN, "junction": NaN, "width": NaN, "est_width": NaN, "iri": 12.1599998474121}}, {"type": "Feature", "geometry": {"type": "LineString", "coordinates": [[-91.1267747, 15.1508705], [-91.1264621, 15.1526916]]}, "properties": {"osmid": "71069364", "oneway": "False", "lanes": NaN, "ref": NaN, "name": NaN, "highway": "unclassified", "maxspeed": NaN, "length": 205.258, "bridge": NaN, "tunnel": NaN, "access": NaN, "junction": NaN, "width": NaN, "est_width": NaN, "iri": 12.1599998474121}}, {"type": "Feature", "geometry": {"type": "LineString", "coordinates": [[-91.1264621, 15.1526916], [-91.1268154, 15.1541865]]}, "properties": {"osmid": "71069364", "oneway": "False", "lanes": NaN, "ref": NaN, "name": NaN, "highway": "unclassified", "maxspeed": NaN, "length": 170.496, "bridge": NaN, "tunnel": NaN, "access": NaN, "junction": NaN, "width": NaN, "est_width": NaN, "iri": 12.1599998474121}}, {"type": "Feature", "geometry": {"type": "LineString", "coordinates": [[-91.1268154, 15.1541865], [-91.1265436, 15.1546486]]}, "properties": {"osmid": "71069364", "oneway": "False", "lanes": NaN, "ref": NaN, "name": NaN, "highway": "unclassified", "maxspeed": NaN, "length": 59.087, "bridge": NaN, "tunnel": NaN, "access": NaN, "junction": NaN, "width": NaN, "est_width": NaN, "iri": 12.1599998474121}}, {"type": "Feature", "geometry": {"type": "LineString", "coordinates": [[-91.1265436, 15.1546486], [-91.1259728, 15.1546622]]}, "properties": {"osmid": "71069364", "oneway": "False", "lanes": NaN, "ref": NaN, "name": NaN, "highway": "unclassified", "maxspeed": NaN, "length": 61.282, "bridge": NaN, "tunnel": NaN, "access": NaN, "junction": NaN, "width": NaN, "est_width": NaN, "iri": 12.1599998474121}}, {"type": "Feature", "geometry": {"type": "LineString", "coordinates": [[-91.1259728, 15.1546622], [-91.1251302, 15.154934]]}, "properties": {"osmid": "71069364", "oneway": "False", "lanes": NaN, "ref": NaN, "name": NaN, "highway": "unclassified", "maxspeed": NaN, "length": 95.351, "bridge": NaN, "tunnel": NaN, "access": NaN, "junction": NaN, "width": NaN, "est_width": NaN, "iri": 12.1599998474121}}, {"type": "Feature", "geometry": {"type": "LineString", "coordinates": [[-91.1251302, 15.154934], [-91.1246681, 15.155464]]}, "properties": {"osmid": "71069364", "oneway": "False", "lanes": NaN, "ref": NaN, "name": NaN, "highway": "unclassified", "maxspeed": NaN, "length": 77.026, "bridge": NaN, "tunnel": NaN, "access": NaN, "junction": NaN, "width": NaN, "est_width": NaN, "iri": 12.1599998474121}}, {"type": "Feature", "geometry": {"type": "LineString", "coordinates": [[-91.1246681, 15.155464], [-91.1240158, 15.1557358]]}, "properties": {"osmid": "71069364", "oneway": "False", "lanes": NaN, "ref": NaN, "name": NaN, "highway": "unclassified", "maxspeed": NaN, "length": 76.255, "bridge": NaN, "tunnel": NaN, "access": NaN, "junction": NaN, "width": NaN, "est_width": NaN, "iri": 12.1599998474121}}, {"type": "Feature", "geometry": {"type": "LineString", "coordinates": [[-91.1240158, 15.1557358], [-91.1238255, 15.1557358]]}, "properties": {"osmid": "71069364", "oneway": "False", "lanes": NaN, "ref": NaN, "name": NaN, "highway": "unclassified", "maxspeed": NaN, "length": 20.424, "bridge": NaN, "tunnel": NaN, "access": NaN, "junction": NaN, "width": NaN, "est_width": NaN, "iri": 12.1599998474121}}, {"type": "Feature", "geometry": {"type": "LineString", "coordinates": [[-91.1238255, 15.1557358], [-91.1234586, 15.155532]]}, "properties": {"osmid": "71069364", "oneway": "False", "lanes": NaN, "ref": NaN, "name": NaN, "highway": "unclassified", "maxspeed": NaN, "length": 45.434, "bridge": NaN, "tunnel": NaN, "access": NaN, "junction": NaN, "width": NaN, "est_width": NaN, "iri": 12.1599998474121}}, {"type": "Feature", "geometry": {"type": "LineString", "coordinates": [[-91.1234586, 15.155532], [-91.1232683, 15.1553009]]}, "properties": {"osmid": "71069364", "oneway": "False", "lanes": NaN, "ref": NaN, "name": NaN, "highway": "unclassified", "maxspeed": NaN, "length": 32.825, "bridge": NaN, "tunnel": NaN, "access": NaN, "junction": NaN, "width": NaN, "est_width": NaN, "iri": 12.1599998474121}}, {"type": "Feature", "geometry": {"type": "LineString", "coordinates": [[-91.1232683, 15.1553009], [-91.1231053, 15.1547573]]}, "properties": {"osmid": "71069364", "oneway": "False", "lanes": NaN, "ref": NaN, "name": NaN, "highway": "unclassified", "maxspeed": NaN, "length": 62.926, "bridge": NaN, "tunnel": NaN, "access": NaN, "junction": NaN, "width": NaN, "est_width": NaN, "iri": 12.1599998474121}}, {"type": "Feature", "geometry": {"type": "LineString", "coordinates": [[-91.1231053, 15.1547573], [-91.1231188, 15.1541593]]}, "properties": {"osmid": "71069364", "oneway": "False", "lanes": NaN, "ref": NaN, "name": NaN, "highway": "unclassified", "maxspeed": NaN, "length": 66.51, "bridge": NaN, "tunnel": NaN, "access": NaN, "junction": NaN, "width": NaN, "est_width": NaN, "iri": 12.1599998474121}}, {"type": "Feature", "geometry": {"type": "LineString", "coordinates": [[-91.1231188, 15.1541593], [-91.122684, 15.153806]]}, "properties": {"osmid": "71069364", "oneway": "False", "lanes": NaN, "ref": NaN, "name": NaN, "highway": "unclassified", "maxspeed": NaN, "length": 61.001, "bridge": NaN, "tunnel": NaN, "access": NaN, "junction": NaN, "width": NaN, "est_width": NaN, "iri": 12.1599998474121}}, {"type": "Feature", "geometry": {"type": "LineString", "coordinates": [[-91.122684, 15.153806], [-91.1223034, 15.1539147]]}, "properties": {"osmid": "71069364", "oneway": "False", "lanes": NaN, "ref": NaN, "name": NaN, "highway": "unclassified", "maxspeed": NaN, "length": 42.6, "bridge": NaN, "tunnel": NaN, "access": NaN, "junction": NaN, "width": NaN, "est_width": NaN, "iri": 12.1599998474121}}, {"type": "Feature", "geometry": {"type": "LineString", "coordinates": [[-91.1223034, 15.1539147], [-91.1220044, 15.1547845]]}, "properties": {"osmid": "71069364", "oneway": "False", "lanes": NaN, "ref": NaN, "name": NaN, "highway": "unclassified", "maxspeed": NaN, "length": 101.902, "bridge": NaN, "tunnel": NaN, "access": NaN, "junction": NaN, "width": NaN, "est_width": NaN, "iri": 12.1599998474121}}, {"type": "Feature", "geometry": {"type": "LineString", "coordinates": [[-91.1220044, 15.1547845], [-91.1216919, 15.1551786]]}, "properties": {"osmid": "71069364", "oneway": "False", "lanes": NaN, "ref": NaN, "name": NaN, "highway": "unclassified", "maxspeed": NaN, "length": 55.184, "bridge": NaN, "tunnel": NaN, "access": NaN, "junction": NaN, "width": NaN, "est_width": NaN, "iri": 12.1599998474121}}, {"type": "Feature", "geometry": {"type": "LineString", "coordinates": [[-91.1216919, 15.1551786], [-91.1210531, 15.155532]]}, "properties": {"osmid": "71069364", "oneway": "False", "lanes": NaN, "ref": NaN, "name": NaN, "highway": "unclassified", "maxspeed": NaN, "length": 79.024, "bridge": NaN, "tunnel": NaN, "access": NaN, "junction": NaN, "width": NaN, "est_width": NaN, "iri": 12.1599998474121}}, {"type": "Feature", "geometry": {"type": "LineString", "coordinates": [[-91.1210531, 15.155532], [-91.1206318, 15.155532]]}, "properties": {"osmid": "71069364", "oneway": "False", "lanes": NaN, "ref": NaN, "name": NaN, "highway": "unclassified", "maxspeed": NaN, "length": 45.217, "bridge": NaN, "tunnel": NaN, "access": NaN, "junction": NaN, "width": NaN, "est_width": NaN, "iri": 12.1599998474121}}, {"type": "Feature", "geometry": {"type": "LineString", "coordinates": [[-91.1206318, 15.155532], [-91.1188515, 15.1550563]]}, "properties": {"osmid": "71069364", "oneway": "False", "lanes": NaN, "ref": NaN, "name": NaN, "highway": "unclassified", "maxspeed": NaN, "length": 198.262, "bridge": NaN, "tunnel": NaN, "access": NaN, "junction": NaN, "width": NaN, "est_width": NaN, "iri": 12.1599998474121}}, {"type": "Feature", "geometry": {"type": "LineString", "coordinates": [[-91.1188515, 15.1550563], [-91.1183758, 15.1548796]]}, "properties": {"osmid": "71069364", "oneway": "False", "lanes": NaN, "ref": NaN, "name": NaN, "highway": "unclassified", "maxspeed": NaN, "length": 54.706, "bridge": NaN, "tunnel": NaN, "access": NaN, "junction": NaN, "width": NaN, "est_width": NaN, "iri": 12.1599998474121}}, {"type": "Feature", "geometry": {"type": "LineString", "coordinates": [[-91.1183758, 15.1548796], [-91.1180225, 15.1544719]]}, "properties": {"osmid": "71069364", "oneway": "False", "lanes": NaN, "ref": NaN, "name": NaN, "highway": "unclassified", "maxspeed": NaN, "length": 59.102, "bridge": NaN, "tunnel": NaN, "access": NaN, "junction": NaN, "width": NaN, "est_width": NaN, "iri": 12.1599998474121}}, {"type": "Feature", "geometry": {"type": "LineString", "coordinates": [[-91.1180225, 15.1544719], [-91.117574, 15.1542681]]}, "properties": {"osmid": "71069364", "oneway": "False", "lanes": NaN, "ref": NaN, "name": NaN, "highway": "unclassified", "maxspeed": NaN, "length": 53.204, "bridge": NaN, "tunnel": NaN, "access": NaN, "junction": NaN, "width": NaN, "est_width": NaN, "iri": 12.1599998474121}}, {"type": "Feature", "geometry": {"type": "LineString", "coordinates": [[-91.117574, 15.1542681], [-91.1173837, 15.1543632]]}, "properties": {"osmid": "71069364", "oneway": "False", "lanes": NaN, "ref": NaN, "name": NaN, "highway": "unclassified", "maxspeed": NaN, "length": 23.0, "bridge": NaN, "tunnel": NaN, "access": NaN, "junction": NaN, "width": NaN, "est_width": NaN, "iri": 12.1599998474121}}, {"type": "Feature", "geometry": {"type": "LineString", "coordinates": [[-91.1173837, 15.1543632], [-91.117275, 15.1545942]]}, "properties": {"osmid": "71069364", "oneway": "False", "lanes": NaN, "ref": NaN, "name": NaN, "highway": "unclassified", "maxspeed": NaN, "length": 28.211, "bridge": NaN, "tunnel": NaN, "access": NaN, "junction": NaN, "width": NaN, "est_width": NaN, "iri": 12.1599998474121}}, {"type": "Feature", "geometry": {"type": "LineString", "coordinates": [[-91.117275, 15.1545942], [-91.1173701, 15.1558174]]}, "properties": {"osmid": "71069364", "oneway": "False", "lanes": NaN, "ref": NaN, "name": NaN, "highway": "unclassified", "maxspeed": NaN, "length": 136.396, "bridge": NaN, "tunnel": NaN, "access": NaN, "junction": NaN, "width": NaN, "est_width": NaN, "iri": 12.1599998474121}}, {"type": "Feature", "geometry": {"type": "LineString", "coordinates": [[-91.1173701, 15.1558174], [-91.1175332, 15.1566328]]}, "properties": {"osmid": "71069364", "oneway": "False", "lanes": NaN, "ref": NaN, "name": NaN, "highway": "unclassified", "maxspeed": NaN, "length": 92.343, "bridge": NaN, "tunnel": NaN, "access": NaN, "junction": NaN, "width": NaN, "est_width": NaN, "iri": 12.1599998474121}}, {"type": "Feature", "geometry": {"type": "LineString", "coordinates": [[-91.1175332, 15.1566328], [-91.1183894, 15.1579375]]}, "properties": {"osmid": "71069364", "oneway": "False", "lanes": NaN, "ref": NaN, "name": NaN, "highway": "unclassified", "maxspeed": NaN, "length": 171.731, "bridge": NaN, "tunnel": NaN, "access": NaN, "junction": NaN, "width": NaN, "est_width": NaN, "iri": 12.1599998474121}}, {"type": "Feature", "geometry": {"type": "LineString", "coordinates": [[-91.1183894, 15.1579375], [-91.118634, 15.1591742]]}, "properties": {"osmid": "71069364", "oneway": "False", "lanes": NaN, "ref": NaN, "name": NaN, "highway": "unclassified", "maxspeed": NaN, "length": 139.998, "bridge": NaN, "tunnel": NaN, "access": NaN, "junction": NaN, "width": NaN, "est_width": NaN, "iri": 12.1599998474121}}, {"type": "Feature", "geometry": {"type": "LineString", "coordinates": [[-91.118634, 15.1591742], [-91.1182535, 15.1596498]]}, "properties": {"osmid": "71069364", "oneway": "False", "lanes": NaN, "ref": NaN, "name": NaN, "highway": "unclassified", "maxspeed": NaN, "length": 66.817, "bridge": NaN, "tunnel": NaN, "access": NaN, "junction": NaN, "width": NaN, "est_width": NaN, "iri": 12.1599998474121}}, {"type": "Feature", "geometry": {"type": "LineString", "coordinates": [[-91.1182535, 15.1596498], [-91.1173565, 15.1597993]]}, "properties": {"osmid": "71069364", "oneway": "False", "lanes": NaN, "ref": NaN, "name": NaN, "highway": "unclassified", "maxspeed": NaN, "length": 97.696, "bridge": NaN, "tunnel": NaN, "access": NaN, "junction": NaN, "width": NaN, "est_width": NaN, "iri": 12.1599998474121}}, {"type": "Feature", "geometry": {"type": "LineString", "coordinates": [[-91.1173565, 15.1597993], [-91.1167586, 15.160275]]}, "properties": {"osmid": "71069364", "oneway": "False", "lanes": NaN, "ref": NaN, "name": NaN, "highway": "unclassified", "maxspeed": NaN, "length": 83.161, "bridge": NaN, "tunnel": NaN, "access": NaN, "junction": NaN, "width": NaN, "est_width": NaN, "iri": 12.1599998474121}}, {"type": "Feature", "geometry": {"type": "LineString", "coordinates": [[-91.1167586, 15.160275], [-91.1162693, 15.161104]]}, "properties": {"osmid": "71069364", "oneway": "False", "lanes": NaN, "ref": NaN, "name": NaN, "highway": "unclassified", "maxspeed": NaN, "length": 106.09, "bridge": NaN, "tunnel": NaN, "access": NaN, "junction": NaN, "width": NaN, "est_width": NaN, "iri": 12.1599998474121}}, {"type": "Feature", "geometry": {"type": "LineString", "coordinates": [[-91.1162693, 15.161104], [-91.1144346, 15.1623951]]}, "properties": {"osmid": "71069364", "oneway": "False", "lanes": NaN, "ref": NaN, "name": NaN, "highway": "unclassified", "maxspeed": NaN, "length": 243.687, "bridge": NaN, "tunnel": NaN, "access": NaN, "junction": NaN, "width": NaN, "est_width": NaN, "iri": 12.1599998474121}}, {"type": "Feature", "geometry": {"type": "LineString", "coordinates": [[-91.1144346, 15.1623951], [-91.1137415, 15.1638085]]}, "properties": {"osmid": "71069364", "oneway": "False", "lanes": NaN, "ref": NaN, "name": NaN, "highway": "unclassified", "maxspeed": NaN, "length": 173.878, "bridge": NaN, "tunnel": NaN, "access": NaN, "junction": NaN, "width": NaN, "est_width": NaN, "iri": 12.1599998474121}}, {"type": "Feature", "geometry": {"type": "LineString", "coordinates": [[-91.1137415, 15.1638085], [-91.1132387, 15.1643929]]}, "properties": {"osmid": "71069364", "oneway": "False", "lanes": NaN, "ref": NaN, "name": NaN, "highway": "unclassified", "maxspeed": NaN, "length": 84.467, "bridge": NaN, "tunnel": NaN, "access": NaN, "junction": NaN, "width": NaN, "est_width": NaN, "iri": 12.1599998474121}}, {"type": "Feature", "geometry": {"type": "LineString", "coordinates": [[-91.1132387, 15.1643929], [-91.1127222, 15.1646239]]}, "properties": {"osmid": "71069364", "oneway": "False", "lanes": NaN, "ref": NaN, "name": NaN, "highway": "unclassified", "maxspeed": NaN, "length": 61.094, "bridge": NaN, "tunnel": NaN, "access": NaN, "junction": NaN, "width": NaN, "est_width": NaN, "iri": 12.1599998474121}}, {"type": "Feature", "geometry": {"type": "LineString", "coordinates": [[-91.1127222, 15.1646239], [-91.1115127, 15.1647462]]}, "properties": {"osmid": "71069364", "oneway": "False", "lanes": NaN, "ref": NaN, "name": NaN, "highway": "unclassified", "maxspeed": NaN, "length": 130.518, "bridge": NaN, "tunnel": NaN, "access": NaN, "junction": NaN, "width": NaN, "est_width": NaN, "iri": 12.1599998474121}}, {"type": "Feature", "geometry": {"type": "LineString", "coordinates": [[-91.1115127, 15.1647462], [-91.1101265, 15.165086]]}, "properties": {"osmid": "71069364", "oneway": "False", "lanes": NaN, "ref": NaN, "name": NaN, "highway": "unclassified", "maxspeed": NaN, "length": 153.494, "bridge": NaN, "tunnel": NaN, "access": NaN, "junction": NaN, "width": NaN, "est_width": NaN, "iri": 12.1599998474121}}, {"type": "Feature", "geometry": {"type": "LineString", "coordinates": [[-91.1101265, 15.165086], [-91.1098139, 15.1654529]]}, "properties": {"osmid": "71069364", "oneway": "False", "lanes": NaN, "ref": NaN, "name": NaN, "highway": "unclassified", "maxspeed": NaN, "length": 52.82, "bridge": NaN, "tunnel": NaN, "access": NaN, "junction": NaN, "width": NaN, "est_width": NaN, "iri": 12.1599998474121}}, {"type": "Feature", "geometry": {"type": "LineString", "coordinates": [[-91.1098139, 15.1654529], [-91.1086179, 15.1675594]]}, "properties": {"osmid": "71069364", "oneway": "False", "lanes": NaN, "ref": NaN, "name": NaN, "highway": "unclassified", "maxspeed": NaN, "length": 267.096, "bridge": NaN, "tunnel": NaN, "access": NaN, "junction": NaN, "width": NaN, "est_width": NaN, "iri": 12.1599998474121}}, {"type": "Feature", "geometry": {"type": "LineString", "coordinates": [[-91.1086179, 15.1675594], [-91.1074628, 15.1702503]]}, "properties": {"osmid": "71069364", "oneway": "False", "lanes": NaN, "ref": NaN, "name": NaN, "highway": "unclassified", "maxspeed": NaN, "length": 323.878, "bridge": NaN, "tunnel": NaN, "access": NaN, "junction": NaN, "width": NaN, "est_width": NaN, "iri": 12.1599998474121}}, {"type": "Feature", "geometry": {"type": "LineString", "coordinates": [[-91.1074628, 15.1702503], [-91.1069327, 15.1705765]]}, "properties": {"osmid": "71069364", "oneway": "False", "lanes": NaN, "ref": NaN, "name": NaN, "highway": "unclassified", "maxspeed": NaN, "length": 67.47, "bridge": NaN, "tunnel": NaN, "access": NaN, "junction": NaN, "width": NaN, "est_width": NaN, "iri": 12.1599998474121}}, {"type": "Feature", "geometry": {"type": "LineString", "coordinates": [[-91.1069327, 15.1705765], [-91.1060901, 15.1706037]]}, "properties": {"osmid": "71069364", "oneway": "False", "lanes": NaN, "ref": NaN, "name": NaN, "highway": "unclassified", "maxspeed": NaN, "length": 90.478, "bridge": NaN, "tunnel": NaN, "access": NaN, "junction": NaN, "width": NaN, "est_width": NaN, "iri": 12.1599998474121}}, {"type": "Feature", "geometry": {"type": "LineString", "coordinates": [[-91.1060901, 15.1706037], [-91.1041059, 15.1712696]]}, "properties": {"osmid": "71069364", "oneway": "False", "lanes": NaN, "ref": NaN, "name": NaN, "highway": "unclassified", "maxspeed": NaN, "length": 225.45, "bridge": NaN, "tunnel": NaN, "access": NaN, "junction": NaN, "width": NaN, "est_width": NaN, "iri": 12.1599998474121}}, {"type": "Feature", "geometry": {"type": "LineString", "coordinates": [[-91.1041059, 15.1712696], [-91.1038205, 15.1716773]]}, "properties": {"osmid": "71069364", "oneway": "False", "lanes": NaN, "ref": NaN, "name": NaN, "highway": "unclassified", "maxspeed": NaN, "length": 54.711, "bridge": NaN, "tunnel": NaN, "access": NaN, "junction": NaN, "width": NaN, "est_width": NaN, "iri": 12.1599998474121}}, {"type": "Feature", "geometry": {"type": "LineString", "coordinates": [[-91.1038205, 15.1716773], [-91.1038341, 15.172683]]}, "properties": {"osmid": "71069364", "oneway": "False", "lanes": NaN, "ref": NaN, "name": NaN, "highway": "unclassified", "maxspeed": NaN, "length": 111.838, "bridge": NaN, "tunnel": NaN, "access": NaN, "junction": NaN, "width": NaN, "est_width": NaN, "iri": 12.1599998474121}}, {"type": "Feature", "geometry": {"type": "LineString", "coordinates": [[-91.1038341, 15.172683], [-91.1032769, 15.1739741]]}, "properties": {"osmid": "71069364", "oneway": "False", "lanes": NaN, "ref": NaN, "name": NaN, "highway": "unclassified", "maxspeed": NaN, "length": 155.52, "bridge": NaN, "tunnel": NaN, "access": NaN, "junction": NaN, "width": NaN, "est_width": NaN, "iri": 12.1599998474121}}, {"type": "Feature", "geometry": {"type": "LineString", "coordinates": [[-91.1032769, 15.1739741], [-91.1023936, 15.1747895]]}, "properties": {"osmid": "71069364", "oneway": "False", "lanes": NaN, "ref": NaN, "name": NaN, "highway": "unclassified", "maxspeed": NaN, "length": 131.174, "bridge": NaN, "tunnel": NaN, "access": NaN, "junction": NaN, "width": NaN, "est_width": NaN, "iri": 12.1599998474121}}, {"type": "Feature", "geometry": {"type": "LineString", "coordinates": [[-91.1023936, 15.1747895], [-91.1009802, 15.1757001]]}, "properties": {"osmid": "71069364", "oneway": "False", "lanes": NaN, "ref": NaN, "name": NaN, "highway": "unclassified", "maxspeed": NaN, "length": 182.374, "bridge": NaN, "tunnel": NaN, "access": NaN, "junction": NaN, "width": NaN, "est_width": NaN, "iri": 12.1599998474121}}, {"type": "Feature", "geometry": {"type": "LineString", "coordinates": [[-91.1009802, 15.1757001], [-91.1009258, 15.1760806]]}, "properties": {"osmid": "71069364", "oneway": "False", "lanes": NaN, "ref": NaN, "name": NaN, "highway": "unclassified", "maxspeed": NaN, "length": 42.711, "bridge": NaN, "tunnel": NaN, "access": NaN, "junction": NaN, "width": NaN, "est_width": NaN, "iri": 12.1599998474121}}, {"type": "Feature", "geometry": {"type": "LineString", "coordinates": [[-91.1009258, 15.1760806], [-91.1012792, 15.1761757]]}, "properties": {"osmid": "71069364", "oneway": "False", "lanes": NaN, "ref": NaN, "name": NaN, "highway": "unclassified", "maxspeed": NaN, "length": 39.373, "bridge": NaN, "tunnel": NaN, "access": NaN, "junction": NaN, "width": NaN, "est_width": NaN, "iri": 12.1599998474121}}, {"type": "Feature", "geometry": {"type": "LineString", "coordinates": [[-91.1012792, 15.1761757], [-91.1017276, 15.175999]]}, "properties": {"osmid": "71069364", "oneway": "False", "lanes": NaN, "ref": NaN, "name": NaN, "highway": "unclassified", "maxspeed": NaN, "length": 51.978, "bridge": NaN, "tunnel": NaN, "access": NaN, "junction": NaN, "width": NaN, "est_width": NaN, "iri": 12.1599998474121}}, {"type": "Feature", "geometry": {"type": "LineString", "coordinates": [[-91.1017276, 15.175999], [-91.1023392, 15.1758903]]}, "properties": {"osmid": "71069364", "oneway": "False", "lanes": NaN, "ref": NaN, "name": NaN, "highway": "unclassified", "maxspeed": NaN, "length": 66.739, "bridge": NaN, "tunnel": NaN, "access": NaN, "junction": NaN, "width": NaN, "est_width": NaN, "iri": 12.1599998474121}}, {"type": "Feature", "geometry": {"type": "LineString", "coordinates": [[-91.1023392, 15.1758903], [-91.1028149, 15.1757544]]}, "properties": {"osmid": "71069364", "oneway": "False", "lanes": NaN, "ref": NaN, "name": NaN, "highway": "unclassified", "maxspeed": NaN, "length": 53.24, "bridge": NaN, "tunnel": NaN, "access": NaN, "junction": NaN, "width": NaN, "est_width": NaN, "iri": 12.1599998474121}}, {"type": "Feature", "geometry": {"type": "LineString", "coordinates": [[-91.1028149, 15.1757544], [-91.1031139, 15.1754282]]}, "properties": {"osmid": "71069364", "oneway": "False", "lanes": NaN, "ref": NaN, "name": NaN, "highway": "unclassified", "maxspeed": NaN, "length": 48.428, "bridge": NaN, "tunnel": NaN, "access": NaN, "junction": NaN, "width": NaN, "est_width": NaN, "iri": 12.1599998474121}}, {"type": "Feature", "geometry": {"type": "LineString", "coordinates": [[-91.1031139, 15.1754282], [-91.1036982, 15.1752108]]}, "properties": {"osmid": "71069364", "oneway": "False", "lanes": NaN, "ref": NaN, "name": NaN, "highway": "unclassified", "maxspeed": NaN, "length": 67.204, "bridge": NaN, "tunnel": NaN, "access": NaN, "junction": NaN, "width": NaN, "est_width": NaN, "iri": 12.1599998474121}}, {"type": "Feature", "geometry": {"type": "LineString", "coordinates": [[-91.1036982, 15.1752108], [-91.1041875, 15.1750341]]}, "properties": {"osmid": "71069364", "oneway": "False", "lanes": NaN, "ref": NaN, "name": NaN, "highway": "unclassified", "maxspeed": NaN, "length": 56.066, "bridge": NaN, "tunnel": NaN, "access": NaN, "junction": NaN, "width": NaN, "est_width": NaN, "iri": 12.1599998474121}}, {"type": "Feature", "geometry": {"type": "LineString", "coordinates": [[-91.1041875, 15.1750341], [-91.1051388, 15.173811]]}, "properties": {"osmid": "71069364", "oneway": "False", "lanes": NaN, "ref": NaN, "name": NaN, "highway": "unclassified", "maxspeed": NaN, "length": 170.057, "bridge": NaN, "tunnel": NaN, "access": NaN, "junction": NaN, "width": NaN, "est_width": NaN, "iri": 12.1599998474121}}, {"type": "Feature", "geometry": {"type": "LineString", "coordinates": [[-91.1051388, 15.173811], [-91.105465, 15.1736615]]}, "properties": {"osmid": "71069364", "oneway": "False", "lanes": NaN, "ref": NaN, "name": NaN, "highway": "unclassified", "maxspeed": NaN, "length": 38.754, "bridge": NaN, "tunnel": NaN, "access": NaN, "junction": NaN, "width": NaN, "est_width": NaN, "iri": 12.1599998474121}}, {"type": "Feature", "geometry": {"type": "LineString", "coordinates": [[-91.105465, 15.1736615], [-91.1057776, 15.1737702]]}, "properties": {"osmid": "71069364", "oneway": "False", "lanes": NaN, "ref": NaN, "name": NaN, "highway": "unclassified", "maxspeed": NaN, "length": 35.659, "bridge": NaN, "tunnel": NaN, "access": NaN, "junction": NaN, "width": NaN, "est_width": NaN, "iri": 12.1599998474121}}, {"type": "Feature", "geometry": {"type": "LineString", "coordinates": [[-91.1057776, 15.1737702], [-91.1058455, 15.1741643]]}, "properties": {"osmid": "71069364", "oneway": "False", "lanes": NaN, "ref": NaN, "name": NaN, "highway": "unclassified", "maxspeed": NaN, "length": 44.424, "bridge": NaN, "tunnel": NaN, "access": NaN, "junction": NaN, "width": NaN, "est_width": NaN, "iri": 12.1599998474121}}, {"type": "Feature", "geometry": {"type": "LineString", "coordinates": [[-91.1058455, 15.1741643], [-91.105397, 15.174708]]}, "properties": {"osmid": "71069364", "oneway": "False", "lanes": NaN, "ref": NaN, "name": NaN, "highway": "unclassified", "maxspeed": NaN, "length": 77.277, "bridge": NaN, "tunnel": NaN, "access": NaN, "junction": NaN, "width": NaN, "est_width": NaN, "iri": 12.1599998474121}}, {"type": "Feature", "geometry": {"type": "LineString", "coordinates": [[-91.105397, 15.174708], [-91.1052747, 15.1750613]]}, "properties": {"osmid": "71069364", "oneway": "False", "lanes": NaN, "ref": NaN, "name": NaN, "highway": "unclassified", "maxspeed": NaN, "length": 41.42, "bridge": NaN, "tunnel": NaN, "access": NaN, "junction": NaN, "width": NaN, "est_width": NaN, "iri": 12.1599998474121}}, {"type": "Feature", "geometry": {"type": "LineString", "coordinates": [[-91.1052747, 15.1750613], [-91.1055601, 15.1760398]]}, "properties": {"osmid": "71069364", "oneway": "False", "lanes": NaN, "ref": NaN, "name": NaN, "highway": "unclassified", "maxspeed": NaN, "length": 113.033, "bridge": NaN, "tunnel": NaN, "access": NaN, "junction": NaN, "width": NaN, "est_width": NaN, "iri": 12.1599998474121}}, {"type": "Feature", "geometry": {"type": "LineString", "coordinates": [[-91.1055601, 15.1760398], [-91.1054378, 15.1764067]]}, "properties": {"osmid": "71069364", "oneway": "False", "lanes": NaN, "ref": NaN, "name": NaN, "highway": "unclassified", "maxspeed": NaN, "length": 42.857, "bridge": NaN, "tunnel": NaN, "access": NaN, "junction": NaN, "width": NaN, "est_width": NaN, "iri": 12.1599998474121}}, {"type": "Feature", "geometry": {"type": "LineString", "coordinates": [[-91.1054378, 15.1764067], [-91.1044185, 15.1767737]]}, "properties": {"osmid": "71069364", "oneway": "False", "lanes": NaN, "ref": NaN, "name": NaN, "highway": "unclassified", "maxspeed": NaN, "length": 116.752, "bridge": NaN, "tunnel": NaN, "access": NaN, "junction": NaN, "width": NaN, "est_width": NaN, "iri": 12.1599998474121}}, {"type": "Feature", "geometry": {"type": "LineString", "coordinates": [[-91.1044185, 15.1767737], [-91.1042826, 15.1771678]]}, "properties": {"osmid": "71069364", "oneway": "False", "lanes": NaN, "ref": NaN, "name": NaN, "highway": "unclassified", "maxspeed": NaN, "length": 46.185, "bridge": NaN, "tunnel": NaN, "access": NaN, "junction": NaN, "width": NaN, "est_width": NaN, "iri": 12.1599998474121}}, {"type": "Feature", "geometry": {"type": "LineString", "coordinates": [[-91.1042826, 15.1771678], [-91.1044865, 15.1772901]]}, "properties": {"osmid": "71069364", "oneway": "False", "lanes": NaN, "ref": NaN, "name": NaN, "highway": "unclassified", "maxspeed": NaN, "length": 25.763, "bridge": NaN, "tunnel": NaN, "access": NaN, "junction": NaN, "width": NaN, "est_width": NaN, "iri": 12.1599998474121}}, {"type": "Feature", "geometry": {"type": "LineString", "coordinates": [[-91.1044865, 15.1772901], [-91.1047719, 15.1778066]]}, "properties": {"osmid": "71069364", "oneway": "False", "lanes": NaN, "ref": NaN, "name": NaN, "highway": "unclassified", "maxspeed": NaN, "length": 65.089, "bridge": NaN, "tunnel": NaN, "access": NaN, "junction": NaN, "width": NaN, "est_width": NaN, "iri": 12.1599998474121}}, {"type": "Feature", "geometry": {"type": "LineString", "coordinates": [[-91.1047719, 15.1778066], [-91.1039429, 15.1789617]]}, "properties": {"osmid": "71069364", "oneway": "False", "lanes": NaN, "ref": NaN, "name": NaN, "highway": "unclassified", "maxspeed": NaN, "length": 156.243, "bridge": NaN, "tunnel": NaN, "access": NaN, "junction": NaN, "width": NaN, "est_width": NaN, "iri": 12.1599998474121}}, {"type": "Feature", "geometry": {"type": "LineString", "coordinates": [[-91.1039429, 15.1789617], [-91.103508, 15.1790025]]}, "properties": {"osmid": "71069364", "oneway": "False", "lanes": NaN, "ref": NaN, "name": NaN, "highway": "unclassified", "maxspeed": NaN, "length": 46.892, "bridge": NaN, "tunnel": NaN, "access": NaN, "junction": NaN, "width": NaN, "est_width": NaN, "iri": 12.1599998474121}}, {"type": "Feature", "geometry": {"type": "LineString", "coordinates": [[-91.103508, 15.1790025], [-91.1030187, 15.1787443]]}, "properties": {"osmid": "71069364", "oneway": "False", "lanes": NaN, "ref": NaN, "name": NaN, "highway": "unclassified", "maxspeed": NaN, "length": 59.846, "bridge": NaN, "tunnel": NaN, "access": NaN, "junction": NaN, "width": NaN, "est_width": NaN, "iri": 12.1599998474121}}, {"type": "Feature", "geometry": {"type": "LineString", "coordinates": [[-91.1030187, 15.1787443], [-91.1025838, 15.1787307]]}, "properties": {"osmid": "71069364", "oneway": "False", "lanes": NaN, "ref": NaN, "name": NaN, "highway": "unclassified", "maxspeed": NaN, "length": 46.696, "bridge": NaN, "tunnel": NaN, "access": NaN, "junction": NaN, "width": NaN, "est_width": NaN, "iri": 12.1599998474121}}, {"type": "Feature", "geometry": {"type": "LineString", "coordinates": [[-91.1025838, 15.1787307], [-91.101252, 15.1796413]]}, "properties": {"osmid": "71069364", "oneway": "False", "lanes": NaN, "ref": NaN, "name": NaN, "highway": "unclassified", "maxspeed": NaN, "length": 175.155, "bridge": NaN, "tunnel": NaN, "access": NaN, "junction": NaN, "width": NaN, "est_width": NaN, "iri": 12.1599998474121}}, {"type": "Feature", "geometry": {"type": "LineString", "coordinates": [[-91.101252, 15.1796413], [-91.1008986, 15.17975]]}, "properties": {"osmid": "71069364", "oneway": "False", "lanes": NaN, "ref": NaN, "name": NaN, "highway": "unclassified", "maxspeed": NaN, "length": 39.805, "bridge": NaN, "tunnel": NaN, "access": NaN, "junction": NaN, "width": NaN, "est_width": NaN, "iri": 12.1599998474121}}, {"type": "Feature", "geometry": {"type": "LineString", "coordinates": [[-91.1008986, 15.17975], [-91.1001919, 15.1796956]]}, "properties": {"osmid": "71069364", "oneway": "False", "lanes": NaN, "ref": NaN, "name": NaN, "highway": "unclassified", "maxspeed": NaN, "length": 76.081, "bridge": NaN, "tunnel": NaN, "access": NaN, "junction": NaN, "width": NaN, "est_width": NaN, "iri": 12.1599998474121}}, {"type": "Feature", "geometry": {"type": "LineString", "coordinates": [[-91.1001919, 15.1796956], [-91.0998386, 15.180049]]}, "properties": {"osmid": "71069364", "oneway": "False", "lanes": NaN, "ref": NaN, "name": NaN, "highway": "unclassified", "maxspeed": NaN, "length": 54.605, "bridge": NaN, "tunnel": NaN, "access": NaN, "junction": NaN, "width": NaN, "est_width": NaN, "iri": 12.1599998474121}}, {"type": "Feature", "geometry": {"type": "LineString", "coordinates": [[-91.0998386, 15.180049], [-91.0994037, 15.1801577]]}, "properties": {"osmid": "71069364", "oneway": "False", "lanes": NaN, "ref": NaN, "name": NaN, "highway": "unclassified", "maxspeed": NaN, "length": 48.211, "bridge": NaN, "tunnel": NaN, "access": NaN, "junction": NaN, "width": NaN, "est_width": NaN, "iri": 12.1599998474121}}, {"type": "Feature", "geometry": {"type": "LineString", "coordinates": [[-91.0994037, 15.1801577], [-91.0984252, 15.1794646]]}, "properties": {"osmid": "71069364", "oneway": "False", "lanes": NaN, "ref": NaN, "name": NaN, "highway": "unclassified", "maxspeed": NaN, "length": 130.255, "bridge": NaN, "tunnel": NaN, "access": NaN, "junction": NaN, "width": NaN, "est_width": NaN, "iri": 12.1599998474121}}, {"type": "Feature", "geometry": {"type": "LineString", "coordinates": [[-91.0984252, 15.1794646], [-91.0978408, 15.1784453]]}, "properties": {"osmid": "71069364", "oneway": "False", "lanes": NaN, "ref": NaN, "name": NaN, "highway": "unclassified", "maxspeed": NaN, "length": 129.535, "bridge": NaN, "tunnel": NaN, "access": NaN, "junction": NaN, "width": NaN, "est_width": NaN, "iri": 12.1599998474121}}, {"type": "Feature", "geometry": {"type": "LineString", "coordinates": [[-91.0978408, 15.1784453], [-91.0972217, 15.1783964]]}, "properties": {"osmid": "71069364", "oneway": "False", "lanes": NaN, "ref": NaN, "name": NaN, "highway": "unclassified", "maxspeed": NaN, "length": 66.662, "bridge": NaN, "tunnel": NaN, "access": NaN, "junction": NaN, "width": NaN, "est_width": NaN, "iri": 12.1599998474121}}, {"type": "Feature", "geometry": {"type": "LineString", "coordinates": [[-91.0972217, 15.1783964], [-91.0950412, 15.1791792]]}, "properties": {"osmid": "71069364", "oneway": "False", "lanes": NaN, "ref": NaN, "name": NaN, "highway": "unclassified", "maxspeed": NaN, "length": 249.667, "bridge": NaN, "tunnel": NaN, "access": NaN, "junction": NaN, "width": NaN, "est_width": NaN, "iri": 12.1599998474121}}, {"type": "Feature", "geometry": {"type": "LineString", "coordinates": [[-91.0950412, 15.1791792], [-91.0947558, 15.1795733]]}, "properties": {"osmid": "71069364", "oneway": "False", "lanes": NaN, "ref": NaN, "name": NaN, "highway": "unclassified", "maxspeed": NaN, "length": 53.464, "bridge": NaN, "tunnel": NaN, "access": NaN, "junction": NaN, "width": NaN, "est_width": NaN, "iri": 12.1599998474121}}, {"type": "Feature", "geometry": {"type": "LineString", "coordinates": [[-91.0947558, 15.1795733], [-91.0948237, 15.1800218]]}, "properties": {"osmid": "71069364", "oneway": "False", "lanes": NaN, "ref": NaN, "name": NaN, "highway": "unclassified", "maxspeed": NaN, "length": 50.401, "bridge": NaN, "tunnel": NaN, "access": NaN, "junction": NaN, "width": NaN, "est_width": NaN, "iri": 12.1599998474121}}, {"type": "Feature", "geometry": {"type": "LineString", "coordinates": [[-91.0948237, 15.1800218], [-91.0944976, 15.1804159]]}, "properties": {"osmid": "71069364", "oneway": "False", "lanes": NaN, "ref": NaN, "name": NaN, "highway": "unclassified", "maxspeed": NaN, "length": 56.081, "bridge": NaN, "tunnel": NaN, "access": NaN, "junction": NaN, "width": NaN, "est_width": NaN, "iri": 12.1599998474121}}, {"type": "Feature", "geometry": {"type": "LineString", "coordinates": [[-91.0944976, 15.1804159], [-91.0926765, 15.180579]]}, "properties": {"osmid": "71069364", "oneway": "False", "lanes": NaN, "ref": NaN, "name": NaN, "highway": "unclassified", "maxspeed": NaN, "length": 196.271, "bridge": NaN, "tunnel": NaN, "access": NaN, "junction": NaN, "width": NaN, "est_width": NaN, "iri": 12.1599998474121}}, {"type": "Feature", "geometry": {"type": "LineString", "coordinates": [[-91.0926765, 15.180579], [-91.0880014, 15.1801985]]}, "properties": {"osmid": "71069364", "oneway": "False", "lanes": NaN, "ref": NaN, "name": NaN, "highway": "unclassified", "maxspeed": NaN, "length": 503.49, "bridge": NaN, "tunnel": NaN, "access": NaN, "junction": NaN, "width": NaN, "est_width": NaN, "iri": 12.1599998474121}}, {"type": "Feature", "geometry": {"type": "LineString", "coordinates": [[-91.0880014, 15.1801985], [-91.08652, 15.1804431]]}, "properties": {"osmid": "71069364", "oneway": "False", "lanes": NaN, "ref": NaN, "name": NaN, "highway": "unclassified", "maxspeed": NaN, "length": 161.286, "bridge": NaN, "tunnel": NaN, "access": NaN, "junction": NaN, "width": NaN, "est_width": NaN, "iri": 12.1599998474121}}, {"type": "Feature", "geometry": {"type": "LineString", "coordinates": [[-91.08652, 15.1804431], [-91.0825516, 15.181476]]}, "properties": {"osmid": "71069364", "oneway": "False", "lanes": NaN, "ref": NaN, "name": NaN, "highway": "unclassified", "maxspeed": NaN, "length": 441.084, "bridge": NaN, "tunnel": NaN, "access": NaN, "junction": NaN, "width": NaN, "est_width": NaN, "iri": 12.1599998474121}}, {"type": "Feature", "geometry": {"type": "LineString", "coordinates": [[-91.0825516, 15.181476], [-91.0811383, 15.1821555]]}, "properties": {"osmid": "71069364", "oneway": "False", "lanes": NaN, "ref": NaN, "name": NaN, "highway": "unclassified", "maxspeed": NaN, "length": 169.446, "bridge": NaN, "tunnel": NaN, "access": NaN, "junction": NaN, "width": NaN, "est_width": NaN, "iri": 12.1599998474121}}, {"type": "Feature", "geometry": {"type": "LineString", "coordinates": [[-91.0811383, 15.1821555], [-91.0801597, 15.1831476]]}, "properties": {"osmid": "71069364", "oneway": "False", "lanes": NaN, "ref": NaN, "name": NaN, "highway": "unclassified", "maxspeed": NaN, "length": 152.31, "bridge": NaN, "tunnel": NaN, "access": NaN, "junction": NaN, "width": NaN, "est_width": NaN, "iri": 12.1599998474121}}, {"type": "Feature", "geometry": {"type": "LineString", "coordinates": [[-91.0801597, 15.1831476], [-91.0781891, 15.1857705]]}, "properties": {"osmid": "71069364", "oneway": "False", "lanes": NaN, "ref": NaN, "name": NaN, "highway": "unclassified", "maxspeed": NaN, "length": 360.252, "bridge": NaN, "tunnel": NaN, "access": NaN, "junction": NaN, "width": NaN, "est_width": NaN, "iri": 12.1599998474121}}, {"type": "Feature", "geometry": {"type": "LineString", "coordinates": [[-91.0781891, 15.1857705], [-91.078094, 15.1861782]]}, "properties": {"osmid": "71069364", "oneway": "False", "lanes": NaN, "ref": NaN, "name": NaN, "highway": "unclassified", "maxspeed": NaN, "length": 46.469, "bridge": NaN, "tunnel": NaN, "access": NaN, "junction": NaN, "width": NaN, "est_width": NaN, "iri": 12.1599998474121}}, {"type": "Feature", "geometry": {"type": "LineString", "coordinates": [[-91.078094, 15.1861782], [-91.0787464, 15.187646]]}, "properties": {"osmid": "71069364", "oneway": "False", "lanes": NaN, "ref": NaN, "name": NaN, "highway": "unclassified", "maxspeed": NaN, "length": 177.594, "bridge": NaN, "tunnel": NaN, "access": NaN, "junction": NaN, "width": NaN, "est_width": NaN, "iri": 12.1599998474121}}, {"type": "Feature", "geometry": {"type": "LineString", "coordinates": [[-91.0787464, 15.187646], [-91.079222, 15.189005]]}, "properties": {"osmid": "71069364", "oneway": "False", "lanes": NaN, "ref": NaN, "name": NaN, "highway": "unclassified", "maxspeed": NaN, "length": 159.5, "bridge": NaN, "tunnel": NaN, "access": NaN, "junction": NaN, "width": NaN, "est_width": NaN, "iri": 12.1599998474121}}]}