{"type": "FeatureCollection", "features": [{"type": "Feature", "geometry": {"type": "LineString", "coordinates": [[-91.7915879, 14.8210243], [-91.7914296, 14.8210373]]}, "properties": {"osmid": "860269722", "oneway": "False", "lanes": NaN, "ref": "RN-13", "name": NaN, "highway": "tertiary", "maxspeed": NaN, "length": 17.078, "bridge": NaN, "tunnel": NaN, "access": NaN, "junction": NaN, "width": NaN, "est_width": NaN, "iri": 36.1699981689453}}, {"type": "Feature", "geometry": {"type": "LineString", "coordinates": [[-91.7914296, 14.8210373], [-91.7912848, 14.8211125]]}, "properties": {"osmid": "860269722", "oneway": "False", "lanes": NaN, "ref": "RN-13", "name": NaN, "highway": "tertiary", "maxspeed": NaN, "length": 17.669, "bridge": NaN, "tunnel": NaN, "access": NaN, "junction": NaN, "width": NaN, "est_width": NaN, "iri": 36.1699981689453}}, {"type": "Feature", "geometry": {"type": "LineString", "coordinates": [[-91.7912848, 14.8211125], [-91.7911104, 14.8212136]]}, "properties": {"osmid": "860269722", "oneway": "False", "lanes": NaN, "ref": "RN-13", "name": NaN, "highway": "tertiary", "maxspeed": NaN, "length": 21.859, "bridge": NaN, "tunnel": NaN, "access": NaN, "junction": NaN, "width": NaN, "est_width": NaN, "iri": 36.1699981689453}}, {"type": "Feature", "geometry": {"type": "LineString", "coordinates": [[-91.7911104, 14.8212136], [-91.7909441, 14.8213484]]}, "properties": {"osmid": "860269722", "oneway": "False", "lanes": NaN, "ref": "RN-13", "name": NaN, "highway": "tertiary", "maxspeed": NaN, "length": 23.329, "bridge": NaN, "tunnel": NaN, "access": NaN, "junction": NaN, "width": NaN, "est_width": NaN, "iri": 36.1699981689453}}, {"type": "Feature", "geometry": {"type": "LineString", "coordinates": [[-91.7909441, 14.8213484], [-91.7908421, 14.8214631]]}, "properties": {"osmid": "860269722", "oneway": "False", "lanes": NaN, "ref": "RN-13", "name": NaN, "highway": "tertiary", "maxspeed": NaN, "length": 16.819, "bridge": NaN, "tunnel": NaN, "access": NaN, "junction": NaN, "width": NaN, "est_width": NaN, "iri": 36.1699981689453}}, {"type": "Feature", "geometry": {"type": "LineString", "coordinates": [[-91.7908421, 14.8214631], [-91.7906427, 14.8206015]]}, "properties": {"osmid": "390163606", "oneway": "False", "lanes": NaN, "ref": NaN, "name": NaN, "highway": "tertiary", "maxspeed": NaN, "length": 98.174, "bridge": NaN, "tunnel": NaN, "access": NaN, "junction": NaN, "width": NaN, "est_width": NaN, "iri": 36.1699981689453}}, {"type": "Feature", "geometry": {"type": "LineString", "coordinates": [[-91.7906427, 14.8206015], [-91.7907447, 14.8199325]]}, "properties": {"osmid": "390163606", "oneway": "False", "lanes": NaN, "ref": NaN, "name": NaN, "highway": "tertiary", "maxspeed": NaN, "length": 75.193, "bridge": NaN, "tunnel": NaN, "access": NaN, "junction": NaN, "width": NaN, "est_width": NaN, "iri": 36.1699981689453}}, {"type": "Feature", "geometry": {"type": "LineString", "coordinates": [[-91.7907447, 14.8199325], [-91.7909271, 14.8191339]]}, "properties": {"osmid": "390163606", "oneway": "False", "lanes": NaN, "ref": NaN, "name": NaN, "highway": "tertiary", "maxspeed": NaN, "length": 90.939, "bridge": NaN, "tunnel": NaN, "access": NaN, "junction": NaN, "width": NaN, "est_width": NaN, "iri": 36.1699981689453}}, {"type": "Feature", "geometry": {"type": "LineString", "coordinates": [[-91.7909271, 14.8191339], [-91.7908037, 14.8184545]]}, "properties": {"osmid": "390163606", "oneway": "False", "lanes": NaN, "ref": NaN, "name": NaN, "highway": "tertiary", "maxspeed": NaN, "length": 76.702, "bridge": NaN, "tunnel": NaN, "access": NaN, "junction": NaN, "width": NaN, "est_width": NaN, "iri": 36.1699981689453}}, {"type": "Feature", "geometry": {"type": "LineString", "coordinates": [[-91.7908037, 14.8184545], [-91.7904282, 14.8179878]]}, "properties": {"osmid": "390163606", "oneway": "False", "lanes": NaN, "ref": NaN, "name": NaN, "highway": "tertiary", "maxspeed": NaN, "length": 65.745, "bridge": NaN, "tunnel": NaN, "access": NaN, "junction": NaN, "width": NaN, "est_width": NaN, "iri": 36.1699981689453}}, {"type": "Feature", "geometry": {"type": "LineString", "coordinates": [[-91.7904282, 14.8179878], [-91.790632, 14.8176403]]}, "properties": {"osmid": "390163606", "oneway": "False", "lanes": NaN, "ref": NaN, "name": NaN, "highway": "tertiary", "maxspeed": NaN, "length": 44.419, "bridge": NaN, "tunnel": NaN, "access": NaN, "junction": NaN, "width": NaN, "est_width": NaN, "iri": 36.1699981689453}}, {"type": "Feature", "geometry": {"type": "LineString", "coordinates": [[-91.790632, 14.8176403], [-91.7905086, 14.8171891]]}, "properties": {"osmid": "390163606", "oneway": "False", "lanes": NaN, "ref": NaN, "name": NaN, "highway": "tertiary", "maxspeed": NaN, "length": 51.895, "bridge": NaN, "tunnel": NaN, "access": NaN, "junction": NaN, "width": NaN, "est_width": NaN, "iri": 36.1699981689453}}, {"type": "Feature", "geometry": {"type": "LineString", "coordinates": [[-91.7905086, 14.8171891], [-91.7899454, 14.8177025]]}, "properties": {"osmid": "390163606", "oneway": "False", "lanes": NaN, "ref": NaN, "name": NaN, "highway": "tertiary", "maxspeed": NaN, "length": 83.213, "bridge": NaN, "tunnel": NaN, "access": NaN, "junction": NaN, "width": NaN, "est_width": NaN, "iri": 36.1699981689453}}, {"type": "Feature", "geometry": {"type": "LineString", "coordinates": [[-91.7899454, 14.8177025], [-91.7897898, 14.817687]]}, "properties": {"osmid": "390163606", "oneway": "False", "lanes": NaN, "ref": NaN, "name": NaN, "highway": "tertiary", "maxspeed": NaN, "length": 16.815, "bridge": NaN, "tunnel": NaN, "access": NaN, "junction": NaN, "width": NaN, "est_width": NaN, "iri": 36.1699981689453}}, {"type": "Feature", "geometry": {"type": "LineString", "coordinates": [[-91.7897898, 14.817687], [-91.7899454, 14.8169869]]}, "properties": {"osmid": "390163606", "oneway": "False", "lanes": NaN, "ref": NaN, "name": NaN, "highway": "tertiary", "maxspeed": NaN, "length": 79.624, "bridge": NaN, "tunnel": NaN, "access": NaN, "junction": NaN, "width": NaN, "est_width": NaN, "iri": 36.1699981689453}}, {"type": "Feature", "geometry": {"type": "LineString", "coordinates": [[-91.7899454, 14.8169869], [-91.7898005, 14.8153377]]}, "properties": {"osmid": "390163606", "oneway": "False", "lanes": NaN, "ref": NaN, "name": NaN, "highway": "tertiary", "maxspeed": NaN, "length": 184.043, "bridge": NaN, "tunnel": NaN, "access": NaN, "junction": NaN, "width": NaN, "est_width": NaN, "iri": 36.1699981689453}}, {"type": "Feature", "geometry": {"type": "LineString", "coordinates": [[-91.7898005, 14.8153377], [-91.7897362, 14.814482]]}, "properties": {"osmid": "390163606", "oneway": "False", "lanes": NaN, "ref": NaN, "name": NaN, "highway": "tertiary", "maxspeed": NaN, "length": 95.4, "bridge": NaN, "tunnel": NaN, "access": NaN, "junction": NaN, "width": NaN, "est_width": NaN, "iri": 36.1699981689453}}, {"type": "Feature", "geometry": {"type": "LineString", "coordinates": [[-91.7897362, 14.814482], [-91.7894197, 14.8136367]]}, "properties": {"osmid": "390163606", "oneway": "False", "lanes": NaN, "ref": NaN, "name": NaN, "highway": "tertiary", "maxspeed": NaN, "length": 99.962, "bridge": NaN, "tunnel": NaN, "access": NaN, "junction": NaN, "width": NaN, "est_width": NaN, "iri": 36.1699981689453}}, {"type": "Feature", "geometry": {"type": "LineString", "coordinates": [[-91.7894197, 14.8136367], [-91.7891139, 14.813564]]}, "properties": {"osmid": "390163606", "oneway": "False", "lanes": NaN, "ref": NaN, "name": NaN, "highway": "tertiary", "maxspeed": NaN, "length": 33.853, "bridge": NaN, "tunnel": NaN, "access": NaN, "junction": NaN, "width": NaN, "est_width": NaN, "iri": 36.1699981689453}}, {"type": "Feature", "geometry": {"type": "LineString", "coordinates": [[-91.7891139, 14.813564], [-91.7888296, 14.8137248]]}, "properties": {"osmid": "390163606", "oneway": "False", "lanes": NaN, "ref": NaN, "name": NaN, "highway": "tertiary", "maxspeed": NaN, "length": 35.408, "bridge": NaN, "tunnel": NaN, "access": NaN, "junction": NaN, "width": NaN, "est_width": NaN, "iri": 36.1699981689453}}, {"type": "Feature", "geometry": {"type": "LineString", "coordinates": [[-91.7888296, 14.8137248], [-91.7887169, 14.8140412]]}, "properties": {"osmid": "390163606", "oneway": "False", "lanes": NaN, "ref": NaN, "name": NaN, "highway": "tertiary", "maxspeed": NaN, "length": 37.21, "bridge": NaN, "tunnel": NaN, "access": NaN, "junction": NaN, "width": NaN, "est_width": NaN, "iri": 36.1699981689453}}, {"type": "Feature", "geometry": {"type": "LineString", "coordinates": [[-91.7887169, 14.8140412], [-91.7885721, 14.8140515]]}, "properties": {"osmid": "390163606", "oneway": "False", "lanes": NaN, "ref": NaN, "name": NaN, "highway": "tertiary", "maxspeed": NaN, "length": 15.608, "bridge": NaN, "tunnel": NaN, "access": NaN, "junction": NaN, "width": NaN, "est_width": NaN, "iri": 36.1699981689453}}, {"type": "Feature", "geometry": {"type": "LineString", "coordinates": [[-91.7885721, 14.8140515], [-91.7884648, 14.8133825]]}, "properties": {"osmid": "390163606", "oneway": "False", "lanes": NaN, "ref": NaN, "name": NaN, "highway": "tertiary", "maxspeed": NaN, "length": 75.278, "bridge": NaN, "tunnel": NaN, "access": NaN, "junction": NaN, "width": NaN, "est_width": NaN, "iri": 36.1699981689453}}, {"type": "Feature", "geometry": {"type": "LineString", "coordinates": [[-91.7884648, 14.8133825], [-91.7882448, 14.812921]]}, "properties": {"osmid": "390163606", "oneway": "False", "lanes": NaN, "ref": NaN, "name": NaN, "highway": "tertiary", "maxspeed": NaN, "length": 56.504, "bridge": NaN, "tunnel": NaN, "access": NaN, "junction": NaN, "width": NaN, "est_width": NaN, "iri": 36.1699981689453}}, {"type": "Feature", "geometry": {"type": "LineString", "coordinates": [[-91.7882448, 14.812921], [-91.7888779, 14.8127809]]}, "properties": {"osmid": "390163606", "oneway": "False", "lanes": NaN, "ref": NaN, "name": NaN, "highway": "tertiary", "maxspeed": NaN, "length": 69.818, "bridge": NaN, "tunnel": NaN, "access": NaN, "junction": NaN, "width": NaN, "est_width": NaN, "iri": 36.1699981689453}}, {"type": "Feature", "geometry": {"type": "LineString", "coordinates": [[-91.7888779, 14.8127809], [-91.78891, 14.8121638]]}, "properties": {"osmid": "390163606", "oneway": "False", "lanes": NaN, "ref": NaN, "name": NaN, "highway": "tertiary", "maxspeed": NaN, "length": 68.705, "bridge": NaN, "tunnel": NaN, "access": NaN, "junction": NaN, "width": NaN, "est_width": NaN, "iri": 36.1699981689453}}, {"type": "Feature", "geometry": {"type": "LineString", "coordinates": [[-91.78891, 14.8121638], [-91.7892748, 14.8120238]]}, "properties": {"osmid": "390163606", "oneway": "False", "lanes": NaN, "ref": NaN, "name": NaN, "highway": "tertiary", "maxspeed": NaN, "length": 42.193, "bridge": NaN, "tunnel": NaN, "access": NaN, "junction": NaN, "width": NaN, "est_width": NaN, "iri": 36.1699981689453}}, {"type": "Feature", "geometry": {"type": "LineString", "coordinates": [[-91.7892748, 14.8120238], [-91.7891139, 14.8112614]]}, "properties": {"osmid": "390163606", "oneway": "False", "lanes": NaN, "ref": NaN, "name": NaN, "highway": "tertiary", "maxspeed": NaN, "length": 86.522, "bridge": NaN, "tunnel": NaN, "access": NaN, "junction": NaN, "width": NaN, "est_width": NaN, "iri": 36.1699981689453}}, {"type": "Feature", "geometry": {"type": "LineString", "coordinates": [[-91.7891139, 14.8112614], [-91.7896664, 14.8111525]]}, "properties": {"osmid": "390163606", "oneway": "False", "lanes": NaN, "ref": NaN, "name": NaN, "highway": "tertiary", "maxspeed": NaN, "length": 60.616, "bridge": NaN, "tunnel": NaN, "access": NaN, "junction": NaN, "width": NaN, "est_width": NaN, "iri": 36.1699981689453}}, {"type": "Feature", "geometry": {"type": "LineString", "coordinates": [[-91.7896664, 14.8111525], [-91.7898381, 14.8105198]]}, "properties": {"osmid": "390163606", "oneway": "False", "lanes": NaN, "ref": NaN, "name": NaN, "highway": "tertiary", "maxspeed": NaN, "length": 72.734, "bridge": NaN, "tunnel": NaN, "access": NaN, "junction": NaN, "width": NaN, "est_width": NaN, "iri": 36.1699981689453}}, {"type": "Feature", "geometry": {"type": "LineString", "coordinates": [[-91.7898381, 14.8105198], [-91.7900151, 14.8103227]]}, "properties": {"osmid": "390163606", "oneway": "False", "lanes": NaN, "ref": NaN, "name": NaN, "highway": "tertiary", "maxspeed": NaN, "length": 29.024, "bridge": NaN, "tunnel": NaN, "access": NaN, "junction": NaN, "width": NaN, "est_width": NaN, "iri": 36.1699981689453}}, {"type": "Feature", "geometry": {"type": "LineString", "coordinates": [[-91.7900151, 14.8103227], [-91.7905623, 14.8101256]]}, "properties": {"osmid": "390163606", "oneway": "False", "lanes": NaN, "ref": NaN, "name": NaN, "highway": "tertiary", "maxspeed": NaN, "length": 62.775, "bridge": NaN, "tunnel": NaN, "access": NaN, "junction": NaN, "width": NaN, "est_width": NaN, "iri": 36.1699981689453}}, {"type": "Feature", "geometry": {"type": "LineString", "coordinates": [[-91.7905623, 14.8101256], [-91.791206, 14.8099441]]}, "properties": {"osmid": "390163606", "oneway": "False", "lanes": NaN, "ref": NaN, "name": NaN, "highway": "tertiary", "maxspeed": NaN, "length": 72.081, "bridge": NaN, "tunnel": NaN, "access": NaN, "junction": NaN, "width": NaN, "est_width": NaN, "iri": 36.1699981689453}}, {"type": "Feature", "geometry": {"type": "LineString", "coordinates": [[-91.791206, 14.8099441], [-91.7916083, 14.8092077]]}, "properties": {"osmid": "390163606", "oneway": "False", "lanes": NaN, "ref": NaN, "name": NaN, "highway": "tertiary", "maxspeed": NaN, "length": 92.603, "bridge": NaN, "tunnel": NaN, "access": NaN, "junction": NaN, "width": NaN, "est_width": NaN, "iri": 36.1699981689453}}, {"type": "Feature", "geometry": {"type": "LineString", "coordinates": [[-91.7916083, 14.8092077], [-91.7922092, 14.8092855]]}, "properties": {"osmid": "390163606", "oneway": "False", "lanes": NaN, "ref": NaN, "name": NaN, "highway": "tertiary", "maxspeed": NaN, "length": 65.174, "bridge": NaN, "tunnel": NaN, "access": NaN, "junction": NaN, "width": NaN, "est_width": NaN, "iri": 36.1699981689453}}, {"type": "Feature", "geometry": {"type": "LineString", "coordinates": [[-91.7922092, 14.8092855], [-91.7925578, 14.8091921]]}, "properties": {"osmid": "390163606", "oneway": "False", "lanes": NaN, "ref": NaN, "name": NaN, "highway": "tertiary", "maxspeed": NaN, "length": 38.887, "bridge": NaN, "tunnel": NaN, "access": NaN, "junction": NaN, "width": NaN, "est_width": NaN, "iri": 36.1699981689453}}, {"type": "Feature", "geometry": {"type": "LineString", "coordinates": [[-91.7925578, 14.8091921], [-91.7926812, 14.808938]]}, "properties": {"osmid": "390163606", "oneway": "False", "lanes": NaN, "ref": NaN, "name": NaN, "highway": "tertiary", "maxspeed": NaN, "length": 31.214, "bridge": NaN, "tunnel": NaN, "access": NaN, "junction": NaN, "width": NaN, "est_width": NaN, "iri": 36.1699981689453}}, {"type": "Feature", "geometry": {"type": "LineString", "coordinates": [[-91.7926812, 14.808938], [-91.7924827, 14.8087409]]}, "properties": {"osmid": "390163606", "oneway": "False", "lanes": NaN, "ref": NaN, "name": NaN, "highway": "tertiary", "maxspeed": NaN, "length": 30.589, "bridge": NaN, "tunnel": NaN, "access": NaN, "junction": NaN, "width": NaN, "est_width": NaN, "iri": 36.1699981689453}}, {"type": "Feature", "geometry": {"type": "LineString", "coordinates": [[-91.7924827, 14.8087409], [-91.7922145, 14.808689]]}, "properties": {"osmid": "390163606", "oneway": "False", "lanes": NaN, "ref": NaN, "name": NaN, "highway": "tertiary", "maxspeed": NaN, "length": 29.404, "bridge": NaN, "tunnel": NaN, "access": NaN, "junction": NaN, "width": NaN, "est_width": NaN, "iri": 36.1699981689453}}, {"type": "Feature", "geometry": {"type": "LineString", "coordinates": [[-91.7922145, 14.808689], [-91.7919999, 14.8086009]]}, "properties": {"osmid": "390163606", "oneway": "False", "lanes": NaN, "ref": NaN, "name": NaN, "highway": "tertiary", "maxspeed": NaN, "length": 25.064, "bridge": NaN, "tunnel": NaN, "access": NaN, "junction": NaN, "width": NaN, "est_width": NaN, "iri": 36.1699981689453}}, {"type": "Feature", "geometry": {"type": "LineString", "coordinates": [[-91.7919999, 14.8086009], [-91.7922306, 14.808243]]}, "properties": {"osmid": "390163606", "oneway": "False", "lanes": NaN, "ref": NaN, "name": NaN, "highway": "tertiary", "maxspeed": NaN, "length": 46.892, "bridge": NaN, "tunnel": NaN, "access": NaN, "junction": NaN, "width": NaN, "est_width": NaN, "iri": 36.1699981689453}}, {"type": "Feature", "geometry": {"type": "LineString", "coordinates": [[-91.7922306, 14.808243], [-91.7923057, 14.8078541]]}, "properties": {"osmid": "390163606", "oneway": "False", "lanes": NaN, "ref": NaN, "name": NaN, "highway": "tertiary", "maxspeed": NaN, "length": 43.991, "bridge": NaN, "tunnel": NaN, "access": NaN, "junction": NaN, "width": NaN, "est_width": NaN, "iri": 36.1699981689453}}, {"type": "Feature", "geometry": {"type": "LineString", "coordinates": [[-91.7923057, 14.8078541], [-91.7928046, 14.8077814]]}, "properties": {"osmid": "390163606", "oneway": "False", "lanes": NaN, "ref": NaN, "name": NaN, "highway": "tertiary", "maxspeed": NaN, "length": 54.239, "bridge": NaN, "tunnel": NaN, "access": NaN, "junction": NaN, "width": NaN, "est_width": NaN, "iri": 36.1699981689453}}, {"type": "Feature", "geometry": {"type": "LineString", "coordinates": [[-91.7928046, 14.8077814], [-91.7932338, 14.8075481]]}, "properties": {"osmid": "390163606", "oneway": "False", "lanes": NaN, "ref": NaN, "name": NaN, "highway": "tertiary", "maxspeed": NaN, "length": 52.933, "bridge": NaN, "tunnel": NaN, "access": NaN, "junction": NaN, "width": NaN, "est_width": NaN, "iri": 36.1699981689453}}, {"type": "Feature", "geometry": {"type": "LineString", "coordinates": [[-91.7932338, 14.8075481], [-91.7933142, 14.807128]]}, "properties": {"osmid": "390163606", "oneway": "False", "lanes": NaN, "ref": NaN, "name": NaN, "highway": "tertiary", "maxspeed": NaN, "length": 47.506, "bridge": NaN, "tunnel": NaN, "access": NaN, "junction": NaN, "width": NaN, "est_width": NaN, "iri": 36.1699981689453}}, {"type": "Feature", "geometry": {"type": "LineString", "coordinates": [[-91.7933142, 14.807128], [-91.7938775, 14.8072628]]}, "properties": {"osmid": "390163606", "oneway": "False", "lanes": NaN, "ref": NaN, "name": NaN, "highway": "tertiary", "maxspeed": NaN, "length": 62.384, "bridge": NaN, "tunnel": NaN, "access": NaN, "junction": NaN, "width": NaN, "est_width": NaN, "iri": 36.1699981689453}}, {"type": "Feature", "geometry": {"type": "LineString", "coordinates": [[-91.7938775, 14.8072628], [-91.7941457, 14.8070035]]}, "properties": {"osmid": "390163606", "oneway": "False", "lanes": NaN, "ref": NaN, "name": NaN, "highway": "tertiary", "maxspeed": NaN, "length": 40.775, "bridge": NaN, "tunnel": NaN, "access": NaN, "junction": NaN, "width": NaN, "est_width": NaN, "iri": 36.1699981689453}}, {"type": "Feature", "geometry": {"type": "LineString", "coordinates": [[-91.7941457, 14.8070035], [-91.7940331, 14.8067494]]}, "properties": {"osmid": "390163606", "oneway": "False", "lanes": NaN, "ref": NaN, "name": NaN, "highway": "tertiary", "maxspeed": NaN, "length": 30.738, "bridge": NaN, "tunnel": NaN, "access": NaN, "junction": NaN, "width": NaN, "est_width": NaN, "iri": 36.1699981689453}}, {"type": "Feature", "geometry": {"type": "LineString", "coordinates": [[-91.7940331, 14.8067494], [-91.793164, 14.8063085]]}, "properties": {"osmid": "390163606", "oneway": "False", "lanes": NaN, "ref": NaN, "name": NaN, "highway": "tertiary", "maxspeed": NaN, "length": 105.512, "bridge": NaN, "tunnel": NaN, "access": NaN, "junction": NaN, "width": NaN, "est_width": NaN, "iri": 36.1699981689453}}, {"type": "Feature", "geometry": {"type": "LineString", "coordinates": [[-91.793164, 14.8063085], [-91.7930836, 14.8060233]]}, "properties": {"osmid": "390163606", "oneway": "False", "lanes": NaN, "ref": NaN, "name": NaN, "highway": "tertiary", "maxspeed": NaN, "length": 32.87, "bridge": NaN, "tunnel": NaN, "access": NaN, "junction": NaN, "width": NaN, "est_width": NaN, "iri": 36.1699981689453}}, {"type": "Feature", "geometry": {"type": "LineString", "coordinates": [[-91.7930836, 14.8060233], [-91.7932123, 14.8057329]]}, "properties": {"osmid": "390163606", "oneway": "False", "lanes": NaN, "ref": NaN, "name": NaN, "highway": "tertiary", "maxspeed": NaN, "length": 35.13, "bridge": NaN, "tunnel": NaN, "access": NaN, "junction": NaN, "width": NaN, "est_width": NaN, "iri": 36.1699981689453}}, {"type": "Feature", "geometry": {"type": "LineString", "coordinates": [[-91.7932123, 14.8057329], [-91.7935717, 14.805515]]}, "properties": {"osmid": "390163606", "oneway": "False", "lanes": NaN, "ref": NaN, "name": NaN, "highway": "tertiary", "maxspeed": NaN, "length": 45.605, "bridge": NaN, "tunnel": NaN, "access": NaN, "junction": NaN, "width": NaN, "est_width": NaN, "iri": 36.1699981689453}}, {"type": "Feature", "geometry": {"type": "LineString", "coordinates": [[-91.7935717, 14.805515], [-91.7938292, 14.8055928]]}, "properties": {"osmid": "390163606", "oneway": "False", "lanes": NaN, "ref": NaN, "name": NaN, "highway": "tertiary", "maxspeed": NaN, "length": 29.002, "bridge": NaN, "tunnel": NaN, "access": NaN, "junction": NaN, "width": NaN, "est_width": NaN, "iri": 36.1699981689453}}, {"type": "Feature", "geometry": {"type": "LineString", "coordinates": [[-91.7938292, 14.8055928], [-91.794312, 14.8059351]]}, "properties": {"osmid": "390163606", "oneway": "False", "lanes": NaN, "ref": NaN, "name": NaN, "highway": "tertiary", "maxspeed": NaN, "length": 64.363, "bridge": NaN, "tunnel": NaN, "access": NaN, "junction": NaN, "width": NaN, "est_width": NaN, "iri": 36.1699981689453}}, {"type": "Feature", "geometry": {"type": "LineString", "coordinates": [[-91.794312, 14.8059351], [-91.7945802, 14.8058833]]}, "properties": {"osmid": "390163606", "oneway": "False", "lanes": NaN, "ref": NaN, "name": NaN, "highway": "tertiary", "maxspeed": NaN, "length": 29.402, "bridge": NaN, "tunnel": NaN, "access": NaN, "junction": NaN, "width": NaN, "est_width": NaN, "iri": 36.1699981689453}}, {"type": "Feature", "geometry": {"type": "LineString", "coordinates": [[-91.7945802, 14.8058833], [-91.7947036, 14.8057173]]}, "properties": {"osmid": "390163606", "oneway": "False", "lanes": NaN, "ref": NaN, "name": NaN, "highway": "tertiary", "maxspeed": NaN, "length": 22.731, "bridge": NaN, "tunnel": NaN, "access": NaN, "junction": NaN, "width": NaN, "est_width": NaN, "iri": 36.1699981689453}}, {"type": "Feature", "geometry": {"type": "LineString", "coordinates": [[-91.7947036, 14.8057173], [-91.7945802, 14.8054269]]}, "properties": {"osmid": "390163606", "oneway": "False", "lanes": NaN, "ref": NaN, "name": NaN, "highway": "tertiary", "maxspeed": NaN, "length": 34.91, "bridge": NaN, "tunnel": NaN, "access": NaN, "junction": NaN, "width": NaN, "est_width": NaN, "iri": 36.1699981689453}}, {"type": "Feature", "geometry": {"type": "LineString", "coordinates": [[-91.7945802, 14.8054269], [-91.7942476, 14.8051727]]}, "properties": {"osmid": "390163606", "oneway": "False", "lanes": NaN, "ref": NaN, "name": NaN, "highway": "tertiary", "maxspeed": NaN, "length": 45.579, "bridge": NaN, "tunnel": NaN, "access": NaN, "junction": NaN, "width": NaN, "est_width": NaN, "iri": 36.1699981689453}}, {"type": "Feature", "geometry": {"type": "LineString", "coordinates": [[-91.7942476, 14.8051727], [-91.7939043, 14.8049653]]}, "properties": {"osmid": "390163606", "oneway": "False", "lanes": NaN, "ref": NaN, "name": NaN, "highway": "tertiary", "maxspeed": NaN, "length": 43.519, "bridge": NaN, "tunnel": NaN, "access": NaN, "junction": NaN, "width": NaN, "est_width": NaN, "iri": 36.1699981689453}}, {"type": "Feature", "geometry": {"type": "LineString", "coordinates": [[-91.7939043, 14.8049653], [-91.7938292, 14.8047267]]}, "properties": {"osmid": "390163606", "oneway": "False", "lanes": NaN, "ref": NaN, "name": NaN, "highway": "tertiary", "maxspeed": NaN, "length": 27.732, "bridge": NaN, "tunnel": NaN, "access": NaN, "junction": NaN, "width": NaN, "est_width": NaN, "iri": 36.1699981689453}}, {"type": "Feature", "geometry": {"type": "LineString", "coordinates": [[-91.7938292, 14.8047267], [-91.7940062, 14.8045919]]}, "properties": {"osmid": "390163606", "oneway": "False", "lanes": NaN, "ref": NaN, "name": NaN, "highway": "tertiary", "maxspeed": NaN, "length": 24.223, "bridge": NaN, "tunnel": NaN, "access": NaN, "junction": NaN, "width": NaN, "est_width": NaN, "iri": 36.1699981689453}}, {"type": "Feature", "geometry": {"type": "LineString", "coordinates": [[-91.7940062, 14.8045919], [-91.794591, 14.804483]]}, "properties": {"osmid": "390163606", "oneway": "False", "lanes": NaN, "ref": NaN, "name": NaN, "highway": "tertiary", "maxspeed": NaN, "length": 64.024, "bridge": NaN, "tunnel": NaN, "access": NaN, "junction": NaN, "width": NaN, "est_width": NaN, "iri": 36.1699981689453}}, {"type": "Feature", "geometry": {"type": "LineString", "coordinates": [[-91.794591, 14.804483], [-91.7951167, 14.8041562]]}, "properties": {"osmid": "390163606", "oneway": "False", "lanes": NaN, "ref": NaN, "name": NaN, "highway": "tertiary", "maxspeed": NaN, "length": 67.189, "bridge": NaN, "tunnel": NaN, "access": NaN, "junction": NaN, "width": NaN, "est_width": NaN, "iri": 36.1699981689453}}, {"type": "Feature", "geometry": {"type": "LineString", "coordinates": [[-91.7951167, 14.8041562], [-91.7950147, 14.8033368]]}, "properties": {"osmid": "390163606", "oneway": "False", "lanes": NaN, "ref": NaN, "name": NaN, "highway": "tertiary", "maxspeed": NaN, "length": 91.771, "bridge": NaN, "tunnel": NaN, "access": NaN, "junction": NaN, "width": NaN, "est_width": NaN, "iri": 36.1699981689453}}, {"type": "Feature", "geometry": {"type": "LineString", "coordinates": [[-91.7950147, 14.8033368], [-91.7951113, 14.8029063]]}, "properties": {"osmid": "390163606", "oneway": "False", "lanes": NaN, "ref": NaN, "name": NaN, "highway": "tertiary", "maxspeed": NaN, "length": 48.983, "bridge": NaN, "tunnel": NaN, "access": NaN, "junction": NaN, "width": NaN, "est_width": NaN, "iri": 36.1699981689453}}, {"type": "Feature", "geometry": {"type": "LineString", "coordinates": [[-91.7951113, 14.8029063], [-91.794945, 14.8026055]]}, "properties": {"osmid": "390163606", "oneway": "False", "lanes": NaN, "ref": NaN, "name": NaN, "highway": "tertiary", "maxspeed": NaN, "length": 37.926, "bridge": NaN, "tunnel": NaN, "access": NaN, "junction": NaN, "width": NaN, "est_width": NaN, "iri": 36.1699981689453}}, {"type": "Feature", "geometry": {"type": "LineString", "coordinates": [[-91.794945, 14.8026055], [-91.7949021, 14.8023825]]}, "properties": {"osmid": "390163606", "oneway": "False", "lanes": NaN, "ref": NaN, "name": NaN, "highway": "tertiary", "maxspeed": NaN, "length": 25.222, "bridge": NaN, "tunnel": NaN, "access": NaN, "junction": NaN, "width": NaN, "est_width": NaN, "iri": 36.1699981689453}}, {"type": "Feature", "geometry": {"type": "LineString", "coordinates": [[-91.7949021, 14.8023825], [-91.7953259, 14.8022373]]}, "properties": {"osmid": "390163606", "oneway": "False", "lanes": NaN, "ref": NaN, "name": NaN, "highway": "tertiary", "maxspeed": NaN, "length": 48.337, "bridge": NaN, "tunnel": NaN, "access": NaN, "junction": NaN, "width": NaN, "est_width": NaN, "iri": 36.1699981689453}}, {"type": "Feature", "geometry": {"type": "LineString", "coordinates": [[-91.7953259, 14.8022373], [-91.7956048, 14.8014749]]}, "properties": {"osmid": "390163606", "oneway": "False", "lanes": NaN, "ref": NaN, "name": NaN, "highway": "tertiary", "maxspeed": NaN, "length": 89.921, "bridge": NaN, "tunnel": NaN, "access": NaN, "junction": NaN, "width": NaN, "est_width": NaN, "iri": 36.1699981689453}}, {"type": "Feature", "geometry": {"type": "LineString", "coordinates": [[-91.7956048, 14.8014749], [-91.7970908, 14.8006502]]}, "properties": {"osmid": "390163606", "oneway": "False", "lanes": NaN, "ref": NaN, "name": NaN, "highway": "tertiary", "maxspeed": NaN, "length": 184.202, "bridge": NaN, "tunnel": NaN, "access": NaN, "junction": NaN, "width": NaN, "est_width": NaN, "iri": 36.1699981689453}}, {"type": "Feature", "geometry": {"type": "LineString", "coordinates": [[-91.7970908, 14.8006502], [-91.7978364, 14.7992395]]}, "properties": {"osmid": "390163606", "oneway": "False", "lanes": NaN, "ref": NaN, "name": NaN, "highway": "tertiary", "maxspeed": NaN, "length": 176.156, "bridge": NaN, "tunnel": NaN, "access": NaN, "junction": NaN, "width": NaN, "est_width": NaN, "iri": 36.1699981689453}}, {"type": "Feature", "geometry": {"type": "LineString", "coordinates": [[-91.7978364, 14.7992395], [-91.7984265, 14.7979481]]}, "properties": {"osmid": "390163606", "oneway": "False", "lanes": NaN, "ref": NaN, "name": NaN, "highway": "tertiary", "maxspeed": NaN, "length": 156.987, "bridge": NaN, "tunnel": NaN, "access": NaN, "junction": NaN, "width": NaN, "est_width": NaN, "iri": 36.1699981689453}}, {"type": "Feature", "geometry": {"type": "LineString", "coordinates": [[-91.7984265, 14.7979481], [-91.7996442, 14.7966514]]}, "properties": {"osmid": "390163606", "oneway": "False", "lanes": NaN, "ref": NaN, "name": NaN, "highway": "tertiary", "maxspeed": NaN, "length": 194.75, "bridge": NaN, "tunnel": NaN, "access": NaN, "junction": NaN, "width": NaN, "est_width": NaN, "iri": 36.1699981689453}}, {"type": "Feature", "geometry": {"type": "LineString", "coordinates": [[-91.7996442, 14.7966514], [-91.8008512, 14.7950592]]}, "properties": {"osmid": "390163606", "oneway": "False", "lanes": NaN, "ref": NaN, "name": NaN, "highway": "tertiary", "maxspeed": NaN, "length": 219.506, "bridge": NaN, "tunnel": NaN, "access": NaN, "junction": NaN, "width": NaN, "est_width": NaN, "iri": 36.1699981689453}}, {"type": "Feature", "geometry": {"type": "LineString", "coordinates": [[-91.8008512, 14.7950592], [-91.8010444, 14.7942293]]}, "properties": {"osmid": "390163606", "oneway": "False", "lanes": NaN, "ref": NaN, "name": NaN, "highway": "tertiary", "maxspeed": NaN, "length": 94.589, "bridge": NaN, "tunnel": NaN, "access": NaN, "junction": NaN, "width": NaN, "est_width": NaN, "iri": 36.1699981689453}}, {"type": "Feature", "geometry": {"type": "LineString", "coordinates": [[-91.8010444, 14.7942293], [-91.8014199, 14.7934462]]}, "properties": {"osmid": "390163606", "oneway": "False", "lanes": NaN, "ref": NaN, "name": NaN, "highway": "tertiary", "maxspeed": NaN, "length": 95.98, "bridge": NaN, "tunnel": NaN, "access": NaN, "junction": NaN, "width": NaN, "est_width": NaN, "iri": 36.1699981689453}}, {"type": "Feature", "geometry": {"type": "LineString", "coordinates": [[-91.8014199, 14.7934462], [-91.8042791, 14.7909566]]}, "properties": {"osmid": "390163606", "oneway": "False", "lanes": NaN, "ref": NaN, "name": NaN, "highway": "tertiary", "maxspeed": NaN, "length": 413.673, "bridge": NaN, "tunnel": NaN, "access": NaN, "junction": NaN, "width": NaN, "est_width": NaN, "iri": 36.1699981689453}}, {"type": "Feature", "geometry": {"type": "LineString", "coordinates": [[-91.8042791, 14.7909566], [-91.8049067, 14.7899296]]}, "properties": {"osmid": "390163606", "oneway": "False", "lanes": NaN, "ref": NaN, "name": NaN, "highway": "tertiary", "maxspeed": NaN, "length": 132.641, "bridge": NaN, "tunnel": NaN, "access": NaN, "junction": NaN, "width": NaN, "est_width": NaN, "iri": 36.1699981689453}}, {"type": "Feature", "geometry": {"type": "LineString", "coordinates": [[-91.8049067, 14.7899296], [-91.8055666, 14.7882854]]}, "properties": {"osmid": "390163606", "oneway": "False", "lanes": NaN, "ref": NaN, "name": NaN, "highway": "tertiary", "maxspeed": NaN, "length": 196.11, "bridge": NaN, "tunnel": NaN, "access": NaN, "junction": NaN, "width": NaN, "est_width": NaN, "iri": 36.1699981689453}}, {"type": "Feature", "geometry": {"type": "LineString", "coordinates": [[-91.8055666, 14.7882854], [-91.8062049, 14.7876786]]}, "properties": {"osmid": "390163606", "oneway": "False", "lanes": NaN, "ref": NaN, "name": NaN, "highway": "tertiary", "maxspeed": NaN, "length": 96.239, "bridge": NaN, "tunnel": NaN, "access": NaN, "junction": NaN, "width": NaN, "est_width": NaN, "iri": 36.1699981689453}}, {"type": "Feature", "geometry": {"type": "LineString", "coordinates": [[-91.8062049, 14.7876786], [-91.806339, 14.7871547]]}, "properties": {"osmid": "390163606", "oneway": "False", "lanes": NaN, "ref": NaN, "name": NaN, "highway": "tertiary", "maxspeed": NaN, "length": 60.013, "bridge": NaN, "tunnel": NaN, "access": NaN, "junction": NaN, "width": NaN, "est_width": NaN, "iri": 36.1699981689453}}, {"type": "Feature", "geometry": {"type": "LineString", "coordinates": [[-91.806339, 14.7871547], [-91.8062371, 14.7863819]]}, "properties": {"osmid": "390163606", "oneway": "False", "lanes": NaN, "ref": NaN, "name": NaN, "highway": "tertiary", "maxspeed": NaN, "length": 86.627, "bridge": NaN, "tunnel": NaN, "access": NaN, "junction": NaN, "width": NaN, "est_width": NaN, "iri": 36.1699981689453}}, {"type": "Feature", "geometry": {"type": "LineString", "coordinates": [[-91.8062371, 14.7863819], [-91.8063498, 14.7852875]]}, "properties": {"osmid": "390163606", "oneway": "False", "lanes": NaN, "ref": NaN, "name": NaN, "highway": "tertiary", "maxspeed": NaN, "length": 122.294, "bridge": NaN, "tunnel": NaN, "access": NaN, "junction": NaN, "width": NaN, "est_width": NaN, "iri": 36.1699981689453}}, {"type": "Feature", "geometry": {"type": "LineString", "coordinates": [[-91.8063498, 14.7852875], [-91.8067735, 14.7842968]]}, "properties": {"osmid": "390163606", "oneway": "False", "lanes": NaN, "ref": NaN, "name": NaN, "highway": "tertiary", "maxspeed": NaN, "length": 119.208, "bridge": NaN, "tunnel": NaN, "access": NaN, "junction": NaN, "width": NaN, "est_width": NaN, "iri": 36.1699981689453}}, {"type": "Feature", "geometry": {"type": "LineString", "coordinates": [[-91.8067735, 14.7842968], [-91.8072832, 14.7836121]]}, "properties": {"osmid": "390163606", "oneway": "False", "lanes": NaN, "ref": NaN, "name": NaN, "highway": "tertiary", "maxspeed": NaN, "length": 93.806, "bridge": NaN, "tunnel": NaN, "access": NaN, "junction": NaN, "width": NaN, "est_width": NaN, "iri": 36.1699981689453}}, {"type": "Feature", "geometry": {"type": "LineString", "coordinates": [[-91.8072832, 14.7836121], [-91.8074441, 14.7828289]]}, "properties": {"osmid": "390163606", "oneway": "False", "lanes": NaN, "ref": NaN, "name": NaN, "highway": "tertiary", "maxspeed": NaN, "length": 88.789, "bridge": NaN, "tunnel": NaN, "access": NaN, "junction": NaN, "width": NaN, "est_width": NaN, "iri": 36.1699981689453}}, {"type": "Feature", "geometry": {"type": "LineString", "coordinates": [[-91.8074441, 14.7828289], [-91.8077338, 14.7820509]]}, "properties": {"osmid": "390163606", "oneway": "False", "lanes": NaN, "ref": NaN, "name": NaN, "highway": "tertiary", "maxspeed": NaN, "length": 91.946, "bridge": NaN, "tunnel": NaN, "access": NaN, "junction": NaN, "width": NaN, "est_width": NaN, "iri": 36.1699981689453}}, {"type": "Feature", "geometry": {"type": "LineString", "coordinates": [[-91.8077338, 14.7820509], [-91.8077694, 14.7820195]]}, "properties": {"osmid": "390163606", "oneway": "False", "lanes": NaN, "ref": NaN, "name": NaN, "highway": "tertiary", "maxspeed": NaN, "length": 5.181, "bridge": NaN, "tunnel": NaN, "access": NaN, "junction": NaN, "width": NaN, "est_width": NaN, "iri": 36.1699981689453}}, {"type": "Feature", "geometry": {"type": "LineString", "coordinates": [[-91.8077694, 14.7820195], [-91.8089086, 14.7810135]]}, "properties": {"osmid": "390163606", "oneway": "False", "lanes": NaN, "ref": NaN, "name": NaN, "highway": "tertiary", "maxspeed": NaN, "length": 165.876, "bridge": NaN, "tunnel": NaN, "access": NaN, "junction": NaN, "width": NaN, "est_width": NaN, "iri": 36.1699981689453}}, {"type": "Feature", "geometry": {"type": "LineString", "coordinates": [[-91.8089086, 14.7810135], [-91.8096435, 14.7801888]]}, "properties": {"osmid": "390163606", "oneway": "False", "lanes": NaN, "ref": NaN, "name": NaN, "highway": "tertiary", "maxspeed": NaN, "length": 121.047, "bridge": NaN, "tunnel": NaN, "access": NaN, "junction": NaN, "width": NaN, "est_width": NaN, "iri": 36.1699981689453}}, {"type": "Feature", "geometry": {"type": "LineString", "coordinates": [[-91.8096435, 14.7801888], [-91.8110544, 14.7791618]]}, "properties": {"osmid": "390163606", "oneway": "False", "lanes": NaN, "ref": NaN, "name": NaN, "highway": "tertiary", "maxspeed": NaN, "length": 189.874, "bridge": NaN, "tunnel": NaN, "access": NaN, "junction": NaN, "width": NaN, "est_width": NaN, "iri": 36.1699981689453}}, {"type": "Feature", "geometry": {"type": "LineString", "coordinates": [[-91.8110544, 14.7791618], [-91.8117142, 14.7786846]]}, "properties": {"osmid": "390163606", "oneway": "False", "lanes": NaN, "ref": NaN, "name": NaN, "highway": "tertiary", "maxspeed": NaN, "length": 88.589, "bridge": NaN, "tunnel": NaN, "access": NaN, "junction": NaN, "width": NaN, "est_width": NaN, "iri": 36.1699981689453}}, {"type": "Feature", "geometry": {"type": "LineString", "coordinates": [[-91.8117142, 14.7786846], [-91.8122023, 14.7780933]]}, "properties": {"osmid": "390163606", "oneway": "False", "lanes": NaN, "ref": NaN, "name": NaN, "highway": "tertiary", "maxspeed": NaN, "length": 84.125, "bridge": NaN, "tunnel": NaN, "access": NaN, "junction": NaN, "width": NaN, "est_width": NaN, "iri": 36.1699981689453}}, {"type": "Feature", "geometry": {"type": "LineString", "coordinates": [[-91.8122023, 14.7780933], [-91.8128139, 14.7770922]]}, "properties": {"osmid": "390163606", "oneway": "False", "lanes": NaN, "ref": NaN, "name": NaN, "highway": "tertiary", "maxspeed": NaN, "length": 129.289, "bridge": NaN, "tunnel": NaN, "access": NaN, "junction": NaN, "width": NaN, "est_width": NaN, "iri": 36.1699981689453}}, {"type": "Feature", "geometry": {"type": "LineString", "coordinates": [[-91.8128139, 14.7770922], [-91.8129641, 14.7764957]]}, "properties": {"osmid": "390163606", "oneway": "False", "lanes": NaN, "ref": NaN, "name": NaN, "highway": "tertiary", "maxspeed": NaN, "length": 68.266, "bridge": NaN, "tunnel": NaN, "access": NaN, "junction": NaN, "width": NaN, "est_width": NaN, "iri": 36.1699981689453}}, {"type": "Feature", "geometry": {"type": "LineString", "coordinates": [[-91.8129641, 14.7764957], [-91.8127602, 14.7754116]]}, "properties": {"osmid": "390163606", "oneway": "False", "lanes": NaN, "ref": NaN, "name": NaN, "highway": "tertiary", "maxspeed": NaN, "length": 122.524, "bridge": NaN, "tunnel": NaN, "access": NaN, "junction": NaN, "width": NaN, "est_width": NaN, "iri": 36.1699981689453}}, {"type": "Feature", "geometry": {"type": "LineString", "coordinates": [[-91.8127602, 14.7754116], [-91.8128461, 14.7751315]]}, "properties": {"osmid": "390163606", "oneway": "False", "lanes": NaN, "ref": NaN, "name": NaN, "highway": "tertiary", "maxspeed": NaN, "length": 32.486, "bridge": NaN, "tunnel": NaN, "access": NaN, "junction": NaN, "width": NaN, "est_width": NaN, "iri": 36.1699981689453}}, {"type": "Feature", "geometry": {"type": "LineString", "coordinates": [[-91.8128461, 14.7751315], [-91.8136078, 14.7741719]]}, "properties": {"osmid": "390163606", "oneway": "False", "lanes": NaN, "ref": NaN, "name": NaN, "highway": "tertiary", "maxspeed": NaN, "length": 134.509, "bridge": NaN, "tunnel": NaN, "access": NaN, "junction": NaN, "width": NaN, "est_width": NaN, "iri": 36.1699981689453}}, {"type": "Feature", "geometry": {"type": "LineString", "coordinates": [[-91.8136078, 14.7741719], [-91.8147014, 14.7730513]]}, "properties": {"osmid": "390163606", "oneway": "False", "lanes": NaN, "ref": NaN, "name": NaN, "highway": "tertiary", "maxspeed": NaN, "length": 171.325, "bridge": NaN, "tunnel": NaN, "access": NaN, "junction": NaN, "width": NaN, "est_width": NaN, "iri": 36.1699981689453}}, {"type": "Feature", "geometry": {"type": "LineString", "coordinates": [[-91.8147014, 14.7730513], [-91.8152541, 14.7724549]]}, "properties": {"osmid": "390163606", "oneway": "False", "lanes": NaN, "ref": NaN, "name": NaN, "highway": "tertiary", "maxspeed": NaN, "length": 89.047, "bridge": NaN, "tunnel": NaN, "access": NaN, "junction": NaN, "width": NaN, "est_width": NaN, "iri": 36.1699981689453}}, {"type": "Feature", "geometry": {"type": "LineString", "coordinates": [[-91.8152541, 14.7724549], [-91.815598, 14.7720037]]}, "properties": {"osmid": "390163606", "oneway": "False", "lanes": NaN, "ref": NaN, "name": NaN, "highway": "tertiary", "maxspeed": NaN, "length": 62.325, "bridge": NaN, "tunnel": NaN, "access": NaN, "junction": NaN, "width": NaN, "est_width": NaN, "iri": 36.1699981689453}}, {"type": "Feature", "geometry": {"type": "LineString", "coordinates": [[-91.815598, 14.7720037], [-91.8161184, 14.7713397]]}, "properties": {"osmid": "390163606", "oneway": "False", "lanes": NaN, "ref": NaN, "name": NaN, "highway": "tertiary", "maxspeed": NaN, "length": 92.64, "bridge": NaN, "tunnel": NaN, "access": NaN, "junction": NaN, "width": NaN, "est_width": NaN, "iri": 36.1699981689453}}, {"type": "Feature", "geometry": {"type": "LineString", "coordinates": [[-91.8161184, 14.7713397], [-91.8165422, 14.7706654]]}, "properties": {"osmid": "390163606", "oneway": "False", "lanes": NaN, "ref": NaN, "name": NaN, "highway": "tertiary", "maxspeed": NaN, "length": 87.739, "bridge": NaN, "tunnel": NaN, "access": NaN, "junction": NaN, "width": NaN, "est_width": NaN, "iri": 36.1699981689453}}, {"type": "Feature", "geometry": {"type": "LineString", "coordinates": [[-91.8165422, 14.7706654], [-91.817093, 14.7695842]]}, "properties": {"osmid": "390163606", "oneway": "False", "lanes": NaN, "ref": NaN, "name": NaN, "highway": "tertiary", "maxspeed": NaN, "length": 134.019, "bridge": NaN, "tunnel": NaN, "access": NaN, "junction": NaN, "width": NaN, "est_width": NaN, "iri": 36.1699981689453}}, {"type": "Feature", "geometry": {"type": "LineString", "coordinates": [[-91.817093, 14.7695842], [-91.8174069, 14.7689674]]}, "properties": {"osmid": "390163606", "oneway": "False", "lanes": NaN, "ref": NaN, "name": NaN, "highway": "tertiary", "maxspeed": NaN, "length": 76.44, "bridge": NaN, "tunnel": NaN, "access": NaN, "junction": NaN, "width": NaN, "est_width": NaN, "iri": 36.1699981689453}}]}