{"type": "FeatureCollection", "features": [{"type": "Feature", "geometry": {"type": "LineString", "coordinates": [[-90.0691603, 14.8544851], [-90.0687305, 14.8545468]]}, "properties": {"osmid": "908243178", "oneway": "False", "lanes": NaN, "ref": "RD PRO-10", "name": NaN, "highway": "tertiary", "maxspeed": NaN, "length": 46.701, "bridge": NaN, "tunnel": NaN, "access": NaN, "junction": NaN, "width": NaN, "est_width": NaN, "iri": 2.70000004768372}}, {"type": "Feature", "geometry": {"type": "LineString", "coordinates": [[-90.0687305, 14.8545468], [-90.0685821, 14.8545636]]}, "properties": {"osmid": "908243178", "oneway": "False", "lanes": NaN, "ref": "RD PRO-10", "name": NaN, "highway": "tertiary", "maxspeed": NaN, "length": 16.059, "bridge": NaN, "tunnel": NaN, "access": NaN, "junction": NaN, "width": NaN, "est_width": NaN, "iri": 2.70000004768372}}, {"type": "Feature", "geometry": {"type": "LineString", "coordinates": [[-90.0685821, 14.8545636], [-90.0682262, 14.8546038]]}, "properties": {"osmid": "908243178", "oneway": "False", "lanes": NaN, "ref": "RD PRO-10", "name": NaN, "highway": "tertiary", "maxspeed": NaN, "length": 38.512, "bridge": NaN, "tunnel": NaN, "access": NaN, "junction": NaN, "width": NaN, "est_width": NaN, "iri": 2.70000004768372}}, {"type": "Feature", "geometry": {"type": "LineString", "coordinates": [[-90.0682262, 14.8546038], [-90.0678131, 14.8546505]]}, "properties": {"osmid": "908243178", "oneway": "False", "lanes": NaN, "ref": "RD PRO-10", "name": NaN, "highway": "tertiary", "maxspeed": NaN, "length": 44.702, "bridge": NaN, "tunnel": NaN, "access": NaN, "junction": NaN, "width": NaN, "est_width": NaN, "iri": 2.70000004768372}}, {"type": "Feature", "geometry": {"type": "LineString", "coordinates": [[-90.0678131, 14.8546505], [-90.0672509, 14.8547319]]}, "properties": {"osmid": "908243178", "oneway": "False", "lanes": NaN, "ref": "RD PRO-10", "name": NaN, "highway": "tertiary", "maxspeed": NaN, "length": 61.099, "bridge": NaN, "tunnel": NaN, "access": NaN, "junction": NaN, "width": NaN, "est_width": NaN, "iri": 2.70000004768372}}, {"type": "Feature", "geometry": {"type": "LineString", "coordinates": [[-90.0672509, 14.8547319], [-90.0665954, 14.8548268]]}, "properties": {"osmid": "908243178", "oneway": "False", "lanes": NaN, "ref": "RD PRO-10", "name": NaN, "highway": "tertiary", "maxspeed": NaN, "length": 71.238, "bridge": NaN, "tunnel": NaN, "access": NaN, "junction": NaN, "width": NaN, "est_width": NaN, "iri": 2.70000004768372}}, {"type": "Feature", "geometry": {"type": "LineString", "coordinates": [[-90.0665954, 14.8548268], [-90.0657308, 14.854958]]}, "properties": {"osmid": "908243178", "oneway": "False", "lanes": NaN, "ref": "RD PRO-10", "name": NaN, "highway": "tertiary", "maxspeed": NaN, "length": 94.064, "bridge": NaN, "tunnel": NaN, "access": NaN, "junction": NaN, "width": NaN, "est_width": NaN, "iri": 2.70000004768372}}, {"type": "Feature", "geometry": {"type": "LineString", "coordinates": [[-90.0657308, 14.854958], [-90.0655702, 14.8549716]]}, "properties": {"osmid": "908243178", "oneway": "False", "lanes": NaN, "ref": "RD PRO-10", "name": NaN, "highway": "tertiary", "maxspeed": NaN, "length": 17.327, "bridge": NaN, "tunnel": NaN, "access": NaN, "junction": NaN, "width": NaN, "est_width": NaN, "iri": 2.70000004768372}}, {"type": "Feature", "geometry": {"type": "LineString", "coordinates": [[-90.0655702, 14.8549716], [-90.0654246, 14.8549764]]}, "properties": {"osmid": "189570797", "oneway": "False", "lanes": NaN, "ref": "RD PRO-10", "name": NaN, "highway": "tertiary", "maxspeed": NaN, "length": 15.658, "bridge": NaN, "tunnel": NaN, "access": NaN, "junction": NaN, "width": NaN, "est_width": NaN, "iri": 2.70000004768372}}, {"type": "Feature", "geometry": {"type": "LineString", "coordinates": [[-90.0654246, 14.8549764], [-90.0653187, 14.855029]]}, "properties": {"osmid": "189570797", "oneway": "False", "lanes": NaN, "ref": "RD PRO-10", "name": NaN, "highway": "tertiary", "maxspeed": NaN, "length": 12.797, "bridge": NaN, "tunnel": NaN, "access": NaN, "junction": NaN, "width": NaN, "est_width": NaN, "iri": 2.70000004768372}}, {"type": "Feature", "geometry": {"type": "LineString", "coordinates": [[-90.0653187, 14.855029], [-90.0651296, 14.8553549]]}, "properties": {"osmid": "189570797", "oneway": "False", "lanes": NaN, "ref": "RD PRO-10", "name": NaN, "highway": "tertiary", "maxspeed": NaN, "length": 41.549, "bridge": NaN, "tunnel": NaN, "access": NaN, "junction": NaN, "width": NaN, "est_width": NaN, "iri": 2.70000004768372}}, {"type": "Feature", "geometry": {"type": "LineString", "coordinates": [[-90.0651296, 14.8553549], [-90.0646361, 14.8554897]]}, "properties": {"osmid": "189570797", "oneway": "False", "lanes": NaN, "ref": "RD PRO-10", "name": NaN, "highway": "tertiary", "maxspeed": NaN, "length": 55.118, "bridge": NaN, "tunnel": NaN, "access": NaN, "junction": NaN, "width": NaN, "est_width": NaN, "iri": 2.70000004768372}}, {"type": "Feature", "geometry": {"type": "LineString", "coordinates": [[-90.0646361, 14.8554897], [-90.0640031, 14.8555571]]}, "properties": {"osmid": "189570797", "oneway": "False", "lanes": NaN, "ref": "RD PRO-10", "name": NaN, "highway": "tertiary", "maxspeed": NaN, "length": 68.445, "bridge": NaN, "tunnel": NaN, "access": NaN, "junction": NaN, "width": NaN, "est_width": NaN, "iri": 2.70000004768372}}, {"type": "Feature", "geometry": {"type": "LineString", "coordinates": [[-90.0640031, 14.8555571], [-90.0634666, 14.8556764]]}, "properties": {"osmid": "189570797", "oneway": "False", "lanes": NaN, "ref": "RD PRO-10", "name": NaN, "highway": "tertiary", "maxspeed": NaN, "length": 59.168, "bridge": NaN, "tunnel": NaN, "access": NaN, "junction": NaN, "width": NaN, "est_width": NaN, "iri": 2.70000004768372}}, {"type": "Feature", "geometry": {"type": "LineString", "coordinates": [[-90.0634666, 14.8556764], [-90.0630978, 14.8557446]]}, "properties": {"osmid": "189570797", "oneway": "False", "lanes": NaN, "ref": "RD PRO-10", "name": NaN, "highway": "tertiary", "maxspeed": NaN, "length": 40.357, "bridge": NaN, "tunnel": NaN, "access": NaN, "junction": NaN, "width": NaN, "est_width": NaN, "iri": 2.70000004768372}}, {"type": "Feature", "geometry": {"type": "LineString", "coordinates": [[-90.0630978, 14.8557446], [-90.0626848, 14.8557187]]}, "properties": {"osmid": "189570797", "oneway": "False", "lanes": NaN, "ref": "RD PRO-10", "name": NaN, "highway": "tertiary", "maxspeed": NaN, "length": 44.482, "bridge": NaN, "tunnel": NaN, "access": NaN, "junction": NaN, "width": NaN, "est_width": NaN, "iri": 2.70000004768372}}, {"type": "Feature", "geometry": {"type": "LineString", "coordinates": [[-90.0626848, 14.8557187], [-90.0620933, 14.8556557]]}, "properties": {"osmid": "189570797", "oneway": "False", "lanes": NaN, "ref": "RD PRO-10", "name": NaN, "highway": "tertiary", "maxspeed": NaN, "length": 63.958, "bridge": NaN, "tunnel": NaN, "access": NaN, "junction": NaN, "width": NaN, "est_width": NaN, "iri": 2.70000004768372}}, {"type": "Feature", "geometry": {"type": "LineString", "coordinates": [[-90.0620933, 14.8556557], [-90.0617071, 14.8556453]]}, "properties": {"osmid": "189570797", "oneway": "False", "lanes": NaN, "ref": "RD PRO-10", "name": NaN, "highway": "tertiary", "maxspeed": NaN, "length": 41.524, "bridge": NaN, "tunnel": NaN, "access": NaN, "junction": NaN, "width": NaN, "est_width": NaN, "iri": 2.70000004768372}}, {"type": "Feature", "geometry": {"type": "LineString", "coordinates": [[-90.0617071, 14.8556453], [-90.0613597, 14.8556979]]}, "properties": {"osmid": "189570797", "oneway": "False", "lanes": NaN, "ref": "RD PRO-10", "name": NaN, "highway": "tertiary", "maxspeed": NaN, "length": 37.793, "bridge": NaN, "tunnel": NaN, "access": NaN, "junction": NaN, "width": NaN, "est_width": NaN, "iri": 2.70000004768372}}, {"type": "Feature", "geometry": {"type": "LineString", "coordinates": [[-90.0613597, 14.8556979], [-90.0610647, 14.8557757]]}, "properties": {"osmid": "189570797", "oneway": "False", "lanes": NaN, "ref": "RD PRO-10", "name": NaN, "highway": "tertiary", "maxspeed": NaN, "length": 32.865, "bridge": NaN, "tunnel": NaN, "access": NaN, "junction": NaN, "width": NaN, "est_width": NaN, "iri": 2.70000004768372}}, {"type": "Feature", "geometry": {"type": "LineString", "coordinates": [[-90.0610647, 14.8557757], [-90.060539, 14.8559209]]}, "properties": {"osmid": "189570797", "oneway": "False", "lanes": NaN, "ref": "RD PRO-10", "name": NaN, "highway": "tertiary", "maxspeed": NaN, "length": 58.763, "bridge": NaN, "tunnel": NaN, "access": NaN, "junction": NaN, "width": NaN, "est_width": NaN, "iri": 2.70000004768372}}, {"type": "Feature", "geometry": {"type": "LineString", "coordinates": [[-90.060539, 14.8559209], [-90.0595479, 14.8563194]]}, "properties": {"osmid": "189570797", "oneway": "False", "lanes": NaN, "ref": "RD PRO-10", "name": NaN, "highway": "tertiary", "maxspeed": NaN, "length": 115.37, "bridge": NaN, "tunnel": NaN, "access": NaN, "junction": NaN, "width": NaN, "est_width": NaN, "iri": 2.70000004768372}}, {"type": "Feature", "geometry": {"type": "LineString", "coordinates": [[-90.0595479, 14.8563194], [-90.0589403, 14.8565365]]}, "properties": {"osmid": "189570797", "oneway": "False", "lanes": NaN, "ref": "RD PRO-10", "name": NaN, "highway": "tertiary", "maxspeed": NaN, "length": 69.623, "bridge": NaN, "tunnel": NaN, "access": NaN, "junction": NaN, "width": NaN, "est_width": NaN, "iri": 2.70000004768372}}, {"type": "Feature", "geometry": {"type": "LineString", "coordinates": [[-90.0589403, 14.8565365], [-90.0585903, 14.8566616]]}, "properties": {"osmid": "189570797", "oneway": "False", "lanes": NaN, "ref": "RD PRO-10", "name": NaN, "highway": "tertiary", "maxspeed": NaN, "length": 40.107, "bridge": NaN, "tunnel": NaN, "access": NaN, "junction": NaN, "width": NaN, "est_width": NaN, "iri": 2.70000004768372}}, {"type": "Feature", "geometry": {"type": "LineString", "coordinates": [[-90.0585903, 14.8566616], [-90.0583319, 14.8567537]]}, "properties": {"osmid": "189570797", "oneway": "False", "lanes": NaN, "ref": "RD PRO-10", "name": NaN, "highway": "tertiary", "maxspeed": NaN, "length": 29.6, "bridge": NaN, "tunnel": NaN, "access": NaN, "junction": NaN, "width": NaN, "est_width": NaN, "iri": 2.70000004768372}}, {"type": "Feature", "geometry": {"type": "LineString", "coordinates": [[-90.0583319, 14.8567537], [-90.0582122, 14.8567963]]}, "properties": {"osmid": "189570797", "oneway": "False", "lanes": NaN, "ref": "RD PRO-10", "name": NaN, "highway": "tertiary", "maxspeed": NaN, "length": 13.709, "bridge": NaN, "tunnel": NaN, "access": NaN, "junction": NaN, "width": NaN, "est_width": NaN, "iri": 2.70000004768372}}, {"type": "Feature", "geometry": {"type": "LineString", "coordinates": [[-90.0582122, 14.8567963], [-90.0573901, 14.8570564]]}, "properties": {"osmid": "189570797", "oneway": "False", "lanes": NaN, "ref": "RD PRO-10", "name": NaN, "highway": "tertiary", "maxspeed": NaN, "length": 92.97, "bridge": NaN, "tunnel": NaN, "access": NaN, "junction": NaN, "width": NaN, "est_width": NaN, "iri": 2.70000004768372}}, {"type": "Feature", "geometry": {"type": "LineString", "coordinates": [[-90.0573901, 14.8570564], [-90.0569716, 14.8572223]]}, "properties": {"osmid": "189570797", "oneway": "False", "lanes": NaN, "ref": "RD PRO-10", "name": NaN, "highway": "tertiary", "maxspeed": NaN, "length": 48.615, "bridge": NaN, "tunnel": NaN, "access": NaN, "junction": NaN, "width": NaN, "est_width": NaN, "iri": 2.70000004768372}}, {"type": "Feature", "geometry": {"type": "LineString", "coordinates": [[-90.0569716, 14.8572223], [-90.0564137, 14.857466]]}, "properties": {"osmid": "189570797", "oneway": "False", "lanes": NaN, "ref": "RD PRO-10", "name": NaN, "highway": "tertiary", "maxspeed": NaN, "length": 65.801, "bridge": NaN, "tunnel": NaN, "access": NaN, "junction": NaN, "width": NaN, "est_width": NaN, "iri": 2.70000004768372}}, {"type": "Feature", "geometry": {"type": "LineString", "coordinates": [[-90.0564137, 14.857466], [-90.0561656, 14.8576052]]}, "properties": {"osmid": "189570797", "oneway": "False", "lanes": NaN, "ref": "RD PRO-10", "name": NaN, "highway": "tertiary", "maxspeed": NaN, "length": 30.832, "bridge": NaN, "tunnel": NaN, "access": NaN, "junction": NaN, "width": NaN, "est_width": NaN, "iri": 2.70000004768372}}, {"type": "Feature", "geometry": {"type": "LineString", "coordinates": [[-90.0561656, 14.8576052], [-90.0559672, 14.8578126]]}, "properties": {"osmid": "189570797", "oneway": "False", "lanes": NaN, "ref": "RD PRO-10", "name": NaN, "highway": "tertiary", "maxspeed": NaN, "length": 31.409, "bridge": NaN, "tunnel": NaN, "access": NaN, "junction": NaN, "width": NaN, "est_width": NaN, "iri": 2.70000004768372}}, {"type": "Feature", "geometry": {"type": "LineString", "coordinates": [[-90.0559672, 14.8578126], [-90.0557647, 14.858166]]}, "properties": {"osmid": "189570797", "oneway": "False", "lanes": NaN, "ref": "RD PRO-10", "name": NaN, "highway": "tertiary", "maxspeed": NaN, "length": 44.921, "bridge": NaN, "tunnel": NaN, "access": NaN, "junction": NaN, "width": NaN, "est_width": NaN, "iri": 2.70000004768372}}, {"type": "Feature", "geometry": {"type": "LineString", "coordinates": [[-90.0557647, 14.858166], [-90.055688, 14.8582819]]}, "properties": {"osmid": "189570797", "oneway": "False", "lanes": NaN, "ref": "RD PRO-10", "name": NaN, "highway": "tertiary", "maxspeed": NaN, "length": 15.298, "bridge": NaN, "tunnel": NaN, "access": NaN, "junction": NaN, "width": NaN, "est_width": NaN, "iri": 2.70000004768372}}, {"type": "Feature", "geometry": {"type": "LineString", "coordinates": [[-90.055688, 14.8582819], [-90.0553932, 14.8585386]]}, "properties": {"osmid": "189570797", "oneway": "False", "lanes": NaN, "ref": "RD PRO-10", "name": NaN, "highway": "tertiary", "maxspeed": NaN, "length": 42.645, "bridge": NaN, "tunnel": NaN, "access": NaN, "junction": NaN, "width": NaN, "est_width": NaN, "iri": 2.70000004768372}}, {"type": "Feature", "geometry": {"type": "LineString", "coordinates": [[-90.0553932, 14.8585386], [-90.0547012, 14.8590208]]}, "properties": {"osmid": "189570797", "oneway": "False", "lanes": NaN, "ref": "RD PRO-10", "name": NaN, "highway": "tertiary", "maxspeed": NaN, "length": 91.686, "bridge": NaN, "tunnel": NaN, "access": NaN, "junction": NaN, "width": NaN, "est_width": NaN, "iri": 2.70000004768372}}, {"type": "Feature", "geometry": {"type": "LineString", "coordinates": [[-90.0547012, 14.8590208], [-90.0543605, 14.8592826]]}, "properties": {"osmid": "189570797", "oneway": "False", "lanes": NaN, "ref": "RD PRO-10", "name": NaN, "highway": "tertiary", "maxspeed": NaN, "length": 46.779, "bridge": NaN, "tunnel": NaN, "access": NaN, "junction": NaN, "width": NaN, "est_width": NaN, "iri": 2.70000004768372}}, {"type": "Feature", "geometry": {"type": "LineString", "coordinates": [[-90.0543605, 14.8592826], [-90.0537423, 14.8598926]]}, "properties": {"osmid": "189570797", "oneway": "False", "lanes": NaN, "ref": "RD PRO-10", "name": NaN, "highway": "tertiary", "maxspeed": NaN, "length": 94.949, "bridge": NaN, "tunnel": NaN, "access": NaN, "junction": NaN, "width": NaN, "est_width": NaN, "iri": 2.70000004768372}}, {"type": "Feature", "geometry": {"type": "LineString", "coordinates": [[-90.0537423, 14.8598926], [-90.0532206, 14.860597]]}, "properties": {"osmid": "189570797", "oneway": "False", "lanes": NaN, "ref": "RD PRO-10", "name": NaN, "highway": "tertiary", "maxspeed": NaN, "length": 96.327, "bridge": NaN, "tunnel": NaN, "access": NaN, "junction": NaN, "width": NaN, "est_width": NaN, "iri": 2.70000004768372}}, {"type": "Feature", "geometry": {"type": "LineString", "coordinates": [[-90.0532206, 14.860597], [-90.0528035, 14.8612355]]}, "properties": {"osmid": "189570797", "oneway": "False", "lanes": NaN, "ref": "RD PRO-10", "name": NaN, "highway": "tertiary", "maxspeed": NaN, "length": 83.966, "bridge": NaN, "tunnel": NaN, "access": NaN, "junction": NaN, "width": NaN, "est_width": NaN, "iri": 2.70000004768372}}, {"type": "Feature", "geometry": {"type": "LineString", "coordinates": [[-90.0528035, 14.8612355], [-90.0523515, 14.8618673]]}, "properties": {"osmid": "189570797", "oneway": "False", "lanes": NaN, "ref": "RD PRO-10", "name": NaN, "highway": "tertiary", "maxspeed": NaN, "length": 85.413, "bridge": NaN, "tunnel": NaN, "access": NaN, "junction": NaN, "width": NaN, "est_width": NaN, "iri": 2.70000004768372}}, {"type": "Feature", "geometry": {"type": "LineString", "coordinates": [[-90.0523515, 14.8618673], [-90.0521155, 14.8620021]]}, "properties": {"osmid": "189570797", "oneway": "False", "lanes": NaN, "ref": "RD PRO-10", "name": NaN, "highway": "tertiary", "maxspeed": NaN, "length": 29.462, "bridge": NaN, "tunnel": NaN, "access": NaN, "junction": NaN, "width": NaN, "est_width": NaN, "iri": 2.70000004768372}}, {"type": "Feature", "geometry": {"type": "LineString", "coordinates": [[-90.0521155, 14.8620021], [-90.050195, 14.8627747]]}, "properties": {"osmid": "189570797", "oneway": "False", "lanes": NaN, "ref": "RD PRO-10", "name": NaN, "highway": "tertiary", "maxspeed": NaN, "length": 223.57, "bridge": NaN, "tunnel": NaN, "access": NaN, "junction": NaN, "width": NaN, "est_width": NaN, "iri": 2.70000004768372}}, {"type": "Feature", "geometry": {"type": "LineString", "coordinates": [[-90.050195, 14.8627747], [-90.04944, 14.8630347]]}, "properties": {"osmid": "189570797", "oneway": "False", "lanes": NaN, "ref": "RD PRO-10", "name": NaN, "highway": "tertiary", "maxspeed": NaN, "length": 86.14, "bridge": NaN, "tunnel": NaN, "access": NaN, "junction": NaN, "width": NaN, "est_width": NaN, "iri": 2.70000004768372}}, {"type": "Feature", "geometry": {"type": "LineString", "coordinates": [[-90.04944, 14.8630347], [-90.0490484, 14.8630814]]}, "properties": {"osmid": "189570797", "oneway": "False", "lanes": NaN, "ref": "RD PRO-10", "name": NaN, "highway": "tertiary", "maxspeed": NaN, "length": 42.406, "bridge": NaN, "tunnel": NaN, "access": NaN, "junction": NaN, "width": NaN, "est_width": NaN, "iri": 2.70000004768372}}, {"type": "Feature", "geometry": {"type": "LineString", "coordinates": [[-90.0490484, 14.8630814], [-90.0485106, 14.8630858]]}, "properties": {"osmid": "189570797", "oneway": "False", "lanes": NaN, "ref": "RD PRO-10", "name": NaN, "highway": "tertiary", "maxspeed": NaN, "length": 57.802, "bridge": NaN, "tunnel": NaN, "access": NaN, "junction": NaN, "width": NaN, "est_width": NaN, "iri": 2.70000004768372}}, {"type": "Feature", "geometry": {"type": "LineString", "coordinates": [[-90.0485106, 14.8630858], [-90.0481244, 14.8630702]]}, "properties": {"osmid": "189570797", "oneway": "False", "lanes": NaN, "ref": "RD PRO-10", "name": NaN, "highway": "tertiary", "maxspeed": NaN, "length": 41.543, "bridge": NaN, "tunnel": NaN, "access": NaN, "junction": NaN, "width": NaN, "est_width": NaN, "iri": 2.70000004768372}}, {"type": "Feature", "geometry": {"type": "LineString", "coordinates": [[-90.0481244, 14.8630702], [-90.0479326, 14.8630088]]}, "properties": {"osmid": "189570797", "oneway": "False", "lanes": NaN, "ref": "RD PRO-10", "name": NaN, "highway": "tertiary", "maxspeed": NaN, "length": 21.715, "bridge": NaN, "tunnel": NaN, "access": NaN, "junction": NaN, "width": NaN, "est_width": NaN, "iri": 2.70000004768372}}, {"type": "Feature", "geometry": {"type": "LineString", "coordinates": [[-90.0479326, 14.8630088], [-90.0474216, 14.8627488]]}, "properties": {"osmid": "189570797", "oneway": "False", "lanes": NaN, "ref": "RD PRO-10", "name": NaN, "highway": "tertiary", "maxspeed": NaN, "length": 62.064, "bridge": NaN, "tunnel": NaN, "access": NaN, "junction": NaN, "width": NaN, "est_width": NaN, "iri": 2.70000004768372}}, {"type": "Feature", "geometry": {"type": "LineString", "coordinates": [[-90.0474216, 14.8627488], [-90.0472728, 14.8626458]]}, "properties": {"osmid": "189570797", "oneway": "False", "lanes": NaN, "ref": "RD PRO-10", "name": NaN, "highway": "tertiary", "maxspeed": NaN, "length": 19.67, "bridge": NaN, "tunnel": NaN, "access": NaN, "junction": NaN, "width": NaN, "est_width": NaN, "iri": 2.70000004768372}}, {"type": "Feature", "geometry": {"type": "LineString", "coordinates": [[-90.0472728, 14.8626458], [-90.0468061, 14.8625473]]}, "properties": {"osmid": "189570797", "oneway": "False", "lanes": NaN, "ref": "RD PRO-10", "name": NaN, "highway": "tertiary", "maxspeed": NaN, "length": 51.34, "bridge": NaN, "tunnel": NaN, "access": NaN, "junction": NaN, "width": NaN, "est_width": NaN, "iri": 2.70000004768372}}, {"type": "Feature", "geometry": {"type": "LineString", "coordinates": [[-90.0468061, 14.8625473], [-90.0461556, 14.8624532]]}, "properties": {"osmid": "189570797", "oneway": "False", "lanes": NaN, "ref": "RD PRO-10", "name": NaN, "highway": "tertiary", "maxspeed": NaN, "length": 70.691, "bridge": NaN, "tunnel": NaN, "access": NaN, "junction": NaN, "width": NaN, "est_width": NaN, "iri": 2.70000004768372}}, {"type": "Feature", "geometry": {"type": "LineString", "coordinates": [[-90.0461556, 14.8624532], [-90.04598, 14.8624229]]}, "properties": {"osmid": "189570797", "oneway": "False", "lanes": NaN, "ref": "RD PRO-10", "name": NaN, "highway": "tertiary", "maxspeed": NaN, "length": 19.171, "bridge": NaN, "tunnel": NaN, "access": NaN, "junction": NaN, "width": NaN, "est_width": NaN, "iri": 2.70000004768372}}, {"type": "Feature", "geometry": {"type": "LineString", "coordinates": [[-90.04598, 14.8624229], [-90.04576, 14.8623347]]}, "properties": {"osmid": "189570797", "oneway": "False", "lanes": NaN, "ref": "RD PRO-10", "name": NaN, "highway": "tertiary", "maxspeed": NaN, "length": 25.598, "bridge": NaN, "tunnel": NaN, "access": NaN, "junction": NaN, "width": NaN, "est_width": NaN, "iri": 2.70000004768372}}, {"type": "Feature", "geometry": {"type": "LineString", "coordinates": [[-90.04576, 14.8623347], [-90.0442902, 14.8617385]]}, "properties": {"osmid": "189570797", "oneway": "False", "lanes": NaN, "ref": "RD PRO-10", "name": NaN, "highway": "tertiary", "maxspeed": NaN, "length": 171.314, "bridge": NaN, "tunnel": NaN, "access": NaN, "junction": NaN, "width": NaN, "est_width": NaN, "iri": 2.70000004768372}}, {"type": "Feature", "geometry": {"type": "LineString", "coordinates": [[-90.0442902, 14.8617385], [-90.0434909, 14.8614118]]}, "properties": {"osmid": "189570797", "oneway": "False", "lanes": NaN, "ref": "RD PRO-10", "name": NaN, "highway": "tertiary", "maxspeed": NaN, "length": 93.27, "bridge": NaN, "tunnel": NaN, "access": NaN, "junction": NaN, "width": NaN, "est_width": NaN, "iri": 2.70000004768372}}, {"type": "Feature", "geometry": {"type": "LineString", "coordinates": [[-90.0434909, 14.8614118], [-90.043334, 14.8612607]]}, "properties": {"osmid": "189570797", "oneway": "False", "lanes": NaN, "ref": "RD PRO-10", "name": NaN, "highway": "tertiary", "maxspeed": NaN, "length": 23.804, "bridge": NaN, "tunnel": NaN, "access": NaN, "junction": NaN, "width": NaN, "est_width": NaN, "iri": 2.70000004768372}}, {"type": "Feature", "geometry": {"type": "LineString", "coordinates": [[-90.043334, 14.8612607], [-90.0432173, 14.8611318]]}, "properties": {"osmid": "189570797", "oneway": "False", "lanes": NaN, "ref": "RD PRO-10", "name": NaN, "highway": "tertiary", "maxspeed": NaN, "length": 19.046, "bridge": NaN, "tunnel": NaN, "access": NaN, "junction": NaN, "width": NaN, "est_width": NaN, "iri": 2.70000004768372}}, {"type": "Feature", "geometry": {"type": "LineString", "coordinates": [[-90.0432173, 14.8611318], [-90.0428847, 14.8608259]]}, "properties": {"osmid": "189570797", "oneway": "False", "lanes": NaN, "ref": "RD PRO-10", "name": NaN, "highway": "tertiary", "maxspeed": NaN, "length": 49.344, "bridge": NaN, "tunnel": NaN, "access": NaN, "junction": NaN, "width": NaN, "est_width": NaN, "iri": 2.70000004768372}}, {"type": "Feature", "geometry": {"type": "LineString", "coordinates": [[-90.0428847, 14.8608259], [-90.0427224, 14.8606333]]}, "properties": {"osmid": "189570797", "oneway": "False", "lanes": NaN, "ref": "RD PRO-10", "name": NaN, "highway": "tertiary", "maxspeed": NaN, "length": 27.621, "bridge": NaN, "tunnel": NaN, "access": NaN, "junction": NaN, "width": NaN, "est_width": NaN, "iri": 2.70000004768372}}, {"type": "Feature", "geometry": {"type": "LineString", "coordinates": [[-90.0427224, 14.8606333], [-90.0422557, 14.85984]]}, "properties": {"osmid": "189570797", "oneway": "False", "lanes": NaN, "ref": "RD PRO-10", "name": NaN, "highway": "tertiary", "maxspeed": NaN, "length": 101.475, "bridge": NaN, "tunnel": NaN, "access": NaN, "junction": NaN, "width": NaN, "est_width": NaN, "iri": 2.70000004768372}}, {"type": "Feature", "geometry": {"type": "LineString", "coordinates": [[-90.0422557, 14.85984], [-90.0421659, 14.8597215]]}, "properties": {"osmid": "189570797", "oneway": "False", "lanes": NaN, "ref": "RD PRO-10", "name": NaN, "highway": "tertiary", "maxspeed": NaN, "length": 16.333, "bridge": NaN, "tunnel": NaN, "access": NaN, "junction": NaN, "width": NaN, "est_width": NaN, "iri": 2.70000004768372}}, {"type": "Feature", "geometry": {"type": "LineString", "coordinates": [[-90.0421659, 14.8597215], [-90.0420747, 14.859623]]}, "properties": {"osmid": "189570797", "oneway": "False", "lanes": NaN, "ref": "RD PRO-10", "name": NaN, "highway": "tertiary", "maxspeed": NaN, "length": 14.698, "bridge": NaN, "tunnel": NaN, "access": NaN, "junction": NaN, "width": NaN, "est_width": NaN, "iri": 2.70000004768372}}, {"type": "Feature", "geometry": {"type": "LineString", "coordinates": [[-90.0420747, 14.859623], [-90.0419392, 14.8595496]]}, "properties": {"osmid": "189570797", "oneway": "False", "lanes": NaN, "ref": "RD PRO-10", "name": NaN, "highway": "tertiary", "maxspeed": NaN, "length": 16.694, "bridge": NaN, "tunnel": NaN, "access": NaN, "junction": NaN, "width": NaN, "est_width": NaN, "iri": 2.70000004768372}}, {"type": "Feature", "geometry": {"type": "LineString", "coordinates": [[-90.0419392, 14.8595496], [-90.0416871, 14.8594926]]}, "properties": {"osmid": "189570797", "oneway": "False", "lanes": NaN, "ref": "RD PRO-10", "name": NaN, "highway": "tertiary", "maxspeed": NaN, "length": 27.826, "bridge": NaN, "tunnel": NaN, "access": NaN, "junction": NaN, "width": NaN, "est_width": NaN, "iri": 2.70000004768372}}, {"type": "Feature", "geometry": {"type": "LineString", "coordinates": [[-90.0416871, 14.8594926], [-90.0413451, 14.8594467]]}, "properties": {"osmid": "189570797", "oneway": "False", "lanes": NaN, "ref": "RD PRO-10", "name": NaN, "highway": "tertiary", "maxspeed": NaN, "length": 37.11, "bridge": NaN, "tunnel": NaN, "access": NaN, "junction": NaN, "width": NaN, "est_width": NaN, "iri": 2.70000004768372}}, {"type": "Feature", "geometry": {"type": "LineString", "coordinates": [[-90.0413451, 14.8594467], [-90.0410487, 14.8594096]]}, "properties": {"osmid": "189570797", "oneway": "False", "lanes": NaN, "ref": "RD PRO-10", "name": NaN, "highway": "tertiary", "maxspeed": NaN, "length": 32.122, "bridge": NaN, "tunnel": NaN, "access": NaN, "junction": NaN, "width": NaN, "est_width": NaN, "iri": 2.70000004768372}}, {"type": "Feature", "geometry": {"type": "LineString", "coordinates": [[-90.0410487, 14.8594096], [-90.0408945, 14.8593845]]}, "properties": {"osmid": "189570797", "oneway": "False", "lanes": NaN, "ref": "RD PRO-10", "name": NaN, "highway": "tertiary", "maxspeed": NaN, "length": 16.806, "bridge": NaN, "tunnel": NaN, "access": NaN, "junction": NaN, "width": NaN, "est_width": NaN, "iri": 2.70000004768372}}, {"type": "Feature", "geometry": {"type": "LineString", "coordinates": [[-90.0408945, 14.8593845], [-90.0407751, 14.8593422]]}, "properties": {"osmid": "189570797", "oneway": "False", "lanes": NaN, "ref": "RD PRO-10", "name": NaN, "highway": "tertiary", "maxspeed": NaN, "length": 13.668, "bridge": NaN, "tunnel": NaN, "access": NaN, "junction": NaN, "width": NaN, "est_width": NaN, "iri": 2.70000004768372}}, {"type": "Feature", "geometry": {"type": "LineString", "coordinates": [[-90.0407751, 14.8593422], [-90.0399919, 14.8589015]]}, "properties": {"osmid": "189570797", "oneway": "False", "lanes": NaN, "ref": "RD PRO-10", "name": NaN, "highway": "tertiary", "maxspeed": NaN, "length": 97.401, "bridge": NaN, "tunnel": NaN, "access": NaN, "junction": NaN, "width": NaN, "est_width": NaN, "iri": 2.70000004768372}}, {"type": "Feature", "geometry": {"type": "LineString", "coordinates": [[-90.0399919, 14.8589015], [-90.0397613, 14.8587563]]}, "properties": {"osmid": "189570797", "oneway": "False", "lanes": NaN, "ref": "RD PRO-10", "name": NaN, "highway": "tertiary", "maxspeed": NaN, "length": 29.579, "bridge": NaN, "tunnel": NaN, "access": NaN, "junction": NaN, "width": NaN, "est_width": NaN, "iri": 2.70000004768372}}, {"type": "Feature", "geometry": {"type": "LineString", "coordinates": [[-90.0397613, 14.8587563], [-90.0395735, 14.8585749]]}, "properties": {"osmid": "189570797", "oneway": "False", "lanes": NaN, "ref": "RD PRO-10", "name": NaN, "highway": "tertiary", "maxspeed": NaN, "length": 28.535, "bridge": NaN, "tunnel": NaN, "access": NaN, "junction": NaN, "width": NaN, "est_width": NaN, "iri": 2.70000004768372}}, {"type": "Feature", "geometry": {"type": "LineString", "coordinates": [[-90.0395735, 14.8585749], [-90.0393871, 14.858389]]}, "properties": {"osmid": "189570797", "oneway": "False", "lanes": NaN, "ref": "RD PRO-10", "name": NaN, "highway": "tertiary", "maxspeed": NaN, "length": 28.786, "bridge": NaN, "tunnel": NaN, "access": NaN, "junction": NaN, "width": NaN, "est_width": NaN, "iri": 2.70000004768372}}, {"type": "Feature", "geometry": {"type": "LineString", "coordinates": [[-90.0393871, 14.858389], [-90.0391443, 14.8582586]]}, "properties": {"osmid": "189570797", "oneway": "False", "lanes": NaN, "ref": "RD PRO-10", "name": NaN, "highway": "tertiary", "maxspeed": NaN, "length": 29.853, "bridge": NaN, "tunnel": NaN, "access": NaN, "junction": NaN, "width": NaN, "est_width": NaN, "iri": 2.70000004768372}}, {"type": "Feature", "geometry": {"type": "LineString", "coordinates": [[-90.0391443, 14.8582586], [-90.0388828, 14.8581608]]}, "properties": {"osmid": "189570797", "oneway": "False", "lanes": NaN, "ref": "RD PRO-10", "name": NaN, "highway": "tertiary", "maxspeed": NaN, "length": 30.136, "bridge": NaN, "tunnel": NaN, "access": NaN, "junction": NaN, "width": NaN, "est_width": NaN, "iri": 2.70000004768372}}, {"type": "Feature", "geometry": {"type": "LineString", "coordinates": [[-90.0388828, 14.8581608], [-90.0386039, 14.858083]]}, "properties": {"osmid": "189570797", "oneway": "False", "lanes": NaN, "ref": "RD PRO-10", "name": NaN, "highway": "tertiary", "maxspeed": NaN, "length": 31.199, "bridge": NaN, "tunnel": NaN, "access": NaN, "junction": NaN, "width": NaN, "est_width": NaN, "iri": 2.70000004768372}}, {"type": "Feature", "geometry": {"type": "LineString", "coordinates": [[-90.0386039, 14.858083], [-90.0383947, 14.858026]]}, "properties": {"osmid": "189570797", "oneway": "False", "lanes": NaN, "ref": "RD PRO-10", "name": NaN, "highway": "tertiary", "maxspeed": NaN, "length": 23.36, "bridge": NaN, "tunnel": NaN, "access": NaN, "junction": NaN, "width": NaN, "est_width": NaN, "iri": 2.70000004768372}}, {"type": "Feature", "geometry": {"type": "LineString", "coordinates": [[-90.0383947, 14.858026], [-90.0380674, 14.8579016]]}, "properties": {"osmid": "189570797", "oneway": "False", "lanes": NaN, "ref": "RD PRO-10", "name": NaN, "highway": "tertiary", "maxspeed": NaN, "length": 37.799, "bridge": NaN, "tunnel": NaN, "access": NaN, "junction": NaN, "width": NaN, "est_width": NaN, "iri": 2.70000004768372}}, {"type": "Feature", "geometry": {"type": "LineString", "coordinates": [[-90.0380674, 14.8579016], [-90.037932, 14.8578541]]}, "properties": {"osmid": "189570797", "oneway": "False", "lanes": NaN, "ref": "RD PRO-10", "name": NaN, "highway": "tertiary", "maxspeed": NaN, "length": 15.481, "bridge": NaN, "tunnel": NaN, "access": NaN, "junction": NaN, "width": NaN, "est_width": NaN, "iri": 2.70000004768372}}, {"type": "Feature", "geometry": {"type": "LineString", "coordinates": [[-90.037932, 14.8578541], [-90.0377013, 14.8578438]]}, "properties": {"osmid": "189570797", "oneway": "False", "lanes": NaN, "ref": "RD PRO-10", "name": NaN, "highway": "tertiary", "maxspeed": NaN, "length": 24.821, "bridge": NaN, "tunnel": NaN, "access": NaN, "junction": NaN, "width": NaN, "est_width": NaN, "iri": 2.70000004768372}}, {"type": "Feature", "geometry": {"type": "LineString", "coordinates": [[-90.0377013, 14.8578438], [-90.0373795, 14.8578645]]}, "properties": {"osmid": "189570797", "oneway": "False", "lanes": NaN, "ref": "RD PRO-10", "name": NaN, "highway": "tertiary", "maxspeed": NaN, "length": 34.663, "bridge": NaN, "tunnel": NaN, "access": NaN, "junction": NaN, "width": NaN, "est_width": NaN, "iri": 2.70000004768372}}, {"type": "Feature", "geometry": {"type": "LineString", "coordinates": [[-90.0373795, 14.8578645], [-90.0370361, 14.8578749]]}, "properties": {"osmid": "189570797", "oneway": "False", "lanes": NaN, "ref": "RD PRO-10", "name": NaN, "highway": "tertiary", "maxspeed": NaN, "length": 36.926, "bridge": NaN, "tunnel": NaN, "access": NaN, "junction": NaN, "width": NaN, "est_width": NaN, "iri": 2.70000004768372}}, {"type": "Feature", "geometry": {"type": "LineString", "coordinates": [[-90.0370361, 14.8578749], [-90.0366834, 14.8578445]]}, "properties": {"osmid": "189570797", "oneway": "False", "lanes": NaN, "ref": "RD PRO-10", "name": NaN, "highway": "tertiary", "maxspeed": NaN, "length": 38.058, "bridge": NaN, "tunnel": NaN, "access": NaN, "junction": NaN, "width": NaN, "est_width": NaN, "iri": 2.70000004768372}}, {"type": "Feature", "geometry": {"type": "LineString", "coordinates": [[-90.0366834, 14.8578445], [-90.0364581, 14.8577719]]}, "properties": {"osmid": "189570797", "oneway": "False", "lanes": NaN, "ref": "RD PRO-10", "name": NaN, "highway": "tertiary", "maxspeed": NaN, "length": 25.525, "bridge": NaN, "tunnel": NaN, "access": NaN, "junction": NaN, "width": NaN, "est_width": NaN, "iri": 2.70000004768372}}, {"type": "Feature", "geometry": {"type": "LineString", "coordinates": [[-90.0364581, 14.8577719], [-90.0361671, 14.8576415]]}, "properties": {"osmid": "189570797", "oneway": "False", "lanes": NaN, "ref": "RD PRO-10", "name": NaN, "highway": "tertiary", "maxspeed": NaN, "length": 34.474, "bridge": NaN, "tunnel": NaN, "access": NaN, "junction": NaN, "width": NaN, "est_width": NaN, "iri": 2.70000004768372}}, {"type": "Feature", "geometry": {"type": "LineString", "coordinates": [[-90.0361671, 14.8576415], [-90.0359592, 14.8575801]]}, "properties": {"osmid": "189570797", "oneway": "False", "lanes": NaN, "ref": "RD PRO-10", "name": NaN, "highway": "tertiary", "maxspeed": NaN, "length": 23.364, "bridge": NaN, "tunnel": NaN, "access": NaN, "junction": NaN, "width": NaN, "est_width": NaN, "iri": 2.70000004768372}}, {"type": "Feature", "geometry": {"type": "LineString", "coordinates": [[-90.0359592, 14.8575801], [-90.0357809, 14.8575327]]}, "properties": {"osmid": "189570797", "oneway": "False", "lanes": NaN, "ref": "RD PRO-10", "name": NaN, "highway": "tertiary", "maxspeed": NaN, "length": 19.875, "bridge": NaN, "tunnel": NaN, "access": NaN, "junction": NaN, "width": NaN, "est_width": NaN, "iri": 2.70000004768372}}, {"type": "Feature", "geometry": {"type": "LineString", "coordinates": [[-90.0357809, 14.8575327], [-90.0355837, 14.857492]]}, "properties": {"osmid": "189570797", "oneway": "False", "lanes": NaN, "ref": "RD PRO-10", "name": NaN, "highway": "tertiary", "maxspeed": NaN, "length": 21.672, "bridge": NaN, "tunnel": NaN, "access": NaN, "junction": NaN, "width": NaN, "est_width": NaN, "iri": 2.70000004768372}}, {"type": "Feature", "geometry": {"type": "LineString", "coordinates": [[-90.0355837, 14.857492], [-90.0353463, 14.8573978]]}, "properties": {"osmid": "189570797", "oneway": "False", "lanes": NaN, "ref": "RD PRO-10", "name": NaN, "highway": "tertiary", "maxspeed": NaN, "length": 27.582, "bridge": NaN, "tunnel": NaN, "access": NaN, "junction": NaN, "width": NaN, "est_width": NaN, "iri": 2.70000004768372}}, {"type": "Feature", "geometry": {"type": "LineString", "coordinates": [[-90.0353463, 14.8573978], [-90.0351157, 14.8573978]]}, "properties": {"osmid": "189570797", "oneway": "False", "lanes": NaN, "ref": "RD PRO-10", "name": NaN, "highway": "tertiary", "maxspeed": NaN, "length": 24.784, "bridge": NaN, "tunnel": NaN, "access": NaN, "junction": NaN, "width": NaN, "est_width": NaN, "iri": 2.70000004768372}}, {"type": "Feature", "geometry": {"type": "LineString", "coordinates": [[-90.0351157, 14.8573978], [-90.034708, 14.8573875]]}, "properties": {"osmid": "189570797", "oneway": "False", "lanes": NaN, "ref": "RD PRO-10", "name": NaN, "highway": "tertiary", "maxspeed": NaN, "length": 43.834, "bridge": NaN, "tunnel": NaN, "access": NaN, "junction": NaN, "width": NaN, "est_width": NaN, "iri": 2.70000004768372}}, {"type": "Feature", "geometry": {"type": "LineString", "coordinates": [[-90.034708, 14.8573875], [-90.0339744, 14.857326]]}, "properties": {"osmid": "189570797", "oneway": "False", "lanes": NaN, "ref": "RD PRO-10", "name": NaN, "highway": "tertiary", "maxspeed": NaN, "length": 79.142, "bridge": NaN, "tunnel": NaN, "access": NaN, "junction": NaN, "width": NaN, "est_width": NaN, "iri": 2.70000004768372}}, {"type": "Feature", "geometry": {"type": "LineString", "coordinates": [[-90.0339744, 14.857326], [-90.0325944, 14.8571438]]}, "properties": {"osmid": "189570797", "oneway": "False", "lanes": NaN, "ref": "RD PRO-10", "name": NaN, "highway": "tertiary", "maxspeed": NaN, "length": 149.696, "bridge": NaN, "tunnel": NaN, "access": NaN, "junction": NaN, "width": NaN, "est_width": NaN, "iri": 2.70000004768372}}, {"type": "Feature", "geometry": {"type": "LineString", "coordinates": [[-90.0325944, 14.8571438], [-90.0317629, 14.8570971]]}, "properties": {"osmid": "189570797", "oneway": "False", "lanes": NaN, "ref": "RD PRO-10", "name": NaN, "highway": "tertiary", "maxspeed": NaN, "length": 89.518, "bridge": NaN, "tunnel": NaN, "access": NaN, "junction": NaN, "width": NaN, "est_width": NaN, "iri": 2.70000004768372}}, {"type": "Feature", "geometry": {"type": "LineString", "coordinates": [[-90.0317629, 14.8570971], [-90.0309167, 14.857072]]}, "properties": {"osmid": "189570797", "oneway": "False", "lanes": NaN, "ref": "RD PRO-10", "name": NaN, "highway": "tertiary", "maxspeed": NaN, "length": 90.99, "bridge": NaN, "tunnel": NaN, "access": NaN, "junction": NaN, "width": NaN, "est_width": NaN, "iri": 2.70000004768372}}, {"type": "Feature", "geometry": {"type": "LineString", "coordinates": [[-90.0309167, 14.857072], [-90.0301657, 14.8571394]]}, "properties": {"osmid": "189570797", "oneway": "False", "lanes": NaN, "ref": "RD PRO-10", "name": NaN, "highway": "tertiary", "maxspeed": NaN, "length": 81.063, "bridge": NaN, "tunnel": NaN, "access": NaN, "junction": NaN, "width": NaN, "est_width": NaN, "iri": 2.70000004768372}}, {"type": "Feature", "geometry": {"type": "LineString", "coordinates": [[-90.0301657, 14.8571394], [-90.0298384, 14.8571394]]}, "properties": {"osmid": "189570797", "oneway": "False", "lanes": NaN, "ref": "RD PRO-10", "name": NaN, "highway": "tertiary", "maxspeed": NaN, "length": 35.177, "bridge": NaN, "tunnel": NaN, "access": NaN, "junction": NaN, "width": NaN, "est_width": NaN, "iri": 2.70000004768372}}, {"type": "Feature", "geometry": {"type": "LineString", "coordinates": [[-90.0298384, 14.8571394], [-90.0293328, 14.857066]]}, "properties": {"osmid": "189570797", "oneway": "False", "lanes": NaN, "ref": "RD PRO-10", "name": NaN, "highway": "tertiary", "maxspeed": NaN, "length": 54.95, "bridge": NaN, "tunnel": NaN, "access": NaN, "junction": NaN, "width": NaN, "est_width": NaN, "iri": 2.70000004768372}}, {"type": "Feature", "geometry": {"type": "LineString", "coordinates": [[-90.0293328, 14.857066], [-90.029125, 14.8570097]]}, "properties": {"osmid": "189570797", "oneway": "False", "lanes": NaN, "ref": "RD PRO-10", "name": NaN, "highway": "tertiary", "maxspeed": NaN, "length": 23.195, "bridge": NaN, "tunnel": NaN, "access": NaN, "junction": NaN, "width": NaN, "est_width": NaN, "iri": 2.70000004768372}}, {"type": "Feature", "geometry": {"type": "LineString", "coordinates": [[-90.029125, 14.8570097], [-90.0289479, 14.8569216]]}, "properties": {"osmid": "189570797", "oneway": "False", "lanes": NaN, "ref": "RD PRO-10", "name": NaN, "highway": "tertiary", "maxspeed": NaN, "length": 21.407, "bridge": NaN, "tunnel": NaN, "access": NaN, "junction": NaN, "width": NaN, "est_width": NaN, "iri": 2.70000004768372}}, {"type": "Feature", "geometry": {"type": "LineString", "coordinates": [[-90.0289479, 14.8569216], [-90.0283994, 14.8565267]]}, "properties": {"osmid": "189570797", "oneway": "False", "lanes": NaN, "ref": "RD PRO-10", "name": NaN, "highway": "tertiary", "maxspeed": NaN, "length": 73.508, "bridge": NaN, "tunnel": NaN, "access": NaN, "junction": NaN, "width": NaN, "est_width": NaN, "iri": 2.70000004768372}}, {"type": "Feature", "geometry": {"type": "LineString", "coordinates": [[-90.0283994, 14.8565267], [-90.0281741, 14.8564023]]}, "properties": {"osmid": "189570797", "oneway": "False", "lanes": NaN, "ref": "RD PRO-10", "name": NaN, "highway": "tertiary", "maxspeed": NaN, "length": 27.887, "bridge": NaN, "tunnel": NaN, "access": NaN, "junction": NaN, "width": NaN, "est_width": NaN, "iri": 2.70000004768372}}, {"type": "Feature", "geometry": {"type": "LineString", "coordinates": [[-90.0281741, 14.8564023], [-90.0279233, 14.8563305]]}, "properties": {"osmid": "189570797", "oneway": "False", "lanes": NaN, "ref": "RD PRO-10", "name": NaN, "highway": "tertiary", "maxspeed": NaN, "length": 28.113, "bridge": NaN, "tunnel": NaN, "access": NaN, "junction": NaN, "width": NaN, "est_width": NaN, "iri": 2.70000004768372}}, {"type": "Feature", "geometry": {"type": "LineString", "coordinates": [[-90.0279233, 14.8563305], [-90.027643, 14.8562208]]}, "properties": {"osmid": "189570797", "oneway": "False", "lanes": NaN, "ref": "RD PRO-10", "name": NaN, "highway": "tertiary", "maxspeed": NaN, "length": 32.502, "bridge": NaN, "tunnel": NaN, "access": NaN, "junction": NaN, "width": NaN, "est_width": NaN, "iri": 2.70000004768372}}, {"type": "Feature", "geometry": {"type": "LineString", "coordinates": [[-90.027643, 14.8562208], [-90.0274781, 14.8561438]]}, "properties": {"osmid": "189570797", "oneway": "False", "lanes": NaN, "ref": "RD PRO-10", "name": NaN, "highway": "tertiary", "maxspeed": NaN, "length": 19.683, "bridge": NaN, "tunnel": NaN, "access": NaN, "junction": NaN, "width": NaN, "est_width": NaN, "iri": 2.70000004768372}}, {"type": "Feature", "geometry": {"type": "LineString", "coordinates": [[-90.0274781, 14.8561438], [-90.0272783, 14.8560912]]}, "properties": {"osmid": "189570797", "oneway": "False", "lanes": NaN, "ref": "RD PRO-10", "name": NaN, "highway": "tertiary", "maxspeed": NaN, "length": 22.256, "bridge": NaN, "tunnel": NaN, "access": NaN, "junction": NaN, "width": NaN, "est_width": NaN, "iri": 2.70000004768372}}, {"type": "Feature", "geometry": {"type": "LineString", "coordinates": [[-90.0272783, 14.8560912], [-90.027124, 14.8560816]]}, "properties": {"osmid": "189570797", "oneway": "False", "lanes": NaN, "ref": "RD PRO-10", "name": NaN, "highway": "tertiary", "maxspeed": NaN, "length": 16.618, "bridge": NaN, "tunnel": NaN, "access": NaN, "junction": NaN, "width": NaN, "est_width": NaN, "iri": 2.70000004768372}}, {"type": "Feature", "geometry": {"type": "LineString", "coordinates": [[-90.027124, 14.8560816], [-90.026947, 14.8561127]]}, "properties": {"osmid": "189570797", "oneway": "False", "lanes": NaN, "ref": "RD PRO-10", "name": NaN, "highway": "tertiary", "maxspeed": NaN, "length": 19.335, "bridge": NaN, "tunnel": NaN, "access": NaN, "junction": NaN, "width": NaN, "est_width": NaN, "iri": 2.70000004768372}}, {"type": "Feature", "geometry": {"type": "LineString", "coordinates": [[-90.026947, 14.8561127], [-90.026774, 14.8561171]]}, "properties": {"osmid": "189570797", "oneway": "False", "lanes": NaN, "ref": "RD PRO-10", "name": NaN, "highway": "tertiary", "maxspeed": NaN, "length": 18.6, "bridge": NaN, "tunnel": NaN, "access": NaN, "junction": NaN, "width": NaN, "est_width": NaN, "iri": 2.70000004768372}}, {"type": "Feature", "geometry": {"type": "LineString", "coordinates": [[-90.026774, 14.8561171], [-90.0264749, 14.8561749]]}, "properties": {"osmid": "189570797", "oneway": "False", "lanes": NaN, "ref": "RD PRO-10", "name": NaN, "highway": "tertiary", "maxspeed": NaN, "length": 32.783, "bridge": NaN, "tunnel": NaN, "access": NaN, "junction": NaN, "width": NaN, "est_width": NaN, "iri": 2.70000004768372}}, {"type": "Feature", "geometry": {"type": "LineString", "coordinates": [[-90.0264749, 14.8561749], [-90.0261088, 14.8562934]]}, "properties": {"osmid": "189570797", "oneway": "False", "lanes": NaN, "ref": "RD PRO-10", "name": NaN, "highway": "tertiary", "maxspeed": NaN, "length": 41.495, "bridge": NaN, "tunnel": NaN, "access": NaN, "junction": NaN, "width": NaN, "est_width": NaN, "iri": 2.70000004768372}}, {"type": "Feature", "geometry": {"type": "LineString", "coordinates": [[-90.0261088, 14.8562934], [-90.0256904, 14.8564542]]}, "properties": {"osmid": "189570797", "oneway": "False", "lanes": NaN, "ref": "RD PRO-10", "name": NaN, "highway": "tertiary", "maxspeed": NaN, "length": 48.393, "bridge": NaN, "tunnel": NaN, "access": NaN, "junction": NaN, "width": NaN, "est_width": NaN, "iri": 2.70000004768372}}, {"type": "Feature", "geometry": {"type": "LineString", "coordinates": [[-90.0256904, 14.8564542], [-90.0255187, 14.8565786]]}, "properties": {"osmid": "189570797", "oneway": "False", "lanes": NaN, "ref": "RD PRO-10", "name": NaN, "highway": "tertiary", "maxspeed": NaN, "length": 23.063, "bridge": NaN, "tunnel": NaN, "access": NaN, "junction": NaN, "width": NaN, "est_width": NaN, "iri": 2.70000004768372}}, {"type": "Feature", "geometry": {"type": "LineString", "coordinates": [[-90.0255187, 14.8565786], [-90.0253806, 14.8567453]]}, "properties": {"osmid": "189570797", "oneway": "False", "lanes": NaN, "ref": "RD PRO-10", "name": NaN, "highway": "tertiary", "maxspeed": NaN, "length": 23.747, "bridge": NaN, "tunnel": NaN, "access": NaN, "junction": NaN, "width": NaN, "est_width": NaN, "iri": 2.70000004768372}}, {"type": "Feature", "geometry": {"type": "LineString", "coordinates": [[-90.0253806, 14.8567453], [-90.0252881, 14.856926]]}, "properties": {"osmid": "189570797", "oneway": "False", "lanes": NaN, "ref": "RD PRO-10", "name": NaN, "highway": "tertiary", "maxspeed": NaN, "length": 22.418, "bridge": NaN, "tunnel": NaN, "access": NaN, "junction": NaN, "width": NaN, "est_width": NaN, "iri": 2.70000004768372}}, {"type": "Feature", "geometry": {"type": "LineString", "coordinates": [[-90.0252881, 14.856926], [-90.0251861, 14.8570867]]}, "properties": {"osmid": "189570797", "oneway": "False", "lanes": NaN, "ref": "RD PRO-10", "name": NaN, "highway": "tertiary", "maxspeed": NaN, "length": 20.964, "bridge": NaN, "tunnel": NaN, "access": NaN, "junction": NaN, "width": NaN, "est_width": NaN, "iri": 2.70000004768372}}, {"type": "Feature", "geometry": {"type": "LineString", "coordinates": [[-90.0251861, 14.8570867], [-90.0251003, 14.8572786]]}, "properties": {"osmid": "189570797", "oneway": "False", "lanes": NaN, "ref": "RD PRO-10", "name": NaN, "highway": "tertiary", "maxspeed": NaN, "length": 23.246, "bridge": NaN, "tunnel": NaN, "access": NaN, "junction": NaN, "width": NaN, "est_width": NaN, "iri": 2.70000004768372}}, {"type": "Feature", "geometry": {"type": "LineString", "coordinates": [[-90.0251003, 14.8572786], [-90.0250306, 14.8574756]]}, "properties": {"osmid": "189570797", "oneway": "False", "lanes": NaN, "ref": "RD PRO-10", "name": NaN, "highway": "tertiary", "maxspeed": NaN, "length": 23.151, "bridge": NaN, "tunnel": NaN, "access": NaN, "junction": NaN, "width": NaN, "est_width": NaN, "iri": 2.70000004768372}}, {"type": "Feature", "geometry": {"type": "LineString", "coordinates": [[-90.0250306, 14.8574756], [-90.0249582, 14.8578127]]}, "properties": {"osmid": "189570797", "oneway": "False", "lanes": NaN, "ref": "RD PRO-10", "name": NaN, "highway": "tertiary", "maxspeed": NaN, "length": 38.283, "bridge": NaN, "tunnel": NaN, "access": NaN, "junction": NaN, "width": NaN, "est_width": NaN, "iri": 2.70000004768372}}, {"type": "Feature", "geometry": {"type": "LineString", "coordinates": [[-90.0249582, 14.8578127], [-90.0248992, 14.8581082]]}, "properties": {"osmid": "189570797", "oneway": "False", "lanes": NaN, "ref": "RD PRO-10", "name": NaN, "highway": "tertiary", "maxspeed": NaN, "length": 33.464, "bridge": NaN, "tunnel": NaN, "access": NaN, "junction": NaN, "width": NaN, "est_width": NaN, "iri": 2.70000004768372}}, {"type": "Feature", "geometry": {"type": "LineString", "coordinates": [[-90.0248992, 14.8581082], [-90.0248723, 14.8584167]]}, "properties": {"osmid": "189570797", "oneway": "False", "lanes": NaN, "ref": "RD PRO-10", "name": NaN, "highway": "tertiary", "maxspeed": NaN, "length": 34.425, "bridge": NaN, "tunnel": NaN, "access": NaN, "junction": NaN, "width": NaN, "est_width": NaN, "iri": 2.70000004768372}}, {"type": "Feature", "geometry": {"type": "LineString", "coordinates": [[-90.0248723, 14.8584167], [-90.0248482, 14.8586552]]}, "properties": {"osmid": "189570797", "oneway": "False", "lanes": NaN, "ref": "RD PRO-10", "name": NaN, "highway": "tertiary", "maxspeed": NaN, "length": 26.646, "bridge": NaN, "tunnel": NaN, "access": NaN, "junction": NaN, "width": NaN, "est_width": NaN, "iri": 2.70000004768372}}, {"type": "Feature", "geometry": {"type": "LineString", "coordinates": [[-90.0248482, 14.8586552], [-90.0247624, 14.8588574]]}, "properties": {"osmid": "189570797", "oneway": "False", "lanes": NaN, "ref": "RD PRO-10", "name": NaN, "highway": "tertiary", "maxspeed": NaN, "length": 24.301, "bridge": NaN, "tunnel": NaN, "access": NaN, "junction": NaN, "width": NaN, "est_width": NaN, "iri": 2.70000004768372}}, {"type": "Feature", "geometry": {"type": "LineString", "coordinates": [[-90.0247624, 14.8588574], [-90.0245906, 14.8591582]]}, "properties": {"osmid": "189570797", "oneway": "False", "lanes": NaN, "ref": "RD PRO-10", "name": NaN, "highway": "tertiary", "maxspeed": NaN, "length": 38.206, "bridge": NaN, "tunnel": NaN, "access": NaN, "junction": NaN, "width": NaN, "est_width": NaN, "iri": 2.70000004768372}}, {"type": "Feature", "geometry": {"type": "LineString", "coordinates": [[-90.0245906, 14.8591582], [-90.0243934, 14.8594654]]}, "properties": {"osmid": "189570797", "oneway": "False", "lanes": NaN, "ref": "RD PRO-10", "name": NaN, "highway": "tertiary", "maxspeed": NaN, "length": 40.2, "bridge": NaN, "tunnel": NaN, "access": NaN, "junction": NaN, "width": NaN, "est_width": NaN, "iri": 2.70000004768372}}, {"type": "Feature", "geometry": {"type": "LineString", "coordinates": [[-90.0243934, 14.8594654], [-90.0241454, 14.8598478]]}, "properties": {"osmid": "189570797", "oneway": "False", "lanes": NaN, "ref": "RD PRO-10", "name": NaN, "highway": "tertiary", "maxspeed": NaN, "length": 50.184, "bridge": NaN, "tunnel": NaN, "access": NaN, "junction": NaN, "width": NaN, "est_width": NaN, "iri": 2.70000004768372}}, {"type": "Feature", "geometry": {"type": "LineString", "coordinates": [[-90.0241454, 14.8598478], [-90.0239577, 14.8601692]]}, "properties": {"osmid": "189570797", "oneway": "False", "lanes": NaN, "ref": "RD PRO-10", "name": NaN, "highway": "tertiary", "maxspeed": NaN, "length": 41.039, "bridge": NaN, "tunnel": NaN, "access": NaN, "junction": NaN, "width": NaN, "est_width": NaN, "iri": 2.70000004768372}}, {"type": "Feature", "geometry": {"type": "LineString", "coordinates": [[-90.0239577, 14.8601692], [-90.0237217, 14.8604933]]}, "properties": {"osmid": "189570797", "oneway": "False", "lanes": NaN, "ref": "RD PRO-10", "name": NaN, "highway": "tertiary", "maxspeed": NaN, "length": 44.069, "bridge": NaN, "tunnel": NaN, "access": NaN, "junction": NaN, "width": NaN, "est_width": NaN, "iri": 2.70000004768372}}, {"type": "Feature", "geometry": {"type": "LineString", "coordinates": [[-90.0237217, 14.8604933], [-90.0236182, 14.8606191]]}, "properties": {"osmid": "189570797", "oneway": "False", "lanes": NaN, "ref": "RD PRO-10", "name": NaN, "highway": "tertiary", "maxspeed": NaN, "length": 17.872, "bridge": NaN, "tunnel": NaN, "access": NaN, "junction": NaN, "width": NaN, "est_width": NaN, "iri": 2.70000004768372}}, {"type": "Feature", "geometry": {"type": "LineString", "coordinates": [[-90.0236182, 14.8606191], [-90.023554, 14.86073]]}, "properties": {"osmid": "189570797", "oneway": "False", "lanes": NaN, "ref": "RD PRO-10", "name": NaN, "highway": "tertiary", "maxspeed": NaN, "length": 14.131, "bridge": NaN, "tunnel": NaN, "access": NaN, "junction": NaN, "width": NaN, "est_width": NaN, "iri": 2.70000004768372}}, {"type": "Feature", "geometry": {"type": "LineString", "coordinates": [[-90.023554, 14.86073], [-90.0235299, 14.8608433]]}, "properties": {"osmid": "189570797", "oneway": "False", "lanes": NaN, "ref": "RD PRO-10", "name": NaN, "highway": "tertiary", "maxspeed": NaN, "length": 12.862, "bridge": NaN, "tunnel": NaN, "access": NaN, "junction": NaN, "width": NaN, "est_width": NaN, "iri": 2.70000004768372}}, {"type": "Feature", "geometry": {"type": "LineString", "coordinates": [[-90.0235299, 14.8608433], [-90.0235513, 14.8609918]]}, "properties": {"osmid": "189570797", "oneway": "False", "lanes": NaN, "ref": "RD PRO-10", "name": NaN, "highway": "tertiary", "maxspeed": NaN, "length": 16.672, "bridge": NaN, "tunnel": NaN, "access": NaN, "junction": NaN, "width": NaN, "est_width": NaN, "iri": 2.70000004768372}}, {"type": "Feature", "geometry": {"type": "LineString", "coordinates": [[-90.0235513, 14.8609918], [-90.0235152, 14.8612905]]}, "properties": {"osmid": "189570797", "oneway": "False", "lanes": NaN, "ref": "RD PRO-10", "name": NaN, "highway": "tertiary", "maxspeed": NaN, "length": 33.44, "bridge": NaN, "tunnel": NaN, "access": NaN, "junction": NaN, "width": NaN, "est_width": NaN, "iri": 2.70000004768372}}, {"type": "Feature", "geometry": {"type": "LineString", "coordinates": [[-90.0235152, 14.8612905], [-90.0234441, 14.8616184]]}, "properties": {"osmid": "189570797", "oneway": "False", "lanes": NaN, "ref": "RD PRO-10", "name": NaN, "highway": "tertiary", "maxspeed": NaN, "length": 37.253, "bridge": NaN, "tunnel": NaN, "access": NaN, "junction": NaN, "width": NaN, "est_width": NaN, "iri": 2.70000004768372}}, {"type": "Feature", "geometry": {"type": "LineString", "coordinates": [[-90.0234441, 14.8616184], [-90.0233985, 14.8617364]]}, "properties": {"osmid": "189570797", "oneway": "False", "lanes": NaN, "ref": "RD PRO-10", "name": NaN, "highway": "tertiary", "maxspeed": NaN, "length": 14.006, "bridge": NaN, "tunnel": NaN, "access": NaN, "junction": NaN, "width": NaN, "est_width": NaN, "iri": 2.70000004768372}}, {"type": "Feature", "geometry": {"type": "LineString", "coordinates": [[-90.0233985, 14.8617364], [-90.023322, 14.8618319]]}, "properties": {"osmid": "189570797", "oneway": "False", "lanes": NaN, "ref": "RD PRO-10", "name": NaN, "highway": "tertiary", "maxspeed": NaN, "length": 13.43, "bridge": NaN, "tunnel": NaN, "access": NaN, "junction": NaN, "width": NaN, "est_width": NaN, "iri": 2.70000004768372}}, {"type": "Feature", "geometry": {"type": "LineString", "coordinates": [[-90.023322, 14.8618319], [-90.0232509, 14.8620566]]}, "properties": {"osmid": "189570797", "oneway": "False", "lanes": NaN, "ref": "RD PRO-10", "name": NaN, "highway": "tertiary", "maxspeed": NaN, "length": 26.128, "bridge": NaN, "tunnel": NaN, "access": NaN, "junction": NaN, "width": NaN, "est_width": NaN, "iri": 2.70000004768372}}, {"type": "Feature", "geometry": {"type": "LineString", "coordinates": [[-90.0232509, 14.8620566], [-90.0231906, 14.8622147]]}, "properties": {"osmid": "189570797", "oneway": "False", "lanes": NaN, "ref": "RD PRO-10", "name": NaN, "highway": "tertiary", "maxspeed": NaN, "length": 18.736, "bridge": NaN, "tunnel": NaN, "access": NaN, "junction": NaN, "width": NaN, "est_width": NaN, "iri": 2.70000004768372}}, {"type": "Feature", "geometry": {"type": "LineString", "coordinates": [[-90.0231906, 14.8622147], [-90.0231208, 14.8622562]]}, "properties": {"osmid": "893970083", "oneway": "False", "lanes": NaN, "ref": NaN, "name": NaN, "highway": "tertiary", "maxspeed": NaN, "length": 8.807, "bridge": NaN, "tunnel": NaN, "access": NaN, "junction": NaN, "width": NaN, "est_width": NaN, "iri": 2.70000004768372}}, {"type": "Feature", "geometry": {"type": "LineString", "coordinates": [[-90.0231208, 14.8622562], [-90.0229921, 14.8622562]]}, "properties": {"osmid": "893970083", "oneway": "False", "lanes": NaN, "ref": NaN, "name": NaN, "highway": "tertiary", "maxspeed": NaN, "length": 13.832, "bridge": NaN, "tunnel": NaN, "access": NaN, "junction": NaN, "width": NaN, "est_width": NaN, "iri": 2.70000004768372}}, {"type": "Feature", "geometry": {"type": "LineString", "coordinates": [[-90.0229921, 14.8622562], [-90.0228325, 14.8622518]]}, "properties": {"osmid": "893970083", "oneway": "False", "lanes": NaN, "ref": NaN, "name": NaN, "highway": "tertiary", "maxspeed": NaN, "length": 17.16, "bridge": NaN, "tunnel": NaN, "access": NaN, "junction": NaN, "width": NaN, "est_width": NaN, "iri": 2.70000004768372}}, {"type": "Feature", "geometry": {"type": "LineString", "coordinates": [[-90.0228325, 14.8622518], [-90.0225965, 14.8622103]]}, "properties": {"osmid": "893970083", "oneway": "False", "lanes": NaN, "ref": NaN, "name": NaN, "highway": "tertiary", "maxspeed": NaN, "length": 25.78, "bridge": NaN, "tunnel": NaN, "access": NaN, "junction": NaN, "width": NaN, "est_width": NaN, "iri": 2.70000004768372}}, {"type": "Feature", "geometry": {"type": "LineString", "coordinates": [[-90.0225965, 14.8622103], [-90.0223698, 14.8621836]]}, "properties": {"osmid": "893970083", "oneway": "False", "lanes": NaN, "ref": NaN, "name": NaN, "highway": "tertiary", "maxspeed": NaN, "length": 24.545, "bridge": NaN, "tunnel": NaN, "access": NaN, "junction": NaN, "width": NaN, "est_width": NaN, "iri": 2.70000004768372}}, {"type": "Feature", "geometry": {"type": "LineString", "coordinates": [[-90.0223698, 14.8621836], [-90.0221941, 14.8621533]]}, "properties": {"osmid": "893970083", "oneway": "False", "lanes": NaN, "ref": NaN, "name": NaN, "highway": "tertiary", "maxspeed": NaN, "length": 19.182, "bridge": NaN, "tunnel": NaN, "access": NaN, "junction": NaN, "width": NaN, "est_width": NaN, "iri": 2.70000004768372}}, {"type": "Feature", "geometry": {"type": "LineString", "coordinates": [[-90.0221941, 14.8621533], [-90.0219742, 14.8621377]]}, "properties": {"osmid": "893970083", "oneway": "False", "lanes": NaN, "ref": NaN, "name": NaN, "highway": "tertiary", "maxspeed": NaN, "length": 23.697, "bridge": NaN, "tunnel": NaN, "access": NaN, "junction": NaN, "width": NaN, "est_width": NaN, "iri": 2.70000004768372}}, {"type": "Feature", "geometry": {"type": "LineString", "coordinates": [[-90.0219742, 14.8621377], [-90.0218173, 14.8620955]]}, "properties": {"osmid": "893970083", "oneway": "False", "lanes": NaN, "ref": NaN, "name": NaN, "highway": "tertiary", "maxspeed": NaN, "length": 17.504, "bridge": NaN, "tunnel": NaN, "access": NaN, "junction": NaN, "width": NaN, "est_width": NaN, "iri": 2.70000004768372}}, {"type": "Feature", "geometry": {"type": "LineString", "coordinates": [[-90.0218173, 14.8620955], [-90.0215035, 14.8619995]]}, "properties": {"osmid": "893970083", "oneway": "False", "lanes": NaN, "ref": NaN, "name": NaN, "highway": "tertiary", "maxspeed": NaN, "length": 35.375, "bridge": NaN, "tunnel": NaN, "access": NaN, "junction": NaN, "width": NaN, "est_width": NaN, "iri": 2.70000004768372}}, {"type": "Feature", "geometry": {"type": "LineString", "coordinates": [[-90.0215035, 14.8619995], [-90.0211642, 14.8619251]]}, "properties": {"osmid": "893970083", "oneway": "False", "lanes": NaN, "ref": NaN, "name": NaN, "highway": "tertiary", "maxspeed": NaN, "length": 37.393, "bridge": NaN, "tunnel": NaN, "access": NaN, "junction": NaN, "width": NaN, "est_width": NaN, "iri": 2.70000004768372}}, {"type": "Feature", "geometry": {"type": "LineString", "coordinates": [[-90.0211642, 14.8619251], [-90.0209965, 14.8618933]]}, "properties": {"osmid": "893970083", "oneway": "False", "lanes": NaN, "ref": NaN, "name": NaN, "highway": "tertiary", "maxspeed": NaN, "length": 18.367, "bridge": NaN, "tunnel": NaN, "access": NaN, "junction": NaN, "width": NaN, "est_width": NaN, "iri": 2.70000004768372}}, {"type": "Feature", "geometry": {"type": "LineString", "coordinates": [[-90.0209965, 14.8618933], [-90.0208423, 14.8618785]]}, "properties": {"osmid": "893970083", "oneway": "False", "lanes": NaN, "ref": NaN, "name": NaN, "highway": "tertiary", "maxspeed": NaN, "length": 16.654, "bridge": NaN, "tunnel": NaN, "access": NaN, "junction": NaN, "width": NaN, "est_width": NaN, "iri": 2.70000004768372}}, {"type": "Feature", "geometry": {"type": "LineString", "coordinates": [[-90.0208423, 14.8618785], [-90.0207176, 14.861914]]}, "properties": {"osmid": "893970083", "oneway": "False", "lanes": NaN, "ref": NaN, "name": NaN, "highway": "tertiary", "maxspeed": NaN, "length": 13.971, "bridge": NaN, "tunnel": NaN, "access": NaN, "junction": NaN, "width": NaN, "est_width": NaN, "iri": 2.70000004768372}}, {"type": "Feature", "geometry": {"type": "LineString", "coordinates": [[-90.0207176, 14.861914], [-90.0205996, 14.8619503]]}, "properties": {"osmid": "893970083", "oneway": "False", "lanes": NaN, "ref": NaN, "name": NaN, "highway": "tertiary", "maxspeed": NaN, "length": 13.309, "bridge": NaN, "tunnel": NaN, "access": NaN, "junction": NaN, "width": NaN, "est_width": NaN, "iri": 2.70000004768372}}, {"type": "Feature", "geometry": {"type": "LineString", "coordinates": [[-90.0205996, 14.8619503], [-90.0204775, 14.8620081]]}, "properties": {"osmid": "893970083", "oneway": "False", "lanes": NaN, "ref": NaN, "name": NaN, "highway": "tertiary", "maxspeed": NaN, "length": 14.612, "bridge": NaN, "tunnel": NaN, "access": NaN, "junction": NaN, "width": NaN, "est_width": NaN, "iri": 2.70000004768372}}, {"type": "Feature", "geometry": {"type": "LineString", "coordinates": [[-90.0204775, 14.8620081], [-90.0203488, 14.8620496]]}, "properties": {"osmid": "893970083", "oneway": "False", "lanes": NaN, "ref": NaN, "name": NaN, "highway": "tertiary", "maxspeed": NaN, "length": 14.582, "bridge": NaN, "tunnel": NaN, "access": NaN, "junction": NaN, "width": NaN, "est_width": NaN, "iri": 2.70000004768372}}, {"type": "Feature", "geometry": {"type": "LineString", "coordinates": [[-90.0203488, 14.8620496], [-90.020208, 14.8620332]]}, "properties": {"osmid": "893970083", "oneway": "False", "lanes": NaN, "ref": NaN, "name": NaN, "highway": "tertiary", "maxspeed": NaN, "length": 15.242, "bridge": NaN, "tunnel": NaN, "access": NaN, "junction": NaN, "width": NaN, "est_width": NaN, "iri": 2.70000004768372}}]}