{"type": "FeatureCollection", "features": [{"type": "Feature", "geometry": {"type": "LineString", "coordinates": [[-91.6392652, 15.0486183], [-91.6386659, 15.0489684]]}, "properties": {"osmid": "376621101", "oneway": "False", "lanes": NaN, "ref": NaN, "name": NaN, "highway": "tertiary", "maxspeed": NaN, "length": 75.212, "bridge": NaN, "tunnel": NaN, "access": NaN, "junction": NaN, "width": NaN, "est_width": NaN, "iri": 5.03999996185303}}, {"type": "Feature", "geometry": {"type": "LineString", "coordinates": [[-91.6386659, 15.0489684], [-91.6382769, 15.0491991]]}, "properties": {"osmid": "376621101", "oneway": "False", "lanes": NaN, "ref": NaN, "name": NaN, "highway": "tertiary", "maxspeed": NaN, "length": 49.02, "bridge": NaN, "tunnel": NaN, "access": NaN, "junction": NaN, "width": NaN, "est_width": NaN, "iri": 5.03999996185303}}, {"type": "Feature", "geometry": {"type": "LineString", "coordinates": [[-91.6382769, 15.0491991], [-91.6379438, 15.0493932]]}, "properties": {"osmid": "376621101", "oneway": "False", "lanes": NaN, "ref": NaN, "name": NaN, "highway": "tertiary", "maxspeed": NaN, "length": 41.776, "bridge": NaN, "tunnel": NaN, "access": NaN, "junction": NaN, "width": NaN, "est_width": NaN, "iri": 5.03999996185303}}, {"type": "Feature", "geometry": {"type": "LineString", "coordinates": [[-91.6379438, 15.0493932], [-91.6373792, 15.0496875]]}, "properties": {"osmid": "376621101", "oneway": "False", "lanes": NaN, "ref": NaN, "name": NaN, "highway": "tertiary", "maxspeed": NaN, "length": 68.896, "bridge": NaN, "tunnel": NaN, "access": NaN, "junction": NaN, "width": NaN, "est_width": NaN, "iri": 5.03999996185303}}, {"type": "Feature", "geometry": {"type": "LineString", "coordinates": [[-91.6373792, 15.0496875], [-91.6372281, 15.0497385]]}, "properties": {"osmid": "376621101", "oneway": "False", "lanes": NaN, "ref": NaN, "name": NaN, "highway": "tertiary", "maxspeed": NaN, "length": 17.188, "bridge": NaN, "tunnel": NaN, "access": NaN, "junction": NaN, "width": NaN, "est_width": NaN, "iri": 5.03999996185303}}, {"type": "Feature", "geometry": {"type": "LineString", "coordinates": [[-91.6372281, 15.0497385], [-91.6370489, 15.0497852]]}, "properties": {"osmid": "376621156", "oneway": "False", "lanes": NaN, "ref": NaN, "name": "RD QUE-13", "highway": "tertiary", "maxspeed": NaN, "length": 19.931, "bridge": NaN, "tunnel": NaN, "access": NaN, "junction": NaN, "width": NaN, "est_width": NaN, "iri": 5.03999996185303}}, {"type": "Feature", "geometry": {"type": "LineString", "coordinates": [[-91.6370489, 15.0497852], [-91.636797, 15.049857]]}, "properties": {"osmid": "376621156", "oneway": "False", "lanes": NaN, "ref": NaN, "name": "RD QUE-13", "highway": "tertiary", "maxspeed": NaN, "length": 28.203, "bridge": NaN, "tunnel": NaN, "access": NaN, "junction": NaN, "width": NaN, "est_width": NaN, "iri": 5.03999996185303}}, {"type": "Feature", "geometry": {"type": "LineString", "coordinates": [[-91.636797, 15.049857], [-91.6365637, 15.0499373]]}, "properties": {"osmid": "376621156", "oneway": "False", "lanes": NaN, "ref": NaN, "name": "RD QUE-13", "highway": "tertiary", "maxspeed": NaN, "length": 26.596, "bridge": NaN, "tunnel": NaN, "access": NaN, "junction": NaN, "width": NaN, "est_width": NaN, "iri": 5.03999996185303}}, {"type": "Feature", "geometry": {"type": "LineString", "coordinates": [[-91.6365637, 15.0499373], [-91.6363664, 15.0500767]]}, "properties": {"osmid": "376621156", "oneway": "False", "lanes": NaN, "ref": NaN, "name": "RD QUE-13", "highway": "tertiary", "maxspeed": NaN, "length": 26.251, "bridge": NaN, "tunnel": NaN, "access": NaN, "junction": NaN, "width": NaN, "est_width": NaN, "iri": 5.03999996185303}}, {"type": "Feature", "geometry": {"type": "LineString", "coordinates": [[-91.6363664, 15.0500767], [-91.6360774, 15.0502683]]}, "properties": {"osmid": "376621156", "oneway": "False", "lanes": NaN, "ref": NaN, "name": "RD QUE-13", "highway": "tertiary", "maxspeed": NaN, "length": 37.642, "bridge": NaN, "tunnel": NaN, "access": NaN, "junction": NaN, "width": NaN, "est_width": NaN, "iri": 5.03999996185303}}, {"type": "Feature", "geometry": {"type": "LineString", "coordinates": [[-91.6360774, 15.0502683], [-91.635811, 15.0503883]]}, "properties": {"osmid": "376621156", "oneway": "False", "lanes": NaN, "ref": NaN, "name": "RD QUE-13", "highway": "tertiary", "maxspeed": NaN, "length": 31.565, "bridge": NaN, "tunnel": NaN, "access": NaN, "junction": NaN, "width": NaN, "est_width": NaN, "iri": 5.03999996185303}}, {"type": "Feature", "geometry": {"type": "LineString", "coordinates": [[-91.635811, 15.0503883], [-91.6354508, 15.0504916]]}, "properties": {"osmid": "376621156", "oneway": "False", "lanes": NaN, "ref": NaN, "name": "RD QUE-13", "highway": "tertiary", "maxspeed": NaN, "length": 40.348, "bridge": NaN, "tunnel": NaN, "access": NaN, "junction": NaN, "width": NaN, "est_width": NaN, "iri": 5.03999996185303}}, {"type": "Feature", "geometry": {"type": "LineString", "coordinates": [[-91.6354508, 15.0504916], [-91.6351624, 15.0506438]]}, "properties": {"osmid": "376621156", "oneway": "False", "lanes": NaN, "ref": NaN, "name": "RD QUE-13", "highway": "tertiary", "maxspeed": NaN, "length": 35.291, "bridge": NaN, "tunnel": NaN, "access": NaN, "junction": NaN, "width": NaN, "est_width": NaN, "iri": 5.03999996185303}}, {"type": "Feature", "geometry": {"type": "LineString", "coordinates": [[-91.6351624, 15.0506438], [-91.6348477, 15.050857]]}, "properties": {"osmid": "376621156", "oneway": "False", "lanes": NaN, "ref": NaN, "name": "RD QUE-13", "highway": "tertiary", "maxspeed": NaN, "length": 41.279, "bridge": NaN, "tunnel": NaN, "access": NaN, "junction": NaN, "width": NaN, "est_width": NaN, "iri": 5.03999996185303}}, {"type": "Feature", "geometry": {"type": "LineString", "coordinates": [[-91.6348477, 15.050857], [-91.6341197, 15.0513249]]}, "properties": {"osmid": "376621156", "oneway": "False", "lanes": NaN, "ref": NaN, "name": "RD QUE-13", "highway": "tertiary", "maxspeed": NaN, "length": 93.904, "bridge": NaN, "tunnel": NaN, "access": NaN, "junction": NaN, "width": NaN, "est_width": NaN, "iri": 5.03999996185303}}, {"type": "Feature", "geometry": {"type": "LineString", "coordinates": [[-91.6341197, 15.0513249], [-91.6340654, 15.0513843]]}, "properties": {"osmid": "376621156", "oneway": "False", "lanes": NaN, "ref": NaN, "name": "RD QUE-13", "highway": "tertiary", "maxspeed": NaN, "length": 8.81, "bridge": NaN, "tunnel": NaN, "access": NaN, "junction": NaN, "width": NaN, "est_width": NaN, "iri": 5.03999996185303}}, {"type": "Feature", "geometry": {"type": "LineString", "coordinates": [[-91.6340654, 15.0513843], [-91.6340547, 15.0514803]]}, "properties": {"osmid": "376621156", "oneway": "False", "lanes": NaN, "ref": NaN, "name": "RD QUE-13", "highway": "tertiary", "maxspeed": NaN, "length": 10.736, "bridge": NaN, "tunnel": NaN, "access": NaN, "junction": NaN, "width": NaN, "est_width": NaN, "iri": 5.03999996185303}}, {"type": "Feature", "geometry": {"type": "LineString", "coordinates": [[-91.6340547, 15.0514803], [-91.6341132, 15.0518762]]}, "properties": {"osmid": "376621156", "oneway": "False", "lanes": NaN, "ref": NaN, "name": "RD QUE-13", "highway": "tertiary", "maxspeed": NaN, "length": 44.468, "bridge": NaN, "tunnel": NaN, "access": NaN, "junction": NaN, "width": NaN, "est_width": NaN, "iri": 5.03999996185303}}, {"type": "Feature", "geometry": {"type": "LineString", "coordinates": [[-91.6341132, 15.0518762], [-91.634154, 15.0526316]]}, "properties": {"osmid": "376621156", "oneway": "False", "lanes": NaN, "ref": NaN, "name": "RD QUE-13", "highway": "tertiary", "maxspeed": NaN, "length": 84.111, "bridge": NaN, "tunnel": NaN, "access": NaN, "junction": NaN, "width": NaN, "est_width": NaN, "iri": 5.03999996185303}}, {"type": "Feature", "geometry": {"type": "LineString", "coordinates": [[-91.634154, 15.0526316], [-91.6342275, 15.053046]]}, "properties": {"osmid": "376621156", "oneway": "False", "lanes": NaN, "ref": NaN, "name": "RD QUE-13", "highway": "tertiary", "maxspeed": NaN, "length": 46.75, "bridge": NaN, "tunnel": NaN, "access": NaN, "junction": NaN, "width": NaN, "est_width": NaN, "iri": 5.03999996185303}}, {"type": "Feature", "geometry": {"type": "LineString", "coordinates": [[-91.6342275, 15.053046], [-91.6343117, 15.0534676]]}, "properties": {"osmid": "376621156", "oneway": "False", "lanes": NaN, "ref": NaN, "name": "RD QUE-13", "highway": "tertiary", "maxspeed": NaN, "length": 47.744, "bridge": NaN, "tunnel": NaN, "access": NaN, "junction": NaN, "width": NaN, "est_width": NaN, "iri": 5.03999996185303}}, {"type": "Feature", "geometry": {"type": "LineString", "coordinates": [[-91.6343117, 15.0534676], [-91.6343899, 15.053974]]}, "properties": {"osmid": "376621156", "oneway": "False", "lanes": NaN, "ref": NaN, "name": "RD QUE-13", "highway": "tertiary", "maxspeed": NaN, "length": 56.932, "bridge": NaN, "tunnel": NaN, "access": NaN, "junction": NaN, "width": NaN, "est_width": NaN, "iri": 5.03999996185303}}, {"type": "Feature", "geometry": {"type": "LineString", "coordinates": [[-91.6343899, 15.053974], [-91.6344461, 15.0541815]]}, "properties": {"osmid": "376621156", "oneway": "False", "lanes": NaN, "ref": NaN, "name": "RD QUE-13", "highway": "tertiary", "maxspeed": NaN, "length": 23.849, "bridge": NaN, "tunnel": NaN, "access": NaN, "junction": NaN, "width": NaN, "est_width": NaN, "iri": 5.03999996185303}}, {"type": "Feature", "geometry": {"type": "LineString", "coordinates": [[-91.6344461, 15.0541815], [-91.6344986, 15.054274]]}, "properties": {"osmid": "376621156", "oneway": "False", "lanes": NaN, "ref": NaN, "name": "RD QUE-13", "highway": "tertiary", "maxspeed": NaN, "length": 11.729, "bridge": NaN, "tunnel": NaN, "access": NaN, "junction": NaN, "width": NaN, "est_width": NaN, "iri": 5.03999996185303}}, {"type": "Feature", "geometry": {"type": "LineString", "coordinates": [[-91.6344986, 15.054274], [-91.6346818, 15.0544833]]}, "properties": {"osmid": "376621156", "oneway": "False", "lanes": NaN, "ref": NaN, "name": "RD QUE-13", "highway": "tertiary", "maxspeed": NaN, "length": 30.473, "bridge": NaN, "tunnel": NaN, "access": NaN, "junction": NaN, "width": NaN, "est_width": NaN, "iri": 5.03999996185303}}, {"type": "Feature", "geometry": {"type": "LineString", "coordinates": [[-91.6346818, 15.0544833], [-91.6348882, 15.0545913]]}, "properties": {"osmid": "376621156", "oneway": "False", "lanes": NaN, "ref": NaN, "name": "RD QUE-13", "highway": "tertiary", "maxspeed": NaN, "length": 25.207, "bridge": NaN, "tunnel": NaN, "access": NaN, "junction": NaN, "width": NaN, "est_width": NaN, "iri": 5.03999996185303}}, {"type": "Feature", "geometry": {"type": "LineString", "coordinates": [[-91.6348882, 15.0545913], [-91.6352224, 15.0547099]]}, "properties": {"osmid": "376621156", "oneway": "False", "lanes": NaN, "ref": NaN, "name": "RD QUE-13", "highway": "tertiary", "maxspeed": NaN, "length": 38.232, "bridge": NaN, "tunnel": NaN, "access": NaN, "junction": NaN, "width": NaN, "est_width": NaN, "iri": 5.03999996185303}}, {"type": "Feature", "geometry": {"type": "LineString", "coordinates": [[-91.6352224, 15.0547099], [-91.6355152, 15.0548607]]}, "properties": {"osmid": "376621156", "oneway": "False", "lanes": NaN, "ref": NaN, "name": "RD QUE-13", "highway": "tertiary", "maxspeed": NaN, "length": 35.633, "bridge": NaN, "tunnel": NaN, "access": NaN, "junction": NaN, "width": NaN, "est_width": NaN, "iri": 5.03999996185303}}, {"type": "Feature", "geometry": {"type": "LineString", "coordinates": [[-91.6355152, 15.0548607], [-91.6357306, 15.0550423]]}, "properties": {"osmid": "376621156", "oneway": "False", "lanes": NaN, "ref": NaN, "name": "RD QUE-13", "highway": "tertiary", "maxspeed": NaN, "length": 30.704, "bridge": NaN, "tunnel": NaN, "access": NaN, "junction": NaN, "width": NaN, "est_width": NaN, "iri": 5.03999996185303}}, {"type": "Feature", "geometry": {"type": "LineString", "coordinates": [[-91.6357306, 15.0550423], [-91.6358994, 15.0552202]]}, "properties": {"osmid": "376621156", "oneway": "False", "lanes": NaN, "ref": NaN, "name": "RD QUE-13", "highway": "tertiary", "maxspeed": NaN, "length": 26.83, "bridge": NaN, "tunnel": NaN, "access": NaN, "junction": NaN, "width": NaN, "est_width": NaN, "iri": 5.03999996185303}}, {"type": "Feature", "geometry": {"type": "LineString", "coordinates": [[-91.6358994, 15.0552202], [-91.6361588, 15.0555517]]}, "properties": {"osmid": "376621156", "oneway": "False", "lanes": NaN, "ref": NaN, "name": "RD QUE-13", "highway": "tertiary", "maxspeed": NaN, "length": 46.202, "bridge": NaN, "tunnel": NaN, "access": NaN, "junction": NaN, "width": NaN, "est_width": NaN, "iri": 5.03999996185303}}, {"type": "Feature", "geometry": {"type": "LineString", "coordinates": [[-91.6361588, 15.0555517], [-91.6363747, 15.0558728]]}, "properties": {"osmid": "376621156", "oneway": "False", "lanes": NaN, "ref": NaN, "name": "RD QUE-13", "highway": "tertiary", "maxspeed": NaN, "length": 42.571, "bridge": NaN, "tunnel": NaN, "access": NaN, "junction": NaN, "width": NaN, "est_width": NaN, "iri": 5.03999996185303}}, {"type": "Feature", "geometry": {"type": "LineString", "coordinates": [[-91.6363747, 15.0558728], [-91.6365846, 15.0562729]]}, "properties": {"osmid": "376621156", "oneway": "False", "lanes": NaN, "ref": NaN, "name": "RD QUE-13", "highway": "tertiary", "maxspeed": NaN, "length": 49.873, "bridge": NaN, "tunnel": NaN, "access": NaN, "junction": NaN, "width": NaN, "est_width": NaN, "iri": 5.03999996185303}}, {"type": "Feature", "geometry": {"type": "LineString", "coordinates": [[-91.6365846, 15.0562729], [-91.6366356, 15.0563843]]}, "properties": {"osmid": "376621156", "oneway": "False", "lanes": NaN, "ref": NaN, "name": "RD QUE-13", "highway": "tertiary", "maxspeed": NaN, "length": 13.544, "bridge": NaN, "tunnel": NaN, "access": NaN, "junction": NaN, "width": NaN, "est_width": NaN, "iri": 5.03999996185303}}, {"type": "Feature", "geometry": {"type": "LineString", "coordinates": [[-91.6366356, 15.0563843], [-91.6369181, 15.0570001]]}, "properties": {"osmid": "376621156", "oneway": "False", "lanes": NaN, "ref": NaN, "name": "RD QUE-13", "highway": "tertiary", "maxspeed": NaN, "length": 74.892, "bridge": NaN, "tunnel": NaN, "access": NaN, "junction": NaN, "width": NaN, "est_width": NaN, "iri": 5.03999996185303}}, {"type": "Feature", "geometry": {"type": "LineString", "coordinates": [[-91.6369181, 15.0570001], [-91.636981, 15.0572708]]}, "properties": {"osmid": "376621156", "oneway": "False", "lanes": NaN, "ref": NaN, "name": "RD QUE-13", "highway": "tertiary", "maxspeed": NaN, "length": 30.849, "bridge": NaN, "tunnel": NaN, "access": NaN, "junction": NaN, "width": NaN, "est_width": NaN, "iri": 5.03999996185303}}, {"type": "Feature", "geometry": {"type": "LineString", "coordinates": [[-91.636981, 15.0572708], [-91.6369955, 15.0574477]]}, "properties": {"osmid": "376621102", "oneway": "False", "lanes": NaN, "ref": NaN, "name": NaN, "highway": "tertiary", "maxspeed": NaN, "length": 19.732, "bridge": NaN, "tunnel": NaN, "access": NaN, "junction": NaN, "width": NaN, "est_width": NaN, "iri": 5.03999996185303}}, {"type": "Feature", "geometry": {"type": "LineString", "coordinates": [[-91.6369955, 15.0574477], [-91.6368944, 15.0577735]]}, "properties": {"osmid": "376621102", "oneway": "False", "lanes": NaN, "ref": NaN, "name": NaN, "highway": "tertiary", "maxspeed": NaN, "length": 37.819, "bridge": NaN, "tunnel": NaN, "access": NaN, "junction": NaN, "width": NaN, "est_width": NaN, "iri": 5.03999996185303}}, {"type": "Feature", "geometry": {"type": "LineString", "coordinates": [[-91.6368944, 15.0577735], [-91.6366422, 15.0583618]]}, "properties": {"osmid": "376621102", "oneway": "False", "lanes": NaN, "ref": NaN, "name": NaN, "highway": "tertiary", "maxspeed": NaN, "length": 70.8, "bridge": NaN, "tunnel": NaN, "access": NaN, "junction": NaN, "width": NaN, "est_width": NaN, "iri": 5.03999996185303}}, {"type": "Feature", "geometry": {"type": "LineString", "coordinates": [[-91.6366422, 15.0583618], [-91.6364043, 15.0586074]]}, "properties": {"osmid": "376621102", "oneway": "False", "lanes": NaN, "ref": NaN, "name": NaN, "highway": "tertiary", "maxspeed": NaN, "length": 37.395, "bridge": NaN, "tunnel": NaN, "access": NaN, "junction": NaN, "width": NaN, "est_width": NaN, "iri": 5.03999996185303}}, {"type": "Feature", "geometry": {"type": "LineString", "coordinates": [[-91.6364043, 15.0586074], [-91.6362288, 15.0588363]]}, "properties": {"osmid": "376621102", "oneway": "False", "lanes": NaN, "ref": NaN, "name": NaN, "highway": "tertiary", "maxspeed": NaN, "length": 31.669, "bridge": NaN, "tunnel": NaN, "access": NaN, "junction": NaN, "width": NaN, "est_width": NaN, "iri": 5.03999996185303}}, {"type": "Feature", "geometry": {"type": "LineString", "coordinates": [[-91.6362288, 15.0588363], [-91.6361418, 15.0590129]]}, "properties": {"osmid": "376621102", "oneway": "False", "lanes": NaN, "ref": NaN, "name": NaN, "highway": "tertiary", "maxspeed": NaN, "length": 21.746, "bridge": NaN, "tunnel": NaN, "access": NaN, "junction": NaN, "width": NaN, "est_width": NaN, "iri": 5.03999996185303}}, {"type": "Feature", "geometry": {"type": "LineString", "coordinates": [[-91.6361418, 15.0590129], [-91.6361354, 15.0591777]]}, "properties": {"osmid": "376621102", "oneway": "False", "lanes": NaN, "ref": NaN, "name": NaN, "highway": "tertiary", "maxspeed": NaN, "length": 18.338, "bridge": NaN, "tunnel": NaN, "access": NaN, "junction": NaN, "width": NaN, "est_width": NaN, "iri": 5.03999996185303}}, {"type": "Feature", "geometry": {"type": "LineString", "coordinates": [[-91.6361354, 15.0591777], [-91.6362211, 15.0593972]]}, "properties": {"osmid": "376621102", "oneway": "False", "lanes": NaN, "ref": NaN, "name": NaN, "highway": "tertiary", "maxspeed": NaN, "length": 26.084, "bridge": NaN, "tunnel": NaN, "access": NaN, "junction": NaN, "width": NaN, "est_width": NaN, "iri": 5.03999996185303}}, {"type": "Feature", "geometry": {"type": "LineString", "coordinates": [[-91.6362211, 15.0593972], [-91.6364462, 15.0596993]]}, "properties": {"osmid": "376621102", "oneway": "False", "lanes": NaN, "ref": NaN, "name": NaN, "highway": "tertiary", "maxspeed": NaN, "length": 41.384, "bridge": NaN, "tunnel": NaN, "access": NaN, "junction": NaN, "width": NaN, "est_width": NaN, "iri": 5.03999996185303}}, {"type": "Feature", "geometry": {"type": "LineString", "coordinates": [[-91.6364462, 15.0596993], [-91.6367275, 15.0599869]]}, "properties": {"osmid": "376621102", "oneway": "False", "lanes": NaN, "ref": NaN, "name": NaN, "highway": "tertiary", "maxspeed": NaN, "length": 43.989, "bridge": NaN, "tunnel": NaN, "access": NaN, "junction": NaN, "width": NaN, "est_width": NaN, "iri": 5.03999996185303}}, {"type": "Feature", "geometry": {"type": "LineString", "coordinates": [[-91.6367275, 15.0599869], [-91.6375134, 15.0606207]]}, "properties": {"osmid": "376621102", "oneway": "False", "lanes": NaN, "ref": NaN, "name": NaN, "highway": "tertiary", "maxspeed": NaN, "length": 109.945, "bridge": NaN, "tunnel": NaN, "access": NaN, "junction": NaN, "width": NaN, "est_width": NaN, "iri": 5.03999996185303}}, {"type": "Feature", "geometry": {"type": "LineString", "coordinates": [[-91.6375134, 15.0606207], [-91.6376623, 15.0607751]]}, "properties": {"osmid": "376621102", "oneway": "False", "lanes": NaN, "ref": NaN, "name": NaN, "highway": "tertiary", "maxspeed": NaN, "length": 23.46, "bridge": NaN, "tunnel": NaN, "access": NaN, "junction": NaN, "width": NaN, "est_width": NaN, "iri": 5.03999996185303}}, {"type": "Feature", "geometry": {"type": "LineString", "coordinates": [[-91.6376623, 15.0607751], [-91.637745, 15.0609828]]}, "properties": {"osmid": "376621102", "oneway": "False", "lanes": NaN, "ref": NaN, "name": NaN, "highway": "tertiary", "maxspeed": NaN, "length": 24.744, "bridge": NaN, "tunnel": NaN, "access": NaN, "junction": NaN, "width": NaN, "est_width": NaN, "iri": 5.03999996185303}}, {"type": "Feature", "geometry": {"type": "LineString", "coordinates": [[-91.637745, 15.0609828], [-91.6377147, 15.0611719]]}, "properties": {"osmid": "376621102", "oneway": "False", "lanes": NaN, "ref": NaN, "name": NaN, "highway": "tertiary", "maxspeed": NaN, "length": 21.277, "bridge": NaN, "tunnel": NaN, "access": NaN, "junction": NaN, "width": NaN, "est_width": NaN, "iri": 5.03999996185303}}, {"type": "Feature", "geometry": {"type": "LineString", "coordinates": [[-91.6377147, 15.0611719], [-91.6376402, 15.0614568]]}, "properties": {"osmid": "376621102", "oneway": "False", "lanes": NaN, "ref": NaN, "name": NaN, "highway": "tertiary", "maxspeed": NaN, "length": 32.674, "bridge": NaN, "tunnel": NaN, "access": NaN, "junction": NaN, "width": NaN, "est_width": NaN, "iri": 5.03999996185303}}, {"type": "Feature", "geometry": {"type": "LineString", "coordinates": [[-91.6376402, 15.0614568], [-91.6376976, 15.0616591]]}, "properties": {"osmid": "376621102", "oneway": "False", "lanes": NaN, "ref": NaN, "name": NaN, "highway": "tertiary", "maxspeed": NaN, "length": 23.324, "bridge": NaN, "tunnel": NaN, "access": NaN, "junction": NaN, "width": NaN, "est_width": NaN, "iri": 5.03999996185303}}, {"type": "Feature", "geometry": {"type": "LineString", "coordinates": [[-91.6376976, 15.0616591], [-91.6377947, 15.0617657]]}, "properties": {"osmid": "376621102", "oneway": "False", "lanes": NaN, "ref": NaN, "name": NaN, "highway": "tertiary", "maxspeed": NaN, "length": 15.786, "bridge": NaN, "tunnel": NaN, "access": NaN, "junction": NaN, "width": NaN, "est_width": NaN, "iri": 5.03999996185303}}, {"type": "Feature", "geometry": {"type": "LineString", "coordinates": [[-91.6377947, 15.0617657], [-91.6380815, 15.0619415]]}, "properties": {"osmid": "376621102", "oneway": "False", "lanes": NaN, "ref": NaN, "name": NaN, "highway": "tertiary", "maxspeed": NaN, "length": 36.476, "bridge": NaN, "tunnel": NaN, "access": NaN, "junction": NaN, "width": NaN, "est_width": NaN, "iri": 5.03999996185303}}, {"type": "Feature", "geometry": {"type": "LineString", "coordinates": [[-91.6380815, 15.0619415], [-91.638167, 15.0620773]]}, "properties": {"osmid": "376621102", "oneway": "False", "lanes": NaN, "ref": NaN, "name": NaN, "highway": "tertiary", "maxspeed": NaN, "length": 17.672, "bridge": NaN, "tunnel": NaN, "access": NaN, "junction": NaN, "width": NaN, "est_width": NaN, "iri": 5.03999996185303}}, {"type": "Feature", "geometry": {"type": "LineString", "coordinates": [[-91.638167, 15.0620773], [-91.6382056, 15.0623276]]}, "properties": {"osmid": "376621102", "oneway": "False", "lanes": NaN, "ref": NaN, "name": NaN, "highway": "tertiary", "maxspeed": NaN, "length": 28.139, "bridge": NaN, "tunnel": NaN, "access": NaN, "junction": NaN, "width": NaN, "est_width": NaN, "iri": 5.03999996185303}}, {"type": "Feature", "geometry": {"type": "LineString", "coordinates": [[-91.6382056, 15.0623276], [-91.6382607, 15.0625433]]}, "properties": {"osmid": "376621102", "oneway": "False", "lanes": NaN, "ref": NaN, "name": NaN, "highway": "tertiary", "maxspeed": NaN, "length": 24.704, "bridge": NaN, "tunnel": NaN, "access": NaN, "junction": NaN, "width": NaN, "est_width": NaN, "iri": 5.03999996185303}}, {"type": "Feature", "geometry": {"type": "LineString", "coordinates": [[-91.6382607, 15.0625433], [-91.638542, 15.0629188]]}, "properties": {"osmid": "376621102", "oneway": "False", "lanes": NaN, "ref": NaN, "name": NaN, "highway": "tertiary", "maxspeed": NaN, "length": 51.533, "bridge": NaN, "tunnel": NaN, "access": NaN, "junction": NaN, "width": NaN, "est_width": NaN, "iri": 5.03999996185303}}, {"type": "Feature", "geometry": {"type": "LineString", "coordinates": [[-91.638542, 15.0629188], [-91.6388012, 15.0633315]]}, "properties": {"osmid": "376621102", "oneway": "False", "lanes": NaN, "ref": NaN, "name": NaN, "highway": "tertiary", "maxspeed": NaN, "length": 53.67, "bridge": NaN, "tunnel": NaN, "access": NaN, "junction": NaN, "width": NaN, "est_width": NaN, "iri": 5.03999996185303}}, {"type": "Feature", "geometry": {"type": "LineString", "coordinates": [[-91.6388012, 15.0633315], [-91.6388371, 15.0634353]]}, "properties": {"osmid": "376621102", "oneway": "False", "lanes": NaN, "ref": NaN, "name": NaN, "highway": "tertiary", "maxspeed": NaN, "length": 12.169, "bridge": NaN, "tunnel": NaN, "access": NaN, "junction": NaN, "width": NaN, "est_width": NaN, "iri": 5.03999996185303}}, {"type": "Feature", "geometry": {"type": "LineString", "coordinates": [[-91.6388371, 15.0634353], [-91.6389336, 15.0637043]]}, "properties": {"osmid": "376621102", "oneway": "False", "lanes": NaN, "ref": NaN, "name": NaN, "highway": "tertiary", "maxspeed": NaN, "length": 31.655, "bridge": NaN, "tunnel": NaN, "access": NaN, "junction": NaN, "width": NaN, "est_width": NaN, "iri": 5.03999996185303}}, {"type": "Feature", "geometry": {"type": "LineString", "coordinates": [[-91.6389336, 15.0637043], [-91.638997, 15.064133]]}, "properties": {"osmid": "376621102", "oneway": "False", "lanes": NaN, "ref": NaN, "name": NaN, "highway": "tertiary", "maxspeed": NaN, "length": 48.153, "bridge": NaN, "tunnel": NaN, "access": NaN, "junction": NaN, "width": NaN, "est_width": NaN, "iri": 5.03999996185303}}, {"type": "Feature", "geometry": {"type": "LineString", "coordinates": [[-91.638997, 15.064133], [-91.6389777, 15.0643327]]}, "properties": {"osmid": "376621102", "oneway": "False", "lanes": NaN, "ref": NaN, "name": NaN, "highway": "tertiary", "maxspeed": NaN, "length": 22.302, "bridge": NaN, "tunnel": NaN, "access": NaN, "junction": NaN, "width": NaN, "est_width": NaN, "iri": 5.03999996185303}}, {"type": "Feature", "geometry": {"type": "LineString", "coordinates": [[-91.6389777, 15.0643327], [-91.6389281, 15.0644898]]}, "properties": {"osmid": "376621102", "oneway": "False", "lanes": NaN, "ref": NaN, "name": NaN, "highway": "tertiary", "maxspeed": NaN, "length": 18.263, "bridge": NaN, "tunnel": NaN, "access": NaN, "junction": NaN, "width": NaN, "est_width": NaN, "iri": 5.03999996185303}}, {"type": "Feature", "geometry": {"type": "LineString", "coordinates": [[-91.6389281, 15.0644898], [-91.6388234, 15.0651597]]}, "properties": {"osmid": "376621102", "oneway": "False", "lanes": NaN, "ref": NaN, "name": NaN, "highway": "tertiary", "maxspeed": NaN, "length": 75.333, "bridge": NaN, "tunnel": NaN, "access": NaN, "junction": NaN, "width": NaN, "est_width": NaN, "iri": 5.03999996185303}}, {"type": "Feature", "geometry": {"type": "LineString", "coordinates": [[-91.6388234, 15.0651597], [-91.6388067, 15.0658213]]}, "properties": {"osmid": "376621102", "oneway": "False", "lanes": NaN, "ref": NaN, "name": NaN, "highway": "tertiary", "maxspeed": NaN, "length": 73.589, "bridge": NaN, "tunnel": NaN, "access": NaN, "junction": NaN, "width": NaN, "est_width": NaN, "iri": 5.03999996185303}}, {"type": "Feature", "geometry": {"type": "LineString", "coordinates": [[-91.6388067, 15.0658213], [-91.638804, 15.0661861]]}, "properties": {"osmid": "376621102", "oneway": "False", "lanes": NaN, "ref": NaN, "name": NaN, "highway": "tertiary", "maxspeed": NaN, "length": 40.565, "bridge": NaN, "tunnel": NaN, "access": NaN, "junction": NaN, "width": NaN, "est_width": NaN, "iri": 5.03999996185303}}, {"type": "Feature", "geometry": {"type": "LineString", "coordinates": [[-91.638804, 15.0661861], [-91.6388288, 15.0664683]]}, "properties": {"osmid": "376621102", "oneway": "False", "lanes": NaN, "ref": NaN, "name": NaN, "highway": "tertiary", "maxspeed": NaN, "length": 31.492, "bridge": NaN, "tunnel": NaN, "access": NaN, "junction": NaN, "width": NaN, "est_width": NaN, "iri": 5.03999996185303}}, {"type": "Feature", "geometry": {"type": "LineString", "coordinates": [[-91.6388288, 15.0664683], [-91.6389149, 15.0668142]]}, "properties": {"osmid": "376621102", "oneway": "False", "lanes": NaN, "ref": NaN, "name": NaN, "highway": "tertiary", "maxspeed": NaN, "length": 39.558, "bridge": NaN, "tunnel": NaN, "access": NaN, "junction": NaN, "width": NaN, "est_width": NaN, "iri": 5.03999996185303}}, {"type": "Feature", "geometry": {"type": "LineString", "coordinates": [[-91.6389149, 15.0668142], [-91.6390192, 15.0670677]]}, "properties": {"osmid": "376621102", "oneway": "False", "lanes": NaN, "ref": NaN, "name": NaN, "highway": "tertiary", "maxspeed": NaN, "length": 30.331, "bridge": NaN, "tunnel": NaN, "access": NaN, "junction": NaN, "width": NaN, "est_width": NaN, "iri": 5.03999996185303}}, {"type": "Feature", "geometry": {"type": "LineString", "coordinates": [[-91.6390192, 15.0670677], [-91.6392243, 15.0676275]]}, "properties": {"osmid": "376621102", "oneway": "False", "lanes": NaN, "ref": NaN, "name": NaN, "highway": "tertiary", "maxspeed": NaN, "length": 66.028, "bridge": NaN, "tunnel": NaN, "access": NaN, "junction": NaN, "width": NaN, "est_width": NaN, "iri": 5.03999996185303}}, {"type": "Feature", "geometry": {"type": "LineString", "coordinates": [[-91.6392243, 15.0676275], [-91.6392421, 15.0677739]]}, "properties": {"osmid": "376621102", "oneway": "False", "lanes": NaN, "ref": NaN, "name": NaN, "highway": "tertiary", "maxspeed": NaN, "length": 16.391, "bridge": NaN, "tunnel": NaN, "access": NaN, "junction": NaN, "width": NaN, "est_width": NaN, "iri": 5.03999996185303}}, {"type": "Feature", "geometry": {"type": "LineString", "coordinates": [[-91.6392421, 15.0677739], [-91.6392332, 15.0681528]]}, "properties": {"osmid": "376621102", "oneway": "False", "lanes": NaN, "ref": NaN, "name": NaN, "highway": "tertiary", "maxspeed": NaN, "length": 42.143, "bridge": NaN, "tunnel": NaN, "access": NaN, "junction": NaN, "width": NaN, "est_width": NaN, "iri": 5.03999996185303}}, {"type": "Feature", "geometry": {"type": "LineString", "coordinates": [[-91.6392332, 15.0681528], [-91.6392441, 15.0682664]]}, "properties": {"osmid": "376621102", "oneway": "False", "lanes": NaN, "ref": NaN, "name": NaN, "highway": "tertiary", "maxspeed": NaN, "length": 12.686, "bridge": NaN, "tunnel": NaN, "access": NaN, "junction": NaN, "width": NaN, "est_width": NaN, "iri": 5.03999996185303}}, {"type": "Feature", "geometry": {"type": "LineString", "coordinates": [[-91.6392441, 15.0682664], [-91.6393179, 15.0684821]]}, "properties": {"osmid": "376621102", "oneway": "False", "lanes": NaN, "ref": NaN, "name": NaN, "highway": "tertiary", "maxspeed": NaN, "length": 25.26, "bridge": NaN, "tunnel": NaN, "access": NaN, "junction": NaN, "width": NaN, "est_width": NaN, "iri": 5.03999996185303}}, {"type": "Feature", "geometry": {"type": "LineString", "coordinates": [[-91.6393179, 15.0684821], [-91.6394651, 15.0688331]]}, "properties": {"osmid": "376621102", "oneway": "False", "lanes": NaN, "ref": NaN, "name": NaN, "highway": "tertiary", "maxspeed": NaN, "length": 42.108, "bridge": NaN, "tunnel": NaN, "access": NaN, "junction": NaN, "width": NaN, "est_width": NaN, "iri": 5.03999996185303}}, {"type": "Feature", "geometry": {"type": "LineString", "coordinates": [[-91.6394651, 15.0688331], [-91.6394116, 15.0689795]]}, "properties": {"osmid": "376621102", "oneway": "False", "lanes": NaN, "ref": NaN, "name": NaN, "highway": "tertiary", "maxspeed": NaN, "length": 17.263, "bridge": NaN, "tunnel": NaN, "access": NaN, "junction": NaN, "width": NaN, "est_width": NaN, "iri": 5.03999996185303}}, {"type": "Feature", "geometry": {"type": "LineString", "coordinates": [[-91.6394116, 15.0689795], [-91.6392511, 15.0691173]]}, "properties": {"osmid": "376621102", "oneway": "False", "lanes": NaN, "ref": NaN, "name": NaN, "highway": "tertiary", "maxspeed": NaN, "length": 23.06, "bridge": NaN, "tunnel": NaN, "access": NaN, "junction": NaN, "width": NaN, "est_width": NaN, "iri": 5.03999996185303}}, {"type": "Feature", "geometry": {"type": "LineString", "coordinates": [[-91.6392511, 15.0691173], [-91.6390816, 15.0693068]]}, "properties": {"osmid": "376621102", "oneway": "False", "lanes": NaN, "ref": NaN, "name": NaN, "highway": "tertiary", "maxspeed": NaN, "length": 27.843, "bridge": NaN, "tunnel": NaN, "access": NaN, "junction": NaN, "width": NaN, "est_width": NaN, "iri": 5.03999996185303}}, {"type": "Feature", "geometry": {"type": "LineString", "coordinates": [[-91.6390816, 15.0693068], [-91.6389746, 15.0694876]]}, "properties": {"osmid": "376621102", "oneway": "False", "lanes": NaN, "ref": NaN, "name": NaN, "highway": "tertiary", "maxspeed": NaN, "length": 23.155, "bridge": NaN, "tunnel": NaN, "access": NaN, "junction": NaN, "width": NaN, "est_width": NaN, "iri": 5.03999996185303}}, {"type": "Feature", "geometry": {"type": "LineString", "coordinates": [[-91.6389746, 15.0694876], [-91.6390549, 15.0695823]]}, "properties": {"osmid": "376621102", "oneway": "False", "lanes": NaN, "ref": NaN, "name": NaN, "highway": "tertiary", "maxspeed": NaN, "length": 13.61, "bridge": NaN, "tunnel": NaN, "access": NaN, "junction": NaN, "width": NaN, "est_width": NaN, "iri": 5.03999996185303}}, {"type": "Feature", "geometry": {"type": "LineString", "coordinates": [[-91.6390549, 15.0695823], [-91.639144, 15.0696426]]}, "properties": {"osmid": "376621102", "oneway": "False", "lanes": NaN, "ref": NaN, "name": NaN, "highway": "tertiary", "maxspeed": NaN, "length": 11.683, "bridge": NaN, "tunnel": NaN, "access": NaN, "junction": NaN, "width": NaN, "est_width": NaN, "iri": 5.03999996185303}}, {"type": "Feature", "geometry": {"type": "LineString", "coordinates": [[-91.639144, 15.0696426], [-91.6392867, 15.0695995]]}, "properties": {"osmid": "376621102", "oneway": "False", "lanes": NaN, "ref": NaN, "name": NaN, "highway": "tertiary", "maxspeed": NaN, "length": 16.054, "bridge": NaN, "tunnel": NaN, "access": NaN, "junction": NaN, "width": NaN, "est_width": NaN, "iri": 5.03999996185303}}, {"type": "Feature", "geometry": {"type": "LineString", "coordinates": [[-91.6392867, 15.0695995], [-91.6395186, 15.0695823]]}, "properties": {"osmid": "376621102", "oneway": "False", "lanes": NaN, "ref": NaN, "name": NaN, "highway": "tertiary", "maxspeed": NaN, "length": 24.973, "bridge": NaN, "tunnel": NaN, "access": NaN, "junction": NaN, "width": NaN, "est_width": NaN, "iri": 5.03999996185303}}, {"type": "Feature", "geometry": {"type": "LineString", "coordinates": [[-91.6395186, 15.0695823], [-91.6396881, 15.0696512]]}, "properties": {"osmid": "376621102", "oneway": "False", "lanes": NaN, "ref": NaN, "name": NaN, "highway": "tertiary", "maxspeed": NaN, "length": 19.746, "bridge": NaN, "tunnel": NaN, "access": NaN, "junction": NaN, "width": NaN, "est_width": NaN, "iri": 5.03999996185303}}, {"type": "Feature", "geometry": {"type": "LineString", "coordinates": [[-91.6396881, 15.0696512], [-91.639911, 15.0696512]]}, "properties": {"osmid": "376621102", "oneway": "False", "lanes": NaN, "ref": NaN, "name": NaN, "highway": "tertiary", "maxspeed": NaN, "length": 23.933, "bridge": NaN, "tunnel": NaN, "access": NaN, "junction": NaN, "width": NaN, "est_width": NaN, "iri": 5.03999996185303}}, {"type": "Feature", "geometry": {"type": "LineString", "coordinates": [[-91.639911, 15.0696512], [-91.6401786, 15.0696598]]}, "properties": {"osmid": "376621102", "oneway": "False", "lanes": NaN, "ref": NaN, "name": NaN, "highway": "tertiary", "maxspeed": NaN, "length": 28.748, "bridge": NaN, "tunnel": NaN, "access": NaN, "junction": NaN, "width": NaN, "est_width": NaN, "iri": 5.03999996185303}}, {"type": "Feature", "geometry": {"type": "LineString", "coordinates": [[-91.6401786, 15.0696598], [-91.6403926, 15.0696254]]}, "properties": {"osmid": "376621102", "oneway": "False", "lanes": NaN, "ref": NaN, "name": NaN, "highway": "tertiary", "maxspeed": NaN, "length": 23.294, "bridge": NaN, "tunnel": NaN, "access": NaN, "junction": NaN, "width": NaN, "est_width": NaN, "iri": 5.03999996185303}}, {"type": "Feature", "geometry": {"type": "LineString", "coordinates": [[-91.6403926, 15.0696254], [-91.640562, 15.0696254]]}, "properties": {"osmid": "376621102", "oneway": "False", "lanes": NaN, "ref": NaN, "name": NaN, "highway": "tertiary", "maxspeed": NaN, "length": 18.189, "bridge": NaN, "tunnel": NaN, "access": NaN, "junction": NaN, "width": NaN, "est_width": NaN, "iri": 5.03999996185303}}, {"type": "Feature", "geometry": {"type": "LineString", "coordinates": [[-91.640562, 15.0696254], [-91.6406512, 15.0696426]]}, "properties": {"osmid": "376621102", "oneway": "False", "lanes": NaN, "ref": NaN, "name": NaN, "highway": "tertiary", "maxspeed": NaN, "length": 9.767, "bridge": NaN, "tunnel": NaN, "access": NaN, "junction": NaN, "width": NaN, "est_width": NaN, "iri": 5.03999996185303}}, {"type": "Feature", "geometry": {"type": "LineString", "coordinates": [[-91.6406512, 15.0696426], [-91.640678, 15.0697287]]}, "properties": {"osmid": "376621102", "oneway": "False", "lanes": NaN, "ref": NaN, "name": NaN, "highway": "tertiary", "maxspeed": NaN, "length": 9.997, "bridge": NaN, "tunnel": NaN, "access": NaN, "junction": NaN, "width": NaN, "est_width": NaN, "iri": 5.03999996185303}}, {"type": "Feature", "geometry": {"type": "LineString", "coordinates": [[-91.640678, 15.0697287], [-91.640562, 15.0699182]]}, "properties": {"osmid": "376621102", "oneway": "False", "lanes": NaN, "ref": NaN, "name": NaN, "highway": "tertiary", "maxspeed": NaN, "length": 24.477, "bridge": NaN, "tunnel": NaN, "access": NaN, "junction": NaN, "width": NaN, "est_width": NaN, "iri": 5.03999996185303}}, {"type": "Feature", "geometry": {"type": "LineString", "coordinates": [[-91.640562, 15.0699182], [-91.6404907, 15.0700646]]}, "properties": {"osmid": "376621102", "oneway": "False", "lanes": NaN, "ref": NaN, "name": NaN, "highway": "tertiary", "maxspeed": NaN, "length": 17.989, "bridge": NaN, "tunnel": NaN, "access": NaN, "junction": NaN, "width": NaN, "est_width": NaN, "iri": 5.03999996185303}}, {"type": "Feature", "geometry": {"type": "LineString", "coordinates": [[-91.6404907, 15.0700646], [-91.6405174, 15.070254]]}, "properties": {"osmid": "376621102", "oneway": "False", "lanes": NaN, "ref": NaN, "name": NaN, "highway": "tertiary", "maxspeed": NaN, "length": 21.255, "bridge": NaN, "tunnel": NaN, "access": NaN, "junction": NaN, "width": NaN, "est_width": NaN, "iri": 5.03999996185303}}, {"type": "Feature", "geometry": {"type": "LineString", "coordinates": [[-91.6405174, 15.070254], [-91.6406512, 15.0704004]]}, "properties": {"osmid": "376621102", "oneway": "False", "lanes": NaN, "ref": NaN, "name": NaN, "highway": "tertiary", "maxspeed": NaN, "length": 21.712, "bridge": NaN, "tunnel": NaN, "access": NaN, "junction": NaN, "width": NaN, "est_width": NaN, "iri": 5.03999996185303}}, {"type": "Feature", "geometry": {"type": "LineString", "coordinates": [[-91.6406512, 15.0704004], [-91.6408742, 15.0706071]]}, "properties": {"osmid": "376621102", "oneway": "False", "lanes": NaN, "ref": NaN, "name": NaN, "highway": "tertiary", "maxspeed": NaN, "length": 33.19, "bridge": NaN, "tunnel": NaN, "access": NaN, "junction": NaN, "width": NaN, "est_width": NaN, "iri": 5.03999996185303}}, {"type": "Feature", "geometry": {"type": "LineString", "coordinates": [[-91.6408742, 15.0706071], [-91.6410525, 15.0707535]]}, "properties": {"osmid": "376621102", "oneway": "False", "lanes": NaN, "ref": NaN, "name": NaN, "highway": "tertiary", "maxspeed": NaN, "length": 25.13, "bridge": NaN, "tunnel": NaN, "access": NaN, "junction": NaN, "width": NaN, "est_width": NaN, "iri": 5.03999996185303}}, {"type": "Feature", "geometry": {"type": "LineString", "coordinates": [[-91.6410525, 15.0707535], [-91.641115, 15.0708482]]}, "properties": {"osmid": "376621102", "oneway": "False", "lanes": NaN, "ref": NaN, "name": NaN, "highway": "tertiary", "maxspeed": NaN, "length": 12.487, "bridge": NaN, "tunnel": NaN, "access": NaN, "junction": NaN, "width": NaN, "est_width": NaN, "iri": 5.03999996185303}}, {"type": "Feature", "geometry": {"type": "LineString", "coordinates": [[-91.641115, 15.0708482], [-91.6410793, 15.0709774]]}, "properties": {"osmid": "376621102", "oneway": "False", "lanes": NaN, "ref": NaN, "name": NaN, "highway": "tertiary", "maxspeed": NaN, "length": 14.869, "bridge": NaN, "tunnel": NaN, "access": NaN, "junction": NaN, "width": NaN, "est_width": NaN, "iri": 5.03999996185303}}, {"type": "Feature", "geometry": {"type": "LineString", "coordinates": [[-91.6410793, 15.0709774], [-91.6409723, 15.0711668]]}, "properties": {"osmid": "376621102", "oneway": "False", "lanes": NaN, "ref": NaN, "name": NaN, "highway": "tertiary", "maxspeed": NaN, "length": 23.99, "bridge": NaN, "tunnel": NaN, "access": NaN, "junction": NaN, "width": NaN, "est_width": NaN, "iri": 5.03999996185303}}, {"type": "Feature", "geometry": {"type": "LineString", "coordinates": [[-91.6409723, 15.0711668], [-91.6408653, 15.0713649]]}, "properties": {"osmid": "376621102", "oneway": "False", "lanes": NaN, "ref": NaN, "name": NaN, "highway": "tertiary", "maxspeed": NaN, "length": 24.844, "bridge": NaN, "tunnel": NaN, "access": NaN, "junction": NaN, "width": NaN, "est_width": NaN, "iri": 5.03999996185303}}, {"type": "Feature", "geometry": {"type": "LineString", "coordinates": [[-91.6408653, 15.0713649], [-91.6408831, 15.0715285]]}, "properties": {"osmid": "376621102", "oneway": "False", "lanes": NaN, "ref": NaN, "name": NaN, "highway": "tertiary", "maxspeed": NaN, "length": 18.292, "bridge": NaN, "tunnel": NaN, "access": NaN, "junction": NaN, "width": NaN, "est_width": NaN, "iri": 5.03999996185303}}, {"type": "Feature", "geometry": {"type": "LineString", "coordinates": [[-91.6408831, 15.0715285], [-91.6409634, 15.0715802]]}, "properties": {"osmid": "376621102", "oneway": "False", "lanes": NaN, "ref": NaN, "name": NaN, "highway": "tertiary", "maxspeed": NaN, "length": 10.363, "bridge": NaN, "tunnel": NaN, "access": NaN, "junction": NaN, "width": NaN, "est_width": NaN, "iri": 5.03999996185303}}, {"type": "Feature", "geometry": {"type": "LineString", "coordinates": [[-91.6409634, 15.0715802], [-91.641115, 15.0714252]]}, "properties": {"osmid": "376621102", "oneway": "False", "lanes": NaN, "ref": NaN, "name": NaN, "highway": "tertiary", "maxspeed": NaN, "length": 23.707, "bridge": NaN, "tunnel": NaN, "access": NaN, "junction": NaN, "width": NaN, "est_width": NaN, "iri": 5.03999996185303}}, {"type": "Feature", "geometry": {"type": "LineString", "coordinates": [[-91.641115, 15.0714252], [-91.6412666, 15.071296]]}, "properties": {"osmid": "376621102", "oneway": "False", "lanes": NaN, "ref": NaN, "name": NaN, "highway": "tertiary", "maxspeed": NaN, "length": 21.71, "bridge": NaN, "tunnel": NaN, "access": NaN, "junction": NaN, "width": NaN, "est_width": NaN, "iri": 5.03999996185303}}, {"type": "Feature", "geometry": {"type": "LineString", "coordinates": [[-91.6412666, 15.071296], [-91.641329, 15.0712271]]}, "properties": {"osmid": "376621102", "oneway": "False", "lanes": NaN, "ref": NaN, "name": NaN, "highway": "tertiary", "maxspeed": NaN, "length": 10.178, "bridge": NaN, "tunnel": NaN, "access": NaN, "junction": NaN, "width": NaN, "est_width": NaN, "iri": 5.03999996185303}}, {"type": "Feature", "geometry": {"type": "LineString", "coordinates": [[-91.641329, 15.0712271], [-91.6416506, 15.0709391]]}, "properties": {"osmid": "376921670", "oneway": "False", "lanes": NaN, "ref": NaN, "name": NaN, "highway": "tertiary", "maxspeed": NaN, "length": 47.094, "bridge": NaN, "tunnel": NaN, "access": NaN, "junction": NaN, "width": NaN, "est_width": NaN, "iri": 5.03999996185303}}, {"type": "Feature", "geometry": {"type": "LineString", "coordinates": [[-91.6416506, 15.0709391], [-91.6419737, 15.0708955]]}, "properties": {"osmid": "376921670", "oneway": "False", "lanes": NaN, "ref": NaN, "name": NaN, "highway": "tertiary", "maxspeed": NaN, "length": 35.029, "bridge": NaN, "tunnel": NaN, "access": NaN, "junction": NaN, "width": NaN, "est_width": NaN, "iri": 5.03999996185303}}, {"type": "Feature", "geometry": {"type": "LineString", "coordinates": [[-91.6419737, 15.0708955], [-91.6423177, 15.0710163]]}, "properties": {"osmid": "376921670", "oneway": "False", "lanes": NaN, "ref": NaN, "name": NaN, "highway": "tertiary", "maxspeed": NaN, "length": 39.302, "bridge": NaN, "tunnel": NaN, "access": NaN, "junction": NaN, "width": NaN, "est_width": NaN, "iri": 5.03999996185303}}, {"type": "Feature", "geometry": {"type": "LineString", "coordinates": [[-91.6423177, 15.0710163], [-91.642686, 15.0711941]]}, "properties": {"osmid": "376921670", "oneway": "False", "lanes": NaN, "ref": NaN, "name": NaN, "highway": "tertiary", "maxspeed": NaN, "length": 44.211, "bridge": NaN, "tunnel": NaN, "access": NaN, "junction": NaN, "width": NaN, "est_width": NaN, "iri": 5.03999996185303}}, {"type": "Feature", "geometry": {"type": "LineString", "coordinates": [[-91.642686, 15.0711941], [-91.6431029, 15.0714122]]}, "properties": {"osmid": "376921670", "oneway": "False", "lanes": NaN, "ref": NaN, "name": NaN, "highway": "tertiary", "maxspeed": NaN, "length": 50.91, "bridge": NaN, "tunnel": NaN, "access": NaN, "junction": NaN, "width": NaN, "est_width": NaN, "iri": 5.03999996185303}}, {"type": "Feature", "geometry": {"type": "LineString", "coordinates": [[-91.6431029, 15.0714122], [-91.6433253, 15.0715665]]}, "properties": {"osmid": "376921670", "oneway": "False", "lanes": NaN, "ref": NaN, "name": NaN, "highway": "tertiary", "maxspeed": NaN, "length": 29.404, "bridge": NaN, "tunnel": NaN, "access": NaN, "junction": NaN, "width": NaN, "est_width": NaN, "iri": 5.03999996185303}}, {"type": "Feature", "geometry": {"type": "LineString", "coordinates": [[-91.6433253, 15.0715665], [-91.6433615, 15.0716561]]}, "properties": {"osmid": "376921670", "oneway": "False", "lanes": NaN, "ref": NaN, "name": NaN, "highway": "tertiary", "maxspeed": NaN, "length": 10.694, "bridge": NaN, "tunnel": NaN, "access": NaN, "junction": NaN, "width": NaN, "est_width": NaN, "iri": 5.03999996185303}}, {"type": "Feature", "geometry": {"type": "LineString", "coordinates": [[-91.6433615, 15.0716561], [-91.6432995, 15.0720032]]}, "properties": {"osmid": "376921670", "oneway": "False", "lanes": NaN, "ref": NaN, "name": NaN, "highway": "tertiary", "maxspeed": NaN, "length": 39.166, "bridge": NaN, "tunnel": NaN, "access": NaN, "junction": NaN, "width": NaN, "est_width": NaN, "iri": 5.03999996185303}}, {"type": "Feature", "geometry": {"type": "LineString", "coordinates": [[-91.6432995, 15.0720032], [-91.6431131, 15.0729518]]}, "properties": {"osmid": "376921670", "oneway": "False", "lanes": NaN, "ref": NaN, "name": NaN, "highway": "tertiary", "maxspeed": NaN, "length": 107.362, "bridge": NaN, "tunnel": NaN, "access": NaN, "junction": NaN, "width": NaN, "est_width": NaN, "iri": 5.03999996185303}}, {"type": "Feature", "geometry": {"type": "LineString", "coordinates": [[-91.6431131, 15.0729518], [-91.6429971, 15.0734716]]}, "properties": {"osmid": "376921670", "oneway": "False", "lanes": NaN, "ref": NaN, "name": NaN, "highway": "tertiary", "maxspeed": NaN, "length": 59.126, "bridge": NaN, "tunnel": NaN, "access": NaN, "junction": NaN, "width": NaN, "est_width": NaN, "iri": 5.03999996185303}}, {"type": "Feature", "geometry": {"type": "LineString", "coordinates": [[-91.6429971, 15.0734716], [-91.6429474, 15.0738395]]}, "properties": {"osmid": "376921670", "oneway": "False", "lanes": NaN, "ref": NaN, "name": NaN, "highway": "tertiary", "maxspeed": NaN, "length": 41.255, "bridge": NaN, "tunnel": NaN, "access": NaN, "junction": NaN, "width": NaN, "est_width": NaN, "iri": 5.03999996185303}}, {"type": "Feature", "geometry": {"type": "LineString", "coordinates": [[-91.6429474, 15.0738395], [-91.6430543, 15.0741039]]}, "properties": {"osmid": "376921673", "oneway": "False", "lanes": NaN, "ref": NaN, "name": NaN, "highway": "tertiary", "maxspeed": NaN, "length": 31.561, "bridge": NaN, "tunnel": NaN, "access": NaN, "junction": NaN, "width": NaN, "est_width": NaN, "iri": 5.03999996185303}}, {"type": "Feature", "geometry": {"type": "LineString", "coordinates": [[-91.6430543, 15.0741039], [-91.6433541, 15.0746828]]}, "properties": {"osmid": "376921673", "oneway": "False", "lanes": NaN, "ref": NaN, "name": NaN, "highway": "tertiary", "maxspeed": NaN, "length": 71.97, "bridge": NaN, "tunnel": NaN, "access": NaN, "junction": NaN, "width": NaN, "est_width": NaN, "iri": 5.03999996185303}}, {"type": "Feature", "geometry": {"type": "LineString", "coordinates": [[-91.6433541, 15.0746828], [-91.6434482, 15.0747759]]}, "properties": {"osmid": "376921673", "oneway": "False", "lanes": NaN, "ref": NaN, "name": NaN, "highway": "tertiary", "maxspeed": NaN, "length": 14.465, "bridge": NaN, "tunnel": NaN, "access": NaN, "junction": NaN, "width": NaN, "est_width": NaN, "iri": 5.03999996185303}}, {"type": "Feature", "geometry": {"type": "LineString", "coordinates": [[-91.6434482, 15.0747759], [-91.6437356, 15.07506]]}, "properties": {"osmid": "376921673", "oneway": "False", "lanes": NaN, "ref": NaN, "name": NaN, "highway": "tertiary", "maxspeed": NaN, "length": 44.161, "bridge": NaN, "tunnel": NaN, "access": NaN, "junction": NaN, "width": NaN, "est_width": NaN, "iri": 5.03999996185303}}, {"type": "Feature", "geometry": {"type": "LineString", "coordinates": [[-91.6437356, 15.07506], [-91.6442035, 15.0753802]]}, "properties": {"osmid": "376921673", "oneway": "False", "lanes": NaN, "ref": NaN, "name": NaN, "highway": "tertiary", "maxspeed": NaN, "length": 61.575, "bridge": NaN, "tunnel": NaN, "access": NaN, "junction": NaN, "width": NaN, "est_width": NaN, "iri": 5.03999996185303}}, {"type": "Feature", "geometry": {"type": "LineString", "coordinates": [[-91.6442035, 15.0753802], [-91.6444715, 15.0754767]]}, "properties": {"osmid": "376921673", "oneway": "False", "lanes": NaN, "ref": NaN, "name": NaN, "highway": "tertiary", "maxspeed": NaN, "length": 30.71, "bridge": NaN, "tunnel": NaN, "access": NaN, "junction": NaN, "width": NaN, "est_width": NaN, "iri": 5.03999996185303}}, {"type": "Feature", "geometry": {"type": "LineString", "coordinates": [[-91.6444715, 15.0754767], [-91.6451892, 15.0754942]]}, "properties": {"osmid": "376921673", "oneway": "False", "lanes": NaN, "ref": NaN, "name": NaN, "highway": "tertiary", "maxspeed": NaN, "length": 77.083, "bridge": NaN, "tunnel": NaN, "access": NaN, "junction": NaN, "width": NaN, "est_width": NaN, "iri": 5.03999996185303}}, {"type": "Feature", "geometry": {"type": "LineString", "coordinates": [[-91.6451892, 15.0754942], [-91.6461356, 15.0755214]]}, "properties": {"osmid": "376921674", "oneway": "False", "lanes": NaN, "ref": NaN, "name": NaN, "highway": "tertiary", "maxspeed": NaN, "length": 101.658, "bridge": NaN, "tunnel": NaN, "access": NaN, "junction": NaN, "width": NaN, "est_width": NaN, "iri": 5.03999996185303}}, {"type": "Feature", "geometry": {"type": "LineString", "coordinates": [[-91.6461356, 15.0755214], [-91.6466883, 15.0755352]]}, "properties": {"osmid": "376921674", "oneway": "False", "lanes": NaN, "ref": NaN, "name": NaN, "highway": "tertiary", "maxspeed": NaN, "length": 59.362, "bridge": NaN, "tunnel": NaN, "access": NaN, "junction": NaN, "width": NaN, "est_width": NaN, "iri": 5.03999996185303}}, {"type": "Feature", "geometry": {"type": "LineString", "coordinates": [[-91.6466883, 15.0755352], [-91.647077, 15.0755495]]}, "properties": {"osmid": "376921674", "oneway": "False", "lanes": NaN, "ref": NaN, "name": NaN, "highway": "tertiary", "maxspeed": NaN, "length": 41.764, "bridge": NaN, "tunnel": NaN, "access": NaN, "junction": NaN, "width": NaN, "est_width": NaN, "iri": 5.03999996185303}}, {"type": "Feature", "geometry": {"type": "LineString", "coordinates": [[-91.647077, 15.0755495], [-91.6471548, 15.0755524]]}, "properties": {"osmid": "376921674", "oneway": "False", "lanes": NaN, "ref": NaN, "name": NaN, "highway": "tertiary", "maxspeed": NaN, "length": 8.359, "bridge": NaN, "tunnel": NaN, "access": NaN, "junction": NaN, "width": NaN, "est_width": NaN, "iri": 5.03999996185303}}, {"type": "Feature", "geometry": {"type": "LineString", "coordinates": [[-91.6471548, 15.0755524], [-91.6479435, 15.0749363]]}, "properties": {"osmid": "376921674", "oneway": "False", "lanes": NaN, "ref": NaN, "name": NaN, "highway": "tertiary", "maxspeed": NaN, "length": 108.923, "bridge": NaN, "tunnel": NaN, "access": NaN, "junction": NaN, "width": NaN, "est_width": NaN, "iri": 5.03999996185303}}]}