{"type": "FeatureCollection", "features": [{"type": "Feature", "geometry": {"type": "LineString", "coordinates": [[-89.6193367, 14.6198461], [-89.6198125, 14.6198725]]}, "properties": {"osmid": "326388590", "oneway": "True", "lanes": NaN, "ref": NaN, "name": "1\u00aa Calle Zona 1", "highway": "secondary", "maxspeed": NaN, "length": 51.278, "bridge": NaN, "tunnel": NaN, "access": NaN, "junction": NaN, "width": NaN, "est_width": NaN, "iri": 5.75}}, {"type": "Feature", "geometry": {"type": "LineString", "coordinates": [[-89.6198125, 14.6198725], [-89.6198414, 14.6198741]]}, "properties": {"osmid": "326388590", "oneway": "True", "lanes": NaN, "ref": NaN, "name": "1\u00aa Calle Zona 1", "highway": "secondary", "maxspeed": NaN, "length": 3.115, "bridge": NaN, "tunnel": NaN, "access": NaN, "junction": NaN, "width": NaN, "est_width": NaN, "iri": 5.75}}, {"type": "Feature", "geometry": {"type": "LineString", "coordinates": [[-89.6198414, 14.6198741], [-89.6207536, 14.6199236]]}, "properties": {"osmid": "326272758", "oneway": "True", "lanes": NaN, "ref": NaN, "name": "1\u00aa Calle Zona 1", "highway": "secondary", "maxspeed": NaN, "length": 98.302, "bridge": NaN, "tunnel": NaN, "access": NaN, "junction": NaN, "width": NaN, "est_width": NaN, "iri": 5.75}}, {"type": "Feature", "geometry": {"type": "LineString", "coordinates": [[-89.6207536, 14.6199236], [-89.6208043, 14.6199346]]}, "properties": {"osmid": "326272758", "oneway": "True", "lanes": NaN, "ref": NaN, "name": "1\u00aa Calle Zona 1", "highway": "secondary", "maxspeed": NaN, "length": 5.591, "bridge": NaN, "tunnel": NaN, "access": NaN, "junction": NaN, "width": NaN, "est_width": NaN, "iri": 5.75}}, {"type": "Feature", "geometry": {"type": "LineString", "coordinates": [[-89.6208043, 14.6199346], [-89.6211617, 14.6200119]]}, "properties": {"osmid": "326272758", "oneway": "True", "lanes": NaN, "ref": NaN, "name": "1\u00aa Calle Zona 1", "highway": "secondary", "maxspeed": NaN, "length": 39.403, "bridge": NaN, "tunnel": NaN, "access": NaN, "junction": NaN, "width": NaN, "est_width": NaN, "iri": 5.75}}, {"type": "Feature", "geometry": {"type": "LineString", "coordinates": [[-89.6211617, 14.6200119], [-89.6217632, 14.6202298]]}, "properties": {"osmid": "326272758", "oneway": "True", "lanes": NaN, "ref": NaN, "name": "1\u00aa Calle Zona 1", "highway": "secondary", "maxspeed": NaN, "length": 69.105, "bridge": NaN, "tunnel": NaN, "access": NaN, "junction": NaN, "width": NaN, "est_width": NaN, "iri": 5.75}}, {"type": "Feature", "geometry": {"type": "LineString", "coordinates": [[-89.6217632, 14.6202298], [-89.6217928, 14.6202447]]}, "properties": {"osmid": "326272758", "oneway": "True", "lanes": NaN, "ref": NaN, "name": "1\u00aa Calle Zona 1", "highway": "secondary", "maxspeed": NaN, "length": 3.59, "bridge": NaN, "tunnel": NaN, "access": NaN, "junction": NaN, "width": NaN, "est_width": NaN, "iri": 5.75}}, {"type": "Feature", "geometry": {"type": "LineString", "coordinates": [[-89.6217928, 14.6202447], [-89.6221315, 14.6203324]]}, "properties": {"osmid": "326272758", "oneway": "True", "lanes": NaN, "ref": NaN, "name": "1\u00aa Calle Zona 1", "highway": "secondary", "maxspeed": NaN, "length": 37.724, "bridge": NaN, "tunnel": NaN, "access": NaN, "junction": NaN, "width": NaN, "est_width": NaN, "iri": 5.75}}, {"type": "Feature", "geometry": {"type": "LineString", "coordinates": [[-89.6221315, 14.6203324], [-89.6230678, 14.6205415]]}, "properties": {"osmid": "326272758", "oneway": "True", "lanes": NaN, "ref": NaN, "name": "1\u00aa Calle Zona 1", "highway": "secondary", "maxspeed": NaN, "length": 103.389, "bridge": NaN, "tunnel": NaN, "access": NaN, "junction": NaN, "width": NaN, "est_width": NaN, "iri": 5.75}}, {"type": "Feature", "geometry": {"type": "LineString", "coordinates": [[-89.6230678, 14.6205415], [-89.6231174, 14.620549]]}, "properties": {"osmid": "326272758", "oneway": "True", "lanes": NaN, "ref": NaN, "name": "1\u00aa Calle Zona 1", "highway": "secondary", "maxspeed": NaN, "length": 5.401, "bridge": NaN, "tunnel": NaN, "access": NaN, "junction": NaN, "width": NaN, "est_width": NaN, "iri": 5.75}}, {"type": "Feature", "geometry": {"type": "LineString", "coordinates": [[-89.6231174, 14.620549], [-89.6240615, 14.6206914]]}, "properties": {"osmid": "326272758", "oneway": "True", "lanes": NaN, "ref": NaN, "name": "1\u00aa Calle Zona 1", "highway": "secondary", "maxspeed": NaN, "length": 102.807, "bridge": NaN, "tunnel": NaN, "access": NaN, "junction": NaN, "width": NaN, "est_width": NaN, "iri": 5.75}}, {"type": "Feature", "geometry": {"type": "LineString", "coordinates": [[-89.6240615, 14.6206914], [-89.6241145, 14.6206995]]}, "properties": {"osmid": "326272758", "oneway": "True", "lanes": NaN, "ref": NaN, "name": "1\u00aa Calle Zona 1", "highway": "secondary", "maxspeed": NaN, "length": 5.773, "bridge": NaN, "tunnel": NaN, "access": NaN, "junction": NaN, "width": NaN, "est_width": NaN, "iri": 5.75}}, {"type": "Feature", "geometry": {"type": "LineString", "coordinates": [[-89.6241145, 14.6206995], [-89.6244159, 14.6211136]]}, "properties": {"osmid": "326275768", "oneway": "False", "lanes": NaN, "ref": "RN18", "name": "3\u00aa V\u00eda Zona 1", "highway": "secondary", "maxspeed": NaN, "length": 56.319, "bridge": NaN, "tunnel": NaN, "access": NaN, "junction": NaN, "width": NaN, "est_width": NaN, "iri": 5.75}}, {"type": "Feature", "geometry": {"type": "LineString", "coordinates": [[-89.6244159, 14.6211136], [-89.6251841, 14.6214017]]}, "properties": {"osmid": "326275768", "oneway": "False", "lanes": NaN, "ref": "RN18", "name": "3\u00aa V\u00eda Zona 1", "highway": "secondary", "maxspeed": NaN, "length": 88.645, "bridge": NaN, "tunnel": NaN, "access": NaN, "junction": NaN, "width": NaN, "est_width": NaN, "iri": 5.75}}, {"type": "Feature", "geometry": {"type": "LineString", "coordinates": [[-89.6251841, 14.6214017], [-89.6259523, 14.621778]]}, "properties": {"osmid": "326275768", "oneway": "False", "lanes": NaN, "ref": "RN18", "name": "3\u00aa V\u00eda Zona 1", "highway": "secondary", "maxspeed": NaN, "length": 92.641, "bridge": NaN, "tunnel": NaN, "access": NaN, "junction": NaN, "width": NaN, "est_width": NaN, "iri": 5.75}}, {"type": "Feature", "geometry": {"type": "LineString", "coordinates": [[-89.6259523, 14.621778], [-89.6267445, 14.6222611]]}, "properties": {"osmid": "326275768", "oneway": "False", "lanes": NaN, "ref": "RN18", "name": "3\u00aa V\u00eda Zona 1", "highway": "secondary", "maxspeed": NaN, "length": 100.751, "bridge": NaN, "tunnel": NaN, "access": NaN, "junction": NaN, "width": NaN, "est_width": NaN, "iri": 5.75}}, {"type": "Feature", "geometry": {"type": "LineString", "coordinates": [[-89.6267445, 14.6222611], [-89.6273896, 14.6226808]]}, "properties": {"osmid": "326275768", "oneway": "False", "lanes": NaN, "ref": "RN18", "name": "3\u00aa V\u00eda Zona 1", "highway": "secondary", "maxspeed": NaN, "length": 83.639, "bridge": NaN, "tunnel": NaN, "access": NaN, "junction": NaN, "width": NaN, "est_width": NaN, "iri": 5.75}}, {"type": "Feature", "geometry": {"type": "LineString", "coordinates": [[-89.6273896, 14.6226808], [-89.6274764, 14.6227373]]}, "properties": {"osmid": "326275768", "oneway": "False", "lanes": NaN, "ref": "RN18", "name": "3\u00aa V\u00eda Zona 1", "highway": "secondary", "maxspeed": NaN, "length": 11.256, "bridge": NaN, "tunnel": NaN, "access": NaN, "junction": NaN, "width": NaN, "est_width": NaN, "iri": 5.75}}, {"type": "Feature", "geometry": {"type": "LineString", "coordinates": [[-89.6274764, 14.6227373], [-89.6278797, 14.6229997]]}, "properties": {"osmid": "326275768", "oneway": "False", "lanes": NaN, "ref": "RN18", "name": "3\u00aa V\u00eda Zona 1", "highway": "secondary", "maxspeed": NaN, "length": 52.29, "bridge": NaN, "tunnel": NaN, "access": NaN, "junction": NaN, "width": NaN, "est_width": NaN, "iri": 5.75}}, {"type": "Feature", "geometry": {"type": "LineString", "coordinates": [[-89.6278797, 14.6229997], [-89.6279034, 14.622984]]}, "properties": {"osmid": "326416806", "oneway": "False", "lanes": NaN, "ref": NaN, "name": NaN, "highway": "secondary_link", "maxspeed": NaN, "length": 3.09, "bridge": NaN, "tunnel": NaN, "access": NaN, "junction": NaN, "width": NaN, "est_width": NaN, "iri": 5.75}}, {"type": "Feature", "geometry": {"type": "LineString", "coordinates": [[-89.6279034, 14.622984], [-89.6279971, 14.6229626]]}, "properties": {"osmid": "326416806", "oneway": "False", "lanes": NaN, "ref": NaN, "name": NaN, "highway": "secondary_link", "maxspeed": NaN, "length": 10.359, "bridge": NaN, "tunnel": NaN, "access": NaN, "junction": NaN, "width": NaN, "est_width": NaN, "iri": 5.75}}, {"type": "Feature", "geometry": {"type": "LineString", "coordinates": [[-89.6279971, 14.6229626], [-89.628055, 14.6229519]]}, "properties": {"osmid": "326416806", "oneway": "False", "lanes": NaN, "ref": NaN, "name": NaN, "highway": "secondary_link", "maxspeed": NaN, "length": 6.342, "bridge": NaN, "tunnel": NaN, "access": NaN, "junction": NaN, "width": NaN, "est_width": NaN, "iri": 5.75}}, {"type": "Feature", "geometry": {"type": "LineString", "coordinates": [[-89.628055, 14.6229519], [-89.6281323, 14.6229306]]}, "properties": {"osmid": "326416806", "oneway": "False", "lanes": NaN, "ref": NaN, "name": NaN, "highway": "secondary_link", "maxspeed": NaN, "length": 8.648, "bridge": NaN, "tunnel": NaN, "access": NaN, "junction": NaN, "width": NaN, "est_width": NaN, "iri": 5.75}}, {"type": "Feature", "geometry": {"type": "LineString", "coordinates": [[-89.6281323, 14.6229306], [-89.6282177, 14.6228879]]}, "properties": {"osmid": "326416806", "oneway": "False", "lanes": NaN, "ref": NaN, "name": NaN, "highway": "secondary_link", "maxspeed": NaN, "length": 10.343, "bridge": NaN, "tunnel": NaN, "access": NaN, "junction": NaN, "width": NaN, "est_width": NaN, "iri": 5.75}}, {"type": "Feature", "geometry": {"type": "LineString", "coordinates": [[-89.6282177, 14.6228879], [-89.6282756, 14.6228505]]}, "properties": {"osmid": "326416806", "oneway": "False", "lanes": NaN, "ref": NaN, "name": NaN, "highway": "secondary_link", "maxspeed": NaN, "length": 7.49, "bridge": NaN, "tunnel": NaN, "access": NaN, "junction": NaN, "width": NaN, "est_width": NaN, "iri": 5.75}}, {"type": "Feature", "geometry": {"type": "LineString", "coordinates": [[-89.6282756, 14.6228505], [-89.6283253, 14.6227945]]}, "properties": {"osmid": "326416806", "oneway": "False", "lanes": NaN, "ref": NaN, "name": NaN, "highway": "secondary_link", "maxspeed": NaN, "length": 8.208, "bridge": NaN, "tunnel": NaN, "access": NaN, "junction": NaN, "width": NaN, "est_width": NaN, "iri": 5.75}}, {"type": "Feature", "geometry": {"type": "LineString", "coordinates": [[-89.6283253, 14.6227945], [-89.6283611, 14.6227385]]}, "properties": {"osmid": "326416806", "oneway": "False", "lanes": NaN, "ref": NaN, "name": NaN, "highway": "secondary_link", "maxspeed": NaN, "length": 7.322, "bridge": NaN, "tunnel": NaN, "access": NaN, "junction": NaN, "width": NaN, "est_width": NaN, "iri": 5.75}}, {"type": "Feature", "geometry": {"type": "LineString", "coordinates": [[-89.6283611, 14.6227385], [-89.6284282, 14.62257]]}, "properties": {"osmid": "326416806", "oneway": "False", "lanes": NaN, "ref": NaN, "name": NaN, "highway": "secondary_link", "maxspeed": NaN, "length": 20.079, "bridge": NaN, "tunnel": NaN, "access": NaN, "junction": NaN, "width": NaN, "est_width": NaN, "iri": 5.75}}, {"type": "Feature", "geometry": {"type": "LineString", "coordinates": [[-89.6284282, 14.62257], [-89.6280651, 14.620947]]}, "properties": {"osmid": "275500310", "oneway": "False", "lanes": NaN, "ref": "RD CHI-01", "name": NaN, "highway": "primary", "maxspeed": NaN, "length": 184.65, "bridge": NaN, "tunnel": NaN, "access": NaN, "junction": NaN, "width": NaN, "est_width": NaN, "iri": 5.75}}, {"type": "Feature", "geometry": {"type": "LineString", "coordinates": [[-89.6280651, 14.620947], [-89.6279075, 14.6201753]]}, "properties": {"osmid": "275500310", "oneway": "False", "lanes": NaN, "ref": "RD CHI-01", "name": NaN, "highway": "primary", "maxspeed": NaN, "length": 87.469, "bridge": NaN, "tunnel": NaN, "access": NaN, "junction": NaN, "width": NaN, "est_width": NaN, "iri": 5.75}}, {"type": "Feature", "geometry": {"type": "LineString", "coordinates": [[-89.6279075, 14.6201753], [-89.627745, 14.6194888]]}, "properties": {"osmid": "275500310", "oneway": "False", "lanes": NaN, "ref": "RD CHI-01", "name": NaN, "highway": "primary", "maxspeed": NaN, "length": 78.312, "bridge": NaN, "tunnel": NaN, "access": NaN, "junction": NaN, "width": NaN, "est_width": NaN, "iri": 5.75}}, {"type": "Feature", "geometry": {"type": "LineString", "coordinates": [[-89.627745, 14.6194888], [-89.627507, 14.618465]]}, "properties": {"osmid": "275500310", "oneway": "False", "lanes": NaN, "ref": "RD CHI-01", "name": NaN, "highway": "primary", "maxspeed": NaN, "length": 116.686, "bridge": NaN, "tunnel": NaN, "access": NaN, "junction": NaN, "width": NaN, "est_width": NaN, "iri": 5.75}}, {"type": "Feature", "geometry": {"type": "LineString", "coordinates": [[-89.627507, 14.618465], [-89.6273098, 14.6175556]]}, "properties": {"osmid": "275500310", "oneway": "False", "lanes": NaN, "ref": "RD CHI-01", "name": NaN, "highway": "primary", "maxspeed": NaN, "length": 103.323, "bridge": NaN, "tunnel": NaN, "access": NaN, "junction": NaN, "width": NaN, "est_width": NaN, "iri": 5.75}}, {"type": "Feature", "geometry": {"type": "LineString", "coordinates": [[-89.6273098, 14.6175556], [-89.627233, 14.6172012]]}, "properties": {"osmid": "275500310", "oneway": "False", "lanes": NaN, "ref": "RD CHI-01", "name": NaN, "highway": "primary", "maxspeed": NaN, "length": 40.265, "bridge": NaN, "tunnel": NaN, "access": NaN, "junction": NaN, "width": NaN, "est_width": NaN, "iri": 5.75}}, {"type": "Feature", "geometry": {"type": "LineString", "coordinates": [[-89.627233, 14.6172012], [-89.6271834, 14.6166207]]}, "properties": {"osmid": "275500310", "oneway": "False", "lanes": NaN, "ref": "RD CHI-01", "name": NaN, "highway": "primary", "maxspeed": NaN, "length": 64.769, "bridge": NaN, "tunnel": NaN, "access": NaN, "junction": NaN, "width": NaN, "est_width": NaN, "iri": 5.75}}, {"type": "Feature", "geometry": {"type": "LineString", "coordinates": [[-89.6271834, 14.6166207], [-89.6271137, 14.6158043]]}, "properties": {"osmid": "275500310", "oneway": "False", "lanes": NaN, "ref": "RD CHI-01", "name": NaN, "highway": "primary", "maxspeed": NaN, "length": 91.089, "bridge": NaN, "tunnel": NaN, "access": NaN, "junction": NaN, "width": NaN, "est_width": NaN, "iri": 5.75}}, {"type": "Feature", "geometry": {"type": "LineString", "coordinates": [[-89.6271137, 14.6158043], [-89.6271037, 14.6156875]]}, "properties": {"osmid": "275500310", "oneway": "False", "lanes": NaN, "ref": "RD CHI-01", "name": NaN, "highway": "primary", "maxspeed": NaN, "length": 13.032, "bridge": NaN, "tunnel": NaN, "access": NaN, "junction": NaN, "width": NaN, "est_width": NaN, "iri": 5.75}}, {"type": "Feature", "geometry": {"type": "LineString", "coordinates": [[-89.6271037, 14.6156875], [-89.6270614, 14.6151913]]}, "properties": {"osmid": "275500310", "oneway": "False", "lanes": NaN, "ref": "RD CHI-01", "name": NaN, "highway": "primary", "maxspeed": NaN, "length": 55.362, "bridge": NaN, "tunnel": NaN, "access": NaN, "junction": NaN, "width": NaN, "est_width": NaN, "iri": 5.75}}, {"type": "Feature", "geometry": {"type": "LineString", "coordinates": [[-89.6270614, 14.6151913], [-89.627065, 14.6148609]]}, "properties": {"osmid": "275500310", "oneway": "False", "lanes": NaN, "ref": "RD CHI-01", "name": NaN, "highway": "primary", "maxspeed": NaN, "length": 36.741, "bridge": NaN, "tunnel": NaN, "access": NaN, "junction": NaN, "width": NaN, "est_width": NaN, "iri": 5.75}}, {"type": "Feature", "geometry": {"type": "LineString", "coordinates": [[-89.627065, 14.6148609], [-89.6270785, 14.6136299]]}, "properties": {"osmid": "275500310", "oneway": "False", "lanes": NaN, "ref": "RD CHI-01", "name": NaN, "highway": "primary", "maxspeed": NaN, "length": 136.889, "bridge": NaN, "tunnel": NaN, "access": NaN, "junction": NaN, "width": NaN, "est_width": NaN, "iri": 5.75}}, {"type": "Feature", "geometry": {"type": "LineString", "coordinates": [[-89.6270785, 14.6136299], [-89.6271344, 14.6135478]]}, "properties": {"osmid": "275500310", "oneway": "False", "lanes": NaN, "ref": "RD CHI-01", "name": NaN, "highway": "primary", "maxspeed": NaN, "length": 10.932, "bridge": NaN, "tunnel": NaN, "access": NaN, "junction": NaN, "width": NaN, "est_width": NaN, "iri": 5.75}}, {"type": "Feature", "geometry": {"type": "LineString", "coordinates": [[-89.6271344, 14.6135478], [-89.6277866, 14.6125906]]}, "properties": {"osmid": "275500310", "oneway": "False", "lanes": NaN, "ref": "RD CHI-01", "name": NaN, "highway": "primary", "maxspeed": NaN, "length": 127.488, "bridge": NaN, "tunnel": NaN, "access": NaN, "junction": NaN, "width": NaN, "est_width": NaN, "iri": 5.75}}, {"type": "Feature", "geometry": {"type": "LineString", "coordinates": [[-89.6277866, 14.6125906], [-89.6309409, 14.6094241]]}, "properties": {"osmid": "275500310", "oneway": "False", "lanes": NaN, "ref": "RD CHI-01", "name": NaN, "highway": "primary", "maxspeed": NaN, "length": 489.046, "bridge": NaN, "tunnel": NaN, "access": NaN, "junction": NaN, "width": NaN, "est_width": NaN, "iri": 5.75}}, {"type": "Feature", "geometry": {"type": "LineString", "coordinates": [[-89.6309409, 14.6094241], [-89.6310911, 14.6092684]]}, "properties": {"osmid": "275500310", "oneway": "False", "lanes": NaN, "ref": "RD CHI-01", "name": NaN, "highway": "primary", "maxspeed": NaN, "length": 23.684, "bridge": NaN, "tunnel": NaN, "access": NaN, "junction": NaN, "width": NaN, "est_width": NaN, "iri": 5.75}}, {"type": "Feature", "geometry": {"type": "LineString", "coordinates": [[-89.6310911, 14.6092684], [-89.6383739, 14.6018193]]}, "properties": {"osmid": "275500310", "oneway": "False", "lanes": NaN, "ref": "RD CHI-01", "name": NaN, "highway": "primary", "maxspeed": NaN, "length": 1140.255, "bridge": NaN, "tunnel": NaN, "access": NaN, "junction": NaN, "width": NaN, "est_width": NaN, "iri": 5.75}}, {"type": "Feature", "geometry": {"type": "LineString", "coordinates": [[-89.6383739, 14.6018193], [-89.648416, 14.5917524]]}, "properties": {"osmid": "275500310", "oneway": "False", "lanes": NaN, "ref": "RD CHI-01", "name": NaN, "highway": "primary", "maxspeed": NaN, "length": 1555.863, "bridge": NaN, "tunnel": NaN, "access": NaN, "junction": NaN, "width": NaN, "est_width": NaN, "iri": 5.75}}, {"type": "Feature", "geometry": {"type": "LineString", "coordinates": [[-89.648416, 14.5917524], [-89.648747, 14.5913742]]}, "properties": {"osmid": "275500310", "oneway": "False", "lanes": NaN, "ref": "RD CHI-01", "name": NaN, "highway": "primary", "maxspeed": NaN, "length": 55.111, "bridge": NaN, "tunnel": NaN, "access": NaN, "junction": NaN, "width": NaN, "est_width": NaN, "iri": 5.75}}, {"type": "Feature", "geometry": {"type": "LineString", "coordinates": [[-89.648747, 14.5913742], [-89.6490169, 14.5908969]]}, "properties": {"osmid": "275500310", "oneway": "False", "lanes": NaN, "ref": "RD CHI-01", "name": NaN, "highway": "primary", "maxspeed": NaN, "length": 60.501, "bridge": NaN, "tunnel": NaN, "access": NaN, "junction": NaN, "width": NaN, "est_width": NaN, "iri": 5.75}}, {"type": "Feature", "geometry": {"type": "LineString", "coordinates": [[-89.6490169, 14.5908969], [-89.649229, 14.5903666]]}, "properties": {"osmid": "275500310", "oneway": "False", "lanes": NaN, "ref": "RD CHI-01", "name": NaN, "highway": "primary", "maxspeed": NaN, "length": 63.23, "bridge": NaN, "tunnel": NaN, "access": NaN, "junction": NaN, "width": NaN, "est_width": NaN, "iri": 5.75}}, {"type": "Feature", "geometry": {"type": "LineString", "coordinates": [[-89.649229, 14.5903666], [-89.6493945, 14.589626]]}, "properties": {"osmid": "275500310", "oneway": "False", "lanes": NaN, "ref": "RD CHI-01", "name": NaN, "highway": "primary", "maxspeed": NaN, "length": 84.255, "bridge": NaN, "tunnel": NaN, "access": NaN, "junction": NaN, "width": NaN, "est_width": NaN, "iri": 5.75}}, {"type": "Feature", "geometry": {"type": "LineString", "coordinates": [[-89.6493945, 14.589626], [-89.6496789, 14.5871978]]}, "properties": {"osmid": "275500310", "oneway": "False", "lanes": NaN, "ref": "RD CHI-01", "name": NaN, "highway": "primary", "maxspeed": NaN, "length": 271.733, "bridge": NaN, "tunnel": NaN, "access": NaN, "junction": NaN, "width": NaN, "est_width": NaN, "iri": 5.75}}, {"type": "Feature", "geometry": {"type": "LineString", "coordinates": [[-89.6496789, 14.5871978], [-89.6496724, 14.5869583]]}, "properties": {"osmid": "275500310", "oneway": "False", "lanes": NaN, "ref": "RD CHI-01", "name": NaN, "highway": "primary", "maxspeed": NaN, "length": 26.64, "bridge": NaN, "tunnel": NaN, "access": NaN, "junction": NaN, "width": NaN, "est_width": NaN, "iri": 5.75}}, {"type": "Feature", "geometry": {"type": "LineString", "coordinates": [[-89.6496724, 14.5869583], [-89.6495921, 14.5864918]]}, "properties": {"osmid": "275500310", "oneway": "False", "lanes": NaN, "ref": "RD CHI-01", "name": NaN, "highway": "primary", "maxspeed": NaN, "length": 52.587, "bridge": NaN, "tunnel": NaN, "access": NaN, "junction": NaN, "width": NaN, "est_width": NaN, "iri": 5.75}}, {"type": "Feature", "geometry": {"type": "LineString", "coordinates": [[-89.6495921, 14.5864918], [-89.6493923, 14.5861276]]}, "properties": {"osmid": "275500310", "oneway": "False", "lanes": NaN, "ref": "RD CHI-01", "name": NaN, "highway": "primary", "maxspeed": NaN, "length": 45.851, "bridge": NaN, "tunnel": NaN, "access": NaN, "junction": NaN, "width": NaN, "est_width": NaN, "iri": 5.75}}, {"type": "Feature", "geometry": {"type": "LineString", "coordinates": [[-89.6493923, 14.5861276], [-89.6480289, 14.5843244]]}, "properties": {"osmid": "275500310", "oneway": "False", "lanes": NaN, "ref": "RD CHI-01", "name": NaN, "highway": "primary", "maxspeed": NaN, "length": 248.454, "bridge": NaN, "tunnel": NaN, "access": NaN, "junction": NaN, "width": NaN, "est_width": NaN, "iri": 5.75}}, {"type": "Feature", "geometry": {"type": "LineString", "coordinates": [[-89.6480289, 14.5843244], [-89.6478119, 14.5838889]]}, "properties": {"osmid": "275500310", "oneway": "False", "lanes": NaN, "ref": "RD CHI-01", "name": NaN, "highway": "primary", "maxspeed": NaN, "length": 53.762, "bridge": NaN, "tunnel": NaN, "access": NaN, "junction": NaN, "width": NaN, "est_width": NaN, "iri": 5.75}}, {"type": "Feature", "geometry": {"type": "LineString", "coordinates": [[-89.6478119, 14.5838889], [-89.6477155, 14.5834939]]}, "properties": {"osmid": "275500310", "oneway": "False", "lanes": NaN, "ref": "RD CHI-01", "name": NaN, "highway": "primary", "maxspeed": NaN, "length": 45.131, "bridge": NaN, "tunnel": NaN, "access": NaN, "junction": NaN, "width": NaN, "est_width": NaN, "iri": 5.75}}, {"type": "Feature", "geometry": {"type": "LineString", "coordinates": [[-89.6477155, 14.5834939], [-89.6476962, 14.583099]]}, "properties": {"osmid": "275500310", "oneway": "False", "lanes": NaN, "ref": "RD CHI-01", "name": NaN, "highway": "primary", "maxspeed": NaN, "length": 43.96, "bridge": NaN, "tunnel": NaN, "access": NaN, "junction": NaN, "width": NaN, "est_width": NaN, "iri": 5.75}}, {"type": "Feature", "geometry": {"type": "LineString", "coordinates": [[-89.6476962, 14.583099], [-89.6477502, 14.582762]]}, "properties": {"osmid": "275500310", "oneway": "False", "lanes": NaN, "ref": "RD CHI-01", "name": NaN, "highway": "primary", "maxspeed": NaN, "length": 37.921, "bridge": NaN, "tunnel": NaN, "access": NaN, "junction": NaN, "width": NaN, "est_width": NaN, "iri": 5.75}}, {"type": "Feature", "geometry": {"type": "LineString", "coordinates": [[-89.6477502, 14.582762], [-89.6478338, 14.5824603]]}, "properties": {"osmid": "275500310", "oneway": "False", "lanes": NaN, "ref": "RD CHI-01", "name": NaN, "highway": "primary", "maxspeed": NaN, "length": 34.733, "bridge": NaN, "tunnel": NaN, "access": NaN, "junction": NaN, "width": NaN, "est_width": NaN, "iri": 5.75}}, {"type": "Feature", "geometry": {"type": "LineString", "coordinates": [[-89.6478338, 14.5824603], [-89.6479623, 14.5821649]]}, "properties": {"osmid": "275500310", "oneway": "False", "lanes": NaN, "ref": "RD CHI-01", "name": NaN, "highway": "primary", "maxspeed": NaN, "length": 35.639, "bridge": NaN, "tunnel": NaN, "access": NaN, "junction": NaN, "width": NaN, "est_width": NaN, "iri": 5.75}}, {"type": "Feature", "geometry": {"type": "LineString", "coordinates": [[-89.6479623, 14.5821649], [-89.6482515, 14.5818134]]}, "properties": {"osmid": "275500310", "oneway": "False", "lanes": NaN, "ref": "RD CHI-01", "name": NaN, "highway": "primary", "maxspeed": NaN, "length": 49.962, "bridge": NaN, "tunnel": NaN, "access": NaN, "junction": NaN, "width": NaN, "est_width": NaN, "iri": 5.75}}, {"type": "Feature", "geometry": {"type": "LineString", "coordinates": [[-89.6482515, 14.5818134], [-89.6486146, 14.581518]]}, "properties": {"osmid": "275500310", "oneway": "False", "lanes": NaN, "ref": "RD CHI-01", "name": NaN, "highway": "primary", "maxspeed": NaN, "length": 51.046, "bridge": NaN, "tunnel": NaN, "access": NaN, "junction": NaN, "width": NaN, "est_width": NaN, "iri": 5.75}}, {"type": "Feature", "geometry": {"type": "LineString", "coordinates": [[-89.6486146, 14.581518], [-89.649524, 14.5809458]]}, "properties": {"osmid": "275500310", "oneway": "False", "lanes": NaN, "ref": "RD CHI-01", "name": NaN, "highway": "primary", "maxspeed": NaN, "length": 116.729, "bridge": NaN, "tunnel": NaN, "access": NaN, "junction": NaN, "width": NaN, "est_width": NaN, "iri": 5.75}}, {"type": "Feature", "geometry": {"type": "LineString", "coordinates": [[-89.649524, 14.5809458], [-89.6524321, 14.5791669]]}, "properties": {"osmid": "275500310", "oneway": "False", "lanes": NaN, "ref": "RD CHI-01", "name": NaN, "highway": "primary", "maxspeed": NaN, "length": 370.225, "bridge": NaN, "tunnel": NaN, "access": NaN, "junction": NaN, "width": NaN, "est_width": NaN, "iri": 5.75}}, {"type": "Feature", "geometry": {"type": "LineString", "coordinates": [[-89.6524321, 14.5791669], [-89.6577246, 14.5759326]]}, "properties": {"osmid": "275500310", "oneway": "False", "lanes": NaN, "ref": "RD CHI-01", "name": NaN, "highway": "primary", "maxspeed": NaN, "length": 673.597, "bridge": NaN, "tunnel": NaN, "access": NaN, "junction": NaN, "width": NaN, "est_width": NaN, "iri": 5.75}}, {"type": "Feature", "geometry": {"type": "LineString", "coordinates": [[-89.6577246, 14.5759326], [-89.6582002, 14.5756713]]}, "properties": {"osmid": "275500310", "oneway": "False", "lanes": NaN, "ref": "RD CHI-01", "name": NaN, "highway": "primary", "maxspeed": NaN, "length": 58.854, "bridge": NaN, "tunnel": NaN, "access": NaN, "junction": NaN, "width": NaN, "est_width": NaN, "iri": 5.75}}, {"type": "Feature", "geometry": {"type": "LineString", "coordinates": [[-89.6582002, 14.5756713], [-89.6587501, 14.5754716]]}, "properties": {"osmid": "275500310", "oneway": "False", "lanes": NaN, "ref": "RD CHI-01", "name": NaN, "highway": "primary", "maxspeed": NaN, "length": 63.207, "bridge": NaN, "tunnel": NaN, "access": NaN, "junction": NaN, "width": NaN, "est_width": NaN, "iri": 5.75}}, {"type": "Feature", "geometry": {"type": "LineString", "coordinates": [[-89.6587501, 14.5754716], [-89.660035, 14.5751644]]}, "properties": {"osmid": "275500310", "oneway": "False", "lanes": NaN, "ref": "RD CHI-01", "name": NaN, "highway": "primary", "maxspeed": NaN, "length": 142.433, "bridge": NaN, "tunnel": NaN, "access": NaN, "junction": NaN, "width": NaN, "est_width": NaN, "iri": 5.75}}, {"type": "Feature", "geometry": {"type": "LineString", "coordinates": [[-89.660035, 14.5751644], [-89.6603596, 14.5750369]]}, "properties": {"osmid": "275500310", "oneway": "False", "lanes": NaN, "ref": "RD CHI-01", "name": NaN, "highway": "primary", "maxspeed": NaN, "length": 37.7, "bridge": NaN, "tunnel": NaN, "access": NaN, "junction": NaN, "width": NaN, "est_width": NaN, "iri": 5.75}}, {"type": "Feature", "geometry": {"type": "LineString", "coordinates": [[-89.6603596, 14.5750369], [-89.66081, 14.5748071]]}, "properties": {"osmid": "275500310", "oneway": "False", "lanes": NaN, "ref": "RD CHI-01", "name": NaN, "highway": "primary", "maxspeed": NaN, "length": 54.794, "bridge": NaN, "tunnel": NaN, "access": NaN, "junction": NaN, "width": NaN, "est_width": NaN, "iri": 5.75}}, {"type": "Feature", "geometry": {"type": "LineString", "coordinates": [[-89.66081, 14.5748071], [-89.6625865, 14.5731926]]}, "properties": {"osmid": "275500310", "oneway": "False", "lanes": NaN, "ref": "RD CHI-01", "name": NaN, "highway": "primary", "maxspeed": NaN, "length": 262.259, "bridge": NaN, "tunnel": NaN, "access": NaN, "junction": NaN, "width": NaN, "est_width": NaN, "iri": 5.75}}, {"type": "Feature", "geometry": {"type": "LineString", "coordinates": [[-89.6625865, 14.5731926], [-89.6630364, 14.5726484]]}, "properties": {"osmid": "275500310", "oneway": "False", "lanes": NaN, "ref": "RD CHI-01", "name": NaN, "highway": "primary", "maxspeed": NaN, "length": 77.498, "bridge": NaN, "tunnel": NaN, "access": NaN, "junction": NaN, "width": NaN, "est_width": NaN, "iri": 5.75}}, {"type": "Feature", "geometry": {"type": "LineString", "coordinates": [[-89.6630364, 14.5726484], [-89.6633352, 14.5721259]]}, "properties": {"osmid": "275500310", "oneway": "False", "lanes": NaN, "ref": "RD CHI-01", "name": NaN, "highway": "primary", "maxspeed": NaN, "length": 66.405, "bridge": NaN, "tunnel": NaN, "access": NaN, "junction": NaN, "width": NaN, "est_width": NaN, "iri": 5.75}}, {"type": "Feature", "geometry": {"type": "LineString", "coordinates": [[-89.6633352, 14.5721259], [-89.6636758, 14.5713702]]}, "properties": {"osmid": "275500310", "oneway": "False", "lanes": NaN, "ref": "RD CHI-01", "name": NaN, "highway": "primary", "maxspeed": NaN, "length": 91.677, "bridge": NaN, "tunnel": NaN, "access": NaN, "junction": NaN, "width": NaN, "est_width": NaN, "iri": 5.75}}, {"type": "Feature", "geometry": {"type": "LineString", "coordinates": [[-89.6636758, 14.5713702], [-89.6680455, 14.5612416]]}, "properties": {"osmid": "275500310", "oneway": "False", "lanes": NaN, "ref": "RD CHI-01", "name": NaN, "highway": "primary", "maxspeed": NaN, "length": 1220.49, "bridge": NaN, "tunnel": NaN, "access": NaN, "junction": NaN, "width": NaN, "est_width": NaN, "iri": 5.75}}, {"type": "Feature", "geometry": {"type": "LineString", "coordinates": [[-89.6680455, 14.5612416], [-89.6681296, 14.5609357]]}, "properties": {"osmid": "275500310", "oneway": "False", "lanes": NaN, "ref": "RD CHI-01", "name": NaN, "highway": "primary", "maxspeed": NaN, "length": 35.198, "bridge": NaN, "tunnel": NaN, "access": NaN, "junction": NaN, "width": NaN, "est_width": NaN, "iri": 5.75}}, {"type": "Feature", "geometry": {"type": "LineString", "coordinates": [[-89.6681296, 14.5609357], [-89.6681907, 14.560519]]}, "properties": {"osmid": "275500310", "oneway": "False", "lanes": NaN, "ref": "RD CHI-01", "name": NaN, "highway": "primary", "maxspeed": NaN, "length": 46.799, "bridge": NaN, "tunnel": NaN, "access": NaN, "junction": NaN, "width": NaN, "est_width": NaN, "iri": 5.75}}, {"type": "Feature", "geometry": {"type": "LineString", "coordinates": [[-89.6681907, 14.560519], [-89.6681914, 14.5591232]]}, "properties": {"osmid": "275500310", "oneway": "False", "lanes": NaN, "ref": "RD CHI-01", "name": NaN, "highway": "primary", "maxspeed": NaN, "length": 155.206, "bridge": NaN, "tunnel": NaN, "access": NaN, "junction": NaN, "width": NaN, "est_width": NaN, "iri": 5.75}}, {"type": "Feature", "geometry": {"type": "LineString", "coordinates": [[-89.6681914, 14.5591232], [-89.6682839, 14.5586622]]}, "properties": {"osmid": "275500310", "oneway": "False", "lanes": NaN, "ref": "RD CHI-01", "name": NaN, "highway": "primary", "maxspeed": NaN, "length": 52.219, "bridge": NaN, "tunnel": NaN, "access": NaN, "junction": NaN, "width": NaN, "est_width": NaN, "iri": 5.75}}, {"type": "Feature", "geometry": {"type": "LineString", "coordinates": [[-89.6682839, 14.5586622], [-89.6684349, 14.5582796]]}, "properties": {"osmid": "275500310", "oneway": "False", "lanes": NaN, "ref": "RD CHI-01", "name": NaN, "highway": "primary", "maxspeed": NaN, "length": 45.542, "bridge": NaN, "tunnel": NaN, "access": NaN, "junction": NaN, "width": NaN, "est_width": NaN, "iri": 5.75}}, {"type": "Feature", "geometry": {"type": "LineString", "coordinates": [[-89.6684349, 14.5582796], [-89.6687723, 14.5577446]]}, "properties": {"osmid": "275500310", "oneway": "False", "lanes": NaN, "ref": "RD CHI-01", "name": NaN, "highway": "primary", "maxspeed": NaN, "length": 69.696, "bridge": NaN, "tunnel": NaN, "access": NaN, "junction": NaN, "width": NaN, "est_width": NaN, "iri": 5.75}}, {"type": "Feature", "geometry": {"type": "LineString", "coordinates": [[-89.6687723, 14.5577446], [-89.669325, 14.5570759]]}, "properties": {"osmid": "275500310", "oneway": "False", "lanes": NaN, "ref": "RD CHI-01", "name": NaN, "highway": "primary", "maxspeed": NaN, "length": 95.222, "bridge": NaN, "tunnel": NaN, "access": NaN, "junction": NaN, "width": NaN, "est_width": NaN, "iri": 5.75}}, {"type": "Feature", "geometry": {"type": "LineString", "coordinates": [[-89.669325, 14.5570759], [-89.6695146, 14.5568085]]}, "properties": {"osmid": "275500310", "oneway": "False", "lanes": NaN, "ref": "RD CHI-01", "name": NaN, "highway": "primary", "maxspeed": NaN, "length": 36.062, "bridge": NaN, "tunnel": NaN, "access": NaN, "junction": NaN, "width": NaN, "est_width": NaN, "iri": 5.75}}, {"type": "Feature", "geometry": {"type": "LineString", "coordinates": [[-89.6695146, 14.5568085], [-89.6696624, 14.556429]]}, "properties": {"osmid": "275500310", "oneway": "False", "lanes": NaN, "ref": "RD CHI-01", "name": NaN, "highway": "primary", "maxspeed": NaN, "length": 45.097, "bridge": NaN, "tunnel": NaN, "access": NaN, "junction": NaN, "width": NaN, "est_width": NaN, "iri": 5.75}}, {"type": "Feature", "geometry": {"type": "LineString", "coordinates": [[-89.6696624, 14.556429], [-89.6697267, 14.5561802]]}, "properties": {"osmid": "275500310", "oneway": "False", "lanes": NaN, "ref": "RD CHI-01", "name": NaN, "highway": "primary", "maxspeed": NaN, "length": 28.518, "bridge": NaN, "tunnel": NaN, "access": NaN, "junction": NaN, "width": NaN, "est_width": NaN, "iri": 5.75}}, {"type": "Feature", "geometry": {"type": "LineString", "coordinates": [[-89.6697267, 14.5561802], [-89.6697459, 14.5558878]]}, "properties": {"osmid": "275500310", "oneway": "False", "lanes": NaN, "ref": "RD CHI-01", "name": NaN, "highway": "primary", "maxspeed": NaN, "length": 32.579, "bridge": NaN, "tunnel": NaN, "access": NaN, "junction": NaN, "width": NaN, "est_width": NaN, "iri": 5.75}}, {"type": "Feature", "geometry": {"type": "LineString", "coordinates": [[-89.6697459, 14.5558878], [-89.6697331, 14.5555301]]}, "properties": {"osmid": "275500310", "oneway": "False", "lanes": NaN, "ref": "RD CHI-01", "name": NaN, "highway": "primary", "maxspeed": NaN, "length": 39.798, "bridge": NaN, "tunnel": NaN, "access": NaN, "junction": NaN, "width": NaN, "est_width": NaN, "iri": 5.75}}, {"type": "Feature", "geometry": {"type": "LineString", "coordinates": [[-89.6697331, 14.5555301], [-89.6696506, 14.5552186]]}, "properties": {"osmid": "275500310", "oneway": "False", "lanes": NaN, "ref": "RD CHI-01", "name": NaN, "highway": "primary", "maxspeed": NaN, "length": 35.757, "bridge": NaN, "tunnel": NaN, "access": NaN, "junction": NaN, "width": NaN, "est_width": NaN, "iri": 5.75}}, {"type": "Feature", "geometry": {"type": "LineString", "coordinates": [[-89.6696506, 14.5552186], [-89.6690551, 14.5536142]]}, "properties": {"osmid": "275500310", "oneway": "False", "lanes": NaN, "ref": "RD CHI-01", "name": NaN, "highway": "primary", "maxspeed": NaN, "length": 189.565, "bridge": NaN, "tunnel": NaN, "access": NaN, "junction": NaN, "width": NaN, "est_width": NaN, "iri": 5.75}}, {"type": "Feature", "geometry": {"type": "LineString", "coordinates": [[-89.6690551, 14.5536142], [-89.6689555, 14.553213]]}, "properties": {"osmid": "275500310", "oneway": "False", "lanes": NaN, "ref": "RD CHI-01", "name": NaN, "highway": "primary", "maxspeed": NaN, "length": 45.881, "bridge": NaN, "tunnel": NaN, "access": NaN, "junction": NaN, "width": NaN, "est_width": NaN, "iri": 5.75}}, {"type": "Feature", "geometry": {"type": "LineString", "coordinates": [[-89.6689555, 14.553213], [-89.6689169, 14.5526936]]}, "properties": {"osmid": "275500310", "oneway": "False", "lanes": NaN, "ref": "RD CHI-01", "name": NaN, "highway": "primary", "maxspeed": NaN, "length": 57.904, "bridge": NaN, "tunnel": NaN, "access": NaN, "junction": NaN, "width": NaN, "est_width": NaN, "iri": 5.75}}, {"type": "Feature", "geometry": {"type": "LineString", "coordinates": [[-89.6689169, 14.5526936], [-89.668843, 14.5481836]]}, "properties": {"osmid": "275500310", "oneway": "False", "lanes": NaN, "ref": "RD CHI-01", "name": NaN, "highway": "primary", "maxspeed": NaN, "length": 501.553, "bridge": NaN, "tunnel": NaN, "access": NaN, "junction": NaN, "width": NaN, "est_width": NaN, "iri": 5.75}}, {"type": "Feature", "geometry": {"type": "LineString", "coordinates": [[-89.668843, 14.5481836], [-89.6687322, 14.5418596]]}, "properties": {"osmid": "275500310", "oneway": "False", "lanes": NaN, "ref": "RD CHI-01", "name": NaN, "highway": "primary", "maxspeed": NaN, "length": 703.299, "bridge": NaN, "tunnel": NaN, "access": NaN, "junction": NaN, "width": NaN, "est_width": NaN, "iri": 5.75}}, {"type": "Feature", "geometry": {"type": "LineString", "coordinates": [[-89.6687322, 14.5418596], [-89.6687112, 14.5391727]]}, "properties": {"osmid": "275500310", "oneway": "False", "lanes": NaN, "ref": "RD CHI-01", "name": NaN, "highway": "primary", "maxspeed": NaN, "length": 298.779, "bridge": NaN, "tunnel": NaN, "access": NaN, "junction": NaN, "width": NaN, "est_width": NaN, "iri": 5.75}}, {"type": "Feature", "geometry": {"type": "LineString", "coordinates": [[-89.6687112, 14.5391727], [-89.6686534, 14.5385972]]}, "properties": {"osmid": "275500310", "oneway": "False", "lanes": NaN, "ref": "RD CHI-01", "name": NaN, "highway": "primary", "maxspeed": NaN, "length": 64.294, "bridge": NaN, "tunnel": NaN, "access": NaN, "junction": NaN, "width": NaN, "est_width": NaN, "iri": 5.75}}, {"type": "Feature", "geometry": {"type": "LineString", "coordinates": [[-89.6686534, 14.5385972], [-89.6684606, 14.5378289]]}, "properties": {"osmid": "275500310", "oneway": "False", "lanes": NaN, "ref": "RD CHI-01", "name": NaN, "highway": "primary", "maxspeed": NaN, "length": 87.915, "bridge": NaN, "tunnel": NaN, "access": NaN, "junction": NaN, "width": NaN, "est_width": NaN, "iri": 5.75}}, {"type": "Feature", "geometry": {"type": "LineString", "coordinates": [[-89.6684606, 14.5378289], [-89.6682228, 14.5372535]]}, "properties": {"osmid": "275500310", "oneway": "False", "lanes": NaN, "ref": "RD CHI-01", "name": NaN, "highway": "primary", "maxspeed": NaN, "length": 68.911, "bridge": NaN, "tunnel": NaN, "access": NaN, "junction": NaN, "width": NaN, "est_width": NaN, "iri": 5.75}}, {"type": "Feature", "geometry": {"type": "LineString", "coordinates": [[-89.6682228, 14.5372535], [-89.6679946, 14.5368367]]}, "properties": {"osmid": "275500310", "oneway": "False", "lanes": NaN, "ref": "RD CHI-01", "name": NaN, "highway": "primary", "maxspeed": NaN, "length": 52.453, "bridge": NaN, "tunnel": NaN, "access": NaN, "junction": NaN, "width": NaN, "est_width": NaN, "iri": 5.75}}, {"type": "Feature", "geometry": {"type": "LineString", "coordinates": [[-89.6679946, 14.5368367], [-89.6672395, 14.5356453]]}, "properties": {"osmid": "275500310", "oneway": "False", "lanes": NaN, "ref": "RD CHI-01", "name": NaN, "highway": "primary", "maxspeed": NaN, "length": 155.422, "bridge": NaN, "tunnel": NaN, "access": NaN, "junction": NaN, "width": NaN, "est_width": NaN, "iri": 5.75}}, {"type": "Feature", "geometry": {"type": "LineString", "coordinates": [[-89.6672395, 14.5356453], [-89.6670242, 14.5351507]]}, "properties": {"osmid": "275500310", "oneway": "False", "lanes": NaN, "ref": "RD CHI-01", "name": NaN, "highway": "primary", "maxspeed": NaN, "length": 59.68, "bridge": NaN, "tunnel": NaN, "access": NaN, "junction": NaN, "width": NaN, "est_width": NaN, "iri": 5.75}}, {"type": "Feature", "geometry": {"type": "LineString", "coordinates": [[-89.6670242, 14.5351507], [-89.6668722, 14.5345848]]}, "properties": {"osmid": "275500310", "oneway": "False", "lanes": NaN, "ref": "RD CHI-01", "name": NaN, "highway": "primary", "maxspeed": NaN, "length": 65.017, "bridge": NaN, "tunnel": NaN, "access": NaN, "junction": NaN, "width": NaN, "est_width": NaN, "iri": 5.75}}, {"type": "Feature", "geometry": {"type": "LineString", "coordinates": [[-89.6668722, 14.5345848], [-89.6666418, 14.5336608]]}, "properties": {"osmid": "275500310", "oneway": "False", "lanes": NaN, "ref": "RD CHI-01", "name": NaN, "highway": "primary", "maxspeed": NaN, "length": 105.695, "bridge": NaN, "tunnel": NaN, "access": NaN, "junction": NaN, "width": NaN, "est_width": NaN, "iri": 5.75}}, {"type": "Feature", "geometry": {"type": "LineString", "coordinates": [[-89.6666418, 14.5336608], [-89.6664095, 14.5330513]]}, "properties": {"osmid": "275500310", "oneway": "False", "lanes": NaN, "ref": "RD CHI-01", "name": NaN, "highway": "primary", "maxspeed": NaN, "length": 72.239, "bridge": NaN, "tunnel": NaN, "access": NaN, "junction": NaN, "width": NaN, "est_width": NaN, "iri": 5.75}}, {"type": "Feature", "geometry": {"type": "LineString", "coordinates": [[-89.6664095, 14.5330513], [-89.6644621, 14.5290759]]}, "properties": {"osmid": "275500310", "oneway": "False", "lanes": NaN, "ref": "RD CHI-01", "name": NaN, "highway": "primary", "maxspeed": NaN, "length": 489.226, "bridge": NaN, "tunnel": NaN, "access": NaN, "junction": NaN, "width": NaN, "est_width": NaN, "iri": 5.75}}, {"type": "Feature", "geometry": {"type": "LineString", "coordinates": [[-89.6644621, 14.5290759], [-89.6614383, 14.522867]]}, "properties": {"osmid": "275500310", "oneway": "False", "lanes": NaN, "ref": "RD CHI-01", "name": NaN, "highway": "primary", "maxspeed": NaN, "length": 763.276, "bridge": NaN, "tunnel": NaN, "access": NaN, "junction": NaN, "width": NaN, "est_width": NaN, "iri": 5.75}}, {"type": "Feature", "geometry": {"type": "LineString", "coordinates": [[-89.6614383, 14.522867], [-89.6600116, 14.5199647]]}, "properties": {"osmid": "275500310", "oneway": "False", "lanes": NaN, "ref": "RD CHI-01", "name": NaN, "highway": "primary", "maxspeed": NaN, "length": 357.399, "bridge": NaN, "tunnel": NaN, "access": NaN, "junction": NaN, "width": NaN, "est_width": NaN, "iri": 5.75}}, {"type": "Feature", "geometry": {"type": "LineString", "coordinates": [[-89.6600116, 14.5199647], [-89.6597963, 14.5194234]]}, "properties": {"osmid": "275500310", "oneway": "False", "lanes": NaN, "ref": "RD CHI-01", "name": NaN, "highway": "primary", "maxspeed": NaN, "length": 64.498, "bridge": NaN, "tunnel": NaN, "access": NaN, "junction": NaN, "width": NaN, "est_width": NaN, "iri": 5.75}}, {"type": "Feature", "geometry": {"type": "LineString", "coordinates": [[-89.6597963, 14.5194234], [-89.659642, 14.5188915]]}, "properties": {"osmid": "275500310", "oneway": "False", "lanes": NaN, "ref": "RD CHI-01", "name": NaN, "highway": "primary", "maxspeed": NaN, "length": 61.433, "bridge": NaN, "tunnel": NaN, "access": NaN, "junction": NaN, "width": NaN, "est_width": NaN, "iri": 5.75}}, {"type": "Feature", "geometry": {"type": "LineString", "coordinates": [[-89.659642, 14.5188915], [-89.6595167, 14.5180733]]}, "properties": {"osmid": "275500310", "oneway": "False", "lanes": NaN, "ref": "RD CHI-01", "name": NaN, "highway": "primary", "maxspeed": NaN, "length": 91.974, "bridge": NaN, "tunnel": NaN, "access": NaN, "junction": NaN, "width": NaN, "est_width": NaN, "iri": 5.75}}, {"type": "Feature", "geometry": {"type": "LineString", "coordinates": [[-89.6595167, 14.5180733], [-89.6591954, 14.5161882]]}, "properties": {"osmid": "275500310", "oneway": "False", "lanes": NaN, "ref": "RD CHI-01", "name": NaN, "highway": "primary", "maxspeed": NaN, "length": 212.448, "bridge": NaN, "tunnel": NaN, "access": NaN, "junction": NaN, "width": NaN, "est_width": NaN, "iri": 5.75}}, {"type": "Feature", "geometry": {"type": "LineString", "coordinates": [[-89.6591954, 14.5161882], [-89.6583856, 14.5116619]]}, "properties": {"osmid": "275500310", "oneway": "False", "lanes": NaN, "ref": "RD CHI-01", "name": NaN, "highway": "primary", "maxspeed": NaN, "length": 510.796, "bridge": NaN, "tunnel": NaN, "access": NaN, "junction": NaN, "width": NaN, "est_width": NaN, "iri": 5.75}}, {"type": "Feature", "geometry": {"type": "LineString", "coordinates": [[-89.6583856, 14.5116619], [-89.6582069, 14.5106485]]}, "properties": {"osmid": "275500310", "oneway": "False", "lanes": NaN, "ref": "RD CHI-01", "name": NaN, "highway": "primary", "maxspeed": NaN, "length": 114.315, "bridge": NaN, "tunnel": NaN, "access": NaN, "junction": NaN, "width": NaN, "est_width": NaN, "iri": 5.75}}, {"type": "Feature", "geometry": {"type": "LineString", "coordinates": [[-89.6582069, 14.5106485], [-89.6578453, 14.5085985]]}, "properties": {"osmid": "275500310", "oneway": "False", "lanes": NaN, "ref": "RD CHI-01", "name": NaN, "highway": "primary", "maxspeed": NaN, "length": 231.25, "bridge": NaN, "tunnel": NaN, "access": NaN, "junction": NaN, "width": NaN, "est_width": NaN, "iri": 5.75}}, {"type": "Feature", "geometry": {"type": "LineString", "coordinates": [[-89.6578453, 14.5085985], [-89.6577083, 14.507761]]}, "properties": {"osmid": "275500310", "oneway": "False", "lanes": NaN, "ref": "RD CHI-01", "name": NaN, "highway": "primary", "maxspeed": NaN, "length": 94.286, "bridge": NaN, "tunnel": NaN, "access": NaN, "junction": NaN, "width": NaN, "est_width": NaN, "iri": 5.75}}, {"type": "Feature", "geometry": {"type": "LineString", "coordinates": [[-89.6577083, 14.507761], [-89.6569992, 14.5066518]]}, "properties": {"osmid": "189370504", "oneway": "False", "lanes": NaN, "ref": NaN, "name": NaN, "highway": "tertiary", "maxspeed": NaN, "length": 145.049, "bridge": NaN, "tunnel": NaN, "access": NaN, "junction": NaN, "width": NaN, "est_width": NaN, "iri": 5.75}}, {"type": "Feature", "geometry": {"type": "LineString", "coordinates": [[-89.6569992, 14.5066518], [-89.6560121, 14.5050106]]}, "properties": {"osmid": "189370504", "oneway": "False", "lanes": NaN, "ref": NaN, "name": NaN, "highway": "tertiary", "maxspeed": NaN, "length": 211.176, "bridge": NaN, "tunnel": NaN, "access": NaN, "junction": NaN, "width": NaN, "est_width": NaN, "iri": 5.75}}, {"type": "Feature", "geometry": {"type": "LineString", "coordinates": [[-89.6560121, 14.5050106], [-89.6550465, 14.5033383]]}, "properties": {"osmid": "189370504", "oneway": "False", "lanes": NaN, "ref": NaN, "name": NaN, "highway": "tertiary", "maxspeed": NaN, "length": 213.033, "bridge": NaN, "tunnel": NaN, "access": NaN, "junction": NaN, "width": NaN, "est_width": NaN, "iri": 5.75}}, {"type": "Feature", "geometry": {"type": "LineString", "coordinates": [[-89.6550465, 14.5033383], [-89.6546388, 14.502632]]}, "properties": {"osmid": "189370504", "oneway": "False", "lanes": NaN, "ref": NaN, "name": NaN, "highway": "tertiary", "maxspeed": NaN, "length": 89.969, "bridge": NaN, "tunnel": NaN, "access": NaN, "junction": NaN, "width": NaN, "est_width": NaN, "iri": 5.75}}, {"type": "Feature", "geometry": {"type": "LineString", "coordinates": [[-89.6546388, 14.502632], [-89.6541648, 14.501997]]}, "properties": {"osmid": "189370504", "oneway": "False", "lanes": NaN, "ref": NaN, "name": NaN, "highway": "tertiary", "maxspeed": NaN, "length": 87.117, "bridge": NaN, "tunnel": NaN, "access": NaN, "junction": NaN, "width": NaN, "est_width": NaN, "iri": 5.75}}, {"type": "Feature", "geometry": {"type": "LineString", "coordinates": [[-89.6541648, 14.501997], [-89.6541392, 14.5019627]]}, "properties": {"osmid": "189370504", "oneway": "False", "lanes": NaN, "ref": NaN, "name": NaN, "highway": "tertiary", "maxspeed": NaN, "length": 4.705, "bridge": NaN, "tunnel": NaN, "access": NaN, "junction": NaN, "width": NaN, "est_width": NaN, "iri": 5.75}}, {"type": "Feature", "geometry": {"type": "LineString", "coordinates": [[-89.6541392, 14.5019627], [-89.6540104, 14.5017595]]}, "properties": {"osmid": "189370504", "oneway": "False", "lanes": NaN, "ref": NaN, "name": NaN, "highway": "tertiary", "maxspeed": NaN, "length": 26.51, "bridge": NaN, "tunnel": NaN, "access": NaN, "junction": NaN, "width": NaN, "est_width": NaN, "iri": 5.75}}, {"type": "Feature", "geometry": {"type": "LineString", "coordinates": [[-89.6540104, 14.5017595], [-89.6530371, 14.5005909]]}, "properties": {"osmid": "189370504", "oneway": "False", "lanes": NaN, "ref": NaN, "name": NaN, "highway": "tertiary", "maxspeed": NaN, "length": 166.924, "bridge": NaN, "tunnel": NaN, "access": NaN, "junction": NaN, "width": NaN, "est_width": NaN, "iri": 5.75}}, {"type": "Feature", "geometry": {"type": "LineString", "coordinates": [[-89.6530371, 14.5005909], [-89.6529131, 14.50048]]}, "properties": {"osmid": "189370504", "oneway": "False", "lanes": NaN, "ref": NaN, "name": NaN, "highway": "tertiary", "maxspeed": NaN, "length": 18.173, "bridge": NaN, "tunnel": NaN, "access": NaN, "junction": NaN, "width": NaN, "est_width": NaN, "iri": 5.75}}, {"type": "Feature", "geometry": {"type": "LineString", "coordinates": [[-89.6529131, 14.50048], [-89.6527076, 14.5001993]]}, "properties": {"osmid": "189370505", "oneway": "False", "lanes": NaN, "ref": NaN, "name": NaN, "highway": "tertiary", "maxspeed": NaN, "length": 38.257, "bridge": NaN, "tunnel": NaN, "access": NaN, "junction": NaN, "width": NaN, "est_width": NaN, "iri": 5.75}}, {"type": "Feature", "geometry": {"type": "LineString", "coordinates": [[-89.6527076, 14.5001993], [-89.6525929, 14.5000099]]}, "properties": {"osmid": "189370505", "oneway": "False", "lanes": NaN, "ref": NaN, "name": NaN, "highway": "tertiary", "maxspeed": NaN, "length": 24.413, "bridge": NaN, "tunnel": NaN, "access": NaN, "junction": NaN, "width": NaN, "est_width": NaN, "iri": 5.75}}, {"type": "Feature", "geometry": {"type": "LineString", "coordinates": [[-89.6525929, 14.5000099], [-89.6524275, 14.4998074]]}, "properties": {"osmid": "189370505", "oneway": "False", "lanes": NaN, "ref": NaN, "name": NaN, "highway": "tertiary", "maxspeed": NaN, "length": 28.707, "bridge": NaN, "tunnel": NaN, "access": NaN, "junction": NaN, "width": NaN, "est_width": NaN, "iri": 5.75}}, {"type": "Feature", "geometry": {"type": "LineString", "coordinates": [[-89.6524275, 14.4998074], [-89.6523601, 14.4997127]]}, "properties": {"osmid": "189370505", "oneway": "False", "lanes": NaN, "ref": NaN, "name": NaN, "highway": "tertiary", "maxspeed": NaN, "length": 12.788, "bridge": NaN, "tunnel": NaN, "access": NaN, "junction": NaN, "width": NaN, "est_width": NaN, "iri": 5.75}}, {"type": "Feature", "geometry": {"type": "LineString", "coordinates": [[-89.6523601, 14.4997127], [-89.6522926, 14.4996278]]}, "properties": {"osmid": "189370505", "oneway": "False", "lanes": NaN, "ref": NaN, "name": NaN, "highway": "tertiary", "maxspeed": NaN, "length": 11.913, "bridge": NaN, "tunnel": NaN, "access": NaN, "junction": NaN, "width": NaN, "est_width": NaN, "iri": 5.75}}, {"type": "Feature", "geometry": {"type": "LineString", "coordinates": [[-89.6522926, 14.4996278], [-89.6521172, 14.4994383]]}, "properties": {"osmid": "189370505", "oneway": "False", "lanes": NaN, "ref": NaN, "name": NaN, "highway": "tertiary", "maxspeed": NaN, "length": 28.294, "bridge": NaN, "tunnel": NaN, "access": NaN, "junction": NaN, "width": NaN, "est_width": NaN, "iri": 5.75}}, {"type": "Feature", "geometry": {"type": "LineString", "coordinates": [[-89.6521172, 14.4994383], [-89.651935, 14.499226]]}, "properties": {"osmid": "189370505", "oneway": "False", "lanes": NaN, "ref": NaN, "name": NaN, "highway": "tertiary", "maxspeed": NaN, "length": 30.692, "bridge": NaN, "tunnel": NaN, "access": NaN, "junction": NaN, "width": NaN, "est_width": NaN, "iri": 5.75}}, {"type": "Feature", "geometry": {"type": "LineString", "coordinates": [[-89.651935, 14.499226], [-89.6517562, 14.4990431]]}, "properties": {"osmid": "189370505", "oneway": "False", "lanes": NaN, "ref": NaN, "name": NaN, "highway": "tertiary", "maxspeed": NaN, "length": 28.002, "bridge": NaN, "tunnel": NaN, "access": NaN, "junction": NaN, "width": NaN, "est_width": NaN, "iri": 5.75}}, {"type": "Feature", "geometry": {"type": "LineString", "coordinates": [[-89.6517562, 14.4990431], [-89.6516959, 14.4989907]]}, "properties": {"osmid": "189370505", "oneway": "False", "lanes": NaN, "ref": NaN, "name": NaN, "highway": "tertiary", "maxspeed": NaN, "length": 8.723, "bridge": NaN, "tunnel": NaN, "access": NaN, "junction": NaN, "width": NaN, "est_width": NaN, "iri": 5.75}}, {"type": "Feature", "geometry": {"type": "LineString", "coordinates": [[-89.6516959, 14.4989907], [-89.6515519, 14.4988658]]}, "properties": {"osmid": "189370505", "oneway": "False", "lanes": NaN, "ref": NaN, "name": NaN, "highway": "tertiary", "maxspeed": NaN, "length": 20.813, "bridge": NaN, "tunnel": NaN, "access": NaN, "junction": NaN, "width": NaN, "est_width": NaN, "iri": 5.75}}, {"type": "Feature", "geometry": {"type": "LineString", "coordinates": [[-89.6515519, 14.4988658], [-89.6508961, 14.498358]]}, "properties": {"osmid": "189370505", "oneway": "False", "lanes": NaN, "ref": NaN, "name": NaN, "highway": "tertiary", "maxspeed": NaN, "length": 90.402, "bridge": NaN, "tunnel": NaN, "access": NaN, "junction": NaN, "width": NaN, "est_width": NaN, "iri": 5.75}}, {"type": "Feature", "geometry": {"type": "LineString", "coordinates": [[-89.6508961, 14.498358], [-89.6504809, 14.4980189]]}, "properties": {"osmid": "189370505", "oneway": "False", "lanes": NaN, "ref": NaN, "name": NaN, "highway": "tertiary", "maxspeed": NaN, "length": 58.478, "bridge": NaN, "tunnel": NaN, "access": NaN, "junction": NaN, "width": NaN, "est_width": NaN, "iri": 5.75}}, {"type": "Feature", "geometry": {"type": "LineString", "coordinates": [[-89.6504809, 14.4980189], [-89.650271, 14.4978319]]}, "properties": {"osmid": "189370505", "oneway": "False", "lanes": NaN, "ref": NaN, "name": NaN, "highway": "tertiary", "maxspeed": NaN, "length": 30.708, "bridge": NaN, "tunnel": NaN, "access": NaN, "junction": NaN, "width": NaN, "est_width": NaN, "iri": 5.75}}, {"type": "Feature", "geometry": {"type": "LineString", "coordinates": [[-89.650271, 14.4978319], [-89.6501398, 14.497691]]}, "properties": {"osmid": "189370505", "oneway": "False", "lanes": NaN, "ref": NaN, "name": NaN, "highway": "tertiary", "maxspeed": NaN, "length": 21.094, "bridge": NaN, "tunnel": NaN, "access": NaN, "junction": NaN, "width": NaN, "est_width": NaN, "iri": 5.75}}]}