{"type": "FeatureCollection", "features": [{"type": "Feature", "geometry": {"type": "LineString", "coordinates": [[-89.6193367, 14.6198461], [-89.6192588, 14.6194254]]}, "properties": {"osmid": "556061550", "oneway": "True", "lanes": NaN, "ref": NaN, "name": "1\u00aa. AVENIDA ZONA 1", "highway": "secondary", "maxspeed": NaN, "length": 47.525, "bridge": NaN, "tunnel": NaN, "access": NaN, "junction": NaN, "width": NaN, "est_width": NaN, "iri": 14.4099998474121}}, {"type": "Feature", "geometry": {"type": "LineString", "coordinates": [[-89.6192588, 14.6194254], [-89.6191987, 14.6190417]]}, "properties": {"osmid": "870577302", "oneway": "True", "lanes": NaN, "ref": NaN, "name": "1\u00aa Avenida Zona 1", "highway": "tertiary", "maxspeed": NaN, "length": 43.153, "bridge": NaN, "tunnel": NaN, "access": NaN, "junction": NaN, "width": NaN, "est_width": NaN, "iri": 14.4099998474121}}, {"type": "Feature", "geometry": {"type": "LineString", "coordinates": [[-89.6191987, 14.6190417], [-89.6190516, 14.6189981]]}, "properties": {"osmid": "326272365", "oneway": "False", "lanes": NaN, "ref": NaN, "name": "2\u00aa Calle Zona 2", "highway": "tertiary", "maxspeed": NaN, "length": 16.553, "bridge": NaN, "tunnel": NaN, "access": NaN, "junction": NaN, "width": NaN, "est_width": NaN, "iri": 14.4099998474121}}, {"type": "Feature", "geometry": {"type": "LineString", "coordinates": [[-89.6190516, 14.6189981], [-89.6188231, 14.6179005]]}, "properties": {"osmid": "326272759", "oneway": "False", "lanes": NaN, "ref": NaN, "name": "1\u00aa Avenida Zona 1", "highway": "tertiary", "maxspeed": NaN, "length": 124.499, "bridge": NaN, "tunnel": NaN, "access": NaN, "junction": NaN, "width": NaN, "est_width": NaN, "iri": 14.4099998474121}}, {"type": "Feature", "geometry": {"type": "LineString", "coordinates": [[-89.6188231, 14.6179005], [-89.618673, 14.6174845]]}, "properties": {"osmid": "326272759", "oneway": "False", "lanes": NaN, "ref": NaN, "name": "1\u00aa Avenida Zona 1", "highway": "tertiary", "maxspeed": NaN, "length": 48.995, "bridge": NaN, "tunnel": NaN, "access": NaN, "junction": NaN, "width": NaN, "est_width": NaN, "iri": 14.4099998474121}}, {"type": "Feature", "geometry": {"type": "LineString", "coordinates": [[-89.618673, 14.6174845], [-89.6181715, 14.6163243]]}, "properties": {"osmid": "326272759", "oneway": "False", "lanes": NaN, "ref": NaN, "name": "1\u00aa Avenida Zona 1", "highway": "tertiary", "maxspeed": NaN, "length": 139.839, "bridge": NaN, "tunnel": NaN, "access": NaN, "junction": NaN, "width": NaN, "est_width": NaN, "iri": 14.4099998474121}}, {"type": "Feature", "geometry": {"type": "LineString", "coordinates": [[-89.6181715, 14.6163243], [-89.6177262, 14.6152992]]}, "properties": {"osmid": "326272759", "oneway": "False", "lanes": NaN, "ref": NaN, "name": "1\u00aa Avenida Zona 1", "highway": "tertiary", "maxspeed": NaN, "length": 123.647, "bridge": NaN, "tunnel": NaN, "access": NaN, "junction": NaN, "width": NaN, "est_width": NaN, "iri": 14.4099998474121}}, {"type": "Feature", "geometry": {"type": "LineString", "coordinates": [[-89.6177262, 14.6152992], [-89.6172783, 14.6143285]]}, "properties": {"osmid": "326272759", "oneway": "False", "lanes": NaN, "ref": NaN, "name": "1\u00aa Avenida Zona 1", "highway": "tertiary", "maxspeed": NaN, "length": 118.207, "bridge": NaN, "tunnel": NaN, "access": NaN, "junction": NaN, "width": NaN, "est_width": NaN, "iri": 14.4099998474121}}, {"type": "Feature", "geometry": {"type": "LineString", "coordinates": [[-89.6172783, 14.6143285], [-89.6171576, 14.6137159]]}, "properties": {"osmid": "326272759", "oneway": "False", "lanes": NaN, "ref": NaN, "name": "1\u00aa Avenida Zona 1", "highway": "tertiary", "maxspeed": NaN, "length": 69.345, "bridge": NaN, "tunnel": NaN, "access": NaN, "junction": NaN, "width": NaN, "est_width": NaN, "iri": 14.4099998474121}}, {"type": "Feature", "geometry": {"type": "LineString", "coordinates": [[-89.6171576, 14.6137159], [-89.6171388, 14.6134486]]}, "properties": {"osmid": "326272759", "oneway": "False", "lanes": NaN, "ref": NaN, "name": "1\u00aa Avenida Zona 1", "highway": "tertiary", "maxspeed": NaN, "length": 29.791, "bridge": NaN, "tunnel": NaN, "access": NaN, "junction": NaN, "width": NaN, "est_width": NaN, "iri": 14.4099998474121}}, {"type": "Feature", "geometry": {"type": "LineString", "coordinates": [[-89.6171388, 14.6134486], [-89.6171629, 14.6132929]]}, "properties": {"osmid": "326272759", "oneway": "False", "lanes": NaN, "ref": NaN, "name": "1\u00aa Avenida Zona 1", "highway": "tertiary", "maxspeed": NaN, "length": 17.506, "bridge": NaN, "tunnel": NaN, "access": NaN, "junction": NaN, "width": NaN, "est_width": NaN, "iri": 14.4099998474121}}, {"type": "Feature", "geometry": {"type": "LineString", "coordinates": [[-89.6171629, 14.6132929], [-89.6169575, 14.6126145]]}, "properties": {"osmid": "326272759", "oneway": "False", "lanes": NaN, "ref": NaN, "name": "1\u00aa Avenida Zona 1", "highway": "tertiary", "maxspeed": NaN, "length": 78.606, "bridge": NaN, "tunnel": NaN, "access": NaN, "junction": NaN, "width": NaN, "est_width": NaN, "iri": 14.4099998474121}}, {"type": "Feature", "geometry": {"type": "LineString", "coordinates": [[-89.6169575, 14.6126145], [-89.6162514, 14.61081]]}, "properties": {"osmid": "496818761", "oneway": "False", "lanes": NaN, "ref": "3", "name": NaN, "highway": "tertiary", "maxspeed": NaN, "length": 214.554, "bridge": NaN, "tunnel": NaN, "access": NaN, "junction": NaN, "width": NaN, "est_width": NaN, "iri": 14.4099998474121}}, {"type": "Feature", "geometry": {"type": "LineString", "coordinates": [[-89.6162514, 14.61081], [-89.6161782, 14.6105503]]}, "properties": {"osmid": "496818761", "oneway": "False", "lanes": NaN, "ref": "3", "name": NaN, "highway": "tertiary", "maxspeed": NaN, "length": 29.932, "bridge": NaN, "tunnel": NaN, "access": NaN, "junction": NaN, "width": NaN, "est_width": NaN, "iri": 14.4099998474121}}, {"type": "Feature", "geometry": {"type": "LineString", "coordinates": [[-89.6161782, 14.6105503], [-89.6160806, 14.6099523]]}, "properties": {"osmid": "496818761", "oneway": "False", "lanes": NaN, "ref": "3", "name": NaN, "highway": "tertiary", "maxspeed": NaN, "length": 67.319, "bridge": NaN, "tunnel": NaN, "access": NaN, "junction": NaN, "width": NaN, "est_width": NaN, "iri": 14.4099998474121}}, {"type": "Feature", "geometry": {"type": "LineString", "coordinates": [[-89.6160806, 14.6099523], [-89.6160644, 14.6095196]]}, "properties": {"osmid": "496818761", "oneway": "False", "lanes": NaN, "ref": "3", "name": NaN, "highway": "tertiary", "maxspeed": NaN, "length": 48.146, "bridge": NaN, "tunnel": NaN, "access": NaN, "junction": NaN, "width": NaN, "est_width": NaN, "iri": 14.4099998474121}}, {"type": "Feature", "geometry": {"type": "LineString", "coordinates": [[-89.6160644, 14.6095196], [-89.6161457, 14.6082686]]}, "properties": {"osmid": "496818761", "oneway": "False", "lanes": NaN, "ref": "3", "name": NaN, "highway": "tertiary", "maxspeed": NaN, "length": 139.38, "bridge": NaN, "tunnel": NaN, "access": NaN, "junction": NaN, "width": NaN, "est_width": NaN, "iri": 14.4099998474121}}, {"type": "Feature", "geometry": {"type": "LineString", "coordinates": [[-89.6161457, 14.6082686], [-89.6161213, 14.6081034]]}, "properties": {"osmid": "496818761", "oneway": "False", "lanes": NaN, "ref": "3", "name": NaN, "highway": "tertiary", "maxspeed": NaN, "length": 18.556, "bridge": NaN, "tunnel": NaN, "access": NaN, "junction": NaN, "width": NaN, "est_width": NaN, "iri": 14.4099998474121}}, {"type": "Feature", "geometry": {"type": "LineString", "coordinates": [[-89.6161213, 14.6081034], [-89.6159749, 14.607828]]}, "properties": {"osmid": "496818761", "oneway": "False", "lanes": NaN, "ref": "3", "name": NaN, "highway": "tertiary", "maxspeed": NaN, "length": 34.437, "bridge": NaN, "tunnel": NaN, "access": NaN, "junction": NaN, "width": NaN, "est_width": NaN, "iri": 14.4099998474121}}, {"type": "Feature", "geometry": {"type": "LineString", "coordinates": [[-89.6159749, 14.607828], [-89.6157635, 14.6074582]]}, "properties": {"osmid": "496818761", "oneway": "False", "lanes": NaN, "ref": "3", "name": NaN, "highway": "tertiary", "maxspeed": NaN, "length": 46.992, "bridge": NaN, "tunnel": NaN, "access": NaN, "junction": NaN, "width": NaN, "est_width": NaN, "iri": 14.4099998474121}}, {"type": "Feature", "geometry": {"type": "LineString", "coordinates": [[-89.6157635, 14.6074582], [-89.6155765, 14.6070018]]}, "properties": {"osmid": "496818761", "oneway": "False", "lanes": NaN, "ref": "3", "name": NaN, "highway": "tertiary", "maxspeed": NaN, "length": 54.593, "bridge": NaN, "tunnel": NaN, "access": NaN, "junction": NaN, "width": NaN, "est_width": NaN, "iri": 14.4099998474121}}, {"type": "Feature", "geometry": {"type": "LineString", "coordinates": [[-89.6155765, 14.6070018], [-89.6154383, 14.6067107]]}, "properties": {"osmid": "496818761", "oneway": "False", "lanes": NaN, "ref": "3", "name": NaN, "highway": "tertiary", "maxspeed": NaN, "length": 35.621, "bridge": NaN, "tunnel": NaN, "access": NaN, "junction": NaN, "width": NaN, "est_width": NaN, "iri": 14.4099998474121}}, {"type": "Feature", "geometry": {"type": "LineString", "coordinates": [[-89.6154383, 14.6067107], [-89.6148772, 14.6062779]]}, "properties": {"osmid": "496818761", "oneway": "False", "lanes": NaN, "ref": "3", "name": NaN, "highway": "tertiary", "maxspeed": NaN, "length": 77.209, "bridge": NaN, "tunnel": NaN, "access": NaN, "junction": NaN, "width": NaN, "est_width": NaN, "iri": 14.4099998474121}}, {"type": "Feature", "geometry": {"type": "LineString", "coordinates": [[-89.6148772, 14.6062779], [-89.6147471, 14.6061048]]}, "properties": {"osmid": "496818761", "oneway": "False", "lanes": NaN, "ref": "3", "name": NaN, "highway": "tertiary", "maxspeed": NaN, "length": 23.8, "bridge": NaN, "tunnel": NaN, "access": NaN, "junction": NaN, "width": NaN, "est_width": NaN, "iri": 14.4099998474121}}, {"type": "Feature", "geometry": {"type": "LineString", "coordinates": [[-89.6147471, 14.6061048], [-89.614365, 14.6053023]]}, "properties": {"osmid": "496818761", "oneway": "False", "lanes": NaN, "ref": "3", "name": NaN, "highway": "tertiary", "maxspeed": NaN, "length": 98.25, "bridge": NaN, "tunnel": NaN, "access": NaN, "junction": NaN, "width": NaN, "est_width": NaN, "iri": 14.4099998474121}}, {"type": "Feature", "geometry": {"type": "LineString", "coordinates": [[-89.614365, 14.6053023], [-89.6143243, 14.6051213]]}, "properties": {"osmid": "496818761", "oneway": "False", "lanes": NaN, "ref": "3", "name": NaN, "highway": "tertiary", "maxspeed": NaN, "length": 20.597, "bridge": NaN, "tunnel": NaN, "access": NaN, "junction": NaN, "width": NaN, "est_width": NaN, "iri": 14.4099998474121}}, {"type": "Feature", "geometry": {"type": "LineString", "coordinates": [[-89.6143243, 14.6051213], [-89.6142918, 14.6045076]]}, "properties": {"osmid": "496818761", "oneway": "False", "lanes": NaN, "ref": "3", "name": NaN, "highway": "tertiary", "maxspeed": NaN, "length": 68.33, "bridge": NaN, "tunnel": NaN, "access": NaN, "junction": NaN, "width": NaN, "est_width": NaN, "iri": 14.4099998474121}}, {"type": "Feature", "geometry": {"type": "LineString", "coordinates": [[-89.6142918, 14.6045076], [-89.614243, 14.6042086]]}, "properties": {"osmid": "496818761", "oneway": "False", "lanes": NaN, "ref": "3", "name": NaN, "highway": "tertiary", "maxspeed": NaN, "length": 33.659, "bridge": NaN, "tunnel": NaN, "access": NaN, "junction": NaN, "width": NaN, "est_width": NaN, "iri": 14.4099998474121}}, {"type": "Feature", "geometry": {"type": "LineString", "coordinates": [[-89.614243, 14.6042086], [-89.6137714, 14.6030677]]}, "properties": {"osmid": "496818761", "oneway": "False", "lanes": NaN, "ref": "3", "name": NaN, "highway": "tertiary", "maxspeed": NaN, "length": 136.635, "bridge": NaN, "tunnel": NaN, "access": NaN, "junction": NaN, "width": NaN, "est_width": NaN, "iri": 14.4099998474121}}, {"type": "Feature", "geometry": {"type": "LineString", "coordinates": [[-89.6137714, 14.6030677], [-89.61356, 14.6027451]]}, "properties": {"osmid": "496818761", "oneway": "False", "lanes": NaN, "ref": "3", "name": NaN, "highway": "tertiary", "maxspeed": NaN, "length": 42.476, "bridge": NaN, "tunnel": NaN, "access": NaN, "junction": NaN, "width": NaN, "est_width": NaN, "iri": 14.4099998474121}}, {"type": "Feature", "geometry": {"type": "LineString", "coordinates": [[-89.61356, 14.6027451], [-89.6128201, 14.6017616]]}, "properties": {"osmid": "496818761", "oneway": "False", "lanes": NaN, "ref": "3", "name": NaN, "highway": "tertiary", "maxspeed": NaN, "length": 135.271, "bridge": NaN, "tunnel": NaN, "access": NaN, "junction": NaN, "width": NaN, "est_width": NaN, "iri": 14.4099998474121}}, {"type": "Feature", "geometry": {"type": "LineString", "coordinates": [[-89.6128201, 14.6017616], [-89.6124624, 14.6011951]]}, "properties": {"osmid": "496818761", "oneway": "False", "lanes": NaN, "ref": "3", "name": NaN, "highway": "tertiary", "maxspeed": NaN, "length": 73.82, "bridge": NaN, "tunnel": NaN, "access": NaN, "junction": NaN, "width": NaN, "est_width": NaN, "iri": 14.4099998474121}}, {"type": "Feature", "geometry": {"type": "LineString", "coordinates": [[-89.6124624, 14.6011951], [-89.6123729, 14.6009433]]}, "properties": {"osmid": "496818761", "oneway": "False", "lanes": NaN, "ref": "3", "name": NaN, "highway": "tertiary", "maxspeed": NaN, "length": 29.609, "bridge": NaN, "tunnel": NaN, "access": NaN, "junction": NaN, "width": NaN, "est_width": NaN, "iri": 14.4099998474121}}, {"type": "Feature", "geometry": {"type": "LineString", "coordinates": [[-89.6123729, 14.6009433], [-89.6122753, 14.6004318]]}, "properties": {"osmid": "496818761", "oneway": "False", "lanes": NaN, "ref": "3", "name": NaN, "highway": "tertiary", "maxspeed": NaN, "length": 57.838, "bridge": NaN, "tunnel": NaN, "access": NaN, "junction": NaN, "width": NaN, "est_width": NaN, "iri": 14.4099998474121}}, {"type": "Feature", "geometry": {"type": "LineString", "coordinates": [[-89.6122753, 14.6004318], [-89.6119176, 14.5998024]]}, "properties": {"osmid": "496818761", "oneway": "False", "lanes": NaN, "ref": "3", "name": NaN, "highway": "tertiary", "maxspeed": NaN, "length": 79.872, "bridge": NaN, "tunnel": NaN, "access": NaN, "junction": NaN, "width": NaN, "est_width": NaN, "iri": 14.4099998474121}}, {"type": "Feature", "geometry": {"type": "LineString", "coordinates": [[-89.6119176, 14.5998024], [-89.609771, 14.596954]]}, "properties": {"osmid": "496818761", "oneway": "False", "lanes": NaN, "ref": "3", "name": NaN, "highway": "tertiary", "maxspeed": NaN, "length": 392.009, "bridge": NaN, "tunnel": NaN, "access": NaN, "junction": NaN, "width": NaN, "est_width": NaN, "iri": 14.4099998474121}}, {"type": "Feature", "geometry": {"type": "LineString", "coordinates": [[-89.609771, 14.596954], [-89.6089417, 14.5963324]]}, "properties": {"osmid": "496818761", "oneway": "False", "lanes": NaN, "ref": "3", "name": NaN, "highway": "tertiary", "maxspeed": NaN, "length": 112.875, "bridge": NaN, "tunnel": NaN, "access": NaN, "junction": NaN, "width": NaN, "est_width": NaN, "iri": 14.4099998474121}}, {"type": "Feature", "geometry": {"type": "LineString", "coordinates": [[-89.6089417, 14.5963324], [-89.6084213, 14.5956321]]}, "properties": {"osmid": "496818761", "oneway": "False", "lanes": NaN, "ref": "3", "name": NaN, "highway": "tertiary", "maxspeed": NaN, "length": 95.914, "bridge": NaN, "tunnel": NaN, "access": NaN, "junction": NaN, "width": NaN, "est_width": NaN, "iri": 14.4099998474121}}, {"type": "Feature", "geometry": {"type": "LineString", "coordinates": [[-89.6084213, 14.5956321], [-89.608153, 14.5951678]]}, "properties": {"osmid": "496818761", "oneway": "False", "lanes": NaN, "ref": "3", "name": NaN, "highway": "tertiary", "maxspeed": NaN, "length": 59.152, "bridge": NaN, "tunnel": NaN, "access": NaN, "junction": NaN, "width": NaN, "est_width": NaN, "iri": 14.4099998474121}}, {"type": "Feature", "geometry": {"type": "LineString", "coordinates": [[-89.608153, 14.5951678], [-89.6076814, 14.5947508]]}, "properties": {"osmid": "496818761", "oneway": "False", "lanes": NaN, "ref": "3", "name": NaN, "highway": "tertiary", "maxspeed": NaN, "length": 68.741, "bridge": NaN, "tunnel": NaN, "access": NaN, "junction": NaN, "width": NaN, "est_width": NaN, "iri": 14.4099998474121}}, {"type": "Feature", "geometry": {"type": "LineString", "coordinates": [[-89.6076814, 14.5947508], [-89.6064292, 14.594082]]}, "properties": {"osmid": "496818761", "oneway": "False", "lanes": NaN, "ref": "3", "name": NaN, "highway": "tertiary", "maxspeed": NaN, "length": 153.906, "bridge": NaN, "tunnel": NaN, "access": NaN, "junction": NaN, "width": NaN, "est_width": NaN, "iri": 14.4099998474121}}, {"type": "Feature", "geometry": {"type": "LineString", "coordinates": [[-89.6064292, 14.594082], [-89.6051526, 14.5929725]]}, "properties": {"osmid": "496818761", "oneway": "False", "lanes": NaN, "ref": "3", "name": NaN, "highway": "tertiary", "maxspeed": NaN, "length": 184.639, "bridge": NaN, "tunnel": NaN, "access": NaN, "junction": NaN, "width": NaN, "est_width": NaN, "iri": 14.4099998474121}}, {"type": "Feature", "geometry": {"type": "LineString", "coordinates": [[-89.6051526, 14.5929725], [-89.6034777, 14.5910132]]}, "properties": {"osmid": "496818761", "oneway": "False", "lanes": NaN, "ref": "3", "name": NaN, "highway": "tertiary", "maxspeed": NaN, "length": 282.753, "bridge": NaN, "tunnel": NaN, "access": NaN, "junction": NaN, "width": NaN, "est_width": NaN, "iri": 14.4099998474121}}, {"type": "Feature", "geometry": {"type": "LineString", "coordinates": [[-89.6034777, 14.5910132], [-89.6031199, 14.5901004]]}, "properties": {"osmid": "496818761", "oneway": "False", "lanes": NaN, "ref": "3", "name": NaN, "highway": "tertiary", "maxspeed": NaN, "length": 108.556, "bridge": NaN, "tunnel": NaN, "access": NaN, "junction": NaN, "width": NaN, "est_width": NaN, "iri": 14.4099998474121}}, {"type": "Feature", "geometry": {"type": "LineString", "coordinates": [[-89.6031199, 14.5901004], [-89.6029979, 14.5899745]]}, "properties": {"osmid": "496818761", "oneway": "False", "lanes": NaN, "ref": "3", "name": NaN, "highway": "tertiary", "maxspeed": NaN, "length": 19.192, "bridge": NaN, "tunnel": NaN, "access": NaN, "junction": NaN, "width": NaN, "est_width": NaN, "iri": 14.4099998474121}}, {"type": "Feature", "geometry": {"type": "LineString", "coordinates": [[-89.6029979, 14.5899745], [-89.6028272, 14.5899509]]}, "properties": {"osmid": "496818761", "oneway": "False", "lanes": NaN, "ref": "3", "name": NaN, "highway": "tertiary", "maxspeed": NaN, "length": 18.555, "bridge": NaN, "tunnel": NaN, "access": NaN, "junction": NaN, "width": NaN, "est_width": NaN, "iri": 14.4099998474121}}, {"type": "Feature", "geometry": {"type": "LineString", "coordinates": [[-89.6028272, 14.5899509], [-89.6023475, 14.5900217]]}, "properties": {"osmid": "496818761", "oneway": "False", "lanes": NaN, "ref": "3", "name": NaN, "highway": "tertiary", "maxspeed": NaN, "length": 52.217, "bridge": NaN, "tunnel": NaN, "access": NaN, "junction": NaN, "width": NaN, "est_width": NaN, "iri": 14.4099998474121}}, {"type": "Feature", "geometry": {"type": "LineString", "coordinates": [[-89.6023475, 14.5900217], [-89.6021686, 14.5900139]]}, "properties": {"osmid": "496818761", "oneway": "False", "lanes": NaN, "ref": "3", "name": NaN, "highway": "tertiary", "maxspeed": NaN, "length": 19.271, "bridge": NaN, "tunnel": NaN, "access": NaN, "junction": NaN, "width": NaN, "est_width": NaN, "iri": 14.4099998474121}}, {"type": "Feature", "geometry": {"type": "LineString", "coordinates": [[-89.6021686, 14.5900139], [-89.6019978, 14.5899667]]}, "properties": {"osmid": "496818761", "oneway": "False", "lanes": NaN, "ref": "3", "name": NaN, "highway": "tertiary", "maxspeed": NaN, "length": 19.114, "bridge": NaN, "tunnel": NaN, "access": NaN, "junction": NaN, "width": NaN, "est_width": NaN, "iri": 14.4099998474121}}, {"type": "Feature", "geometry": {"type": "LineString", "coordinates": [[-89.6019978, 14.5899667], [-89.6017458, 14.5897935]]}, "properties": {"osmid": "496818761", "oneway": "False", "lanes": NaN, "ref": "3", "name": NaN, "highway": "tertiary", "maxspeed": NaN, "length": 33.261, "bridge": NaN, "tunnel": NaN, "access": NaN, "junction": NaN, "width": NaN, "est_width": NaN, "iri": 14.4099998474121}}, {"type": "Feature", "geometry": {"type": "LineString", "coordinates": [[-89.6017458, 14.5897935], [-89.6015425, 14.5895181]]}, "properties": {"osmid": "496818761", "oneway": "False", "lanes": NaN, "ref": "3", "name": NaN, "highway": "tertiary", "maxspeed": NaN, "length": 37.635, "bridge": NaN, "tunnel": NaN, "access": NaN, "junction": NaN, "width": NaN, "est_width": NaN, "iri": 14.4099998474121}}, {"type": "Feature", "geometry": {"type": "LineString", "coordinates": [[-89.6015425, 14.5895181], [-89.6011685, 14.5889752]]}, "properties": {"osmid": "496818761", "oneway": "False", "lanes": NaN, "ref": "3", "name": NaN, "highway": "tertiary", "maxspeed": NaN, "length": 72.554, "bridge": NaN, "tunnel": NaN, "access": NaN, "junction": NaN, "width": NaN, "est_width": NaN, "iri": 14.4099998474121}}, {"type": "Feature", "geometry": {"type": "LineString", "coordinates": [[-89.6011685, 14.5889752], [-89.6007294, 14.5886368]]}, "properties": {"osmid": "496818761", "oneway": "False", "lanes": NaN, "ref": "3", "name": NaN, "highway": "tertiary", "maxspeed": NaN, "length": 60.404, "bridge": NaN, "tunnel": NaN, "access": NaN, "junction": NaN, "width": NaN, "est_width": NaN, "iri": 14.4099998474121}}, {"type": "Feature", "geometry": {"type": "LineString", "coordinates": [[-89.6007294, 14.5886368], [-89.6004367, 14.5884401]]}, "properties": {"osmid": "496818761", "oneway": "False", "lanes": NaN, "ref": "3", "name": NaN, "highway": "tertiary", "maxspeed": NaN, "length": 38.347, "bridge": NaN, "tunnel": NaN, "access": NaN, "junction": NaN, "width": NaN, "est_width": NaN, "iri": 14.4099998474121}}, {"type": "Feature", "geometry": {"type": "LineString", "coordinates": [[-89.6004367, 14.5884401], [-89.5996968, 14.5878263]]}, "properties": {"osmid": "496818761", "oneway": "False", "lanes": NaN, "ref": "3", "name": NaN, "highway": "tertiary", "maxspeed": NaN, "length": 104.87, "bridge": NaN, "tunnel": NaN, "access": NaN, "junction": NaN, "width": NaN, "est_width": NaN, "iri": 14.4099998474121}}, {"type": "Feature", "geometry": {"type": "LineString", "coordinates": [[-89.5996968, 14.5878263], [-89.5986398, 14.5871732]]}, "properties": {"osmid": "496818761", "oneway": "False", "lanes": NaN, "ref": "3", "name": NaN, "highway": "tertiary", "maxspeed": NaN, "length": 134.951, "bridge": NaN, "tunnel": NaN, "access": NaN, "junction": NaN, "width": NaN, "est_width": NaN, "iri": 14.4099998474121}}, {"type": "Feature", "geometry": {"type": "LineString", "coordinates": [[-89.5986398, 14.5871732], [-89.598469, 14.5869844]]}, "properties": {"osmid": "496818761", "oneway": "False", "lanes": NaN, "ref": "3", "name": NaN, "highway": "tertiary", "maxspeed": NaN, "length": 27.903, "bridge": NaN, "tunnel": NaN, "access": NaN, "junction": NaN, "width": NaN, "est_width": NaN, "iri": 14.4099998474121}}, {"type": "Feature", "geometry": {"type": "LineString", "coordinates": [[-89.598469, 14.5869844], [-89.598347, 14.586764]]}, "properties": {"osmid": "496818761", "oneway": "False", "lanes": NaN, "ref": "3", "name": NaN, "highway": "tertiary", "maxspeed": NaN, "length": 27.802, "bridge": NaN, "tunnel": NaN, "access": NaN, "junction": NaN, "width": NaN, "est_width": NaN, "iri": 14.4099998474121}}, {"type": "Feature", "geometry": {"type": "LineString", "coordinates": [[-89.598347, 14.586764], [-89.5983145, 14.5864336]]}, "properties": {"osmid": "496818761", "oneway": "False", "lanes": NaN, "ref": "3", "name": NaN, "highway": "tertiary", "maxspeed": NaN, "length": 36.905, "bridge": NaN, "tunnel": NaN, "access": NaN, "junction": NaN, "width": NaN, "est_width": NaN, "iri": 14.4099998474121}}, {"type": "Feature", "geometry": {"type": "LineString", "coordinates": [[-89.5983145, 14.5864336], [-89.5982007, 14.5859378]]}, "properties": {"osmid": "496818761", "oneway": "False", "lanes": NaN, "ref": "3", "name": NaN, "highway": "tertiary", "maxspeed": NaN, "length": 56.474, "bridge": NaN, "tunnel": NaN, "access": NaN, "junction": NaN, "width": NaN, "est_width": NaN, "iri": 14.4099998474121}}, {"type": "Feature", "geometry": {"type": "LineString", "coordinates": [[-89.5982007, 14.5859378], [-89.5977291, 14.5849463]]}, "properties": {"osmid": "496818761", "oneway": "False", "lanes": NaN, "ref": "3", "name": NaN, "highway": "tertiary", "maxspeed": NaN, "length": 121.37, "bridge": NaN, "tunnel": NaN, "access": NaN, "junction": NaN, "width": NaN, "est_width": NaN, "iri": 14.4099998474121}}, {"type": "Feature", "geometry": {"type": "LineString", "coordinates": [[-89.5977291, 14.5849463], [-89.5970542, 14.583585]]}, "properties": {"osmid": "496818761", "oneway": "False", "lanes": NaN, "ref": "3", "name": NaN, "highway": "tertiary", "maxspeed": NaN, "length": 167.892, "bridge": NaN, "tunnel": NaN, "access": NaN, "junction": NaN, "width": NaN, "est_width": NaN, "iri": 14.4099998474121}}, {"type": "Feature", "geometry": {"type": "LineString", "coordinates": [[-89.5970542, 14.583585], [-89.5961598, 14.5821607]]}, "properties": {"osmid": "496818761", "oneway": "False", "lanes": NaN, "ref": "3", "name": NaN, "highway": "tertiary", "maxspeed": NaN, "length": 185.328, "bridge": NaN, "tunnel": NaN, "access": NaN, "junction": NaN, "width": NaN, "est_width": NaN, "iri": 14.4099998474121}}, {"type": "Feature", "geometry": {"type": "LineString", "coordinates": [[-89.5961598, 14.5821607], [-89.5957126, 14.5815627]]}, "properties": {"osmid": "496818761", "oneway": "False", "lanes": NaN, "ref": "3", "name": NaN, "highway": "tertiary", "maxspeed": NaN, "length": 82.082, "bridge": NaN, "tunnel": NaN, "access": NaN, "junction": NaN, "width": NaN, "est_width": NaN, "iri": 14.4099998474121}}, {"type": "Feature", "geometry": {"type": "LineString", "coordinates": [[-89.5957126, 14.5815627], [-89.5955663, 14.5812243]]}, "properties": {"osmid": "496818761", "oneway": "False", "lanes": NaN, "ref": "3", "name": NaN, "highway": "tertiary", "maxspeed": NaN, "length": 40.789, "bridge": NaN, "tunnel": NaN, "access": NaN, "junction": NaN, "width": NaN, "est_width": NaN, "iri": 14.4099998474121}}, {"type": "Feature", "geometry": {"type": "LineString", "coordinates": [[-89.5955663, 14.5812243], [-89.5954362, 14.5808859]]}, "properties": {"osmid": "496818761", "oneway": "False", "lanes": NaN, "ref": "3", "name": NaN, "highway": "tertiary", "maxspeed": NaN, "length": 40.149, "bridge": NaN, "tunnel": NaN, "access": NaN, "junction": NaN, "width": NaN, "est_width": NaN, "iri": 14.4099998474121}}, {"type": "Feature", "geometry": {"type": "LineString", "coordinates": [[-89.5954362, 14.5808859], [-89.5950215, 14.5803744]]}, "properties": {"osmid": "496818761", "oneway": "False", "lanes": NaN, "ref": "3", "name": NaN, "highway": "tertiary", "maxspeed": NaN, "length": 72.295, "bridge": NaN, "tunnel": NaN, "access": NaN, "junction": NaN, "width": NaN, "est_width": NaN, "iri": 14.4099998474121}}, {"type": "Feature", "geometry": {"type": "LineString", "coordinates": [[-89.5950215, 14.5803744], [-89.5947613, 14.5802564]]}, "properties": {"osmid": "496818761", "oneway": "False", "lanes": NaN, "ref": "3", "name": NaN, "highway": "tertiary", "maxspeed": NaN, "length": 30.923, "bridge": NaN, "tunnel": NaN, "access": NaN, "junction": NaN, "width": NaN, "est_width": NaN, "iri": 14.4099998474121}}, {"type": "Feature", "geometry": {"type": "LineString", "coordinates": [[-89.5947613, 14.5802564], [-89.5945174, 14.5802643]]}, "properties": {"osmid": "496818761", "oneway": "False", "lanes": NaN, "ref": "3", "name": NaN, "highway": "tertiary", "maxspeed": NaN, "length": 26.262, "bridge": NaN, "tunnel": NaN, "access": NaN, "junction": NaN, "width": NaN, "est_width": NaN, "iri": 14.4099998474121}}, {"type": "Feature", "geometry": {"type": "LineString", "coordinates": [[-89.5945174, 14.5802643], [-89.5941921, 14.5804374]]}, "properties": {"osmid": "496818761", "oneway": "False", "lanes": NaN, "ref": "3", "name": NaN, "highway": "tertiary", "maxspeed": NaN, "length": 39.949, "bridge": NaN, "tunnel": NaN, "access": NaN, "junction": NaN, "width": NaN, "est_width": NaN, "iri": 14.4099998474121}}, {"type": "Feature", "geometry": {"type": "LineString", "coordinates": [[-89.5941921, 14.5804374], [-89.5939238, 14.5807128]]}, "properties": {"osmid": "496818761", "oneway": "False", "lanes": NaN, "ref": "3", "name": NaN, "highway": "tertiary", "maxspeed": NaN, "length": 42.088, "bridge": NaN, "tunnel": NaN, "access": NaN, "junction": NaN, "width": NaN, "est_width": NaN, "iri": 14.4099998474121}}, {"type": "Feature", "geometry": {"type": "LineString", "coordinates": [[-89.5939238, 14.5807128], [-89.5937124, 14.581004]]}, "properties": {"osmid": "496818761", "oneway": "False", "lanes": NaN, "ref": "3", "name": NaN, "highway": "tertiary", "maxspeed": NaN, "length": 39.573, "bridge": NaN, "tunnel": NaN, "access": NaN, "junction": NaN, "width": NaN, "est_width": NaN, "iri": 14.4099998474121}}, {"type": "Feature", "geometry": {"type": "LineString", "coordinates": [[-89.5937124, 14.581004], [-89.5936148, 14.5810827]]}, "properties": {"osmid": "496818761", "oneway": "False", "lanes": NaN, "ref": "3", "name": NaN, "highway": "tertiary", "maxspeed": NaN, "length": 13.671, "bridge": NaN, "tunnel": NaN, "access": NaN, "junction": NaN, "width": NaN, "est_width": NaN, "iri": 14.4099998474121}}, {"type": "Feature", "geometry": {"type": "LineString", "coordinates": [[-89.5936148, 14.5810827], [-89.593249, 14.5811692]]}, "properties": {"osmid": "496818761", "oneway": "False", "lanes": NaN, "ref": "3", "name": NaN, "highway": "tertiary", "maxspeed": NaN, "length": 40.523, "bridge": NaN, "tunnel": NaN, "access": NaN, "junction": NaN, "width": NaN, "est_width": NaN, "iri": 14.4099998474121}}, {"type": "Feature", "geometry": {"type": "LineString", "coordinates": [[-89.593249, 14.5811692], [-89.593005, 14.5811692]]}, "properties": {"osmid": "496818761", "oneway": "False", "lanes": NaN, "ref": "3", "name": NaN, "highway": "tertiary", "maxspeed": NaN, "length": 26.258, "bridge": NaN, "tunnel": NaN, "access": NaN, "junction": NaN, "width": NaN, "est_width": NaN, "iri": 14.4099998474121}}, {"type": "Feature", "geometry": {"type": "LineString", "coordinates": [[-89.593005, 14.5811692], [-89.5928668, 14.5810905]]}, "properties": {"osmid": "496818761", "oneway": "False", "lanes": NaN, "ref": "3", "name": NaN, "highway": "tertiary", "maxspeed": NaN, "length": 17.256, "bridge": NaN, "tunnel": NaN, "access": NaN, "junction": NaN, "width": NaN, "est_width": NaN, "iri": 14.4099998474121}}, {"type": "Feature", "geometry": {"type": "LineString", "coordinates": [[-89.5928668, 14.5810905], [-89.5927123, 14.5807522]]}, "properties": {"osmid": "496818761", "oneway": "False", "lanes": NaN, "ref": "3", "name": NaN, "highway": "tertiary", "maxspeed": NaN, "length": 41.128, "bridge": NaN, "tunnel": NaN, "access": NaN, "junction": NaN, "width": NaN, "est_width": NaN, "iri": 14.4099998474121}}, {"type": "Feature", "geometry": {"type": "LineString", "coordinates": [[-89.5927123, 14.5807522], [-89.5922407, 14.5795403]]}, "properties": {"osmid": "496818761", "oneway": "False", "lanes": NaN, "ref": "3", "name": NaN, "highway": "tertiary", "maxspeed": NaN, "length": 143.997, "bridge": NaN, "tunnel": NaN, "access": NaN, "junction": NaN, "width": NaN, "est_width": NaN, "iri": 14.4099998474121}}, {"type": "Feature", "geometry": {"type": "LineString", "coordinates": [[-89.5922407, 14.5795403], [-89.5921513, 14.5790682]]}, "properties": {"osmid": "496818761", "oneway": "False", "lanes": NaN, "ref": "3", "name": NaN, "highway": "tertiary", "maxspeed": NaN, "length": 53.37, "bridge": NaN, "tunnel": NaN, "access": NaN, "junction": NaN, "width": NaN, "est_width": NaN, "iri": 14.4099998474121}}, {"type": "Feature", "geometry": {"type": "LineString", "coordinates": [[-89.5921513, 14.5790682], [-89.5919887, 14.5781003]]}, "properties": {"osmid": "496818761", "oneway": "False", "lanes": NaN, "ref": "3", "name": NaN, "highway": "tertiary", "maxspeed": NaN, "length": 109.039, "bridge": NaN, "tunnel": NaN, "access": NaN, "junction": NaN, "width": NaN, "est_width": NaN, "iri": 14.4099998474121}}, {"type": "Feature", "geometry": {"type": "LineString", "coordinates": [[-89.5919887, 14.5781003], [-89.5919317, 14.5776911]]}, "properties": {"osmid": "496818761", "oneway": "False", "lanes": NaN, "ref": "3", "name": NaN, "highway": "tertiary", "maxspeed": NaN, "length": 45.913, "bridge": NaN, "tunnel": NaN, "access": NaN, "junction": NaN, "width": NaN, "est_width": NaN, "iri": 14.4099998474121}}, {"type": "Feature", "geometry": {"type": "LineString", "coordinates": [[-89.5919317, 14.5776911], [-89.5919724, 14.5772819]]}, "properties": {"osmid": "496818761", "oneway": "False", "lanes": NaN, "ref": "3", "name": NaN, "highway": "tertiary", "maxspeed": NaN, "length": 45.711, "bridge": NaN, "tunnel": NaN, "access": NaN, "junction": NaN, "width": NaN, "est_width": NaN, "iri": 14.4099998474121}}, {"type": "Feature", "geometry": {"type": "LineString", "coordinates": [[-89.5919724, 14.5772819], [-89.5919236, 14.5769435]]}, "properties": {"osmid": "496818761", "oneway": "False", "lanes": NaN, "ref": "3", "name": NaN, "highway": "tertiary", "maxspeed": NaN, "length": 37.993, "bridge": NaN, "tunnel": NaN, "access": NaN, "junction": NaN, "width": NaN, "est_width": NaN, "iri": 14.4099998474121}}, {"type": "Feature", "geometry": {"type": "LineString", "coordinates": [[-89.5919236, 14.5769435], [-89.5918342, 14.5767468]]}, "properties": {"osmid": "496818761", "oneway": "False", "lanes": NaN, "ref": "3", "name": NaN, "highway": "tertiary", "maxspeed": NaN, "length": 23.895, "bridge": NaN, "tunnel": NaN, "access": NaN, "junction": NaN, "width": NaN, "est_width": NaN, "iri": 14.4099998474121}}, {"type": "Feature", "geometry": {"type": "LineString", "coordinates": [[-89.5918342, 14.5767468], [-89.5911674, 14.5756529]]}, "properties": {"osmid": "496818761", "oneway": "False", "lanes": NaN, "ref": "3", "name": NaN, "highway": "tertiary", "maxspeed": NaN, "length": 141.226, "bridge": NaN, "tunnel": NaN, "access": NaN, "junction": NaN, "width": NaN, "est_width": NaN, "iri": 14.4099998474121}}, {"type": "Feature", "geometry": {"type": "LineString", "coordinates": [[-89.5911674, 14.5756529], [-89.591078, 14.5754011]]}, "properties": {"osmid": "496818761", "oneway": "False", "lanes": NaN, "ref": "3", "name": NaN, "highway": "tertiary", "maxspeed": NaN, "length": 29.606, "bridge": NaN, "tunnel": NaN, "access": NaN, "junction": NaN, "width": NaN, "est_width": NaN, "iri": 14.4099998474121}}, {"type": "Feature", "geometry": {"type": "LineString", "coordinates": [[-89.591078, 14.5754011], [-89.5910292, 14.5751414]]}, "properties": {"osmid": "496818761", "oneway": "False", "lanes": NaN, "ref": "3", "name": NaN, "highway": "tertiary", "maxspeed": NaN, "length": 29.351, "bridge": NaN, "tunnel": NaN, "access": NaN, "junction": NaN, "width": NaN, "est_width": NaN, "iri": 14.4099998474121}}, {"type": "Feature", "geometry": {"type": "LineString", "coordinates": [[-89.5910292, 14.5751414], [-89.5909154, 14.5748975]]}, "properties": {"osmid": "496818761", "oneway": "False", "lanes": NaN, "ref": "3", "name": NaN, "highway": "tertiary", "maxspeed": NaN, "length": 29.757, "bridge": NaN, "tunnel": NaN, "access": NaN, "junction": NaN, "width": NaN, "est_width": NaN, "iri": 14.4099998474121}}, {"type": "Feature", "geometry": {"type": "LineString", "coordinates": [[-89.5909154, 14.5748975], [-89.5907446, 14.5745355]]}, "properties": {"osmid": "496818761", "oneway": "False", "lanes": NaN, "ref": "3", "name": NaN, "highway": "tertiary", "maxspeed": NaN, "length": 44.251, "bridge": NaN, "tunnel": NaN, "access": NaN, "junction": NaN, "width": NaN, "est_width": NaN, "iri": 14.4099998474121}}, {"type": "Feature", "geometry": {"type": "LineString", "coordinates": [[-89.5907446, 14.5745355], [-89.590086, 14.5737564]]}, "properties": {"osmid": "496818761", "oneway": "False", "lanes": NaN, "ref": "3", "name": NaN, "highway": "tertiary", "maxspeed": NaN, "length": 111.931, "bridge": NaN, "tunnel": NaN, "access": NaN, "junction": NaN, "width": NaN, "est_width": NaN, "iri": 14.4099998474121}}, {"type": "Feature", "geometry": {"type": "LineString", "coordinates": [[-89.590086, 14.5737564], [-89.5899071, 14.5735755]]}, "properties": {"osmid": "496818761", "oneway": "False", "lanes": NaN, "ref": "3", "name": NaN, "highway": "tertiary", "maxspeed": NaN, "length": 27.844, "bridge": NaN, "tunnel": NaN, "access": NaN, "junction": NaN, "width": NaN, "est_width": NaN, "iri": 14.4099998474121}}, {"type": "Feature", "geometry": {"type": "LineString", "coordinates": [[-89.5899071, 14.5735755], [-89.5897201, 14.5735046]]}, "properties": {"osmid": "496818761", "oneway": "False", "lanes": NaN, "ref": "3", "name": NaN, "highway": "tertiary", "maxspeed": NaN, "length": 21.614, "bridge": NaN, "tunnel": NaN, "access": NaN, "junction": NaN, "width": NaN, "est_width": NaN, "iri": 14.4099998474121}}, {"type": "Feature", "geometry": {"type": "LineString", "coordinates": [[-89.5897201, 14.5735046], [-89.5894599, 14.5735833]]}, "properties": {"osmid": "496818761", "oneway": "False", "lanes": NaN, "ref": "3", "name": NaN, "highway": "tertiary", "maxspeed": NaN, "length": 29.338, "bridge": NaN, "tunnel": NaN, "access": NaN, "junction": NaN, "width": NaN, "est_width": NaN, "iri": 14.4099998474121}}, {"type": "Feature", "geometry": {"type": "LineString", "coordinates": [[-89.5894599, 14.5735833], [-89.5892648, 14.5736856]]}, "properties": {"osmid": "496818761", "oneway": "False", "lanes": NaN, "ref": "3", "name": NaN, "highway": "tertiary", "maxspeed": NaN, "length": 23.88, "bridge": NaN, "tunnel": NaN, "access": NaN, "junction": NaN, "width": NaN, "est_width": NaN, "iri": 14.4099998474121}}, {"type": "Feature", "geometry": {"type": "LineString", "coordinates": [[-89.5892648, 14.5736856], [-89.5890534, 14.5736778]]}, "properties": {"osmid": "496818761", "oneway": "False", "lanes": NaN, "ref": "3", "name": NaN, "highway": "tertiary", "maxspeed": NaN, "length": 22.767, "bridge": NaN, "tunnel": NaN, "access": NaN, "junction": NaN, "width": NaN, "est_width": NaN, "iri": 14.4099998474121}}, {"type": "Feature", "geometry": {"type": "LineString", "coordinates": [[-89.5890534, 14.5736778], [-89.5885737, 14.5736069]]}, "properties": {"osmid": "496818761", "oneway": "False", "lanes": NaN, "ref": "3", "name": NaN, "highway": "tertiary", "maxspeed": NaN, "length": 52.223, "bridge": NaN, "tunnel": NaN, "access": NaN, "junction": NaN, "width": NaN, "est_width": NaN, "iri": 14.4099998474121}}, {"type": "Feature", "geometry": {"type": "LineString", "coordinates": [[-89.5885737, 14.5736069], [-89.5883704, 14.5736541]]}, "properties": {"osmid": "496818761", "oneway": "False", "lanes": NaN, "ref": "3", "name": NaN, "highway": "tertiary", "maxspeed": NaN, "length": 22.499, "bridge": NaN, "tunnel": NaN, "access": NaN, "junction": NaN, "width": NaN, "est_width": NaN, "iri": 14.4099998474121}}, {"type": "Feature", "geometry": {"type": "LineString", "coordinates": [[-89.5883704, 14.5736541], [-89.5880126, 14.5738037]]}, "properties": {"osmid": "496818761", "oneway": "False", "lanes": NaN, "ref": "3", "name": NaN, "highway": "tertiary", "maxspeed": NaN, "length": 41.945, "bridge": NaN, "tunnel": NaN, "access": NaN, "junction": NaN, "width": NaN, "est_width": NaN, "iri": 14.4099998474121}}, {"type": "Feature", "geometry": {"type": "LineString", "coordinates": [[-89.5880126, 14.5738037], [-89.5876711, 14.5738587]]}, "properties": {"osmid": "496818761", "oneway": "False", "lanes": NaN, "ref": "3", "name": NaN, "highway": "tertiary", "maxspeed": NaN, "length": 37.257, "bridge": NaN, "tunnel": NaN, "access": NaN, "junction": NaN, "width": NaN, "est_width": NaN, "iri": 14.4099998474121}}, {"type": "Feature", "geometry": {"type": "LineString", "coordinates": [[-89.5876711, 14.5738587], [-89.5867035, 14.5740712]]}, "properties": {"osmid": "496818761", "oneway": "False", "lanes": NaN, "ref": "3", "name": NaN, "highway": "tertiary", "maxspeed": NaN, "length": 106.778, "bridge": NaN, "tunnel": NaN, "access": NaN, "junction": NaN, "width": NaN, "est_width": NaN, "iri": 14.4099998474121}}, {"type": "Feature", "geometry": {"type": "LineString", "coordinates": [[-89.5867035, 14.5740712], [-89.5865694, 14.5740341]]}, "properties": {"osmid": "496818761", "oneway": "False", "lanes": NaN, "ref": "3", "name": NaN, "highway": "tertiary", "maxspeed": NaN, "length": 15.01, "bridge": NaN, "tunnel": NaN, "access": NaN, "junction": NaN, "width": NaN, "est_width": NaN, "iri": 14.4099998474121}}, {"type": "Feature", "geometry": {"type": "LineString", "coordinates": [[-89.5865694, 14.5740341], [-89.5862588, 14.5746539]]}, "properties": {"osmid": "496818770", "oneway": "False", "lanes": NaN, "ref": NaN, "name": NaN, "highway": "unclassified", "maxspeed": NaN, "length": 76.597, "bridge": NaN, "tunnel": NaN, "access": NaN, "junction": NaN, "width": NaN, "est_width": NaN, "iri": 14.4099998474121}}, {"type": "Feature", "geometry": {"type": "LineString", "coordinates": [[-89.5862588, 14.5746539], [-89.5858332, 14.5743945]]}, "properties": {"osmid": "496818769", "oneway": "False", "lanes": NaN, "ref": NaN, "name": NaN, "highway": "unclassified", "maxspeed": NaN, "length": 54.127, "bridge": NaN, "tunnel": NaN, "access": NaN, "junction": NaN, "width": NaN, "est_width": NaN, "iri": 14.4099998474121}}, {"type": "Feature", "geometry": {"type": "LineString", "coordinates": [[-89.5858332, 14.5743945], [-89.5853382, 14.5743041]]}, "properties": {"osmid": "496818769", "oneway": "False", "lanes": NaN, "ref": NaN, "name": NaN, "highway": "unclassified", "maxspeed": NaN, "length": 54.211, "bridge": NaN, "tunnel": NaN, "access": NaN, "junction": NaN, "width": NaN, "est_width": NaN, "iri": 14.4099998474121}}, {"type": "Feature", "geometry": {"type": "LineString", "coordinates": [[-89.5853382, 14.5743041], [-89.5836477, 14.5741956]]}, "properties": {"osmid": "496818769", "oneway": "False", "lanes": NaN, "ref": NaN, "name": NaN, "highway": "unclassified", "maxspeed": NaN, "length": 182.326, "bridge": NaN, "tunnel": NaN, "access": NaN, "junction": NaN, "width": NaN, "est_width": NaN, "iri": 14.4099998474121}}, {"type": "Feature", "geometry": {"type": "LineString", "coordinates": [[-89.5836477, 14.5741956], [-89.5821533, 14.5739697]]}, "properties": {"osmid": "496818769", "oneway": "False", "lanes": NaN, "ref": NaN, "name": NaN, "highway": "unclassified", "maxspeed": NaN, "length": 162.773, "bridge": NaN, "tunnel": NaN, "access": NaN, "junction": NaN, "width": NaN, "est_width": NaN, "iri": 14.4099998474121}}, {"type": "Feature", "geometry": {"type": "LineString", "coordinates": [[-89.5821533, 14.5739697], [-89.5794073, 14.5746115]]}, "properties": {"osmid": "496818769", "oneway": "False", "lanes": NaN, "ref": NaN, "name": NaN, "highway": "unclassified", "maxspeed": NaN, "length": 304.011, "bridge": NaN, "tunnel": NaN, "access": NaN, "junction": NaN, "width": NaN, "est_width": NaN, "iri": 14.4099998474121}}, {"type": "Feature", "geometry": {"type": "LineString", "coordinates": [[-89.5794073, 14.5746115], [-89.5789216, 14.5746928]]}, "properties": {"osmid": "496818769", "oneway": "False", "lanes": NaN, "ref": NaN, "name": NaN, "highway": "unclassified", "maxspeed": NaN, "length": 53.046, "bridge": NaN, "tunnel": NaN, "access": NaN, "junction": NaN, "width": NaN, "est_width": NaN, "iri": 14.4099998474121}}, {"type": "Feature", "geometry": {"type": "LineString", "coordinates": [[-89.5789216, 14.5746928], [-89.5784546, 14.5746205]]}, "properties": {"osmid": "496818769", "oneway": "False", "lanes": NaN, "ref": NaN, "name": NaN, "highway": "unclassified", "maxspeed": NaN, "length": 50.896, "bridge": NaN, "tunnel": NaN, "access": NaN, "junction": NaN, "width": NaN, "est_width": NaN, "iri": 14.4099998474121}}, {"type": "Feature", "geometry": {"type": "LineString", "coordinates": [[-89.5784546, 14.5746205], [-89.577969, 14.5746115]]}, "properties": {"osmid": "496818769", "oneway": "False", "lanes": NaN, "ref": NaN, "name": NaN, "highway": "unclassified", "maxspeed": NaN, "length": 52.268, "bridge": NaN, "tunnel": NaN, "access": NaN, "junction": NaN, "width": NaN, "est_width": NaN, "iri": 14.4099998474121}}, {"type": "Feature", "geometry": {"type": "LineString", "coordinates": [[-89.577969, 14.5746115], [-89.5777822, 14.5747109]]}, "properties": {"osmid": "496818769", "oneway": "False", "lanes": NaN, "ref": NaN, "name": NaN, "highway": "unclassified", "maxspeed": NaN, "length": 22.941, "bridge": NaN, "tunnel": NaN, "access": NaN, "junction": NaN, "width": NaN, "est_width": NaN, "iri": 14.4099998474121}}, {"type": "Feature", "geometry": {"type": "LineString", "coordinates": [[-89.5777822, 14.5747109], [-89.5773992, 14.5751267]]}, "properties": {"osmid": "496818769", "oneway": "False", "lanes": NaN, "ref": NaN, "name": NaN, "highway": "unclassified", "maxspeed": NaN, "length": 61.94, "bridge": NaN, "tunnel": NaN, "access": NaN, "junction": NaN, "width": NaN, "est_width": NaN, "iri": 14.4099998474121}}, {"type": "Feature", "geometry": {"type": "LineString", "coordinates": [[-89.5773992, 14.5751267], [-89.5770817, 14.5754431]]}, "properties": {"osmid": "496818769", "oneway": "False", "lanes": NaN, "ref": NaN, "name": NaN, "highway": "unclassified", "maxspeed": NaN, "length": 49.043, "bridge": NaN, "tunnel": NaN, "access": NaN, "junction": NaN, "width": NaN, "est_width": NaN, "iri": 14.4099998474121}}, {"type": "Feature", "geometry": {"type": "LineString", "coordinates": [[-89.5770817, 14.5754431], [-89.5769322, 14.57566]]}, "properties": {"osmid": "496818769", "oneway": "False", "lanes": NaN, "ref": NaN, "name": NaN, "highway": "unclassified", "maxspeed": NaN, "length": 28.992, "bridge": NaN, "tunnel": NaN, "access": NaN, "junction": NaN, "width": NaN, "est_width": NaN, "iri": 14.4099998474121}}, {"type": "Feature", "geometry": {"type": "LineString", "coordinates": [[-89.5769322, 14.57566], [-89.5768108, 14.5757956]]}, "properties": {"osmid": "496818769", "oneway": "False", "lanes": NaN, "ref": NaN, "name": NaN, "highway": "unclassified", "maxspeed": NaN, "length": 19.951, "bridge": NaN, "tunnel": NaN, "access": NaN, "junction": NaN, "width": NaN, "est_width": NaN, "iri": 14.4099998474121}}, {"type": "Feature", "geometry": {"type": "LineString", "coordinates": [[-89.5768108, 14.5757956], [-89.57668, 14.5758589]]}, "properties": {"osmid": "496818769", "oneway": "False", "lanes": NaN, "ref": NaN, "name": NaN, "highway": "unclassified", "maxspeed": NaN, "length": 15.738, "bridge": NaN, "tunnel": NaN, "access": NaN, "junction": NaN, "width": NaN, "est_width": NaN, "iri": 14.4099998474121}}, {"type": "Feature", "geometry": {"type": "LineString", "coordinates": [[-89.57668, 14.5758589], [-89.5758768, 14.5760306]]}, "properties": {"osmid": "496818769", "oneway": "False", "lanes": NaN, "ref": NaN, "name": NaN, "highway": "unclassified", "maxspeed": NaN, "length": 88.521, "bridge": NaN, "tunnel": NaN, "access": NaN, "junction": NaN, "width": NaN, "est_width": NaN, "iri": 14.4099998474121}}, {"type": "Feature", "geometry": {"type": "LineString", "coordinates": [[-89.5758768, 14.5760306], [-89.5756713, 14.5761391]]}, "properties": {"osmid": "496818769", "oneway": "False", "lanes": NaN, "ref": NaN, "name": NaN, "highway": "unclassified", "maxspeed": NaN, "length": 25.192, "bridge": NaN, "tunnel": NaN, "access": NaN, "junction": NaN, "width": NaN, "est_width": NaN, "iri": 14.4099998474121}}, {"type": "Feature", "geometry": {"type": "LineString", "coordinates": [[-89.5756713, 14.5761391], [-89.5753257, 14.5762476]]}, "properties": {"osmid": "496818769", "oneway": "False", "lanes": NaN, "ref": NaN, "name": NaN, "highway": "unclassified", "maxspeed": NaN, "length": 39.1, "bridge": NaN, "tunnel": NaN, "access": NaN, "junction": NaN, "width": NaN, "est_width": NaN, "iri": 14.4099998474121}}, {"type": "Feature", "geometry": {"type": "LineString", "coordinates": [[-89.5753257, 14.5762476], [-89.5749241, 14.5762205]]}, "properties": {"osmid": "496818769", "oneway": "False", "lanes": NaN, "ref": NaN, "name": NaN, "highway": "unclassified", "maxspeed": NaN, "length": 43.324, "bridge": NaN, "tunnel": NaN, "access": NaN, "junction": NaN, "width": NaN, "est_width": NaN, "iri": 14.4099998474121}}, {"type": "Feature", "geometry": {"type": "LineString", "coordinates": [[-89.5749241, 14.5762205], [-89.5742983, 14.576121]]}, "properties": {"osmid": "496818769", "oneway": "False", "lanes": NaN, "ref": NaN, "name": NaN, "highway": "unclassified", "maxspeed": NaN, "length": 68.249, "bridge": NaN, "tunnel": NaN, "access": NaN, "junction": NaN, "width": NaN, "est_width": NaN, "iri": 14.4099998474121}}, {"type": "Feature", "geometry": {"type": "LineString", "coordinates": [[-89.5742983, 14.576121], [-89.5735511, 14.5762295]]}, "properties": {"osmid": "496818769", "oneway": "False", "lanes": NaN, "ref": NaN, "name": NaN, "highway": "unclassified", "maxspeed": NaN, "length": 81.311, "bridge": NaN, "tunnel": NaN, "access": NaN, "junction": NaN, "width": NaN, "est_width": NaN, "iri": 14.4099998474121}}, {"type": "Feature", "geometry": {"type": "LineString", "coordinates": [[-89.5735511, 14.5762295], [-89.5731308, 14.5763832]]}, "properties": {"osmid": "496818769", "oneway": "False", "lanes": NaN, "ref": NaN, "name": NaN, "highway": "unclassified", "maxspeed": NaN, "length": 48.352, "bridge": NaN, "tunnel": NaN, "access": NaN, "junction": NaN, "width": NaN, "est_width": NaN, "iri": 14.4099998474121}}, {"type": "Feature", "geometry": {"type": "LineString", "coordinates": [[-89.5731308, 14.5763832], [-89.5726171, 14.5763832]]}, "properties": {"osmid": "496818769", "oneway": "False", "lanes": NaN, "ref": NaN, "name": NaN, "highway": "unclassified", "maxspeed": NaN, "length": 55.282, "bridge": NaN, "tunnel": NaN, "access": NaN, "junction": NaN, "width": NaN, "est_width": NaN, "iri": 14.4099998474121}}, {"type": "Feature", "geometry": {"type": "LineString", "coordinates": [[-89.5726171, 14.5763832], [-89.5721128, 14.576347]]}, "properties": {"osmid": "496818769", "oneway": "False", "lanes": NaN, "ref": NaN, "name": NaN, "highway": "unclassified", "maxspeed": NaN, "length": 54.42, "bridge": NaN, "tunnel": NaN, "access": NaN, "junction": NaN, "width": NaN, "est_width": NaN, "iri": 14.4099998474121}}, {"type": "Feature", "geometry": {"type": "LineString", "coordinates": [[-89.5721128, 14.576347], [-89.5716831, 14.5762205]]}, "properties": {"osmid": "496818769", "oneway": "False", "lanes": NaN, "ref": NaN, "name": NaN, "highway": "unclassified", "maxspeed": NaN, "length": 48.335, "bridge": NaN, "tunnel": NaN, "access": NaN, "junction": NaN, "width": NaN, "est_width": NaN, "iri": 14.4099998474121}}, {"type": "Feature", "geometry": {"type": "LineString", "coordinates": [[-89.5716831, 14.5762205], [-89.571138, 14.5761586]]}, "properties": {"osmid": "496818769", "oneway": "False", "lanes": NaN, "ref": NaN, "name": NaN, "highway": "unclassified", "maxspeed": NaN, "length": 59.064, "bridge": NaN, "tunnel": NaN, "access": NaN, "junction": NaN, "width": NaN, "est_width": NaN, "iri": 14.4099998474121}}, {"type": "Feature", "geometry": {"type": "LineString", "coordinates": [[-89.571138, 14.5761586], [-89.5713137, 14.5758858]]}, "properties": {"osmid": "496818767", "oneway": "False", "lanes": NaN, "ref": NaN, "name": NaN, "highway": "unclassified", "maxspeed": NaN, "length": 35.745, "bridge": NaN, "tunnel": NaN, "access": NaN, "junction": NaN, "width": NaN, "est_width": NaN, "iri": 14.4099998474121}}]}