{"type": "FeatureCollection", "features": [{"type": "Feature", "geometry": {"type": "LineString", "coordinates": [[-90.8010006, 14.9930105], [-90.8011411, 14.9924512]]}, "properties": {"osmid": "608023738", "oneway": "False", "lanes": NaN, "ref": NaN, "name": "RD GUA-18", "highway": "primary", "maxspeed": NaN, "length": 63.996, "bridge": NaN, "tunnel": NaN, "access": NaN, "junction": NaN, "width": NaN, "est_width": NaN, "iri": 4.1100001335144}}, {"type": "Feature", "geometry": {"type": "LineString", "coordinates": [[-90.8011411, 14.9924512], [-90.8012285, 14.9921031]]}, "properties": {"osmid": "608023738", "oneway": "False", "lanes": NaN, "ref": NaN, "name": "RD GUA-18", "highway": "primary", "maxspeed": NaN, "length": 39.829, "bridge": NaN, "tunnel": NaN, "access": NaN, "junction": NaN, "width": NaN, "est_width": NaN, "iri": 4.1100001335144}}, {"type": "Feature", "geometry": {"type": "LineString", "coordinates": [[-90.8012285, 14.9921031], [-90.8013347, 14.9916708]]}, "properties": {"osmid": "608023738", "oneway": "False", "lanes": NaN, "ref": NaN, "name": "RD GUA-18", "highway": "primary", "maxspeed": NaN, "length": 49.405, "bridge": NaN, "tunnel": NaN, "access": NaN, "junction": NaN, "width": NaN, "est_width": NaN, "iri": 4.1100001335144}}, {"type": "Feature", "geometry": {"type": "LineString", "coordinates": [[-90.8013347, 14.9916708], [-90.8015102, 14.9909559]]}, "properties": {"osmid": "608023738", "oneway": "False", "lanes": NaN, "ref": NaN, "name": "RD GUA-18", "highway": "primary", "maxspeed": NaN, "length": 81.698, "bridge": NaN, "tunnel": NaN, "access": NaN, "junction": NaN, "width": NaN, "est_width": NaN, "iri": 4.1100001335144}}, {"type": "Feature", "geometry": {"type": "LineString", "coordinates": [[-90.8015102, 14.9909559], [-90.8007538, 14.9907508]]}, "properties": {"osmid": "608023738", "oneway": "False", "lanes": NaN, "ref": NaN, "name": "RD GUA-18", "highway": "primary", "maxspeed": NaN, "length": 84.386, "bridge": NaN, "tunnel": NaN, "access": NaN, "junction": NaN, "width": NaN, "est_width": NaN, "iri": 4.1100001335144}}, {"type": "Feature", "geometry": {"type": "LineString", "coordinates": [[-90.8007538, 14.9907508], [-90.8006503, 14.9907227]]}, "properties": {"osmid": "608023738", "oneway": "False", "lanes": NaN, "ref": NaN, "name": "RD GUA-18", "highway": "primary", "maxspeed": NaN, "length": 11.548, "bridge": NaN, "tunnel": NaN, "access": NaN, "junction": NaN, "width": NaN, "est_width": NaN, "iri": 4.1100001335144}}, {"type": "Feature", "geometry": {"type": "LineString", "coordinates": [[-90.8006503, 14.9907227], [-90.8005929, 14.9907072]]}, "properties": {"osmid": "608023738", "oneway": "False", "lanes": NaN, "ref": NaN, "name": "RD GUA-18", "highway": "primary", "maxspeed": NaN, "length": 6.402, "bridge": NaN, "tunnel": NaN, "access": NaN, "junction": NaN, "width": NaN, "est_width": NaN, "iri": 4.1100001335144}}, {"type": "Feature", "geometry": {"type": "LineString", "coordinates": [[-90.8005929, 14.9907072], [-90.7996807, 14.990478]]}, "properties": {"osmid": "608023738", "oneway": "False", "lanes": NaN, "ref": NaN, "name": "RD GUA-18", "highway": "primary", "maxspeed": NaN, "length": 101.241, "bridge": NaN, "tunnel": NaN, "access": NaN, "junction": NaN, "width": NaN, "est_width": NaN, "iri": 4.1100001335144}}, {"type": "Feature", "geometry": {"type": "LineString", "coordinates": [[-90.7996807, 14.990478], [-90.798697, 14.9902069]]}, "properties": {"osmid": "608023738", "oneway": "False", "lanes": NaN, "ref": NaN, "name": "RD GUA-18", "highway": "primary", "maxspeed": NaN, "length": 109.876, "bridge": NaN, "tunnel": NaN, "access": NaN, "junction": NaN, "width": NaN, "est_width": NaN, "iri": 4.1100001335144}}, {"type": "Feature", "geometry": {"type": "LineString", "coordinates": [[-90.798697, 14.9902069], [-90.7984257, 14.9901206]]}, "properties": {"osmid": "608023738", "oneway": "False", "lanes": NaN, "ref": NaN, "name": "RD GUA-18", "highway": "primary", "maxspeed": NaN, "length": 30.68, "bridge": NaN, "tunnel": NaN, "access": NaN, "junction": NaN, "width": NaN, "est_width": NaN, "iri": 4.1100001335144}}, {"type": "Feature", "geometry": {"type": "LineString", "coordinates": [[-90.7984257, 14.9901206], [-90.7977282, 14.9898988]]}, "properties": {"osmid": "608023738", "oneway": "False", "lanes": NaN, "ref": NaN, "name": "RD GUA-18", "highway": "primary", "maxspeed": NaN, "length": 78.874, "bridge": NaN, "tunnel": NaN, "access": NaN, "junction": NaN, "width": NaN, "est_width": NaN, "iri": 4.1100001335144}}, {"type": "Feature", "geometry": {"type": "LineString", "coordinates": [[-90.7977282, 14.9898988], [-90.7976809, 14.9898837]]}, "properties": {"osmid": "608023738", "oneway": "False", "lanes": NaN, "ref": NaN, "name": "RD GUA-18", "highway": "primary", "maxspeed": NaN, "length": 5.351, "bridge": NaN, "tunnel": NaN, "access": NaN, "junction": NaN, "width": NaN, "est_width": NaN, "iri": 4.1100001335144}}, {"type": "Feature", "geometry": {"type": "LineString", "coordinates": [[-90.7976809, 14.9898837], [-90.796532, 14.9894843]]}, "properties": {"osmid": "608023738", "oneway": "False", "lanes": NaN, "ref": NaN, "name": "RD GUA-18", "highway": "primary", "maxspeed": NaN, "length": 131.153, "bridge": NaN, "tunnel": NaN, "access": NaN, "junction": NaN, "width": NaN, "est_width": NaN, "iri": 4.1100001335144}}, {"type": "Feature", "geometry": {"type": "LineString", "coordinates": [[-90.796532, 14.9894843], [-90.7962961, 14.9903779]]}, "properties": {"osmid": "608023738", "oneway": "False", "lanes": NaN, "ref": NaN, "name": "RD GUA-18", "highway": "primary", "maxspeed": NaN, "length": 102.544, "bridge": NaN, "tunnel": NaN, "access": NaN, "junction": NaN, "width": NaN, "est_width": NaN, "iri": 4.1100001335144}}, {"type": "Feature", "geometry": {"type": "LineString", "coordinates": [[-90.7962961, 14.9903779], [-90.7962748, 14.9904665]]}, "properties": {"osmid": "608023738", "oneway": "False", "lanes": NaN, "ref": NaN, "name": "RD GUA-18", "highway": "primary", "maxspeed": NaN, "length": 10.114, "bridge": NaN, "tunnel": NaN, "access": NaN, "junction": NaN, "width": NaN, "est_width": NaN, "iri": 4.1100001335144}}, {"type": "Feature", "geometry": {"type": "LineString", "coordinates": [[-90.7962748, 14.9904665], [-90.796253, 14.9905569]]}, "properties": {"osmid": "608023738", "oneway": "False", "lanes": NaN, "ref": NaN, "name": "RD GUA-18", "highway": "primary", "maxspeed": NaN, "length": 10.321, "bridge": NaN, "tunnel": NaN, "access": NaN, "junction": NaN, "width": NaN, "est_width": NaN, "iri": 4.1100001335144}}, {"type": "Feature", "geometry": {"type": "LineString", "coordinates": [[-90.796253, 14.9905569], [-90.7963121, 14.9912254]]}, "properties": {"osmid": "608023738", "oneway": "False", "lanes": NaN, "ref": NaN, "name": "RD GUA-18", "highway": "primary", "maxspeed": NaN, "length": 74.604, "bridge": NaN, "tunnel": NaN, "access": NaN, "junction": NaN, "width": NaN, "est_width": NaN, "iri": 4.1100001335144}}, {"type": "Feature", "geometry": {"type": "LineString", "coordinates": [[-90.7963121, 14.9912254], [-90.7958344, 14.9912527]]}, "properties": {"osmid": "608023738", "oneway": "False", "lanes": NaN, "ref": NaN, "name": "RD GUA-18", "highway": "primary", "maxspeed": NaN, "length": 51.4, "bridge": NaN, "tunnel": NaN, "access": NaN, "junction": NaN, "width": NaN, "est_width": NaN, "iri": 4.1100001335144}}, {"type": "Feature", "geometry": {"type": "LineString", "coordinates": [[-90.7958344, 14.9912527], [-90.7955345, 14.991333]]}, "properties": {"osmid": "608023738", "oneway": "False", "lanes": NaN, "ref": NaN, "name": "RD GUA-18", "highway": "primary", "maxspeed": NaN, "length": 33.427, "bridge": NaN, "tunnel": NaN, "access": NaN, "junction": NaN, "width": NaN, "est_width": NaN, "iri": 4.1100001335144}}, {"type": "Feature", "geometry": {"type": "LineString", "coordinates": [[-90.7955345, 14.991333], [-90.7951609, 14.9912913]]}, "properties": {"osmid": "608023738", "oneway": "False", "lanes": NaN, "ref": NaN, "name": "RD GUA-18", "highway": "primary", "maxspeed": NaN, "length": 40.396, "bridge": NaN, "tunnel": NaN, "access": NaN, "junction": NaN, "width": NaN, "est_width": NaN, "iri": 4.1100001335144}}, {"type": "Feature", "geometry": {"type": "LineString", "coordinates": [[-90.7951609, 14.9912913], [-90.7942662, 14.99105]]}, "properties": {"osmid": "608023738", "oneway": "False", "lanes": NaN, "ref": NaN, "name": "RD GUA-18", "highway": "primary", "maxspeed": NaN, "length": 99.776, "bridge": NaN, "tunnel": NaN, "access": NaN, "junction": NaN, "width": NaN, "est_width": NaN, "iri": 4.1100001335144}}, {"type": "Feature", "geometry": {"type": "LineString", "coordinates": [[-90.7942662, 14.99105], [-90.7941404, 14.9910923]]}, "properties": {"osmid": "608023738", "oneway": "False", "lanes": NaN, "ref": NaN, "name": "RD GUA-18", "highway": "primary", "maxspeed": NaN, "length": 14.308, "bridge": NaN, "tunnel": NaN, "access": NaN, "junction": NaN, "width": NaN, "est_width": NaN, "iri": 4.1100001335144}}, {"type": "Feature", "geometry": {"type": "LineString", "coordinates": [[-90.7941404, 14.9910923], [-90.7941126, 14.9912331]]}, "properties": {"osmid": "608023738", "oneway": "False", "lanes": NaN, "ref": NaN, "name": "RD GUA-18", "highway": "primary", "maxspeed": NaN, "length": 15.938, "bridge": NaN, "tunnel": NaN, "access": NaN, "junction": NaN, "width": NaN, "est_width": NaN, "iri": 4.1100001335144}}, {"type": "Feature", "geometry": {"type": "LineString", "coordinates": [[-90.7941126, 14.9912331], [-90.7941377, 14.9914006]]}, "properties": {"osmid": "608023738", "oneway": "False", "lanes": NaN, "ref": NaN, "name": "RD GUA-18", "highway": "primary", "maxspeed": NaN, "length": 18.819, "bridge": NaN, "tunnel": NaN, "access": NaN, "junction": NaN, "width": NaN, "est_width": NaN, "iri": 4.1100001335144}}, {"type": "Feature", "geometry": {"type": "LineString", "coordinates": [[-90.7941377, 14.9914006], [-90.7943272, 14.9915907]]}, "properties": {"osmid": "608023738", "oneway": "False", "lanes": NaN, "ref": NaN, "name": "RD GUA-18", "highway": "primary", "maxspeed": NaN, "length": 29.345, "bridge": NaN, "tunnel": NaN, "access": NaN, "junction": NaN, "width": NaN, "est_width": NaN, "iri": 4.1100001335144}}, {"type": "Feature", "geometry": {"type": "LineString", "coordinates": [[-90.7943272, 14.9915907], [-90.7946866, 14.9916995]]}, "properties": {"osmid": "608023738", "oneway": "False", "lanes": NaN, "ref": NaN, "name": "RD GUA-18", "highway": "primary", "maxspeed": NaN, "length": 40.455, "bridge": NaN, "tunnel": NaN, "access": NaN, "junction": NaN, "width": NaN, "est_width": NaN, "iri": 4.1100001335144}}, {"type": "Feature", "geometry": {"type": "LineString", "coordinates": [[-90.7946866, 14.9916995], [-90.7947117, 14.9918618]]}, "properties": {"osmid": "608023738", "oneway": "False", "lanes": NaN, "ref": NaN, "name": "RD GUA-18", "highway": "primary", "maxspeed": NaN, "length": 18.247, "bridge": NaN, "tunnel": NaN, "access": NaN, "junction": NaN, "width": NaN, "est_width": NaN, "iri": 4.1100001335144}}, {"type": "Feature", "geometry": {"type": "LineString", "coordinates": [[-90.7947117, 14.9918618], [-90.7945794, 14.9919068]]}, "properties": {"osmid": "608023738", "oneway": "False", "lanes": NaN, "ref": NaN, "name": "RD GUA-18", "highway": "primary", "maxspeed": NaN, "length": 15.066, "bridge": NaN, "tunnel": NaN, "access": NaN, "junction": NaN, "width": NaN, "est_width": NaN, "iri": 4.1100001335144}}, {"type": "Feature", "geometry": {"type": "LineString", "coordinates": [[-90.7945794, 14.9919068], [-90.7941853, 14.9918905]]}, "properties": {"osmid": "608023738", "oneway": "False", "lanes": NaN, "ref": NaN, "name": "RD GUA-18", "highway": "primary", "maxspeed": NaN, "length": 42.369, "bridge": NaN, "tunnel": NaN, "access": NaN, "junction": NaN, "width": NaN, "est_width": NaN, "iri": 4.1100001335144}}, {"type": "Feature", "geometry": {"type": "LineString", "coordinates": [[-90.7941853, 14.9918905], [-90.793426, 14.9916632]]}, "properties": {"osmid": "608023738", "oneway": "False", "lanes": NaN, "ref": NaN, "name": "RD GUA-18", "highway": "primary", "maxspeed": NaN, "length": 85.383, "bridge": NaN, "tunnel": NaN, "access": NaN, "junction": NaN, "width": NaN, "est_width": NaN, "iri": 4.1100001335144}}, {"type": "Feature", "geometry": {"type": "LineString", "coordinates": [[-90.793426, 14.9916632], [-90.7929736, 14.9919706]]}, "properties": {"osmid": "608023738", "oneway": "False", "lanes": NaN, "ref": NaN, "name": "RD GUA-18", "highway": "primary", "maxspeed": NaN, "length": 59.41, "bridge": NaN, "tunnel": NaN, "access": NaN, "junction": NaN, "width": NaN, "est_width": NaN, "iri": 4.1100001335144}}, {"type": "Feature", "geometry": {"type": "LineString", "coordinates": [[-90.7929736, 14.9919706], [-90.7926857, 14.9924664]]}, "properties": {"osmid": "608023738", "oneway": "False", "lanes": NaN, "ref": NaN, "name": "RD GUA-18", "highway": "primary", "maxspeed": NaN, "length": 63.211, "bridge": NaN, "tunnel": NaN, "access": NaN, "junction": NaN, "width": NaN, "est_width": NaN, "iri": 4.1100001335144}}, {"type": "Feature", "geometry": {"type": "LineString", "coordinates": [[-90.7926857, 14.9924664], [-90.7922941, 14.9926918]]}, "properties": {"osmid": "608023738", "oneway": "False", "lanes": NaN, "ref": NaN, "name": "RD GUA-18", "highway": "primary", "maxspeed": NaN, "length": 48.963, "bridge": NaN, "tunnel": NaN, "access": NaN, "junction": NaN, "width": NaN, "est_width": NaN, "iri": 4.1100001335144}}, {"type": "Feature", "geometry": {"type": "LineString", "coordinates": [[-90.7922941, 14.9926918], [-90.7920205, 14.9930338]]}, "properties": {"osmid": "608023738", "oneway": "False", "lanes": NaN, "ref": NaN, "name": "RD GUA-18", "highway": "primary", "maxspeed": NaN, "length": 48.06, "bridge": NaN, "tunnel": NaN, "access": NaN, "junction": NaN, "width": NaN, "est_width": NaN, "iri": 4.1100001335144}}, {"type": "Feature", "geometry": {"type": "LineString", "coordinates": [[-90.7920205, 14.9930338], [-90.7919776, 14.9933914]]}, "properties": {"osmid": "608023738", "oneway": "False", "lanes": NaN, "ref": NaN, "name": "RD GUA-18", "highway": "primary", "maxspeed": NaN, "length": 40.029, "bridge": NaN, "tunnel": NaN, "access": NaN, "junction": NaN, "width": NaN, "est_width": NaN, "iri": 4.1100001335144}}, {"type": "Feature", "geometry": {"type": "LineString", "coordinates": [[-90.7919776, 14.9933914], [-90.7919401, 14.993666]]}, "properties": {"osmid": "608023738", "oneway": "False", "lanes": NaN, "ref": NaN, "name": "RD GUA-18", "highway": "primary", "maxspeed": NaN, "length": 30.799, "bridge": NaN, "tunnel": NaN, "access": NaN, "junction": NaN, "width": NaN, "est_width": NaN, "iri": 4.1100001335144}}, {"type": "Feature", "geometry": {"type": "LineString", "coordinates": [[-90.7919401, 14.993666], [-90.791822, 14.9938215]]}, "properties": {"osmid": "608023738", "oneway": "False", "lanes": NaN, "ref": NaN, "name": "RD GUA-18", "highway": "primary", "maxspeed": NaN, "length": 21.445, "bridge": NaN, "tunnel": NaN, "access": NaN, "junction": NaN, "width": NaN, "est_width": NaN, "iri": 4.1100001335144}}, {"type": "Feature", "geometry": {"type": "LineString", "coordinates": [[-90.791822, 14.9938215], [-90.7916665, 14.9938318]]}, "properties": {"osmid": "608023738", "oneway": "False", "lanes": NaN, "ref": NaN, "name": "RD GUA-18", "highway": "primary", "maxspeed": NaN, "length": 16.741, "bridge": NaN, "tunnel": NaN, "access": NaN, "junction": NaN, "width": NaN, "est_width": NaN, "iri": 4.1100001335144}}, {"type": "Feature", "geometry": {"type": "LineString", "coordinates": [[-90.7916665, 14.9938318], [-90.7915645, 14.9937904]]}, "properties": {"osmid": "608023738", "oneway": "False", "lanes": NaN, "ref": NaN, "name": "RD GUA-18", "highway": "primary", "maxspeed": NaN, "length": 11.884, "bridge": NaN, "tunnel": NaN, "access": NaN, "junction": NaN, "width": NaN, "est_width": NaN, "iri": 4.1100001335144}}, {"type": "Feature", "geometry": {"type": "LineString", "coordinates": [[-90.7915645, 14.9937904], [-90.7915216, 14.9936142]]}, "properties": {"osmid": "608023738", "oneway": "False", "lanes": NaN, "ref": NaN, "name": "RD GUA-18", "highway": "primary", "maxspeed": NaN, "length": 20.127, "bridge": NaN, "tunnel": NaN, "access": NaN, "junction": NaN, "width": NaN, "est_width": NaN, "iri": 4.1100001335144}}, {"type": "Feature", "geometry": {"type": "LineString", "coordinates": [[-90.7915216, 14.9936142], [-90.7916772, 14.9931219]]}, "properties": {"osmid": "608023738", "oneway": "False", "lanes": NaN, "ref": NaN, "name": "RD GUA-18", "highway": "primary", "maxspeed": NaN, "length": 57.236, "bridge": NaN, "tunnel": NaN, "access": NaN, "junction": NaN, "width": NaN, "est_width": NaN, "iri": 4.1100001335144}}, {"type": "Feature", "geometry": {"type": "LineString", "coordinates": [[-90.7916772, 14.9931219], [-90.7916003, 14.9930484]]}, "properties": {"osmid": "608023738", "oneway": "False", "lanes": NaN, "ref": NaN, "name": "RD GUA-18", "highway": "primary", "maxspeed": NaN, "length": 11.62, "bridge": NaN, "tunnel": NaN, "access": NaN, "junction": NaN, "width": NaN, "est_width": NaN, "iri": 4.1100001335144}}, {"type": "Feature", "geometry": {"type": "LineString", "coordinates": [[-90.7916003, 14.9930484], [-90.7915163, 14.993039]]}, "properties": {"osmid": "608023738", "oneway": "False", "lanes": NaN, "ref": NaN, "name": "RD GUA-18", "highway": "primary", "maxspeed": NaN, "length": 9.083, "bridge": NaN, "tunnel": NaN, "access": NaN, "junction": NaN, "width": NaN, "est_width": NaN, "iri": 4.1100001335144}}, {"type": "Feature", "geometry": {"type": "LineString", "coordinates": [[-90.7915163, 14.993039], [-90.7911944, 14.9931478]]}, "properties": {"osmid": "608023738", "oneway": "False", "lanes": NaN, "ref": NaN, "name": "RD GUA-18", "highway": "primary", "maxspeed": NaN, "length": 36.631, "bridge": NaN, "tunnel": NaN, "access": NaN, "junction": NaN, "width": NaN, "est_width": NaN, "iri": 4.1100001335144}}, {"type": "Feature", "geometry": {"type": "LineString", "coordinates": [[-90.7911944, 14.9931478], [-90.7910532, 14.9931417]]}, "properties": {"osmid": "608023738", "oneway": "False", "lanes": NaN, "ref": NaN, "name": "RD GUA-18", "highway": "primary", "maxspeed": NaN, "length": 15.181, "bridge": NaN, "tunnel": NaN, "access": NaN, "junction": NaN, "width": NaN, "est_width": NaN, "iri": 4.1100001335144}}, {"type": "Feature", "geometry": {"type": "LineString", "coordinates": [[-90.7910532, 14.9931417], [-90.7909476, 14.9930079]]}, "properties": {"osmid": "608023738", "oneway": "False", "lanes": NaN, "ref": NaN, "name": "RD GUA-18", "highway": "primary", "maxspeed": NaN, "length": 18.708, "bridge": NaN, "tunnel": NaN, "access": NaN, "junction": NaN, "width": NaN, "est_width": NaN, "iri": 4.1100001335144}}, {"type": "Feature", "geometry": {"type": "LineString", "coordinates": [[-90.7909476, 14.9930079], [-90.7909584, 14.9924949]]}, "properties": {"osmid": "608023738", "oneway": "False", "lanes": NaN, "ref": NaN, "name": "RD GUA-18", "highway": "primary", "maxspeed": NaN, "length": 57.055, "bridge": NaN, "tunnel": NaN, "access": NaN, "junction": NaN, "width": NaN, "est_width": NaN, "iri": 4.1100001335144}}, {"type": "Feature", "geometry": {"type": "LineString", "coordinates": [[-90.7909584, 14.9924949], [-90.7907223, 14.9920234]]}, "properties": {"osmid": "608023738", "oneway": "False", "lanes": NaN, "ref": NaN, "name": "RD GUA-18", "highway": "primary", "maxspeed": NaN, "length": 58.24, "bridge": NaN, "tunnel": NaN, "access": NaN, "junction": NaN, "width": NaN, "est_width": NaN, "iri": 4.1100001335144}}, {"type": "Feature", "geometry": {"type": "LineString", "coordinates": [[-90.7907223, 14.9920234], [-90.7904548, 14.9917482]]}, "properties": {"osmid": "608023738", "oneway": "False", "lanes": NaN, "ref": NaN, "name": "RD GUA-18", "highway": "primary", "maxspeed": NaN, "length": 41.976, "bridge": NaN, "tunnel": NaN, "access": NaN, "junction": NaN, "width": NaN, "est_width": NaN, "iri": 4.1100001335144}}, {"type": "Feature", "geometry": {"type": "LineString", "coordinates": [[-90.7904548, 14.9917482], [-90.7902288, 14.9917021]]}, "properties": {"osmid": "608023738", "oneway": "False", "lanes": NaN, "ref": NaN, "name": "RD GUA-18", "highway": "primary", "maxspeed": NaN, "length": 24.81, "bridge": NaN, "tunnel": NaN, "access": NaN, "junction": NaN, "width": NaN, "est_width": NaN, "iri": 4.1100001335144}}, {"type": "Feature", "geometry": {"type": "LineString", "coordinates": [[-90.7902288, 14.9917021], [-90.7900947, 14.9918265]]}, "properties": {"osmid": "608023738", "oneway": "False", "lanes": NaN, "ref": NaN, "name": "RD GUA-18", "highway": "primary", "maxspeed": NaN, "length": 19.97, "bridge": NaN, "tunnel": NaN, "access": NaN, "junction": NaN, "width": NaN, "est_width": NaN, "iri": 4.1100001335144}}, {"type": "Feature", "geometry": {"type": "LineString", "coordinates": [[-90.7900947, 14.9918265], [-90.7902985, 14.9921788]]}, "properties": {"osmid": "608023738", "oneway": "False", "lanes": NaN, "ref": NaN, "name": "RD GUA-18", "highway": "primary", "maxspeed": NaN, "length": 44.875, "bridge": NaN, "tunnel": NaN, "access": NaN, "junction": NaN, "width": NaN, "est_width": NaN, "iri": 4.1100001335144}}, {"type": "Feature", "geometry": {"type": "LineString", "coordinates": [[-90.7902985, 14.9921788], [-90.7903146, 14.9923602]]}, "properties": {"osmid": "608023738", "oneway": "False", "lanes": NaN, "ref": NaN, "name": "RD GUA-18", "highway": "primary", "maxspeed": NaN, "length": 20.245, "bridge": NaN, "tunnel": NaN, "access": NaN, "junction": NaN, "width": NaN, "est_width": NaN, "iri": 4.1100001335144}}, {"type": "Feature", "geometry": {"type": "LineString", "coordinates": [[-90.7903146, 14.9923602], [-90.7902073, 14.9924586]]}, "properties": {"osmid": "608023738", "oneway": "False", "lanes": NaN, "ref": NaN, "name": "RD GUA-18", "highway": "primary", "maxspeed": NaN, "length": 15.892, "bridge": NaN, "tunnel": NaN, "access": NaN, "junction": NaN, "width": NaN, "est_width": NaN, "iri": 4.1100001335144}}, {"type": "Feature", "geometry": {"type": "LineString", "coordinates": [[-90.7902073, 14.9924586], [-90.7894456, 14.9923084]]}, "properties": {"osmid": "608023738", "oneway": "False", "lanes": NaN, "ref": NaN, "name": "RD GUA-18", "highway": "primary", "maxspeed": NaN, "length": 83.502, "bridge": NaN, "tunnel": NaN, "access": NaN, "junction": NaN, "width": NaN, "est_width": NaN, "iri": 4.1100001335144}}, {"type": "Feature", "geometry": {"type": "LineString", "coordinates": [[-90.7894456, 14.9923084], [-90.7891506, 14.9923809]]}, "properties": {"osmid": "608023738", "oneway": "False", "lanes": NaN, "ref": NaN, "name": "RD GUA-18", "highway": "primary", "maxspeed": NaN, "length": 32.695, "bridge": NaN, "tunnel": NaN, "access": NaN, "junction": NaN, "width": NaN, "est_width": NaN, "iri": 4.1100001335144}}, {"type": "Feature", "geometry": {"type": "LineString", "coordinates": [[-90.7891506, 14.9923809], [-90.7886195, 14.9928317]]}, "properties": {"osmid": "608023738", "oneway": "False", "lanes": NaN, "ref": NaN, "name": "RD GUA-18", "highway": "primary", "maxspeed": NaN, "length": 75.94, "bridge": NaN, "tunnel": NaN, "access": NaN, "junction": NaN, "width": NaN, "est_width": NaN, "iri": 4.1100001335144}}, {"type": "Feature", "geometry": {"type": "LineString", "coordinates": [[-90.7886195, 14.9928317], [-90.7883769, 14.9930093]]}, "properties": {"osmid": "608023738", "oneway": "False", "lanes": NaN, "ref": NaN, "name": "RD GUA-18", "highway": "primary", "maxspeed": NaN, "length": 32.695, "bridge": NaN, "tunnel": NaN, "access": NaN, "junction": NaN, "width": NaN, "est_width": NaN, "iri": 4.1100001335144}}, {"type": "Feature", "geometry": {"type": "LineString", "coordinates": [[-90.7883769, 14.9930093], [-90.7881342, 14.9930529]]}, "properties": {"osmid": "608023738", "oneway": "False", "lanes": NaN, "ref": NaN, "name": "RD GUA-18", "highway": "primary", "maxspeed": NaN, "length": 26.515, "bridge": NaN, "tunnel": NaN, "access": NaN, "junction": NaN, "width": NaN, "est_width": NaN, "iri": 4.1100001335144}}, {"type": "Feature", "geometry": {"type": "LineString", "coordinates": [[-90.7881342, 14.9930529], [-90.7879811, 14.9930597]]}, "properties": {"osmid": "608023738", "oneway": "False", "lanes": NaN, "ref": NaN, "name": "RD GUA-18", "highway": "primary", "maxspeed": NaN, "length": 16.462, "bridge": NaN, "tunnel": NaN, "access": NaN, "junction": NaN, "width": NaN, "est_width": NaN, "iri": 4.1100001335144}}, {"type": "Feature", "geometry": {"type": "LineString", "coordinates": [[-90.7879811, 14.9930597], [-90.7874715, 14.9928058]]}, "properties": {"osmid": "608023738", "oneway": "False", "lanes": NaN, "ref": NaN, "name": "RD GUA-18", "highway": "primary", "maxspeed": NaN, "length": 61.588, "bridge": NaN, "tunnel": NaN, "access": NaN, "junction": NaN, "width": NaN, "est_width": NaN, "iri": 4.1100001335144}}, {"type": "Feature", "geometry": {"type": "LineString", "coordinates": [[-90.7874715, 14.9928058], [-90.7866293, 14.9922462]]}, "properties": {"osmid": "608023738", "oneway": "False", "lanes": NaN, "ref": NaN, "name": "RD GUA-18", "highway": "primary", "maxspeed": NaN, "length": 109.796, "bridge": NaN, "tunnel": NaN, "access": NaN, "junction": NaN, "width": NaN, "est_width": NaN, "iri": 4.1100001335144}}, {"type": "Feature", "geometry": {"type": "LineString", "coordinates": [[-90.7866293, 14.9922462], [-90.7857066, 14.9916451]]}, "properties": {"osmid": "608023738", "oneway": "False", "lanes": NaN, "ref": NaN, "name": "RD GUA-18", "highway": "primary", "maxspeed": NaN, "length": 119.54, "bridge": NaN, "tunnel": NaN, "access": NaN, "junction": NaN, "width": NaN, "est_width": NaN, "iri": 4.1100001335144}}, {"type": "Feature", "geometry": {"type": "LineString", "coordinates": [[-90.7857066, 14.9916451], [-90.7850843, 14.9911269]]}, "properties": {"osmid": "608023738", "oneway": "False", "lanes": NaN, "ref": NaN, "name": "RD GUA-18", "highway": "primary", "maxspeed": NaN, "length": 88.25, "bridge": NaN, "tunnel": NaN, "access": NaN, "junction": NaN, "width": NaN, "est_width": NaN, "iri": 4.1100001335144}}, {"type": "Feature", "geometry": {"type": "LineString", "coordinates": [[-90.7850843, 14.9911269], [-90.7846981, 14.9908834]]}, "properties": {"osmid": "608023738", "oneway": "False", "lanes": NaN, "ref": NaN, "name": "RD GUA-18", "highway": "primary", "maxspeed": NaN, "length": 49.537, "bridge": NaN, "tunnel": NaN, "access": NaN, "junction": NaN, "width": NaN, "est_width": NaN, "iri": 4.1100001335144}}, {"type": "Feature", "geometry": {"type": "LineString", "coordinates": [[-90.7846981, 14.9908834], [-90.784226, 14.9906554]]}, "properties": {"osmid": "608023738", "oneway": "False", "lanes": NaN, "ref": NaN, "name": "RD GUA-18", "highway": "primary", "maxspeed": NaN, "length": 56.693, "bridge": NaN, "tunnel": NaN, "access": NaN, "junction": NaN, "width": NaN, "est_width": NaN, "iri": 4.1100001335144}}, {"type": "Feature", "geometry": {"type": "LineString", "coordinates": [[-90.784226, 14.9906554], [-90.7835018, 14.9904015]]}, "properties": {"osmid": "608023738", "oneway": "False", "lanes": NaN, "ref": NaN, "name": "RD GUA-18", "highway": "primary", "maxspeed": NaN, "length": 82.752, "bridge": NaN, "tunnel": NaN, "access": NaN, "junction": NaN, "width": NaN, "est_width": NaN, "iri": 4.1100001335144}}, {"type": "Feature", "geometry": {"type": "LineString", "coordinates": [[-90.7835018, 14.9904015], [-90.7824719, 14.98979]]}, "properties": {"osmid": "608023738", "oneway": "False", "lanes": NaN, "ref": NaN, "name": "RD GUA-18", "highway": "primary", "maxspeed": NaN, "length": 129.849, "bridge": NaN, "tunnel": NaN, "access": NaN, "junction": NaN, "width": NaN, "est_width": NaN, "iri": 4.1100001335144}}, {"type": "Feature", "geometry": {"type": "LineString", "coordinates": [[-90.7824719, 14.98979], [-90.781554, 14.9893986]]}, "properties": {"osmid": "608023738", "oneway": "False", "lanes": NaN, "ref": NaN, "name": "RD GUA-18", "highway": "primary", "maxspeed": NaN, "length": 107.772, "bridge": NaN, "tunnel": NaN, "access": NaN, "junction": NaN, "width": NaN, "est_width": NaN, "iri": 4.1100001335144}}, {"type": "Feature", "geometry": {"type": "LineString", "coordinates": [[-90.781554, 14.9893986], [-90.780726, 14.9888978]]}, "properties": {"osmid": "608023738", "oneway": "False", "lanes": NaN, "ref": NaN, "name": "RD GUA-18", "highway": "primary", "maxspeed": NaN, "length": 104.932, "bridge": NaN, "tunnel": NaN, "access": NaN, "junction": NaN, "width": NaN, "est_width": NaN, "iri": 4.1100001335144}}, {"type": "Feature", "geometry": {"type": "LineString", "coordinates": [[-90.780726, 14.9888978], [-90.7799861, 14.9882958]]}, "properties": {"osmid": "608023738", "oneway": "False", "lanes": NaN, "ref": NaN, "name": "RD GUA-18", "highway": "primary", "maxspeed": NaN, "length": 103.909, "bridge": NaN, "tunnel": NaN, "access": NaN, "junction": NaN, "width": NaN, "est_width": NaN, "iri": 4.1100001335144}}, {"type": "Feature", "geometry": {"type": "LineString", "coordinates": [[-90.7799861, 14.9882958], [-90.7792084, 14.9876763]]}, "properties": {"osmid": "608023738", "oneway": "False", "lanes": NaN, "ref": NaN, "name": "RD GUA-18", "highway": "primary", "maxspeed": NaN, "length": 108.274, "bridge": NaN, "tunnel": NaN, "access": NaN, "junction": NaN, "width": NaN, "est_width": NaN, "iri": 4.1100001335144}}, {"type": "Feature", "geometry": {"type": "LineString", "coordinates": [[-90.7792084, 14.9876763], [-90.7783578, 14.9871888]]}, "properties": {"osmid": "608023738", "oneway": "False", "lanes": NaN, "ref": NaN, "name": "RD GUA-18", "highway": "primary", "maxspeed": NaN, "length": 106.236, "bridge": NaN, "tunnel": NaN, "access": NaN, "junction": NaN, "width": NaN, "est_width": NaN, "iri": 4.1100001335144}}, {"type": "Feature", "geometry": {"type": "LineString", "coordinates": [[-90.7783578, 14.9871888], [-90.7774699, 14.986837]]}, "properties": {"osmid": "608023738", "oneway": "False", "lanes": NaN, "ref": NaN, "name": "RD GUA-18", "highway": "primary", "maxspeed": NaN, "length": 103.083, "bridge": NaN, "tunnel": NaN, "access": NaN, "junction": NaN, "width": NaN, "est_width": NaN, "iri": 4.1100001335144}}, {"type": "Feature", "geometry": {"type": "LineString", "coordinates": [[-90.7774699, 14.986837], [-90.7766669, 14.9862436]]}, "properties": {"osmid": "608023738", "oneway": "False", "lanes": NaN, "ref": NaN, "name": "RD GUA-18", "highway": "primary", "maxspeed": NaN, "length": 108.597, "bridge": NaN, "tunnel": NaN, "access": NaN, "junction": NaN, "width": NaN, "est_width": NaN, "iri": 4.1100001335144}}, {"type": "Feature", "geometry": {"type": "LineString", "coordinates": [[-90.7766669, 14.9862436], [-90.7761755, 14.9859667]]}, "properties": {"osmid": "608023738", "oneway": "False", "lanes": NaN, "ref": NaN, "name": "RD GUA-18", "highway": "primary", "maxspeed": NaN, "length": 61.107, "bridge": NaN, "tunnel": NaN, "access": NaN, "junction": NaN, "width": NaN, "est_width": NaN, "iri": 4.1100001335144}}, {"type": "Feature", "geometry": {"type": "LineString", "coordinates": [[-90.7761755, 14.9859667], [-90.7757663, 14.9859496]]}, "properties": {"osmid": "608023738", "oneway": "False", "lanes": NaN, "ref": NaN, "name": "RD GUA-18", "highway": "primary", "maxspeed": NaN, "length": 43.995, "bridge": NaN, "tunnel": NaN, "access": NaN, "junction": NaN, "width": NaN, "est_width": NaN, "iri": 4.1100001335144}}, {"type": "Feature", "geometry": {"type": "LineString", "coordinates": [[-90.7757663, 14.9859496], [-90.7748844, 14.9862806]]}, "properties": {"osmid": "608023738", "oneway": "False", "lanes": NaN, "ref": NaN, "name": "RD GUA-18", "highway": "primary", "maxspeed": NaN, "length": 101.627, "bridge": NaN, "tunnel": NaN, "access": NaN, "junction": NaN, "width": NaN, "est_width": NaN, "iri": 4.1100001335144}}, {"type": "Feature", "geometry": {"type": "LineString", "coordinates": [[-90.7748844, 14.9862806], [-90.7740267, 14.9867203]]}, "properties": {"osmid": "608023738", "oneway": "False", "lanes": NaN, "ref": NaN, "name": "RD GUA-18", "highway": "primary", "maxspeed": NaN, "length": 104.298, "bridge": NaN, "tunnel": NaN, "access": NaN, "junction": NaN, "width": NaN, "est_width": NaN, "iri": 4.1100001335144}}, {"type": "Feature", "geometry": {"type": "LineString", "coordinates": [[-90.7740267, 14.9867203], [-90.7732306, 14.9871464]]}, "properties": {"osmid": "608023738", "oneway": "False", "lanes": NaN, "ref": NaN, "name": "RD GUA-18", "highway": "primary", "maxspeed": NaN, "length": 97.76, "bridge": NaN, "tunnel": NaN, "access": NaN, "junction": NaN, "width": NaN, "est_width": NaN, "iri": 4.1100001335144}}, {"type": "Feature", "geometry": {"type": "LineString", "coordinates": [[-90.7732306, 14.9871464], [-90.7729195, 14.9863342]]}, "properties": {"osmid": "608016029", "oneway": "False", "lanes": NaN, "ref": NaN, "name": NaN, "highway": "unclassified", "maxspeed": NaN, "length": 96.296, "bridge": NaN, "tunnel": NaN, "access": NaN, "junction": NaN, "width": NaN, "est_width": NaN, "iri": 4.1100001335144}}]}