{"type": "FeatureCollection", "features": [{"type": "Feature", "geometry": {"type": "LineString", "coordinates": [[-89.5612718, 15.9791181], [-89.5614455, 15.9793746]]}, "properties": {"osmid": "656559938", "oneway": "False", "lanes": NaN, "ref": NaN, "name": NaN, "highway": "unclassified", "maxspeed": NaN, "length": 34.033, "bridge": NaN, "tunnel": NaN, "access": NaN, "junction": NaN, "width": NaN, "est_width": NaN, "iri": 26.6100006103516}}, {"type": "Feature", "geometry": {"type": "LineString", "coordinates": [[-89.5614455, 15.9793746], [-89.5617336, 15.9792001]]}, "properties": {"osmid": "668699528", "oneway": "False", "lanes": NaN, "ref": "RD AV-10", "name": NaN, "highway": "secondary", "maxspeed": NaN, "length": 36.4, "bridge": NaN, "tunnel": NaN, "access": NaN, "junction": NaN, "width": NaN, "est_width": NaN, "iri": 26.6100006103516}}, {"type": "Feature", "geometry": {"type": "LineString", "coordinates": [[-89.5617336, 15.9792001], [-89.5628978, 15.9787706]]}, "properties": {"osmid": "668699528", "oneway": "False", "lanes": NaN, "ref": "RD AV-10", "name": NaN, "highway": "secondary", "maxspeed": NaN, "length": 133.301, "bridge": NaN, "tunnel": NaN, "access": NaN, "junction": NaN, "width": NaN, "est_width": NaN, "iri": 26.6100006103516}}, {"type": "Feature", "geometry": {"type": "LineString", "coordinates": [[-89.5628978, 15.9787706], [-89.5631952, 15.9785698]]}, "properties": {"osmid": "668699528", "oneway": "False", "lanes": NaN, "ref": "RD AV-10", "name": NaN, "highway": "secondary", "maxspeed": NaN, "length": 38.849, "bridge": NaN, "tunnel": NaN, "access": NaN, "junction": NaN, "width": NaN, "est_width": NaN, "iri": 26.6100006103516}}, {"type": "Feature", "geometry": {"type": "LineString", "coordinates": [[-89.5631952, 15.9785698], [-89.563859, 15.9780961]]}, "properties": {"osmid": "668699528", "oneway": "False", "lanes": NaN, "ref": "RD AV-10", "name": NaN, "highway": "secondary", "maxspeed": NaN, "length": 88.373, "bridge": NaN, "tunnel": NaN, "access": NaN, "junction": NaN, "width": NaN, "est_width": NaN, "iri": 26.6100006103516}}, {"type": "Feature", "geometry": {"type": "LineString", "coordinates": [[-89.563859, 15.9780961], [-89.564397, 15.9777899]]}, "properties": {"osmid": "668699528", "oneway": "False", "lanes": NaN, "ref": "RD AV-10", "name": NaN, "highway": "secondary", "maxspeed": NaN, "length": 66.835, "bridge": NaN, "tunnel": NaN, "access": NaN, "junction": NaN, "width": NaN, "est_width": NaN, "iri": 26.6100006103516}}, {"type": "Feature", "geometry": {"type": "LineString", "coordinates": [[-89.564397, 15.9777899], [-89.565138, 15.9775499]]}, "properties": {"osmid": "668699528", "oneway": "False", "lanes": NaN, "ref": "RD AV-10", "name": NaN, "highway": "secondary", "maxspeed": NaN, "length": 83.587, "bridge": NaN, "tunnel": NaN, "access": NaN, "junction": NaN, "width": NaN, "est_width": NaN, "iri": 26.6100006103516}}, {"type": "Feature", "geometry": {"type": "LineString", "coordinates": [[-89.565138, 15.9775499], [-89.5693159, 15.9753977]]}, "properties": {"osmid": "668699528", "oneway": "False", "lanes": NaN, "ref": "RD AV-10", "name": NaN, "highway": "secondary", "maxspeed": NaN, "length": 506.694, "bridge": NaN, "tunnel": NaN, "access": NaN, "junction": NaN, "width": NaN, "est_width": NaN, "iri": 26.6100006103516}}, {"type": "Feature", "geometry": {"type": "LineString", "coordinates": [[-89.5693159, 15.9753977], [-89.5700235, 15.9750271]]}, "properties": {"osmid": "668699528", "oneway": "False", "lanes": NaN, "ref": "RD AV-10", "name": NaN, "highway": "secondary", "maxspeed": NaN, "length": 86.14, "bridge": NaN, "tunnel": NaN, "access": NaN, "junction": NaN, "width": NaN, "est_width": NaN, "iri": 26.6100006103516}}, {"type": "Feature", "geometry": {"type": "LineString", "coordinates": [[-89.5700235, 15.9750271], [-89.5710497, 15.9747098]]}, "properties": {"osmid": "668699528", "oneway": "False", "lanes": NaN, "ref": "RD AV-10", "name": NaN, "highway": "secondary", "maxspeed": NaN, "length": 115.236, "bridge": NaN, "tunnel": NaN, "access": NaN, "junction": NaN, "width": NaN, "est_width": NaN, "iri": 26.6100006103516}}, {"type": "Feature", "geometry": {"type": "LineString", "coordinates": [[-89.5710497, 15.9747098], [-89.5738337, 15.9735958]]}, "properties": {"osmid": "668699528", "oneway": "False", "lanes": NaN, "ref": "RD AV-10", "name": NaN, "highway": "secondary", "maxspeed": NaN, "length": 322.363, "bridge": NaN, "tunnel": NaN, "access": NaN, "junction": NaN, "width": NaN, "est_width": NaN, "iri": 26.6100006103516}}, {"type": "Feature", "geometry": {"type": "LineString", "coordinates": [[-89.5738337, 15.9735958], [-89.5750265, 15.9732053]]}, "properties": {"osmid": "668699528", "oneway": "False", "lanes": NaN, "ref": "RD AV-10", "name": NaN, "highway": "secondary", "maxspeed": NaN, "length": 134.703, "bridge": NaN, "tunnel": NaN, "access": NaN, "junction": NaN, "width": NaN, "est_width": NaN, "iri": 26.6100006103516}}]}