{"type": "FeatureCollection", "features": [{"type": "Feature", "geometry": {"type": "LineString", "coordinates": [[-89.4656511, 16.1416805], [-89.4653936, 16.1412064]]}, "properties": {"osmid": "658503608", "oneway": "False", "lanes": NaN, "ref": NaN, "name": NaN, "highway": "unclassified", "maxspeed": NaN, "length": 59.461, "bridge": NaN, "tunnel": NaN, "access": NaN, "junction": NaN, "width": NaN, "est_width": NaN, "iri": 3.57999992370605}}, {"type": "Feature", "geometry": {"type": "LineString", "coordinates": [[-89.4653936, 16.1412064], [-89.4661002, 16.1397295]]}, "properties": {"osmid": "658503608", "oneway": "False", "lanes": NaN, "ref": NaN, "name": NaN, "highway": "unclassified", "maxspeed": NaN, "length": 180.737, "bridge": NaN, "tunnel": NaN, "access": NaN, "junction": NaN, "width": NaN, "est_width": NaN, "iri": 3.57999992370605}}, {"type": "Feature", "geometry": {"type": "LineString", "coordinates": [[-89.4661002, 16.1397295], [-89.4660159, 16.1393204]]}, "properties": {"osmid": "658503608", "oneway": "False", "lanes": NaN, "ref": NaN, "name": NaN, "highway": "unclassified", "maxspeed": NaN, "length": 46.373, "bridge": NaN, "tunnel": NaN, "access": NaN, "junction": NaN, "width": NaN, "est_width": NaN, "iri": 3.57999992370605}}, {"type": "Feature", "geometry": {"type": "LineString", "coordinates": [[-89.4660159, 16.1393204], [-89.4662412, 16.1386093]]}, "properties": {"osmid": "658503608", "oneway": "False", "lanes": NaN, "ref": NaN, "name": NaN, "highway": "unclassified", "maxspeed": NaN, "length": 82.652, "bridge": NaN, "tunnel": NaN, "access": NaN, "junction": NaN, "width": NaN, "est_width": NaN, "iri": 3.57999992370605}}, {"type": "Feature", "geometry": {"type": "LineString", "coordinates": [[-89.4662412, 16.1386093], [-89.4666381, 16.138362]]}, "properties": {"osmid": "658503608", "oneway": "False", "lanes": NaN, "ref": NaN, "name": NaN, "highway": "unclassified", "maxspeed": NaN, "length": 50.532, "bridge": NaN, "tunnel": NaN, "access": NaN, "junction": NaN, "width": NaN, "est_width": NaN, "iri": 3.57999992370605}}, {"type": "Feature", "geometry": {"type": "LineString", "coordinates": [[-89.4666381, 16.138362], [-89.4667132, 16.1380734]]}, "properties": {"osmid": "658503608", "oneway": "False", "lanes": NaN, "ref": NaN, "name": NaN, "highway": "unclassified", "maxspeed": NaN, "length": 33.078, "bridge": NaN, "tunnel": NaN, "access": NaN, "junction": NaN, "width": NaN, "est_width": NaN, "iri": 3.57999992370605}}, {"type": "Feature", "geometry": {"type": "LineString", "coordinates": [[-89.4667132, 16.1380734], [-89.4664772, 16.137723]]}, "properties": {"osmid": "658503608", "oneway": "False", "lanes": NaN, "ref": NaN, "name": NaN, "highway": "unclassified", "maxspeed": NaN, "length": 46.406, "bridge": NaN, "tunnel": NaN, "access": NaN, "junction": NaN, "width": NaN, "est_width": NaN, "iri": 3.57999992370605}}, {"type": "Feature", "geometry": {"type": "LineString", "coordinates": [[-89.4664772, 16.137723], [-89.466563, 16.1374241]]}, "properties": {"osmid": "658503608", "oneway": "False", "lanes": NaN, "ref": NaN, "name": NaN, "highway": "unclassified", "maxspeed": NaN, "length": 34.477, "bridge": NaN, "tunnel": NaN, "access": NaN, "junction": NaN, "width": NaN, "est_width": NaN, "iri": 3.57999992370605}}, {"type": "Feature", "geometry": {"type": "LineString", "coordinates": [[-89.466563, 16.1374241], [-89.4665201, 16.1370222]]}, "properties": {"osmid": "658503608", "oneway": "False", "lanes": NaN, "ref": NaN, "name": NaN, "highway": "unclassified", "maxspeed": NaN, "length": 44.924, "bridge": NaN, "tunnel": NaN, "access": NaN, "junction": NaN, "width": NaN, "est_width": NaN, "iri": 3.57999992370605}}, {"type": "Feature", "geometry": {"type": "LineString", "coordinates": [[-89.4665201, 16.1370222], [-89.4667669, 16.1364863]]}, "properties": {"osmid": "658503608", "oneway": "False", "lanes": NaN, "ref": NaN, "name": NaN, "highway": "unclassified", "maxspeed": NaN, "length": 65.16, "bridge": NaN, "tunnel": NaN, "access": NaN, "junction": NaN, "width": NaN, "est_width": NaN, "iri": 3.57999992370605}}, {"type": "Feature", "geometry": {"type": "LineString", "coordinates": [[-89.4667669, 16.1364863], [-89.4675286, 16.1357442]]}, "properties": {"osmid": "658503608", "oneway": "False", "lanes": NaN, "ref": NaN, "name": NaN, "highway": "unclassified", "maxspeed": NaN, "length": 115.882, "bridge": NaN, "tunnel": NaN, "access": NaN, "junction": NaN, "width": NaN, "est_width": NaN, "iri": 3.57999992370605}}, {"type": "Feature", "geometry": {"type": "LineString", "coordinates": [[-89.4675286, 16.1357442], [-89.4674973, 16.1354734]]}, "properties": {"osmid": "658503608", "oneway": "False", "lanes": NaN, "ref": NaN, "name": NaN, "highway": "unclassified", "maxspeed": NaN, "length": 30.297, "bridge": NaN, "tunnel": NaN, "access": NaN, "junction": NaN, "width": NaN, "est_width": NaN, "iri": 3.57999992370605}}, {"type": "Feature", "geometry": {"type": "LineString", "coordinates": [[-89.4674973, 16.1354734], [-89.4673001, 16.1350946]]}, "properties": {"osmid": "658503608", "oneway": "False", "lanes": NaN, "ref": NaN, "name": NaN, "highway": "unclassified", "maxspeed": NaN, "length": 47.094, "bridge": NaN, "tunnel": NaN, "access": NaN, "junction": NaN, "width": NaN, "est_width": NaN, "iri": 3.57999992370605}}, {"type": "Feature", "geometry": {"type": "LineString", "coordinates": [[-89.4673001, 16.1350946], [-89.4673248, 16.1346802]]}, "properties": {"osmid": "658503608", "oneway": "False", "lanes": NaN, "ref": NaN, "name": NaN, "highway": "unclassified", "maxspeed": NaN, "length": 46.155, "bridge": NaN, "tunnel": NaN, "access": NaN, "junction": NaN, "width": NaN, "est_width": NaN, "iri": 3.57999992370605}}, {"type": "Feature", "geometry": {"type": "LineString", "coordinates": [[-89.4673248, 16.1346802], [-89.4664867, 16.1328333]]}, "properties": {"osmid": "658503608", "oneway": "False", "lanes": NaN, "ref": NaN, "name": NaN, "highway": "unclassified", "maxspeed": NaN, "length": 224.03, "bridge": NaN, "tunnel": NaN, "access": NaN, "junction": NaN, "width": NaN, "est_width": NaN, "iri": 3.57999992370605}}, {"type": "Feature", "geometry": {"type": "LineString", "coordinates": [[-89.4664867, 16.1328333], [-89.4662403, 16.1326794]]}, "properties": {"osmid": "658503608", "oneway": "False", "lanes": NaN, "ref": NaN, "name": NaN, "highway": "unclassified", "maxspeed": NaN, "length": 31.394, "bridge": NaN, "tunnel": NaN, "access": NaN, "junction": NaN, "width": NaN, "est_width": NaN, "iri": 3.57999992370605}}, {"type": "Feature", "geometry": {"type": "LineString", "coordinates": [[-89.4662403, 16.1326794], [-89.4597208, 16.1302288]]}, "properties": {"osmid": "658503608", "oneway": "False", "lanes": NaN, "ref": NaN, "name": NaN, "highway": "unclassified", "maxspeed": NaN, "length": 747.808, "bridge": NaN, "tunnel": NaN, "access": NaN, "junction": NaN, "width": NaN, "est_width": NaN, "iri": 3.57999992370605}}, {"type": "Feature", "geometry": {"type": "LineString", "coordinates": [[-89.4597208, 16.1302288], [-89.4594003, 16.1299802]]}, "properties": {"osmid": "658503608", "oneway": "False", "lanes": NaN, "ref": NaN, "name": NaN, "highway": "unclassified", "maxspeed": NaN, "length": 44.002, "bridge": NaN, "tunnel": NaN, "access": NaN, "junction": NaN, "width": NaN, "est_width": NaN, "iri": 3.57999992370605}}, {"type": "Feature", "geometry": {"type": "LineString", "coordinates": [[-89.4594003, 16.1299802], [-89.4588211, 16.1294829]]}, "properties": {"osmid": "658503608", "oneway": "False", "lanes": NaN, "ref": NaN, "name": NaN, "highway": "unclassified", "maxspeed": NaN, "length": 82.979, "bridge": NaN, "tunnel": NaN, "access": NaN, "junction": NaN, "width": NaN, "est_width": NaN, "iri": 3.57999992370605}}, {"type": "Feature", "geometry": {"type": "LineString", "coordinates": [[-89.4588211, 16.1294829], [-89.4582665, 16.1287489]]}, "properties": {"osmid": "658503608", "oneway": "False", "lanes": NaN, "ref": NaN, "name": NaN, "highway": "unclassified", "maxspeed": NaN, "length": 100.851, "bridge": NaN, "tunnel": NaN, "access": NaN, "junction": NaN, "width": NaN, "est_width": NaN, "iri": 3.57999992370605}}, {"type": "Feature", "geometry": {"type": "LineString", "coordinates": [[-89.4582665, 16.1287489], [-89.4578475, 16.1284648]]}, "properties": {"osmid": "658503608", "oneway": "False", "lanes": NaN, "ref": NaN, "name": NaN, "highway": "unclassified", "maxspeed": NaN, "length": 54.783, "bridge": NaN, "tunnel": NaN, "access": NaN, "junction": NaN, "width": NaN, "est_width": NaN, "iri": 3.57999992370605}}, {"type": "Feature", "geometry": {"type": "LineString", "coordinates": [[-89.4578475, 16.1284648], [-89.4573052, 16.128299]]}, "properties": {"osmid": "658503608", "oneway": "False", "lanes": NaN, "ref": NaN, "name": NaN, "highway": "unclassified", "maxspeed": NaN, "length": 60.791, "bridge": NaN, "tunnel": NaN, "access": NaN, "junction": NaN, "width": NaN, "est_width": NaN, "iri": 3.57999992370605}}, {"type": "Feature", "geometry": {"type": "LineString", "coordinates": [[-89.4573052, 16.128299], [-89.4559127, 16.1272839]]}, "properties": {"osmid": "658503608", "oneway": "False", "lanes": NaN, "ref": NaN, "name": NaN, "highway": "unclassified", "maxspeed": NaN, "length": 186.724, "bridge": NaN, "tunnel": NaN, "access": NaN, "junction": NaN, "width": NaN, "est_width": NaN, "iri": 3.57999992370605}}, {"type": "Feature", "geometry": {"type": "LineString", "coordinates": [[-89.4559127, 16.1272839], [-89.455412, 16.1270016]]}, "properties": {"osmid": "658503608", "oneway": "False", "lanes": NaN, "ref": NaN, "name": NaN, "highway": "unclassified", "maxspeed": NaN, "length": 62.016, "bridge": NaN, "tunnel": NaN, "access": NaN, "junction": NaN, "width": NaN, "est_width": NaN, "iri": 3.57999992370605}}, {"type": "Feature", "geometry": {"type": "LineString", "coordinates": [[-89.455412, 16.1270016], [-89.4547826, 16.1266468]]}, "properties": {"osmid": "658503608", "oneway": "False", "lanes": NaN, "ref": NaN, "name": NaN, "highway": "unclassified", "maxspeed": NaN, "length": 77.953, "bridge": NaN, "tunnel": NaN, "access": NaN, "junction": NaN, "width": NaN, "est_width": NaN, "iri": 3.57999992370605}}, {"type": "Feature", "geometry": {"type": "LineString", "coordinates": [[-89.4547826, 16.1266468], [-89.4541475, 16.12627]]}, "properties": {"osmid": "658503608", "oneway": "False", "lanes": NaN, "ref": NaN, "name": NaN, "highway": "unclassified", "maxspeed": NaN, "length": 79.736, "bridge": NaN, "tunnel": NaN, "access": NaN, "junction": NaN, "width": NaN, "est_width": NaN, "iri": 3.57999992370605}}, {"type": "Feature", "geometry": {"type": "LineString", "coordinates": [[-89.4541475, 16.12627], [-89.4538112, 16.1257496]]}, "properties": {"osmid": "658503608", "oneway": "False", "lanes": NaN, "ref": NaN, "name": NaN, "highway": "unclassified", "maxspeed": NaN, "length": 68.11, "bridge": NaN, "tunnel": NaN, "access": NaN, "junction": NaN, "width": NaN, "est_width": NaN, "iri": 3.57999992370605}}, {"type": "Feature", "geometry": {"type": "LineString", "coordinates": [[-89.4538112, 16.1257496], [-89.45355, 16.1249764]]}, "properties": {"osmid": "658503608", "oneway": "False", "lanes": NaN, "ref": NaN, "name": NaN, "highway": "unclassified", "maxspeed": NaN, "length": 90.39, "bridge": NaN, "tunnel": NaN, "access": NaN, "junction": NaN, "width": NaN, "est_width": NaN, "iri": 3.57999992370605}}]}