{"type": "FeatureCollection", "features": [{"type": "Feature", "geometry": {"type": "LineString", "coordinates": [[-90.1189384, 14.6348661], [-90.1191592, 14.6349639]]}, "properties": {"osmid": "404263428", "oneway": "False", "lanes": "2", "ref": "RD JAL-08", "name": "RD JAL-08", "highway": "tertiary", "maxspeed": NaN, "length": 26.126, "bridge": NaN, "tunnel": NaN, "access": NaN, "junction": NaN, "width": NaN, "est_width": NaN, "iri": 8.15999984741211}}, {"type": "Feature", "geometry": {"type": "LineString", "coordinates": [[-90.1191592, 14.6349639], [-90.1196688, 14.6352753]]}, "properties": {"osmid": "404263428", "oneway": "False", "lanes": "2", "ref": "RD JAL-08", "name": "RD JAL-08", "highway": "tertiary", "maxspeed": NaN, "length": 64.845, "bridge": NaN, "tunnel": NaN, "access": NaN, "junction": NaN, "width": NaN, "est_width": NaN, "iri": 8.15999984741211}}, {"type": "Feature", "geometry": {"type": "LineString", "coordinates": [[-90.1196688, 14.6352753], [-90.1201302, 14.6356075]]}, "properties": {"osmid": "404263428", "oneway": "False", "lanes": "2", "ref": "RD JAL-08", "name": "RD JAL-08", "highway": "tertiary", "maxspeed": NaN, "length": 61.876, "bridge": NaN, "tunnel": NaN, "access": NaN, "junction": NaN, "width": NaN, "est_width": NaN, "iri": 8.15999984741211}}, {"type": "Feature", "geometry": {"type": "LineString", "coordinates": [[-90.1201302, 14.6356075], [-90.1204574, 14.6357217]]}, "properties": {"osmid": "404263428", "oneway": "False", "lanes": "2", "ref": "RD JAL-08", "name": "RD JAL-08", "highway": "tertiary", "maxspeed": NaN, "length": 37.423, "bridge": NaN, "tunnel": NaN, "access": NaN, "junction": NaN, "width": NaN, "est_width": NaN, "iri": 8.15999984741211}}, {"type": "Feature", "geometry": {"type": "LineString", "coordinates": [[-90.1204574, 14.6357217], [-90.1207792, 14.6357529]]}, "properties": {"osmid": "404263428", "oneway": "False", "lanes": "2", "ref": "RD JAL-08", "name": "RD JAL-08", "highway": "tertiary", "maxspeed": NaN, "length": 34.795, "bridge": NaN, "tunnel": NaN, "access": NaN, "junction": NaN, "width": NaN, "est_width": NaN, "iri": 8.15999984741211}}, {"type": "Feature", "geometry": {"type": "LineString", "coordinates": [[-90.1207792, 14.6357529], [-90.1213157, 14.6357996]]}, "properties": {"osmid": "404263428", "oneway": "False", "lanes": "2", "ref": "RD JAL-08", "name": "RD JAL-08", "highway": "tertiary", "maxspeed": NaN, "length": 57.954, "bridge": NaN, "tunnel": NaN, "access": NaN, "junction": NaN, "width": NaN, "est_width": NaN, "iri": 8.15999984741211}}, {"type": "Feature", "geometry": {"type": "LineString", "coordinates": [[-90.1213157, 14.6357996], [-90.1214404, 14.6358377]]}, "properties": {"osmid": "404263428", "oneway": "False", "lanes": "2", "ref": "RD JAL-08", "name": "RD JAL-08", "highway": "tertiary", "maxspeed": NaN, "length": 14.069, "bridge": NaN, "tunnel": NaN, "access": NaN, "junction": NaN, "width": NaN, "est_width": NaN, "iri": 8.15999984741211}}, {"type": "Feature", "geometry": {"type": "LineString", "coordinates": [[-90.1214404, 14.6358377], [-90.1216215, 14.635893]]}, "properties": {"osmid": "404263428", "oneway": "False", "lanes": "2", "ref": "RD JAL-08", "name": "RD JAL-08", "highway": "tertiary", "maxspeed": NaN, "length": 20.431, "bridge": NaN, "tunnel": NaN, "access": NaN, "junction": NaN, "width": NaN, "est_width": NaN, "iri": 8.15999984741211}}, {"type": "Feature", "geometry": {"type": "LineString", "coordinates": [[-90.1216215, 14.635893], [-90.1220399, 14.6361058]]}, "properties": {"osmid": "404263428", "oneway": "False", "lanes": "2", "ref": "RD JAL-08", "name": "RD JAL-08", "highway": "tertiary", "maxspeed": NaN, "length": 50.855, "bridge": NaN, "tunnel": NaN, "access": NaN, "junction": NaN, "width": NaN, "est_width": NaN, "iri": 8.15999984741211}}, {"type": "Feature", "geometry": {"type": "LineString", "coordinates": [[-90.1220399, 14.6361058], [-90.1228177, 14.6365314]]}, "properties": {"osmid": "404263428", "oneway": "False", "lanes": "2", "ref": "RD JAL-08", "name": "RD JAL-08", "highway": "tertiary", "maxspeed": NaN, "length": 96.136, "bridge": NaN, "tunnel": NaN, "access": NaN, "junction": NaN, "width": NaN, "est_width": NaN, "iri": 8.15999984741211}}, {"type": "Feature", "geometry": {"type": "LineString", "coordinates": [[-90.1228177, 14.6365314], [-90.1234239, 14.6367183]]}, "properties": {"osmid": "404263428", "oneway": "False", "lanes": "2", "ref": "RD JAL-08", "name": "RD JAL-08", "highway": "tertiary", "maxspeed": NaN, "length": 68.45, "bridge": NaN, "tunnel": NaN, "access": NaN, "junction": NaN, "width": NaN, "est_width": NaN, "iri": 8.15999984741211}}, {"type": "Feature", "geometry": {"type": "LineString", "coordinates": [[-90.1234239, 14.6367183], [-90.1241535, 14.6369622]]}, "properties": {"osmid": "404263428", "oneway": "False", "lanes": "2", "ref": "RD JAL-08", "name": "RD JAL-08", "highway": "tertiary", "maxspeed": NaN, "length": 83.048, "bridge": NaN, "tunnel": NaN, "access": NaN, "junction": NaN, "width": NaN, "est_width": NaN, "iri": 8.15999984741211}}, {"type": "Feature", "geometry": {"type": "LineString", "coordinates": [[-90.1241535, 14.6369622], [-90.1249689, 14.6371023]]}, "properties": {"osmid": "404263428", "oneway": "False", "lanes": "2", "ref": "RD JAL-08", "name": "RD JAL-08", "highway": "tertiary", "maxspeed": NaN, "length": 89.098, "bridge": NaN, "tunnel": NaN, "access": NaN, "junction": NaN, "width": NaN, "est_width": NaN, "iri": 8.15999984741211}}, {"type": "Feature", "geometry": {"type": "LineString", "coordinates": [[-90.1249689, 14.6371023], [-90.1252961, 14.6371075]]}, "properties": {"osmid": "404263428", "oneway": "False", "lanes": "2", "ref": "RD JAL-08", "name": "RD JAL-08", "highway": "tertiary", "maxspeed": NaN, "length": 35.207, "bridge": NaN, "tunnel": NaN, "access": NaN, "junction": NaN, "width": NaN, "est_width": NaN, "iri": 8.15999984741211}}, {"type": "Feature", "geometry": {"type": "LineString", "coordinates": [[-90.1252961, 14.6371075], [-90.1256233, 14.6370712]]}, "properties": {"osmid": "404263428", "oneway": "False", "lanes": "2", "ref": "RD JAL-08", "name": "RD JAL-08", "highway": "tertiary", "maxspeed": NaN, "length": 35.433, "bridge": NaN, "tunnel": NaN, "access": NaN, "junction": NaN, "width": NaN, "est_width": NaN, "iri": 8.15999984741211}}, {"type": "Feature", "geometry": {"type": "LineString", "coordinates": [[-90.1256233, 14.6370712], [-90.1259827, 14.6370971]]}, "properties": {"osmid": "404263428", "oneway": "False", "lanes": "2", "ref": "RD JAL-08", "name": "RD JAL-08", "highway": "tertiary", "maxspeed": NaN, "length": 38.774, "bridge": NaN, "tunnel": NaN, "access": NaN, "junction": NaN, "width": NaN, "est_width": NaN, "iri": 8.15999984741211}}, {"type": "Feature", "geometry": {"type": "LineString", "coordinates": [[-90.1259827, 14.6370971], [-90.1264333, 14.6371542]]}, "properties": {"osmid": "404263428", "oneway": "False", "lanes": "2", "ref": "RD JAL-08", "name": "RD JAL-08", "highway": "tertiary", "maxspeed": NaN, "length": 48.892, "bridge": NaN, "tunnel": NaN, "access": NaN, "junction": NaN, "width": NaN, "est_width": NaN, "iri": 8.15999984741211}}, {"type": "Feature", "geometry": {"type": "LineString", "coordinates": [[-90.1264333, 14.6371542], [-90.1268464, 14.6372373]]}, "properties": {"osmid": "404263428", "oneway": "False", "lanes": "2", "ref": "RD JAL-08", "name": "RD JAL-08", "highway": "tertiary", "maxspeed": NaN, "length": 45.394, "bridge": NaN, "tunnel": NaN, "access": NaN, "junction": NaN, "width": NaN, "est_width": NaN, "iri": 8.15999984741211}}, {"type": "Feature", "geometry": {"type": "LineString", "coordinates": [[-90.1268464, 14.6372373], [-90.1271736, 14.6374034]]}, "properties": {"osmid": "404263428", "oneway": "False", "lanes": "2", "ref": "RD JAL-08", "name": "RD JAL-08", "highway": "tertiary", "maxspeed": NaN, "length": 39.753, "bridge": NaN, "tunnel": NaN, "access": NaN, "junction": NaN, "width": NaN, "est_width": NaN, "iri": 8.15999984741211}}, {"type": "Feature", "geometry": {"type": "LineString", "coordinates": [[-90.1271736, 14.6374034], [-90.1274043, 14.6375487]]}, "properties": {"osmid": "404263428", "oneway": "False", "lanes": "2", "ref": "RD JAL-08", "name": "RD JAL-08", "highway": "tertiary", "maxspeed": NaN, "length": 29.615, "bridge": NaN, "tunnel": NaN, "access": NaN, "junction": NaN, "width": NaN, "est_width": NaN, "iri": 8.15999984741211}}, {"type": "Feature", "geometry": {"type": "LineString", "coordinates": [[-90.1274043, 14.6375487], [-90.1276296, 14.6378549]]}, "properties": {"osmid": "404263428", "oneway": "False", "lanes": "2", "ref": "RD JAL-08", "name": "RD JAL-08", "highway": "tertiary", "maxspeed": NaN, "length": 41.795, "bridge": NaN, "tunnel": NaN, "access": NaN, "junction": NaN, "width": NaN, "est_width": NaN, "iri": 8.15999984741211}}, {"type": "Feature", "geometry": {"type": "LineString", "coordinates": [[-90.1276296, 14.6378549], [-90.1277532, 14.6380031]]}, "properties": {"osmid": "404263428", "oneway": "False", "lanes": "2", "ref": "RD JAL-08", "name": "RD JAL-08", "highway": "tertiary", "maxspeed": NaN, "length": 21.175, "bridge": NaN, "tunnel": NaN, "access": NaN, "junction": NaN, "width": NaN, "est_width": NaN, "iri": 8.15999984741211}}, {"type": "Feature", "geometry": {"type": "LineString", "coordinates": [[-90.1277532, 14.6380031], [-90.1280105, 14.6383117]]}, "properties": {"osmid": "404263428", "oneway": "False", "lanes": "2", "ref": "RD JAL-08", "name": "RD JAL-08", "highway": "tertiary", "maxspeed": NaN, "length": 44.088, "bridge": NaN, "tunnel": NaN, "access": NaN, "junction": NaN, "width": NaN, "est_width": NaN, "iri": 8.15999984741211}}, {"type": "Feature", "geometry": {"type": "LineString", "coordinates": [[-90.1280105, 14.6383117], [-90.1281392, 14.6385089]]}, "properties": {"osmid": "404263428", "oneway": "False", "lanes": "2", "ref": "RD JAL-08", "name": "RD JAL-08", "highway": "tertiary", "maxspeed": NaN, "length": 25.933, "bridge": NaN, "tunnel": NaN, "access": NaN, "junction": NaN, "width": NaN, "est_width": NaN, "iri": 8.15999984741211}}, {"type": "Feature", "geometry": {"type": "LineString", "coordinates": [[-90.1281392, 14.6385089], [-90.1282894, 14.6385452]]}, "properties": {"osmid": "404263428", "oneway": "False", "lanes": "2", "ref": "RD JAL-08", "name": "RD JAL-08", "highway": "tertiary", "maxspeed": NaN, "length": 16.656, "bridge": NaN, "tunnel": NaN, "access": NaN, "junction": NaN, "width": NaN, "est_width": NaN, "iri": 8.15999984741211}}, {"type": "Feature", "geometry": {"type": "LineString", "coordinates": [[-90.1282894, 14.6385452], [-90.1285308, 14.6385141]]}, "properties": {"osmid": "404263428", "oneway": "False", "lanes": "2", "ref": "RD JAL-08", "name": "RD JAL-08", "highway": "tertiary", "maxspeed": NaN, "length": 26.2, "bridge": NaN, "tunnel": NaN, "access": NaN, "junction": NaN, "width": NaN, "est_width": NaN, "iri": 8.15999984741211}}, {"type": "Feature", "geometry": {"type": "LineString", "coordinates": [[-90.1285308, 14.6385141], [-90.1285952, 14.6385764]]}, "properties": {"osmid": "404263428", "oneway": "False", "lanes": "2", "ref": "RD JAL-08", "name": "RD JAL-08", "highway": "tertiary", "maxspeed": NaN, "length": 9.798, "bridge": NaN, "tunnel": NaN, "access": NaN, "junction": NaN, "width": NaN, "est_width": NaN, "iri": 8.15999984741211}}, {"type": "Feature", "geometry": {"type": "LineString", "coordinates": [[-90.1285952, 14.6385764], [-90.1286006, 14.638649]]}, "properties": {"osmid": "404263428", "oneway": "False", "lanes": "2", "ref": "RD JAL-08", "name": "RD JAL-08", "highway": "tertiary", "maxspeed": NaN, "length": 8.094, "bridge": NaN, "tunnel": NaN, "access": NaN, "junction": NaN, "width": NaN, "est_width": NaN, "iri": 8.15999984741211}}, {"type": "Feature", "geometry": {"type": "LineString", "coordinates": [[-90.1286006, 14.638649], [-90.1285791, 14.6387736]]}, "properties": {"osmid": "404263428", "oneway": "False", "lanes": "2", "ref": "RD JAL-08", "name": "RD JAL-08", "highway": "tertiary", "maxspeed": NaN, "length": 14.047, "bridge": NaN, "tunnel": NaN, "access": NaN, "junction": NaN, "width": NaN, "est_width": NaN, "iri": 8.15999984741211}}, {"type": "Feature", "geometry": {"type": "LineString", "coordinates": [[-90.1285791, 14.6387736], [-90.1286274, 14.6388878]]}, "properties": {"osmid": "404263428", "oneway": "False", "lanes": "2", "ref": "RD JAL-08", "name": "RD JAL-08", "highway": "tertiary", "maxspeed": NaN, "length": 13.721, "bridge": NaN, "tunnel": NaN, "access": NaN, "junction": NaN, "width": NaN, "est_width": NaN, "iri": 8.15999984741211}}, {"type": "Feature", "geometry": {"type": "LineString", "coordinates": [[-90.1286274, 14.6388878], [-90.1287454, 14.6389501]]}, "properties": {"osmid": "404263428", "oneway": "False", "lanes": "2", "ref": "RD JAL-08", "name": "RD JAL-08", "highway": "tertiary", "maxspeed": NaN, "length": 14.462, "bridge": NaN, "tunnel": NaN, "access": NaN, "junction": NaN, "width": NaN, "est_width": NaN, "iri": 8.15999984741211}}, {"type": "Feature", "geometry": {"type": "LineString", "coordinates": [[-90.1287454, 14.6389501], [-90.1289841, 14.6391707]]}, "properties": {"osmid": "404263428", "oneway": "False", "lanes": "2", "ref": "RD JAL-08", "name": "RD JAL-08", "highway": "tertiary", "maxspeed": NaN, "length": 35.513, "bridge": NaN, "tunnel": NaN, "access": NaN, "junction": NaN, "width": NaN, "est_width": NaN, "iri": 8.15999984741211}}, {"type": "Feature", "geometry": {"type": "LineString", "coordinates": [[-90.1289841, 14.6391707], [-90.129137, 14.6392771]]}, "properties": {"osmid": "404263428", "oneway": "False", "lanes": "2", "ref": "RD JAL-08", "name": "RD JAL-08", "highway": "tertiary", "maxspeed": NaN, "length": 20.263, "bridge": NaN, "tunnel": NaN, "access": NaN, "junction": NaN, "width": NaN, "est_width": NaN, "iri": 8.15999984741211}}, {"type": "Feature", "geometry": {"type": "LineString", "coordinates": [[-90.129137, 14.6392771], [-90.1293194, 14.6393342]]}, "properties": {"osmid": "404263428", "oneway": "False", "lanes": "2", "ref": "RD JAL-08", "name": "RD JAL-08", "highway": "tertiary", "maxspeed": NaN, "length": 20.625, "bridge": NaN, "tunnel": NaN, "access": NaN, "junction": NaN, "width": NaN, "est_width": NaN, "iri": 8.15999984741211}}, {"type": "Feature", "geometry": {"type": "LineString", "coordinates": [[-90.1293194, 14.6393342], [-90.1295715, 14.6393212]]}, "properties": {"osmid": "404263428", "oneway": "False", "lanes": "2", "ref": "RD JAL-08", "name": "RD JAL-08", "highway": "tertiary", "maxspeed": NaN, "length": 27.161, "bridge": NaN, "tunnel": NaN, "access": NaN, "junction": NaN, "width": NaN, "est_width": NaN, "iri": 8.15999984741211}}, {"type": "Feature", "geometry": {"type": "LineString", "coordinates": [[-90.1295715, 14.6393212], [-90.1297486, 14.6393238]]}, "properties": {"osmid": "404263428", "oneway": "False", "lanes": "2", "ref": "RD JAL-08", "name": "RD JAL-08", "highway": "tertiary", "maxspeed": NaN, "length": 19.056, "bridge": NaN, "tunnel": NaN, "access": NaN, "junction": NaN, "width": NaN, "est_width": NaN, "iri": 8.15999984741211}}, {"type": "Feature", "geometry": {"type": "LineString", "coordinates": [[-90.1297486, 14.6393238], [-90.1298612, 14.6393887]]}, "properties": {"osmid": "404263428", "oneway": "False", "lanes": "2", "ref": "RD JAL-08", "name": "RD JAL-08", "highway": "tertiary", "maxspeed": NaN, "length": 14.101, "bridge": NaN, "tunnel": NaN, "access": NaN, "junction": NaN, "width": NaN, "est_width": NaN, "iri": 8.15999984741211}}, {"type": "Feature", "geometry": {"type": "LineString", "coordinates": [[-90.1298612, 14.6393887], [-90.1300999, 14.6395651]]}, "properties": {"osmid": "404263428", "oneway": "False", "lanes": "2", "ref": "RD JAL-08", "name": "RD JAL-08", "highway": "tertiary", "maxspeed": NaN, "length": 32.315, "bridge": NaN, "tunnel": NaN, "access": NaN, "junction": NaN, "width": NaN, "est_width": NaN, "iri": 8.15999984741211}}, {"type": "Feature", "geometry": {"type": "LineString", "coordinates": [[-90.1300999, 14.6395651], [-90.1303333, 14.6397727]]}, "properties": {"osmid": "404263428", "oneway": "False", "lanes": "2", "ref": "RD JAL-08", "name": "RD JAL-08", "highway": "tertiary", "maxspeed": NaN, "length": 34.109, "bridge": NaN, "tunnel": NaN, "access": NaN, "junction": NaN, "width": NaN, "est_width": NaN, "iri": 8.15999984741211}}, {"type": "Feature", "geometry": {"type": "LineString", "coordinates": [[-90.1303333, 14.6397727], [-90.1305693, 14.6399362]]}, "properties": {"osmid": "404263428", "oneway": "False", "lanes": "2", "ref": "RD JAL-08", "name": "RD JAL-08", "highway": "tertiary", "maxspeed": NaN, "length": 31.228, "bridge": NaN, "tunnel": NaN, "access": NaN, "junction": NaN, "width": NaN, "est_width": NaN, "iri": 8.15999984741211}}, {"type": "Feature", "geometry": {"type": "LineString", "coordinates": [[-90.1305693, 14.6399362], [-90.1308509, 14.6400556]]}, "properties": {"osmid": "404263428", "oneway": "False", "lanes": "2", "ref": "RD JAL-08", "name": "RD JAL-08", "highway": "tertiary", "maxspeed": NaN, "length": 33.077, "bridge": NaN, "tunnel": NaN, "access": NaN, "junction": NaN, "width": NaN, "est_width": NaN, "iri": 8.15999984741211}}, {"type": "Feature", "geometry": {"type": "LineString", "coordinates": [[-90.1308509, 14.6400556], [-90.1312077, 14.6400193]]}, "properties": {"osmid": "404263428", "oneway": "False", "lanes": "2", "ref": "RD JAL-08", "name": "RD JAL-08", "highway": "tertiary", "maxspeed": NaN, "length": 38.598, "bridge": NaN, "tunnel": NaN, "access": NaN, "junction": NaN, "width": NaN, "est_width": NaN, "iri": 8.15999984741211}}, {"type": "Feature", "geometry": {"type": "LineString", "coordinates": [[-90.1312077, 14.6400193], [-90.1316395, 14.63997]]}, "properties": {"osmid": "404263428", "oneway": "False", "lanes": "2", "ref": "RD JAL-08", "name": "RD JAL-08", "highway": "tertiary", "maxspeed": NaN, "length": 46.777, "bridge": NaN, "tunnel": NaN, "access": NaN, "junction": NaN, "width": NaN, "est_width": NaN, "iri": 8.15999984741211}}, {"type": "Feature", "geometry": {"type": "LineString", "coordinates": [[-90.1316395, 14.63997], [-90.1319077, 14.6399336]]}, "properties": {"osmid": "404263428", "oneway": "False", "lanes": "2", "ref": "RD JAL-08", "name": "RD JAL-08", "highway": "tertiary", "maxspeed": NaN, "length": 29.137, "bridge": NaN, "tunnel": NaN, "access": NaN, "junction": NaN, "width": NaN, "est_width": NaN, "iri": 8.15999984741211}}, {"type": "Feature", "geometry": {"type": "LineString", "coordinates": [[-90.1319077, 14.6399336], [-90.1321786, 14.6399466]]}, "properties": {"osmid": "404263428", "oneway": "False", "lanes": "2", "ref": "RD JAL-08", "name": "RD JAL-08", "highway": "tertiary", "maxspeed": NaN, "length": 29.181, "bridge": NaN, "tunnel": NaN, "access": NaN, "junction": NaN, "width": NaN, "est_width": NaN, "iri": 8.15999984741211}}, {"type": "Feature", "geometry": {"type": "LineString", "coordinates": [[-90.1321786, 14.6399466], [-90.1326829, 14.6400141]]}, "properties": {"osmid": "404263428", "oneway": "False", "lanes": "2", "ref": "RD JAL-08", "name": "RD JAL-08", "highway": "tertiary", "maxspeed": NaN, "length": 54.772, "bridge": NaN, "tunnel": NaN, "access": NaN, "junction": NaN, "width": NaN, "est_width": NaN, "iri": 8.15999984741211}}, {"type": "Feature", "geometry": {"type": "LineString", "coordinates": [[-90.1326829, 14.6400141], [-90.132935, 14.6401335]]}, "properties": {"osmid": "404263428", "oneway": "False", "lanes": "2", "ref": "RD JAL-08", "name": "RD JAL-08", "highway": "tertiary", "maxspeed": NaN, "length": 30.197, "bridge": NaN, "tunnel": NaN, "access": NaN, "junction": NaN, "width": NaN, "est_width": NaN, "iri": 8.15999984741211}}, {"type": "Feature", "geometry": {"type": "LineString", "coordinates": [[-90.132935, 14.6401335], [-90.1331174, 14.6402061]]}, "properties": {"osmid": "404263428", "oneway": "False", "lanes": "2", "ref": "RD JAL-08", "name": "RD JAL-08", "highway": "tertiary", "maxspeed": NaN, "length": 21.219, "bridge": NaN, "tunnel": NaN, "access": NaN, "junction": NaN, "width": NaN, "est_width": NaN, "iri": 8.15999984741211}}, {"type": "Feature", "geometry": {"type": "LineString", "coordinates": [[-90.1331174, 14.6402061], [-90.1334044, 14.6403307]]}, "properties": {"osmid": "404263428", "oneway": "False", "lanes": "2", "ref": "RD JAL-08", "name": "RD JAL-08", "highway": "tertiary", "maxspeed": NaN, "length": 33.843, "bridge": NaN, "tunnel": NaN, "access": NaN, "junction": NaN, "width": NaN, "est_width": NaN, "iri": 8.15999984741211}}, {"type": "Feature", "geometry": {"type": "LineString", "coordinates": [[-90.1334044, 14.6403307], [-90.1336485, 14.640406]]}, "properties": {"osmid": "404263428", "oneway": "False", "lanes": "2", "ref": "RD JAL-08", "name": "RD JAL-08", "highway": "tertiary", "maxspeed": NaN, "length": 27.564, "bridge": NaN, "tunnel": NaN, "access": NaN, "junction": NaN, "width": NaN, "est_width": NaN, "iri": 8.15999984741211}}, {"type": "Feature", "geometry": {"type": "LineString", "coordinates": [[-90.1336485, 14.640406], [-90.1338201, 14.6404034]]}, "properties": {"osmid": "404263428", "oneway": "False", "lanes": "2", "ref": "RD JAL-08", "name": "RD JAL-08", "highway": "tertiary", "maxspeed": NaN, "length": 18.464, "bridge": NaN, "tunnel": NaN, "access": NaN, "junction": NaN, "width": NaN, "est_width": NaN, "iri": 8.15999984741211}}, {"type": "Feature", "geometry": {"type": "LineString", "coordinates": [[-90.1338201, 14.6404034], [-90.1343727, 14.6403099]]}, "properties": {"osmid": "404263428", "oneway": "False", "lanes": "2", "ref": "RD JAL-08", "name": "RD JAL-08", "highway": "tertiary", "maxspeed": NaN, "length": 60.354, "bridge": NaN, "tunnel": NaN, "access": NaN, "junction": NaN, "width": NaN, "est_width": NaN, "iri": 8.15999984741211}}, {"type": "Feature", "geometry": {"type": "LineString", "coordinates": [[-90.1343727, 14.6403099], [-90.1347348, 14.6402139]]}, "properties": {"osmid": "404263428", "oneway": "False", "lanes": "2", "ref": "RD JAL-08", "name": "RD JAL-08", "highway": "tertiary", "maxspeed": NaN, "length": 40.393, "bridge": NaN, "tunnel": NaN, "access": NaN, "junction": NaN, "width": NaN, "est_width": NaN, "iri": 8.15999984741211}}, {"type": "Feature", "geometry": {"type": "LineString", "coordinates": [[-90.1347348, 14.6402139], [-90.1350298, 14.6400504]]}, "properties": {"osmid": "404263428", "oneway": "False", "lanes": "2", "ref": "RD JAL-08", "name": "RD JAL-08", "highway": "tertiary", "maxspeed": NaN, "length": 36.576, "bridge": NaN, "tunnel": NaN, "access": NaN, "junction": NaN, "width": NaN, "est_width": NaN, "iri": 8.15999984741211}}, {"type": "Feature", "geometry": {"type": "LineString", "coordinates": [[-90.1350298, 14.6400504], [-90.1353007, 14.63997]]}, "properties": {"osmid": "404263428", "oneway": "False", "lanes": "2", "ref": "RD JAL-08", "name": "RD JAL-08", "highway": "tertiary", "maxspeed": NaN, "length": 30.485, "bridge": NaN, "tunnel": NaN, "access": NaN, "junction": NaN, "width": NaN, "est_width": NaN, "iri": 8.15999984741211}}, {"type": "Feature", "geometry": {"type": "LineString", "coordinates": [[-90.1353007, 14.63997], [-90.135628, 14.6399285]]}, "properties": {"osmid": "404263428", "oneway": "False", "lanes": "2", "ref": "RD JAL-08", "name": "RD JAL-08", "highway": "tertiary", "maxspeed": NaN, "length": 35.514, "bridge": NaN, "tunnel": NaN, "access": NaN, "junction": NaN, "width": NaN, "est_width": NaN, "iri": 8.15999984741211}}, {"type": "Feature", "geometry": {"type": "LineString", "coordinates": [[-90.135628, 14.6399285], [-90.1359445, 14.6398869]]}, "properties": {"osmid": "404263428", "oneway": "False", "lanes": "2", "ref": "RD JAL-08", "name": "RD JAL-08", "highway": "tertiary", "maxspeed": NaN, "length": 34.363, "bridge": NaN, "tunnel": NaN, "access": NaN, "junction": NaN, "width": NaN, "est_width": NaN, "iri": 8.15999984741211}}, {"type": "Feature", "geometry": {"type": "LineString", "coordinates": [[-90.1359445, 14.6398869], [-90.1361168, 14.6398409]]}, "properties": {"osmid": "404263428", "oneway": "False", "lanes": "2", "ref": "RD JAL-08", "name": "RD JAL-08", "highway": "tertiary", "maxspeed": NaN, "length": 19.23, "bridge": NaN, "tunnel": NaN, "access": NaN, "junction": NaN, "width": NaN, "est_width": NaN, "iri": 8.15999984741211}}, {"type": "Feature", "geometry": {"type": "LineString", "coordinates": [[-90.1361168, 14.6398409], [-90.1361446, 14.6398264]]}, "properties": {"osmid": "404263428", "oneway": "False", "lanes": "2", "ref": "RD JAL-08", "name": "RD JAL-08", "highway": "tertiary", "maxspeed": NaN, "length": 3.398, "bridge": NaN, "tunnel": NaN, "access": NaN, "junction": NaN, "width": NaN, "est_width": NaN, "iri": 8.15999984741211}}, {"type": "Feature", "geometry": {"type": "LineString", "coordinates": [[-90.1361446, 14.6398264], [-90.1363173, 14.6397364]]}, "properties": {"osmid": "404263428", "oneway": "False", "lanes": "2", "ref": "RD JAL-08", "name": "RD JAL-08", "highway": "tertiary", "maxspeed": NaN, "length": 21.104, "bridge": NaN, "tunnel": NaN, "access": NaN, "junction": NaN, "width": NaN, "est_width": NaN, "iri": 8.15999984741211}}, {"type": "Feature", "geometry": {"type": "LineString", "coordinates": [[-90.1363173, 14.6397364], [-90.1367303, 14.6396689]]}, "properties": {"osmid": "404263428", "oneway": "False", "lanes": "2", "ref": "RD JAL-08", "name": "RD JAL-08", "highway": "tertiary", "maxspeed": NaN, "length": 45.062, "bridge": NaN, "tunnel": NaN, "access": NaN, "junction": NaN, "width": NaN, "est_width": NaN, "iri": 8.15999984741211}}, {"type": "Feature", "geometry": {"type": "LineString", "coordinates": [[-90.1367303, 14.6396689], [-90.1370415, 14.639643]]}, "properties": {"osmid": "404263428", "oneway": "False", "lanes": "2", "ref": "RD JAL-08", "name": "RD JAL-08", "highway": "tertiary", "maxspeed": NaN, "length": 33.604, "bridge": NaN, "tunnel": NaN, "access": NaN, "junction": NaN, "width": NaN, "est_width": NaN, "iri": 8.15999984741211}}, {"type": "Feature", "geometry": {"type": "LineString", "coordinates": [[-90.1370415, 14.639643], [-90.1375082, 14.6394535]]}, "properties": {"osmid": "404263428", "oneway": "False", "lanes": "2", "ref": "RD JAL-08", "name": "RD JAL-08", "highway": "tertiary", "maxspeed": NaN, "length": 54.452, "bridge": NaN, "tunnel": NaN, "access": NaN, "junction": NaN, "width": NaN, "est_width": NaN, "iri": 8.15999984741211}}, {"type": "Feature", "geometry": {"type": "LineString", "coordinates": [[-90.1375082, 14.6394535], [-90.1378756, 14.6392356]]}, "properties": {"osmid": "404263428", "oneway": "False", "lanes": "2", "ref": "RD JAL-08", "name": "RD JAL-08", "highway": "tertiary", "maxspeed": NaN, "length": 46.362, "bridge": NaN, "tunnel": NaN, "access": NaN, "junction": NaN, "width": NaN, "est_width": NaN, "iri": 8.15999984741211}}, {"type": "Feature", "geometry": {"type": "LineString", "coordinates": [[-90.1378756, 14.6392356], [-90.138286, 14.6390695]]}, "properties": {"osmid": "404263428", "oneway": "False", "lanes": "2", "ref": "RD JAL-08", "name": "RD JAL-08", "highway": "tertiary", "maxspeed": NaN, "length": 47.86, "bridge": NaN, "tunnel": NaN, "access": NaN, "junction": NaN, "width": NaN, "est_width": NaN, "iri": 8.15999984741211}}, {"type": "Feature", "geometry": {"type": "LineString", "coordinates": [[-90.138286, 14.6390695], [-90.1386964, 14.6389786]]}, "properties": {"osmid": "404263428", "oneway": "False", "lanes": "2", "ref": "RD JAL-08", "name": "RD JAL-08", "highway": "tertiary", "maxspeed": NaN, "length": 45.295, "bridge": NaN, "tunnel": NaN, "access": NaN, "junction": NaN, "width": NaN, "est_width": NaN, "iri": 8.15999984741211}}, {"type": "Feature", "geometry": {"type": "LineString", "coordinates": [[-90.1386964, 14.6389786], [-90.1388761, 14.6389734]]}, "properties": {"osmid": "404263428", "oneway": "False", "lanes": "2", "ref": "RD JAL-08", "name": "RD JAL-08", "highway": "tertiary", "maxspeed": NaN, "length": 19.342, "bridge": NaN, "tunnel": NaN, "access": NaN, "junction": NaN, "width": NaN, "est_width": NaN, "iri": 8.15999984741211}}, {"type": "Feature", "geometry": {"type": "LineString", "coordinates": [[-90.1388761, 14.6389734], [-90.139036, 14.6390106]]}, "properties": {"osmid": "404263428", "oneway": "False", "lanes": "2", "ref": "RD JAL-08", "name": "RD JAL-08", "highway": "tertiary", "maxspeed": NaN, "length": 17.693, "bridge": NaN, "tunnel": NaN, "access": NaN, "junction": NaN, "width": NaN, "est_width": NaN, "iri": 8.15999984741211}}, {"type": "Feature", "geometry": {"type": "LineString", "coordinates": [[-90.139036, 14.6390106], [-90.1391443, 14.6390383]]}, "properties": {"osmid": "404263428", "oneway": "False", "lanes": "2", "ref": "RD JAL-08", "name": "RD JAL-08", "highway": "tertiary", "maxspeed": NaN, "length": 12.052, "bridge": NaN, "tunnel": NaN, "access": NaN, "junction": NaN, "width": NaN, "est_width": NaN, "iri": 8.15999984741211}}, {"type": "Feature", "geometry": {"type": "LineString", "coordinates": [[-90.1391443, 14.6390383], [-90.1393991, 14.6392096]]}, "properties": {"osmid": "404263428", "oneway": "False", "lanes": "2", "ref": "RD JAL-08", "name": "RD JAL-08", "highway": "tertiary", "maxspeed": NaN, "length": 33.381, "bridge": NaN, "tunnel": NaN, "access": NaN, "junction": NaN, "width": NaN, "est_width": NaN, "iri": 8.15999984741211}}, {"type": "Feature", "geometry": {"type": "LineString", "coordinates": [[-90.1393991, 14.6392096], [-90.1396459, 14.6393549]]}, "properties": {"osmid": "404263428", "oneway": "False", "lanes": "2", "ref": "RD JAL-08", "name": "RD JAL-08", "highway": "tertiary", "maxspeed": NaN, "length": 31.081, "bridge": NaN, "tunnel": NaN, "access": NaN, "junction": NaN, "width": NaN, "est_width": NaN, "iri": 8.15999984741211}}, {"type": "Feature", "geometry": {"type": "LineString", "coordinates": [[-90.1396459, 14.6393549], [-90.1398793, 14.6394509]]}, "properties": {"osmid": "404263428", "oneway": "False", "lanes": "2", "ref": "RD JAL-08", "name": "RD JAL-08", "highway": "tertiary", "maxspeed": NaN, "length": 27.285, "bridge": NaN, "tunnel": NaN, "access": NaN, "junction": NaN, "width": NaN, "est_width": NaN, "iri": 8.15999984741211}}, {"type": "Feature", "geometry": {"type": "LineString", "coordinates": [[-90.1398793, 14.6394509], [-90.1400777, 14.6394847]]}, "properties": {"osmid": "404263428", "oneway": "False", "lanes": "2", "ref": "RD JAL-08", "name": "RD JAL-08", "highway": "tertiary", "maxspeed": NaN, "length": 21.673, "bridge": NaN, "tunnel": NaN, "access": NaN, "junction": NaN, "width": NaN, "est_width": NaN, "iri": 8.15999984741211}}, {"type": "Feature", "geometry": {"type": "LineString", "coordinates": [[-90.1400777, 14.6394847], [-90.1403486, 14.6395028]]}, "properties": {"osmid": "404263428", "oneway": "False", "lanes": "2", "ref": "RD JAL-08", "name": "RD JAL-08", "highway": "tertiary", "maxspeed": NaN, "length": 29.214, "bridge": NaN, "tunnel": NaN, "access": NaN, "junction": NaN, "width": NaN, "est_width": NaN, "iri": 8.15999984741211}}, {"type": "Feature", "geometry": {"type": "LineString", "coordinates": [[-90.1403486, 14.6395028], [-90.1404801, 14.6395366]]}, "properties": {"osmid": "404263428", "oneway": "False", "lanes": "2", "ref": "RD JAL-08", "name": "RD JAL-08", "highway": "tertiary", "maxspeed": NaN, "length": 14.638, "bridge": NaN, "tunnel": NaN, "access": NaN, "junction": NaN, "width": NaN, "est_width": NaN, "iri": 8.15999984741211}}, {"type": "Feature", "geometry": {"type": "LineString", "coordinates": [[-90.1404801, 14.6395366], [-90.1405874, 14.6396274]]}, "properties": {"osmid": "404263428", "oneway": "False", "lanes": "2", "ref": "RD JAL-08", "name": "RD JAL-08", "highway": "tertiary", "maxspeed": NaN, "length": 15.336, "bridge": NaN, "tunnel": NaN, "access": NaN, "junction": NaN, "width": NaN, "est_width": NaN, "iri": 8.15999984741211}}, {"type": "Feature", "geometry": {"type": "LineString", "coordinates": [[-90.1405874, 14.6396274], [-90.1407644, 14.639848]]}, "properties": {"osmid": "404263428", "oneway": "False", "lanes": "2", "ref": "RD JAL-08", "name": "RD JAL-08", "highway": "tertiary", "maxspeed": NaN, "length": 31.054, "bridge": NaN, "tunnel": NaN, "access": NaN, "junction": NaN, "width": NaN, "est_width": NaN, "iri": 8.15999984741211}}, {"type": "Feature", "geometry": {"type": "LineString", "coordinates": [[-90.1407644, 14.639848], [-90.1408905, 14.639931]]}, "properties": {"osmid": "404263428", "oneway": "False", "lanes": "2", "ref": "RD JAL-08", "name": "RD JAL-08", "highway": "tertiary", "maxspeed": NaN, "length": 16.408, "bridge": NaN, "tunnel": NaN, "access": NaN, "junction": NaN, "width": NaN, "est_width": NaN, "iri": 8.15999984741211}}, {"type": "Feature", "geometry": {"type": "LineString", "coordinates": [[-90.1408905, 14.639931], [-90.1410782, 14.6399362]]}, "properties": {"osmid": "404263428", "oneway": "False", "lanes": "2", "ref": "RD JAL-08", "name": "RD JAL-08", "highway": "tertiary", "maxspeed": NaN, "length": 20.202, "bridge": NaN, "tunnel": NaN, "access": NaN, "junction": NaN, "width": NaN, "est_width": NaN, "iri": 8.15999984741211}}, {"type": "Feature", "geometry": {"type": "LineString", "coordinates": [[-90.1410782, 14.6399362], [-90.1414081, 14.6398843]]}, "properties": {"osmid": "404263428", "oneway": "False", "lanes": "2", "ref": "RD JAL-08", "name": "RD JAL-08", "highway": "tertiary", "maxspeed": NaN, "length": 35.958, "bridge": NaN, "tunnel": NaN, "access": NaN, "junction": NaN, "width": NaN, "est_width": NaN, "iri": 8.15999984741211}}, {"type": "Feature", "geometry": {"type": "LineString", "coordinates": [[-90.1414081, 14.6398843], [-90.1417166, 14.6398195]]}, "properties": {"osmid": "404263428", "oneway": "False", "lanes": "2", "ref": "RD JAL-08", "name": "RD JAL-08", "highway": "tertiary", "maxspeed": NaN, "length": 33.963, "bridge": NaN, "tunnel": NaN, "access": NaN, "junction": NaN, "width": NaN, "est_width": NaN, "iri": 8.15999984741211}}, {"type": "Feature", "geometry": {"type": "LineString", "coordinates": [[-90.1417166, 14.6398195], [-90.1420036, 14.639848]]}, "properties": {"osmid": "404263428", "oneway": "False", "lanes": "2", "ref": "RD JAL-08", "name": "RD JAL-08", "highway": "tertiary", "maxspeed": NaN, "length": 31.039, "bridge": NaN, "tunnel": NaN, "access": NaN, "junction": NaN, "width": NaN, "est_width": NaN, "iri": 8.15999984741211}}, {"type": "Feature", "geometry": {"type": "LineString", "coordinates": [[-90.1420036, 14.639848], [-90.1421645, 14.6398999]]}, "properties": {"osmid": "404263428", "oneway": "False", "lanes": "2", "ref": "RD JAL-08", "name": "RD JAL-08", "highway": "tertiary", "maxspeed": NaN, "length": 18.247, "bridge": NaN, "tunnel": NaN, "access": NaN, "junction": NaN, "width": NaN, "est_width": NaN, "iri": 8.15999984741211}}, {"type": "Feature", "geometry": {"type": "LineString", "coordinates": [[-90.1421645, 14.6398999], [-90.1422584, 14.6399674]]}, "properties": {"osmid": "404263428", "oneway": "False", "lanes": "2", "ref": "RD JAL-08", "name": "RD JAL-08", "highway": "tertiary", "maxspeed": NaN, "length": 12.585, "bridge": NaN, "tunnel": NaN, "access": NaN, "junction": NaN, "width": NaN, "est_width": NaN, "iri": 8.15999984741211}}, {"type": "Feature", "geometry": {"type": "LineString", "coordinates": [[-90.1422584, 14.6399674], [-90.142312, 14.6400478]]}, "properties": {"osmid": "404263428", "oneway": "False", "lanes": "2", "ref": "RD JAL-08", "name": "RD JAL-08", "highway": "tertiary", "maxspeed": NaN, "length": 10.639, "bridge": NaN, "tunnel": NaN, "access": NaN, "junction": NaN, "width": NaN, "est_width": NaN, "iri": 8.15999984741211}}, {"type": "Feature", "geometry": {"type": "LineString", "coordinates": [[-90.142312, 14.6400478], [-90.1423603, 14.6400971]]}, "properties": {"osmid": "404263428", "oneway": "False", "lanes": "2", "ref": "RD JAL-08", "name": "RD JAL-08", "highway": "tertiary", "maxspeed": NaN, "length": 7.553, "bridge": NaN, "tunnel": NaN, "access": NaN, "junction": NaN, "width": NaN, "est_width": NaN, "iri": 8.15999984741211}}, {"type": "Feature", "geometry": {"type": "LineString", "coordinates": [[-90.1423603, 14.6400971], [-90.1424247, 14.6401179]]}, "properties": {"osmid": "404263428", "oneway": "False", "lanes": "2", "ref": "RD JAL-08", "name": "RD JAL-08", "highway": "tertiary", "maxspeed": NaN, "length": 7.304, "bridge": NaN, "tunnel": NaN, "access": NaN, "junction": NaN, "width": NaN, "est_width": NaN, "iri": 8.15999984741211}}, {"type": "Feature", "geometry": {"type": "LineString", "coordinates": [[-90.1424247, 14.6401179], [-90.1425051, 14.6400816]]}, "properties": {"osmid": "404263428", "oneway": "False", "lanes": "2", "ref": "RD JAL-08", "name": "RD JAL-08", "highway": "tertiary", "maxspeed": NaN, "length": 9.545, "bridge": NaN, "tunnel": NaN, "access": NaN, "junction": NaN, "width": NaN, "est_width": NaN, "iri": 8.15999984741211}}, {"type": "Feature", "geometry": {"type": "LineString", "coordinates": [[-90.1425051, 14.6400816], [-90.1425749, 14.6399933]]}, "properties": {"osmid": "404263428", "oneway": "False", "lanes": "2", "ref": "RD JAL-08", "name": "RD JAL-08", "highway": "tertiary", "maxspeed": NaN, "length": 12.361, "bridge": NaN, "tunnel": NaN, "access": NaN, "junction": NaN, "width": NaN, "est_width": NaN, "iri": 8.15999984741211}}, {"type": "Feature", "geometry": {"type": "LineString", "coordinates": [[-90.1425749, 14.6399933], [-90.1426768, 14.6398428]]}, "properties": {"osmid": "404263428", "oneway": "False", "lanes": "2", "ref": "RD JAL-08", "name": "RD JAL-08", "highway": "tertiary", "maxspeed": NaN, "length": 20.006, "bridge": NaN, "tunnel": NaN, "access": NaN, "junction": NaN, "width": NaN, "est_width": NaN, "iri": 8.15999984741211}}, {"type": "Feature", "geometry": {"type": "LineString", "coordinates": [[-90.1426768, 14.6398428], [-90.142878, 14.6397364]]}, "properties": {"osmid": "404263428", "oneway": "False", "lanes": "2", "ref": "RD JAL-08", "name": "RD JAL-08", "highway": "tertiary", "maxspeed": NaN, "length": 24.668, "bridge": NaN, "tunnel": NaN, "access": NaN, "junction": NaN, "width": NaN, "est_width": NaN, "iri": 8.15999984741211}}, {"type": "Feature", "geometry": {"type": "LineString", "coordinates": [[-90.142878, 14.6397364], [-90.1429531, 14.6396845]]}, "properties": {"osmid": "404263428", "oneway": "False", "lanes": "2", "ref": "RD JAL-08", "name": "RD JAL-08", "highway": "tertiary", "maxspeed": NaN, "length": 9.929, "bridge": NaN, "tunnel": NaN, "access": NaN, "junction": NaN, "width": NaN, "est_width": NaN, "iri": 8.15999984741211}}, {"type": "Feature", "geometry": {"type": "LineString", "coordinates": [[-90.1429531, 14.6396845], [-90.1429906, 14.6396326]]}, "properties": {"osmid": "404263428", "oneway": "False", "lanes": "2", "ref": "RD JAL-08", "name": "RD JAL-08", "highway": "tertiary", "maxspeed": NaN, "length": 7.041, "bridge": NaN, "tunnel": NaN, "access": NaN, "junction": NaN, "width": NaN, "est_width": NaN, "iri": 8.15999984741211}}, {"type": "Feature", "geometry": {"type": "LineString", "coordinates": [[-90.1429906, 14.6396326], [-90.1429777, 14.6395976]]}, "properties": {"osmid": "404263428", "oneway": "False", "lanes": "2", "ref": "RD JAL-08", "name": "RD JAL-08", "highway": "tertiary", "maxspeed": NaN, "length": 4.132, "bridge": NaN, "tunnel": NaN, "access": NaN, "junction": NaN, "width": NaN, "est_width": NaN, "iri": 8.15999984741211}}, {"type": "Feature", "geometry": {"type": "LineString", "coordinates": [[-90.1429777, 14.6395976], [-90.1429638, 14.6395599]]}, "properties": {"osmid": "404263428", "oneway": "False", "lanes": "2", "ref": "RD JAL-08", "name": "RD JAL-08", "highway": "tertiary", "maxspeed": NaN, "length": 4.451, "bridge": NaN, "tunnel": NaN, "access": NaN, "junction": NaN, "width": NaN, "est_width": NaN, "iri": 8.15999984741211}}, {"type": "Feature", "geometry": {"type": "LineString", "coordinates": [[-90.1429638, 14.6395599], [-90.1428806, 14.6394977]]}, "properties": {"osmid": "404263428", "oneway": "False", "lanes": "2", "ref": "RD JAL-08", "name": "RD JAL-08", "highway": "tertiary", "maxspeed": NaN, "length": 11.312, "bridge": NaN, "tunnel": NaN, "access": NaN, "junction": NaN, "width": NaN, "est_width": NaN, "iri": 8.15999984741211}}, {"type": "Feature", "geometry": {"type": "LineString", "coordinates": [[-90.1428806, 14.6394977], [-90.1426634, 14.6394146]]}, "properties": {"osmid": "404263428", "oneway": "False", "lanes": "2", "ref": "RD JAL-08", "name": "RD JAL-08", "highway": "tertiary", "maxspeed": NaN, "length": 25.128, "bridge": NaN, "tunnel": NaN, "access": NaN, "junction": NaN, "width": NaN, "est_width": NaN, "iri": 8.15999984741211}}, {"type": "Feature", "geometry": {"type": "LineString", "coordinates": [[-90.1426634, 14.6394146], [-90.1425776, 14.6393653]]}, "properties": {"osmid": "404263428", "oneway": "False", "lanes": "2", "ref": "RD JAL-08", "name": "RD JAL-08", "highway": "tertiary", "maxspeed": NaN, "length": 10.736, "bridge": NaN, "tunnel": NaN, "access": NaN, "junction": NaN, "width": NaN, "est_width": NaN, "iri": 8.15999984741211}}, {"type": "Feature", "geometry": {"type": "LineString", "coordinates": [[-90.1425776, 14.6393653], [-90.1425561, 14.6393186]]}, "properties": {"osmid": "404263428", "oneway": "False", "lanes": "2", "ref": "RD JAL-08", "name": "RD JAL-08", "highway": "tertiary", "maxspeed": NaN, "length": 5.685, "bridge": NaN, "tunnel": NaN, "access": NaN, "junction": NaN, "width": NaN, "est_width": NaN, "iri": 8.15999984741211}}, {"type": "Feature", "geometry": {"type": "LineString", "coordinates": [[-90.1425561, 14.6393186], [-90.1425856, 14.6392589]]}, "properties": {"osmid": "404263428", "oneway": "False", "lanes": "2", "ref": "RD JAL-08", "name": "RD JAL-08", "highway": "tertiary", "maxspeed": NaN, "length": 7.358, "bridge": NaN, "tunnel": NaN, "access": NaN, "junction": NaN, "width": NaN, "est_width": NaN, "iri": 8.15999984741211}}, {"type": "Feature", "geometry": {"type": "LineString", "coordinates": [[-90.1425856, 14.6392589], [-90.142709, 14.6391655]]}, "properties": {"osmid": "404263428", "oneway": "False", "lanes": "2", "ref": "RD JAL-08", "name": "RD JAL-08", "highway": "tertiary", "maxspeed": NaN, "length": 16.856, "bridge": NaN, "tunnel": NaN, "access": NaN, "junction": NaN, "width": NaN, "est_width": NaN, "iri": 8.15999984741211}}, {"type": "Feature", "geometry": {"type": "LineString", "coordinates": [[-90.142709, 14.6391655], [-90.1428806, 14.6390202]]}, "properties": {"osmid": "404263428", "oneway": "False", "lanes": "2", "ref": "RD JAL-08", "name": "RD JAL-08", "highway": "tertiary", "maxspeed": NaN, "length": 24.533, "bridge": NaN, "tunnel": NaN, "access": NaN, "junction": NaN, "width": NaN, "est_width": NaN, "iri": 8.15999984741211}}, {"type": "Feature", "geometry": {"type": "LineString", "coordinates": [[-90.1428806, 14.6390202], [-90.1430335, 14.6387555]]}, "properties": {"osmid": "404263428", "oneway": "False", "lanes": "2", "ref": "RD JAL-08", "name": "RD JAL-08", "highway": "tertiary", "maxspeed": NaN, "length": 33.718, "bridge": NaN, "tunnel": NaN, "access": NaN, "junction": NaN, "width": NaN, "est_width": NaN, "iri": 8.15999984741211}}, {"type": "Feature", "geometry": {"type": "LineString", "coordinates": [[-90.1430335, 14.6387555], [-90.1433742, 14.638239]]}, "properties": {"osmid": "404263428", "oneway": "False", "lanes": "2", "ref": "RD JAL-08", "name": "RD JAL-08", "highway": "tertiary", "maxspeed": NaN, "length": 68.132, "bridge": NaN, "tunnel": NaN, "access": NaN, "junction": NaN, "width": NaN, "est_width": NaN, "iri": 8.15999984741211}}, {"type": "Feature", "geometry": {"type": "LineString", "coordinates": [[-90.1433742, 14.638239], [-90.1435995, 14.6380029]]}, "properties": {"osmid": "404263428", "oneway": "False", "lanes": "2", "ref": "RD JAL-08", "name": "RD JAL-08", "highway": "tertiary", "maxspeed": NaN, "length": 35.732, "bridge": NaN, "tunnel": NaN, "access": NaN, "junction": NaN, "width": NaN, "est_width": NaN, "iri": 8.15999984741211}}, {"type": "Feature", "geometry": {"type": "LineString", "coordinates": [[-90.1435995, 14.6380029], [-90.1438489, 14.637816]]}, "properties": {"osmid": "404263428", "oneway": "False", "lanes": "2", "ref": "RD JAL-08", "name": "RD JAL-08", "highway": "tertiary", "maxspeed": NaN, "length": 33.939, "bridge": NaN, "tunnel": NaN, "access": NaN, "junction": NaN, "width": NaN, "est_width": NaN, "iri": 8.15999984741211}}, {"type": "Feature", "geometry": {"type": "LineString", "coordinates": [[-90.1438489, 14.637816], [-90.1440769, 14.6377278]]}, "properties": {"osmid": "404263428", "oneway": "False", "lanes": "2", "ref": "RD JAL-08", "name": "RD JAL-08", "highway": "tertiary", "maxspeed": NaN, "length": 26.418, "bridge": NaN, "tunnel": NaN, "access": NaN, "junction": NaN, "width": NaN, "est_width": NaN, "iri": 8.15999984741211}}, {"type": "Feature", "geometry": {"type": "LineString", "coordinates": [[-90.1440769, 14.6377278], [-90.1443961, 14.6376914]]}, "properties": {"osmid": "404263428", "oneway": "False", "lanes": "2", "ref": "RD JAL-08", "name": "RD JAL-08", "highway": "tertiary", "maxspeed": NaN, "length": 34.579, "bridge": NaN, "tunnel": NaN, "access": NaN, "junction": NaN, "width": NaN, "est_width": NaN, "iri": 8.15999984741211}}, {"type": "Feature", "geometry": {"type": "LineString", "coordinates": [[-90.1443961, 14.6376914], [-90.1447206, 14.6377226]]}, "properties": {"osmid": "404263428", "oneway": "False", "lanes": "2", "ref": "RD JAL-08", "name": "RD JAL-08", "highway": "tertiary", "maxspeed": NaN, "length": 35.084, "bridge": NaN, "tunnel": NaN, "access": NaN, "junction": NaN, "width": NaN, "est_width": NaN, "iri": 8.15999984741211}}, {"type": "Feature", "geometry": {"type": "LineString", "coordinates": [[-90.1447206, 14.6377226], [-90.1447544, 14.6377292]]}, "properties": {"osmid": "404263428", "oneway": "False", "lanes": "2", "ref": "RD JAL-08", "name": "RD JAL-08", "highway": "tertiary", "maxspeed": NaN, "length": 3.71, "bridge": NaN, "tunnel": NaN, "access": NaN, "junction": NaN, "width": NaN, "est_width": NaN, "iri": 8.15999984741211}}, {"type": "Feature", "geometry": {"type": "LineString", "coordinates": [[-90.1447544, 14.6377292], [-90.1450264, 14.6377823]]}, "properties": {"osmid": "404263428", "oneway": "False", "lanes": "2", "ref": "RD JAL-08", "name": "RD JAL-08", "highway": "tertiary", "maxspeed": NaN, "length": 29.853, "bridge": NaN, "tunnel": NaN, "access": NaN, "junction": NaN, "width": NaN, "est_width": NaN, "iri": 8.15999984741211}}, {"type": "Feature", "geometry": {"type": "LineString", "coordinates": [[-90.1450264, 14.6377823], [-90.1452464, 14.6378342]]}, "properties": {"osmid": "404263428", "oneway": "False", "lanes": "2", "ref": "RD JAL-08", "name": "RD JAL-08", "highway": "tertiary", "maxspeed": NaN, "length": 24.362, "bridge": NaN, "tunnel": NaN, "access": NaN, "junction": NaN, "width": NaN, "est_width": NaN, "iri": 8.15999984741211}}, {"type": "Feature", "geometry": {"type": "LineString", "coordinates": [[-90.1452464, 14.6378342], [-90.1453402, 14.6378238]]}, "properties": {"osmid": "404263428", "oneway": "False", "lanes": "2", "ref": "RD JAL-08", "name": "RD JAL-08", "highway": "tertiary", "maxspeed": NaN, "length": 10.158, "bridge": NaN, "tunnel": NaN, "access": NaN, "junction": NaN, "width": NaN, "est_width": NaN, "iri": 8.15999984741211}}, {"type": "Feature", "geometry": {"type": "LineString", "coordinates": [[-90.1453402, 14.6378238], [-90.1454448, 14.6377641]]}, "properties": {"osmid": "404263428", "oneway": "False", "lanes": "2", "ref": "RD JAL-08", "name": "RD JAL-08", "highway": "tertiary", "maxspeed": NaN, "length": 13.066, "bridge": NaN, "tunnel": NaN, "access": NaN, "junction": NaN, "width": NaN, "est_width": NaN, "iri": 8.15999984741211}}, {"type": "Feature", "geometry": {"type": "LineString", "coordinates": [[-90.1454448, 14.6377641], [-90.1456621, 14.6375539]]}, "properties": {"osmid": "404263428", "oneway": "False", "lanes": "2", "ref": "RD JAL-08", "name": "RD JAL-08", "highway": "tertiary", "maxspeed": NaN, "length": 33.058, "bridge": NaN, "tunnel": NaN, "access": NaN, "junction": NaN, "width": NaN, "est_width": NaN, "iri": 8.15999984741211}}, {"type": "Feature", "geometry": {"type": "LineString", "coordinates": [[-90.1456621, 14.6375539], [-90.1458552, 14.6374319]]}, "properties": {"osmid": "404263428", "oneway": "False", "lanes": "2", "ref": "RD JAL-08", "name": "RD JAL-08", "highway": "tertiary", "maxspeed": NaN, "length": 24.812, "bridge": NaN, "tunnel": NaN, "access": NaN, "junction": NaN, "width": NaN, "est_width": NaN, "iri": 8.15999984741211}}, {"type": "Feature", "geometry": {"type": "LineString", "coordinates": [[-90.1458552, 14.6374319], [-90.1461529, 14.6372191]]}, "properties": {"osmid": "404263428", "oneway": "False", "lanes": "2", "ref": "RD JAL-08", "name": "RD JAL-08", "highway": "tertiary", "maxspeed": NaN, "length": 39.821, "bridge": NaN, "tunnel": NaN, "access": NaN, "junction": NaN, "width": NaN, "est_width": NaN, "iri": 8.15999984741211}}, {"type": "Feature", "geometry": {"type": "LineString", "coordinates": [[-90.1461529, 14.6372191], [-90.1464238, 14.6369985]]}, "properties": {"osmid": "404263428", "oneway": "False", "lanes": "2", "ref": "RD JAL-08", "name": "RD JAL-08", "highway": "tertiary", "maxspeed": NaN, "length": 38.094, "bridge": NaN, "tunnel": NaN, "access": NaN, "junction": NaN, "width": NaN, "est_width": NaN, "iri": 8.15999984741211}}, {"type": "Feature", "geometry": {"type": "LineString", "coordinates": [[-90.1464238, 14.6369985], [-90.1467269, 14.6367779]]}, "properties": {"osmid": "404263428", "oneway": "False", "lanes": "2", "ref": "RD JAL-08", "name": "RD JAL-08", "highway": "tertiary", "maxspeed": NaN, "length": 40.805, "bridge": NaN, "tunnel": NaN, "access": NaN, "junction": NaN, "width": NaN, "est_width": NaN, "iri": 8.15999984741211}}, {"type": "Feature", "geometry": {"type": "LineString", "coordinates": [[-90.1467269, 14.6367779], [-90.1469254, 14.6366638]]}, "properties": {"osmid": "404263428", "oneway": "False", "lanes": "2", "ref": "RD JAL-08", "name": "RD JAL-08", "highway": "tertiary", "maxspeed": NaN, "length": 24.84, "bridge": NaN, "tunnel": NaN, "access": NaN, "junction": NaN, "width": NaN, "est_width": NaN, "iri": 8.15999984741211}}, {"type": "Feature", "geometry": {"type": "LineString", "coordinates": [[-90.1469254, 14.6366638], [-90.1470166, 14.6365548]]}, "properties": {"osmid": "404263428", "oneway": "False", "lanes": "2", "ref": "RD JAL-08", "name": "RD JAL-08", "highway": "tertiary", "maxspeed": NaN, "length": 15.594, "bridge": NaN, "tunnel": NaN, "access": NaN, "junction": NaN, "width": NaN, "est_width": NaN, "iri": 8.15999984741211}}, {"type": "Feature", "geometry": {"type": "LineString", "coordinates": [[-90.1470166, 14.6365548], [-90.1472392, 14.6363238]]}, "properties": {"osmid": "404263428", "oneway": "False", "lanes": "2", "ref": "RD JAL-08", "name": "RD JAL-08", "highway": "tertiary", "maxspeed": NaN, "length": 35.119, "bridge": NaN, "tunnel": NaN, "access": NaN, "junction": NaN, "width": NaN, "est_width": NaN, "iri": 8.15999984741211}}, {"type": "Feature", "geometry": {"type": "LineString", "coordinates": [[-90.1472392, 14.6363238], [-90.1476067, 14.6360747]]}, "properties": {"osmid": "404263428", "oneway": "False", "lanes": "2", "ref": "RD JAL-08", "name": "RD JAL-08", "highway": "tertiary", "maxspeed": NaN, "length": 48.275, "bridge": NaN, "tunnel": NaN, "access": NaN, "junction": NaN, "width": NaN, "est_width": NaN, "iri": 8.15999984741211}}, {"type": "Feature", "geometry": {"type": "LineString", "coordinates": [[-90.1476067, 14.6360747], [-90.147671, 14.6360375]]}, "properties": {"osmid": "404263428", "oneway": "False", "lanes": "2", "ref": "RD JAL-08", "name": "RD JAL-08", "highway": "tertiary", "maxspeed": NaN, "length": 8.06, "bridge": NaN, "tunnel": NaN, "access": NaN, "junction": NaN, "width": NaN, "est_width": NaN, "iri": 8.15999984741211}}, {"type": "Feature", "geometry": {"type": "LineString", "coordinates": [[-90.147671, 14.6360375], [-90.1477675, 14.6359817]]}, "properties": {"osmid": "404263428", "oneway": "False", "lanes": "2", "ref": "RD JAL-08", "name": "RD JAL-08", "highway": "tertiary", "maxspeed": NaN, "length": 12.095, "bridge": NaN, "tunnel": NaN, "access": NaN, "junction": NaN, "width": NaN, "est_width": NaN, "iri": 8.15999984741211}}, {"type": "Feature", "geometry": {"type": "LineString", "coordinates": [[-90.1477675, 14.6359817], [-90.1489274, 14.6353494]]}, "properties": {"osmid": "389991837", "oneway": "False", "lanes": NaN, "ref": NaN, "name": NaN, "highway": "tertiary", "maxspeed": NaN, "length": 143.234, "bridge": NaN, "tunnel": NaN, "access": NaN, "junction": NaN, "width": NaN, "est_width": NaN, "iri": 8.15999984741211}}, {"type": "Feature", "geometry": {"type": "LineString", "coordinates": [[-90.1489274, 14.6353494], [-90.1492217, 14.6352782]]}, "properties": {"osmid": "389991837", "oneway": "False", "lanes": NaN, "ref": NaN, "name": NaN, "highway": "tertiary", "maxspeed": NaN, "length": 32.638, "bridge": NaN, "tunnel": NaN, "access": NaN, "junction": NaN, "width": NaN, "est_width": NaN, "iri": 8.15999984741211}}, {"type": "Feature", "geometry": {"type": "LineString", "coordinates": [[-90.1492217, 14.6352782], [-90.149542, 14.6352154]]}, "properties": {"osmid": "389991837", "oneway": "False", "lanes": NaN, "ref": NaN, "name": NaN, "highway": "tertiary", "maxspeed": NaN, "length": 35.161, "bridge": NaN, "tunnel": NaN, "access": NaN, "junction": NaN, "width": NaN, "est_width": NaN, "iri": 8.15999984741211}}, {"type": "Feature", "geometry": {"type": "LineString", "coordinates": [[-90.149542, 14.6352154], [-90.1499055, 14.6350981]]}, "properties": {"osmid": "389991837", "oneway": "False", "lanes": NaN, "ref": NaN, "name": NaN, "highway": "tertiary", "maxspeed": NaN, "length": 41.226, "bridge": NaN, "tunnel": NaN, "access": NaN, "junction": NaN, "width": NaN, "est_width": NaN, "iri": 8.15999984741211}}, {"type": "Feature", "geometry": {"type": "LineString", "coordinates": [[-90.1499055, 14.6350981], [-90.1501436, 14.6350688]]}, "properties": {"osmid": "389991837", "oneway": "False", "lanes": NaN, "ref": NaN, "name": NaN, "highway": "tertiary", "maxspeed": NaN, "length": 25.823, "bridge": NaN, "tunnel": NaN, "access": NaN, "junction": NaN, "width": NaN, "est_width": NaN, "iri": 8.15999984741211}}, {"type": "Feature", "geometry": {"type": "LineString", "coordinates": [[-90.1501436, 14.6350688], [-90.1506833, 14.6351453]]}, "properties": {"osmid": "389991837", "oneway": "False", "lanes": NaN, "ref": NaN, "name": NaN, "highway": "tertiary", "maxspeed": NaN, "length": 58.685, "bridge": NaN, "tunnel": NaN, "access": NaN, "junction": NaN, "width": NaN, "est_width": NaN, "iri": 8.15999984741211}}, {"type": "Feature", "geometry": {"type": "LineString", "coordinates": [[-90.1506833, 14.6351453], [-90.1508564, 14.6351699]]}, "properties": {"osmid": "389991837", "oneway": "False", "lanes": NaN, "ref": NaN, "name": NaN, "highway": "tertiary", "maxspeed": NaN, "length": 18.823, "bridge": NaN, "tunnel": NaN, "access": NaN, "junction": NaN, "width": NaN, "est_width": NaN, "iri": 8.15999984741211}}, {"type": "Feature", "geometry": {"type": "LineString", "coordinates": [[-90.1508564, 14.6351699], [-90.1513424, 14.6352405]]}, "properties": {"osmid": "389991837", "oneway": "False", "lanes": NaN, "ref": NaN, "name": NaN, "highway": "tertiary", "maxspeed": NaN, "length": 52.873, "bridge": NaN, "tunnel": NaN, "access": NaN, "junction": NaN, "width": NaN, "est_width": NaN, "iri": 8.15999984741211}}, {"type": "Feature", "geometry": {"type": "LineString", "coordinates": [[-90.1513424, 14.6352405], [-90.1514748, 14.6352595]]}, "properties": {"osmid": "389991837", "oneway": "False", "lanes": NaN, "ref": NaN, "name": NaN, "highway": "tertiary", "maxspeed": NaN, "length": 14.4, "bridge": NaN, "tunnel": NaN, "access": NaN, "junction": NaN, "width": NaN, "est_width": NaN, "iri": 8.15999984741211}}, {"type": "Feature", "geometry": {"type": "LineString", "coordinates": [[-90.1514748, 14.6352595], [-90.1515576, 14.6352696]]}, "properties": {"osmid": "389991842", "oneway": "False", "lanes": NaN, "ref": NaN, "name": NaN, "highway": "tertiary", "maxspeed": NaN, "length": 8.979, "bridge": NaN, "tunnel": NaN, "access": NaN, "junction": NaN, "width": NaN, "est_width": NaN, "iri": 8.15999984741211}}, {"type": "Feature", "geometry": {"type": "LineString", "coordinates": [[-90.1515576, 14.6352696], [-90.152183, 14.6353618]]}, "properties": {"osmid": "389991842", "oneway": "False", "lanes": NaN, "ref": NaN, "name": NaN, "highway": "tertiary", "maxspeed": NaN, "length": 68.062, "bridge": NaN, "tunnel": NaN, "access": NaN, "junction": NaN, "width": NaN, "est_width": NaN, "iri": 8.15999984741211}}, {"type": "Feature", "geometry": {"type": "LineString", "coordinates": [[-90.152183, 14.6353618], [-90.1528841, 14.6354958]]}, "properties": {"osmid": "389991842", "oneway": "False", "lanes": NaN, "ref": NaN, "name": NaN, "highway": "tertiary", "maxspeed": NaN, "length": 76.887, "bridge": NaN, "tunnel": NaN, "access": NaN, "junction": NaN, "width": NaN, "est_width": NaN, "iri": 8.15999984741211}}, {"type": "Feature", "geometry": {"type": "LineString", "coordinates": [[-90.1528841, 14.6354958], [-90.1532999, 14.6355199]]}, "properties": {"osmid": "389991842", "oneway": "False", "lanes": NaN, "ref": NaN, "name": NaN, "highway": "tertiary", "maxspeed": NaN, "length": 44.815, "bridge": NaN, "tunnel": NaN, "access": NaN, "junction": NaN, "width": NaN, "est_width": NaN, "iri": 8.15999984741211}}, {"type": "Feature", "geometry": {"type": "LineString", "coordinates": [[-90.1532999, 14.6355199], [-90.1533883, 14.6355251]]}, "properties": {"osmid": "389991842", "oneway": "False", "lanes": NaN, "ref": NaN, "name": NaN, "highway": "tertiary", "maxspeed": NaN, "length": 9.528, "bridge": NaN, "tunnel": NaN, "access": NaN, "junction": NaN, "width": NaN, "est_width": NaN, "iri": 8.15999984741211}}, {"type": "Feature", "geometry": {"type": "LineString", "coordinates": [[-90.1533883, 14.6355251], [-90.1536232, 14.635536]]}, "properties": {"osmid": "389991842", "oneway": "False", "lanes": NaN, "ref": NaN, "name": NaN, "highway": "tertiary", "maxspeed": NaN, "length": 25.301, "bridge": NaN, "tunnel": NaN, "access": NaN, "junction": NaN, "width": NaN, "est_width": NaN, "iri": 8.15999984741211}}, {"type": "Feature", "geometry": {"type": "LineString", "coordinates": [[-90.1536232, 14.635536], [-90.1537044, 14.6355454]]}, "properties": {"osmid": "389991842", "oneway": "False", "lanes": NaN, "ref": NaN, "name": NaN, "highway": "tertiary", "maxspeed": NaN, "length": 8.798, "bridge": NaN, "tunnel": NaN, "access": NaN, "junction": NaN, "width": NaN, "est_width": NaN, "iri": 8.15999984741211}}, {"type": "Feature", "geometry": {"type": "LineString", "coordinates": [[-90.1537044, 14.6355454], [-90.1544574, 14.6357198]]}, "properties": {"osmid": "389991842", "oneway": "False", "lanes": NaN, "ref": NaN, "name": NaN, "highway": "tertiary", "maxspeed": NaN, "length": 83.302, "bridge": NaN, "tunnel": NaN, "access": NaN, "junction": NaN, "width": NaN, "est_width": NaN, "iri": 8.15999984741211}}, {"type": "Feature", "geometry": {"type": "LineString", "coordinates": [[-90.1544574, 14.6357198], [-90.1545263, 14.63574]]}, "properties": {"osmid": "389991842", "oneway": "False", "lanes": NaN, "ref": NaN, "name": NaN, "highway": "tertiary", "maxspeed": NaN, "length": 7.746, "bridge": NaN, "tunnel": NaN, "access": NaN, "junction": NaN, "width": NaN, "est_width": NaN, "iri": 8.15999984741211}}, {"type": "Feature", "geometry": {"type": "LineString", "coordinates": [[-90.1545263, 14.63574], [-90.1552559, 14.6359543]]}, "properties": {"osmid": "389991842", "oneway": "False", "lanes": NaN, "ref": NaN, "name": NaN, "highway": "tertiary", "maxspeed": NaN, "length": 82.033, "bridge": NaN, "tunnel": NaN, "access": NaN, "junction": NaN, "width": NaN, "est_width": NaN, "iri": 8.15999984741211}}, {"type": "Feature", "geometry": {"type": "LineString", "coordinates": [[-90.1552559, 14.6359543], [-90.1558337, 14.6361469]]}, "properties": {"osmid": "389991842", "oneway": "False", "lanes": NaN, "ref": NaN, "name": NaN, "highway": "tertiary", "maxspeed": NaN, "length": 65.749, "bridge": NaN, "tunnel": NaN, "access": NaN, "junction": NaN, "width": NaN, "est_width": NaN, "iri": 8.15999984741211}}, {"type": "Feature", "geometry": {"type": "LineString", "coordinates": [[-90.1558337, 14.6361469], [-90.1559873, 14.6361762]]}, "properties": {"osmid": "389991842", "oneway": "False", "lanes": NaN, "ref": NaN, "name": NaN, "highway": "tertiary", "maxspeed": NaN, "length": 16.843, "bridge": NaN, "tunnel": NaN, "access": NaN, "junction": NaN, "width": NaN, "est_width": NaN, "iri": 8.15999984741211}}]}