{"type": "FeatureCollection", "features": [{"type": "Feature", "geometry": {"type": "LineString", "coordinates": [[-88.8244987, 15.5020742], [-88.8244563, 15.5016867]]}, "properties": {"osmid": "658914847", "oneway": "False", "lanes": NaN, "ref": "CA-13", "name": NaN, "highway": "trunk", "maxspeed": NaN, "length": 43.327, "bridge": NaN, "tunnel": NaN, "access": NaN, "junction": NaN, "width": NaN, "est_width": NaN, "iri": 4.1399998664856}}, {"type": "Feature", "geometry": {"type": "LineString", "coordinates": [[-88.8244563, 15.5016867], [-88.8243275, 15.5015316]]}, "properties": {"osmid": "258711228", "oneway": "False", "lanes": NaN, "ref": NaN, "name": "CA 13", "highway": "trunk", "maxspeed": NaN, "length": 22.089, "bridge": NaN, "tunnel": NaN, "access": NaN, "junction": NaN, "width": NaN, "est_width": NaN, "iri": 4.1399998664856}}, {"type": "Feature", "geometry": {"type": "LineString", "coordinates": [[-88.8243275, 15.5015316], [-88.8241927, 15.501387]]}, "properties": {"osmid": "258711228", "oneway": "False", "lanes": NaN, "ref": NaN, "name": "CA 13", "highway": "trunk", "maxspeed": NaN, "length": 21.614, "bridge": NaN, "tunnel": NaN, "access": NaN, "junction": NaN, "width": NaN, "est_width": NaN, "iri": 4.1399998664856}}, {"type": "Feature", "geometry": {"type": "LineString", "coordinates": [[-88.8241927, 15.501387], [-88.8239813, 15.5012571]]}, "properties": {"osmid": "258711228", "oneway": "False", "lanes": NaN, "ref": NaN, "name": "CA 13", "highway": "trunk", "maxspeed": NaN, "length": 26.865, "bridge": NaN, "tunnel": NaN, "access": NaN, "junction": NaN, "width": NaN, "est_width": NaN, "iri": 4.1399998664856}}, {"type": "Feature", "geometry": {"type": "LineString", "coordinates": [[-88.8239813, 15.5012571], [-88.8238343, 15.5012217]]}, "properties": {"osmid": "258711228", "oneway": "False", "lanes": NaN, "ref": NaN, "name": "CA 13", "highway": "trunk", "maxspeed": NaN, "length": 16.236, "bridge": NaN, "tunnel": NaN, "access": NaN, "junction": NaN, "width": NaN, "est_width": NaN, "iri": 4.1399998664856}}, {"type": "Feature", "geometry": {"type": "LineString", "coordinates": [[-88.8238343, 15.5012217], [-88.8236015, 15.5011893]]}, "properties": {"osmid": "258711228", "oneway": "False", "lanes": NaN, "ref": NaN, "name": "CA 13", "highway": "trunk", "maxspeed": NaN, "length": 25.203, "bridge": NaN, "tunnel": NaN, "access": NaN, "junction": NaN, "width": NaN, "est_width": NaN, "iri": 4.1399998664856}}, {"type": "Feature", "geometry": {"type": "LineString", "coordinates": [[-88.8236015, 15.5011893], [-88.8216504, 15.5014342]]}, "properties": {"osmid": "283286737", "oneway": "False", "lanes": NaN, "ref": "CA-9", "name": "Carretera Presidente Coronel Jacobo \u00c1rbenz Guzm\u00e1n", "highway": "trunk", "maxspeed": NaN, "length": 210.827, "bridge": NaN, "tunnel": NaN, "access": NaN, "junction": NaN, "width": NaN, "est_width": NaN, "iri": 4.1399998664856}}, {"type": "Feature", "geometry": {"type": "LineString", "coordinates": [[-88.8216504, 15.5014342], [-88.8211242, 15.5014975]]}, "properties": {"osmid": "283286737", "oneway": "False", "lanes": NaN, "ref": "CA-9", "name": "Carretera Presidente Coronel Jacobo \u00c1rbenz Guzm\u00e1n", "highway": "trunk", "maxspeed": NaN, "length": 56.82, "bridge": NaN, "tunnel": NaN, "access": NaN, "junction": NaN, "width": NaN, "est_width": NaN, "iri": 4.1399998664856}}, {"type": "Feature", "geometry": {"type": "LineString", "coordinates": [[-88.8211242, 15.5014975], [-88.8202664, 15.5018482]]}, "properties": {"osmid": "283286737", "oneway": "False", "lanes": NaN, "ref": "CA-9", "name": "Carretera Presidente Coronel Jacobo \u00c1rbenz Guzm\u00e1n", "highway": "trunk", "maxspeed": NaN, "length": 99.844, "bridge": NaN, "tunnel": NaN, "access": NaN, "junction": NaN, "width": NaN, "est_width": NaN, "iri": 4.1399998664856}}, {"type": "Feature", "geometry": {"type": "LineString", "coordinates": [[-88.8202664, 15.5018482], [-88.8195472, 15.502441]]}, "properties": {"osmid": "283286737", "oneway": "False", "lanes": NaN, "ref": "CA-9", "name": "Carretera Presidente Coronel Jacobo \u00c1rbenz Guzm\u00e1n", "highway": "trunk", "maxspeed": NaN, "length": 101.408, "bridge": NaN, "tunnel": NaN, "access": NaN, "junction": NaN, "width": NaN, "est_width": NaN, "iri": 4.1399998664856}}, {"type": "Feature", "geometry": {"type": "LineString", "coordinates": [[-88.8195472, 15.502441], [-88.8189753, 15.5030756]]}, "properties": {"osmid": "283286737", "oneway": "False", "lanes": NaN, "ref": "CA-9", "name": "Carretera Presidente Coronel Jacobo \u00c1rbenz Guzm\u00e1n", "highway": "trunk", "maxspeed": NaN, "length": 93.458, "bridge": NaN, "tunnel": NaN, "access": NaN, "junction": NaN, "width": NaN, "est_width": NaN, "iri": 4.1399998664856}}, {"type": "Feature", "geometry": {"type": "LineString", "coordinates": [[-88.8189753, 15.5030756], [-88.8183514, 15.5034764]]}, "properties": {"osmid": "283286737", "oneway": "False", "lanes": NaN, "ref": "CA-9", "name": "Carretera Presidente Coronel Jacobo \u00c1rbenz Guzm\u00e1n", "highway": "trunk", "maxspeed": NaN, "length": 80.344, "bridge": NaN, "tunnel": NaN, "access": NaN, "junction": NaN, "width": NaN, "est_width": NaN, "iri": 4.1399998664856}}, {"type": "Feature", "geometry": {"type": "LineString", "coordinates": [[-88.8183514, 15.5034764], [-88.8177015, 15.5036016]]}, "properties": {"osmid": "283286737", "oneway": "False", "lanes": NaN, "ref": "CA-9", "name": "Carretera Presidente Coronel Jacobo \u00c1rbenz Guzm\u00e1n", "highway": "trunk", "maxspeed": NaN, "length": 71.014, "bridge": NaN, "tunnel": NaN, "access": NaN, "junction": NaN, "width": NaN, "est_width": NaN, "iri": 4.1399998664856}}, {"type": "Feature", "geometry": {"type": "LineString", "coordinates": [[-88.8177015, 15.5036016], [-88.8169996, 15.503468]]}, "properties": {"osmid": "283286737", "oneway": "False", "lanes": NaN, "ref": "CA-9", "name": "Carretera Presidente Coronel Jacobo \u00c1rbenz Guzm\u00e1n", "highway": "trunk", "maxspeed": NaN, "length": 76.661, "bridge": NaN, "tunnel": NaN, "access": NaN, "junction": NaN, "width": NaN, "est_width": NaN, "iri": 4.1399998664856}}, {"type": "Feature", "geometry": {"type": "LineString", "coordinates": [[-88.8169996, 15.503468], [-88.8162891, 15.5033762]]}, "properties": {"osmid": "283286737", "oneway": "False", "lanes": NaN, "ref": "CA-9", "name": "Carretera Presidente Coronel Jacobo \u00c1rbenz Guzm\u00e1n", "highway": "trunk", "maxspeed": NaN, "length": 76.811, "bridge": NaN, "tunnel": NaN, "access": NaN, "junction": NaN, "width": NaN, "est_width": NaN, "iri": 4.1399998664856}}, {"type": "Feature", "geometry": {"type": "LineString", "coordinates": [[-88.8162891, 15.5033762], [-88.8154659, 15.5034764]]}, "properties": {"osmid": "283286737", "oneway": "False", "lanes": NaN, "ref": "CA-9", "name": "Carretera Presidente Coronel Jacobo \u00c1rbenz Guzm\u00e1n", "highway": "trunk", "maxspeed": NaN, "length": 88.906, "bridge": NaN, "tunnel": NaN, "access": NaN, "junction": NaN, "width": NaN, "est_width": NaN, "iri": 4.1399998664856}}, {"type": "Feature", "geometry": {"type": "LineString", "coordinates": [[-88.8154659, 15.5034764], [-88.814634, 15.5038354]]}, "properties": {"osmid": "283286737", "oneway": "False", "lanes": NaN, "ref": "CA-9", "name": "Carretera Presidente Coronel Jacobo \u00c1rbenz Guzm\u00e1n", "highway": "trunk", "maxspeed": NaN, "length": 97.668, "bridge": NaN, "tunnel": NaN, "access": NaN, "junction": NaN, "width": NaN, "est_width": NaN, "iri": 4.1399998664856}}, {"type": "Feature", "geometry": {"type": "LineString", "coordinates": [[-88.814634, 15.5038354], [-88.812719, 15.5048124]]}, "properties": {"osmid": "283286737", "oneway": "False", "lanes": NaN, "ref": "CA-9", "name": "Carretera Presidente Coronel Jacobo \u00c1rbenz Guzm\u00e1n", "highway": "trunk", "maxspeed": NaN, "length": 232.174, "bridge": NaN, "tunnel": NaN, "access": NaN, "junction": NaN, "width": NaN, "est_width": NaN, "iri": 4.1399998664856}}, {"type": "Feature", "geometry": {"type": "LineString", "coordinates": [[-88.812719, 15.5048124], [-88.8104228, 15.5060481]]}, "properties": {"osmid": "283286737", "oneway": "False", "lanes": NaN, "ref": "CA-9", "name": "Carretera Presidente Coronel Jacobo \u00c1rbenz Guzm\u00e1n", "highway": "trunk", "maxspeed": NaN, "length": 281.802, "bridge": NaN, "tunnel": NaN, "access": NaN, "junction": NaN, "width": NaN, "est_width": NaN, "iri": 4.1399998664856}}, {"type": "Feature", "geometry": {"type": "LineString", "coordinates": [[-88.8104228, 15.5060481], [-88.8087417, 15.5071503]]}, "properties": {"osmid": "283286737", "oneway": "False", "lanes": NaN, "ref": "CA-9", "name": "Carretera Presidente Coronel Jacobo \u00c1rbenz Guzm\u00e1n", "highway": "trunk", "maxspeed": NaN, "length": 217.867, "bridge": NaN, "tunnel": NaN, "access": NaN, "junction": NaN, "width": NaN, "est_width": NaN, "iri": 4.1399998664856}}, {"type": "Feature", "geometry": {"type": "LineString", "coordinates": [[-88.8087417, 15.5071503], [-88.8072167, 15.5091292]]}, "properties": {"osmid": "283286737", "oneway": "False", "lanes": NaN, "ref": "CA-9", "name": "Carretera Presidente Coronel Jacobo \u00c1rbenz Guzm\u00e1n", "highway": "trunk", "maxspeed": NaN, "length": 274.078, "bridge": NaN, "tunnel": NaN, "access": NaN, "junction": NaN, "width": NaN, "est_width": NaN, "iri": 4.1399998664856}}, {"type": "Feature", "geometry": {"type": "LineString", "coordinates": [[-88.8072167, 15.5091292], [-88.8064749, 15.5099932]]}, "properties": {"osmid": "283286737", "oneway": "False", "lanes": NaN, "ref": "CA-9", "name": "Carretera Presidente Coronel Jacobo \u00c1rbenz Guzm\u00e1n", "highway": "trunk", "maxspeed": NaN, "length": 124.688, "bridge": NaN, "tunnel": NaN, "access": NaN, "junction": NaN, "width": NaN, "est_width": NaN, "iri": 4.1399998664856}}, {"type": "Feature", "geometry": {"type": "LineString", "coordinates": [[-88.8064749, 15.5099932], [-88.8055492, 15.5107453]]}, "properties": {"osmid": "283286737", "oneway": "False", "lanes": NaN, "ref": "CA-9", "name": "Carretera Presidente Coronel Jacobo \u00c1rbenz Guzm\u00e1n", "highway": "trunk", "maxspeed": NaN, "length": 129.736, "bridge": NaN, "tunnel": NaN, "access": NaN, "junction": NaN, "width": NaN, "est_width": NaN, "iri": 4.1399998664856}}, {"type": "Feature", "geometry": {"type": "LineString", "coordinates": [[-88.8055492, 15.5107453], [-88.8034709, 15.5121332]]}, "properties": {"osmid": "283286737", "oneway": "False", "lanes": NaN, "ref": "CA-9", "name": "Carretera Presidente Coronel Jacobo \u00c1rbenz Guzm\u00e1n", "highway": "trunk", "maxspeed": NaN, "length": 270.93, "bridge": NaN, "tunnel": NaN, "access": NaN, "junction": NaN, "width": NaN, "est_width": NaN, "iri": 4.1399998664856}}, {"type": "Feature", "geometry": {"type": "LineString", "coordinates": [[-88.8034709, 15.5121332], [-88.8026233, 15.5126914]]}, "properties": {"osmid": "283286737", "oneway": "False", "lanes": NaN, "ref": "CA-9", "name": "Carretera Presidente Coronel Jacobo \u00c1rbenz Guzm\u00e1n", "highway": "trunk", "maxspeed": NaN, "length": 110.0, "bridge": NaN, "tunnel": NaN, "access": NaN, "junction": NaN, "width": NaN, "est_width": NaN, "iri": 4.1399998664856}}, {"type": "Feature", "geometry": {"type": "LineString", "coordinates": [[-88.8026233, 15.5126914], [-88.7995457, 15.514864]]}, "properties": {"osmid": "283286737", "oneway": "False", "lanes": NaN, "ref": "CA-9", "name": "Carretera Presidente Coronel Jacobo \u00c1rbenz Guzm\u00e1n", "highway": "trunk", "maxspeed": NaN, "length": 408.772, "bridge": NaN, "tunnel": NaN, "access": NaN, "junction": NaN, "width": NaN, "est_width": NaN, "iri": 4.1399998664856}}, {"type": "Feature", "geometry": {"type": "LineString", "coordinates": [[-88.7995457, 15.514864], [-88.7991434, 15.5154532]]}, "properties": {"osmid": "283286737", "oneway": "False", "lanes": NaN, "ref": "CA-9", "name": "Carretera Presidente Coronel Jacobo \u00c1rbenz Guzm\u00e1n", "highway": "trunk", "maxspeed": NaN, "length": 78.424, "bridge": NaN, "tunnel": NaN, "access": NaN, "junction": NaN, "width": NaN, "est_width": NaN, "iri": 4.1399998664856}}, {"type": "Feature", "geometry": {"type": "LineString", "coordinates": [[-88.7991434, 15.5154532], [-88.7974187, 15.5195031]]}, "properties": {"osmid": "283286737", "oneway": "False", "lanes": NaN, "ref": "CA-9", "name": "Carretera Presidente Coronel Jacobo \u00c1rbenz Guzm\u00e1n", "highway": "trunk", "maxspeed": NaN, "length": 486.768, "bridge": NaN, "tunnel": NaN, "access": NaN, "junction": NaN, "width": NaN, "est_width": NaN, "iri": 4.1399998664856}}, {"type": "Feature", "geometry": {"type": "LineString", "coordinates": [[-88.7974187, 15.5195031], [-88.7967385, 15.5212614]]}, "properties": {"osmid": "283286737", "oneway": "False", "lanes": NaN, "ref": "CA-9", "name": "Carretera Presidente Coronel Jacobo \u00c1rbenz Guzm\u00e1n", "highway": "trunk", "maxspeed": NaN, "length": 208.655, "bridge": NaN, "tunnel": NaN, "access": NaN, "junction": NaN, "width": NaN, "est_width": NaN, "iri": 4.1399998664856}}, {"type": "Feature", "geometry": {"type": "LineString", "coordinates": [[-88.7967385, 15.5212614], [-88.7964703, 15.521892]]}, "properties": {"osmid": "283286737", "oneway": "False", "lanes": NaN, "ref": "CA-9", "name": "Carretera Presidente Coronel Jacobo \u00c1rbenz Guzm\u00e1n", "highway": "trunk", "maxspeed": NaN, "length": 75.779, "bridge": NaN, "tunnel": NaN, "access": NaN, "junction": NaN, "width": NaN, "est_width": NaN, "iri": 4.1399998664856}}, {"type": "Feature", "geometry": {"type": "LineString", "coordinates": [[-88.7964703, 15.521892], [-88.7962235, 15.522228]]}, "properties": {"osmid": "283286737", "oneway": "False", "lanes": NaN, "ref": "CA-9", "name": "Carretera Presidente Coronel Jacobo \u00c1rbenz Guzm\u00e1n", "highway": "trunk", "maxspeed": NaN, "length": 45.772, "bridge": NaN, "tunnel": NaN, "access": NaN, "junction": NaN, "width": NaN, "est_width": NaN, "iri": 4.1399998664856}}, {"type": "Feature", "geometry": {"type": "LineString", "coordinates": [[-88.7962235, 15.522228], [-88.7959392, 15.5224658]]}, "properties": {"osmid": "283286737", "oneway": "False", "lanes": NaN, "ref": "CA-9", "name": "Carretera Presidente Coronel Jacobo \u00c1rbenz Guzm\u00e1n", "highway": "trunk", "maxspeed": NaN, "length": 40.336, "bridge": NaN, "tunnel": NaN, "access": NaN, "junction": NaN, "width": NaN, "est_width": NaN, "iri": 4.1399998664856}}, {"type": "Feature", "geometry": {"type": "LineString", "coordinates": [[-88.7959392, 15.5224658], [-88.7955691, 15.5226002]]}, "properties": {"osmid": "283286737", "oneway": "False", "lanes": NaN, "ref": "CA-9", "name": "Carretera Presidente Coronel Jacobo \u00c1rbenz Guzm\u00e1n", "highway": "trunk", "maxspeed": NaN, "length": 42.375, "bridge": NaN, "tunnel": NaN, "access": NaN, "junction": NaN, "width": NaN, "est_width": NaN, "iri": 4.1399998664856}}, {"type": "Feature", "geometry": {"type": "LineString", "coordinates": [[-88.7955691, 15.5226002], [-88.7952418, 15.5226157]]}, "properties": {"osmid": "283286737", "oneway": "False", "lanes": NaN, "ref": "CA-9", "name": "Carretera Presidente Coronel Jacobo \u00c1rbenz Guzm\u00e1n", "highway": "trunk", "maxspeed": NaN, "length": 35.109, "bridge": NaN, "tunnel": NaN, "access": NaN, "junction": NaN, "width": NaN, "est_width": NaN, "iri": 4.1399998664856}}, {"type": "Feature", "geometry": {"type": "LineString", "coordinates": [[-88.7952418, 15.5226157], [-88.7950004, 15.5225743]]}, "properties": {"osmid": "283286737", "oneway": "False", "lanes": NaN, "ref": "CA-9", "name": "Carretera Presidente Coronel Jacobo \u00c1rbenz Guzm\u00e1n", "highway": "trunk", "maxspeed": NaN, "length": 26.27, "bridge": NaN, "tunnel": NaN, "access": NaN, "junction": NaN, "width": NaN, "est_width": NaN, "iri": 4.1399998664856}}, {"type": "Feature", "geometry": {"type": "LineString", "coordinates": [[-88.7950004, 15.5225743], [-88.7941028, 15.5223246]]}, "properties": {"osmid": "283286737", "oneway": "False", "lanes": NaN, "ref": "CA-9", "name": "Carretera Presidente Coronel Jacobo \u00c1rbenz Guzm\u00e1n", "highway": "trunk", "maxspeed": NaN, "length": 100.096, "bridge": NaN, "tunnel": NaN, "access": NaN, "junction": NaN, "width": NaN, "est_width": NaN, "iri": 4.1399998664856}}, {"type": "Feature", "geometry": {"type": "LineString", "coordinates": [[-88.7941028, 15.5223246], [-88.7935235, 15.5222005]]}, "properties": {"osmid": "283286737", "oneway": "False", "lanes": NaN, "ref": "CA-9", "name": "Carretera Presidente Coronel Jacobo \u00c1rbenz Guzm\u00e1n", "highway": "trunk", "maxspeed": NaN, "length": 63.581, "bridge": NaN, "tunnel": NaN, "access": NaN, "junction": NaN, "width": NaN, "est_width": NaN, "iri": 4.1399998664856}}, {"type": "Feature", "geometry": {"type": "LineString", "coordinates": [[-88.7935235, 15.5222005], [-88.7928797, 15.5221902]]}, "properties": {"osmid": "283286737", "oneway": "False", "lanes": NaN, "ref": "CA-9", "name": "Carretera Presidente Coronel Jacobo \u00c1rbenz Guzm\u00e1n", "highway": "trunk", "maxspeed": NaN, "length": 68.986, "bridge": NaN, "tunnel": NaN, "access": NaN, "junction": NaN, "width": NaN, "est_width": NaN, "iri": 4.1399998664856}}, {"type": "Feature", "geometry": {"type": "LineString", "coordinates": [[-88.7928797, 15.5221902], [-88.7906052, 15.5227122]]}, "properties": {"osmid": "283286737", "oneway": "False", "lanes": NaN, "ref": "CA-9", "name": "Carretera Presidente Coronel Jacobo \u00c1rbenz Guzm\u00e1n", "highway": "trunk", "maxspeed": NaN, "length": 250.506, "bridge": NaN, "tunnel": NaN, "access": NaN, "junction": NaN, "width": NaN, "est_width": NaN, "iri": 4.1399998664856}}, {"type": "Feature", "geometry": {"type": "LineString", "coordinates": [[-88.7906052, 15.5227122], [-88.7884004, 15.5231361]]}, "properties": {"osmid": "283286737", "oneway": "False", "lanes": NaN, "ref": "CA-9", "name": "Carretera Presidente Coronel Jacobo \u00c1rbenz Guzm\u00e1n", "highway": "trunk", "maxspeed": NaN, "length": 240.877, "bridge": NaN, "tunnel": NaN, "access": NaN, "junction": NaN, "width": NaN, "est_width": NaN, "iri": 4.1399998664856}}, {"type": "Feature", "geometry": {"type": "LineString", "coordinates": [[-88.7884004, 15.5231361], [-88.786775, 15.523317]]}, "properties": {"osmid": "283286737", "oneway": "False", "lanes": NaN, "ref": "CA-9", "name": "Carretera Presidente Coronel Jacobo \u00c1rbenz Guzm\u00e1n", "highway": "trunk", "maxspeed": NaN, "length": 175.301, "bridge": NaN, "tunnel": NaN, "access": NaN, "junction": NaN, "width": NaN, "est_width": NaN, "iri": 4.1399998664856}}, {"type": "Feature", "geometry": {"type": "LineString", "coordinates": [[-88.786775, 15.523317], [-88.7834652, 15.5236064]]}, "properties": {"osmid": "283286737", "oneway": "False", "lanes": NaN, "ref": "CA-9", "name": "Carretera Presidente Coronel Jacobo \u00c1rbenz Guzm\u00e1n", "highway": "trunk", "maxspeed": NaN, "length": 356.065, "bridge": NaN, "tunnel": NaN, "access": NaN, "junction": NaN, "width": NaN, "est_width": NaN, "iri": 4.1399998664856}}, {"type": "Feature", "geometry": {"type": "LineString", "coordinates": [[-88.7834652, 15.5236064], [-88.7819739, 15.523715]]}, "properties": {"osmid": "283286737", "oneway": "False", "lanes": NaN, "ref": "CA-9", "name": "Carretera Presidente Coronel Jacobo \u00c1rbenz Guzm\u00e1n", "highway": "trunk", "maxspeed": NaN, "length": 160.232, "bridge": NaN, "tunnel": NaN, "access": NaN, "junction": NaN, "width": NaN, "est_width": NaN, "iri": 4.1399998664856}}, {"type": "Feature", "geometry": {"type": "LineString", "coordinates": [[-88.7819739, 15.523715], [-88.7792219, 15.5239734]]}, "properties": {"osmid": "283286737", "oneway": "False", "lanes": NaN, "ref": "CA-9", "name": "Carretera Presidente Coronel Jacobo \u00c1rbenz Guzm\u00e1n", "highway": "trunk", "maxspeed": NaN, "length": 296.242, "bridge": NaN, "tunnel": NaN, "access": NaN, "junction": NaN, "width": NaN, "est_width": NaN, "iri": 4.1399998664856}}, {"type": "Feature", "geometry": {"type": "LineString", "coordinates": [[-88.7792219, 15.5239734], [-88.7769903, 15.5241698]]}, "properties": {"osmid": "283286737", "oneway": "False", "lanes": NaN, "ref": "CA-9", "name": "Carretera Presidente Coronel Jacobo \u00c1rbenz Guzm\u00e1n", "highway": "trunk", "maxspeed": NaN, "length": 240.086, "bridge": NaN, "tunnel": NaN, "access": NaN, "junction": NaN, "width": NaN, "est_width": NaN, "iri": 4.1399998664856}}, {"type": "Feature", "geometry": {"type": "LineString", "coordinates": [[-88.7769903, 15.5241698], [-88.7768842, 15.5242045]]}, "properties": {"osmid": "283286737", "oneway": "False", "lanes": NaN, "ref": "CA-9", "name": "Carretera Presidente Coronel Jacobo \u00c1rbenz Guzm\u00e1n", "highway": "trunk", "maxspeed": NaN, "length": 12.004, "bridge": NaN, "tunnel": NaN, "access": NaN, "junction": NaN, "width": NaN, "est_width": NaN, "iri": 4.1399998664856}}, {"type": "Feature", "geometry": {"type": "LineString", "coordinates": [[-88.7768842, 15.5242045], [-88.7763573, 15.5243766]]}, "properties": {"osmid": "283286737", "oneway": "False", "lanes": NaN, "ref": "CA-9", "name": "Carretera Presidente Coronel Jacobo \u00c1rbenz Guzm\u00e1n", "highway": "trunk", "maxspeed": NaN, "length": 59.607, "bridge": NaN, "tunnel": NaN, "access": NaN, "junction": NaN, "width": NaN, "est_width": NaN, "iri": 4.1399998664856}}, {"type": "Feature", "geometry": {"type": "LineString", "coordinates": [[-88.7763573, 15.5243766], [-88.7756707, 15.5247384]]}, "properties": {"osmid": "283286737", "oneway": "False", "lanes": NaN, "ref": "CA-9", "name": "Carretera Presidente Coronel Jacobo \u00c1rbenz Guzm\u00e1n", "highway": "trunk", "maxspeed": NaN, "length": 83.843, "bridge": NaN, "tunnel": NaN, "access": NaN, "junction": NaN, "width": NaN, "est_width": NaN, "iri": 4.1399998664856}}, {"type": "Feature", "geometry": {"type": "LineString", "coordinates": [[-88.7756707, 15.5247384], [-88.7742328, 15.5254404]]}, "properties": {"osmid": "283286737", "oneway": "False", "lanes": NaN, "ref": "CA-9", "name": "Carretera Presidente Coronel Jacobo \u00c1rbenz Guzm\u00e1n", "highway": "trunk", "maxspeed": NaN, "length": 172.701, "bridge": NaN, "tunnel": NaN, "access": NaN, "junction": NaN, "width": NaN, "est_width": NaN, "iri": 4.1399998664856}}, {"type": "Feature", "geometry": {"type": "LineString", "coordinates": [[-88.7742328, 15.5254404], [-88.7718521, 15.5260585]]}, "properties": {"osmid": "283286737", "oneway": "False", "lanes": NaN, "ref": "CA-9", "name": "Carretera Presidente Coronel Jacobo \u00c1rbenz Guzm\u00e1n", "highway": "trunk", "maxspeed": NaN, "length": 264.16, "bridge": NaN, "tunnel": NaN, "access": NaN, "junction": NaN, "width": NaN, "est_width": NaN, "iri": 4.1399998664856}}, {"type": "Feature", "geometry": {"type": "LineString", "coordinates": [[-88.7718521, 15.5260585], [-88.7678064, 15.5268472]]}, "properties": {"osmid": "283286737", "oneway": "False", "lanes": NaN, "ref": "CA-9", "name": "Carretera Presidente Coronel Jacobo \u00c1rbenz Guzm\u00e1n", "highway": "trunk", "maxspeed": NaN, "length": 442.228, "bridge": NaN, "tunnel": NaN, "access": NaN, "junction": NaN, "width": NaN, "est_width": NaN, "iri": 4.1399998664856}}, {"type": "Feature", "geometry": {"type": "LineString", "coordinates": [[-88.7678064, 15.5268472], [-88.7666692, 15.5271211]]}, "properties": {"osmid": "283286737", "oneway": "False", "lanes": NaN, "ref": "CA-9", "name": "Carretera Presidente Coronel Jacobo \u00c1rbenz Guzm\u00e1n", "highway": "trunk", "maxspeed": NaN, "length": 125.585, "bridge": NaN, "tunnel": NaN, "access": NaN, "junction": NaN, "width": NaN, "est_width": NaN, "iri": 4.1399998664856}}, {"type": "Feature", "geometry": {"type": "LineString", "coordinates": [[-88.7666692, 15.5271211], [-88.7662186, 15.5272969]]}, "properties": {"osmid": "283286737", "oneway": "False", "lanes": NaN, "ref": "CA-9", "name": "Carretera Presidente Coronel Jacobo \u00c1rbenz Guzm\u00e1n", "highway": "trunk", "maxspeed": NaN, "length": 52.083, "bridge": NaN, "tunnel": NaN, "access": NaN, "junction": NaN, "width": NaN, "est_width": NaN, "iri": 4.1399998664856}}, {"type": "Feature", "geometry": {"type": "LineString", "coordinates": [[-88.7662186, 15.5272969], [-88.7657465, 15.527545]]}, "properties": {"osmid": "283286737", "oneway": "False", "lanes": NaN, "ref": "CA-9", "name": "Carretera Presidente Coronel Jacobo \u00c1rbenz Guzm\u00e1n", "highway": "trunk", "maxspeed": NaN, "length": 57.614, "bridge": NaN, "tunnel": NaN, "access": NaN, "junction": NaN, "width": NaN, "est_width": NaN, "iri": 4.1399998664856}}, {"type": "Feature", "geometry": {"type": "LineString", "coordinates": [[-88.7657465, 15.527545], [-88.7642606, 15.529385]]}, "properties": {"osmid": "283286737", "oneway": "False", "lanes": NaN, "ref": "CA-9", "name": "Carretera Presidente Coronel Jacobo \u00c1rbenz Guzm\u00e1n", "highway": "trunk", "maxspeed": NaN, "length": 259.236, "bridge": NaN, "tunnel": NaN, "access": NaN, "junction": NaN, "width": NaN, "est_width": NaN, "iri": 4.1399998664856}}, {"type": "Feature", "geometry": {"type": "LineString", "coordinates": [[-88.7642606, 15.529385], [-88.7626459, 15.5314782]]}, "properties": {"osmid": "283286737", "oneway": "False", "lanes": NaN, "ref": "CA-9", "name": "Carretera Presidente Coronel Jacobo \u00c1rbenz Guzm\u00e1n", "highway": "trunk", "maxspeed": NaN, "length": 290.0, "bridge": NaN, "tunnel": NaN, "access": NaN, "junction": NaN, "width": NaN, "est_width": NaN, "iri": 4.1399998664856}}, {"type": "Feature", "geometry": {"type": "LineString", "coordinates": [[-88.7626459, 15.5314782], [-88.7623776, 15.532083]]}, "properties": {"osmid": "283286737", "oneway": "False", "lanes": NaN, "ref": "CA-9", "name": "Carretera Presidente Coronel Jacobo \u00c1rbenz Guzm\u00e1n", "highway": "trunk", "maxspeed": NaN, "length": 73.136, "bridge": NaN, "tunnel": NaN, "access": NaN, "junction": NaN, "width": NaN, "est_width": NaN, "iri": 4.1399998664856}}, {"type": "Feature", "geometry": {"type": "LineString", "coordinates": [[-88.7623776, 15.532083], [-88.7623347, 15.5324809]]}, "properties": {"osmid": "283286737", "oneway": "False", "lanes": NaN, "ref": "CA-9", "name": "Carretera Presidente Coronel Jacobo \u00c1rbenz Guzm\u00e1n", "highway": "trunk", "maxspeed": NaN, "length": 44.483, "bridge": NaN, "tunnel": NaN, "access": NaN, "junction": NaN, "width": NaN, "est_width": NaN, "iri": 4.1399998664856}}, {"type": "Feature", "geometry": {"type": "LineString", "coordinates": [[-88.7623347, 15.5324809], [-88.7623347, 15.5329564]]}, "properties": {"osmid": "283286737", "oneway": "False", "lanes": NaN, "ref": "CA-9", "name": "Carretera Presidente Coronel Jacobo \u00c1rbenz Guzm\u00e1n", "highway": "trunk", "maxspeed": NaN, "length": 52.873, "bridge": NaN, "tunnel": NaN, "access": NaN, "junction": NaN, "width": NaN, "est_width": NaN, "iri": 4.1399998664856}}, {"type": "Feature", "geometry": {"type": "LineString", "coordinates": [[-88.7623347, 15.5329564], [-88.7624098, 15.5336593]]}, "properties": {"osmid": "283286737", "oneway": "False", "lanes": NaN, "ref": "CA-9", "name": "Carretera Presidente Coronel Jacobo \u00c1rbenz Guzm\u00e1n", "highway": "trunk", "maxspeed": NaN, "length": 78.572, "bridge": NaN, "tunnel": NaN, "access": NaN, "junction": NaN, "width": NaN, "est_width": NaN, "iri": 4.1399998664856}}, {"type": "Feature", "geometry": {"type": "LineString", "coordinates": [[-88.7624098, 15.5336593], [-88.7623635, 15.5343603]]}, "properties": {"osmid": "283286737", "oneway": "False", "lanes": NaN, "ref": "CA-9", "name": "Carretera Presidente Coronel Jacobo \u00c1rbenz Guzm\u00e1n", "highway": "trunk", "maxspeed": NaN, "length": 78.105, "bridge": NaN, "tunnel": NaN, "access": NaN, "junction": NaN, "width": NaN, "est_width": NaN, "iri": 4.1399998664856}}, {"type": "Feature", "geometry": {"type": "LineString", "coordinates": [[-88.7623635, 15.5343603], [-88.7620504, 15.5349928]]}, "properties": {"osmid": "283286737", "oneway": "False", "lanes": NaN, "ref": "CA-9", "name": "Carretera Presidente Coronel Jacobo \u00c1rbenz Guzm\u00e1n", "highway": "trunk", "maxspeed": NaN, "length": 77.92, "bridge": NaN, "tunnel": NaN, "access": NaN, "junction": NaN, "width": NaN, "est_width": NaN, "iri": 4.1399998664856}}, {"type": "Feature", "geometry": {"type": "LineString", "coordinates": [[-88.7620504, 15.5349928], [-88.7616951, 15.5354963]]}, "properties": {"osmid": "283286737", "oneway": "False", "lanes": NaN, "ref": "CA-9", "name": "Carretera Presidente Coronel Jacobo \u00c1rbenz Guzm\u00e1n", "highway": "trunk", "maxspeed": NaN, "length": 67.701, "bridge": NaN, "tunnel": NaN, "access": NaN, "junction": NaN, "width": NaN, "est_width": NaN, "iri": 4.1399998664856}}, {"type": "Feature", "geometry": {"type": "LineString", "coordinates": [[-88.7616951, 15.5354963], [-88.760634, 15.5360224]]}, "properties": {"osmid": "283286737", "oneway": "False", "lanes": NaN, "ref": "CA-9", "name": "Carretera Presidente Coronel Jacobo \u00c1rbenz Guzm\u00e1n", "highway": "trunk", "maxspeed": NaN, "length": 127.847, "bridge": NaN, "tunnel": NaN, "access": NaN, "junction": NaN, "width": NaN, "est_width": NaN, "iri": 4.1399998664856}}, {"type": "Feature", "geometry": {"type": "LineString", "coordinates": [[-88.760634, 15.5360224], [-88.7590785, 15.5362281]]}, "properties": {"osmid": "283286737", "oneway": "False", "lanes": NaN, "ref": "CA-9", "name": "Carretera Presidente Coronel Jacobo \u00c1rbenz Guzm\u00e1n", "highway": "trunk", "maxspeed": NaN, "length": 168.207, "bridge": NaN, "tunnel": NaN, "access": NaN, "junction": NaN, "width": NaN, "est_width": NaN, "iri": 4.1399998664856}}, {"type": "Feature", "geometry": {"type": "LineString", "coordinates": [[-88.7590785, 15.5362281], [-88.7575819, 15.5367139]]}, "properties": {"osmid": "283286737", "oneway": "False", "lanes": NaN, "ref": "CA-9", "name": "Carretera Presidente Coronel Jacobo \u00c1rbenz Guzm\u00e1n", "highway": "trunk", "maxspeed": NaN, "length": 169.189, "bridge": NaN, "tunnel": NaN, "access": NaN, "junction": NaN, "width": NaN, "est_width": NaN, "iri": 4.1399998664856}}, {"type": "Feature", "geometry": {"type": "LineString", "coordinates": [[-88.7575819, 15.5367139], [-88.7559725, 15.5372152]]}, "properties": {"osmid": "283286737", "oneway": "False", "lanes": NaN, "ref": "CA-9", "name": "Carretera Presidente Coronel Jacobo \u00c1rbenz Guzm\u00e1n", "highway": "trunk", "maxspeed": NaN, "length": 181.205, "bridge": NaN, "tunnel": NaN, "access": NaN, "junction": NaN, "width": NaN, "est_width": NaN, "iri": 4.1399998664856}}, {"type": "Feature", "geometry": {"type": "LineString", "coordinates": [[-88.7559725, 15.5372152], [-88.7538142, 15.5378497]]}, "properties": {"osmid": "283286737", "oneway": "False", "lanes": NaN, "ref": "CA-9", "name": "Carretera Presidente Coronel Jacobo \u00c1rbenz Guzm\u00e1n", "highway": "trunk", "maxspeed": NaN, "length": 241.746, "bridge": NaN, "tunnel": NaN, "access": NaN, "junction": NaN, "width": NaN, "est_width": NaN, "iri": 4.1399998664856}}, {"type": "Feature", "geometry": {"type": "LineString", "coordinates": [[-88.7538142, 15.5378497], [-88.751799, 15.5377062]]}, "properties": {"osmid": "283286737", "oneway": "False", "lanes": NaN, "ref": "CA-9", "name": "Carretera Presidente Coronel Jacobo \u00c1rbenz Guzm\u00e1n", "highway": "trunk", "maxspeed": NaN, "length": 216.48, "bridge": NaN, "tunnel": NaN, "access": NaN, "junction": NaN, "width": NaN, "est_width": NaN, "iri": 4.1399998664856}}, {"type": "Feature", "geometry": {"type": "LineString", "coordinates": [[-88.751799, 15.5377062], [-88.7496908, 15.5375047]]}, "properties": {"osmid": "283286737", "oneway": "False", "lanes": NaN, "ref": "CA-9", "name": "Carretera Presidente Coronel Jacobo \u00c1rbenz Guzm\u00e1n", "highway": "trunk", "maxspeed": NaN, "length": 226.963, "bridge": NaN, "tunnel": NaN, "access": NaN, "junction": NaN, "width": NaN, "est_width": NaN, "iri": 4.1399998664856}}, {"type": "Feature", "geometry": {"type": "LineString", "coordinates": [[-88.7496908, 15.5375047], [-88.747647, 15.5373548]]}, "properties": {"osmid": "283286737", "oneway": "False", "lanes": NaN, "ref": "CA-9", "name": "Carretera Presidente Coronel Jacobo \u00c1rbenz Guzm\u00e1n", "highway": "trunk", "maxspeed": NaN, "length": 219.589, "bridge": NaN, "tunnel": NaN, "access": NaN, "junction": NaN, "width": NaN, "est_width": NaN, "iri": 4.1399998664856}}, {"type": "Feature", "geometry": {"type": "LineString", "coordinates": [[-88.747647, 15.5373548], [-88.7466599, 15.5373289]]}, "properties": {"osmid": "283286737", "oneway": "False", "lanes": NaN, "ref": "CA-9", "name": "Carretera Presidente Coronel Jacobo \u00c1rbenz Guzm\u00e1n", "highway": "trunk", "maxspeed": NaN, "length": 105.789, "bridge": NaN, "tunnel": NaN, "access": NaN, "junction": NaN, "width": NaN, "est_width": NaN, "iri": 4.1399998664856}}, {"type": "Feature", "geometry": {"type": "LineString", "coordinates": [[-88.7466599, 15.5373289], [-88.7456407, 15.5374375]]}, "properties": {"osmid": "283286737", "oneway": "False", "lanes": NaN, "ref": "CA-9", "name": "Carretera Presidente Coronel Jacobo \u00c1rbenz Guzm\u00e1n", "highway": "trunk", "maxspeed": NaN, "length": 109.854, "bridge": NaN, "tunnel": NaN, "access": NaN, "junction": NaN, "width": NaN, "est_width": NaN, "iri": 4.1399998664856}}, {"type": "Feature", "geometry": {"type": "LineString", "coordinates": [[-88.7456407, 15.5374375], [-88.7440313, 15.5377579]]}, "properties": {"osmid": "283286737", "oneway": "False", "lanes": NaN, "ref": "CA-9", "name": "Carretera Presidente Coronel Jacobo \u00c1rbenz Guzm\u00e1n", "highway": "trunk", "maxspeed": NaN, "length": 176.06, "bridge": NaN, "tunnel": NaN, "access": NaN, "junction": NaN, "width": NaN, "est_width": NaN, "iri": 4.1399998664856}}, {"type": "Feature", "geometry": {"type": "LineString", "coordinates": [[-88.7440313, 15.5377579], [-88.7427761, 15.5379956]]}, "properties": {"osmid": "283286737", "oneway": "False", "lanes": NaN, "ref": "CA-9", "name": "Carretera Presidente Coronel Jacobo \u00c1rbenz Guzm\u00e1n", "highway": "trunk", "maxspeed": NaN, "length": 137.044, "bridge": NaN, "tunnel": NaN, "access": NaN, "junction": NaN, "width": NaN, "est_width": NaN, "iri": 4.1399998664856}}, {"type": "Feature", "geometry": {"type": "LineString", "coordinates": [[-88.7427761, 15.5379956], [-88.7405861, 15.5384702]]}, "properties": {"osmid": "283286737", "oneway": "False", "lanes": NaN, "ref": "CA-9", "name": "Carretera Presidente Coronel Jacobo \u00c1rbenz Guzm\u00e1n", "highway": "trunk", "maxspeed": NaN, "length": 240.479, "bridge": NaN, "tunnel": NaN, "access": NaN, "junction": NaN, "width": NaN, "est_width": NaN, "iri": 4.1399998664856}}, {"type": "Feature", "geometry": {"type": "LineString", "coordinates": [[-88.7405861, 15.5384702], [-88.7386032, 15.5388]]}, "properties": {"osmid": "283286737", "oneway": "False", "lanes": NaN, "ref": "CA-9", "name": "Carretera Presidente Coronel Jacobo \u00c1rbenz Guzm\u00e1n", "highway": "trunk", "maxspeed": NaN, "length": 215.572, "bridge": NaN, "tunnel": NaN, "access": NaN, "junction": NaN, "width": NaN, "est_width": NaN, "iri": 4.1399998664856}}, {"type": "Feature", "geometry": {"type": "LineString", "coordinates": [[-88.7386032, 15.5388], [-88.7358245, 15.5394098]]}, "properties": {"osmid": "283286737", "oneway": "False", "lanes": NaN, "ref": "CA-9", "name": "Carretera Presidente Coronel Jacobo \u00c1rbenz Guzm\u00e1n", "highway": "trunk", "maxspeed": NaN, "length": 305.309, "bridge": NaN, "tunnel": NaN, "access": NaN, "junction": NaN, "width": NaN, "est_width": NaN, "iri": 4.1399998664856}}, {"type": "Feature", "geometry": {"type": "LineString", "coordinates": [[-88.7358245, 15.5394098], [-88.7342795, 15.5397303]]}, "properties": {"osmid": "283286737", "oneway": "False", "lanes": NaN, "ref": "CA-9", "name": "Carretera Presidente Coronel Jacobo \u00c1rbenz Guzm\u00e1n", "highway": "trunk", "maxspeed": NaN, "length": 169.31, "bridge": NaN, "tunnel": NaN, "access": NaN, "junction": NaN, "width": NaN, "est_width": NaN, "iri": 4.1399998664856}}, {"type": "Feature", "geometry": {"type": "LineString", "coordinates": [[-88.7342795, 15.5397303], [-88.7318762, 15.5405055]]}, "properties": {"osmid": "283286737", "oneway": "False", "lanes": NaN, "ref": "CA-9", "name": "Carretera Presidente Coronel Jacobo \u00c1rbenz Guzm\u00e1n", "highway": "trunk", "maxspeed": NaN, "length": 271.512, "bridge": NaN, "tunnel": NaN, "access": NaN, "junction": NaN, "width": NaN, "est_width": NaN, "iri": 4.1399998664856}}, {"type": "Feature", "geometry": {"type": "LineString", "coordinates": [[-88.7318762, 15.5405055], [-88.7306102, 15.540888]]}, "properties": {"osmid": "283286737", "oneway": "False", "lanes": NaN, "ref": "CA-9", "name": "Carretera Presidente Coronel Jacobo \u00c1rbenz Guzm\u00e1n", "highway": "trunk", "maxspeed": NaN, "length": 142.139, "bridge": NaN, "tunnel": NaN, "access": NaN, "junction": NaN, "width": NaN, "est_width": NaN, "iri": 4.1399998664856}}, {"type": "Feature", "geometry": {"type": "LineString", "coordinates": [[-88.7306102, 15.540888], [-88.7224456, 15.5415288]]}, "properties": {"osmid": "283286737", "oneway": "False", "lanes": NaN, "ref": "CA-9", "name": "Carretera Presidente Coronel Jacobo \u00c1rbenz Guzm\u00e1n", "highway": "trunk", "maxspeed": NaN, "length": 877.568, "bridge": NaN, "tunnel": NaN, "access": NaN, "junction": NaN, "width": NaN, "est_width": NaN, "iri": 4.1399998664856}}, {"type": "Feature", "geometry": {"type": "LineString", "coordinates": [[-88.7224456, 15.5415288], [-88.7193498, 15.5423402]]}, "properties": {"osmid": "283286737", "oneway": "False", "lanes": NaN, "ref": "CA-9", "name": "Carretera Presidente Coronel Jacobo \u00c1rbenz Guzm\u00e1n", "highway": "trunk", "maxspeed": NaN, "length": 343.704, "bridge": NaN, "tunnel": NaN, "access": NaN, "junction": NaN, "width": NaN, "est_width": NaN, "iri": 4.1399998664856}}, {"type": "Feature", "geometry": {"type": "LineString", "coordinates": [[-88.7193498, 15.5423402], [-88.7168451, 15.5429966]]}, "properties": {"osmid": "283286737", "oneway": "False", "lanes": NaN, "ref": "CA-9", "name": "Carretera Presidente Coronel Jacobo \u00c1rbenz Guzm\u00e1n", "highway": "trunk", "maxspeed": NaN, "length": 278.075, "bridge": NaN, "tunnel": NaN, "access": NaN, "junction": NaN, "width": NaN, "est_width": NaN, "iri": 4.1399998664856}}, {"type": "Feature", "geometry": {"type": "LineString", "coordinates": [[-88.7168451, 15.5429966], [-88.7116738, 15.5444831]]}, "properties": {"osmid": "283286737", "oneway": "False", "lanes": NaN, "ref": "CA-9", "name": "Carretera Presidente Coronel Jacobo \u00c1rbenz Guzm\u00e1n", "highway": "trunk", "maxspeed": NaN, "length": 578.125, "bridge": NaN, "tunnel": NaN, "access": NaN, "junction": NaN, "width": NaN, "est_width": NaN, "iri": 4.1399998664856}}, {"type": "Feature", "geometry": {"type": "LineString", "coordinates": [[-88.7116738, 15.5444831], [-88.7113878, 15.5445298]]}, "properties": {"osmid": "283286737", "oneway": "False", "lanes": NaN, "ref": "CA-9", "name": "Carretera Presidente Coronel Jacobo \u00c1rbenz Guzm\u00e1n", "highway": "trunk", "maxspeed": NaN, "length": 31.076, "bridge": NaN, "tunnel": NaN, "access": NaN, "junction": NaN, "width": NaN, "est_width": NaN, "iri": 4.1399998664856}}, {"type": "Feature", "geometry": {"type": "LineString", "coordinates": [[-88.7113878, 15.5445298], [-88.7111962, 15.544538]]}, "properties": {"osmid": "283286737", "oneway": "False", "lanes": NaN, "ref": "CA-9", "name": "Carretera Presidente Coronel Jacobo \u00c1rbenz Guzm\u00e1n", "highway": "trunk", "maxspeed": NaN, "length": 20.546, "bridge": NaN, "tunnel": NaN, "access": NaN, "junction": NaN, "width": NaN, "est_width": NaN, "iri": 4.1399998664856}}, {"type": "Feature", "geometry": {"type": "LineString", "coordinates": [[-88.7111962, 15.544538], [-88.7110088, 15.54454]]}, "properties": {"osmid": "283286737", "oneway": "False", "lanes": NaN, "ref": "CA-9", "name": "Carretera Presidente Coronel Jacobo \u00c1rbenz Guzm\u00e1n", "highway": "trunk", "maxspeed": NaN, "length": 20.077, "bridge": NaN, "tunnel": NaN, "access": NaN, "junction": NaN, "width": NaN, "est_width": NaN, "iri": 4.1399998664856}}, {"type": "Feature", "geometry": {"type": "LineString", "coordinates": [[-88.7110088, 15.54454], [-88.7108194, 15.5445236]]}, "properties": {"osmid": "283286737", "oneway": "False", "lanes": NaN, "ref": "CA-9", "name": "Carretera Presidente Coronel Jacobo \u00c1rbenz Guzm\u00e1n", "highway": "trunk", "maxspeed": NaN, "length": 20.372, "bridge": NaN, "tunnel": NaN, "access": NaN, "junction": NaN, "width": NaN, "est_width": NaN, "iri": 4.1399998664856}}, {"type": "Feature", "geometry": {"type": "LineString", "coordinates": [[-88.7108194, 15.5445236], [-88.7105469, 15.5444559]]}, "properties": {"osmid": "283286737", "oneway": "False", "lanes": NaN, "ref": "CA-9", "name": "Carretera Presidente Coronel Jacobo \u00c1rbenz Guzm\u00e1n", "highway": "trunk", "maxspeed": NaN, "length": 30.147, "bridge": NaN, "tunnel": NaN, "access": NaN, "junction": NaN, "width": NaN, "est_width": NaN, "iri": 4.1399998664856}}, {"type": "Feature", "geometry": {"type": "LineString", "coordinates": [[-88.7105469, 15.5444559], [-88.7102889, 15.544361]]}, "properties": {"osmid": "283286737", "oneway": "False", "lanes": NaN, "ref": "CA-9", "name": "Carretera Presidente Coronel Jacobo \u00c1rbenz Guzm\u00e1n", "highway": "trunk", "maxspeed": NaN, "length": 29.585, "bridge": NaN, "tunnel": NaN, "access": NaN, "junction": NaN, "width": NaN, "est_width": NaN, "iri": 4.1399998664856}}, {"type": "Feature", "geometry": {"type": "LineString", "coordinates": [[-88.7102889, 15.544361], [-88.7096166, 15.5440407]]}, "properties": {"osmid": "283286737", "oneway": "False", "lanes": NaN, "ref": "CA-9", "name": "Carretera Presidente Coronel Jacobo \u00c1rbenz Guzm\u00e1n", "highway": "trunk", "maxspeed": NaN, "length": 80.347, "bridge": NaN, "tunnel": NaN, "access": NaN, "junction": NaN, "width": NaN, "est_width": NaN, "iri": 4.1399998664856}}, {"type": "Feature", "geometry": {"type": "LineString", "coordinates": [[-88.7096166, 15.5440407], [-88.709093, 15.5438259]]}, "properties": {"osmid": "283286737", "oneway": "False", "lanes": NaN, "ref": "CA-9", "name": "Carretera Presidente Coronel Jacobo \u00c1rbenz Guzm\u00e1n", "highway": "trunk", "maxspeed": NaN, "length": 60.966, "bridge": NaN, "tunnel": NaN, "access": NaN, "junction": NaN, "width": NaN, "est_width": NaN, "iri": 4.1399998664856}}, {"type": "Feature", "geometry": {"type": "LineString", "coordinates": [[-88.709093, 15.5438259], [-88.7084552, 15.5436685]]}, "properties": {"osmid": "283286737", "oneway": "False", "lanes": NaN, "ref": "CA-9", "name": "Carretera Presidente Coronel Jacobo \u00c1rbenz Guzm\u00e1n", "highway": "trunk", "maxspeed": NaN, "length": 70.532, "bridge": NaN, "tunnel": NaN, "access": NaN, "junction": NaN, "width": NaN, "est_width": NaN, "iri": 4.1399998664856}}, {"type": "Feature", "geometry": {"type": "LineString", "coordinates": [[-88.7084552, 15.5436685], [-88.7079196, 15.5437019]]}, "properties": {"osmid": "283286737", "oneway": "False", "lanes": NaN, "ref": "CA-9", "name": "Carretera Presidente Coronel Jacobo \u00c1rbenz Guzm\u00e1n", "highway": "trunk", "maxspeed": NaN, "length": 57.498, "bridge": NaN, "tunnel": NaN, "access": NaN, "junction": NaN, "width": NaN, "est_width": NaN, "iri": 4.1399998664856}}, {"type": "Feature", "geometry": {"type": "LineString", "coordinates": [[-88.7079196, 15.5437019], [-88.7074542, 15.5437742]]}, "properties": {"osmid": "283286737", "oneway": "False", "lanes": NaN, "ref": "CA-9", "name": "Carretera Presidente Coronel Jacobo \u00c1rbenz Guzm\u00e1n", "highway": "trunk", "maxspeed": NaN, "length": 50.501, "bridge": NaN, "tunnel": NaN, "access": NaN, "junction": NaN, "width": NaN, "est_width": NaN, "iri": 4.1399998664856}}, {"type": "Feature", "geometry": {"type": "LineString", "coordinates": [[-88.7074542, 15.5437742], [-88.7069961, 15.5439166]]}, "properties": {"osmid": "283286737", "oneway": "False", "lanes": NaN, "ref": "CA-9", "name": "Carretera Presidente Coronel Jacobo \u00c1rbenz Guzm\u00e1n", "highway": "trunk", "maxspeed": NaN, "length": 51.567, "bridge": NaN, "tunnel": NaN, "access": NaN, "junction": NaN, "width": NaN, "est_width": NaN, "iri": 4.1399998664856}}, {"type": "Feature", "geometry": {"type": "LineString", "coordinates": [[-88.7069961, 15.5439166], [-88.7065785, 15.5441153]]}, "properties": {"osmid": "283286737", "oneway": "False", "lanes": NaN, "ref": "CA-9", "name": "Carretera Presidente Coronel Jacobo \u00c1rbenz Guzm\u00e1n", "highway": "trunk", "maxspeed": NaN, "length": 49.895, "bridge": NaN, "tunnel": NaN, "access": NaN, "junction": NaN, "width": NaN, "est_width": NaN, "iri": 4.1399998664856}}, {"type": "Feature", "geometry": {"type": "LineString", "coordinates": [[-88.7065785, 15.5441153], [-88.7061699, 15.5443132]]}, "properties": {"osmid": "283286737", "oneway": "False", "lanes": NaN, "ref": "CA-9", "name": "Carretera Presidente Coronel Jacobo \u00c1rbenz Guzm\u00e1n", "highway": "trunk", "maxspeed": NaN, "length": 48.993, "bridge": NaN, "tunnel": NaN, "access": NaN, "junction": NaN, "width": NaN, "est_width": NaN, "iri": 4.1399998664856}}, {"type": "Feature", "geometry": {"type": "LineString", "coordinates": [[-88.7061699, 15.5443132], [-88.7055006, 15.5446122]]}, "properties": {"osmid": "283286737", "oneway": "False", "lanes": NaN, "ref": "CA-9", "name": "Carretera Presidente Coronel Jacobo \u00c1rbenz Guzm\u00e1n", "highway": "trunk", "maxspeed": NaN, "length": 79.034, "bridge": NaN, "tunnel": NaN, "access": NaN, "junction": NaN, "width": NaN, "est_width": NaN, "iri": 4.1399998664856}}, {"type": "Feature", "geometry": {"type": "LineString", "coordinates": [[-88.7055006, 15.5446122], [-88.7044131, 15.5451233]]}, "properties": {"osmid": "283286737", "oneway": "False", "lanes": NaN, "ref": "CA-9", "name": "Carretera Presidente Coronel Jacobo \u00c1rbenz Guzm\u00e1n", "highway": "trunk", "maxspeed": NaN, "length": 129.624, "bridge": NaN, "tunnel": NaN, "access": NaN, "junction": NaN, "width": NaN, "est_width": NaN, "iri": 4.1399998664856}}, {"type": "Feature", "geometry": {"type": "LineString", "coordinates": [[-88.7044131, 15.5451233], [-88.703879, 15.5453681]]}, "properties": {"osmid": "283286737", "oneway": "False", "lanes": NaN, "ref": "CA-9", "name": "Carretera Presidente Coronel Jacobo \u00c1rbenz Guzm\u00e1n", "highway": "trunk", "maxspeed": NaN, "length": 63.362, "bridge": NaN, "tunnel": NaN, "access": NaN, "junction": NaN, "width": NaN, "est_width": NaN, "iri": 4.1399998664856}}, {"type": "Feature", "geometry": {"type": "LineString", "coordinates": [[-88.703879, 15.5453681], [-88.7034529, 15.5447306]]}, "properties": {"osmid": "379303843", "oneway": "False", "lanes": NaN, "ref": NaN, "name": NaN, "highway": "tertiary", "maxspeed": NaN, "length": 84.313, "bridge": NaN, "tunnel": NaN, "access": NaN, "junction": NaN, "width": NaN, "est_width": NaN, "iri": 4.1399998664856}}, {"type": "Feature", "geometry": {"type": "LineString", "coordinates": [[-88.7034529, 15.5447306], [-88.7029111, 15.5440148]]}, "properties": {"osmid": "379303843", "oneway": "False", "lanes": NaN, "ref": NaN, "name": NaN, "highway": "tertiary", "maxspeed": NaN, "length": 98.509, "bridge": NaN, "tunnel": NaN, "access": NaN, "junction": NaN, "width": NaN, "est_width": NaN, "iri": 4.1399998664856}}, {"type": "Feature", "geometry": {"type": "LineString", "coordinates": [[-88.7029111, 15.5440148], [-88.7026831, 15.5434721]]}, "properties": {"osmid": "379303843", "oneway": "False", "lanes": NaN, "ref": NaN, "name": NaN, "highway": "tertiary", "maxspeed": NaN, "length": 65.101, "bridge": NaN, "tunnel": NaN, "access": NaN, "junction": NaN, "width": NaN, "est_width": NaN, "iri": 4.1399998664856}}, {"type": "Feature", "geometry": {"type": "LineString", "coordinates": [[-88.7026831, 15.5434721], [-88.7024175, 15.5429682]]}, "properties": {"osmid": "379303843", "oneway": "False", "lanes": NaN, "ref": NaN, "name": NaN, "highway": "tertiary", "maxspeed": NaN, "length": 62.842, "bridge": NaN, "tunnel": NaN, "access": NaN, "junction": NaN, "width": NaN, "est_width": NaN, "iri": 4.1399998664856}}, {"type": "Feature", "geometry": {"type": "LineString", "coordinates": [[-88.7024175, 15.5429682], [-88.7021627, 15.5427486]]}, "properties": {"osmid": "379303843", "oneway": "False", "lanes": NaN, "ref": NaN, "name": NaN, "highway": "tertiary", "maxspeed": NaN, "length": 36.624, "bridge": NaN, "tunnel": NaN, "access": NaN, "junction": NaN, "width": NaN, "est_width": NaN, "iri": 4.1399998664856}}, {"type": "Feature", "geometry": {"type": "LineString", "coordinates": [[-88.7021627, 15.5427486], [-88.7018999, 15.5426529]]}, "properties": {"osmid": "379303843", "oneway": "False", "lanes": NaN, "ref": NaN, "name": NaN, "highway": "tertiary", "maxspeed": NaN, "length": 30.097, "bridge": NaN, "tunnel": NaN, "access": NaN, "junction": NaN, "width": NaN, "est_width": NaN, "iri": 4.1399998664856}}, {"type": "Feature", "geometry": {"type": "LineString", "coordinates": [[-88.7018999, 15.5426529], [-88.7016692, 15.5425883]]}, "properties": {"osmid": "379303843", "oneway": "False", "lanes": NaN, "ref": NaN, "name": NaN, "highway": "tertiary", "maxspeed": NaN, "length": 25.737, "bridge": NaN, "tunnel": NaN, "access": NaN, "junction": NaN, "width": NaN, "est_width": NaN, "iri": 4.1399998664856}}, {"type": "Feature", "geometry": {"type": "LineString", "coordinates": [[-88.7016692, 15.5425883], [-88.7014278, 15.5423351]]}, "properties": {"osmid": "379303843", "oneway": "False", "lanes": NaN, "ref": NaN, "name": NaN, "highway": "tertiary", "maxspeed": NaN, "length": 38.229, "bridge": NaN, "tunnel": NaN, "access": NaN, "junction": NaN, "width": NaN, "est_width": NaN, "iri": 4.1399998664856}}, {"type": "Feature", "geometry": {"type": "LineString", "coordinates": [[-88.7014278, 15.5423351], [-88.7010603, 15.5418648]]}, "properties": {"osmid": "379303843", "oneway": "False", "lanes": NaN, "ref": NaN, "name": NaN, "highway": "tertiary", "maxspeed": NaN, "length": 65.458, "bridge": NaN, "tunnel": NaN, "access": NaN, "junction": NaN, "width": NaN, "est_width": NaN, "iri": 4.1399998664856}}, {"type": "Feature", "geometry": {"type": "LineString", "coordinates": [[-88.7010603, 15.5418648], [-88.7010603, 15.5418028]]}, "properties": {"osmid": "379303843", "oneway": "False", "lanes": NaN, "ref": NaN, "name": NaN, "highway": "tertiary", "maxspeed": NaN, "length": 6.894, "bridge": NaN, "tunnel": NaN, "access": NaN, "junction": NaN, "width": NaN, "est_width": NaN, "iri": 4.1399998664856}}, {"type": "Feature", "geometry": {"type": "LineString", "coordinates": [[-88.7010603, 15.5418028], [-88.7011354, 15.5416012]]}, "properties": {"osmid": "379303843", "oneway": "False", "lanes": NaN, "ref": NaN, "name": NaN, "highway": "tertiary", "maxspeed": NaN, "length": 23.817, "bridge": NaN, "tunnel": NaN, "access": NaN, "junction": NaN, "width": NaN, "est_width": NaN, "iri": 4.1399998664856}}, {"type": "Feature", "geometry": {"type": "LineString", "coordinates": [[-88.7011354, 15.5416012], [-88.7011837, 15.5413841]]}, "properties": {"osmid": "379303843", "oneway": "False", "lanes": NaN, "ref": NaN, "name": NaN, "highway": "tertiary", "maxspeed": NaN, "length": 24.689, "bridge": NaN, "tunnel": NaN, "access": NaN, "junction": NaN, "width": NaN, "est_width": NaN, "iri": 4.1399998664856}}, {"type": "Feature", "geometry": {"type": "LineString", "coordinates": [[-88.7011837, 15.5413841], [-88.7011435, 15.5412601]]}, "properties": {"osmid": "379303843", "oneway": "False", "lanes": NaN, "ref": NaN, "name": NaN, "highway": "tertiary", "maxspeed": NaN, "length": 14.445, "bridge": NaN, "tunnel": NaN, "access": NaN, "junction": NaN, "width": NaN, "est_width": NaN, "iri": 4.1399998664856}}, {"type": "Feature", "geometry": {"type": "LineString", "coordinates": [[-88.7011435, 15.5412601], [-88.7010013, 15.5411102]]}, "properties": {"osmid": "379303843", "oneway": "False", "lanes": NaN, "ref": NaN, "name": NaN, "highway": "tertiary", "maxspeed": NaN, "length": 22.581, "bridge": NaN, "tunnel": NaN, "access": NaN, "junction": NaN, "width": NaN, "est_width": NaN, "iri": 4.1399998664856}}, {"type": "Feature", "geometry": {"type": "LineString", "coordinates": [[-88.7010013, 15.5411102], [-88.7008136, 15.5410379]]}, "properties": {"osmid": "379303843", "oneway": "False", "lanes": NaN, "ref": NaN, "name": NaN, "highway": "tertiary", "maxspeed": NaN, "length": 21.656, "bridge": NaN, "tunnel": NaN, "access": NaN, "junction": NaN, "width": NaN, "est_width": NaN, "iri": 4.1399998664856}}, {"type": "Feature", "geometry": {"type": "LineString", "coordinates": [[-88.7008136, 15.5410379], [-88.7006902, 15.5408931]]}, "properties": {"osmid": "379303843", "oneway": "False", "lanes": NaN, "ref": NaN, "name": NaN, "highway": "tertiary", "maxspeed": NaN, "length": 20.833, "bridge": NaN, "tunnel": NaN, "access": NaN, "junction": NaN, "width": NaN, "est_width": NaN, "iri": 4.1399998664856}}, {"type": "Feature", "geometry": {"type": "LineString", "coordinates": [[-88.7006902, 15.5408931], [-88.7006768, 15.5405624]]}, "properties": {"osmid": "379303843", "oneway": "False", "lanes": NaN, "ref": NaN, "name": NaN, "highway": "tertiary", "maxspeed": NaN, "length": 36.8, "bridge": NaN, "tunnel": NaN, "access": NaN, "junction": NaN, "width": NaN, "est_width": NaN, "iri": 4.1399998664856}}, {"type": "Feature", "geometry": {"type": "LineString", "coordinates": [[-88.7006768, 15.5405624], [-88.7006446, 15.5402704]]}, "properties": {"osmid": "379303843", "oneway": "False", "lanes": NaN, "ref": NaN, "name": NaN, "highway": "tertiary", "maxspeed": NaN, "length": 32.652, "bridge": NaN, "tunnel": NaN, "access": NaN, "junction": NaN, "width": NaN, "est_width": NaN, "iri": 4.1399998664856}}, {"type": "Feature", "geometry": {"type": "LineString", "coordinates": [[-88.7006446, 15.5402704], [-88.7005239, 15.5398181]]}, "properties": {"osmid": "379303843", "oneway": "False", "lanes": NaN, "ref": NaN, "name": NaN, "highway": "tertiary", "maxspeed": NaN, "length": 51.929, "bridge": NaN, "tunnel": NaN, "access": NaN, "junction": NaN, "width": NaN, "est_width": NaN, "iri": 4.1399998664856}}, {"type": "Feature", "geometry": {"type": "LineString", "coordinates": [[-88.7005239, 15.5398181], [-88.7004354, 15.5394228]]}, "properties": {"osmid": "379303843", "oneway": "False", "lanes": NaN, "ref": NaN, "name": NaN, "highway": "tertiary", "maxspeed": NaN, "length": 44.966, "bridge": NaN, "tunnel": NaN, "access": NaN, "junction": NaN, "width": NaN, "est_width": NaN, "iri": 4.1399998664856}}, {"type": "Feature", "geometry": {"type": "LineString", "coordinates": [[-88.7004354, 15.5394228], [-88.6999955, 15.5390093]]}, "properties": {"osmid": "379303843", "oneway": "False", "lanes": NaN, "ref": NaN, "name": NaN, "highway": "tertiary", "maxspeed": NaN, "length": 65.841, "bridge": NaN, "tunnel": NaN, "access": NaN, "junction": NaN, "width": NaN, "est_width": NaN, "iri": 4.1399998664856}}, {"type": "Feature", "geometry": {"type": "LineString", "coordinates": [[-88.6999955, 15.5390093], [-88.6994081, 15.5384692]]}, "properties": {"osmid": "379303843", "oneway": "False", "lanes": NaN, "ref": NaN, "name": NaN, "highway": "tertiary", "maxspeed": NaN, "length": 86.987, "bridge": NaN, "tunnel": NaN, "access": NaN, "junction": NaN, "width": NaN, "est_width": NaN, "iri": 4.1399998664856}}, {"type": "Feature", "geometry": {"type": "LineString", "coordinates": [[-88.6994081, 15.5384692], [-88.6991945, 15.53823]]}, "properties": {"osmid": "379303843", "oneway": "False", "lanes": NaN, "ref": NaN, "name": NaN, "highway": "tertiary", "maxspeed": NaN, "length": 35.087, "bridge": NaN, "tunnel": NaN, "access": NaN, "junction": NaN, "width": NaN, "est_width": NaN, "iri": 4.1399998664856}}, {"type": "Feature", "geometry": {"type": "LineString", "coordinates": [[-88.6991945, 15.53823], [-88.6989789, 15.5379885]]}, "properties": {"osmid": "379303843", "oneway": "False", "lanes": NaN, "ref": NaN, "name": NaN, "highway": "tertiary", "maxspeed": NaN, "length": 35.42, "bridge": NaN, "tunnel": NaN, "access": NaN, "junction": NaN, "width": NaN, "est_width": NaN, "iri": 4.1399998664856}}, {"type": "Feature", "geometry": {"type": "LineString", "coordinates": [[-88.6989789, 15.5379885], [-88.6989414, 15.5378387]]}, "properties": {"osmid": "379303843", "oneway": "False", "lanes": NaN, "ref": NaN, "name": NaN, "highway": "tertiary", "maxspeed": NaN, "length": 17.135, "bridge": NaN, "tunnel": NaN, "access": NaN, "junction": NaN, "width": NaN, "est_width": NaN, "iri": 4.1399998664856}}, {"type": "Feature", "geometry": {"type": "LineString", "coordinates": [[-88.6989414, 15.5378387], [-88.6989629, 15.5376216]]}, "properties": {"osmid": "379303843", "oneway": "False", "lanes": NaN, "ref": NaN, "name": NaN, "highway": "tertiary", "maxspeed": NaN, "length": 24.25, "bridge": NaN, "tunnel": NaN, "access": NaN, "junction": NaN, "width": NaN, "est_width": NaN, "iri": 4.1399998664856}}, {"type": "Feature", "geometry": {"type": "LineString", "coordinates": [[-88.6989629, 15.5376216], [-88.6992579, 15.5373813]]}, "properties": {"osmid": "379303843", "oneway": "False", "lanes": NaN, "ref": NaN, "name": NaN, "highway": "tertiary", "maxspeed": NaN, "length": 41.386, "bridge": NaN, "tunnel": NaN, "access": NaN, "junction": NaN, "width": NaN, "est_width": NaN, "iri": 4.1399998664856}}, {"type": "Feature", "geometry": {"type": "LineString", "coordinates": [[-88.6992579, 15.5373813], [-88.6996039, 15.5370996]]}, "properties": {"osmid": "379303843", "oneway": "False", "lanes": NaN, "ref": NaN, "name": NaN, "highway": "tertiary", "maxspeed": NaN, "length": 48.53, "bridge": NaN, "tunnel": NaN, "access": NaN, "junction": NaN, "width": NaN, "est_width": NaN, "iri": 4.1399998664856}}, {"type": "Feature", "geometry": {"type": "LineString", "coordinates": [[-88.6996039, 15.5370996], [-88.699974, 15.53673]]}, "properties": {"osmid": "379303843", "oneway": "False", "lanes": NaN, "ref": NaN, "name": NaN, "highway": "tertiary", "maxspeed": NaN, "length": 57.106, "bridge": NaN, "tunnel": NaN, "access": NaN, "junction": NaN, "width": NaN, "est_width": NaN, "iri": 4.1399998664856}}, {"type": "Feature", "geometry": {"type": "LineString", "coordinates": [[-88.699974, 15.53673], [-88.7003361, 15.5364303]]}, "properties": {"osmid": "379303843", "oneway": "False", "lanes": NaN, "ref": NaN, "name": NaN, "highway": "tertiary", "maxspeed": NaN, "length": 51.141, "bridge": NaN, "tunnel": NaN, "access": NaN, "junction": NaN, "width": NaN, "est_width": NaN, "iri": 4.1399998664856}}, {"type": "Feature", "geometry": {"type": "LineString", "coordinates": [[-88.7003361, 15.5364303], [-88.7004622, 15.5362054]]}, "properties": {"osmid": "379303843", "oneway": "False", "lanes": NaN, "ref": NaN, "name": NaN, "highway": "tertiary", "maxspeed": NaN, "length": 28.423, "bridge": NaN, "tunnel": NaN, "access": NaN, "junction": NaN, "width": NaN, "est_width": NaN, "iri": 4.1399998664856}}, {"type": "Feature", "geometry": {"type": "LineString", "coordinates": [[-88.7004622, 15.5362054], [-88.7007412, 15.5353113]]}, "properties": {"osmid": "379303843", "oneway": "False", "lanes": NaN, "ref": NaN, "name": NaN, "highway": "tertiary", "maxspeed": NaN, "length": 103.815, "bridge": NaN, "tunnel": NaN, "access": NaN, "junction": NaN, "width": NaN, "est_width": NaN, "iri": 4.1399998664856}}, {"type": "Feature", "geometry": {"type": "LineString", "coordinates": [[-88.7007412, 15.5353113], [-88.7007862, 15.5351405]]}, "properties": {"osmid": "379303843", "oneway": "False", "lanes": NaN, "ref": NaN, "name": NaN, "highway": "tertiary", "maxspeed": NaN, "length": 19.594, "bridge": NaN, "tunnel": NaN, "access": NaN, "junction": NaN, "width": NaN, "est_width": NaN, "iri": 4.1399998664856}}, {"type": "Feature", "geometry": {"type": "LineString", "coordinates": [[-88.7007862, 15.5351405], [-88.7007487, 15.5349131]]}, "properties": {"osmid": "379303843", "oneway": "False", "lanes": NaN, "ref": NaN, "name": NaN, "highway": "tertiary", "maxspeed": NaN, "length": 25.603, "bridge": NaN, "tunnel": NaN, "access": NaN, "junction": NaN, "width": NaN, "est_width": NaN, "iri": 4.1399998664856}}, {"type": "Feature", "geometry": {"type": "LineString", "coordinates": [[-88.7007487, 15.5349131], [-88.7006307, 15.5347736]]}, "properties": {"osmid": "379303843", "oneway": "False", "lanes": NaN, "ref": NaN, "name": NaN, "highway": "tertiary", "maxspeed": NaN, "length": 20.011, "bridge": NaN, "tunnel": NaN, "access": NaN, "junction": NaN, "width": NaN, "est_width": NaN, "iri": 4.1399998664856}}, {"type": "Feature", "geometry": {"type": "LineString", "coordinates": [[-88.7006307, 15.5347736], [-88.7005127, 15.5346133]]}, "properties": {"osmid": "379303843", "oneway": "False", "lanes": NaN, "ref": NaN, "name": NaN, "highway": "tertiary", "maxspeed": NaN, "length": 21.852, "bridge": NaN, "tunnel": NaN, "access": NaN, "junction": NaN, "width": NaN, "est_width": NaN, "iri": 4.1399998664856}}, {"type": "Feature", "geometry": {"type": "LineString", "coordinates": [[-88.7005127, 15.5346133], [-88.7004376, 15.5344738]]}, "properties": {"osmid": "379303843", "oneway": "False", "lanes": NaN, "ref": NaN, "name": NaN, "highway": "tertiary", "maxspeed": NaN, "length": 17.474, "bridge": NaN, "tunnel": NaN, "access": NaN, "junction": NaN, "width": NaN, "est_width": NaN, "iri": 4.1399998664856}}, {"type": "Feature", "geometry": {"type": "LineString", "coordinates": [[-88.7004376, 15.5344738], [-88.7004268, 15.5343084]]}, "properties": {"osmid": "379303843", "oneway": "False", "lanes": NaN, "ref": NaN, "name": NaN, "highway": "tertiary", "maxspeed": NaN, "length": 18.428, "bridge": NaN, "tunnel": NaN, "access": NaN, "junction": NaN, "width": NaN, "est_width": NaN, "iri": 4.1399998664856}}, {"type": "Feature", "geometry": {"type": "LineString", "coordinates": [[-88.7004268, 15.5343084], [-88.7004297, 15.5341713]]}, "properties": {"osmid": "379303843", "oneway": "False", "lanes": NaN, "ref": NaN, "name": NaN, "highway": "tertiary", "maxspeed": NaN, "length": 15.248, "bridge": NaN, "tunnel": NaN, "access": NaN, "junction": NaN, "width": NaN, "est_width": NaN, "iri": 4.1399998664856}}, {"type": "Feature", "geometry": {"type": "LineString", "coordinates": [[-88.7004297, 15.5341713], [-88.7004322, 15.53405]]}, "properties": {"osmid": "379303843", "oneway": "False", "lanes": NaN, "ref": NaN, "name": NaN, "highway": "tertiary", "maxspeed": NaN, "length": 13.491, "bridge": NaN, "tunnel": NaN, "access": NaN, "junction": NaN, "width": NaN, "est_width": NaN, "iri": 4.1399998664856}}, {"type": "Feature", "geometry": {"type": "LineString", "coordinates": [[-88.7004322, 15.53405], [-88.7004054, 15.5337347]]}, "properties": {"osmid": "379303843", "oneway": "False", "lanes": NaN, "ref": NaN, "name": NaN, "highway": "tertiary", "maxspeed": NaN, "length": 35.177, "bridge": NaN, "tunnel": NaN, "access": NaN, "junction": NaN, "width": NaN, "est_width": NaN, "iri": 4.1399998664856}}, {"type": "Feature", "geometry": {"type": "LineString", "coordinates": [[-88.7004054, 15.5337347], [-88.7004054, 15.5335021]]}, "properties": {"osmid": "379303843", "oneway": "False", "lanes": NaN, "ref": NaN, "name": NaN, "highway": "tertiary", "maxspeed": NaN, "length": 25.864, "bridge": NaN, "tunnel": NaN, "access": NaN, "junction": NaN, "width": NaN, "est_width": NaN, "iri": 4.1399998664856}}, {"type": "Feature", "geometry": {"type": "LineString", "coordinates": [[-88.7004054, 15.5335021], [-88.7003732, 15.5333367]]}, "properties": {"osmid": "379303843", "oneway": "False", "lanes": NaN, "ref": NaN, "name": NaN, "highway": "tertiary", "maxspeed": NaN, "length": 18.712, "bridge": NaN, "tunnel": NaN, "access": NaN, "junction": NaN, "width": NaN, "est_width": NaN, "iri": 4.1399998664856}}]}