{"type": "FeatureCollection", "features": [{"type": "Feature", "geometry": {"type": "LineString", "coordinates": [[-90.383617, 14.6428653], [-90.383437, 14.6430347]]}, "properties": {"osmid": "232715440", "oneway": "False", "lanes": NaN, "ref": NaN, "name": NaN, "highway": "tertiary", "maxspeed": NaN, "length": 27.015, "bridge": NaN, "tunnel": NaN, "access": NaN, "junction": NaN, "width": NaN, "est_width": NaN, "iri": 1.73000001907349}}, {"type": "Feature", "geometry": {"type": "LineString", "coordinates": [[-90.383437, 14.6430347], [-90.383388, 14.6430688]]}, "properties": {"osmid": "232715440", "oneway": "False", "lanes": NaN, "ref": NaN, "name": NaN, "highway": "tertiary", "maxspeed": NaN, "length": 6.494, "bridge": NaN, "tunnel": NaN, "access": NaN, "junction": NaN, "width": NaN, "est_width": NaN, "iri": 1.73000001907349}}, {"type": "Feature", "geometry": {"type": "LineString", "coordinates": [[-90.383388, 14.6430688], [-90.3833252, 14.6431007]]}, "properties": {"osmid": "232715440", "oneway": "False", "lanes": NaN, "ref": NaN, "name": NaN, "highway": "tertiary", "maxspeed": NaN, "length": 7.631, "bridge": NaN, "tunnel": NaN, "access": NaN, "junction": NaN, "width": NaN, "est_width": NaN, "iri": 1.73000001907349}}, {"type": "Feature", "geometry": {"type": "LineString", "coordinates": [[-90.3833252, 14.6431007], [-90.3832639, 14.6431117]]}, "properties": {"osmid": "232715440", "oneway": "False", "lanes": NaN, "ref": NaN, "name": NaN, "highway": "tertiary", "maxspeed": NaN, "length": 6.707, "bridge": NaN, "tunnel": NaN, "access": NaN, "junction": NaN, "width": NaN, "est_width": NaN, "iri": 1.73000001907349}}, {"type": "Feature", "geometry": {"type": "LineString", "coordinates": [[-90.3832639, 14.6431117], [-90.3831695, 14.6431053]]}, "properties": {"osmid": "232715440", "oneway": "False", "lanes": NaN, "ref": NaN, "name": NaN, "highway": "tertiary", "maxspeed": NaN, "length": 10.181, "bridge": NaN, "tunnel": NaN, "access": NaN, "junction": NaN, "width": NaN, "est_width": NaN, "iri": 1.73000001907349}}, {"type": "Feature", "geometry": {"type": "LineString", "coordinates": [[-90.3831695, 14.6431053], [-90.382756, 14.6429594]]}, "properties": {"osmid": "232715440", "oneway": "False", "lanes": NaN, "ref": NaN, "name": NaN, "highway": "tertiary", "maxspeed": NaN, "length": 47.352, "bridge": NaN, "tunnel": NaN, "access": NaN, "junction": NaN, "width": NaN, "est_width": NaN, "iri": 1.73000001907349}}, {"type": "Feature", "geometry": {"type": "LineString", "coordinates": [[-90.382756, 14.6429594], [-90.3826554, 14.642879]]}, "properties": {"osmid": "232715440", "oneway": "False", "lanes": NaN, "ref": NaN, "name": NaN, "highway": "tertiary", "maxspeed": NaN, "length": 14.038, "bridge": NaN, "tunnel": NaN, "access": NaN, "junction": NaN, "width": NaN, "est_width": NaN, "iri": 1.73000001907349}}, {"type": "Feature", "geometry": {"type": "LineString", "coordinates": [[-90.3826554, 14.642879], [-90.3826296, 14.6428825]]}, "properties": {"osmid": "232715440", "oneway": "False", "lanes": NaN, "ref": NaN, "name": NaN, "highway": "tertiary", "maxspeed": NaN, "length": 2.803, "bridge": NaN, "tunnel": NaN, "access": NaN, "junction": NaN, "width": NaN, "est_width": NaN, "iri": 1.73000001907349}}, {"type": "Feature", "geometry": {"type": "LineString", "coordinates": [[-90.3826296, 14.6428825], [-90.3825747, 14.64289]]}, "properties": {"osmid": "232715440", "oneway": "False", "lanes": NaN, "ref": NaN, "name": NaN, "highway": "tertiary", "maxspeed": NaN, "length": 5.965, "bridge": NaN, "tunnel": NaN, "access": NaN, "junction": NaN, "width": NaN, "est_width": NaN, "iri": 1.73000001907349}}, {"type": "Feature", "geometry": {"type": "LineString", "coordinates": [[-90.3825747, 14.64289], [-90.3825176, 14.6429782]]}, "properties": {"osmid": "232715440", "oneway": "False", "lanes": NaN, "ref": NaN, "name": NaN, "highway": "tertiary", "maxspeed": NaN, "length": 11.572, "bridge": NaN, "tunnel": NaN, "access": NaN, "junction": NaN, "width": NaN, "est_width": NaN, "iri": 1.73000001907349}}, {"type": "Feature", "geometry": {"type": "LineString", "coordinates": [[-90.3825176, 14.6429782], [-90.3824787, 14.6431194]]}, "properties": {"osmid": "232715440", "oneway": "False", "lanes": NaN, "ref": NaN, "name": NaN, "highway": "tertiary", "maxspeed": NaN, "length": 16.249, "bridge": NaN, "tunnel": NaN, "access": NaN, "junction": NaN, "width": NaN, "est_width": NaN, "iri": 1.73000001907349}}, {"type": "Feature", "geometry": {"type": "LineString", "coordinates": [[-90.3824787, 14.6431194], [-90.3821333, 14.6434065]]}, "properties": {"osmid": "232715440", "oneway": "False", "lanes": NaN, "ref": NaN, "name": NaN, "highway": "tertiary", "maxspeed": NaN, "length": 48.989, "bridge": NaN, "tunnel": NaN, "access": NaN, "junction": NaN, "width": NaN, "est_width": NaN, "iri": 1.73000001907349}}, {"type": "Feature", "geometry": {"type": "LineString", "coordinates": [[-90.3821333, 14.6434065], [-90.381762, 14.643723]]}, "properties": {"osmid": "232715440", "oneway": "False", "lanes": NaN, "ref": NaN, "name": NaN, "highway": "tertiary", "maxspeed": NaN, "length": 53.237, "bridge": NaN, "tunnel": NaN, "access": NaN, "junction": NaN, "width": NaN, "est_width": NaN, "iri": 1.73000001907349}}, {"type": "Feature", "geometry": {"type": "LineString", "coordinates": [[-90.381762, 14.643723], [-90.382016, 14.6433463]]}, "properties": {"osmid": "257628909", "oneway": "False", "lanes": NaN, "ref": "RD GUA-6", "name": NaN, "highway": "primary", "maxspeed": NaN, "length": 50.013, "bridge": NaN, "tunnel": NaN, "access": NaN, "junction": NaN, "width": NaN, "est_width": NaN, "iri": 1.73000001907349}}, {"type": "Feature", "geometry": {"type": "LineString", "coordinates": [[-90.382016, 14.6433463], [-90.3820843, 14.6431048]]}, "properties": {"osmid": "257628909", "oneway": "False", "lanes": NaN, "ref": "RD GUA-6", "name": NaN, "highway": "primary", "maxspeed": NaN, "length": 27.841, "bridge": NaN, "tunnel": NaN, "access": NaN, "junction": NaN, "width": NaN, "est_width": NaN, "iri": 1.73000001907349}}, {"type": "Feature", "geometry": {"type": "LineString", "coordinates": [[-90.3820843, 14.6431048], [-90.3823418, 14.6409744]]}, "properties": {"osmid": "257628909", "oneway": "False", "lanes": NaN, "ref": "RD GUA-6", "name": NaN, "highway": "primary", "maxspeed": NaN, "length": 238.504, "bridge": NaN, "tunnel": NaN, "access": NaN, "junction": NaN, "width": NaN, "est_width": NaN, "iri": 1.73000001907349}}, {"type": "Feature", "geometry": {"type": "LineString", "coordinates": [[-90.3823418, 14.6409744], [-90.3824398, 14.6400909]]}, "properties": {"osmid": "257628909", "oneway": "False", "lanes": NaN, "ref": "RD GUA-6", "name": NaN, "highway": "primary", "maxspeed": NaN, "length": 98.805, "bridge": NaN, "tunnel": NaN, "access": NaN, "junction": NaN, "width": NaN, "est_width": NaN, "iri": 1.73000001907349}}, {"type": "Feature", "geometry": {"type": "LineString", "coordinates": [[-90.3824398, 14.6400909], [-90.3825107, 14.6393696]]}, "properties": {"osmid": "257628909", "oneway": "False", "lanes": NaN, "ref": "RD GUA-6", "name": NaN, "highway": "primary", "maxspeed": NaN, "length": 80.567, "bridge": NaN, "tunnel": NaN, "access": NaN, "junction": NaN, "width": NaN, "est_width": NaN, "iri": 1.73000001907349}}, {"type": "Feature", "geometry": {"type": "LineString", "coordinates": [[-90.3825107, 14.6393696], [-90.3825584, 14.6388837]]}, "properties": {"osmid": "257628909", "oneway": "False", "lanes": NaN, "ref": "RD GUA-6", "name": NaN, "highway": "primary", "maxspeed": NaN, "length": 54.273, "bridge": NaN, "tunnel": NaN, "access": NaN, "junction": NaN, "width": NaN, "est_width": NaN, "iri": 1.73000001907349}}, {"type": "Feature", "geometry": {"type": "LineString", "coordinates": [[-90.3825584, 14.6388837], [-90.3826543, 14.6381227]]}, "properties": {"osmid": "257628909", "oneway": "False", "lanes": NaN, "ref": "RD GUA-6", "name": NaN, "highway": "primary", "maxspeed": NaN, "length": 85.246, "bridge": NaN, "tunnel": NaN, "access": NaN, "junction": NaN, "width": NaN, "est_width": NaN, "iri": 1.73000001907349}}, {"type": "Feature", "geometry": {"type": "LineString", "coordinates": [[-90.3826543, 14.6381227], [-90.3827253, 14.6374991]]}, "properties": {"osmid": "257628909", "oneway": "False", "lanes": NaN, "ref": "RD GUA-6", "name": NaN, "highway": "primary", "maxspeed": NaN, "length": 69.761, "bridge": NaN, "tunnel": NaN, "access": NaN, "junction": NaN, "width": NaN, "est_width": NaN, "iri": 1.73000001907349}}, {"type": "Feature", "geometry": {"type": "LineString", "coordinates": [[-90.3827253, 14.6374991], [-90.3827813, 14.6370399]]}, "properties": {"osmid": "257628909", "oneway": "False", "lanes": NaN, "ref": "RD GUA-6", "name": NaN, "highway": "primary", "maxspeed": NaN, "length": 51.415, "bridge": NaN, "tunnel": NaN, "access": NaN, "junction": NaN, "width": NaN, "est_width": NaN, "iri": 1.73000001907349}}, {"type": "Feature", "geometry": {"type": "LineString", "coordinates": [[-90.3827813, 14.6370399], [-90.3828504, 14.6365691]]}, "properties": {"osmid": "257628909", "oneway": "False", "lanes": NaN, "ref": "RD GUA-6", "name": NaN, "highway": "primary", "maxspeed": NaN, "length": 52.876, "bridge": NaN, "tunnel": NaN, "access": NaN, "junction": NaN, "width": NaN, "est_width": NaN, "iri": 1.73000001907349}}, {"type": "Feature", "geometry": {"type": "LineString", "coordinates": [[-90.3828504, 14.6365691], [-90.3823378, 14.6364062]]}, "properties": {"osmid": "257628909", "oneway": "False", "lanes": NaN, "ref": "RD GUA-6", "name": NaN, "highway": "primary", "maxspeed": NaN, "length": 58.047, "bridge": NaN, "tunnel": NaN, "access": NaN, "junction": NaN, "width": NaN, "est_width": NaN, "iri": 1.73000001907349}}, {"type": "Feature", "geometry": {"type": "LineString", "coordinates": [[-90.3823378, 14.6364062], [-90.3817931, 14.6362375]]}, "properties": {"osmid": "257628909", "oneway": "False", "lanes": NaN, "ref": "RD GUA-6", "name": NaN, "highway": "primary", "maxspeed": NaN, "length": 61.532, "bridge": NaN, "tunnel": NaN, "access": NaN, "junction": NaN, "width": NaN, "est_width": NaN, "iri": 1.73000001907349}}, {"type": "Feature", "geometry": {"type": "LineString", "coordinates": [[-90.3817931, 14.6362375], [-90.38126, 14.6359945]]}, "properties": {"osmid": "257628909", "oneway": "False", "lanes": NaN, "ref": "RD GUA-6", "name": NaN, "highway": "primary", "maxspeed": NaN, "length": 63.401, "bridge": NaN, "tunnel": NaN, "access": NaN, "junction": NaN, "width": NaN, "est_width": NaN, "iri": 1.73000001907349}}, {"type": "Feature", "geometry": {"type": "LineString", "coordinates": [[-90.38126, 14.6359945], [-90.3808127, 14.6357906]]}, "properties": {"osmid": "257628909", "oneway": "False", "lanes": NaN, "ref": "RD GUA-6", "name": NaN, "highway": "primary", "maxspeed": NaN, "length": 53.197, "bridge": NaN, "tunnel": NaN, "access": NaN, "junction": NaN, "width": NaN, "est_width": NaN, "iri": 1.73000001907349}}, {"type": "Feature", "geometry": {"type": "LineString", "coordinates": [[-90.3808127, 14.6357906], [-90.3797282, 14.6352333]]}, "properties": {"osmid": "257628909", "oneway": "False", "lanes": NaN, "ref": "RD GUA-6", "name": NaN, "highway": "primary", "maxspeed": NaN, "length": 132.113, "bridge": NaN, "tunnel": NaN, "access": NaN, "junction": NaN, "width": NaN, "est_width": NaN, "iri": 1.73000001907349}}, {"type": "Feature", "geometry": {"type": "LineString", "coordinates": [[-90.3797282, 14.6352333], [-90.3793608, 14.6350532]]}, "properties": {"osmid": "756883620", "oneway": "False", "lanes": "2", "ref": "RD GUA-6", "name": NaN, "highway": "primary", "maxspeed": NaN, "length": 44.311, "bridge": NaN, "tunnel": NaN, "access": NaN, "junction": NaN, "width": NaN, "est_width": NaN, "iri": 1.73000001907349}}, {"type": "Feature", "geometry": {"type": "LineString", "coordinates": [[-90.3793608, 14.6350532], [-90.3792607, 14.634984]]}, "properties": {"osmid": "756883620", "oneway": "False", "lanes": "2", "ref": "RD GUA-6", "name": NaN, "highway": "primary", "maxspeed": NaN, "length": 13.236, "bridge": NaN, "tunnel": NaN, "access": NaN, "junction": NaN, "width": NaN, "est_width": NaN, "iri": 1.73000001907349}}, {"type": "Feature", "geometry": {"type": "LineString", "coordinates": [[-90.3792607, 14.634984], [-90.379213, 14.634868]]}, "properties": {"osmid": "756883620", "oneway": "False", "lanes": "2", "ref": "RD GUA-6", "name": NaN, "highway": "primary", "maxspeed": NaN, "length": 13.882, "bridge": NaN, "tunnel": NaN, "access": NaN, "junction": NaN, "width": NaN, "est_width": NaN, "iri": 1.73000001907349}}, {"type": "Feature", "geometry": {"type": "LineString", "coordinates": [[-90.379213, 14.634868], [-90.379208, 14.6347945]]}, "properties": {"osmid": "756883620", "oneway": "False", "lanes": "2", "ref": "RD GUA-6", "name": NaN, "highway": "primary", "maxspeed": NaN, "length": 8.191, "bridge": NaN, "tunnel": NaN, "access": NaN, "junction": NaN, "width": NaN, "est_width": NaN, "iri": 1.73000001907349}}, {"type": "Feature", "geometry": {"type": "LineString", "coordinates": [[-90.379208, 14.6347945], [-90.3792238, 14.6347123]]}, "properties": {"osmid": "756883620", "oneway": "False", "lanes": "2", "ref": "RD GUA-6", "name": NaN, "highway": "primary", "maxspeed": NaN, "length": 9.297, "bridge": NaN, "tunnel": NaN, "access": NaN, "junction": NaN, "width": NaN, "est_width": NaN, "iri": 1.73000001907349}}, {"type": "Feature", "geometry": {"type": "LineString", "coordinates": [[-90.3792238, 14.6347123], [-90.3795993, 14.6337469]]}, "properties": {"osmid": "756883620", "oneway": "False", "lanes": "2", "ref": "RD GUA-6", "name": NaN, "highway": "primary", "maxspeed": NaN, "length": 114.698, "bridge": NaN, "tunnel": NaN, "access": NaN, "junction": NaN, "width": NaN, "est_width": NaN, "iri": 1.73000001907349}}, {"type": "Feature", "geometry": {"type": "LineString", "coordinates": [[-90.3795993, 14.6337469], [-90.3796236, 14.633703]]}, "properties": {"osmid": "756883620", "oneway": "False", "lanes": "2", "ref": "RD GUA-6", "name": NaN, "highway": "primary", "maxspeed": NaN, "length": 5.537, "bridge": NaN, "tunnel": NaN, "access": NaN, "junction": NaN, "width": NaN, "est_width": NaN, "iri": 1.73000001907349}}, {"type": "Feature", "geometry": {"type": "LineString", "coordinates": [[-90.3796236, 14.633703], [-90.3799741, 14.6330663]]}, "properties": {"osmid": "756883620", "oneway": "False", "lanes": "2", "ref": "RD GUA-6", "name": NaN, "highway": "primary", "maxspeed": NaN, "length": 80.214, "bridge": NaN, "tunnel": NaN, "access": NaN, "junction": NaN, "width": NaN, "est_width": NaN, "iri": 1.73000001907349}}, {"type": "Feature", "geometry": {"type": "LineString", "coordinates": [[-90.3799741, 14.6330663], [-90.3800445, 14.6329376]]}, "properties": {"osmid": "756883620", "oneway": "False", "lanes": "2", "ref": "RD GUA-6", "name": NaN, "highway": "primary", "maxspeed": NaN, "length": 16.192, "bridge": NaN, "tunnel": NaN, "access": NaN, "junction": NaN, "width": NaN, "est_width": NaN, "iri": 1.73000001907349}}, {"type": "Feature", "geometry": {"type": "LineString", "coordinates": [[-90.3800445, 14.6329376], [-90.3804019, 14.6323655]]}, "properties": {"osmid": "756883620", "oneway": "False", "lanes": "2", "ref": "RD GUA-6", "name": NaN, "highway": "primary", "maxspeed": NaN, "length": 74.333, "bridge": NaN, "tunnel": NaN, "access": NaN, "junction": NaN, "width": NaN, "est_width": NaN, "iri": 1.73000001907349}}, {"type": "Feature", "geometry": {"type": "LineString", "coordinates": [[-90.3804019, 14.6323655], [-90.3804468, 14.6322936]]}, "properties": {"osmid": "756883620", "oneway": "False", "lanes": "2", "ref": "RD GUA-6", "name": NaN, "highway": "primary", "maxspeed": NaN, "length": 9.341, "bridge": NaN, "tunnel": NaN, "access": NaN, "junction": NaN, "width": NaN, "est_width": NaN, "iri": 1.73000001907349}}, {"type": "Feature", "geometry": {"type": "LineString", "coordinates": [[-90.3804468, 14.6322936], [-90.3806078, 14.631515]]}, "properties": {"osmid": "756883620", "oneway": "False", "lanes": "2", "ref": "RD GUA-6", "name": NaN, "highway": "primary", "maxspeed": NaN, "length": 88.292, "bridge": NaN, "tunnel": NaN, "access": NaN, "junction": NaN, "width": NaN, "est_width": NaN, "iri": 1.73000001907349}}, {"type": "Feature", "geometry": {"type": "LineString", "coordinates": [[-90.3806078, 14.631515], [-90.3803537, 14.6306139]]}, "properties": {"osmid": "756883620", "oneway": "False", "lanes": "2", "ref": "RD GUA-6", "name": NaN, "highway": "primary", "maxspeed": NaN, "length": 103.861, "bridge": NaN, "tunnel": NaN, "access": NaN, "junction": NaN, "width": NaN, "est_width": NaN, "iri": 1.73000001907349}}, {"type": "Feature", "geometry": {"type": "LineString", "coordinates": [[-90.3803537, 14.6306139], [-90.380307, 14.6305006]]}, "properties": {"osmid": "756883620", "oneway": "False", "lanes": "2", "ref": "RD GUA-6", "name": NaN, "highway": "primary", "maxspeed": NaN, "length": 13.563, "bridge": NaN, "tunnel": NaN, "access": NaN, "junction": NaN, "width": NaN, "est_width": NaN, "iri": 1.73000001907349}}, {"type": "Feature", "geometry": {"type": "LineString", "coordinates": [[-90.380307, 14.6305006], [-90.380233, 14.630431]]}, "properties": {"osmid": "756883620", "oneway": "False", "lanes": "2", "ref": "RD GUA-6", "name": NaN, "highway": "primary", "maxspeed": NaN, "length": 11.103, "bridge": NaN, "tunnel": NaN, "access": NaN, "junction": NaN, "width": NaN, "est_width": NaN, "iri": 1.73000001907349}}, {"type": "Feature", "geometry": {"type": "LineString", "coordinates": [[-90.380233, 14.630431], [-90.3801113, 14.6303982]]}, "properties": {"osmid": "756883620", "oneway": "False", "lanes": "2", "ref": "RD GUA-6", "name": NaN, "highway": "primary", "maxspeed": NaN, "length": 13.592, "bridge": NaN, "tunnel": NaN, "access": NaN, "junction": NaN, "width": NaN, "est_width": NaN, "iri": 1.73000001907349}}, {"type": "Feature", "geometry": {"type": "LineString", "coordinates": [[-90.3801113, 14.6303982], [-90.3800574, 14.6303838]]}, "properties": {"osmid": "756883620", "oneway": "False", "lanes": "2", "ref": "RD GUA-6", "name": NaN, "highway": "primary", "maxspeed": NaN, "length": 6.016, "bridge": NaN, "tunnel": NaN, "access": NaN, "junction": NaN, "width": NaN, "est_width": NaN, "iri": 1.73000001907349}}, {"type": "Feature", "geometry": {"type": "LineString", "coordinates": [[-90.3800574, 14.6303838], [-90.379788, 14.6303238]]}, "properties": {"osmid": "756883621", "oneway": "False", "lanes": "2", "ref": "RD GUA-6", "name": NaN, "highway": "primary", "maxspeed": NaN, "length": 29.743, "bridge": "yes", "tunnel": NaN, "access": NaN, "junction": NaN, "width": NaN, "est_width": NaN, "iri": 1.73000001907349}}, {"type": "Feature", "geometry": {"type": "LineString", "coordinates": [[-90.379788, 14.6303238], [-90.3796439, 14.6302793]]}, "properties": {"osmid": "113064854", "oneway": "False", "lanes": "2", "ref": "RD GUA-6", "name": NaN, "highway": "primary", "maxspeed": NaN, "length": 16.274, "bridge": NaN, "tunnel": NaN, "access": NaN, "junction": NaN, "width": NaN, "est_width": NaN, "iri": 1.73000001907349}}, {"type": "Feature", "geometry": {"type": "LineString", "coordinates": [[-90.3796439, 14.6302793], [-90.3795631, 14.6302347]]}, "properties": {"osmid": "113064854", "oneway": "False", "lanes": "2", "ref": "RD GUA-6", "name": NaN, "highway": "primary", "maxspeed": NaN, "length": 10.008, "bridge": NaN, "tunnel": NaN, "access": NaN, "junction": NaN, "width": NaN, "est_width": NaN, "iri": 1.73000001907349}}, {"type": "Feature", "geometry": {"type": "LineString", "coordinates": [[-90.3795631, 14.6302347], [-90.3795085, 14.6301477]]}, "properties": {"osmid": "113064854", "oneway": "False", "lanes": "2", "ref": "RD GUA-6", "name": NaN, "highway": "primary", "maxspeed": NaN, "length": 11.318, "bridge": NaN, "tunnel": NaN, "access": NaN, "junction": NaN, "width": NaN, "est_width": NaN, "iri": 1.73000001907349}}, {"type": "Feature", "geometry": {"type": "LineString", "coordinates": [[-90.3795085, 14.6301477], [-90.3795057, 14.6300525]]}, "properties": {"osmid": "113064854", "oneway": "False", "lanes": "2", "ref": "RD GUA-6", "name": NaN, "highway": "primary", "maxspeed": NaN, "length": 10.59, "bridge": NaN, "tunnel": NaN, "access": NaN, "junction": NaN, "width": NaN, "est_width": NaN, "iri": 1.73000001907349}}, {"type": "Feature", "geometry": {"type": "LineString", "coordinates": [[-90.3795057, 14.6300525], [-90.379556, 14.6299602]]}, "properties": {"osmid": "113064854", "oneway": "False", "lanes": "2", "ref": "RD GUA-6", "name": NaN, "highway": "primary", "maxspeed": NaN, "length": 11.603, "bridge": NaN, "tunnel": NaN, "access": NaN, "junction": NaN, "width": NaN, "est_width": NaN, "iri": 1.73000001907349}}, {"type": "Feature", "geometry": {"type": "LineString", "coordinates": [[-90.379556, 14.6299602], [-90.3797602, 14.6298333]]}, "properties": {"osmid": "113064854", "oneway": "False", "lanes": "2", "ref": "RD GUA-6", "name": NaN, "highway": "primary", "maxspeed": NaN, "length": 26.111, "bridge": NaN, "tunnel": NaN, "access": NaN, "junction": NaN, "width": NaN, "est_width": NaN, "iri": 1.73000001907349}}, {"type": "Feature", "geometry": {"type": "LineString", "coordinates": [[-90.3797602, 14.6298333], [-90.3801157, 14.6297546]]}, "properties": {"osmid": "113064854", "oneway": "False", "lanes": "2", "ref": "RD GUA-6", "name": NaN, "highway": "primary", "maxspeed": NaN, "length": 39.237, "bridge": NaN, "tunnel": NaN, "access": NaN, "junction": NaN, "width": NaN, "est_width": NaN, "iri": 1.73000001907349}}, {"type": "Feature", "geometry": {"type": "LineString", "coordinates": [[-90.3801157, 14.6297546], [-90.3802044, 14.6296661]]}, "properties": {"osmid": "113064854", "oneway": "False", "lanes": "2", "ref": "RD GUA-6", "name": NaN, "highway": "primary", "maxspeed": NaN, "length": 13.708, "bridge": NaN, "tunnel": NaN, "access": NaN, "junction": NaN, "width": NaN, "est_width": NaN, "iri": 1.73000001907349}}, {"type": "Feature", "geometry": {"type": "LineString", "coordinates": [[-90.3802044, 14.6296661], [-90.3803496, 14.6294578]]}, "properties": {"osmid": "113064854", "oneway": "False", "lanes": "2", "ref": "RD GUA-6", "name": NaN, "highway": "primary", "maxspeed": NaN, "length": 27.938, "bridge": NaN, "tunnel": NaN, "access": NaN, "junction": NaN, "width": NaN, "est_width": NaN, "iri": 1.73000001907349}}, {"type": "Feature", "geometry": {"type": "LineString", "coordinates": [[-90.3803496, 14.6294578], [-90.3803823, 14.629294]]}, "properties": {"osmid": "113064854", "oneway": "False", "lanes": "2", "ref": "RD GUA-6", "name": NaN, "highway": "primary", "maxspeed": NaN, "length": 18.55, "bridge": NaN, "tunnel": NaN, "access": NaN, "junction": NaN, "width": NaN, "est_width": NaN, "iri": 1.73000001907349}}, {"type": "Feature", "geometry": {"type": "LineString", "coordinates": [[-90.3803823, 14.629294], [-90.3803917, 14.6289714]]}, "properties": {"osmid": "113064854", "oneway": "False", "lanes": "2", "ref": "RD GUA-6", "name": NaN, "highway": "primary", "maxspeed": NaN, "length": 35.886, "bridge": NaN, "tunnel": NaN, "access": NaN, "junction": NaN, "width": NaN, "est_width": NaN, "iri": 1.73000001907349}}, {"type": "Feature", "geometry": {"type": "LineString", "coordinates": [[-90.3803917, 14.6289714], [-90.3804051, 14.6287755]]}, "properties": {"osmid": "113064854", "oneway": "False", "lanes": "2", "ref": "RD GUA-6", "name": NaN, "highway": "primary", "maxspeed": NaN, "length": 21.831, "bridge": NaN, "tunnel": NaN, "access": NaN, "junction": NaN, "width": NaN, "est_width": NaN, "iri": 1.73000001907349}}, {"type": "Feature", "geometry": {"type": "LineString", "coordinates": [[-90.3804051, 14.6287755], [-90.3803861, 14.6286588]]}, "properties": {"osmid": "113064854", "oneway": "False", "lanes": "2", "ref": "RD GUA-6", "name": NaN, "highway": "primary", "maxspeed": NaN, "length": 13.136, "bridge": NaN, "tunnel": NaN, "access": NaN, "junction": NaN, "width": NaN, "est_width": NaN, "iri": 1.73000001907349}}, {"type": "Feature", "geometry": {"type": "LineString", "coordinates": [[-90.3803861, 14.6286588], [-90.380273, 14.6280493]]}, "properties": {"osmid": "113064854", "oneway": "False", "lanes": "2", "ref": "RD GUA-6", "name": NaN, "highway": "primary", "maxspeed": NaN, "length": 68.857, "bridge": NaN, "tunnel": NaN, "access": NaN, "junction": NaN, "width": NaN, "est_width": NaN, "iri": 1.73000001907349}}, {"type": "Feature", "geometry": {"type": "LineString", "coordinates": [[-90.380273, 14.6280493], [-90.3800642, 14.6278763]]}, "properties": {"osmid": "113064854", "oneway": "False", "lanes": "2", "ref": "RD GUA-6", "name": NaN, "highway": "primary", "maxspeed": NaN, "length": 29.576, "bridge": NaN, "tunnel": NaN, "access": NaN, "junction": NaN, "width": NaN, "est_width": NaN, "iri": 1.73000001907349}}, {"type": "Feature", "geometry": {"type": "LineString", "coordinates": [[-90.3800642, 14.6278763], [-90.3795001, 14.6279312]]}, "properties": {"osmid": "113064854", "oneway": "False", "lanes": "2", "ref": "RD GUA-6", "name": NaN, "highway": "primary", "maxspeed": NaN, "length": 60.998, "bridge": NaN, "tunnel": NaN, "access": NaN, "junction": NaN, "width": NaN, "est_width": NaN, "iri": 1.73000001907349}}, {"type": "Feature", "geometry": {"type": "LineString", "coordinates": [[-90.3795001, 14.6279312], [-90.3791976, 14.627953]]}, "properties": {"osmid": "113064854", "oneway": "False", "lanes": "2", "ref": "RD GUA-6", "name": NaN, "highway": "primary", "maxspeed": NaN, "length": 32.636, "bridge": NaN, "tunnel": NaN, "access": NaN, "junction": NaN, "width": NaN, "est_width": NaN, "iri": 1.73000001907349}}, {"type": "Feature", "geometry": {"type": "LineString", "coordinates": [[-90.3791976, 14.627953], [-90.3787516, 14.6280153]]}, "properties": {"osmid": "113064854", "oneway": "False", "lanes": "2", "ref": "RD GUA-6", "name": NaN, "highway": "primary", "maxspeed": NaN, "length": 48.483, "bridge": NaN, "tunnel": NaN, "access": NaN, "junction": NaN, "width": NaN, "est_width": NaN, "iri": 1.73000001907349}}, {"type": "Feature", "geometry": {"type": "LineString", "coordinates": [[-90.3787516, 14.6280153], [-90.3784399, 14.6280493]]}, "properties": {"osmid": "113064854", "oneway": "False", "lanes": "2", "ref": "RD GUA-6", "name": NaN, "highway": "primary", "maxspeed": NaN, "length": 33.748, "bridge": NaN, "tunnel": NaN, "access": NaN, "junction": NaN, "width": NaN, "est_width": NaN, "iri": 1.73000001907349}}, {"type": "Feature", "geometry": {"type": "LineString", "coordinates": [[-90.3784399, 14.6280493], [-90.3779915, 14.6280987]]}, "properties": {"osmid": "113064854", "oneway": "False", "lanes": "2", "ref": "RD GUA-6", "name": NaN, "highway": "primary", "maxspeed": NaN, "length": 48.555, "bridge": NaN, "tunnel": NaN, "access": NaN, "junction": NaN, "width": NaN, "est_width": NaN, "iri": 1.73000001907349}}, {"type": "Feature", "geometry": {"type": "LineString", "coordinates": [[-90.3779915, 14.6280987], [-90.3777557, 14.6281107]]}, "properties": {"osmid": "113064854", "oneway": "False", "lanes": "2", "ref": "RD GUA-6", "name": NaN, "highway": "primary", "maxspeed": NaN, "length": 25.405, "bridge": NaN, "tunnel": NaN, "access": NaN, "junction": NaN, "width": NaN, "est_width": NaN, "iri": 1.73000001907349}}, {"type": "Feature", "geometry": {"type": "LineString", "coordinates": [[-90.3777557, 14.6281107], [-90.3775475, 14.6280555]]}, "properties": {"osmid": "113064854", "oneway": "False", "lanes": "2", "ref": "RD GUA-6", "name": NaN, "highway": "primary", "maxspeed": NaN, "length": 23.226, "bridge": NaN, "tunnel": NaN, "access": NaN, "junction": NaN, "width": NaN, "est_width": NaN, "iri": 1.73000001907349}}, {"type": "Feature", "geometry": {"type": "LineString", "coordinates": [[-90.3775475, 14.6280555], [-90.3773356, 14.6279717]]}, "properties": {"osmid": "113064854", "oneway": "False", "lanes": "2", "ref": "RD GUA-6", "name": NaN, "highway": "primary", "maxspeed": NaN, "length": 24.629, "bridge": NaN, "tunnel": NaN, "access": NaN, "junction": NaN, "width": NaN, "est_width": NaN, "iri": 1.73000001907349}}, {"type": "Feature", "geometry": {"type": "LineString", "coordinates": [[-90.3773356, 14.6279717], [-90.3770017, 14.627848]]}, "properties": {"osmid": "113064854", "oneway": "False", "lanes": "2", "ref": "RD GUA-6", "name": NaN, "highway": "primary", "maxspeed": NaN, "length": 38.468, "bridge": NaN, "tunnel": NaN, "access": NaN, "junction": NaN, "width": NaN, "est_width": NaN, "iri": 1.73000001907349}}, {"type": "Feature", "geometry": {"type": "LineString", "coordinates": [[-90.3770017, 14.627848], [-90.3767674, 14.6277915]]}, "properties": {"osmid": "30936717", "oneway": "False", "lanes": NaN, "ref": "RD GUA-6", "name": NaN, "highway": "primary", "maxspeed": NaN, "length": 25.98, "bridge": NaN, "tunnel": NaN, "access": NaN, "junction": NaN, "width": NaN, "est_width": NaN, "iri": 1.73000001907349}}, {"type": "Feature", "geometry": {"type": "LineString", "coordinates": [[-90.3767674, 14.6277915], [-90.3766165, 14.6277822]]}, "properties": {"osmid": "30936717", "oneway": "False", "lanes": NaN, "ref": "RD GUA-6", "name": NaN, "highway": "primary", "maxspeed": NaN, "length": 16.268, "bridge": NaN, "tunnel": NaN, "access": NaN, "junction": NaN, "width": NaN, "est_width": NaN, "iri": 1.73000001907349}}, {"type": "Feature", "geometry": {"type": "LineString", "coordinates": [[-90.3766165, 14.6277822], [-90.3762907, 14.6276736]]}, "properties": {"osmid": "30936717", "oneway": "False", "lanes": NaN, "ref": "RD GUA-6", "name": NaN, "highway": "primary", "maxspeed": NaN, "length": 37.075, "bridge": NaN, "tunnel": NaN, "access": NaN, "junction": NaN, "width": NaN, "est_width": NaN, "iri": 1.73000001907349}}, {"type": "Feature", "geometry": {"type": "LineString", "coordinates": [[-90.3762907, 14.6276736], [-90.3757753, 14.6274998]]}, "properties": {"osmid": "30936717", "oneway": "False", "lanes": NaN, "ref": "RD GUA-6", "name": NaN, "highway": "primary", "maxspeed": NaN, "length": 58.724, "bridge": NaN, "tunnel": NaN, "access": NaN, "junction": NaN, "width": NaN, "est_width": NaN, "iri": 1.73000001907349}}, {"type": "Feature", "geometry": {"type": "LineString", "coordinates": [[-90.3757753, 14.6274998], [-90.3752788, 14.6274266]]}, "properties": {"osmid": "30936717", "oneway": "False", "lanes": NaN, "ref": "RD GUA-6", "name": NaN, "highway": "primary", "maxspeed": NaN, "length": 54.036, "bridge": NaN, "tunnel": NaN, "access": NaN, "junction": NaN, "width": NaN, "est_width": NaN, "iri": 1.73000001907349}}, {"type": "Feature", "geometry": {"type": "LineString", "coordinates": [[-90.3752788, 14.6274266], [-90.37491, 14.6274266]]}, "properties": {"osmid": "30936717", "oneway": "False", "lanes": NaN, "ref": "RD GUA-6", "name": NaN, "highway": "primary", "maxspeed": NaN, "length": 39.68, "bridge": NaN, "tunnel": NaN, "access": NaN, "junction": NaN, "width": NaN, "est_width": NaN, "iri": 1.73000001907349}}, {"type": "Feature", "geometry": {"type": "LineString", "coordinates": [[-90.37491, 14.6274266], [-90.3744803, 14.6273316]]}, "properties": {"osmid": "30936717", "oneway": "False", "lanes": NaN, "ref": "RD GUA-6", "name": NaN, "highway": "primary", "maxspeed": NaN, "length": 47.423, "bridge": NaN, "tunnel": NaN, "access": NaN, "junction": NaN, "width": NaN, "est_width": NaN, "iri": 1.73000001907349}}, {"type": "Feature", "geometry": {"type": "LineString", "coordinates": [[-90.3744803, 14.6273316], [-90.3742481, 14.6272802]]}, "properties": {"osmid": "30936717", "oneway": "False", "lanes": NaN, "ref": "RD GUA-6", "name": NaN, "highway": "primary", "maxspeed": NaN, "length": 25.628, "bridge": NaN, "tunnel": NaN, "access": NaN, "junction": NaN, "width": NaN, "est_width": NaN, "iri": 1.73000001907349}}, {"type": "Feature", "geometry": {"type": "LineString", "coordinates": [[-90.3742481, 14.6272802], [-90.3739528, 14.6271987]]}, "properties": {"osmid": "30936717", "oneway": "False", "lanes": NaN, "ref": "RD GUA-6", "name": NaN, "highway": "primary", "maxspeed": NaN, "length": 33.039, "bridge": NaN, "tunnel": NaN, "access": NaN, "junction": NaN, "width": NaN, "est_width": NaN, "iri": 1.73000001907349}}, {"type": "Feature", "geometry": {"type": "LineString", "coordinates": [[-90.3739528, 14.6271987], [-90.3738849, 14.6271274]]}, "properties": {"osmid": "30936717", "oneway": "False", "lanes": NaN, "ref": "RD GUA-6", "name": NaN, "highway": "primary", "maxspeed": NaN, "length": 10.781, "bridge": NaN, "tunnel": NaN, "access": NaN, "junction": NaN, "width": NaN, "est_width": NaN, "iri": 1.73000001907349}}, {"type": "Feature", "geometry": {"type": "LineString", "coordinates": [[-90.3738849, 14.6271274], [-90.3738335, 14.6270442]]}, "properties": {"osmid": "30936717", "oneway": "False", "lanes": NaN, "ref": "RD GUA-6", "name": NaN, "highway": "primary", "maxspeed": NaN, "length": 10.778, "bridge": NaN, "tunnel": NaN, "access": NaN, "junction": NaN, "width": NaN, "est_width": NaN, "iri": 1.73000001907349}}, {"type": "Feature", "geometry": {"type": "LineString", "coordinates": [[-90.3738335, 14.6270442], [-90.373808, 14.6268671]]}, "properties": {"osmid": "30936717", "oneway": "False", "lanes": NaN, "ref": "RD GUA-6", "name": NaN, "highway": "primary", "maxspeed": NaN, "length": 19.883, "bridge": NaN, "tunnel": NaN, "access": NaN, "junction": NaN, "width": NaN, "est_width": NaN, "iri": 1.73000001907349}}, {"type": "Feature", "geometry": {"type": "LineString", "coordinates": [[-90.373808, 14.6268671], [-90.373857, 14.6265334]]}, "properties": {"osmid": "30936717", "oneway": "False", "lanes": NaN, "ref": "RD GUA-6", "name": NaN, "highway": "primary", "maxspeed": NaN, "length": 37.478, "bridge": NaN, "tunnel": NaN, "access": NaN, "junction": NaN, "width": NaN, "est_width": NaN, "iri": 1.73000001907349}}, {"type": "Feature", "geometry": {"type": "LineString", "coordinates": [[-90.373857, 14.6265334], [-90.3738461, 14.6263331]]}, "properties": {"osmid": "30936717", "oneway": "False", "lanes": NaN, "ref": "RD GUA-6", "name": NaN, "highway": "primary", "maxspeed": NaN, "length": 22.303, "bridge": NaN, "tunnel": NaN, "access": NaN, "junction": NaN, "width": NaN, "est_width": NaN, "iri": 1.73000001907349}}, {"type": "Feature", "geometry": {"type": "LineString", "coordinates": [[-90.3738461, 14.6263331], [-90.3737658, 14.6261821]]}, "properties": {"osmid": "30936717", "oneway": "False", "lanes": NaN, "ref": "RD GUA-6", "name": NaN, "highway": "primary", "maxspeed": NaN, "length": 18.883, "bridge": NaN, "tunnel": NaN, "access": NaN, "junction": NaN, "width": NaN, "est_width": NaN, "iri": 1.73000001907349}}, {"type": "Feature", "geometry": {"type": "LineString", "coordinates": [[-90.3737658, 14.6261821], [-90.3735577, 14.6259579]]}, "properties": {"osmid": "30936717", "oneway": "False", "lanes": NaN, "ref": "RD GUA-6", "name": NaN, "highway": "primary", "maxspeed": NaN, "length": 33.508, "bridge": NaN, "tunnel": NaN, "access": NaN, "junction": NaN, "width": NaN, "est_width": NaN, "iri": 1.73000001907349}}, {"type": "Feature", "geometry": {"type": "LineString", "coordinates": [[-90.3735577, 14.6259579], [-90.3734159, 14.6257658]]}, "properties": {"osmid": "30936717", "oneway": "False", "lanes": NaN, "ref": "RD GUA-6", "name": NaN, "highway": "primary", "maxspeed": NaN, "length": 26.249, "bridge": NaN, "tunnel": NaN, "access": NaN, "junction": NaN, "width": NaN, "est_width": NaN, "iri": 1.73000001907349}}, {"type": "Feature", "geometry": {"type": "LineString", "coordinates": [[-90.3734159, 14.6257658], [-90.3734159, 14.625624]]}, "properties": {"osmid": "30936717", "oneway": "False", "lanes": NaN, "ref": "RD GUA-6", "name": NaN, "highway": "primary", "maxspeed": NaN, "length": 15.767, "bridge": NaN, "tunnel": NaN, "access": NaN, "junction": NaN, "width": NaN, "est_width": NaN, "iri": 1.73000001907349}}, {"type": "Feature", "geometry": {"type": "LineString", "coordinates": [[-90.3734159, 14.625624], [-90.3734537, 14.6254593]]}, "properties": {"osmid": "30936717", "oneway": "False", "lanes": NaN, "ref": "RD GUA-6", "name": NaN, "highway": "primary", "maxspeed": NaN, "length": 18.76, "bridge": NaN, "tunnel": NaN, "access": NaN, "junction": NaN, "width": NaN, "est_width": NaN, "iri": 1.73000001907349}}, {"type": "Feature", "geometry": {"type": "LineString", "coordinates": [[-90.3734537, 14.6254593], [-90.3735672, 14.6252488]]}, "properties": {"osmid": "30936717", "oneway": "False", "lanes": NaN, "ref": "RD GUA-6", "name": NaN, "highway": "primary", "maxspeed": NaN, "length": 26.401, "bridge": NaN, "tunnel": NaN, "access": NaN, "junction": NaN, "width": NaN, "est_width": NaN, "iri": 1.73000001907349}}, {"type": "Feature", "geometry": {"type": "LineString", "coordinates": [[-90.3735672, 14.6252488], [-90.373657, 14.6250566]]}, "properties": {"osmid": "30936717", "oneway": "False", "lanes": NaN, "ref": "RD GUA-6", "name": NaN, "highway": "primary", "maxspeed": NaN, "length": 23.454, "bridge": NaN, "tunnel": NaN, "access": NaN, "junction": NaN, "width": NaN, "est_width": NaN, "iri": 1.73000001907349}}, {"type": "Feature", "geometry": {"type": "LineString", "coordinates": [[-90.373657, 14.6250566], [-90.3738698, 14.6249011]]}, "properties": {"osmid": "30936717", "oneway": "False", "lanes": NaN, "ref": "RD GUA-6", "name": NaN, "highway": "primary", "maxspeed": NaN, "length": 28.691, "bridge": NaN, "tunnel": NaN, "access": NaN, "junction": NaN, "width": NaN, "est_width": NaN, "iri": 1.73000001907349}}, {"type": "Feature", "geometry": {"type": "LineString", "coordinates": [[-90.3738698, 14.6249011], [-90.3747129, 14.6244204]]}, "properties": {"osmid": "30936717", "oneway": "False", "lanes": NaN, "ref": "RD GUA-6", "name": NaN, "highway": "primary", "maxspeed": NaN, "length": 105.288, "bridge": NaN, "tunnel": NaN, "access": NaN, "junction": NaN, "width": NaN, "est_width": NaN, "iri": 1.73000001907349}}, {"type": "Feature", "geometry": {"type": "LineString", "coordinates": [[-90.3747129, 14.6244204], [-90.3755911, 14.623893]]}, "properties": {"osmid": "30936717", "oneway": "False", "lanes": NaN, "ref": "RD GUA-6", "name": NaN, "highway": "primary", "maxspeed": NaN, "length": 111.208, "bridge": NaN, "tunnel": NaN, "access": NaN, "junction": NaN, "width": NaN, "est_width": NaN, "iri": 1.73000001907349}}, {"type": "Feature", "geometry": {"type": "LineString", "coordinates": [[-90.3755911, 14.623893], [-90.3760841, 14.6235969]]}, "properties": {"osmid": "30936717", "oneway": "False", "lanes": NaN, "ref": "RD GUA-6", "name": NaN, "highway": "primary", "maxspeed": NaN, "length": 62.431, "bridge": NaN, "tunnel": NaN, "access": NaN, "junction": NaN, "width": NaN, "est_width": NaN, "iri": 1.73000001907349}}, {"type": "Feature", "geometry": {"type": "LineString", "coordinates": [[-90.3760841, 14.6235969], [-90.3766799, 14.6229563]]}, "properties": {"osmid": "30936717", "oneway": "False", "lanes": NaN, "ref": "RD GUA-6", "name": NaN, "highway": "primary", "maxspeed": NaN, "length": 95.829, "bridge": NaN, "tunnel": NaN, "access": NaN, "junction": NaN, "width": NaN, "est_width": NaN, "iri": 1.73000001907349}}, {"type": "Feature", "geometry": {"type": "LineString", "coordinates": [[-90.3766799, 14.6229563], [-90.3768083, 14.6227968]]}, "properties": {"osmid": "30936717", "oneway": "False", "lanes": NaN, "ref": "RD GUA-6", "name": NaN, "highway": "primary", "maxspeed": NaN, "length": 22.481, "bridge": NaN, "tunnel": NaN, "access": NaN, "junction": NaN, "width": NaN, "est_width": NaN, "iri": 1.73000001907349}}, {"type": "Feature", "geometry": {"type": "LineString", "coordinates": [[-90.3768083, 14.6227968], [-90.3768785, 14.6225354]]}, "properties": {"osmid": "30936717", "oneway": "False", "lanes": NaN, "ref": "RD GUA-6", "name": NaN, "highway": "primary", "maxspeed": NaN, "length": 30.032, "bridge": NaN, "tunnel": NaN, "access": NaN, "junction": NaN, "width": NaN, "est_width": NaN, "iri": 1.73000001907349}}, {"type": "Feature", "geometry": {"type": "LineString", "coordinates": [[-90.3768785, 14.6225354], [-90.3767461, 14.6222975]]}, "properties": {"osmid": "30936717", "oneway": "False", "lanes": NaN, "ref": "RD GUA-6", "name": NaN, "highway": "primary", "maxspeed": NaN, "length": 30.045, "bridge": NaN, "tunnel": NaN, "access": NaN, "junction": NaN, "width": NaN, "est_width": NaN, "iri": 1.73000001907349}}, {"type": "Feature", "geometry": {"type": "LineString", "coordinates": [[-90.3767461, 14.6222975], [-90.3766911, 14.6222377]]}, "properties": {"osmid": "30936717", "oneway": "False", "lanes": NaN, "ref": "RD GUA-6", "name": NaN, "highway": "primary", "maxspeed": NaN, "length": 8.901, "bridge": NaN, "tunnel": NaN, "access": NaN, "junction": NaN, "width": NaN, "est_width": NaN, "iri": 1.73000001907349}}, {"type": "Feature", "geometry": {"type": "LineString", "coordinates": [[-90.3766911, 14.6222377], [-90.3764956, 14.6220248]]}, "properties": {"osmid": "30936717", "oneway": "False", "lanes": NaN, "ref": "RD GUA-6", "name": NaN, "highway": "primary", "maxspeed": NaN, "length": 31.668, "bridge": NaN, "tunnel": NaN, "access": NaN, "junction": NaN, "width": NaN, "est_width": NaN, "iri": 1.73000001907349}}, {"type": "Feature", "geometry": {"type": "LineString", "coordinates": [[-90.3764956, 14.6220248], [-90.3763427, 14.6216174]]}, "properties": {"osmid": "30936717", "oneway": "False", "lanes": NaN, "ref": "RD GUA-6", "name": NaN, "highway": "primary", "maxspeed": NaN, "length": 48.196, "bridge": NaN, "tunnel": NaN, "access": NaN, "junction": NaN, "width": NaN, "est_width": NaN, "iri": 1.73000001907349}}, {"type": "Feature", "geometry": {"type": "LineString", "coordinates": [[-90.3763427, 14.6216174], [-90.3762922, 14.6213367]]}, "properties": {"osmid": "30936717", "oneway": "False", "lanes": NaN, "ref": "RD GUA-6", "name": NaN, "highway": "primary", "maxspeed": NaN, "length": 31.682, "bridge": NaN, "tunnel": NaN, "access": NaN, "junction": NaN, "width": NaN, "est_width": NaN, "iri": 1.73000001907349}}, {"type": "Feature", "geometry": {"type": "LineString", "coordinates": [[-90.3762922, 14.6213367], [-90.3763111, 14.6209615]]}, "properties": {"osmid": "30936717", "oneway": "False", "lanes": NaN, "ref": "RD GUA-6", "name": NaN, "highway": "primary", "maxspeed": NaN, "length": 41.77, "bridge": NaN, "tunnel": NaN, "access": NaN, "junction": NaN, "width": NaN, "est_width": NaN, "iri": 1.73000001907349}}, {"type": "Feature", "geometry": {"type": "LineString", "coordinates": [[-90.3763111, 14.6209615], [-90.376275, 14.6206684]]}, "properties": {"osmid": "30936717", "oneway": "False", "lanes": NaN, "ref": "RD GUA-6", "name": NaN, "highway": "primary", "maxspeed": NaN, "length": 32.822, "bridge": NaN, "tunnel": NaN, "access": NaN, "junction": NaN, "width": NaN, "est_width": NaN, "iri": 1.73000001907349}}, {"type": "Feature", "geometry": {"type": "LineString", "coordinates": [[-90.376275, 14.6206684], [-90.376234, 14.6203355]]}, "properties": {"osmid": "30936717", "oneway": "False", "lanes": NaN, "ref": "RD GUA-6", "name": NaN, "highway": "primary", "maxspeed": NaN, "length": 37.279, "bridge": NaN, "tunnel": NaN, "access": NaN, "junction": NaN, "width": NaN, "est_width": NaN, "iri": 1.73000001907349}}, {"type": "Feature", "geometry": {"type": "LineString", "coordinates": [[-90.376234, 14.6203355], [-90.3761943, 14.6200137]]}, "properties": {"osmid": "30936717", "oneway": "False", "lanes": NaN, "ref": "RD GUA-6", "name": NaN, "highway": "primary", "maxspeed": NaN, "length": 36.037, "bridge": NaN, "tunnel": NaN, "access": NaN, "junction": NaN, "width": NaN, "est_width": NaN, "iri": 1.73000001907349}}, {"type": "Feature", "geometry": {"type": "LineString", "coordinates": [[-90.3761943, 14.6200137], [-90.376162, 14.6197248]]}, "properties": {"osmid": "30936717", "oneway": "False", "lanes": NaN, "ref": "RD GUA-6", "name": NaN, "highway": "primary", "maxspeed": NaN, "length": 32.312, "bridge": NaN, "tunnel": NaN, "access": NaN, "junction": NaN, "width": NaN, "est_width": NaN, "iri": 1.73000001907349}}, {"type": "Feature", "geometry": {"type": "LineString", "coordinates": [[-90.376162, 14.6197248], [-90.3761098, 14.619259]]}, "properties": {"osmid": "30936717", "oneway": "False", "lanes": NaN, "ref": "RD GUA-6", "name": NaN, "highway": "primary", "maxspeed": NaN, "length": 52.098, "bridge": NaN, "tunnel": NaN, "access": NaN, "junction": NaN, "width": NaN, "est_width": NaN, "iri": 1.73000001907349}}, {"type": "Feature", "geometry": {"type": "LineString", "coordinates": [[-90.3761098, 14.619259], [-90.3761683, 14.6191144]]}, "properties": {"osmid": "30936717", "oneway": "False", "lanes": NaN, "ref": "RD GUA-6", "name": NaN, "highway": "primary", "maxspeed": NaN, "length": 17.267, "bridge": NaN, "tunnel": NaN, "access": NaN, "junction": NaN, "width": NaN, "est_width": NaN, "iri": 1.73000001907349}}, {"type": "Feature", "geometry": {"type": "LineString", "coordinates": [[-90.3761683, 14.6191144], [-90.3763178, 14.6186867]]}, "properties": {"osmid": "30936717", "oneway": "False", "lanes": NaN, "ref": "RD GUA-6", "name": NaN, "highway": "primary", "maxspeed": NaN, "length": 50.205, "bridge": NaN, "tunnel": NaN, "access": NaN, "junction": NaN, "width": NaN, "est_width": NaN, "iri": 1.73000001907349}}, {"type": "Feature", "geometry": {"type": "LineString", "coordinates": [[-90.3763178, 14.6186867], [-90.3764318, 14.6184854]]}, "properties": {"osmid": "30936717", "oneway": "False", "lanes": NaN, "ref": "RD GUA-6", "name": NaN, "highway": "primary", "maxspeed": NaN, "length": 25.524, "bridge": NaN, "tunnel": NaN, "access": NaN, "junction": NaN, "width": NaN, "est_width": NaN, "iri": 1.73000001907349}}, {"type": "Feature", "geometry": {"type": "LineString", "coordinates": [[-90.3764318, 14.6184854], [-90.3768651, 14.6177207]]}, "properties": {"osmid": "30936717", "oneway": "False", "lanes": NaN, "ref": "RD GUA-6", "name": NaN, "highway": "primary", "maxspeed": NaN, "length": 96.973, "bridge": NaN, "tunnel": NaN, "access": NaN, "junction": NaN, "width": NaN, "est_width": NaN, "iri": 1.73000001907349}}, {"type": "Feature", "geometry": {"type": "LineString", "coordinates": [[-90.3768651, 14.6177207], [-90.3774144, 14.6168902]]}, "properties": {"osmid": "30936717", "oneway": "False", "lanes": NaN, "ref": "RD GUA-6", "name": NaN, "highway": "primary", "maxspeed": NaN, "length": 109.641, "bridge": NaN, "tunnel": NaN, "access": NaN, "junction": NaN, "width": NaN, "est_width": NaN, "iri": 1.73000001907349}}, {"type": "Feature", "geometry": {"type": "LineString", "coordinates": [[-90.3774144, 14.6168902], [-90.3778744, 14.6161824]]}, "properties": {"osmid": "30936717", "oneway": "False", "lanes": NaN, "ref": "RD GUA-6", "name": NaN, "highway": "primary", "maxspeed": NaN, "length": 92.973, "bridge": NaN, "tunnel": NaN, "access": NaN, "junction": NaN, "width": NaN, "est_width": NaN, "iri": 1.73000001907349}}, {"type": "Feature", "geometry": {"type": "LineString", "coordinates": [[-90.3778744, 14.6161824], [-90.3781268, 14.6157939]]}, "properties": {"osmid": "30936717", "oneway": "False", "lanes": NaN, "ref": "RD GUA-6", "name": NaN, "highway": "primary", "maxspeed": NaN, "length": 51.026, "bridge": NaN, "tunnel": NaN, "access": NaN, "junction": NaN, "width": NaN, "est_width": NaN, "iri": 1.73000001907349}}, {"type": "Feature", "geometry": {"type": "LineString", "coordinates": [[-90.3781268, 14.6157939], [-90.3781552, 14.6157499]]}, "properties": {"osmid": "30936717", "oneway": "False", "lanes": NaN, "ref": "RD GUA-6", "name": NaN, "highway": "primary", "maxspeed": NaN, "length": 5.768, "bridge": NaN, "tunnel": NaN, "access": NaN, "junction": NaN, "width": NaN, "est_width": NaN, "iri": 1.73000001907349}}, {"type": "Feature", "geometry": {"type": "LineString", "coordinates": [[-90.3781552, 14.6157499], [-90.3785349, 14.615162]]}, "properties": {"osmid": "30936717", "oneway": "False", "lanes": NaN, "ref": "RD GUA-6", "name": NaN, "highway": "primary", "maxspeed": NaN, "length": 77.088, "bridge": NaN, "tunnel": NaN, "access": NaN, "junction": NaN, "width": NaN, "est_width": NaN, "iri": 1.73000001907349}}, {"type": "Feature", "geometry": {"type": "LineString", "coordinates": [[-90.3785349, 14.615162], [-90.3785989, 14.615063]]}, "properties": {"osmid": "30936717", "oneway": "False", "lanes": NaN, "ref": "RD GUA-6", "name": NaN, "highway": "primary", "maxspeed": NaN, "length": 12.985, "bridge": NaN, "tunnel": NaN, "access": NaN, "junction": NaN, "width": NaN, "est_width": NaN, "iri": 1.73000001907349}}, {"type": "Feature", "geometry": {"type": "LineString", "coordinates": [[-90.3785989, 14.615063], [-90.3787802, 14.6147743]]}, "properties": {"osmid": "30936717", "oneway": "False", "lanes": NaN, "ref": "RD GUA-6", "name": NaN, "highway": "primary", "maxspeed": NaN, "length": 37.564, "bridge": NaN, "tunnel": NaN, "access": NaN, "junction": NaN, "width": NaN, "est_width": NaN, "iri": 1.73000001907349}}, {"type": "Feature", "geometry": {"type": "LineString", "coordinates": [[-90.3787802, 14.6147743], [-90.3789095, 14.6145683]]}, "properties": {"osmid": "30936717", "oneway": "False", "lanes": NaN, "ref": "RD GUA-6", "name": NaN, "highway": "primary", "maxspeed": NaN, "length": 26.8, "bridge": NaN, "tunnel": NaN, "access": NaN, "junction": NaN, "width": NaN, "est_width": NaN, "iri": 1.73000001907349}}, {"type": "Feature", "geometry": {"type": "LineString", "coordinates": [[-90.3789095, 14.6145683], [-90.3790109, 14.6144069]]}, "properties": {"osmid": "30936717", "oneway": "False", "lanes": NaN, "ref": "RD GUA-6", "name": NaN, "highway": "primary", "maxspeed": NaN, "length": 21.003, "bridge": NaN, "tunnel": NaN, "access": NaN, "junction": NaN, "width": NaN, "est_width": NaN, "iri": 1.73000001907349}}, {"type": "Feature", "geometry": {"type": "LineString", "coordinates": [[-90.3790109, 14.6144069], [-90.3791311, 14.6141494]]}, "properties": {"osmid": "30936717", "oneway": "False", "lanes": NaN, "ref": "RD GUA-6", "name": NaN, "highway": "primary", "maxspeed": NaN, "length": 31.418, "bridge": NaN, "tunnel": NaN, "access": NaN, "junction": NaN, "width": NaN, "est_width": NaN, "iri": 1.73000001907349}}, {"type": "Feature", "geometry": {"type": "LineString", "coordinates": [[-90.3791311, 14.6141494], [-90.3792385, 14.6133926]]}, "properties": {"osmid": "30936717", "oneway": "False", "lanes": NaN, "ref": "RD GUA-6", "name": NaN, "highway": "primary", "maxspeed": NaN, "length": 84.942, "bridge": NaN, "tunnel": NaN, "access": NaN, "junction": NaN, "width": NaN, "est_width": NaN, "iri": 1.73000001907349}}, {"type": "Feature", "geometry": {"type": "LineString", "coordinates": [[-90.3792385, 14.6133926], [-90.3793456, 14.6126378]]}, "properties": {"osmid": "30936717", "oneway": "False", "lanes": NaN, "ref": "RD GUA-6", "name": NaN, "highway": "primary", "maxspeed": NaN, "length": 84.717, "bridge": NaN, "tunnel": NaN, "access": NaN, "junction": NaN, "width": NaN, "est_width": NaN, "iri": 1.73000001907349}}, {"type": "Feature", "geometry": {"type": "LineString", "coordinates": [[-90.3793456, 14.6126378], [-90.3803069, 14.612779]]}, "properties": {"osmid": "756883619", "oneway": "False", "lanes": "2", "ref": "RD GUA-6", "name": "Carretera a Palencia", "highway": "primary", "maxspeed": NaN, "length": 104.619, "bridge": NaN, "tunnel": NaN, "access": NaN, "junction": NaN, "width": NaN, "est_width": NaN, "iri": 1.73000001907349}}, {"type": "Feature", "geometry": {"type": "LineString", "coordinates": [[-90.3803069, 14.612779], [-90.3804099, 14.6127458]]}, "properties": {"osmid": "756883619", "oneway": "False", "lanes": "2", "ref": "RD GUA-6", "name": "Carretera a Palencia", "highway": "primary", "maxspeed": NaN, "length": 11.681, "bridge": NaN, "tunnel": NaN, "access": NaN, "junction": NaN, "width": NaN, "est_width": NaN, "iri": 1.73000001907349}}, {"type": "Feature", "geometry": {"type": "LineString", "coordinates": [[-90.3804099, 14.6127458], [-90.3806674, 14.6125299]]}, "properties": {"osmid": "756883619", "oneway": "False", "lanes": "2", "ref": "RD GUA-6", "name": "Carretera a Palencia", "highway": "primary", "maxspeed": NaN, "length": 36.66, "bridge": NaN, "tunnel": NaN, "access": NaN, "junction": NaN, "width": NaN, "est_width": NaN, "iri": 1.73000001907349}}, {"type": "Feature", "geometry": {"type": "LineString", "coordinates": [[-90.3806674, 14.6125299], [-90.380779, 14.6123056]]}, "properties": {"osmid": "756883619", "oneway": "False", "lanes": "2", "ref": "RD GUA-6", "name": "Carretera a Palencia", "highway": "primary", "maxspeed": NaN, "length": 27.681, "bridge": NaN, "tunnel": NaN, "access": NaN, "junction": NaN, "width": NaN, "est_width": NaN, "iri": 1.73000001907349}}, {"type": "Feature", "geometry": {"type": "LineString", "coordinates": [[-90.380779, 14.6123056], [-90.3809128, 14.6109363]]}, "properties": {"osmid": "756883619", "oneway": "False", "lanes": "2", "ref": "RD GUA-6", "name": "Carretera a Palencia", "highway": "primary", "maxspeed": NaN, "length": 152.939, "bridge": NaN, "tunnel": NaN, "access": NaN, "junction": NaN, "width": NaN, "est_width": NaN, "iri": 1.73000001907349}}, {"type": "Feature", "geometry": {"type": "LineString", "coordinates": [[-90.3809128, 14.6109363], [-90.3809592, 14.6104618]]}, "properties": {"osmid": "756883619", "oneway": "False", "lanes": "2", "ref": "RD GUA-6", "name": "Carretera a Palencia", "highway": "primary", "maxspeed": NaN, "length": 52.998, "bridge": NaN, "tunnel": NaN, "access": NaN, "junction": NaN, "width": NaN, "est_width": NaN, "iri": 1.73000001907349}}, {"type": "Feature", "geometry": {"type": "LineString", "coordinates": [[-90.3809592, 14.6104618], [-90.3810107, 14.610304]]}, "properties": {"osmid": "756883619", "oneway": "False", "lanes": "2", "ref": "RD GUA-6", "name": "Carretera a Palencia", "highway": "primary", "maxspeed": NaN, "length": 18.401, "bridge": NaN, "tunnel": NaN, "access": NaN, "junction": NaN, "width": NaN, "est_width": NaN, "iri": 1.73000001907349}}, {"type": "Feature", "geometry": {"type": "LineString", "coordinates": [[-90.3810107, 14.610304], [-90.3811481, 14.6101711]]}, "properties": {"osmid": "756883619", "oneway": "False", "lanes": "2", "ref": "RD GUA-6", "name": "Carretera a Palencia", "highway": "primary", "maxspeed": NaN, "length": 20.903, "bridge": NaN, "tunnel": NaN, "access": NaN, "junction": NaN, "width": NaN, "est_width": NaN, "iri": 1.73000001907349}}, {"type": "Feature", "geometry": {"type": "LineString", "coordinates": [[-90.3811481, 14.6101711], [-90.3814571, 14.6100548]]}, "properties": {"osmid": "756883619", "oneway": "False", "lanes": "2", "ref": "RD GUA-6", "name": "Carretera a Palencia", "highway": "primary", "maxspeed": NaN, "length": 35.675, "bridge": NaN, "tunnel": NaN, "access": NaN, "junction": NaN, "width": NaN, "est_width": NaN, "iri": 1.73000001907349}}, {"type": "Feature", "geometry": {"type": "LineString", "coordinates": [[-90.3814571, 14.6100548], [-90.3817628, 14.6100254]]}, "properties": {"osmid": "756883619", "oneway": "False", "lanes": "2", "ref": "RD GUA-6", "name": "Carretera a Palencia", "highway": "primary", "maxspeed": NaN, "length": 33.055, "bridge": NaN, "tunnel": NaN, "access": NaN, "junction": NaN, "width": NaN, "est_width": NaN, "iri": 1.73000001907349}}, {"type": "Feature", "geometry": {"type": "LineString", "coordinates": [[-90.3817628, 14.6100254], [-90.381972, 14.6100382]]}, "properties": {"osmid": "756883619", "oneway": "False", "lanes": "2", "ref": "RD GUA-6", "name": "Carretera a Palencia", "highway": "primary", "maxspeed": NaN, "length": 22.555, "bridge": NaN, "tunnel": NaN, "access": NaN, "junction": NaN, "width": NaN, "est_width": NaN, "iri": 1.73000001907349}}, {"type": "Feature", "geometry": {"type": "LineString", "coordinates": [[-90.381972, 14.6100382], [-90.382837, 14.6102637]]}, "properties": {"osmid": "756883619", "oneway": "False", "lanes": "2", "ref": "RD GUA-6", "name": "Carretera a Palencia", "highway": "primary", "maxspeed": NaN, "length": 96.392, "bridge": NaN, "tunnel": NaN, "access": NaN, "junction": NaN, "width": NaN, "est_width": NaN, "iri": 1.73000001907349}}, {"type": "Feature", "geometry": {"type": "LineString", "coordinates": [[-90.382837, 14.6102637], [-90.3830484, 14.6103153]]}, "properties": {"osmid": "756883622", "oneway": "False", "lanes": "2", "ref": "RD GUA-6", "name": "Carretera a Palencia", "highway": "primary", "maxspeed": NaN, "length": 23.459, "bridge": "yes", "tunnel": NaN, "access": NaN, "junction": NaN, "width": NaN, "est_width": NaN, "iri": 1.73000001907349}}, {"type": "Feature", "geometry": {"type": "LineString", "coordinates": [[-90.3830484, 14.6103153], [-90.3831746, 14.6103751]]}, "properties": {"osmid": "556852628", "oneway": "False", "lanes": "2", "ref": "RD GUA-6", "name": "Carretera a Palencia", "highway": "primary", "maxspeed": NaN, "length": 15.12, "bridge": NaN, "tunnel": NaN, "access": NaN, "junction": NaN, "width": NaN, "est_width": NaN, "iri": 1.73000001907349}}, {"type": "Feature", "geometry": {"type": "LineString", "coordinates": [[-90.3831746, 14.6103751], [-90.3832427, 14.6104473]]}, "properties": {"osmid": "556852628", "oneway": "False", "lanes": "2", "ref": "RD GUA-6", "name": "Carretera a Palencia", "highway": "primary", "maxspeed": NaN, "length": 10.869, "bridge": NaN, "tunnel": NaN, "access": NaN, "junction": NaN, "width": NaN, "est_width": NaN, "iri": 1.73000001907349}}, {"type": "Feature", "geometry": {"type": "LineString", "coordinates": [[-90.3832427, 14.6104473], [-90.3836321, 14.6111027]]}, "properties": {"osmid": "556852628", "oneway": "False", "lanes": "2", "ref": "RD GUA-6", "name": "Carretera a Palencia", "highway": "primary", "maxspeed": NaN, "length": 84.063, "bridge": NaN, "tunnel": NaN, "access": NaN, "junction": NaN, "width": NaN, "est_width": NaN, "iri": 1.73000001907349}}, {"type": "Feature", "geometry": {"type": "LineString", "coordinates": [[-90.3836321, 14.6111027], [-90.3838514, 14.6114853]]}, "properties": {"osmid": "556852628", "oneway": "False", "lanes": "2", "ref": "RD GUA-6", "name": "Carretera a Palencia", "highway": "primary", "maxspeed": NaN, "length": 48.649, "bridge": NaN, "tunnel": NaN, "access": NaN, "junction": NaN, "width": NaN, "est_width": NaN, "iri": 1.73000001907349}}, {"type": "Feature", "geometry": {"type": "LineString", "coordinates": [[-90.3838514, 14.6114853], [-90.3842791, 14.612475]]}, "properties": {"osmid": "556852628", "oneway": "False", "lanes": "2", "ref": "RD GUA-6", "name": "Carretera a Palencia", "highway": "primary", "maxspeed": NaN, "length": 119.284, "bridge": NaN, "tunnel": NaN, "access": NaN, "junction": NaN, "width": NaN, "est_width": NaN, "iri": 1.73000001907349}}, {"type": "Feature", "geometry": {"type": "LineString", "coordinates": [[-90.3842791, 14.612475], [-90.3843724, 14.6126646]]}, "properties": {"osmid": "556852628", "oneway": "False", "lanes": "2", "ref": "RD GUA-6", "name": "Carretera a Palencia", "highway": "primary", "maxspeed": NaN, "length": 23.351, "bridge": NaN, "tunnel": NaN, "access": NaN, "junction": NaN, "width": NaN, "est_width": NaN, "iri": 1.73000001907349}}, {"type": "Feature", "geometry": {"type": "LineString", "coordinates": [[-90.3843724, 14.6126646], [-90.3844294, 14.6127555]]}, "properties": {"osmid": "556852628", "oneway": "False", "lanes": "2", "ref": "RD GUA-6", "name": "Carretera a Palencia", "highway": "primary", "maxspeed": NaN, "length": 11.823, "bridge": NaN, "tunnel": NaN, "access": NaN, "junction": NaN, "width": NaN, "est_width": NaN, "iri": 1.73000001907349}}, {"type": "Feature", "geometry": {"type": "LineString", "coordinates": [[-90.3844294, 14.6127555], [-90.3844955, 14.6127957]]}, "properties": {"osmid": "556852628", "oneway": "False", "lanes": "2", "ref": "RD GUA-6", "name": "Carretera a Palencia", "highway": "primary", "maxspeed": NaN, "length": 8.4, "bridge": NaN, "tunnel": NaN, "access": NaN, "junction": NaN, "width": NaN, "est_width": NaN, "iri": 1.73000001907349}}, {"type": "Feature", "geometry": {"type": "LineString", "coordinates": [[-90.3844955, 14.6127957], [-90.3845776, 14.6128194]]}, "properties": {"osmid": "556852628", "oneway": "False", "lanes": "2", "ref": "RD GUA-6", "name": "Carretera a Palencia", "highway": "primary", "maxspeed": NaN, "length": 9.219, "bridge": NaN, "tunnel": NaN, "access": NaN, "junction": NaN, "width": NaN, "est_width": NaN, "iri": 1.73000001907349}}, {"type": "Feature", "geometry": {"type": "LineString", "coordinates": [[-90.3845776, 14.6128194], [-90.3847272, 14.6128289]]}, "properties": {"osmid": "556852628", "oneway": "False", "lanes": "2", "ref": "RD GUA-6", "name": "Carretera a Palencia", "highway": "primary", "maxspeed": NaN, "length": 16.131, "bridge": NaN, "tunnel": NaN, "access": NaN, "junction": NaN, "width": NaN, "est_width": NaN, "iri": 1.73000001907349}}, {"type": "Feature", "geometry": {"type": "LineString", "coordinates": [[-90.3847272, 14.6128289], [-90.3853173, 14.6127774]]}, "properties": {"osmid": "556852628", "oneway": "False", "lanes": "2", "ref": "RD GUA-6", "name": "Carretera a Palencia", "highway": "primary", "maxspeed": NaN, "length": 63.751, "bridge": NaN, "tunnel": NaN, "access": NaN, "junction": NaN, "width": NaN, "est_width": NaN, "iri": 1.73000001907349}}, {"type": "Feature", "geometry": {"type": "LineString", "coordinates": [[-90.3853173, 14.6127774], [-90.3857743, 14.6127375]]}, "properties": {"osmid": "556852628", "oneway": "False", "lanes": "2", "ref": "RD GUA-6", "name": "Carretera a Palencia", "highway": "primary", "maxspeed": NaN, "length": 49.372, "bridge": NaN, "tunnel": NaN, "access": NaN, "junction": NaN, "width": NaN, "est_width": NaN, "iri": 1.73000001907349}}, {"type": "Feature", "geometry": {"type": "LineString", "coordinates": [[-90.3857743, 14.6127375], [-90.386315, 14.61266]]}, "properties": {"osmid": "556852628", "oneway": "False", "lanes": "2", "ref": "RD GUA-6", "name": "Carretera a Palencia", "highway": "primary", "maxspeed": NaN, "length": 58.813, "bridge": NaN, "tunnel": NaN, "access": NaN, "junction": NaN, "width": NaN, "est_width": NaN, "iri": 1.73000001907349}}, {"type": "Feature", "geometry": {"type": "LineString", "coordinates": [[-90.386315, 14.61266], [-90.3865576, 14.6126252]]}, "properties": {"osmid": "556852628", "oneway": "False", "lanes": "2", "ref": "RD GUA-6", "name": "Carretera a Palencia", "highway": "primary", "maxspeed": NaN, "length": 26.389, "bridge": NaN, "tunnel": NaN, "access": NaN, "junction": NaN, "width": NaN, "est_width": NaN, "iri": 1.73000001907349}}, {"type": "Feature", "geometry": {"type": "LineString", "coordinates": [[-90.3865576, 14.6126252], [-90.3867013, 14.6126046]]}, "properties": {"osmid": "556852628", "oneway": "False", "lanes": "2", "ref": "RD GUA-6", "name": "Carretera a Palencia", "highway": "primary", "maxspeed": NaN, "length": 15.631, "bridge": NaN, "tunnel": NaN, "access": NaN, "junction": NaN, "width": NaN, "est_width": NaN, "iri": 1.73000001907349}}, {"type": "Feature", "geometry": {"type": "LineString", "coordinates": [[-90.3867013, 14.6126046], [-90.3870618, 14.6124967]]}, "properties": {"osmid": "556852628", "oneway": "False", "lanes": "2", "ref": "RD GUA-6", "name": "Carretera a Palencia", "highway": "primary", "maxspeed": NaN, "length": 40.602, "bridge": NaN, "tunnel": NaN, "access": NaN, "junction": NaN, "width": NaN, "est_width": NaN, "iri": 1.73000001907349}}, {"type": "Feature", "geometry": {"type": "LineString", "coordinates": [[-90.3870618, 14.6124967], [-90.3872678, 14.6122973]]}, "properties": {"osmid": "556852628", "oneway": "False", "lanes": "2", "ref": "RD GUA-6", "name": "Carretera a Palencia", "highway": "primary", "maxspeed": NaN, "length": 31.351, "bridge": NaN, "tunnel": NaN, "access": NaN, "junction": NaN, "width": NaN, "est_width": NaN, "iri": 1.73000001907349}}, {"type": "Feature", "geometry": {"type": "LineString", "coordinates": [[-90.3872678, 14.6122973], [-90.3874051, 14.6119983]]}, "properties": {"osmid": "556852628", "oneway": "False", "lanes": "2", "ref": "RD GUA-6", "name": "Carretera a Palencia", "highway": "primary", "maxspeed": NaN, "length": 36.382, "bridge": NaN, "tunnel": NaN, "access": NaN, "junction": NaN, "width": NaN, "est_width": NaN, "iri": 1.73000001907349}}, {"type": "Feature", "geometry": {"type": "LineString", "coordinates": [[-90.3874051, 14.6119983], [-90.3874051, 14.6117741]]}, "properties": {"osmid": "556852628", "oneway": "False", "lanes": "2", "ref": "RD GUA-6", "name": "Carretera a Palencia", "highway": "primary", "maxspeed": NaN, "length": 24.93, "bridge": NaN, "tunnel": NaN, "access": NaN, "junction": NaN, "width": NaN, "est_width": NaN, "iri": 1.73000001907349}}, {"type": "Feature", "geometry": {"type": "LineString", "coordinates": [[-90.3874051, 14.6117741], [-90.3872678, 14.6113007]]}, "properties": {"osmid": "556852628", "oneway": "False", "lanes": "2", "ref": "RD GUA-6", "name": "Carretera a Palencia", "highway": "primary", "maxspeed": NaN, "length": 54.674, "bridge": NaN, "tunnel": NaN, "access": NaN, "junction": NaN, "width": NaN, "est_width": NaN, "iri": 1.73000001907349}}, {"type": "Feature", "geometry": {"type": "LineString", "coordinates": [[-90.3872678, 14.6113007], [-90.3872249, 14.6110847]]}, "properties": {"osmid": "556852628", "oneway": "False", "lanes": "2", "ref": "RD GUA-6", "name": "Carretera a Palencia", "highway": "primary", "maxspeed": NaN, "length": 24.458, "bridge": NaN, "tunnel": NaN, "access": NaN, "junction": NaN, "width": NaN, "est_width": NaN, "iri": 1.73000001907349}}, {"type": "Feature", "geometry": {"type": "LineString", "coordinates": [[-90.3872249, 14.6110847], [-90.3872764, 14.6109186]]}, "properties": {"osmid": "556852628", "oneway": "False", "lanes": "2", "ref": "RD GUA-6", "name": "Carretera a Palencia", "highway": "primary", "maxspeed": NaN, "length": 19.283, "bridge": NaN, "tunnel": NaN, "access": NaN, "junction": NaN, "width": NaN, "est_width": NaN, "iri": 1.73000001907349}}, {"type": "Feature", "geometry": {"type": "LineString", "coordinates": [[-90.3872764, 14.6109186], [-90.3873225, 14.6108799]]}, "properties": {"osmid": "556852628", "oneway": "False", "lanes": "2", "ref": "RD GUA-6", "name": "Carretera a Palencia", "highway": "primary", "maxspeed": NaN, "length": 6.567, "bridge": NaN, "tunnel": NaN, "access": NaN, "junction": NaN, "width": NaN, "est_width": NaN, "iri": 1.73000001907349}}, {"type": "Feature", "geometry": {"type": "LineString", "coordinates": [[-90.3873225, 14.6108799], [-90.3874051, 14.6108106]]}, "properties": {"osmid": "556852628", "oneway": "False", "lanes": "2", "ref": "RD GUA-6", "name": "Carretera a Palencia", "highway": "primary", "maxspeed": NaN, "length": 11.763, "bridge": NaN, "tunnel": NaN, "access": NaN, "junction": NaN, "width": NaN, "est_width": NaN, "iri": 1.73000001907349}}, {"type": "Feature", "geometry": {"type": "LineString", "coordinates": [[-90.3874051, 14.6108106], [-90.3883407, 14.6103705]]}, "properties": {"osmid": "556852628", "oneway": "False", "lanes": "2", "ref": "RD GUA-6", "name": "Carretera a Palencia", "highway": "primary", "maxspeed": NaN, "length": 111.934, "bridge": NaN, "tunnel": NaN, "access": NaN, "junction": NaN, "width": NaN, "est_width": NaN, "iri": 1.73000001907349}}, {"type": "Feature", "geometry": {"type": "LineString", "coordinates": [[-90.3883407, 14.6103705], [-90.388579, 14.6102149]]}, "properties": {"osmid": "556852628", "oneway": "False", "lanes": "2", "ref": "RD GUA-6", "name": "Carretera a Palencia", "highway": "primary", "maxspeed": NaN, "length": 30.932, "bridge": NaN, "tunnel": NaN, "access": NaN, "junction": NaN, "width": NaN, "est_width": NaN, "iri": 1.73000001907349}}, {"type": "Feature", "geometry": {"type": "LineString", "coordinates": [[-90.388579, 14.6102149], [-90.3887098, 14.6101296]]}, "properties": {"osmid": "556852628", "oneway": "False", "lanes": "2", "ref": "RD GUA-6", "name": "Carretera a Palencia", "highway": "primary", "maxspeed": NaN, "length": 16.972, "bridge": NaN, "tunnel": NaN, "access": NaN, "junction": NaN, "width": NaN, "est_width": NaN, "iri": 1.73000001907349}}, {"type": "Feature", "geometry": {"type": "LineString", "coordinates": [[-90.3887098, 14.6101296], [-90.3890208, 14.6099146]]}, "properties": {"osmid": "556852628", "oneway": "False", "lanes": "2", "ref": "RD GUA-6", "name": "Carretera a Palencia", "highway": "primary", "maxspeed": NaN, "length": 41.126, "bridge": NaN, "tunnel": NaN, "access": NaN, "junction": NaN, "width": NaN, "est_width": NaN, "iri": 1.73000001907349}}, {"type": "Feature", "geometry": {"type": "LineString", "coordinates": [[-90.3890208, 14.6099146], [-90.3891904, 14.6097974]]}, "properties": {"osmid": "556852628", "oneway": "False", "lanes": "2", "ref": "RD GUA-6", "name": "Carretera a Palencia", "highway": "primary", "maxspeed": NaN, "length": 22.424, "bridge": NaN, "tunnel": NaN, "access": NaN, "junction": NaN, "width": NaN, "est_width": NaN, "iri": 1.73000001907349}}]}