{"type": "FeatureCollection", "features": [{"type": "Feature", "geometry": {"type": "LineString", "coordinates": [[-89.8752218, 14.6707418], [-89.8745686, 14.6706441]]}, "properties": {"osmid": "407838876", "oneway": "False", "lanes": "2", "ref": "RN-18", "name": "RN-18", "highway": "secondary", "maxspeed": NaN, "length": 71.099, "bridge": NaN, "tunnel": NaN, "access": NaN, "junction": NaN, "width": NaN, "est_width": NaN, "iri": 2.3199999332428}}, {"type": "Feature", "geometry": {"type": "LineString", "coordinates": [[-89.8745686, 14.6706441], [-89.8711336, 14.6703044]]}, "properties": {"osmid": "407838876", "oneway": "False", "lanes": "2", "ref": "RN-18", "name": "RN-18", "highway": "secondary", "maxspeed": NaN, "length": 371.428, "bridge": NaN, "tunnel": NaN, "access": NaN, "junction": NaN, "width": NaN, "est_width": NaN, "iri": 2.3199999332428}}, {"type": "Feature", "geometry": {"type": "LineString", "coordinates": [[-89.8711336, 14.6703044], [-89.8703409, 14.6701156]]}, "properties": {"osmid": "407838876", "oneway": "False", "lanes": "2", "ref": "RN-18", "name": "RN-18", "highway": "secondary", "maxspeed": NaN, "length": 87.817, "bridge": NaN, "tunnel": NaN, "access": NaN, "junction": NaN, "width": NaN, "est_width": NaN, "iri": 2.3199999332428}}, {"type": "Feature", "geometry": {"type": "LineString", "coordinates": [[-89.8703409, 14.6701156], [-89.8686548, 14.6694488]]}, "properties": {"osmid": "407838876", "oneway": "False", "lanes": "2", "ref": "RN-18", "name": "RN-18", "highway": "secondary", "maxspeed": NaN, "length": 195.944, "bridge": NaN, "tunnel": NaN, "access": NaN, "junction": NaN, "width": NaN, "est_width": NaN, "iri": 2.3199999332428}}, {"type": "Feature", "geometry": {"type": "LineString", "coordinates": [[-89.8686548, 14.6694488], [-89.8682613, 14.6693189]]}, "properties": {"osmid": "407838876", "oneway": "False", "lanes": "2", "ref": "RN-18", "name": "RN-18", "highway": "secondary", "maxspeed": NaN, "length": 44.726, "bridge": NaN, "tunnel": NaN, "access": NaN, "junction": NaN, "width": NaN, "est_width": NaN, "iri": 2.3199999332428}}, {"type": "Feature", "geometry": {"type": "LineString", "coordinates": [[-89.8682613, 14.6693189], [-89.8675007, 14.6690677]]}, "properties": {"osmid": "408468006", "oneway": "False", "lanes": "2", "ref": "RN-18", "name": "Calle Sergio Sandoval", "highway": "secondary", "maxspeed": NaN, "length": 86.455, "bridge": NaN, "tunnel": NaN, "access": NaN, "junction": NaN, "width": NaN, "est_width": NaN, "iri": 2.3199999332428}}, {"type": "Feature", "geometry": {"type": "LineString", "coordinates": [[-89.8675007, 14.6690677], [-89.8663303, 14.6686812]]}, "properties": {"osmid": "408468006", "oneway": "False", "lanes": "2", "ref": "RN-18", "name": "Calle Sergio Sandoval", "highway": "secondary", "maxspeed": NaN, "length": 133.034, "bridge": NaN, "tunnel": NaN, "access": NaN, "junction": NaN, "width": NaN, "est_width": NaN, "iri": 2.3199999332428}}, {"type": "Feature", "geometry": {"type": "LineString", "coordinates": [[-89.8663303, 14.6686812], [-89.8659874, 14.668568]]}, "properties": {"osmid": "408468006", "oneway": "False", "lanes": "2", "ref": "RN-18", "name": "Calle Sergio Sandoval", "highway": "secondary", "maxspeed": NaN, "length": 38.975, "bridge": NaN, "tunnel": NaN, "access": NaN, "junction": NaN, "width": NaN, "est_width": NaN, "iri": 2.3199999332428}}, {"type": "Feature", "geometry": {"type": "LineString", "coordinates": [[-89.8659874, 14.668568], [-89.8654998, 14.6684383]]}, "properties": {"osmid": "408468006", "oneway": "False", "lanes": "2", "ref": "RN-18", "name": "Calle Sergio Sandoval", "highway": "secondary", "maxspeed": NaN, "length": 54.398, "bridge": NaN, "tunnel": NaN, "access": NaN, "junction": NaN, "width": NaN, "est_width": NaN, "iri": 2.3199999332428}}, {"type": "Feature", "geometry": {"type": "LineString", "coordinates": [[-89.8654998, 14.6684383], [-89.8652318, 14.668367]]}, "properties": {"osmid": "408468006", "oneway": "False", "lanes": "2", "ref": "RN-18", "name": "Calle Sergio Sandoval", "highway": "secondary", "maxspeed": NaN, "length": 29.899, "bridge": NaN, "tunnel": NaN, "access": NaN, "junction": NaN, "width": NaN, "est_width": NaN, "iri": 2.3199999332428}}, {"type": "Feature", "geometry": {"type": "LineString", "coordinates": [[-89.8652318, 14.668367], [-89.8648046, 14.6682534]]}, "properties": {"osmid": "408468006", "oneway": "False", "lanes": "2", "ref": "RN-18", "name": "Calle Sergio Sandoval", "highway": "secondary", "maxspeed": NaN, "length": 47.659, "bridge": NaN, "tunnel": NaN, "access": NaN, "junction": NaN, "width": NaN, "est_width": NaN, "iri": 2.3199999332428}}, {"type": "Feature", "geometry": {"type": "LineString", "coordinates": [[-89.8648046, 14.6682534], [-89.8645648, 14.668193]]}, "properties": {"osmid": "408468006", "oneway": "False", "lanes": "2", "ref": "RN-18", "name": "Calle Sergio Sandoval", "highway": "secondary", "maxspeed": NaN, "length": 26.656, "bridge": NaN, "tunnel": NaN, "access": NaN, "junction": NaN, "width": NaN, "est_width": NaN, "iri": 2.3199999332428}}, {"type": "Feature", "geometry": {"type": "LineString", "coordinates": [[-89.8645648, 14.668193], [-89.8636852, 14.6679714]]}, "properties": {"osmid": "408468006", "oneway": "False", "lanes": "2", "ref": "RN-18", "name": "Calle Sergio Sandoval", "highway": "secondary", "maxspeed": NaN, "length": 97.775, "bridge": NaN, "tunnel": NaN, "access": NaN, "junction": NaN, "width": NaN, "est_width": NaN, "iri": 2.3199999332428}}, {"type": "Feature", "geometry": {"type": "LineString", "coordinates": [[-89.8636852, 14.6679714], [-89.8626989, 14.6677228]]}, "properties": {"osmid": "408468006", "oneway": "False", "lanes": "2", "ref": "RN-18", "name": "Calle Sergio Sandoval", "highway": "secondary", "maxspeed": NaN, "length": 109.64, "bridge": NaN, "tunnel": NaN, "access": NaN, "junction": NaN, "width": NaN, "est_width": NaN, "iri": 2.3199999332428}}, {"type": "Feature", "geometry": {"type": "LineString", "coordinates": [[-89.8626989, 14.6677228], [-89.8615235, 14.6674267]]}, "properties": {"osmid": "408468006", "oneway": "False", "lanes": "2", "ref": "RN-18", "name": "Calle Sergio Sandoval", "highway": "secondary", "maxspeed": NaN, "length": 130.656, "bridge": NaN, "tunnel": NaN, "access": NaN, "junction": NaN, "width": NaN, "est_width": NaN, "iri": 2.3199999332428}}, {"type": "Feature", "geometry": {"type": "LineString", "coordinates": [[-89.8615235, 14.6674267], [-89.8601041, 14.667069]]}, "properties": {"osmid": "408468006", "oneway": "False", "lanes": "2", "ref": "RN-18", "name": "Calle Sergio Sandoval", "highway": "secondary", "maxspeed": NaN, "length": 157.783, "bridge": NaN, "tunnel": NaN, "access": NaN, "junction": NaN, "width": NaN, "est_width": NaN, "iri": 2.3199999332428}}, {"type": "Feature", "geometry": {"type": "LineString", "coordinates": [[-89.8601041, 14.667069], [-89.8600107, 14.6670455]]}, "properties": {"osmid": "408468006", "oneway": "False", "lanes": "2", "ref": "RN-18", "name": "Calle Sergio Sandoval", "highway": "secondary", "maxspeed": NaN, "length": 10.381, "bridge": NaN, "tunnel": NaN, "access": NaN, "junction": NaN, "width": NaN, "est_width": NaN, "iri": 2.3199999332428}}, {"type": "Feature", "geometry": {"type": "LineString", "coordinates": [[-89.8600107, 14.6670455], [-89.8590134, 14.6668035]]}, "properties": {"osmid": "408468006", "oneway": "False", "lanes": "2", "ref": "RN-18", "name": "Calle Sergio Sandoval", "highway": "secondary", "maxspeed": NaN, "length": 110.605, "bridge": NaN, "tunnel": NaN, "access": NaN, "junction": NaN, "width": NaN, "est_width": NaN, "iri": 2.3199999332428}}, {"type": "Feature", "geometry": {"type": "LineString", "coordinates": [[-89.8590134, 14.6668035], [-89.8581065, 14.6665835]]}, "properties": {"osmid": "408468006", "oneway": "False", "lanes": "2", "ref": "RN-18", "name": "Calle Sergio Sandoval", "highway": "secondary", "maxspeed": NaN, "length": 100.577, "bridge": NaN, "tunnel": NaN, "access": NaN, "junction": NaN, "width": NaN, "est_width": NaN, "iri": 2.3199999332428}}, {"type": "Feature", "geometry": {"type": "LineString", "coordinates": [[-89.8581065, 14.6665835], [-89.8565883, 14.6662151]]}, "properties": {"osmid": "408468006", "oneway": "False", "lanes": "2", "ref": "RN-18", "name": "Calle Sergio Sandoval", "highway": "secondary", "maxspeed": NaN, "length": 168.375, "bridge": NaN, "tunnel": NaN, "access": NaN, "junction": NaN, "width": NaN, "est_width": NaN, "iri": 2.3199999332428}}, {"type": "Feature", "geometry": {"type": "LineString", "coordinates": [[-89.8565883, 14.6662151], [-89.8563326, 14.6661604]]}, "properties": {"osmid": "408468006", "oneway": "False", "lanes": "2", "ref": "RN-18", "name": "Calle Sergio Sandoval", "highway": "secondary", "maxspeed": NaN, "length": 28.171, "bridge": NaN, "tunnel": NaN, "access": NaN, "junction": NaN, "width": NaN, "est_width": NaN, "iri": 2.3199999332428}}, {"type": "Feature", "geometry": {"type": "LineString", "coordinates": [[-89.8563326, 14.6661604], [-89.8554801, 14.6659782]]}, "properties": {"osmid": "408468006", "oneway": "False", "lanes": "2", "ref": "RN-18", "name": "Calle Sergio Sandoval", "highway": "secondary", "maxspeed": NaN, "length": 93.916, "bridge": NaN, "tunnel": NaN, "access": NaN, "junction": NaN, "width": NaN, "est_width": NaN, "iri": 2.3199999332428}}, {"type": "Feature", "geometry": {"type": "LineString", "coordinates": [[-89.8554801, 14.6659782], [-89.8544015, 14.6657476]]}, "properties": {"osmid": "408468006", "oneway": "False", "lanes": "2", "ref": "RN-18", "name": "Calle Sergio Sandoval", "highway": "secondary", "maxspeed": NaN, "length": 118.827, "bridge": NaN, "tunnel": NaN, "access": NaN, "junction": NaN, "width": NaN, "est_width": NaN, "iri": 2.3199999332428}}, {"type": "Feature", "geometry": {"type": "LineString", "coordinates": [[-89.8544015, 14.6657476], [-89.8538117, 14.6656215]]}, "properties": {"osmid": "408468006", "oneway": "False", "lanes": "2", "ref": "RN-18", "name": "Calle Sergio Sandoval", "highway": "secondary", "maxspeed": NaN, "length": 64.977, "bridge": NaN, "tunnel": NaN, "access": NaN, "junction": NaN, "width": NaN, "est_width": NaN, "iri": 2.3199999332428}}, {"type": "Feature", "geometry": {"type": "LineString", "coordinates": [[-89.8538117, 14.6656215], [-89.8534814, 14.665545]]}, "properties": {"osmid": "408468006", "oneway": "False", "lanes": "2", "ref": "RN-18", "name": "Calle Sergio Sandoval", "highway": "secondary", "maxspeed": NaN, "length": 36.535, "bridge": NaN, "tunnel": NaN, "access": NaN, "junction": NaN, "width": NaN, "est_width": NaN, "iri": 2.3199999332428}}, {"type": "Feature", "geometry": {"type": "LineString", "coordinates": [[-89.8534814, 14.665545], [-89.8525439, 14.6653279]]}, "properties": {"osmid": "408468006", "oneway": "False", "lanes": "2", "ref": "RN-18", "name": "Calle Sergio Sandoval", "highway": "secondary", "maxspeed": NaN, "length": 103.698, "bridge": NaN, "tunnel": NaN, "access": NaN, "junction": NaN, "width": NaN, "est_width": NaN, "iri": 2.3199999332428}}, {"type": "Feature", "geometry": {"type": "LineString", "coordinates": [[-89.8525439, 14.6653279], [-89.8512734, 14.6650159]]}, "properties": {"osmid": "408468006", "oneway": "False", "lanes": "2", "ref": "RN-18", "name": "Calle Sergio Sandoval", "highway": "secondary", "maxspeed": NaN, "length": 141.005, "bridge": NaN, "tunnel": NaN, "access": NaN, "junction": NaN, "width": NaN, "est_width": NaN, "iri": 2.3199999332428}}, {"type": "Feature", "geometry": {"type": "LineString", "coordinates": [[-89.8512734, 14.6650159], [-89.8495405, 14.6644555]]}, "properties": {"osmid": "408468006", "oneway": "False", "lanes": "2", "ref": "RN-18", "name": "Calle Sergio Sandoval", "highway": "secondary", "maxspeed": NaN, "length": 196.552, "bridge": NaN, "tunnel": NaN, "access": NaN, "junction": NaN, "width": NaN, "est_width": NaN, "iri": 2.3199999332428}}, {"type": "Feature", "geometry": {"type": "LineString", "coordinates": [[-89.8495405, 14.6644555], [-89.8488251, 14.6642719]]}, "properties": {"osmid": "408468006", "oneway": "False", "lanes": "2", "ref": "RN-18", "name": "Calle Sergio Sandoval", "highway": "secondary", "maxspeed": NaN, "length": 79.62, "bridge": NaN, "tunnel": NaN, "access": NaN, "junction": NaN, "width": NaN, "est_width": NaN, "iri": 2.3199999332428}}, {"type": "Feature", "geometry": {"type": "LineString", "coordinates": [[-89.8488251, 14.6642719], [-89.8487881, 14.6634748]]}, "properties": {"osmid": "408468007", "oneway": "False", "lanes": NaN, "ref": "RN-18", "name": "2a Avenida", "highway": "secondary", "maxspeed": NaN, "length": 88.723, "bridge": NaN, "tunnel": NaN, "access": NaN, "junction": NaN, "width": NaN, "est_width": NaN, "iri": 2.3199999332428}}, {"type": "Feature", "geometry": {"type": "LineString", "coordinates": [[-89.8487881, 14.6634748], [-89.8487427, 14.6624964]]}, "properties": {"osmid": "408468007", "oneway": "False", "lanes": NaN, "ref": "RN-18", "name": "2a Avenida", "highway": "secondary", "maxspeed": NaN, "length": 108.903, "bridge": NaN, "tunnel": NaN, "access": NaN, "junction": NaN, "width": NaN, "est_width": NaN, "iri": 2.3199999332428}}, {"type": "Feature", "geometry": {"type": "LineString", "coordinates": [[-89.8487427, 14.6624964], [-89.8480364, 14.662348]]}, "properties": {"osmid": "408468008", "oneway": "False", "lanes": NaN, "ref": "RN-18", "name": "2a Calle", "highway": "secondary", "maxspeed": NaN, "length": 77.751, "bridge": NaN, "tunnel": NaN, "access": NaN, "junction": NaN, "width": NaN, "est_width": NaN, "iri": 2.3199999332428}}, {"type": "Feature", "geometry": {"type": "LineString", "coordinates": [[-89.8480364, 14.662348], [-89.8475153, 14.6622385]]}, "properties": {"osmid": "408468008", "oneway": "False", "lanes": NaN, "ref": "RN-18", "name": "2a Calle", "highway": "secondary", "maxspeed": NaN, "length": 57.364, "bridge": NaN, "tunnel": NaN, "access": NaN, "junction": NaN, "width": NaN, "est_width": NaN, "iri": 2.3199999332428}}, {"type": "Feature", "geometry": {"type": "LineString", "coordinates": [[-89.8475153, 14.6622385], [-89.8468699, 14.6621029]]}, "properties": {"osmid": "408468008", "oneway": "False", "lanes": NaN, "ref": "RN-18", "name": "2a Calle", "highway": "secondary", "maxspeed": NaN, "length": 71.047, "bridge": NaN, "tunnel": NaN, "access": NaN, "junction": NaN, "width": NaN, "est_width": NaN, "iri": 2.3199999332428}}]}