{"type": "FeatureCollection", "features": [{"type": "Feature", "geometry": {"type": "LineString", "coordinates": [[-89.4311537, 15.0952009], [-89.4307369, 15.0959026]]}, "properties": {"osmid": "406287026", "oneway": "False", "lanes": NaN, "ref": "CA-9", "name": "Carretera Presidente Coronel Jacobo \u00c1rbenz Guzm\u00e1n", "highway": "trunk", "maxspeed": NaN, "length": 89.946, "bridge": NaN, "tunnel": NaN, "access": NaN, "junction": NaN, "width": NaN, "est_width": NaN, "iri": 17.9400005340576}}, {"type": "Feature", "geometry": {"type": "LineString", "coordinates": [[-89.4307369, 15.0959026], [-89.4299211, 15.0973618]]}, "properties": {"osmid": "406287026", "oneway": "False", "lanes": NaN, "ref": "CA-9", "name": "Carretera Presidente Coronel Jacobo \u00c1rbenz Guzm\u00e1n", "highway": "trunk", "maxspeed": NaN, "length": 184.384, "bridge": NaN, "tunnel": NaN, "access": NaN, "junction": NaN, "width": NaN, "est_width": NaN, "iri": 17.9400005340576}}, {"type": "Feature", "geometry": {"type": "LineString", "coordinates": [[-89.4299211, 15.0973618], [-89.4288482, 15.0991849]]}, "properties": {"osmid": "406287026", "oneway": "False", "lanes": NaN, "ref": "CA-9", "name": "Carretera Presidente Coronel Jacobo \u00c1rbenz Guzm\u00e1n", "highway": "trunk", "maxspeed": NaN, "length": 233.158, "bridge": NaN, "tunnel": NaN, "access": NaN, "junction": NaN, "width": NaN, "est_width": NaN, "iri": 17.9400005340576}}, {"type": "Feature", "geometry": {"type": "LineString", "coordinates": [[-89.4288482, 15.0991849], [-89.4282995, 15.1008259]]}, "properties": {"osmid": "406287026", "oneway": "False", "lanes": NaN, "ref": "CA-9", "name": "Carretera Presidente Coronel Jacobo \u00c1rbenz Guzm\u00e1n", "highway": "trunk", "maxspeed": NaN, "length": 191.744, "bridge": NaN, "tunnel": NaN, "access": NaN, "junction": NaN, "width": NaN, "est_width": NaN, "iri": 17.9400005340576}}, {"type": "Feature", "geometry": {"type": "LineString", "coordinates": [[-89.4282995, 15.1008259], [-89.4276466, 15.1029553]]}, "properties": {"osmid": "406287026", "oneway": "False", "lanes": NaN, "ref": "CA-9", "name": "Carretera Presidente Coronel Jacobo \u00c1rbenz Guzm\u00e1n", "highway": "trunk", "maxspeed": NaN, "length": 246.935, "bridge": NaN, "tunnel": NaN, "access": NaN, "junction": NaN, "width": NaN, "est_width": NaN, "iri": 17.9400005340576}}, {"type": "Feature", "geometry": {"type": "LineString", "coordinates": [[-89.4276466, 15.1029553], [-89.4272604, 15.1038254]]}, "properties": {"osmid": "406287026", "oneway": "False", "lanes": NaN, "ref": "CA-9", "name": "Carretera Presidente Coronel Jacobo \u00c1rbenz Guzm\u00e1n", "highway": "trunk", "maxspeed": NaN, "length": 105.26, "bridge": NaN, "tunnel": NaN, "access": NaN, "junction": NaN, "width": NaN, "est_width": NaN, "iri": 17.9400005340576}}, {"type": "Feature", "geometry": {"type": "LineString", "coordinates": [[-89.4272604, 15.1038254], [-89.4266097, 15.1047387]]}, "properties": {"osmid": "406287026", "oneway": "False", "lanes": NaN, "ref": "CA-9", "name": "Carretera Presidente Coronel Jacobo \u00c1rbenz Guzm\u00e1n", "highway": "trunk", "maxspeed": NaN, "length": 123.26, "bridge": NaN, "tunnel": NaN, "access": NaN, "junction": NaN, "width": NaN, "est_width": NaN, "iri": 17.9400005340576}}, {"type": "Feature", "geometry": {"type": "LineString", "coordinates": [[-89.4266097, 15.1047387], [-89.4184627, 15.1138105]]}, "properties": {"osmid": "406287026", "oneway": "False", "lanes": NaN, "ref": "CA-9", "name": "Carretera Presidente Coronel Jacobo \u00c1rbenz Guzm\u00e1n", "highway": "trunk", "maxspeed": NaN, "length": 1335.089, "bridge": NaN, "tunnel": NaN, "access": NaN, "junction": NaN, "width": NaN, "est_width": NaN, "iri": 17.9400005340576}}, {"type": "Feature", "geometry": {"type": "LineString", "coordinates": [[-89.4184627, 15.1138105], [-89.4176044, 15.1145977]]}, "properties": {"osmid": "406287026", "oneway": "False", "lanes": NaN, "ref": "CA-9", "name": "Carretera Presidente Coronel Jacobo \u00c1rbenz Guzm\u00e1n", "highway": "trunk", "maxspeed": NaN, "length": 127.088, "bridge": NaN, "tunnel": NaN, "access": NaN, "junction": NaN, "width": NaN, "est_width": NaN, "iri": 17.9400005340576}}, {"type": "Feature", "geometry": {"type": "LineString", "coordinates": [[-89.4176044, 15.1145977], [-89.4166173, 15.1151363]]}, "properties": {"osmid": "406287026", "oneway": "False", "lanes": NaN, "ref": "CA-9", "name": "Carretera Presidente Coronel Jacobo \u00c1rbenz Guzm\u00e1n", "highway": "trunk", "maxspeed": NaN, "length": 121.717, "bridge": NaN, "tunnel": NaN, "access": NaN, "junction": NaN, "width": NaN, "est_width": NaN, "iri": 17.9400005340576}}, {"type": "Feature", "geometry": {"type": "LineString", "coordinates": [[-89.4166173, 15.1151363], [-89.4150724, 15.1155092]]}, "properties": {"osmid": "406287026", "oneway": "False", "lanes": NaN, "ref": "CA-9", "name": "Carretera Presidente Coronel Jacobo \u00c1rbenz Guzm\u00e1n", "highway": "trunk", "maxspeed": NaN, "length": 170.947, "bridge": NaN, "tunnel": NaN, "access": NaN, "junction": NaN, "width": NaN, "est_width": NaN, "iri": 17.9400005340576}}, {"type": "Feature", "geometry": {"type": "LineString", "coordinates": [[-89.4150724, 15.1155092], [-89.4140853, 15.1155092]]}, "properties": {"osmid": "406287026", "oneway": "False", "lanes": NaN, "ref": "CA-9", "name": "Carretera Presidente Coronel Jacobo \u00c1rbenz Guzm\u00e1n", "highway": "trunk", "maxspeed": NaN, "length": 105.963, "bridge": NaN, "tunnel": NaN, "access": NaN, "junction": NaN, "width": NaN, "est_width": NaN, "iri": 17.9400005340576}}, {"type": "Feature", "geometry": {"type": "LineString", "coordinates": [[-89.4140853, 15.1155092], [-89.4050014, 15.1151948]]}, "properties": {"osmid": "406287026", "oneway": "False", "lanes": NaN, "ref": "CA-9", "name": "Carretera Presidente Coronel Jacobo \u00c1rbenz Guzm\u00e1n", "highway": "trunk", "maxspeed": NaN, "length": 975.765, "bridge": NaN, "tunnel": NaN, "access": NaN, "junction": NaN, "width": NaN, "est_width": NaN, "iri": 17.9400005340576}}, {"type": "Feature", "geometry": {"type": "LineString", "coordinates": [[-89.4050014, 15.1151948], [-89.4044749, 15.1152781]]}, "properties": {"osmid": "406287026", "oneway": "False", "lanes": NaN, "ref": "CA-9", "name": "Carretera Presidente Coronel Jacobo \u00c1rbenz Guzm\u00e1n", "highway": "trunk", "maxspeed": NaN, "length": 57.273, "bridge": NaN, "tunnel": NaN, "access": NaN, "junction": NaN, "width": NaN, "est_width": NaN, "iri": 17.9400005340576}}, {"type": "Feature", "geometry": {"type": "LineString", "coordinates": [[-89.4044749, 15.1152781], [-89.4040002, 15.1154677]]}, "properties": {"osmid": "406287026", "oneway": "False", "lanes": NaN, "ref": "CA-9", "name": "Carretera Presidente Coronel Jacobo \u00c1rbenz Guzm\u00e1n", "highway": "trunk", "maxspeed": NaN, "length": 55.147, "bridge": NaN, "tunnel": NaN, "access": NaN, "junction": NaN, "width": NaN, "est_width": NaN, "iri": 17.9400005340576}}, {"type": "Feature", "geometry": {"type": "LineString", "coordinates": [[-89.4040002, 15.1154677], [-89.4036204, 15.1156697]]}, "properties": {"osmid": "406287026", "oneway": "False", "lanes": NaN, "ref": "CA-9", "name": "Carretera Presidente Coronel Jacobo \u00c1rbenz Guzm\u00e1n", "highway": "trunk", "maxspeed": NaN, "length": 46.549, "bridge": NaN, "tunnel": NaN, "access": NaN, "junction": NaN, "width": NaN, "est_width": NaN, "iri": 17.9400005340576}}, {"type": "Feature", "geometry": {"type": "LineString", "coordinates": [[-89.4036204, 15.1156697], [-89.4031124, 15.1160892]]}, "properties": {"osmid": "406287026", "oneway": "False", "lanes": NaN, "ref": "CA-9", "name": "Carretera Presidente Coronel Jacobo \u00c1rbenz Guzm\u00e1n", "highway": "trunk", "maxspeed": NaN, "length": 71.761, "bridge": NaN, "tunnel": NaN, "access": NaN, "junction": NaN, "width": NaN, "est_width": NaN, "iri": 17.9400005340576}}, {"type": "Feature", "geometry": {"type": "LineString", "coordinates": [[-89.4031124, 15.1160892], [-89.402836, 15.1163395]]}, "properties": {"osmid": "406287030", "oneway": "False", "lanes": NaN, "ref": "CA-9", "name": "Carretera Presidente Coronel Jacobo \u00c1rbenz Guzm\u00e1n", "highway": "trunk", "maxspeed": NaN, "length": 40.682, "bridge": "yes", "tunnel": NaN, "access": NaN, "junction": NaN, "width": NaN, "est_width": NaN, "iri": 17.9400005340576}}, {"type": "Feature", "geometry": {"type": "LineString", "coordinates": [[-89.402836, 15.1163395], [-89.401454, 15.1176278]]}, "properties": {"osmid": "217302169", "oneway": "False", "lanes": NaN, "ref": "CA-9", "name": "Carretera Presidente Coronel Jacobo \u00c1rbenz Guzm\u00e1n", "highway": "trunk", "maxspeed": NaN, "length": 206.228, "bridge": NaN, "tunnel": NaN, "access": NaN, "junction": NaN, "width": NaN, "est_width": NaN, "iri": 17.9400005340576}}, {"type": "Feature", "geometry": {"type": "LineString", "coordinates": [[-89.401454, 15.1176278], [-89.4009103, 15.1180364]]}, "properties": {"osmid": "217302169", "oneway": "False", "lanes": NaN, "ref": "CA-9", "name": "Carretera Presidente Coronel Jacobo \u00c1rbenz Guzm\u00e1n", "highway": "trunk", "maxspeed": NaN, "length": 73.964, "bridge": NaN, "tunnel": NaN, "access": NaN, "junction": NaN, "width": NaN, "est_width": NaN, "iri": 17.9400005340576}}, {"type": "Feature", "geometry": {"type": "LineString", "coordinates": [[-89.4009103, 15.1180364], [-89.4005304, 15.1182528]]}, "properties": {"osmid": "217302169", "oneway": "False", "lanes": NaN, "ref": "CA-9", "name": "Carretera Presidente Coronel Jacobo \u00c1rbenz Guzm\u00e1n", "highway": "trunk", "maxspeed": NaN, "length": 47.351, "bridge": NaN, "tunnel": NaN, "access": NaN, "junction": NaN, "width": NaN, "est_width": NaN, "iri": 17.9400005340576}}, {"type": "Feature", "geometry": {"type": "LineString", "coordinates": [[-89.4005304, 15.1182528], [-89.4000126, 15.1183861]]}, "properties": {"osmid": "217302169", "oneway": "False", "lanes": NaN, "ref": "CA-9", "name": "Carretera Presidente Coronel Jacobo \u00c1rbenz Guzm\u00e1n", "highway": "trunk", "maxspeed": NaN, "length": 57.526, "bridge": NaN, "tunnel": NaN, "access": NaN, "junction": NaN, "width": NaN, "est_width": NaN, "iri": 17.9400005340576}}, {"type": "Feature", "geometry": {"type": "LineString", "coordinates": [[-89.4000126, 15.1183861], [-89.3989509, 15.1184861]]}, "properties": {"osmid": "217302169", "oneway": "False", "lanes": NaN, "ref": "CA-9", "name": "Carretera Presidente Coronel Jacobo \u00c1rbenz Guzm\u00e1n", "highway": "trunk", "maxspeed": NaN, "length": 114.511, "bridge": NaN, "tunnel": NaN, "access": NaN, "junction": NaN, "width": NaN, "est_width": NaN, "iri": 17.9400005340576}}, {"type": "Feature", "geometry": {"type": "LineString", "coordinates": [[-89.3989509, 15.1184861], [-89.3982432, 15.1185944]]}, "properties": {"osmid": "217302169", "oneway": "False", "lanes": NaN, "ref": "CA-9", "name": "Carretera Presidente Coronel Jacobo \u00c1rbenz Guzm\u00e1n", "highway": "trunk", "maxspeed": NaN, "length": 76.918, "bridge": NaN, "tunnel": NaN, "access": NaN, "junction": NaN, "width": NaN, "est_width": NaN, "iri": 17.9400005340576}}, {"type": "Feature", "geometry": {"type": "LineString", "coordinates": [[-89.3982432, 15.1185944], [-89.3974405, 15.1188527]]}, "properties": {"osmid": "217302169", "oneway": "False", "lanes": NaN, "ref": "CA-9", "name": "Carretera Presidente Coronel Jacobo \u00c1rbenz Guzm\u00e1n", "highway": "trunk", "maxspeed": NaN, "length": 90.828, "bridge": NaN, "tunnel": NaN, "access": NaN, "junction": NaN, "width": NaN, "est_width": NaN, "iri": 17.9400005340576}}, {"type": "Feature", "geometry": {"type": "LineString", "coordinates": [[-89.3974405, 15.1188527], [-89.3968104, 15.119136]]}, "properties": {"osmid": "217302169", "oneway": "False", "lanes": NaN, "ref": "CA-9", "name": "Carretera Presidente Coronel Jacobo \u00c1rbenz Guzm\u00e1n", "highway": "trunk", "maxspeed": NaN, "length": 74.615, "bridge": NaN, "tunnel": NaN, "access": NaN, "junction": NaN, "width": NaN, "est_width": NaN, "iri": 17.9400005340576}}, {"type": "Feature", "geometry": {"type": "LineString", "coordinates": [[-89.3968104, 15.119136], [-89.392374, 15.1212941]]}, "properties": {"osmid": "217302169", "oneway": "False", "lanes": NaN, "ref": "CA-9", "name": "Carretera Presidente Coronel Jacobo \u00c1rbenz Guzm\u00e1n", "highway": "trunk", "maxspeed": NaN, "length": 533.272, "bridge": NaN, "tunnel": NaN, "access": NaN, "junction": NaN, "width": NaN, "est_width": NaN, "iri": 17.9400005340576}}, {"type": "Feature", "geometry": {"type": "LineString", "coordinates": [[-89.392374, 15.1212941], [-89.3918993, 15.1214691]]}, "properties": {"osmid": "217302169", "oneway": "False", "lanes": NaN, "ref": "CA-9", "name": "Carretera Presidente Coronel Jacobo \u00c1rbenz Guzm\u00e1n", "highway": "trunk", "maxspeed": NaN, "length": 54.546, "bridge": NaN, "tunnel": NaN, "access": NaN, "junction": NaN, "width": NaN, "est_width": NaN, "iri": 17.9400005340576}}, {"type": "Feature", "geometry": {"type": "LineString", "coordinates": [[-89.3918993, 15.1214691], [-89.3913038, 15.1215857]]}, "properties": {"osmid": "217302169", "oneway": "False", "lanes": NaN, "ref": "CA-9", "name": "Carretera Presidente Coronel Jacobo \u00c1rbenz Guzm\u00e1n", "highway": "trunk", "maxspeed": NaN, "length": 65.225, "bridge": NaN, "tunnel": NaN, "access": NaN, "junction": NaN, "width": NaN, "est_width": NaN, "iri": 17.9400005340576}}, {"type": "Feature", "geometry": {"type": "LineString", "coordinates": [[-89.3913038, 15.1215857], [-89.3907394, 15.1214751]]}, "properties": {"osmid": "217302169", "oneway": "False", "lanes": NaN, "ref": "CA-9", "name": "Carretera Presidente Coronel Jacobo \u00c1rbenz Guzm\u00e1n", "highway": "trunk", "maxspeed": NaN, "length": 61.821, "bridge": NaN, "tunnel": NaN, "access": NaN, "junction": NaN, "width": NaN, "est_width": NaN, "iri": 17.9400005340576}}, {"type": "Feature", "geometry": {"type": "LineString", "coordinates": [[-89.3907394, 15.1214751], [-89.3901731, 15.1211608]]}, "properties": {"osmid": "217302169", "oneway": "False", "lanes": NaN, "ref": "CA-9", "name": "Carretera Presidente Coronel Jacobo \u00c1rbenz Guzm\u00e1n", "highway": "trunk", "maxspeed": NaN, "length": 70.12, "bridge": NaN, "tunnel": NaN, "access": NaN, "junction": NaN, "width": NaN, "est_width": NaN, "iri": 17.9400005340576}}, {"type": "Feature", "geometry": {"type": "LineString", "coordinates": [[-89.3901731, 15.1211608], [-89.3879928, 15.1199422]]}, "properties": {"osmid": "217302169", "oneway": "False", "lanes": NaN, "ref": "CA-9", "name": "Carretera Presidente Coronel Jacobo \u00c1rbenz Guzm\u00e1n", "highway": "trunk", "maxspeed": NaN, "length": 270.44, "bridge": NaN, "tunnel": NaN, "access": NaN, "junction": NaN, "width": NaN, "est_width": NaN, "iri": 17.9400005340576}}, {"type": "Feature", "geometry": {"type": "LineString", "coordinates": [[-89.3879928, 15.1199422], [-89.3873421, 15.119511]]}, "properties": {"osmid": "217302169", "oneway": "False", "lanes": NaN, "ref": "CA-9", "name": "Carretera Presidente Coronel Jacobo \u00c1rbenz Guzm\u00e1n", "highway": "trunk", "maxspeed": NaN, "length": 84.723, "bridge": NaN, "tunnel": NaN, "access": NaN, "junction": NaN, "width": NaN, "est_width": NaN, "iri": 17.9400005340576}}, {"type": "Feature", "geometry": {"type": "LineString", "coordinates": [[-89.3873421, 15.119511], [-89.3865739, 15.119361]]}, "properties": {"osmid": "217302169", "oneway": "False", "lanes": NaN, "ref": "CA-9", "name": "Carretera Presidente Coronel Jacobo \u00c1rbenz Guzm\u00e1n", "highway": "trunk", "maxspeed": NaN, "length": 84.133, "bridge": NaN, "tunnel": NaN, "access": NaN, "junction": NaN, "width": NaN, "est_width": NaN, "iri": 17.9400005340576}}, {"type": "Feature", "geometry": {"type": "LineString", "coordinates": [[-89.3865739, 15.119361], [-89.3857194, 15.119436]]}, "properties": {"osmid": "217302169", "oneway": "False", "lanes": NaN, "ref": "CA-9", "name": "Carretera Presidente Coronel Jacobo \u00c1rbenz Guzm\u00e1n", "highway": "trunk", "maxspeed": NaN, "length": 92.105, "bridge": NaN, "tunnel": NaN, "access": NaN, "junction": NaN, "width": NaN, "est_width": NaN, "iri": 17.9400005340576}}, {"type": "Feature", "geometry": {"type": "LineString", "coordinates": [[-89.3857194, 15.119436], [-89.3847742, 15.1198593]]}, "properties": {"osmid": "217302169", "oneway": "False", "lanes": NaN, "ref": "CA-9", "name": "Carretera Presidente Coronel Jacobo \u00c1rbenz Guzm\u00e1n", "highway": "trunk", "maxspeed": NaN, "length": 111.849, "bridge": NaN, "tunnel": NaN, "access": NaN, "junction": NaN, "width": NaN, "est_width": NaN, "iri": 17.9400005340576}}]}