{"type": "FeatureCollection", "features": [{"type": "Feature", "geometry": {"type": "LineString", "coordinates": [[-91.1662917, 15.022141], [-91.166681, 15.0220824]]}, "properties": {"osmid": "788384964", "oneway": "False", "lanes": NaN, "ref": NaN, "name": NaN, "highway": "tertiary", "maxspeed": NaN, "length": 42.314, "bridge": NaN, "tunnel": NaN, "access": NaN, "junction": NaN, "width": NaN, "est_width": NaN, "iri": 2.53999996185303}}, {"type": "Feature", "geometry": {"type": "LineString", "coordinates": [[-91.166681, 15.0220824], [-91.1670508, 15.0219786]]}, "properties": {"osmid": "788384964", "oneway": "False", "lanes": NaN, "ref": NaN, "name": NaN, "highway": "tertiary", "maxspeed": NaN, "length": 41.358, "bridge": NaN, "tunnel": NaN, "access": NaN, "junction": NaN, "width": NaN, "est_width": NaN, "iri": 2.53999996185303}}, {"type": "Feature", "geometry": {"type": "LineString", "coordinates": [[-91.1670508, 15.0219786], [-91.1681185, 15.0215722]]}, "properties": {"osmid": "788384964", "oneway": "False", "lanes": NaN, "ref": NaN, "name": NaN, "highway": "tertiary", "maxspeed": NaN, "length": 123.249, "bridge": NaN, "tunnel": NaN, "access": NaN, "junction": NaN, "width": NaN, "est_width": NaN, "iri": 2.53999996185303}}, {"type": "Feature", "geometry": {"type": "LineString", "coordinates": [[-91.1681185, 15.0215722], [-91.1684721, 15.0215032]]}, "properties": {"osmid": "788384964", "oneway": "False", "lanes": NaN, "ref": NaN, "name": NaN, "highway": "tertiary", "maxspeed": NaN, "length": 38.742, "bridge": NaN, "tunnel": NaN, "access": NaN, "junction": NaN, "width": NaN, "est_width": NaN, "iri": 2.53999996185303}}, {"type": "Feature", "geometry": {"type": "LineString", "coordinates": [[-91.1684721, 15.0215032], [-91.16879, 15.0215756]]}, "properties": {"osmid": "788384964", "oneway": "False", "lanes": NaN, "ref": NaN, "name": NaN, "highway": "tertiary", "maxspeed": NaN, "length": 35.077, "bridge": NaN, "tunnel": NaN, "access": NaN, "junction": NaN, "width": NaN, "est_width": NaN, "iri": 2.53999996185303}}, {"type": "Feature", "geometry": {"type": "LineString", "coordinates": [[-91.16879, 15.0215756], [-91.1690258, 15.0218801]]}, "properties": {"osmid": "788384964", "oneway": "False", "lanes": NaN, "ref": NaN, "name": NaN, "highway": "tertiary", "maxspeed": NaN, "length": 42.281, "bridge": NaN, "tunnel": NaN, "access": NaN, "junction": NaN, "width": NaN, "est_width": NaN, "iri": 2.53999996185303}}, {"type": "Feature", "geometry": {"type": "LineString", "coordinates": [[-91.1690258, 15.0218801], [-91.1690942, 15.0219639]]}, "properties": {"osmid": "788384964", "oneway": "False", "lanes": NaN, "ref": NaN, "name": NaN, "highway": "tertiary", "maxspeed": NaN, "length": 11.865, "bridge": NaN, "tunnel": NaN, "access": NaN, "junction": NaN, "width": NaN, "est_width": NaN, "iri": 2.53999996185303}}, {"type": "Feature", "geometry": {"type": "LineString", "coordinates": [[-91.1690942, 15.0219639], [-91.1691767, 15.0220422]]}, "properties": {"osmid": "788384964", "oneway": "False", "lanes": NaN, "ref": NaN, "name": NaN, "highway": "tertiary", "maxspeed": NaN, "length": 12.422, "bridge": NaN, "tunnel": NaN, "access": NaN, "junction": NaN, "width": NaN, "est_width": NaN, "iri": 2.53999996185303}}, {"type": "Feature", "geometry": {"type": "LineString", "coordinates": [[-91.1691767, 15.0220422], [-91.1695733, 15.0223563]]}, "properties": {"osmid": "788384964", "oneway": "False", "lanes": NaN, "ref": NaN, "name": NaN, "highway": "tertiary", "maxspeed": NaN, "length": 55.082, "bridge": NaN, "tunnel": NaN, "access": NaN, "junction": NaN, "width": NaN, "est_width": NaN, "iri": 2.53999996185303}}, {"type": "Feature", "geometry": {"type": "LineString", "coordinates": [[-91.1695733, 15.0223563], [-91.1696833, 15.0224468]]}, "properties": {"osmid": "788384964", "oneway": "False", "lanes": NaN, "ref": NaN, "name": NaN, "highway": "tertiary", "maxspeed": NaN, "length": 15.519, "bridge": NaN, "tunnel": NaN, "access": NaN, "junction": NaN, "width": NaN, "est_width": NaN, "iri": 2.53999996185303}}, {"type": "Feature", "geometry": {"type": "LineString", "coordinates": [[-91.1696833, 15.0224468], [-91.1697443, 15.0224969]]}, "properties": {"osmid": "788384964", "oneway": "False", "lanes": NaN, "ref": NaN, "name": NaN, "highway": "tertiary", "maxspeed": NaN, "length": 8.6, "bridge": NaN, "tunnel": NaN, "access": NaN, "junction": NaN, "width": NaN, "est_width": NaN, "iri": 2.53999996185303}}, {"type": "Feature", "geometry": {"type": "LineString", "coordinates": [[-91.1697443, 15.0224969], [-91.169808, 15.0225394]]}, "properties": {"osmid": "788384964", "oneway": "False", "lanes": NaN, "ref": NaN, "name": NaN, "highway": "tertiary", "maxspeed": NaN, "length": 8.315, "bridge": NaN, "tunnel": NaN, "access": NaN, "junction": NaN, "width": NaN, "est_width": NaN, "iri": 2.53999996185303}}, {"type": "Feature", "geometry": {"type": "LineString", "coordinates": [[-91.169808, 15.0225394], [-91.1698947, 15.0225838]]}, "properties": {"osmid": "788384964", "oneway": "False", "lanes": NaN, "ref": NaN, "name": NaN, "highway": "tertiary", "maxspeed": NaN, "length": 10.539, "bridge": NaN, "tunnel": NaN, "access": NaN, "junction": NaN, "width": NaN, "est_width": NaN, "iri": 2.53999996185303}}, {"type": "Feature", "geometry": {"type": "LineString", "coordinates": [[-91.1698947, 15.0225838], [-91.1699377, 15.0226009]]}, "properties": {"osmid": "788384964", "oneway": "False", "lanes": NaN, "ref": NaN, "name": NaN, "highway": "tertiary", "maxspeed": NaN, "length": 4.994, "bridge": NaN, "tunnel": NaN, "access": NaN, "junction": NaN, "width": NaN, "est_width": NaN, "iri": 2.53999996185303}}, {"type": "Feature", "geometry": {"type": "LineString", "coordinates": [[-91.1699377, 15.0226009], [-91.1699898, 15.022608]]}, "properties": {"osmid": "788384964", "oneway": "False", "lanes": NaN, "ref": NaN, "name": NaN, "highway": "tertiary", "maxspeed": NaN, "length": 5.651, "bridge": NaN, "tunnel": NaN, "access": NaN, "junction": NaN, "width": NaN, "est_width": NaN, "iri": 2.53999996185303}}, {"type": "Feature", "geometry": {"type": "LineString", "coordinates": [[-91.1699898, 15.022608], [-91.170036, 15.0226073]]}, "properties": {"osmid": "788384964", "oneway": "False", "lanes": NaN, "ref": NaN, "name": NaN, "highway": "tertiary", "maxspeed": NaN, "length": 4.962, "bridge": NaN, "tunnel": NaN, "access": NaN, "junction": NaN, "width": NaN, "est_width": NaN, "iri": 2.53999996185303}}, {"type": "Feature", "geometry": {"type": "LineString", "coordinates": [[-91.170036, 15.0226073], [-91.1700836, 15.0225997]]}, "properties": {"osmid": "788384964", "oneway": "False", "lanes": NaN, "ref": NaN, "name": NaN, "highway": "tertiary", "maxspeed": NaN, "length": 5.181, "bridge": NaN, "tunnel": NaN, "access": NaN, "junction": NaN, "width": NaN, "est_width": NaN, "iri": 2.53999996185303}}, {"type": "Feature", "geometry": {"type": "LineString", "coordinates": [[-91.1700836, 15.0225997], [-91.1701421, 15.0225819]]}, "properties": {"osmid": "788384964", "oneway": "False", "lanes": NaN, "ref": NaN, "name": NaN, "highway": "tertiary", "maxspeed": NaN, "length": 6.587, "bridge": NaN, "tunnel": NaN, "access": NaN, "junction": NaN, "width": NaN, "est_width": NaN, "iri": 2.53999996185303}}, {"type": "Feature", "geometry": {"type": "LineString", "coordinates": [[-91.1701421, 15.0225819], [-91.1706484, 15.0223411]]}, "properties": {"osmid": "788384964", "oneway": "False", "lanes": NaN, "ref": NaN, "name": NaN, "highway": "tertiary", "maxspeed": NaN, "length": 60.609, "bridge": NaN, "tunnel": NaN, "access": NaN, "junction": NaN, "width": NaN, "est_width": NaN, "iri": 2.53999996185303}}, {"type": "Feature", "geometry": {"type": "LineString", "coordinates": [[-91.1706484, 15.0223411], [-91.1707909, 15.0222895]]}, "properties": {"osmid": "788384964", "oneway": "False", "lanes": NaN, "ref": NaN, "name": NaN, "highway": "tertiary", "maxspeed": NaN, "length": 16.344, "bridge": NaN, "tunnel": NaN, "access": NaN, "junction": NaN, "width": NaN, "est_width": NaN, "iri": 2.53999996185303}}, {"type": "Feature", "geometry": {"type": "LineString", "coordinates": [[-91.1707909, 15.0222895], [-91.1708595, 15.0222736]]}, "properties": {"osmid": "788384964", "oneway": "False", "lanes": NaN, "ref": NaN, "name": NaN, "highway": "tertiary", "maxspeed": NaN, "length": 7.576, "bridge": NaN, "tunnel": NaN, "access": NaN, "junction": NaN, "width": NaN, "est_width": NaN, "iri": 2.53999996185303}}, {"type": "Feature", "geometry": {"type": "LineString", "coordinates": [[-91.1708595, 15.0222736], [-91.170903, 15.0222669]]}, "properties": {"osmid": "788384964", "oneway": "False", "lanes": NaN, "ref": NaN, "name": NaN, "highway": "tertiary", "maxspeed": NaN, "length": 4.731, "bridge": NaN, "tunnel": NaN, "access": NaN, "junction": NaN, "width": NaN, "est_width": NaN, "iri": 2.53999996185303}}, {"type": "Feature", "geometry": {"type": "LineString", "coordinates": [[-91.170903, 15.0222669], [-91.170955, 15.0222685]]}, "properties": {"osmid": "788384964", "oneway": "False", "lanes": NaN, "ref": NaN, "name": NaN, "highway": "tertiary", "maxspeed": NaN, "length": 5.587, "bridge": NaN, "tunnel": NaN, "access": NaN, "junction": NaN, "width": NaN, "est_width": NaN, "iri": 2.53999996185303}}, {"type": "Feature", "geometry": {"type": "LineString", "coordinates": [[-91.170955, 15.0222685], [-91.1712415, 15.0222944]]}, "properties": {"osmid": "788384964", "oneway": "False", "lanes": NaN, "ref": NaN, "name": NaN, "highway": "tertiary", "maxspeed": NaN, "length": 30.903, "bridge": NaN, "tunnel": NaN, "access": NaN, "junction": NaN, "width": NaN, "est_width": NaN, "iri": 2.53999996185303}}, {"type": "Feature", "geometry": {"type": "LineString", "coordinates": [[-91.1712415, 15.0222944], [-91.1712851, 15.0222927]]}, "properties": {"osmid": "788384964", "oneway": "False", "lanes": NaN, "ref": NaN, "name": NaN, "highway": "tertiary", "maxspeed": NaN, "length": 4.686, "bridge": NaN, "tunnel": NaN, "access": NaN, "junction": NaN, "width": NaN, "est_width": NaN, "iri": 2.53999996185303}}, {"type": "Feature", "geometry": {"type": "LineString", "coordinates": [[-91.1712851, 15.0222927], [-91.1713287, 15.0222856]]}, "properties": {"osmid": "788384964", "oneway": "False", "lanes": NaN, "ref": NaN, "name": NaN, "highway": "tertiary", "maxspeed": NaN, "length": 4.749, "bridge": NaN, "tunnel": NaN, "access": NaN, "junction": NaN, "width": NaN, "est_width": NaN, "iri": 2.53999996185303}}, {"type": "Feature", "geometry": {"type": "LineString", "coordinates": [[-91.1713287, 15.0222856], [-91.1713624, 15.0222713]]}, "properties": {"osmid": "788384964", "oneway": "False", "lanes": NaN, "ref": NaN, "name": NaN, "highway": "tertiary", "maxspeed": NaN, "length": 3.953, "bridge": NaN, "tunnel": NaN, "access": NaN, "junction": NaN, "width": NaN, "est_width": NaN, "iri": 2.53999996185303}}, {"type": "Feature", "geometry": {"type": "LineString", "coordinates": [[-91.1713624, 15.0222713], [-91.171393, 15.022251]]}, "properties": {"osmid": "788384964", "oneway": "False", "lanes": NaN, "ref": NaN, "name": NaN, "highway": "tertiary", "maxspeed": NaN, "length": 3.987, "bridge": NaN, "tunnel": NaN, "access": NaN, "junction": NaN, "width": NaN, "est_width": NaN, "iri": 2.53999996185303}}, {"type": "Feature", "geometry": {"type": "LineString", "coordinates": [[-91.171393, 15.022251], [-91.1714202, 15.0222207]]}, "properties": {"osmid": "788384964", "oneway": "False", "lanes": NaN, "ref": NaN, "name": NaN, "highway": "tertiary", "maxspeed": NaN, "length": 4.459, "bridge": NaN, "tunnel": NaN, "access": NaN, "junction": NaN, "width": NaN, "est_width": NaN, "iri": 2.53999996185303}}, {"type": "Feature", "geometry": {"type": "LineString", "coordinates": [[-91.1714202, 15.0222207], [-91.1714446, 15.0221878]]}, "properties": {"osmid": "788384964", "oneway": "False", "lanes": NaN, "ref": NaN, "name": NaN, "highway": "tertiary", "maxspeed": NaN, "length": 4.5, "bridge": NaN, "tunnel": NaN, "access": NaN, "junction": NaN, "width": NaN, "est_width": NaN, "iri": 2.53999996185303}}, {"type": "Feature", "geometry": {"type": "LineString", "coordinates": [[-91.1714446, 15.0221878], [-91.171592, 15.0218893]]}, "properties": {"osmid": "788384964", "oneway": "False", "lanes": NaN, "ref": NaN, "name": NaN, "highway": "tertiary", "maxspeed": NaN, "length": 36.773, "bridge": NaN, "tunnel": NaN, "access": NaN, "junction": NaN, "width": NaN, "est_width": NaN, "iri": 2.53999996185303}}, {"type": "Feature", "geometry": {"type": "LineString", "coordinates": [[-91.171592, 15.0218893], [-91.1716203, 15.0218506]]}, "properties": {"osmid": "788384964", "oneway": "False", "lanes": NaN, "ref": NaN, "name": NaN, "highway": "tertiary", "maxspeed": NaN, "length": 5.268, "bridge": NaN, "tunnel": NaN, "access": NaN, "junction": NaN, "width": NaN, "est_width": NaN, "iri": 2.53999996185303}}, {"type": "Feature", "geometry": {"type": "LineString", "coordinates": [[-91.1716203, 15.0218506], [-91.1716543, 15.0218146]]}, "properties": {"osmid": "788384964", "oneway": "False", "lanes": NaN, "ref": NaN, "name": NaN, "highway": "tertiary", "maxspeed": NaN, "length": 5.418, "bridge": NaN, "tunnel": NaN, "access": NaN, "junction": NaN, "width": NaN, "est_width": NaN, "iri": 2.53999996185303}}, {"type": "Feature", "geometry": {"type": "LineString", "coordinates": [[-91.1716543, 15.0218146], [-91.1716911, 15.0217786]]}, "properties": {"osmid": "788384964", "oneway": "False", "lanes": NaN, "ref": NaN, "name": NaN, "highway": "tertiary", "maxspeed": NaN, "length": 5.625, "bridge": NaN, "tunnel": NaN, "access": NaN, "junction": NaN, "width": NaN, "est_width": NaN, "iri": 2.53999996185303}}, {"type": "Feature", "geometry": {"type": "LineString", "coordinates": [[-91.1716911, 15.0217786], [-91.1717363, 15.0217454]]}, "properties": {"osmid": "788384964", "oneway": "False", "lanes": NaN, "ref": NaN, "name": NaN, "highway": "tertiary", "maxspeed": NaN, "length": 6.099, "bridge": NaN, "tunnel": NaN, "access": NaN, "junction": NaN, "width": NaN, "est_width": NaN, "iri": 2.53999996185303}}, {"type": "Feature", "geometry": {"type": "LineString", "coordinates": [[-91.1717363, 15.0217454], [-91.1717746, 15.0217244]]}, "properties": {"osmid": "788384964", "oneway": "False", "lanes": NaN, "ref": NaN, "name": NaN, "highway": "tertiary", "maxspeed": NaN, "length": 4.73, "bridge": NaN, "tunnel": NaN, "access": NaN, "junction": NaN, "width": NaN, "est_width": NaN, "iri": 2.53999996185303}}, {"type": "Feature", "geometry": {"type": "LineString", "coordinates": [[-91.1717746, 15.0217244], [-91.1718269, 15.0217035]]}, "properties": {"osmid": "788384964", "oneway": "False", "lanes": NaN, "ref": NaN, "name": NaN, "highway": "tertiary", "maxspeed": NaN, "length": 6.079, "bridge": NaN, "tunnel": NaN, "access": NaN, "junction": NaN, "width": NaN, "est_width": NaN, "iri": 2.53999996185303}}, {"type": "Feature", "geometry": {"type": "LineString", "coordinates": [[-91.1718269, 15.0217035], [-91.1718778, 15.0216879]]}, "properties": {"osmid": "788384964", "oneway": "False", "lanes": NaN, "ref": NaN, "name": NaN, "highway": "tertiary", "maxspeed": NaN, "length": 5.735, "bridge": NaN, "tunnel": NaN, "access": NaN, "junction": NaN, "width": NaN, "est_width": NaN, "iri": 2.53999996185303}}, {"type": "Feature", "geometry": {"type": "LineString", "coordinates": [[-91.1718778, 15.0216879], [-91.1719343, 15.0216724]]}, "properties": {"osmid": "788384964", "oneway": "False", "lanes": NaN, "ref": NaN, "name": NaN, "highway": "tertiary", "maxspeed": NaN, "length": 6.308, "bridge": NaN, "tunnel": NaN, "access": NaN, "junction": NaN, "width": NaN, "est_width": NaN, "iri": 2.53999996185303}}, {"type": "Feature", "geometry": {"type": "LineString", "coordinates": [[-91.1719343, 15.0216724], [-91.1725153, 15.0215861]]}, "properties": {"osmid": "788384964", "oneway": "False", "lanes": NaN, "ref": NaN, "name": NaN, "highway": "tertiary", "maxspeed": NaN, "length": 63.13, "bridge": NaN, "tunnel": NaN, "access": NaN, "junction": NaN, "width": NaN, "est_width": NaN, "iri": 2.53999996185303}}, {"type": "Feature", "geometry": {"type": "LineString", "coordinates": [[-91.1725153, 15.0215861], [-91.1726408, 15.0215719]]}, "properties": {"osmid": "788384964", "oneway": "False", "lanes": NaN, "ref": NaN, "name": NaN, "highway": "tertiary", "maxspeed": NaN, "length": 13.57, "bridge": NaN, "tunnel": NaN, "access": NaN, "junction": NaN, "width": NaN, "est_width": NaN, "iri": 2.53999996185303}}, {"type": "Feature", "geometry": {"type": "LineString", "coordinates": [[-91.1726408, 15.0215719], [-91.1727607, 15.0215824]]}, "properties": {"osmid": "788384964", "oneway": "False", "lanes": NaN, "ref": NaN, "name": NaN, "highway": "tertiary", "maxspeed": NaN, "length": 12.93, "bridge": NaN, "tunnel": NaN, "access": NaN, "junction": NaN, "width": NaN, "est_width": NaN, "iri": 2.53999996185303}}, {"type": "Feature", "geometry": {"type": "LineString", "coordinates": [[-91.1727607, 15.0215824], [-91.1728676, 15.0216004]]}, "properties": {"osmid": "788384964", "oneway": "False", "lanes": NaN, "ref": NaN, "name": NaN, "highway": "tertiary", "maxspeed": NaN, "length": 11.654, "bridge": NaN, "tunnel": NaN, "access": NaN, "junction": NaN, "width": NaN, "est_width": NaN, "iri": 2.53999996185303}}, {"type": "Feature", "geometry": {"type": "LineString", "coordinates": [[-91.1728676, 15.0216004], [-91.1729632, 15.0216376]]}, "properties": {"osmid": "788384964", "oneway": "False", "lanes": NaN, "ref": NaN, "name": NaN, "highway": "tertiary", "maxspeed": NaN, "length": 11.069, "bridge": NaN, "tunnel": NaN, "access": NaN, "junction": NaN, "width": NaN, "est_width": NaN, "iri": 2.53999996185303}}, {"type": "Feature", "geometry": {"type": "LineString", "coordinates": [[-91.1729632, 15.0216376], [-91.1730341, 15.0216813]]}, "properties": {"osmid": "788384964", "oneway": "False", "lanes": NaN, "ref": NaN, "name": NaN, "highway": "tertiary", "maxspeed": NaN, "length": 9.033, "bridge": NaN, "tunnel": NaN, "access": NaN, "junction": NaN, "width": NaN, "est_width": NaN, "iri": 2.53999996185303}}, {"type": "Feature", "geometry": {"type": "LineString", "coordinates": [[-91.1730341, 15.0216813], [-91.1734602, 15.0219968]]}, "properties": {"osmid": "788384964", "oneway": "False", "lanes": NaN, "ref": NaN, "name": NaN, "highway": "tertiary", "maxspeed": NaN, "length": 57.661, "bridge": NaN, "tunnel": NaN, "access": NaN, "junction": NaN, "width": NaN, "est_width": NaN, "iri": 2.53999996185303}}, {"type": "Feature", "geometry": {"type": "LineString", "coordinates": [[-91.1734602, 15.0219968], [-91.1741067, 15.0224191]]}, "properties": {"osmid": "788384964", "oneway": "False", "lanes": NaN, "ref": NaN, "name": NaN, "highway": "tertiary", "maxspeed": NaN, "length": 83.819, "bridge": NaN, "tunnel": NaN, "access": NaN, "junction": NaN, "width": NaN, "est_width": NaN, "iri": 2.53999996185303}}, {"type": "Feature", "geometry": {"type": "LineString", "coordinates": [[-91.1741067, 15.0224191], [-91.1746636, 15.0227681]]}, "properties": {"osmid": "788384964", "oneway": "False", "lanes": NaN, "ref": NaN, "name": NaN, "highway": "tertiary", "maxspeed": NaN, "length": 71.295, "bridge": NaN, "tunnel": NaN, "access": NaN, "junction": NaN, "width": NaN, "est_width": NaN, "iri": 2.53999996185303}}, {"type": "Feature", "geometry": {"type": "LineString", "coordinates": [[-91.1746636, 15.0227681], [-91.1747487, 15.0228041]]}, "properties": {"osmid": "788384964", "oneway": "False", "lanes": NaN, "ref": NaN, "name": NaN, "highway": "tertiary", "maxspeed": NaN, "length": 9.978, "bridge": NaN, "tunnel": NaN, "access": NaN, "junction": NaN, "width": NaN, "est_width": NaN, "iri": 2.53999996185303}}, {"type": "Feature", "geometry": {"type": "LineString", "coordinates": [[-91.1747487, 15.0228041], [-91.174837, 15.0228303]]}, "properties": {"osmid": "788384964", "oneway": "False", "lanes": NaN, "ref": NaN, "name": NaN, "highway": "tertiary", "maxspeed": NaN, "length": 9.92, "bridge": NaN, "tunnel": NaN, "access": NaN, "junction": NaN, "width": NaN, "est_width": NaN, "iri": 2.53999996185303}}, {"type": "Feature", "geometry": {"type": "LineString", "coordinates": [[-91.174837, 15.0228303], [-91.1749207, 15.0228406]]}, "properties": {"osmid": "788384964", "oneway": "False", "lanes": NaN, "ref": NaN, "name": NaN, "highway": "tertiary", "maxspeed": NaN, "length": 9.062, "bridge": NaN, "tunnel": NaN, "access": NaN, "junction": NaN, "width": NaN, "est_width": NaN, "iri": 2.53999996185303}}, {"type": "Feature", "geometry": {"type": "LineString", "coordinates": [[-91.1749207, 15.0228406], [-91.1750064, 15.0228376]]}, "properties": {"osmid": "788384964", "oneway": "False", "lanes": NaN, "ref": NaN, "name": NaN, "highway": "tertiary", "maxspeed": NaN, "length": 9.21, "bridge": NaN, "tunnel": NaN, "access": NaN, "junction": NaN, "width": NaN, "est_width": NaN, "iri": 2.53999996185303}}, {"type": "Feature", "geometry": {"type": "LineString", "coordinates": [[-91.1750064, 15.0228376], [-91.1751091, 15.0228181]]}, "properties": {"osmid": "788384964", "oneway": "False", "lanes": NaN, "ref": NaN, "name": NaN, "highway": "tertiary", "maxspeed": NaN, "length": 11.241, "bridge": NaN, "tunnel": NaN, "access": NaN, "junction": NaN, "width": NaN, "est_width": NaN, "iri": 2.53999996185303}}, {"type": "Feature", "geometry": {"type": "LineString", "coordinates": [[-91.1751091, 15.0228181], [-91.1752996, 15.0227844]]}, "properties": {"osmid": "788384964", "oneway": "False", "lanes": NaN, "ref": NaN, "name": NaN, "highway": "tertiary", "maxspeed": NaN, "length": 20.799, "bridge": NaN, "tunnel": NaN, "access": NaN, "junction": NaN, "width": NaN, "est_width": NaN, "iri": 2.53999996185303}}, {"type": "Feature", "geometry": {"type": "LineString", "coordinates": [[-91.1752996, 15.0227844], [-91.1754062, 15.022777]]}, "properties": {"osmid": "788384964", "oneway": "False", "lanes": NaN, "ref": NaN, "name": NaN, "highway": "tertiary", "maxspeed": NaN, "length": 11.478, "bridge": NaN, "tunnel": NaN, "access": NaN, "junction": NaN, "width": NaN, "est_width": NaN, "iri": 2.53999996185303}}, {"type": "Feature", "geometry": {"type": "LineString", "coordinates": [[-91.1754062, 15.022777], [-91.1755242, 15.0227752]]}, "properties": {"osmid": "788384964", "oneway": "False", "lanes": NaN, "ref": NaN, "name": NaN, "highway": "tertiary", "maxspeed": NaN, "length": 12.674, "bridge": NaN, "tunnel": NaN, "access": NaN, "junction": NaN, "width": NaN, "est_width": NaN, "iri": 2.53999996185303}}, {"type": "Feature", "geometry": {"type": "LineString", "coordinates": [[-91.1755242, 15.0227752], [-91.1756358, 15.0227895]]}, "properties": {"osmid": "788384964", "oneway": "False", "lanes": NaN, "ref": NaN, "name": NaN, "highway": "tertiary", "maxspeed": NaN, "length": 12.09, "bridge": NaN, "tunnel": NaN, "access": NaN, "junction": NaN, "width": NaN, "est_width": NaN, "iri": 2.53999996185303}}, {"type": "Feature", "geometry": {"type": "LineString", "coordinates": [[-91.1756358, 15.0227895], [-91.1757191, 15.022812]]}, "properties": {"osmid": "788384964", "oneway": "False", "lanes": NaN, "ref": NaN, "name": NaN, "highway": "tertiary", "maxspeed": NaN, "length": 9.289, "bridge": NaN, "tunnel": NaN, "access": NaN, "junction": NaN, "width": NaN, "est_width": NaN, "iri": 2.53999996185303}}, {"type": "Feature", "geometry": {"type": "LineString", "coordinates": [[-91.1757191, 15.022812], [-91.1762052, 15.0230362]]}, "properties": {"osmid": "788384964", "oneway": "False", "lanes": NaN, "ref": NaN, "name": NaN, "highway": "tertiary", "maxspeed": NaN, "length": 57.852, "bridge": NaN, "tunnel": NaN, "access": NaN, "junction": NaN, "width": NaN, "est_width": NaN, "iri": 2.53999996185303}}, {"type": "Feature", "geometry": {"type": "LineString", "coordinates": [[-91.1762052, 15.0230362], [-91.1762823, 15.0230831]]}, "properties": {"osmid": "788384964", "oneway": "False", "lanes": NaN, "ref": NaN, "name": NaN, "highway": "tertiary", "maxspeed": NaN, "length": 9.786, "bridge": NaN, "tunnel": NaN, "access": NaN, "junction": NaN, "width": NaN, "est_width": NaN, "iri": 2.53999996185303}}, {"type": "Feature", "geometry": {"type": "LineString", "coordinates": [[-91.1762823, 15.0230831], [-91.176348, 15.0231327]]}, "properties": {"osmid": "788384964", "oneway": "False", "lanes": NaN, "ref": NaN, "name": NaN, "highway": "tertiary", "maxspeed": NaN, "length": 8.956, "bridge": NaN, "tunnel": NaN, "access": NaN, "junction": NaN, "width": NaN, "est_width": NaN, "iri": 2.53999996185303}}, {"type": "Feature", "geometry": {"type": "LineString", "coordinates": [[-91.176348, 15.0231327], [-91.176404, 15.0231912]]}, "properties": {"osmid": "788384964", "oneway": "False", "lanes": NaN, "ref": NaN, "name": NaN, "highway": "tertiary", "maxspeed": NaN, "length": 8.859, "bridge": NaN, "tunnel": NaN, "access": NaN, "junction": NaN, "width": NaN, "est_width": NaN, "iri": 2.53999996185303}}, {"type": "Feature", "geometry": {"type": "LineString", "coordinates": [[-91.176404, 15.0231912], [-91.1764423, 15.0232513]]}, "properties": {"osmid": "788384964", "oneway": "False", "lanes": NaN, "ref": NaN, "name": NaN, "highway": "tertiary", "maxspeed": NaN, "length": 7.847, "bridge": NaN, "tunnel": NaN, "access": NaN, "junction": NaN, "width": NaN, "est_width": NaN, "iri": 2.53999996185303}}, {"type": "Feature", "geometry": {"type": "LineString", "coordinates": [[-91.1764423, 15.0232513], [-91.1766353, 15.0236103]]}, "properties": {"osmid": "788384964", "oneway": "False", "lanes": NaN, "ref": NaN, "name": NaN, "highway": "tertiary", "maxspeed": NaN, "length": 44.979, "bridge": NaN, "tunnel": NaN, "access": NaN, "junction": NaN, "width": NaN, "est_width": NaN, "iri": 2.53999996185303}}, {"type": "Feature", "geometry": {"type": "LineString", "coordinates": [[-91.1766353, 15.0236103], [-91.1766795, 15.0236775]]}, "properties": {"osmid": "788384965", "oneway": "False", "lanes": NaN, "ref": NaN, "name": NaN, "highway": "tertiary", "maxspeed": NaN, "length": 8.853, "bridge": "yes", "tunnel": NaN, "access": NaN, "junction": NaN, "width": NaN, "est_width": NaN, "iri": 2.53999996185303}}, {"type": "Feature", "geometry": {"type": "LineString", "coordinates": [[-91.1766795, 15.0236775], [-91.1767231, 15.0237302]]}, "properties": {"osmid": "788384966", "oneway": "False", "lanes": NaN, "ref": NaN, "name": NaN, "highway": "tertiary", "maxspeed": NaN, "length": 7.501, "bridge": NaN, "tunnel": NaN, "access": NaN, "junction": NaN, "width": NaN, "est_width": NaN, "iri": 2.53999996185303}}, {"type": "Feature", "geometry": {"type": "LineString", "coordinates": [[-91.1767231, 15.0237302], [-91.1767426, 15.0237528]]}, "properties": {"osmid": "788384966", "oneway": "False", "lanes": NaN, "ref": NaN, "name": NaN, "highway": "tertiary", "maxspeed": NaN, "length": 3.271, "bridge": NaN, "tunnel": NaN, "access": NaN, "junction": NaN, "width": NaN, "est_width": NaN, "iri": 2.53999996185303}}, {"type": "Feature", "geometry": {"type": "LineString", "coordinates": [[-91.1767426, 15.0237528], [-91.1767643, 15.0237678]]}, "properties": {"osmid": "788384966", "oneway": "False", "lanes": NaN, "ref": NaN, "name": NaN, "highway": "tertiary", "maxspeed": NaN, "length": 2.866, "bridge": NaN, "tunnel": NaN, "access": NaN, "junction": NaN, "width": NaN, "est_width": NaN, "iri": 2.53999996185303}}, {"type": "Feature", "geometry": {"type": "LineString", "coordinates": [[-91.1767643, 15.0237678], [-91.1767916, 15.0237806]]}, "properties": {"osmid": "788384966", "oneway": "False", "lanes": NaN, "ref": NaN, "name": NaN, "highway": "tertiary", "maxspeed": NaN, "length": 3.259, "bridge": NaN, "tunnel": NaN, "access": NaN, "junction": NaN, "width": NaN, "est_width": NaN, "iri": 2.53999996185303}}, {"type": "Feature", "geometry": {"type": "LineString", "coordinates": [[-91.1767916, 15.0237806], [-91.1768178, 15.0237891]]}, "properties": {"osmid": "788384966", "oneway": "False", "lanes": NaN, "ref": NaN, "name": NaN, "highway": "tertiary", "maxspeed": NaN, "length": 2.968, "bridge": NaN, "tunnel": NaN, "access": NaN, "junction": NaN, "width": NaN, "est_width": NaN, "iri": 2.53999996185303}}, {"type": "Feature", "geometry": {"type": "LineString", "coordinates": [[-91.1768178, 15.0237891], [-91.1768485, 15.0237938]]}, "properties": {"osmid": "788384966", "oneway": "False", "lanes": NaN, "ref": NaN, "name": NaN, "highway": "tertiary", "maxspeed": NaN, "length": 3.338, "bridge": NaN, "tunnel": NaN, "access": NaN, "junction": NaN, "width": NaN, "est_width": NaN, "iri": 2.53999996185303}}, {"type": "Feature", "geometry": {"type": "LineString", "coordinates": [[-91.1768485, 15.0237938], [-91.1768748, 15.023792]]}, "properties": {"osmid": "788384966", "oneway": "False", "lanes": NaN, "ref": NaN, "name": NaN, "highway": "tertiary", "maxspeed": NaN, "length": 2.832, "bridge": NaN, "tunnel": NaN, "access": NaN, "junction": NaN, "width": NaN, "est_width": NaN, "iri": 2.53999996185303}}, {"type": "Feature", "geometry": {"type": "LineString", "coordinates": [[-91.1768748, 15.023792], [-91.1769038, 15.0237864]]}, "properties": {"osmid": "788384966", "oneway": "False", "lanes": NaN, "ref": NaN, "name": NaN, "highway": "tertiary", "maxspeed": NaN, "length": 3.176, "bridge": NaN, "tunnel": NaN, "access": NaN, "junction": NaN, "width": NaN, "est_width": NaN, "iri": 2.53999996185303}}, {"type": "Feature", "geometry": {"type": "LineString", "coordinates": [[-91.1769038, 15.0237864], [-91.1769261, 15.0237743]]}, "properties": {"osmid": "788384966", "oneway": "False", "lanes": NaN, "ref": NaN, "name": NaN, "highway": "tertiary", "maxspeed": NaN, "length": 2.747, "bridge": NaN, "tunnel": NaN, "access": NaN, "junction": NaN, "width": NaN, "est_width": NaN, "iri": 2.53999996185303}}, {"type": "Feature", "geometry": {"type": "LineString", "coordinates": [[-91.1769261, 15.0237743], [-91.1769526, 15.0237539]]}, "properties": {"osmid": "788384966", "oneway": "False", "lanes": NaN, "ref": NaN, "name": NaN, "highway": "tertiary", "maxspeed": NaN, "length": 3.639, "bridge": NaN, "tunnel": NaN, "access": NaN, "junction": NaN, "width": NaN, "est_width": NaN, "iri": 2.53999996185303}}, {"type": "Feature", "geometry": {"type": "LineString", "coordinates": [[-91.1769526, 15.0237539], [-91.1770215, 15.0236737]]}, "properties": {"osmid": "788384967", "oneway": "False", "lanes": NaN, "ref": NaN, "name": NaN, "highway": "tertiary", "maxspeed": NaN, "length": 11.588, "bridge": "yes", "tunnel": NaN, "access": NaN, "junction": NaN, "width": NaN, "est_width": NaN, "iri": 2.53999996185303}}, {"type": "Feature", "geometry": {"type": "LineString", "coordinates": [[-91.1770215, 15.0236737], [-91.177337, 15.0232534]]}, "properties": {"osmid": "159929008", "oneway": "False", "lanes": NaN, "ref": NaN, "name": NaN, "highway": "tertiary", "maxspeed": NaN, "length": 57.726, "bridge": NaN, "tunnel": NaN, "access": NaN, "junction": NaN, "width": NaN, "est_width": NaN, "iri": 2.53999996185303}}, {"type": "Feature", "geometry": {"type": "LineString", "coordinates": [[-91.177337, 15.0232534], [-91.177465, 15.0231965]]}, "properties": {"osmid": "159929008", "oneway": "False", "lanes": NaN, "ref": NaN, "name": NaN, "highway": "tertiary", "maxspeed": NaN, "length": 15.133, "bridge": NaN, "tunnel": NaN, "access": NaN, "junction": NaN, "width": NaN, "est_width": NaN, "iri": 2.53999996185303}}, {"type": "Feature", "geometry": {"type": "LineString", "coordinates": [[-91.177465, 15.0231965], [-91.1775887, 15.0232331]]}, "properties": {"osmid": "159929008", "oneway": "False", "lanes": NaN, "ref": NaN, "name": NaN, "highway": "tertiary", "maxspeed": NaN, "length": 13.894, "bridge": NaN, "tunnel": NaN, "access": NaN, "junction": NaN, "width": NaN, "est_width": NaN, "iri": 2.53999996185303}}, {"type": "Feature", "geometry": {"type": "LineString", "coordinates": [[-91.1775887, 15.0232331], [-91.1776569, 15.0232965]]}, "properties": {"osmid": "159929008", "oneway": "False", "lanes": NaN, "ref": NaN, "name": NaN, "highway": "tertiary", "maxspeed": NaN, "length": 10.166, "bridge": NaN, "tunnel": NaN, "access": NaN, "junction": NaN, "width": NaN, "est_width": NaN, "iri": 2.53999996185303}}, {"type": "Feature", "geometry": {"type": "LineString", "coordinates": [[-91.1776569, 15.0232965], [-91.1777882, 15.0234063]]}, "properties": {"osmid": "159929008", "oneway": "False", "lanes": NaN, "ref": NaN, "name": NaN, "highway": "tertiary", "maxspeed": NaN, "length": 18.652, "bridge": NaN, "tunnel": NaN, "access": NaN, "junction": NaN, "width": NaN, "est_width": NaN, "iri": 2.53999996185303}}, {"type": "Feature", "geometry": {"type": "LineString", "coordinates": [[-91.1777882, 15.0234063], [-91.1784353, 15.0241634]]}, "properties": {"osmid": "159929008", "oneway": "False", "lanes": NaN, "ref": NaN, "name": NaN, "highway": "tertiary", "maxspeed": NaN, "length": 109.164, "bridge": NaN, "tunnel": NaN, "access": NaN, "junction": NaN, "width": NaN, "est_width": NaN, "iri": 2.53999996185303}}, {"type": "Feature", "geometry": {"type": "LineString", "coordinates": [[-91.1784353, 15.0241634], [-91.1785439, 15.0242317]]}, "properties": {"osmid": "159929008", "oneway": "False", "lanes": NaN, "ref": NaN, "name": NaN, "highway": "tertiary", "maxspeed": NaN, "length": 13.918, "bridge": NaN, "tunnel": NaN, "access": NaN, "junction": NaN, "width": NaN, "est_width": NaN, "iri": 2.53999996185303}}, {"type": "Feature", "geometry": {"type": "LineString", "coordinates": [[-91.1785439, 15.0242317], [-91.1786113, 15.0242166]]}, "properties": {"osmid": "159929008", "oneway": "False", "lanes": NaN, "ref": NaN, "name": NaN, "highway": "tertiary", "maxspeed": NaN, "length": 7.431, "bridge": NaN, "tunnel": NaN, "access": NaN, "junction": NaN, "width": NaN, "est_width": NaN, "iri": 2.53999996185303}}, {"type": "Feature", "geometry": {"type": "LineString", "coordinates": [[-91.1786113, 15.0242166], [-91.178613, 15.0241529]]}, "properties": {"osmid": "159929008", "oneway": "False", "lanes": NaN, "ref": NaN, "name": NaN, "highway": "tertiary", "maxspeed": NaN, "length": 7.085, "bridge": NaN, "tunnel": NaN, "access": NaN, "junction": NaN, "width": NaN, "est_width": NaN, "iri": 2.53999996185303}}, {"type": "Feature", "geometry": {"type": "LineString", "coordinates": [[-91.178613, 15.0241529], [-91.1785846, 15.024083]]}, "properties": {"osmid": "159929008", "oneway": "False", "lanes": NaN, "ref": NaN, "name": NaN, "highway": "tertiary", "maxspeed": NaN, "length": 8.35, "bridge": NaN, "tunnel": NaN, "access": NaN, "junction": NaN, "width": NaN, "est_width": NaN, "iri": 2.53999996185303}}, {"type": "Feature", "geometry": {"type": "LineString", "coordinates": [[-91.1785846, 15.024083], [-91.1783664, 15.0235777]]}, "properties": {"osmid": "159929008", "oneway": "False", "lanes": NaN, "ref": NaN, "name": NaN, "highway": "tertiary", "maxspeed": NaN, "length": 60.878, "bridge": NaN, "tunnel": NaN, "access": NaN, "junction": NaN, "width": NaN, "est_width": NaN, "iri": 2.53999996185303}}, {"type": "Feature", "geometry": {"type": "LineString", "coordinates": [[-91.1783664, 15.0235777], [-91.1783063, 15.0234537]]}, "properties": {"osmid": "159929008", "oneway": "False", "lanes": NaN, "ref": NaN, "name": NaN, "highway": "tertiary", "maxspeed": NaN, "length": 15.224, "bridge": NaN, "tunnel": NaN, "access": NaN, "junction": NaN, "width": NaN, "est_width": NaN, "iri": 2.53999996185303}}, {"type": "Feature", "geometry": {"type": "LineString", "coordinates": [[-91.1783063, 15.0234537], [-91.1783146, 15.0233914]]}, "properties": {"osmid": "159929008", "oneway": "False", "lanes": NaN, "ref": NaN, "name": NaN, "highway": "tertiary", "maxspeed": NaN, "length": 6.985, "bridge": NaN, "tunnel": NaN, "access": NaN, "junction": NaN, "width": NaN, "est_width": NaN, "iri": 2.53999996185303}}, {"type": "Feature", "geometry": {"type": "LineString", "coordinates": [[-91.1783146, 15.0233914], [-91.1783638, 15.0233596]]}, "properties": {"osmid": "159929008", "oneway": "False", "lanes": NaN, "ref": NaN, "name": NaN, "highway": "tertiary", "maxspeed": NaN, "length": 6.358, "bridge": NaN, "tunnel": NaN, "access": NaN, "junction": NaN, "width": NaN, "est_width": NaN, "iri": 2.53999996185303}}, {"type": "Feature", "geometry": {"type": "LineString", "coordinates": [[-91.1783638, 15.0233596], [-91.1784228, 15.0233803]]}, "properties": {"osmid": "159929008", "oneway": "False", "lanes": NaN, "ref": NaN, "name": NaN, "highway": "tertiary", "maxspeed": NaN, "length": 6.741, "bridge": NaN, "tunnel": NaN, "access": NaN, "junction": NaN, "width": NaN, "est_width": NaN, "iri": 2.53999996185303}}, {"type": "Feature", "geometry": {"type": "LineString", "coordinates": [[-91.1784228, 15.0233803], [-91.178992, 15.023898]]}, "properties": {"osmid": "159929008", "oneway": "False", "lanes": NaN, "ref": NaN, "name": NaN, "highway": "tertiary", "maxspeed": NaN, "length": 83.968, "bridge": NaN, "tunnel": NaN, "access": NaN, "junction": NaN, "width": NaN, "est_width": NaN, "iri": 2.53999996185303}}, {"type": "Feature", "geometry": {"type": "LineString", "coordinates": [[-91.178992, 15.023898], [-91.1792866, 15.0242068]]}, "properties": {"osmid": "159929008", "oneway": "False", "lanes": NaN, "ref": NaN, "name": NaN, "highway": "tertiary", "maxspeed": NaN, "length": 46.691, "bridge": NaN, "tunnel": NaN, "access": NaN, "junction": NaN, "width": NaN, "est_width": NaN, "iri": 2.53999996185303}}, {"type": "Feature", "geometry": {"type": "LineString", "coordinates": [[-91.1792866, 15.0242068], [-91.1795456, 15.0243655]]}, "properties": {"osmid": "159929008", "oneway": "False", "lanes": NaN, "ref": NaN, "name": NaN, "highway": "tertiary", "maxspeed": NaN, "length": 32.941, "bridge": NaN, "tunnel": NaN, "access": NaN, "junction": NaN, "width": NaN, "est_width": NaN, "iri": 2.53999996185303}}, {"type": "Feature", "geometry": {"type": "LineString", "coordinates": [[-91.1795456, 15.0243655], [-91.1797938, 15.0244362]]}, "properties": {"osmid": "159929008", "oneway": "False", "lanes": NaN, "ref": NaN, "name": NaN, "highway": "tertiary", "maxspeed": NaN, "length": 27.79, "bridge": NaN, "tunnel": NaN, "access": NaN, "junction": NaN, "width": NaN, "est_width": NaN, "iri": 2.53999996185303}}, {"type": "Feature", "geometry": {"type": "LineString", "coordinates": [[-91.1797938, 15.0244362], [-91.180001, 15.0245035]]}, "properties": {"osmid": "159929008", "oneway": "False", "lanes": NaN, "ref": NaN, "name": NaN, "highway": "tertiary", "maxspeed": NaN, "length": 23.477, "bridge": NaN, "tunnel": NaN, "access": NaN, "junction": NaN, "width": NaN, "est_width": NaN, "iri": 2.53999996185303}}, {"type": "Feature", "geometry": {"type": "LineString", "coordinates": [[-91.180001, 15.0245035], [-91.1801331, 15.0245121]]}, "properties": {"osmid": "159929008", "oneway": "False", "lanes": NaN, "ref": NaN, "name": NaN, "highway": "tertiary", "maxspeed": NaN, "length": 14.219, "bridge": NaN, "tunnel": NaN, "access": NaN, "junction": NaN, "width": NaN, "est_width": NaN, "iri": 2.53999996185303}}, {"type": "Feature", "geometry": {"type": "LineString", "coordinates": [[-91.1801331, 15.0245121], [-91.1801849, 15.0244707]]}, "properties": {"osmid": "159929008", "oneway": "False", "lanes": NaN, "ref": NaN, "name": NaN, "highway": "tertiary", "maxspeed": NaN, "length": 7.221, "bridge": NaN, "tunnel": NaN, "access": NaN, "junction": NaN, "width": NaN, "est_width": NaN, "iri": 2.53999996185303}}, {"type": "Feature", "geometry": {"type": "LineString", "coordinates": [[-91.1801849, 15.0244707], [-91.1802081, 15.0244069]]}, "properties": {"osmid": "159929008", "oneway": "False", "lanes": NaN, "ref": NaN, "name": NaN, "highway": "tertiary", "maxspeed": NaN, "length": 7.519, "bridge": NaN, "tunnel": NaN, "access": NaN, "junction": NaN, "width": NaN, "est_width": NaN, "iri": 2.53999996185303}}, {"type": "Feature", "geometry": {"type": "LineString", "coordinates": [[-91.1802081, 15.0244069], [-91.1801385, 15.0240895]]}, "properties": {"osmid": "159929008", "oneway": "False", "lanes": NaN, "ref": NaN, "name": NaN, "highway": "tertiary", "maxspeed": NaN, "length": 36.076, "bridge": NaN, "tunnel": NaN, "access": NaN, "junction": NaN, "width": NaN, "est_width": NaN, "iri": 2.53999996185303}}, {"type": "Feature", "geometry": {"type": "LineString", "coordinates": [[-91.1801385, 15.0240895], [-91.1799653, 15.0238325]]}, "properties": {"osmid": "159929008", "oneway": "False", "lanes": NaN, "ref": NaN, "name": NaN, "highway": "tertiary", "maxspeed": NaN, "length": 34.097, "bridge": NaN, "tunnel": NaN, "access": NaN, "junction": NaN, "width": NaN, "est_width": NaN, "iri": 2.53999996185303}}, {"type": "Feature", "geometry": {"type": "LineString", "coordinates": [[-91.1799653, 15.0238325], [-91.1798045, 15.0236876]]}, "properties": {"osmid": "159929008", "oneway": "False", "lanes": NaN, "ref": NaN, "name": NaN, "highway": "tertiary", "maxspeed": NaN, "length": 23.618, "bridge": NaN, "tunnel": NaN, "access": NaN, "junction": NaN, "width": NaN, "est_width": NaN, "iri": 2.53999996185303}}, {"type": "Feature", "geometry": {"type": "LineString", "coordinates": [[-91.1798045, 15.0236876], [-91.1795331, 15.0235427]]}, "properties": {"osmid": "159929008", "oneway": "False", "lanes": NaN, "ref": NaN, "name": NaN, "highway": "tertiary", "maxspeed": NaN, "length": 33.304, "bridge": NaN, "tunnel": NaN, "access": NaN, "junction": NaN, "width": NaN, "est_width": NaN, "iri": 2.53999996185303}}, {"type": "Feature", "geometry": {"type": "LineString", "coordinates": [[-91.1795331, 15.0235427], [-91.1794081, 15.0233064]]}, "properties": {"osmid": "159929008", "oneway": "False", "lanes": NaN, "ref": NaN, "name": NaN, "highway": "tertiary", "maxspeed": NaN, "length": 29.506, "bridge": NaN, "tunnel": NaN, "access": NaN, "junction": NaN, "width": NaN, "est_width": NaN, "iri": 2.53999996185303}}, {"type": "Feature", "geometry": {"type": "LineString", "coordinates": [[-91.1794081, 15.0233064], [-91.1793224, 15.0230805]]}, "properties": {"osmid": "159929008", "oneway": "False", "lanes": NaN, "ref": NaN, "name": NaN, "highway": "tertiary", "maxspeed": NaN, "length": 26.752, "bridge": NaN, "tunnel": NaN, "access": NaN, "junction": NaN, "width": NaN, "est_width": NaN, "iri": 2.53999996185303}}, {"type": "Feature", "geometry": {"type": "LineString", "coordinates": [[-91.1793224, 15.0230805], [-91.1793241, 15.0229063]]}, "properties": {"osmid": "159929008", "oneway": "False", "lanes": NaN, "ref": NaN, "name": NaN, "highway": "tertiary", "maxspeed": NaN, "length": 19.371, "bridge": NaN, "tunnel": NaN, "access": NaN, "junction": NaN, "width": NaN, "est_width": NaN, "iri": 2.53999996185303}}, {"type": "Feature", "geometry": {"type": "LineString", "coordinates": [[-91.1793241, 15.0229063], [-91.1794027, 15.0225923]]}, "properties": {"osmid": "159929008", "oneway": "False", "lanes": NaN, "ref": NaN, "name": NaN, "highway": "tertiary", "maxspeed": NaN, "length": 35.921, "bridge": NaN, "tunnel": NaN, "access": NaN, "junction": NaN, "width": NaN, "est_width": NaN, "iri": 2.53999996185303}}, {"type": "Feature", "geometry": {"type": "LineString", "coordinates": [[-91.1794027, 15.0225923], [-91.1795174, 15.0223394]]}, "properties": {"osmid": "159929008", "oneway": "False", "lanes": NaN, "ref": NaN, "name": NaN, "highway": "tertiary", "maxspeed": NaN, "length": 30.701, "bridge": NaN, "tunnel": NaN, "access": NaN, "junction": NaN, "width": NaN, "est_width": NaN, "iri": 2.53999996185303}}, {"type": "Feature", "geometry": {"type": "LineString", "coordinates": [[-91.1795174, 15.0223394], [-91.1796134, 15.0221008]]}, "properties": {"osmid": "159929008", "oneway": "False", "lanes": NaN, "ref": NaN, "name": NaN, "highway": "tertiary", "maxspeed": NaN, "length": 28.464, "bridge": NaN, "tunnel": NaN, "access": NaN, "junction": NaN, "width": NaN, "est_width": NaN, "iri": 2.53999996185303}}, {"type": "Feature", "geometry": {"type": "LineString", "coordinates": [[-91.1796134, 15.0221008], [-91.1804789, 15.020702]]}, "properties": {"osmid": "159929008", "oneway": "False", "lanes": NaN, "ref": NaN, "name": NaN, "highway": "tertiary", "maxspeed": NaN, "length": 181.197, "bridge": NaN, "tunnel": NaN, "access": NaN, "junction": NaN, "width": NaN, "est_width": NaN, "iri": 2.53999996185303}}, {"type": "Feature", "geometry": {"type": "LineString", "coordinates": [[-91.1804789, 15.020702], [-91.1814057, 15.01978]]}, "properties": {"osmid": "159929008", "oneway": "False", "lanes": NaN, "ref": NaN, "name": NaN, "highway": "tertiary", "maxspeed": NaN, "length": 142.891, "bridge": NaN, "tunnel": NaN, "access": NaN, "junction": NaN, "width": NaN, "est_width": NaN, "iri": 2.53999996185303}}, {"type": "Feature", "geometry": {"type": "LineString", "coordinates": [[-91.1814057, 15.01978], [-91.1815774, 15.0196142]]}, "properties": {"osmid": "159929008", "oneway": "False", "lanes": NaN, "ref": NaN, "name": NaN, "highway": "tertiary", "maxspeed": NaN, "length": 26.075, "bridge": NaN, "tunnel": NaN, "access": NaN, "junction": NaN, "width": NaN, "est_width": NaN, "iri": 2.53999996185303}}, {"type": "Feature", "geometry": {"type": "LineString", "coordinates": [[-91.1815774, 15.0196142], [-91.1821353, 15.019065]]}, "properties": {"osmid": "159929008", "oneway": "False", "lanes": NaN, "ref": NaN, "name": NaN, "highway": "tertiary", "maxspeed": NaN, "length": 85.553, "bridge": NaN, "tunnel": NaN, "access": NaN, "junction": NaN, "width": NaN, "est_width": NaN, "iri": 2.53999996185303}}, {"type": "Feature", "geometry": {"type": "LineString", "coordinates": [[-91.1821353, 15.019065], [-91.1827575, 15.0184121]]}, "properties": {"osmid": "159929008", "oneway": "False", "lanes": NaN, "ref": NaN, "name": NaN, "highway": "tertiary", "maxspeed": NaN, "length": 98.671, "bridge": NaN, "tunnel": NaN, "access": NaN, "junction": NaN, "width": NaN, "est_width": NaN, "iri": 2.53999996185303}}, {"type": "Feature", "geometry": {"type": "LineString", "coordinates": [[-91.1827575, 15.0184121], [-91.1832081, 15.0179251]]}, "properties": {"osmid": "159929008", "oneway": "False", "lanes": NaN, "ref": NaN, "name": NaN, "highway": "tertiary", "maxspeed": NaN, "length": 72.625, "bridge": NaN, "tunnel": NaN, "access": NaN, "junction": NaN, "width": NaN, "est_width": NaN, "iri": 2.53999996185303}}, {"type": "Feature", "geometry": {"type": "LineString", "coordinates": [[-91.1832081, 15.0179251], [-91.1834013, 15.0177386]]}, "properties": {"osmid": "159929008", "oneway": "False", "lanes": NaN, "ref": NaN, "name": NaN, "highway": "tertiary", "maxspeed": NaN, "length": 29.336, "bridge": NaN, "tunnel": NaN, "access": NaN, "junction": NaN, "width": NaN, "est_width": NaN, "iri": 2.53999996185303}}, {"type": "Feature", "geometry": {"type": "LineString", "coordinates": [[-91.1834013, 15.0177386], [-91.1838197, 15.017293]]}, "properties": {"osmid": "159929008", "oneway": "False", "lanes": NaN, "ref": NaN, "name": NaN, "highway": "tertiary", "maxspeed": NaN, "length": 66.89, "bridge": NaN, "tunnel": NaN, "access": NaN, "junction": NaN, "width": NaN, "est_width": NaN, "iri": 2.53999996185303}}, {"type": "Feature", "geometry": {"type": "LineString", "coordinates": [[-91.1838197, 15.017293], [-91.1841303, 15.0169977]]}, "properties": {"osmid": "159929008", "oneway": "False", "lanes": NaN, "ref": NaN, "name": NaN, "highway": "tertiary", "maxspeed": NaN, "length": 46.807, "bridge": NaN, "tunnel": NaN, "access": NaN, "junction": NaN, "width": NaN, "est_width": NaN, "iri": 2.53999996185303}}, {"type": "Feature", "geometry": {"type": "LineString", "coordinates": [[-91.1841303, 15.0169977], [-91.1842488, 15.0168681]]}, "properties": {"osmid": "159929008", "oneway": "False", "lanes": NaN, "ref": NaN, "name": NaN, "highway": "tertiary", "maxspeed": NaN, "length": 19.226, "bridge": NaN, "tunnel": NaN, "access": NaN, "junction": NaN, "width": NaN, "est_width": NaN, "iri": 2.53999996185303}}, {"type": "Feature", "geometry": {"type": "LineString", "coordinates": [[-91.1842488, 15.0168681], [-91.1846136, 15.0165158]]}, "properties": {"osmid": "159929008", "oneway": "False", "lanes": NaN, "ref": NaN, "name": NaN, "highway": "tertiary", "maxspeed": NaN, "length": 55.404, "bridge": NaN, "tunnel": NaN, "access": NaN, "junction": NaN, "width": NaN, "est_width": NaN, "iri": 2.53999996185303}}, {"type": "Feature", "geometry": {"type": "LineString", "coordinates": [[-91.1846136, 15.0165158], [-91.1847638, 15.0163707]]}, "properties": {"osmid": "159929008", "oneway": "False", "lanes": NaN, "ref": NaN, "name": NaN, "highway": "tertiary", "maxspeed": NaN, "length": 22.815, "bridge": NaN, "tunnel": NaN, "access": NaN, "junction": NaN, "width": NaN, "est_width": NaN, "iri": 2.53999996185303}}, {"type": "Feature", "geometry": {"type": "LineString", "coordinates": [[-91.1847638, 15.0163707], [-91.1849779, 15.0162101]]}, "properties": {"osmid": "159929008", "oneway": "False", "lanes": NaN, "ref": NaN, "name": NaN, "highway": "tertiary", "maxspeed": NaN, "length": 29.114, "bridge": NaN, "tunnel": NaN, "access": NaN, "junction": NaN, "width": NaN, "est_width": NaN, "iri": 2.53999996185303}}, {"type": "Feature", "geometry": {"type": "LineString", "coordinates": [[-91.1849779, 15.0162101], [-91.1850428, 15.0161428]]}, "properties": {"osmid": "159929008", "oneway": "False", "lanes": NaN, "ref": NaN, "name": NaN, "highway": "tertiary", "maxspeed": NaN, "length": 10.227, "bridge": NaN, "tunnel": NaN, "access": NaN, "junction": NaN, "width": NaN, "est_width": NaN, "iri": 2.53999996185303}}]}