{"type": "FeatureCollection", "features": [{"type": "Feature", "geometry": {"type": "LineString", "coordinates": [[-91.4581587, 14.880236], [-91.4583513, 14.8797043]]}, "properties": {"osmid": "129135239", "oneway": "True", "lanes": NaN, "ref": NaN, "name": "2a Avenida Zona 2", "highway": "secondary", "maxspeed": NaN, "length": 62.641, "bridge": NaN, "tunnel": NaN, "access": NaN, "junction": NaN, "width": NaN, "est_width": NaN, "iri": 3.86999988555908}}, {"type": "Feature", "geometry": {"type": "LineString", "coordinates": [[-91.4583513, 14.8797043], [-91.4583927, 14.8795947]]}, "properties": {"osmid": "129135239", "oneway": "True", "lanes": NaN, "ref": NaN, "name": "2a Avenida Zona 2", "highway": "secondary", "maxspeed": NaN, "length": 12.974, "bridge": NaN, "tunnel": NaN, "access": NaN, "junction": NaN, "width": NaN, "est_width": NaN, "iri": 3.86999988555908}}, {"type": "Feature", "geometry": {"type": "LineString", "coordinates": [[-91.4583927, 14.8795947], [-91.4585888, 14.8791381]]}, "properties": {"osmid": "129135239", "oneway": "True", "lanes": NaN, "ref": NaN, "name": "2a Avenida Zona 2", "highway": "secondary", "maxspeed": NaN, "length": 54.972, "bridge": NaN, "tunnel": NaN, "access": NaN, "junction": NaN, "width": NaN, "est_width": NaN, "iri": 3.86999988555908}}, {"type": "Feature", "geometry": {"type": "LineString", "coordinates": [[-91.4585888, 14.8791381], [-91.4588309, 14.8786037]]}, "properties": {"osmid": "129135239", "oneway": "True", "lanes": NaN, "ref": NaN, "name": "2a Avenida Zona 2", "highway": "secondary", "maxspeed": NaN, "length": 64.869, "bridge": NaN, "tunnel": NaN, "access": NaN, "junction": NaN, "width": NaN, "est_width": NaN, "iri": 3.86999988555908}}, {"type": "Feature", "geometry": {"type": "LineString", "coordinates": [[-91.4588309, 14.8786037], [-91.4588966, 14.8784927]]}, "properties": {"osmid": "129135239", "oneway": "True", "lanes": NaN, "ref": NaN, "name": "2a Avenida Zona 2", "highway": "secondary", "maxspeed": NaN, "length": 14.219, "bridge": NaN, "tunnel": NaN, "access": NaN, "junction": NaN, "width": NaN, "est_width": NaN, "iri": 3.86999988555908}}, {"type": "Feature", "geometry": {"type": "LineString", "coordinates": [[-91.4588966, 14.8784927], [-91.4594885, 14.8773675]]}, "properties": {"osmid": "129135239", "oneway": "True", "lanes": NaN, "ref": NaN, "name": "2a Avenida Zona 2", "highway": "secondary", "maxspeed": NaN, "length": 140.358, "bridge": NaN, "tunnel": NaN, "access": NaN, "junction": NaN, "width": NaN, "est_width": NaN, "iri": 3.86999988555908}}, {"type": "Feature", "geometry": {"type": "LineString", "coordinates": [[-91.4594885, 14.8773675], [-91.4596752, 14.8770232]]}, "properties": {"osmid": "129135239", "oneway": "True", "lanes": NaN, "ref": NaN, "name": "2a Avenida Zona 2", "highway": "secondary", "maxspeed": NaN, "length": 43.224, "bridge": NaN, "tunnel": NaN, "access": NaN, "junction": NaN, "width": NaN, "est_width": NaN, "iri": 3.86999988555908}}, {"type": "Feature", "geometry": {"type": "LineString", "coordinates": [[-91.4596752, 14.8770232], [-91.4598087, 14.876754]]}, "properties": {"osmid": "129135239", "oneway": "True", "lanes": NaN, "ref": NaN, "name": "2a Avenida Zona 2", "highway": "secondary", "maxspeed": NaN, "length": 33.194, "bridge": NaN, "tunnel": NaN, "access": NaN, "junction": NaN, "width": NaN, "est_width": NaN, "iri": 3.86999988555908}}, {"type": "Feature", "geometry": {"type": "LineString", "coordinates": [[-91.4598087, 14.876754], [-91.4599421, 14.8764465]]}, "properties": {"osmid": "129135239", "oneway": "True", "lanes": NaN, "ref": NaN, "name": "2a Avenida Zona 2", "highway": "secondary", "maxspeed": NaN, "length": 37.076, "bridge": NaN, "tunnel": NaN, "access": NaN, "junction": NaN, "width": NaN, "est_width": NaN, "iri": 3.86999988555908}}, {"type": "Feature", "geometry": {"type": "LineString", "coordinates": [[-91.4599421, 14.8764465], [-91.4599608, 14.8764104]]}, "properties": {"osmid": "129135239", "oneway": "True", "lanes": NaN, "ref": NaN, "name": "2a Avenida Zona 2", "highway": "secondary", "maxspeed": NaN, "length": 4.489, "bridge": NaN, "tunnel": NaN, "access": NaN, "junction": NaN, "width": NaN, "est_width": NaN, "iri": 3.86999988555908}}, {"type": "Feature", "geometry": {"type": "LineString", "coordinates": [[-91.4599608, 14.8764104], [-91.4601331, 14.8760882]]}, "properties": {"osmid": "129135239", "oneway": "True", "lanes": NaN, "ref": NaN, "name": "2a Avenida Zona 2", "highway": "secondary", "maxspeed": NaN, "length": 40.329, "bridge": NaN, "tunnel": NaN, "access": NaN, "junction": NaN, "width": NaN, "est_width": NaN, "iri": 3.86999988555908}}, {"type": "Feature", "geometry": {"type": "LineString", "coordinates": [[-91.4601331, 14.8760882], [-91.460253, 14.8760064]]}, "properties": {"osmid": "187861827", "oneway": "False", "lanes": NaN, "ref": NaN, "name": "4a Calle Zona 2", "highway": "secondary", "maxspeed": NaN, "length": 15.772, "bridge": NaN, "tunnel": NaN, "access": NaN, "junction": NaN, "width": NaN, "est_width": NaN, "iri": 3.86999988555908}}, {"type": "Feature", "geometry": {"type": "LineString", "coordinates": [[-91.460253, 14.8760064], [-91.4603604, 14.8760129]]}, "properties": {"osmid": "187861827", "oneway": "False", "lanes": NaN, "ref": NaN, "name": "4a Calle Zona 2", "highway": "secondary", "maxspeed": NaN, "length": 11.565, "bridge": NaN, "tunnel": NaN, "access": NaN, "junction": NaN, "width": NaN, "est_width": NaN, "iri": 3.86999988555908}}, {"type": "Feature", "geometry": {"type": "LineString", "coordinates": [[-91.4603604, 14.8760129], [-91.4605482, 14.8761218]]}, "properties": {"osmid": "187861827", "oneway": "False", "lanes": NaN, "ref": NaN, "name": "4a Calle Zona 2", "highway": "secondary", "maxspeed": NaN, "length": 23.536, "bridge": NaN, "tunnel": NaN, "access": NaN, "junction": NaN, "width": NaN, "est_width": NaN, "iri": 3.86999988555908}}, {"type": "Feature", "geometry": {"type": "LineString", "coordinates": [[-91.4605482, 14.8761218], [-91.4614904, 14.8767288]]}, "properties": {"osmid": "187861827", "oneway": "False", "lanes": NaN, "ref": NaN, "name": "4a Calle Zona 2", "highway": "secondary", "maxspeed": NaN, "length": 121.69, "bridge": NaN, "tunnel": NaN, "access": NaN, "junction": NaN, "width": NaN, "est_width": NaN, "iri": 3.86999988555908}}, {"type": "Feature", "geometry": {"type": "LineString", "coordinates": [[-91.4614904, 14.8767288], [-91.4618438, 14.8764162]]}, "properties": {"osmid": "28908011", "oneway": "False", "lanes": "4", "ref": NaN, "name": "3a Avenida Zona 2", "highway": "secondary", "maxspeed": "20", "length": 51.484, "bridge": NaN, "tunnel": NaN, "access": NaN, "junction": NaN, "width": NaN, "est_width": NaN, "iri": 3.86999988555908}}, {"type": "Feature", "geometry": {"type": "LineString", "coordinates": [[-91.4618438, 14.8764162], [-91.4621978, 14.8760699]]}, "properties": {"osmid": "401118426", "oneway": "False", "lanes": "4", "ref": NaN, "name": "3a Avenida Zona 2", "highway": "secondary", "maxspeed": "20", "length": 54.13, "bridge": NaN, "tunnel": NaN, "access": NaN, "junction": NaN, "width": NaN, "est_width": NaN, "iri": 3.86999988555908}}, {"type": "Feature", "geometry": {"type": "LineString", "coordinates": [[-91.4621978, 14.8760699], [-91.4625961, 14.8757555]]}, "properties": {"osmid": "401118426", "oneway": "False", "lanes": "4", "ref": NaN, "name": "3a Avenida Zona 2", "highway": "secondary", "maxspeed": "20", "length": 55.267, "bridge": NaN, "tunnel": NaN, "access": NaN, "junction": NaN, "width": NaN, "est_width": NaN, "iri": 3.86999988555908}}, {"type": "Feature", "geometry": {"type": "LineString", "coordinates": [[-91.4625961, 14.8757555], [-91.4628317, 14.8755812]]}, "properties": {"osmid": "401118426", "oneway": "False", "lanes": "4", "ref": NaN, "name": "3a Avenida Zona 2", "highway": "secondary", "maxspeed": "20", "length": 31.886, "bridge": NaN, "tunnel": NaN, "access": NaN, "junction": NaN, "width": NaN, "est_width": NaN, "iri": 3.86999988555908}}, {"type": "Feature", "geometry": {"type": "LineString", "coordinates": [[-91.4628317, 14.8755812], [-91.4630232, 14.8752855]]}, "properties": {"osmid": "401118426", "oneway": "False", "lanes": "4", "ref": NaN, "name": "3a Avenida Zona 2", "highway": "secondary", "maxspeed": "20", "length": 38.79, "bridge": NaN, "tunnel": NaN, "access": NaN, "junction": NaN, "width": NaN, "est_width": NaN, "iri": 3.86999988555908}}, {"type": "Feature", "geometry": {"type": "LineString", "coordinates": [[-91.4630232, 14.8752855], [-91.4632204, 14.8750048]]}, "properties": {"osmid": "401118426", "oneway": "False", "lanes": "4", "ref": NaN, "name": "3a Avenida Zona 2", "highway": "secondary", "maxspeed": "20", "length": 37.727, "bridge": NaN, "tunnel": NaN, "access": NaN, "junction": NaN, "width": NaN, "est_width": NaN, "iri": 3.86999988555908}}, {"type": "Feature", "geometry": {"type": "LineString", "coordinates": [[-91.4632204, 14.8750048], [-91.4633314, 14.8748234]]}, "properties": {"osmid": "401118426", "oneway": "False", "lanes": "4", "ref": NaN, "name": "3a Avenida Zona 2", "highway": "secondary", "maxspeed": "20", "length": 23.434, "bridge": NaN, "tunnel": NaN, "access": NaN, "junction": NaN, "width": NaN, "est_width": NaN, "iri": 3.86999988555908}}, {"type": "Feature", "geometry": {"type": "LineString", "coordinates": [[-91.4633314, 14.8748234], [-91.4634073, 14.8747104]]}, "properties": {"osmid": "401118426", "oneway": "False", "lanes": "4", "ref": NaN, "name": "3a Avenida Zona 2", "highway": "secondary", "maxspeed": "20", "length": 14.98, "bridge": NaN, "tunnel": NaN, "access": NaN, "junction": NaN, "width": NaN, "est_width": NaN, "iri": 3.86999988555908}}, {"type": "Feature", "geometry": {"type": "LineString", "coordinates": [[-91.4634073, 14.8747104], [-91.4634913, 14.8746157]]}, "properties": {"osmid": "401118426", "oneway": "False", "lanes": "4", "ref": NaN, "name": "3a Avenida Zona 2", "highway": "secondary", "maxspeed": "20", "length": 13.87, "bridge": NaN, "tunnel": NaN, "access": NaN, "junction": NaN, "width": NaN, "est_width": NaN, "iri": 3.86999988555908}}, {"type": "Feature", "geometry": {"type": "LineString", "coordinates": [[-91.4634913, 14.8746157], [-91.4636991, 14.8742854]]}, "properties": {"osmid": "401118426", "oneway": "False", "lanes": "4", "ref": NaN, "name": "3a Avenida Zona 2", "highway": "secondary", "maxspeed": "20", "length": 42.984, "bridge": NaN, "tunnel": NaN, "access": NaN, "junction": NaN, "width": NaN, "est_width": NaN, "iri": 3.86999988555908}}, {"type": "Feature", "geometry": {"type": "LineString", "coordinates": [[-91.4636991, 14.8742854], [-91.4639087, 14.873954]]}, "properties": {"osmid": "401118426", "oneway": "False", "lanes": "4", "ref": NaN, "name": "3a Avenida Zona 2", "highway": "secondary", "maxspeed": "20", "length": 43.189, "bridge": NaN, "tunnel": NaN, "access": NaN, "junction": NaN, "width": NaN, "est_width": NaN, "iri": 3.86999988555908}}, {"type": "Feature", "geometry": {"type": "LineString", "coordinates": [[-91.4639087, 14.873954], [-91.464261, 14.8734214]]}, "properties": {"osmid": "401118426", "oneway": "False", "lanes": "4", "ref": NaN, "name": "3a Avenida Zona 2", "highway": "secondary", "maxspeed": "20", "length": 70.291, "bridge": NaN, "tunnel": NaN, "access": NaN, "junction": NaN, "width": NaN, "est_width": NaN, "iri": 3.86999988555908}}, {"type": "Feature", "geometry": {"type": "LineString", "coordinates": [[-91.464261, 14.8734214], [-91.4643289, 14.8733188]]}, "properties": {"osmid": "401118426", "oneway": "False", "lanes": "4", "ref": NaN, "name": "3a Avenida Zona 2", "highway": "secondary", "maxspeed": "20", "length": 13.543, "bridge": NaN, "tunnel": NaN, "access": NaN, "junction": NaN, "width": NaN, "est_width": NaN, "iri": 3.86999988555908}}, {"type": "Feature", "geometry": {"type": "LineString", "coordinates": [[-91.4643289, 14.8733188], [-91.4646223, 14.8728366]]}, "properties": {"osmid": "401118426", "oneway": "False", "lanes": "4", "ref": NaN, "name": "3a Avenida Zona 2", "highway": "secondary", "maxspeed": "20", "length": 62.203, "bridge": NaN, "tunnel": NaN, "access": NaN, "junction": NaN, "width": NaN, "est_width": NaN, "iri": 3.86999988555908}}, {"type": "Feature", "geometry": {"type": "LineString", "coordinates": [[-91.4646223, 14.8728366], [-91.4650538, 14.8719958]]}, "properties": {"osmid": "401118426", "oneway": "False", "lanes": "4", "ref": NaN, "name": "3a Avenida Zona 2", "highway": "secondary", "maxspeed": "20", "length": 104.362, "bridge": NaN, "tunnel": NaN, "access": NaN, "junction": NaN, "width": NaN, "est_width": NaN, "iri": 3.86999988555908}}, {"type": "Feature", "geometry": {"type": "LineString", "coordinates": [[-91.4650538, 14.8719958], [-91.465403, 14.8712614]]}, "properties": {"osmid": "401118426", "oneway": "False", "lanes": "4", "ref": NaN, "name": "3a Avenida Zona 2", "highway": "secondary", "maxspeed": "20", "length": 89.872, "bridge": NaN, "tunnel": NaN, "access": NaN, "junction": NaN, "width": NaN, "est_width": NaN, "iri": 3.86999988555908}}, {"type": "Feature", "geometry": {"type": "LineString", "coordinates": [[-91.465403, 14.8712614], [-91.4656813, 14.8707329]]}, "properties": {"osmid": "401118426", "oneway": "False", "lanes": "4", "ref": NaN, "name": "3a Avenida Zona 2", "highway": "secondary", "maxspeed": "20", "length": 65.94, "bridge": NaN, "tunnel": NaN, "access": NaN, "junction": NaN, "width": NaN, "est_width": NaN, "iri": 3.86999988555908}}, {"type": "Feature", "geometry": {"type": "LineString", "coordinates": [[-91.4656813, 14.8707329], [-91.4659864, 14.8702115]]}, "properties": {"osmid": "401118426", "oneway": "False", "lanes": "4", "ref": NaN, "name": "3a Avenida Zona 2", "highway": "secondary", "maxspeed": "20", "length": 66.607, "bridge": NaN, "tunnel": NaN, "access": NaN, "junction": NaN, "width": NaN, "est_width": NaN, "iri": 3.86999988555908}}, {"type": "Feature", "geometry": {"type": "LineString", "coordinates": [[-91.4659864, 14.8702115], [-91.4660742, 14.87007]]}, "properties": {"osmid": "401118426", "oneway": "False", "lanes": "4", "ref": NaN, "name": "3a Avenida Zona 2", "highway": "secondary", "maxspeed": "20", "length": 18.347, "bridge": NaN, "tunnel": NaN, "access": NaN, "junction": NaN, "width": NaN, "est_width": NaN, "iri": 3.86999988555908}}, {"type": "Feature", "geometry": {"type": "LineString", "coordinates": [[-91.4660742, 14.87007], [-91.4663721, 14.8696618]]}, "properties": {"osmid": "401118426", "oneway": "False", "lanes": "4", "ref": NaN, "name": "3a Avenida Zona 2", "highway": "secondary", "maxspeed": "20", "length": 55.545, "bridge": NaN, "tunnel": NaN, "access": NaN, "junction": NaN, "width": NaN, "est_width": NaN, "iri": 3.86999988555908}}, {"type": "Feature", "geometry": {"type": "LineString", "coordinates": [[-91.4663721, 14.8696618], [-91.4666835, 14.8692685]]}, "properties": {"osmid": "401118426", "oneway": "False", "lanes": "4", "ref": NaN, "name": "3a Avenida Zona 2", "highway": "secondary", "maxspeed": "20", "length": 55.069, "bridge": NaN, "tunnel": NaN, "access": NaN, "junction": NaN, "width": NaN, "est_width": NaN, "iri": 3.86999988555908}}, {"type": "Feature", "geometry": {"type": "LineString", "coordinates": [[-91.4666835, 14.8692685], [-91.4673898, 14.8684018]]}, "properties": {"osmid": "401118426", "oneway": "False", "lanes": "4", "ref": NaN, "name": "3a Avenida Zona 2", "highway": "secondary", "maxspeed": "20", "length": 122.677, "bridge": NaN, "tunnel": NaN, "access": NaN, "junction": NaN, "width": NaN, "est_width": NaN, "iri": 3.86999988555908}}, {"type": "Feature", "geometry": {"type": "LineString", "coordinates": [[-91.4673898, 14.8684018], [-91.4674977, 14.8682514]]}, "properties": {"osmid": "401118426", "oneway": "False", "lanes": "4", "ref": NaN, "name": "3a Avenida Zona 2", "highway": "secondary", "maxspeed": "20", "length": 20.351, "bridge": NaN, "tunnel": NaN, "access": NaN, "junction": NaN, "width": NaN, "est_width": NaN, "iri": 3.86999988555908}}, {"type": "Feature", "geometry": {"type": "LineString", "coordinates": [[-91.4674977, 14.8682514], [-91.4675803, 14.8681391]]}, "properties": {"osmid": "402753119", "oneway": "False", "lanes": NaN, "ref": NaN, "name": "3a Avenida Zona 2", "highway": "secondary", "maxspeed": "20", "length": 15.321, "bridge": NaN, "tunnel": NaN, "access": NaN, "junction": NaN, "width": NaN, "est_width": NaN, "iri": 3.86999988555908}}, {"type": "Feature", "geometry": {"type": "LineString", "coordinates": [[-91.4675803, 14.8681391], [-91.4676312, 14.8680701]]}, "properties": {"osmid": "402753119", "oneway": "False", "lanes": NaN, "ref": NaN, "name": "3a Avenida Zona 2", "highway": "secondary", "maxspeed": "20", "length": 9.423, "bridge": NaN, "tunnel": NaN, "access": NaN, "junction": NaN, "width": NaN, "est_width": NaN, "iri": 3.86999988555908}}, {"type": "Feature", "geometry": {"type": "LineString", "coordinates": [[-91.4676312, 14.8680701], [-91.4677664, 14.867873]]}, "properties": {"osmid": "555542963", "oneway": "False", "lanes": NaN, "ref": "RN-1-B", "name": "Autopista Los Altos", "highway": "trunk", "maxspeed": NaN, "length": 26.296, "bridge": NaN, "tunnel": NaN, "access": NaN, "junction": NaN, "width": NaN, "est_width": NaN, "iri": 3.86999988555908}}, {"type": "Feature", "geometry": {"type": "LineString", "coordinates": [[-91.4677664, 14.867873], [-91.4680391, 14.8672805]]}, "properties": {"osmid": "402753120", "oneway": "False", "lanes": "2", "ref": "RN-1-B", "name": "Autopista Los Altos", "highway": "trunk", "maxspeed": NaN, "length": 72.108, "bridge": NaN, "tunnel": NaN, "access": NaN, "junction": NaN, "width": NaN, "est_width": NaN, "iri": 3.86999988555908}}, {"type": "Feature", "geometry": {"type": "LineString", "coordinates": [[-91.4680391, 14.8672805], [-91.4682119, 14.8668259]]}, "properties": {"osmid": "402753120", "oneway": "False", "lanes": "2", "ref": "RN-1-B", "name": "Autopista Los Altos", "highway": "trunk", "maxspeed": NaN, "length": 53.853, "bridge": NaN, "tunnel": NaN, "access": NaN, "junction": NaN, "width": NaN, "est_width": NaN, "iri": 3.86999988555908}}, {"type": "Feature", "geometry": {"type": "LineString", "coordinates": [[-91.4682119, 14.8668259], [-91.4684246, 14.86607]]}, "properties": {"osmid": "402753120", "oneway": "False", "lanes": "2", "ref": "RN-1-B", "name": "Autopista Los Altos", "highway": "trunk", "maxspeed": NaN, "length": 87.105, "bridge": NaN, "tunnel": NaN, "access": NaN, "junction": NaN, "width": NaN, "est_width": NaN, "iri": 3.86999988555908}}, {"type": "Feature", "geometry": {"type": "LineString", "coordinates": [[-91.4684246, 14.86607], [-91.4684798, 14.8659644]]}, "properties": {"osmid": "681751766", "oneway": "True", "lanes": "2", "ref": NaN, "name": "Autopista Los Altos", "highway": "trunk", "maxspeed": NaN, "length": 13.156, "bridge": NaN, "tunnel": NaN, "access": NaN, "junction": NaN, "width": NaN, "est_width": NaN, "iri": 3.86999988555908}}, {"type": "Feature", "geometry": {"type": "LineString", "coordinates": [[-91.4684798, 14.8659644], [-91.4685488, 14.8658281]]}, "properties": {"osmid": "681751766", "oneway": "True", "lanes": "2", "ref": NaN, "name": "Autopista Los Altos", "highway": "trunk", "maxspeed": NaN, "length": 16.873, "bridge": NaN, "tunnel": NaN, "access": NaN, "junction": NaN, "width": NaN, "est_width": NaN, "iri": 3.86999988555908}}, {"type": "Feature", "geometry": {"type": "LineString", "coordinates": [[-91.4685488, 14.8658281], [-91.4686242, 14.8656527]]}, "properties": {"osmid": "399531386", "oneway": "True", "lanes": "2", "ref": NaN, "name": "Autopista Los Altos", "highway": "trunk", "maxspeed": NaN, "length": 21.12, "bridge": "yes", "tunnel": NaN, "access": NaN, "junction": NaN, "width": NaN, "est_width": NaN, "iri": 3.86999988555908}}, {"type": "Feature", "geometry": {"type": "LineString", "coordinates": [[-91.4686242, 14.8656527], [-91.4686803, 14.8654881]]}, "properties": {"osmid": "399531386", "oneway": "True", "lanes": "2", "ref": NaN, "name": "Autopista Los Altos", "highway": "trunk", "maxspeed": NaN, "length": 19.27, "bridge": "yes", "tunnel": NaN, "access": NaN, "junction": NaN, "width": NaN, "est_width": NaN, "iri": 3.86999988555908}}, {"type": "Feature", "geometry": {"type": "LineString", "coordinates": [[-91.4686803, 14.8654881], [-91.4687674, 14.8651132]]}, "properties": {"osmid": "399531386", "oneway": "True", "lanes": "2", "ref": NaN, "name": "Autopista Los Altos", "highway": "trunk", "maxspeed": NaN, "length": 42.725, "bridge": "yes", "tunnel": NaN, "access": NaN, "junction": NaN, "width": NaN, "est_width": NaN, "iri": 3.86999988555908}}, {"type": "Feature", "geometry": {"type": "LineString", "coordinates": [[-91.4687674, 14.8651132], [-91.4688498, 14.8647829]]}, "properties": {"osmid": "399531386", "oneway": "True", "lanes": "2", "ref": NaN, "name": "Autopista Los Altos", "highway": "trunk", "maxspeed": NaN, "length": 37.78, "bridge": "yes", "tunnel": NaN, "access": NaN, "junction": NaN, "width": NaN, "est_width": NaN, "iri": 3.86999988555908}}, {"type": "Feature", "geometry": {"type": "LineString", "coordinates": [[-91.4688498, 14.8647829], [-91.4688658, 14.8646848]]}, "properties": {"osmid": "399531386", "oneway": "True", "lanes": "2", "ref": NaN, "name": "Autopista Los Altos", "highway": "trunk", "maxspeed": NaN, "length": 11.043, "bridge": "yes", "tunnel": NaN, "access": NaN, "junction": NaN, "width": NaN, "est_width": NaN, "iri": 3.86999988555908}}, {"type": "Feature", "geometry": {"type": "LineString", "coordinates": [[-91.4688658, 14.8646848], [-91.468926, 14.8643922]]}, "properties": {"osmid": "399531386", "oneway": "True", "lanes": "2", "ref": NaN, "name": "Autopista Los Altos", "highway": "trunk", "maxspeed": NaN, "length": 33.173, "bridge": "yes", "tunnel": NaN, "access": NaN, "junction": NaN, "width": NaN, "est_width": NaN, "iri": 3.86999988555908}}, {"type": "Feature", "geometry": {"type": "LineString", "coordinates": [[-91.468926, 14.8643922], [-91.4690005, 14.8640415]]}, "properties": {"osmid": "399531386", "oneway": "True", "lanes": "2", "ref": NaN, "name": "Autopista Los Altos", "highway": "trunk", "maxspeed": NaN, "length": 39.81, "bridge": "yes", "tunnel": NaN, "access": NaN, "junction": NaN, "width": NaN, "est_width": NaN, "iri": 3.86999988555908}}, {"type": "Feature", "geometry": {"type": "LineString", "coordinates": [[-91.4690005, 14.8640415], [-91.4690644, 14.8637669]]}, "properties": {"osmid": "399531386", "oneway": "True", "lanes": "2", "ref": NaN, "name": "Autopista Los Altos", "highway": "trunk", "maxspeed": NaN, "length": 31.297, "bridge": "yes", "tunnel": NaN, "access": NaN, "junction": NaN, "width": NaN, "est_width": NaN, "iri": 3.86999988555908}}, {"type": "Feature", "geometry": {"type": "LineString", "coordinates": [[-91.4690644, 14.8637669], [-91.4690929, 14.8636132]]}, "properties": {"osmid": "399531386", "oneway": "True", "lanes": "2", "ref": NaN, "name": "Autopista Los Altos", "highway": "trunk", "maxspeed": NaN, "length": 17.363, "bridge": "yes", "tunnel": NaN, "access": NaN, "junction": NaN, "width": NaN, "est_width": NaN, "iri": 3.86999988555908}}, {"type": "Feature", "geometry": {"type": "LineString", "coordinates": [[-91.4690929, 14.8636132], [-91.4691419, 14.8634014]]}, "properties": {"osmid": "399531386", "oneway": "True", "lanes": "2", "ref": NaN, "name": "Autopista Los Altos", "highway": "trunk", "maxspeed": NaN, "length": 24.133, "bridge": "yes", "tunnel": NaN, "access": NaN, "junction": NaN, "width": NaN, "est_width": NaN, "iri": 3.86999988555908}}, {"type": "Feature", "geometry": {"type": "LineString", "coordinates": [[-91.4691419, 14.8634014], [-91.4691961, 14.8631973]]}, "properties": {"osmid": "681751767", "oneway": "True", "lanes": "2", "ref": NaN, "name": "Autopista Los Altos", "highway": "trunk", "maxspeed": NaN, "length": 23.431, "bridge": NaN, "tunnel": NaN, "access": NaN, "junction": NaN, "width": NaN, "est_width": NaN, "iri": 3.86999988555908}}, {"type": "Feature", "geometry": {"type": "LineString", "coordinates": [[-91.4691961, 14.8631973], [-91.4692578, 14.8629951]]}, "properties": {"osmid": "681751767", "oneway": "True", "lanes": "2", "ref": NaN, "name": "Autopista Los Altos", "highway": "trunk", "maxspeed": NaN, "length": 23.441, "bridge": NaN, "tunnel": NaN, "access": NaN, "junction": NaN, "width": NaN, "est_width": NaN, "iri": 3.86999988555908}}, {"type": "Feature", "geometry": {"type": "LineString", "coordinates": [[-91.4692578, 14.8629951], [-91.4694011, 14.8626642]]}, "properties": {"osmid": "681751767", "oneway": "True", "lanes": "2", "ref": NaN, "name": "Autopista Los Altos", "highway": "trunk", "maxspeed": NaN, "length": 39.888, "bridge": NaN, "tunnel": NaN, "access": NaN, "junction": NaN, "width": NaN, "est_width": NaN, "iri": 3.86999988555908}}, {"type": "Feature", "geometry": {"type": "LineString", "coordinates": [[-91.4694011, 14.8626642], [-91.4698083, 14.8622314]]}, "properties": {"osmid": "35028307", "oneway": "False", "lanes": "3", "ref": NaN, "name": "Autopista Los Altos", "highway": "trunk", "maxspeed": NaN, "length": 65.049, "bridge": NaN, "tunnel": NaN, "access": NaN, "junction": NaN, "width": NaN, "est_width": NaN, "iri": 3.86999988555908}}, {"type": "Feature", "geometry": {"type": "LineString", "coordinates": [[-91.4698083, 14.8622314], [-91.4700563, 14.8619788]]}, "properties": {"osmid": "35028307", "oneway": "False", "lanes": "3", "ref": NaN, "name": "Autopista Los Altos", "highway": "trunk", "maxspeed": NaN, "length": 38.722, "bridge": NaN, "tunnel": NaN, "access": NaN, "junction": NaN, "width": NaN, "est_width": NaN, "iri": 3.86999988555908}}, {"type": "Feature", "geometry": {"type": "LineString", "coordinates": [[-91.4700563, 14.8619788], [-91.4701558, 14.8618774]]}, "properties": {"osmid": "35028307", "oneway": "False", "lanes": "3", "ref": NaN, "name": "Autopista Los Altos", "highway": "trunk", "maxspeed": NaN, "length": 15.54, "bridge": NaN, "tunnel": NaN, "access": NaN, "junction": NaN, "width": NaN, "est_width": NaN, "iri": 3.86999988555908}}, {"type": "Feature", "geometry": {"type": "LineString", "coordinates": [[-91.4701558, 14.8618774], [-91.4703378, 14.861695]]}, "properties": {"osmid": "35028307", "oneway": "False", "lanes": "3", "ref": NaN, "name": "Autopista Los Altos", "highway": "trunk", "maxspeed": NaN, "length": 28.178, "bridge": NaN, "tunnel": NaN, "access": NaN, "junction": NaN, "width": NaN, "est_width": NaN, "iri": 3.86999988555908}}, {"type": "Feature", "geometry": {"type": "LineString", "coordinates": [[-91.4703378, 14.861695], [-91.4705974, 14.8614321]]}, "properties": {"osmid": "35028307", "oneway": "False", "lanes": "3", "ref": NaN, "name": "Autopista Los Altos", "highway": "trunk", "maxspeed": NaN, "length": 40.411, "bridge": NaN, "tunnel": NaN, "access": NaN, "junction": NaN, "width": NaN, "est_width": NaN, "iri": 3.86999988555908}}, {"type": "Feature", "geometry": {"type": "LineString", "coordinates": [[-91.4705974, 14.8614321], [-91.4708296, 14.8611968]]}, "properties": {"osmid": "35028307", "oneway": "False", "lanes": "3", "ref": NaN, "name": "Autopista Los Altos", "highway": "trunk", "maxspeed": NaN, "length": 36.157, "bridge": NaN, "tunnel": NaN, "access": NaN, "junction": NaN, "width": NaN, "est_width": NaN, "iri": 3.86999988555908}}, {"type": "Feature", "geometry": {"type": "LineString", "coordinates": [[-91.4708296, 14.8611968], [-91.4709809, 14.8610436]]}, "properties": {"osmid": "35028307", "oneway": "False", "lanes": "3", "ref": NaN, "name": "Autopista Los Altos", "highway": "trunk", "maxspeed": NaN, "length": 23.55, "bridge": NaN, "tunnel": NaN, "access": NaN, "junction": NaN, "width": NaN, "est_width": NaN, "iri": 3.86999988555908}}, {"type": "Feature", "geometry": {"type": "LineString", "coordinates": [[-91.4709809, 14.8610436], [-91.4711278, 14.8608832]]}, "properties": {"osmid": "35028307", "oneway": "False", "lanes": "3", "ref": NaN, "name": "Autopista Los Altos", "highway": "trunk", "maxspeed": NaN, "length": 23.82, "bridge": NaN, "tunnel": NaN, "access": NaN, "junction": NaN, "width": NaN, "est_width": NaN, "iri": 3.86999988555908}}, {"type": "Feature", "geometry": {"type": "LineString", "coordinates": [[-91.4711278, 14.8608832], [-91.4712911, 14.8607078]]}, "properties": {"osmid": "35028307", "oneway": "False", "lanes": "3", "ref": NaN, "name": "Autopista Los Altos", "highway": "trunk", "maxspeed": NaN, "length": 26.238, "bridge": NaN, "tunnel": NaN, "access": NaN, "junction": NaN, "width": NaN, "est_width": NaN, "iri": 3.86999988555908}}, {"type": "Feature", "geometry": {"type": "LineString", "coordinates": [[-91.4712911, 14.8607078], [-91.4722544, 14.8596676]]}, "properties": {"osmid": "35028307", "oneway": "False", "lanes": "3", "ref": NaN, "name": "Autopista Los Altos", "highway": "trunk", "maxspeed": NaN, "length": 155.233, "bridge": NaN, "tunnel": NaN, "access": NaN, "junction": NaN, "width": NaN, "est_width": NaN, "iri": 3.86999988555908}}, {"type": "Feature", "geometry": {"type": "LineString", "coordinates": [[-91.4722544, 14.8596676], [-91.4732149, 14.8586901]]}, "properties": {"osmid": "35028307", "oneway": "False", "lanes": "3", "ref": NaN, "name": "Autopista Los Altos", "highway": "trunk", "maxspeed": NaN, "length": 149.903, "bridge": NaN, "tunnel": NaN, "access": NaN, "junction": NaN, "width": NaN, "est_width": NaN, "iri": 3.86999988555908}}, {"type": "Feature", "geometry": {"type": "LineString", "coordinates": [[-91.4732149, 14.8586901], [-91.4740134, 14.8578189]]}, "properties": {"osmid": "35028307", "oneway": "False", "lanes": "3", "ref": NaN, "name": "Autopista Los Altos", "highway": "trunk", "maxspeed": NaN, "length": 129.42, "bridge": NaN, "tunnel": NaN, "access": NaN, "junction": NaN, "width": NaN, "est_width": NaN, "iri": 3.86999988555908}}, {"type": "Feature", "geometry": {"type": "LineString", "coordinates": [[-91.4740134, 14.8578189], [-91.4750849, 14.8564257]]}, "properties": {"osmid": "35028307", "oneway": "False", "lanes": "3", "ref": NaN, "name": "Autopista Los Altos", "highway": "trunk", "maxspeed": NaN, "length": 193.033, "bridge": NaN, "tunnel": NaN, "access": NaN, "junction": NaN, "width": NaN, "est_width": NaN, "iri": 3.86999988555908}}, {"type": "Feature", "geometry": {"type": "LineString", "coordinates": [[-91.4750849, 14.8564257], [-91.4754747, 14.8559197]]}, "properties": {"osmid": "35028307", "oneway": "False", "lanes": "3", "ref": NaN, "name": "Autopista Los Altos", "highway": "trunk", "maxspeed": NaN, "length": 70.149, "bridge": NaN, "tunnel": NaN, "access": NaN, "junction": NaN, "width": NaN, "est_width": NaN, "iri": 3.86999988555908}}, {"type": "Feature", "geometry": {"type": "LineString", "coordinates": [[-91.4754747, 14.8559197], [-91.4762575, 14.8549771]]}, "properties": {"osmid": "35028307", "oneway": "False", "lanes": "3", "ref": NaN, "name": "Autopista Los Altos", "highway": "trunk", "maxspeed": NaN, "length": 134.403, "bridge": NaN, "tunnel": NaN, "access": NaN, "junction": NaN, "width": NaN, "est_width": NaN, "iri": 3.86999988555908}}, {"type": "Feature", "geometry": {"type": "LineString", "coordinates": [[-91.4762575, 14.8549771], [-91.4767457, 14.8543212]]}, "properties": {"osmid": "35028307", "oneway": "False", "lanes": "3", "ref": NaN, "name": "Autopista Los Altos", "highway": "trunk", "maxspeed": NaN, "length": 89.847, "bridge": NaN, "tunnel": NaN, "access": NaN, "junction": NaN, "width": NaN, "est_width": NaN, "iri": 3.86999988555908}}, {"type": "Feature", "geometry": {"type": "LineString", "coordinates": [[-91.4767457, 14.8543212], [-91.476971, 14.8538235]]}, "properties": {"osmid": "35028307", "oneway": "False", "lanes": "3", "ref": NaN, "name": "Autopista Los Altos", "highway": "trunk", "maxspeed": NaN, "length": 60.408, "bridge": NaN, "tunnel": NaN, "access": NaN, "junction": NaN, "width": NaN, "est_width": NaN, "iri": 3.86999988555908}}, {"type": "Feature", "geometry": {"type": "LineString", "coordinates": [[-91.476971, 14.8538235], [-91.4770005, 14.853699]]}, "properties": {"osmid": "35028307", "oneway": "False", "lanes": "3", "ref": NaN, "name": "Autopista Los Altos", "highway": "trunk", "maxspeed": NaN, "length": 14.202, "bridge": NaN, "tunnel": NaN, "access": NaN, "junction": NaN, "width": NaN, "est_width": NaN, "iri": 3.86999988555908}}, {"type": "Feature", "geometry": {"type": "LineString", "coordinates": [[-91.4770005, 14.853699], [-91.4770166, 14.8535953]]}, "properties": {"osmid": "35028307", "oneway": "False", "lanes": "3", "ref": NaN, "name": "Autopista Los Altos", "highway": "trunk", "maxspeed": NaN, "length": 11.66, "bridge": NaN, "tunnel": NaN, "access": NaN, "junction": NaN, "width": NaN, "est_width": NaN, "iri": 3.86999988555908}}, {"type": "Feature", "geometry": {"type": "LineString", "coordinates": [[-91.4770166, 14.8535953], [-91.4770273, 14.8534449]]}, "properties": {"osmid": "35028307", "oneway": "False", "lanes": "3", "ref": NaN, "name": "Autopista Los Altos", "highway": "trunk", "maxspeed": NaN, "length": 16.763, "bridge": NaN, "tunnel": NaN, "access": NaN, "junction": NaN, "width": NaN, "est_width": NaN, "iri": 3.86999988555908}}, {"type": "Feature", "geometry": {"type": "LineString", "coordinates": [[-91.4770273, 14.8534449], [-91.4770407, 14.8532557]]}, "properties": {"osmid": "35028307", "oneway": "False", "lanes": "3", "ref": NaN, "name": "Autopista Los Altos", "highway": "trunk", "maxspeed": NaN, "length": 21.087, "bridge": NaN, "tunnel": NaN, "access": NaN, "junction": NaN, "width": NaN, "est_width": NaN, "iri": 3.86999988555908}}, {"type": "Feature", "geometry": {"type": "LineString", "coordinates": [[-91.4770407, 14.8532557], [-91.4769871, 14.852369]]}, "properties": {"osmid": "35028307", "oneway": "False", "lanes": "3", "ref": NaN, "name": "Autopista Los Altos", "highway": "trunk", "maxspeed": NaN, "length": 98.765, "bridge": NaN, "tunnel": NaN, "access": NaN, "junction": NaN, "width": NaN, "est_width": NaN, "iri": 3.86999988555908}}, {"type": "Feature", "geometry": {"type": "LineString", "coordinates": [[-91.4769871, 14.852369], [-91.4769629, 14.8521486]]}, "properties": {"osmid": "35028307", "oneway": "False", "lanes": "3", "ref": NaN, "name": "Autopista Los Altos", "highway": "trunk", "maxspeed": NaN, "length": 24.645, "bridge": NaN, "tunnel": NaN, "access": NaN, "junction": NaN, "width": NaN, "est_width": NaN, "iri": 3.86999988555908}}, {"type": "Feature", "geometry": {"type": "LineString", "coordinates": [[-91.4769629, 14.8521486], [-91.4769549, 14.8520112]]}, "properties": {"osmid": "35028307", "oneway": "False", "lanes": "3", "ref": NaN, "name": "Autopista Los Altos", "highway": "trunk", "maxspeed": NaN, "length": 15.302, "bridge": NaN, "tunnel": NaN, "access": NaN, "junction": NaN, "width": NaN, "est_width": NaN, "iri": 3.86999988555908}}, {"type": "Feature", "geometry": {"type": "LineString", "coordinates": [[-91.4769549, 14.8520112], [-91.4769093, 14.8512568]]}, "properties": {"osmid": "35028307", "oneway": "False", "lanes": "3", "ref": NaN, "name": "Autopista Los Altos", "highway": "trunk", "maxspeed": NaN, "length": 84.029, "bridge": NaN, "tunnel": NaN, "access": NaN, "junction": NaN, "width": NaN, "est_width": NaN, "iri": 3.86999988555908}}, {"type": "Feature", "geometry": {"type": "LineString", "coordinates": [[-91.4769093, 14.8512568], [-91.4768878, 14.8508653]]}, "properties": {"osmid": "35028307", "oneway": "False", "lanes": "3", "ref": NaN, "name": "Autopista Los Altos", "highway": "trunk", "maxspeed": NaN, "length": 43.594, "bridge": NaN, "tunnel": NaN, "access": NaN, "junction": NaN, "width": NaN, "est_width": NaN, "iri": 3.86999988555908}}, {"type": "Feature", "geometry": {"type": "LineString", "coordinates": [[-91.4768878, 14.8508653], [-91.4768664, 14.8506527]]}, "properties": {"osmid": "35028307", "oneway": "False", "lanes": "3", "ref": NaN, "name": "Autopista Los Altos", "highway": "trunk", "maxspeed": NaN, "length": 23.752, "bridge": NaN, "tunnel": NaN, "access": NaN, "junction": NaN, "width": NaN, "est_width": NaN, "iri": 3.86999988555908}}, {"type": "Feature", "geometry": {"type": "LineString", "coordinates": [[-91.4768664, 14.8506527], [-91.4768694, 14.8502721]]}, "properties": {"osmid": "400852142", "oneway": "False", "lanes": "3", "ref": NaN, "name": "Autopista Los Altos", "highway": "trunk", "maxspeed": NaN, "length": 42.322, "bridge": NaN, "tunnel": NaN, "access": NaN, "junction": NaN, "width": NaN, "est_width": NaN, "iri": 3.86999988555908}}, {"type": "Feature", "geometry": {"type": "LineString", "coordinates": [[-91.4768694, 14.8502721], [-91.4768907, 14.8499444]]}, "properties": {"osmid": "400852142", "oneway": "False", "lanes": "3", "ref": NaN, "name": "Autopista Los Altos", "highway": "trunk", "maxspeed": NaN, "length": 36.51, "bridge": NaN, "tunnel": NaN, "access": NaN, "junction": NaN, "width": NaN, "est_width": NaN, "iri": 3.86999988555908}}, {"type": "Feature", "geometry": {"type": "LineString", "coordinates": [[-91.4768907, 14.8499444], [-91.4771507, 14.8495457]]}, "properties": {"osmid": "400852142", "oneway": "False", "lanes": "3", "ref": NaN, "name": "Autopista Los Altos", "highway": "trunk", "maxspeed": NaN, "length": 52.406, "bridge": NaN, "tunnel": NaN, "access": NaN, "junction": NaN, "width": NaN, "est_width": NaN, "iri": 3.86999988555908}}, {"type": "Feature", "geometry": {"type": "LineString", "coordinates": [[-91.4771507, 14.8495457], [-91.4773679, 14.8493149]]}, "properties": {"osmid": "400852142", "oneway": "False", "lanes": "3", "ref": NaN, "name": "Autopista Los Altos", "highway": "trunk", "maxspeed": NaN, "length": 34.693, "bridge": NaN, "tunnel": NaN, "access": NaN, "junction": NaN, "width": NaN, "est_width": NaN, "iri": 3.86999988555908}}, {"type": "Feature", "geometry": {"type": "LineString", "coordinates": [[-91.4773679, 14.8493149], [-91.477663, 14.8491334]]}, "properties": {"osmid": "400852142", "oneway": "False", "lanes": "3", "ref": NaN, "name": "Autopista Los Altos", "highway": "trunk", "maxspeed": NaN, "length": 37.594, "bridge": NaN, "tunnel": NaN, "access": NaN, "junction": NaN, "width": NaN, "est_width": NaN, "iri": 3.86999988555908}}, {"type": "Feature", "geometry": {"type": "LineString", "coordinates": [[-91.477663, 14.8491334], [-91.4779875, 14.848996]]}, "properties": {"osmid": "400852142", "oneway": "False", "lanes": "3", "ref": NaN, "name": "Autopista Los Altos", "highway": "trunk", "maxspeed": NaN, "length": 38.077, "bridge": NaN, "tunnel": NaN, "access": NaN, "junction": NaN, "width": NaN, "est_width": NaN, "iri": 3.86999988555908}}, {"type": "Feature", "geometry": {"type": "LineString", "coordinates": [[-91.4779875, 14.848996], [-91.4781806, 14.8489338]]}, "properties": {"osmid": "400852142", "oneway": "False", "lanes": "3", "ref": NaN, "name": "Autopista Los Altos", "highway": "trunk", "maxspeed": NaN, "length": 21.877, "bridge": NaN, "tunnel": NaN, "access": NaN, "junction": NaN, "width": NaN, "est_width": NaN, "iri": 3.86999988555908}}, {"type": "Feature", "geometry": {"type": "LineString", "coordinates": [[-91.4781806, 14.8489338], [-91.4784219, 14.8488603]]}, "properties": {"osmid": "400852142", "oneway": "False", "lanes": "3", "ref": NaN, "name": "Autopista Los Altos", "highway": "trunk", "maxspeed": NaN, "length": 27.193, "bridge": NaN, "tunnel": NaN, "access": NaN, "junction": NaN, "width": NaN, "est_width": NaN, "iri": 3.86999988555908}}, {"type": "Feature", "geometry": {"type": "LineString", "coordinates": [[-91.4784219, 14.8488603], [-91.4788496, 14.84873]]}, "properties": {"osmid": "400852142", "oneway": "False", "lanes": "3", "ref": NaN, "name": "Autopista Los Altos", "highway": "trunk", "maxspeed": NaN, "length": 48.199, "bridge": NaN, "tunnel": NaN, "access": NaN, "junction": NaN, "width": NaN, "est_width": NaN, "iri": 3.86999988555908}}, {"type": "Feature", "geometry": {"type": "LineString", "coordinates": [[-91.4788496, 14.84873], [-91.4791767, 14.8486304]]}, "properties": {"osmid": "400852142", "oneway": "False", "lanes": "3", "ref": NaN, "name": "Autopista Los Altos", "highway": "trunk", "maxspeed": NaN, "length": 36.86, "bridge": NaN, "tunnel": NaN, "access": NaN, "junction": NaN, "width": NaN, "est_width": NaN, "iri": 3.86999988555908}}, {"type": "Feature", "geometry": {"type": "LineString", "coordinates": [[-91.4791767, 14.8486304], [-91.4794574, 14.8485449]]}, "properties": {"osmid": "400852142", "oneway": "False", "lanes": "3", "ref": NaN, "name": "Autopista Los Altos", "highway": "trunk", "maxspeed": NaN, "length": 31.633, "bridge": NaN, "tunnel": NaN, "access": NaN, "junction": NaN, "width": NaN, "est_width": NaN, "iri": 3.86999988555908}}, {"type": "Feature", "geometry": {"type": "LineString", "coordinates": [[-91.4794574, 14.8485449], [-91.4796988, 14.8484697]]}, "properties": {"osmid": "400852142", "oneway": "False", "lanes": "3", "ref": NaN, "name": "Autopista Los Altos", "highway": "trunk", "maxspeed": NaN, "length": 27.26, "bridge": NaN, "tunnel": NaN, "access": NaN, "junction": NaN, "width": NaN, "est_width": NaN, "iri": 3.86999988555908}}, {"type": "Feature", "geometry": {"type": "LineString", "coordinates": [[-91.4796988, 14.8484697], [-91.4799812, 14.8483791]]}, "properties": {"osmid": "400852142", "oneway": "False", "lanes": "3", "ref": NaN, "name": "Autopista Los Altos", "highway": "trunk", "maxspeed": NaN, "length": 31.981, "bridge": NaN, "tunnel": NaN, "access": NaN, "junction": NaN, "width": NaN, "est_width": NaN, "iri": 3.86999988555908}}, {"type": "Feature", "geometry": {"type": "LineString", "coordinates": [[-91.4799812, 14.8483791], [-91.4803289, 14.8482676]]}, "properties": {"osmid": "400852142", "oneway": "False", "lanes": "3", "ref": NaN, "name": "Autopista Los Altos", "highway": "trunk", "maxspeed": NaN, "length": 39.374, "bridge": NaN, "tunnel": NaN, "access": NaN, "junction": NaN, "width": NaN, "est_width": NaN, "iri": 3.86999988555908}}, {"type": "Feature", "geometry": {"type": "LineString", "coordinates": [[-91.4803289, 14.8482676], [-91.4809594, 14.8480653]]}, "properties": {"osmid": "400852142", "oneway": "False", "lanes": "3", "ref": NaN, "name": "Autopista Los Altos", "highway": "trunk", "maxspeed": NaN, "length": 71.403, "bridge": NaN, "tunnel": NaN, "access": NaN, "junction": NaN, "width": NaN, "est_width": NaN, "iri": 3.86999988555908}}, {"type": "Feature", "geometry": {"type": "LineString", "coordinates": [[-91.4809594, 14.8480653], [-91.4820055, 14.8477282]]}, "properties": {"osmid": "400852142", "oneway": "False", "lanes": "3", "ref": NaN, "name": "Autopista Los Altos", "highway": "trunk", "maxspeed": NaN, "length": 118.521, "bridge": NaN, "tunnel": NaN, "access": NaN, "junction": NaN, "width": NaN, "est_width": NaN, "iri": 3.86999988555908}}, {"type": "Feature", "geometry": {"type": "LineString", "coordinates": [[-91.4820055, 14.8477282], [-91.4827181, 14.8474907]]}, "properties": {"osmid": "400852142", "oneway": "False", "lanes": "3", "ref": NaN, "name": "Autopista Los Altos", "highway": "trunk", "maxspeed": NaN, "length": 81.017, "bridge": NaN, "tunnel": NaN, "access": NaN, "junction": NaN, "width": NaN, "est_width": NaN, "iri": 3.86999988555908}}, {"type": "Feature", "geometry": {"type": "LineString", "coordinates": [[-91.4827181, 14.8474907], [-91.4840359, 14.8470515]]}, "properties": {"osmid": "400852142", "oneway": "False", "lanes": "3", "ref": NaN, "name": "Autopista Los Altos", "highway": "trunk", "maxspeed": NaN, "length": 149.823, "bridge": NaN, "tunnel": NaN, "access": NaN, "junction": NaN, "width": NaN, "est_width": NaN, "iri": 3.86999988555908}}, {"type": "Feature", "geometry": {"type": "LineString", "coordinates": [[-91.4840359, 14.8470515], [-91.4845428, 14.8468]]}, "properties": {"osmid": "400852142", "oneway": "False", "lanes": "3", "ref": NaN, "name": "Autopista Los Altos", "highway": "trunk", "maxspeed": NaN, "length": 61.241, "bridge": NaN, "tunnel": NaN, "access": NaN, "junction": NaN, "width": NaN, "est_width": NaN, "iri": 3.86999988555908}}, {"type": "Feature", "geometry": {"type": "LineString", "coordinates": [[-91.4845428, 14.8468], [-91.4849666, 14.846546]]}, "properties": {"osmid": "400852142", "oneway": "False", "lanes": "3", "ref": NaN, "name": "Autopista Los Altos", "highway": "trunk", "maxspeed": NaN, "length": 53.597, "bridge": NaN, "tunnel": NaN, "access": NaN, "junction": NaN, "width": NaN, "est_width": NaN, "iri": 3.86999988555908}}, {"type": "Feature", "geometry": {"type": "LineString", "coordinates": [[-91.4849666, 14.846546], [-91.485259, 14.8463463]]}, "properties": {"osmid": "400852142", "oneway": "False", "lanes": "3", "ref": NaN, "name": "Autopista Los Altos", "highway": "trunk", "maxspeed": NaN, "length": 38.481, "bridge": NaN, "tunnel": NaN, "access": NaN, "junction": NaN, "width": NaN, "est_width": NaN, "iri": 3.86999988555908}}, {"type": "Feature", "geometry": {"type": "LineString", "coordinates": [[-91.485259, 14.8463463], [-91.4854101, 14.8462501]]}, "properties": {"osmid": "402751364", "oneway": "True", "lanes": "2", "ref": NaN, "name": NaN, "highway": "trunk", "maxspeed": NaN, "length": 19.447, "bridge": NaN, "tunnel": NaN, "access": NaN, "junction": NaN, "width": NaN, "est_width": NaN, "iri": 3.86999988555908}}, {"type": "Feature", "geometry": {"type": "LineString", "coordinates": [[-91.4854101, 14.8462501], [-91.4856099, 14.8460509]]}, "properties": {"osmid": "35027818", "oneway": "True", "lanes": "2", "ref": NaN, "name": NaN, "highway": "trunk", "maxspeed": NaN, "length": 30.851, "bridge": "yes", "tunnel": NaN, "access": NaN, "junction": NaN, "width": NaN, "est_width": NaN, "iri": 3.86999988555908}}, {"type": "Feature", "geometry": {"type": "LineString", "coordinates": [[-91.4856099, 14.8460509], [-91.4856808, 14.8459708]]}, "properties": {"osmid": "48270711", "oneway": "True", "lanes": "2", "ref": NaN, "name": NaN, "highway": "trunk", "maxspeed": NaN, "length": 11.722, "bridge": NaN, "tunnel": NaN, "access": NaN, "junction": NaN, "width": NaN, "est_width": NaN, "iri": 3.86999988555908}}, {"type": "Feature", "geometry": {"type": "LineString", "coordinates": [[-91.4856808, 14.8459708], [-91.4857768, 14.845853]]}, "properties": {"osmid": "48270711", "oneway": "True", "lanes": "2", "ref": NaN, "name": NaN, "highway": "trunk", "maxspeed": NaN, "length": 16.675, "bridge": NaN, "tunnel": NaN, "access": NaN, "junction": NaN, "width": NaN, "est_width": NaN, "iri": 3.86999988555908}}, {"type": "Feature", "geometry": {"type": "LineString", "coordinates": [[-91.4857768, 14.845853], [-91.4858833, 14.8457241]]}, "properties": {"osmid": "48270711", "oneway": "True", "lanes": "2", "ref": NaN, "name": NaN, "highway": "trunk", "maxspeed": NaN, "length": 18.343, "bridge": NaN, "tunnel": NaN, "access": NaN, "junction": NaN, "width": NaN, "est_width": NaN, "iri": 3.86999988555908}}, {"type": "Feature", "geometry": {"type": "LineString", "coordinates": [[-91.4858833, 14.8457241], [-91.4859483, 14.8456553]]}, "properties": {"osmid": "48270711", "oneway": "True", "lanes": "2", "ref": NaN, "name": NaN, "highway": "trunk", "maxspeed": NaN, "length": 10.36, "bridge": NaN, "tunnel": NaN, "access": NaN, "junction": NaN, "width": NaN, "est_width": NaN, "iri": 3.86999988555908}}, {"type": "Feature", "geometry": {"type": "LineString", "coordinates": [[-91.4859483, 14.8456553], [-91.4860133, 14.8456019]]}, "properties": {"osmid": "48270711", "oneway": "True", "lanes": "2", "ref": NaN, "name": NaN, "highway": "trunk", "maxspeed": NaN, "length": 9.169, "bridge": NaN, "tunnel": NaN, "access": NaN, "junction": NaN, "width": NaN, "est_width": NaN, "iri": 3.86999988555908}}, {"type": "Feature", "geometry": {"type": "LineString", "coordinates": [[-91.4860133, 14.8456019], [-91.4861434, 14.845507]]}, "properties": {"osmid": "48270711", "oneway": "True", "lanes": "2", "ref": NaN, "name": NaN, "highway": "trunk", "maxspeed": NaN, "length": 17.518, "bridge": NaN, "tunnel": NaN, "access": NaN, "junction": NaN, "width": NaN, "est_width": NaN, "iri": 3.86999988555908}}, {"type": "Feature", "geometry": {"type": "LineString", "coordinates": [[-91.4861434, 14.845507], [-91.4861851, 14.8454868]]}, "properties": {"osmid": "48270711", "oneway": "True", "lanes": "2", "ref": NaN, "name": NaN, "highway": "trunk", "maxspeed": NaN, "length": 5.013, "bridge": NaN, "tunnel": NaN, "access": NaN, "junction": NaN, "width": NaN, "est_width": NaN, "iri": 3.86999988555908}}, {"type": "Feature", "geometry": {"type": "LineString", "coordinates": [[-91.4861851, 14.8454868], [-91.4862342, 14.8454762]]}, "properties": {"osmid": "48270711", "oneway": "True", "lanes": "2", "ref": NaN, "name": NaN, "highway": "trunk", "maxspeed": NaN, "length": 5.407, "bridge": NaN, "tunnel": NaN, "access": NaN, "junction": NaN, "width": NaN, "est_width": NaN, "iri": 3.86999988555908}}, {"type": "Feature", "geometry": {"type": "LineString", "coordinates": [[-91.4862342, 14.8454762], [-91.4863621, 14.8454644]]}, "properties": {"osmid": "48270711", "oneway": "True", "lanes": "2", "ref": NaN, "name": NaN, "highway": "trunk", "maxspeed": NaN, "length": 13.81, "bridge": NaN, "tunnel": NaN, "access": NaN, "junction": NaN, "width": NaN, "est_width": NaN, "iri": 3.86999988555908}}, {"type": "Feature", "geometry": {"type": "LineString", "coordinates": [[-91.4863621, 14.8454644], [-91.4865533, 14.8454511]]}, "properties": {"osmid": "48270711", "oneway": "True", "lanes": "2", "ref": NaN, "name": NaN, "highway": "trunk", "maxspeed": NaN, "length": 20.604, "bridge": NaN, "tunnel": NaN, "access": NaN, "junction": NaN, "width": NaN, "est_width": NaN, "iri": 3.86999988555908}}, {"type": "Feature", "geometry": {"type": "LineString", "coordinates": [[-91.4865533, 14.8454511], [-91.4866392, 14.8454401]]}, "properties": {"osmid": "48270711", "oneway": "True", "lanes": "2", "ref": NaN, "name": NaN, "highway": "trunk", "maxspeed": NaN, "length": 9.313, "bridge": NaN, "tunnel": NaN, "access": NaN, "junction": NaN, "width": NaN, "est_width": NaN, "iri": 3.86999988555908}}, {"type": "Feature", "geometry": {"type": "LineString", "coordinates": [[-91.4866392, 14.8454401], [-91.4867511, 14.8453993]]}, "properties": {"osmid": "48270711", "oneway": "True", "lanes": "2", "ref": NaN, "name": NaN, "highway": "trunk", "maxspeed": NaN, "length": 12.855, "bridge": NaN, "tunnel": NaN, "access": NaN, "junction": NaN, "width": NaN, "est_width": NaN, "iri": 3.86999988555908}}, {"type": "Feature", "geometry": {"type": "LineString", "coordinates": [[-91.4867511, 14.8453993], [-91.4869221, 14.8453131]]}, "properties": {"osmid": "48270711", "oneway": "True", "lanes": "2", "ref": NaN, "name": NaN, "highway": "trunk", "maxspeed": NaN, "length": 20.729, "bridge": NaN, "tunnel": NaN, "access": NaN, "junction": NaN, "width": NaN, "est_width": NaN, "iri": 3.86999988555908}}, {"type": "Feature", "geometry": {"type": "LineString", "coordinates": [[-91.4869221, 14.8453131], [-91.487134, 14.8452236]]}, "properties": {"osmid": "48270711", "oneway": "True", "lanes": "2", "ref": NaN, "name": NaN, "highway": "trunk", "maxspeed": NaN, "length": 24.855, "bridge": NaN, "tunnel": NaN, "access": NaN, "junction": NaN, "width": NaN, "est_width": NaN, "iri": 3.86999988555908}}, {"type": "Feature", "geometry": {"type": "LineString", "coordinates": [[-91.487134, 14.8452236], [-91.4874946, 14.8450059]]}, "properties": {"osmid": "28907576", "oneway": "True", "lanes": "2", "ref": NaN, "name": "7a Avenida", "highway": "trunk", "maxspeed": NaN, "length": 45.697, "bridge": NaN, "tunnel": NaN, "access": NaN, "junction": NaN, "width": NaN, "est_width": NaN, "iri": 3.86999988555908}}, {"type": "Feature", "geometry": {"type": "LineString", "coordinates": [[-91.4874946, 14.8450059], [-91.4875998, 14.8449121]]}, "properties": {"osmid": "28907576", "oneway": "True", "lanes": "2", "ref": NaN, "name": "7a Avenida", "highway": "trunk", "maxspeed": NaN, "length": 15.383, "bridge": NaN, "tunnel": NaN, "access": NaN, "junction": NaN, "width": NaN, "est_width": NaN, "iri": 3.86999988555908}}, {"type": "Feature", "geometry": {"type": "LineString", "coordinates": [[-91.4875998, 14.8449121], [-91.4879204, 14.844768]]}, "properties": {"osmid": "402751358", "oneway": "False", "lanes": "2", "ref": NaN, "name": "7a Avenida", "highway": "trunk", "maxspeed": NaN, "length": 38.002, "bridge": NaN, "tunnel": NaN, "access": NaN, "junction": NaN, "width": NaN, "est_width": NaN, "iri": 3.86999988555908}}, {"type": "Feature", "geometry": {"type": "LineString", "coordinates": [[-91.4879204, 14.844768], [-91.4884487, 14.8445405]]}, "properties": {"osmid": "402751358", "oneway": "False", "lanes": "2", "ref": NaN, "name": "7a Avenida", "highway": "trunk", "maxspeed": NaN, "length": 62.164, "bridge": NaN, "tunnel": NaN, "access": NaN, "junction": NaN, "width": NaN, "est_width": NaN, "iri": 3.86999988555908}}, {"type": "Feature", "geometry": {"type": "LineString", "coordinates": [[-91.4884487, 14.8445405], [-91.4886755, 14.8444458]]}, "properties": {"osmid": "402751358", "oneway": "False", "lanes": "2", "ref": NaN, "name": "7a Avenida", "highway": "trunk", "maxspeed": NaN, "length": 26.554, "bridge": NaN, "tunnel": NaN, "access": NaN, "junction": NaN, "width": NaN, "est_width": NaN, "iri": 3.86999988555908}}, {"type": "Feature", "geometry": {"type": "LineString", "coordinates": [[-91.4886755, 14.8444458], [-91.4901031, 14.8437873]]}, "properties": {"osmid": "402751358", "oneway": "False", "lanes": "2", "ref": NaN, "name": "7a Avenida", "highway": "trunk", "maxspeed": NaN, "length": 170.019, "bridge": NaN, "tunnel": NaN, "access": NaN, "junction": NaN, "width": NaN, "est_width": NaN, "iri": 3.86999988555908}}, {"type": "Feature", "geometry": {"type": "LineString", "coordinates": [[-91.4901031, 14.8437873], [-91.4908474, 14.8433246]]}, "properties": {"osmid": "402751358", "oneway": "False", "lanes": "2", "ref": NaN, "name": "7a Avenida", "highway": "trunk", "maxspeed": NaN, "length": 95.117, "bridge": NaN, "tunnel": NaN, "access": NaN, "junction": NaN, "width": NaN, "est_width": NaN, "iri": 3.86999988555908}}, {"type": "Feature", "geometry": {"type": "LineString", "coordinates": [[-91.4908474, 14.8433246], [-91.4910982, 14.8431755]]}, "properties": {"osmid": "402751358", "oneway": "False", "lanes": "2", "ref": NaN, "name": "7a Avenida", "highway": "trunk", "maxspeed": NaN, "length": 31.647, "bridge": NaN, "tunnel": NaN, "access": NaN, "junction": NaN, "width": NaN, "est_width": NaN, "iri": 3.86999988555908}}, {"type": "Feature", "geometry": {"type": "LineString", "coordinates": [[-91.4910982, 14.8431755], [-91.4916457, 14.8428444]]}, "properties": {"osmid": "402751358", "oneway": "False", "lanes": "2", "ref": NaN, "name": "7a Avenida", "highway": "trunk", "maxspeed": NaN, "length": 69.416, "bridge": NaN, "tunnel": NaN, "access": NaN, "junction": NaN, "width": NaN, "est_width": NaN, "iri": 3.86999988555908}}, {"type": "Feature", "geometry": {"type": "LineString", "coordinates": [[-91.4916457, 14.8428444], [-91.4925087, 14.8425079]]}, "properties": {"osmid": "402751358", "oneway": "False", "lanes": "2", "ref": NaN, "name": "7a Avenida", "highway": "trunk", "maxspeed": NaN, "length": 100.022, "bridge": NaN, "tunnel": NaN, "access": NaN, "junction": NaN, "width": NaN, "est_width": NaN, "iri": 3.86999988555908}}, {"type": "Feature", "geometry": {"type": "LineString", "coordinates": [[-91.4925087, 14.8425079], [-91.4945505, 14.8417837]]}, "properties": {"osmid": "402751358", "oneway": "False", "lanes": "2", "ref": NaN, "name": "7a Avenida", "highway": "trunk", "maxspeed": NaN, "length": 233.771, "bridge": NaN, "tunnel": NaN, "access": NaN, "junction": NaN, "width": NaN, "est_width": NaN, "iri": 3.86999988555908}}, {"type": "Feature", "geometry": {"type": "LineString", "coordinates": [[-91.4945505, 14.8417837], [-91.4947628, 14.8417047]]}, "properties": {"osmid": "402751358", "oneway": "False", "lanes": "2", "ref": NaN, "name": "7a Avenida", "highway": "trunk", "maxspeed": NaN, "length": 24.452, "bridge": NaN, "tunnel": NaN, "access": NaN, "junction": NaN, "width": NaN, "est_width": NaN, "iri": 3.86999988555908}}, {"type": "Feature", "geometry": {"type": "LineString", "coordinates": [[-91.4947628, 14.8417047], [-91.4954075, 14.8414648]]}, "properties": {"osmid": "402751358", "oneway": "False", "lanes": "2", "ref": NaN, "name": "7a Avenida", "highway": "trunk", "maxspeed": NaN, "length": 74.253, "bridge": NaN, "tunnel": NaN, "access": NaN, "junction": NaN, "width": NaN, "est_width": NaN, "iri": 3.86999988555908}}, {"type": "Feature", "geometry": {"type": "LineString", "coordinates": [[-91.4954075, 14.8414648], [-91.4956381, 14.8413857]]}, "properties": {"osmid": "402751358", "oneway": "False", "lanes": "2", "ref": NaN, "name": "7a Avenida", "highway": "trunk", "maxspeed": NaN, "length": 26.3, "bridge": NaN, "tunnel": NaN, "access": NaN, "junction": NaN, "width": NaN, "est_width": NaN, "iri": 3.86999988555908}}, {"type": "Feature", "geometry": {"type": "LineString", "coordinates": [[-91.4956381, 14.8413857], [-91.4958916, 14.8413274]]}, "properties": {"osmid": "402751358", "oneway": "False", "lanes": "2", "ref": NaN, "name": "7a Avenida", "highway": "trunk", "maxspeed": NaN, "length": 28.008, "bridge": NaN, "tunnel": NaN, "access": NaN, "junction": NaN, "width": NaN, "est_width": NaN, "iri": 3.86999988555908}}, {"type": "Feature", "geometry": {"type": "LineString", "coordinates": [[-91.4958916, 14.8413274], [-91.4964361, 14.8412172]]}, "properties": {"osmid": "402751358", "oneway": "False", "lanes": "2", "ref": NaN, "name": "7a Avenida", "highway": "trunk", "maxspeed": NaN, "length": 59.795, "bridge": NaN, "tunnel": NaN, "access": NaN, "junction": NaN, "width": NaN, "est_width": NaN, "iri": 3.86999988555908}}, {"type": "Feature", "geometry": {"type": "LineString", "coordinates": [[-91.4964361, 14.8412172], [-91.4969728, 14.8411086]]}, "properties": {"osmid": "402751358", "oneway": "False", "lanes": "2", "ref": NaN, "name": "7a Avenida", "highway": "trunk", "maxspeed": NaN, "length": 58.938, "bridge": NaN, "tunnel": NaN, "access": NaN, "junction": NaN, "width": NaN, "est_width": NaN, "iri": 3.86999988555908}}, {"type": "Feature", "geometry": {"type": "LineString", "coordinates": [[-91.4969728, 14.8411086], [-91.4983016, 14.8408399]]}, "properties": {"osmid": "402751358", "oneway": "False", "lanes": "2", "ref": NaN, "name": "7a Avenida", "highway": "trunk", "maxspeed": NaN, "length": 145.919, "bridge": NaN, "tunnel": NaN, "access": NaN, "junction": NaN, "width": NaN, "est_width": NaN, "iri": 3.86999988555908}}, {"type": "Feature", "geometry": {"type": "LineString", "coordinates": [[-91.4983016, 14.8408399], [-91.4988969, 14.8407164]]}, "properties": {"osmid": "402751358", "oneway": "False", "lanes": "2", "ref": NaN, "name": "7a Avenida", "highway": "trunk", "maxspeed": NaN, "length": 65.443, "bridge": NaN, "tunnel": NaN, "access": NaN, "junction": NaN, "width": NaN, "est_width": NaN, "iri": 3.86999988555908}}, {"type": "Feature", "geometry": {"type": "LineString", "coordinates": [[-91.4988969, 14.8407164], [-91.499149, 14.8406604]]}, "properties": {"osmid": "402751358", "oneway": "False", "lanes": "2", "ref": NaN, "name": "7a Avenida", "highway": "trunk", "maxspeed": NaN, "length": 27.803, "bridge": NaN, "tunnel": NaN, "access": NaN, "junction": NaN, "width": NaN, "est_width": NaN, "iri": 3.86999988555908}}, {"type": "Feature", "geometry": {"type": "LineString", "coordinates": [[-91.499149, 14.8406604], [-91.4995635, 14.8405781]]}, "properties": {"osmid": "402751358", "oneway": "False", "lanes": "2", "ref": NaN, "name": "7a Avenida", "highway": "trunk", "maxspeed": NaN, "length": 45.483, "bridge": NaN, "tunnel": NaN, "access": NaN, "junction": NaN, "width": NaN, "est_width": NaN, "iri": 3.86999988555908}}, {"type": "Feature", "geometry": {"type": "LineString", "coordinates": [[-91.4995635, 14.8405781], [-91.5005969, 14.8403367]]}, "properties": {"osmid": "402751358", "oneway": "False", "lanes": "2", "ref": NaN, "name": "7a Avenida", "highway": "trunk", "maxspeed": NaN, "length": 114.273, "bridge": NaN, "tunnel": NaN, "access": NaN, "junction": NaN, "width": NaN, "est_width": NaN, "iri": 3.86999988555908}}, {"type": "Feature", "geometry": {"type": "LineString", "coordinates": [[-91.5005969, 14.8403367], [-91.5008493, 14.8402778]]}, "properties": {"osmid": "402751358", "oneway": "False", "lanes": "2", "ref": NaN, "name": "7a Avenida", "highway": "trunk", "maxspeed": NaN, "length": 27.909, "bridge": NaN, "tunnel": NaN, "access": NaN, "junction": NaN, "width": NaN, "est_width": NaN, "iri": 3.86999988555908}}, {"type": "Feature", "geometry": {"type": "LineString", "coordinates": [[-91.5008493, 14.8402778], [-91.5014769, 14.8401806]]}, "properties": {"osmid": "402751358", "oneway": "False", "lanes": "2", "ref": NaN, "name": "7a Avenida", "highway": "trunk", "maxspeed": NaN, "length": 68.319, "bridge": NaN, "tunnel": NaN, "access": NaN, "junction": NaN, "width": NaN, "est_width": NaN, "iri": 3.86999988555908}}, {"type": "Feature", "geometry": {"type": "LineString", "coordinates": [[-91.5014769, 14.8401806], [-91.5019219, 14.8401117]]}, "properties": {"osmid": "402751358", "oneway": "False", "lanes": "2", "ref": NaN, "name": "7a Avenida", "highway": "trunk", "maxspeed": NaN, "length": 48.441, "bridge": NaN, "tunnel": NaN, "access": NaN, "junction": NaN, "width": NaN, "est_width": NaN, "iri": 3.86999988555908}}, {"type": "Feature", "geometry": {"type": "LineString", "coordinates": [[-91.5019219, 14.8401117], [-91.5038087, 14.8398031]]}, "properties": {"osmid": "402751358", "oneway": "False", "lanes": "2", "ref": NaN, "name": "7a Avenida", "highway": "trunk", "maxspeed": NaN, "length": 205.687, "bridge": NaN, "tunnel": NaN, "access": NaN, "junction": NaN, "width": NaN, "est_width": NaN, "iri": 3.86999988555908}}, {"type": "Feature", "geometry": {"type": "LineString", "coordinates": [[-91.5038087, 14.8398031], [-91.5040002, 14.8397671]]}, "properties": {"osmid": "402751358", "oneway": "False", "lanes": "2", "ref": NaN, "name": "7a Avenida", "highway": "trunk", "maxspeed": NaN, "length": 20.969, "bridge": NaN, "tunnel": NaN, "access": NaN, "junction": NaN, "width": NaN, "est_width": NaN, "iri": 3.86999988555908}}, {"type": "Feature", "geometry": {"type": "LineString", "coordinates": [[-91.5040002, 14.8397671], [-91.5047798, 14.8396332]]}, "properties": {"osmid": "402751358", "oneway": "False", "lanes": "2", "ref": NaN, "name": "7a Avenida", "highway": "trunk", "maxspeed": NaN, "length": 85.109, "bridge": NaN, "tunnel": NaN, "access": NaN, "junction": NaN, "width": NaN, "est_width": NaN, "iri": 3.86999988555908}}, {"type": "Feature", "geometry": {"type": "LineString", "coordinates": [[-91.5047798, 14.8396332], [-91.5053655, 14.8395179]]}, "properties": {"osmid": "402751358", "oneway": "False", "lanes": "2", "ref": NaN, "name": "7a Avenida", "highway": "trunk", "maxspeed": NaN, "length": 64.247, "bridge": NaN, "tunnel": NaN, "access": NaN, "junction": NaN, "width": NaN, "est_width": NaN, "iri": 3.86999988555908}}, {"type": "Feature", "geometry": {"type": "LineString", "coordinates": [[-91.5053655, 14.8395179], [-91.5056727, 14.8394425]]}, "properties": {"osmid": "402751358", "oneway": "False", "lanes": "2", "ref": NaN, "name": "7a Avenida", "highway": "trunk", "maxspeed": NaN, "length": 34.068, "bridge": NaN, "tunnel": NaN, "access": NaN, "junction": NaN, "width": NaN, "est_width": NaN, "iri": 3.86999988555908}}, {"type": "Feature", "geometry": {"type": "LineString", "coordinates": [[-91.5056727, 14.8394425], [-91.5061373, 14.8392703]]}, "properties": {"osmid": "402751358", "oneway": "False", "lanes": "2", "ref": NaN, "name": "7a Avenida", "highway": "trunk", "maxspeed": NaN, "length": 53.483, "bridge": NaN, "tunnel": NaN, "access": NaN, "junction": NaN, "width": NaN, "est_width": NaN, "iri": 3.86999988555908}}, {"type": "Feature", "geometry": {"type": "LineString", "coordinates": [[-91.5061373, 14.8392703], [-91.5063893, 14.8391229]]}, "properties": {"osmid": "402751358", "oneway": "False", "lanes": "2", "ref": NaN, "name": "7a Avenida", "highway": "trunk", "maxspeed": NaN, "length": 31.659, "bridge": NaN, "tunnel": NaN, "access": NaN, "junction": NaN, "width": NaN, "est_width": NaN, "iri": 3.86999988555908}}, {"type": "Feature", "geometry": {"type": "LineString", "coordinates": [[-91.5063893, 14.8391229], [-91.5065002, 14.839058]]}, "properties": {"osmid": "402751358", "oneway": "False", "lanes": "2", "ref": NaN, "name": "7a Avenida", "highway": "trunk", "maxspeed": NaN, "length": 13.935, "bridge": NaN, "tunnel": NaN, "access": NaN, "junction": NaN, "width": NaN, "est_width": NaN, "iri": 3.86999988555908}}, {"type": "Feature", "geometry": {"type": "LineString", "coordinates": [[-91.5065002, 14.839058], [-91.5069553, 14.8387519]]}, "properties": {"osmid": "402751358", "oneway": "False", "lanes": "2", "ref": NaN, "name": "7a Avenida", "highway": "trunk", "maxspeed": NaN, "length": 59.594, "bridge": NaN, "tunnel": NaN, "access": NaN, "junction": NaN, "width": NaN, "est_width": NaN, "iri": 3.86999988555908}}, {"type": "Feature", "geometry": {"type": "LineString", "coordinates": [[-91.5069553, 14.8387519], [-91.5071483, 14.8384438]]}, "properties": {"osmid": "402751353", "oneway": "True", "lanes": NaN, "ref": NaN, "name": "7a Avenida", "highway": "trunk", "maxspeed": NaN, "length": 40.051, "bridge": NaN, "tunnel": NaN, "access": NaN, "junction": NaN, "width": NaN, "est_width": NaN, "iri": 3.86999988555908}}, {"type": "Feature", "geometry": {"type": "LineString", "coordinates": [[-91.5071483, 14.8384438], [-91.5071575, 14.8384251]]}, "properties": {"osmid": "83047214", "oneway": "True", "lanes": NaN, "ref": NaN, "name": NaN, "highway": "primary", "maxspeed": NaN, "length": 2.303, "bridge": NaN, "tunnel": NaN, "access": NaN, "junction": "roundabout", "width": NaN, "est_width": NaN, "iri": 3.86999988555908}}, {"type": "Feature", "geometry": {"type": "LineString", "coordinates": [[-91.5071575, 14.8384251], [-91.5071695, 14.8384079]]}, "properties": {"osmid": "83047214", "oneway": "True", "lanes": NaN, "ref": NaN, "name": NaN, "highway": "primary", "maxspeed": NaN, "length": 2.307, "bridge": NaN, "tunnel": NaN, "access": NaN, "junction": "roundabout", "width": NaN, "est_width": NaN, "iri": 3.86999988555908}}, {"type": "Feature", "geometry": {"type": "LineString", "coordinates": [[-91.5071695, 14.8384079], [-91.5071839, 14.8383927]]}, "properties": {"osmid": "83047214", "oneway": "True", "lanes": NaN, "ref": NaN, "name": NaN, "highway": "primary", "maxspeed": NaN, "length": 2.292, "bridge": NaN, "tunnel": NaN, "access": NaN, "junction": "roundabout", "width": NaN, "est_width": NaN, "iri": 3.86999988555908}}, {"type": "Feature", "geometry": {"type": "LineString", "coordinates": [[-91.5071839, 14.8383927], [-91.5072006, 14.8383796]]}, "properties": {"osmid": "83047214", "oneway": "True", "lanes": NaN, "ref": NaN, "name": NaN, "highway": "primary", "maxspeed": NaN, "length": 2.312, "bridge": NaN, "tunnel": NaN, "access": NaN, "junction": "roundabout", "width": NaN, "est_width": NaN, "iri": 3.86999988555908}}, {"type": "Feature", "geometry": {"type": "LineString", "coordinates": [[-91.5072006, 14.8383796], [-91.507219, 14.8383691]]}, "properties": {"osmid": "83047214", "oneway": "True", "lanes": NaN, "ref": NaN, "name": NaN, "highway": "primary", "maxspeed": NaN, "length": 2.297, "bridge": NaN, "tunnel": NaN, "access": NaN, "junction": "roundabout", "width": NaN, "est_width": NaN, "iri": 3.86999988555908}}, {"type": "Feature", "geometry": {"type": "LineString", "coordinates": [[-91.507219, 14.8383691], [-91.5072389, 14.8383614]]}, "properties": {"osmid": "83047214", "oneway": "True", "lanes": NaN, "ref": NaN, "name": NaN, "highway": "primary", "maxspeed": NaN, "length": 2.304, "bridge": NaN, "tunnel": NaN, "access": NaN, "junction": "roundabout", "width": NaN, "est_width": NaN, "iri": 3.86999988555908}}, {"type": "Feature", "geometry": {"type": "LineString", "coordinates": [[-91.5072389, 14.8383614], [-91.5072597, 14.8383566]]}, "properties": {"osmid": "83047214", "oneway": "True", "lanes": NaN, "ref": NaN, "name": NaN, "highway": "primary", "maxspeed": NaN, "length": 2.299, "bridge": NaN, "tunnel": NaN, "access": NaN, "junction": "roundabout", "width": NaN, "est_width": NaN, "iri": 3.86999988555908}}, {"type": "Feature", "geometry": {"type": "LineString", "coordinates": [[-91.5072597, 14.8383566], [-91.5074238, 14.8382614]]}, "properties": {"osmid": "795456459", "oneway": "True", "lanes": "2", "ref": NaN, "name": "Avenida La Independencia", "highway": "primary", "maxspeed": NaN, "length": 20.571, "bridge": NaN, "tunnel": NaN, "access": NaN, "junction": NaN, "width": NaN, "est_width": NaN, "iri": 3.86999988555908}}, {"type": "Feature", "geometry": {"type": "LineString", "coordinates": [[-91.5074238, 14.8382614], [-91.5077391, 14.8380867]]}, "properties": {"osmid": "795456459", "oneway": "True", "lanes": "2", "ref": NaN, "name": "Avenida La Independencia", "highway": "primary", "maxspeed": NaN, "length": 39.063, "bridge": NaN, "tunnel": NaN, "access": NaN, "junction": NaN, "width": NaN, "est_width": NaN, "iri": 3.86999988555908}}, {"type": "Feature", "geometry": {"type": "LineString", "coordinates": [[-91.5077391, 14.8380867], [-91.50786, 14.8379946]]}, "properties": {"osmid": "795456459", "oneway": "True", "lanes": "2", "ref": NaN, "name": "Avenida La Independencia", "highway": "primary", "maxspeed": NaN, "length": 16.546, "bridge": NaN, "tunnel": NaN, "access": NaN, "junction": NaN, "width": NaN, "est_width": NaN, "iri": 3.86999988555908}}, {"type": "Feature", "geometry": {"type": "LineString", "coordinates": [[-91.50786, 14.8379946], [-91.5080629, 14.83784]]}, "properties": {"osmid": "795456459", "oneway": "True", "lanes": "2", "ref": NaN, "name": "Avenida La Independencia", "highway": "primary", "maxspeed": NaN, "length": 27.77, "bridge": NaN, "tunnel": NaN, "access": NaN, "junction": NaN, "width": NaN, "est_width": NaN, "iri": 3.86999988555908}}, {"type": "Feature", "geometry": {"type": "LineString", "coordinates": [[-91.5080629, 14.83784], [-91.5082636, 14.8376872]]}, "properties": {"osmid": "795456459", "oneway": "True", "lanes": "2", "ref": NaN, "name": "Avenida La Independencia", "highway": "primary", "maxspeed": NaN, "length": 27.46, "bridge": NaN, "tunnel": NaN, "access": NaN, "junction": NaN, "width": NaN, "est_width": NaN, "iri": 3.86999988555908}}, {"type": "Feature", "geometry": {"type": "LineString", "coordinates": [[-91.5082636, 14.8376872], [-91.5085118, 14.8374981]]}, "properties": {"osmid": "795456459", "oneway": "True", "lanes": "2", "ref": NaN, "name": "Avenida La Independencia", "highway": "primary", "maxspeed": NaN, "length": 33.969, "bridge": NaN, "tunnel": NaN, "access": NaN, "junction": NaN, "width": NaN, "est_width": NaN, "iri": 3.86999988555908}}, {"type": "Feature", "geometry": {"type": "LineString", "coordinates": [[-91.5085118, 14.8374981], [-91.5087615, 14.8373079]]}, "properties": {"osmid": "795456459", "oneway": "True", "lanes": "2", "ref": NaN, "name": "Avenida La Independencia", "highway": "primary", "maxspeed": NaN, "length": 34.171, "bridge": NaN, "tunnel": NaN, "access": NaN, "junction": NaN, "width": NaN, "est_width": NaN, "iri": 3.86999988555908}}, {"type": "Feature", "geometry": {"type": "LineString", "coordinates": [[-91.5087615, 14.8373079], [-91.508963, 14.8371544]]}, "properties": {"osmid": "795456459", "oneway": "True", "lanes": "2", "ref": NaN, "name": "Avenida La Independencia", "highway": "primary", "maxspeed": NaN, "length": 27.576, "bridge": NaN, "tunnel": NaN, "access": NaN, "junction": NaN, "width": NaN, "est_width": NaN, "iri": 3.86999988555908}}, {"type": "Feature", "geometry": {"type": "LineString", "coordinates": [[-91.508963, 14.8371544], [-91.5091574, 14.8370063]]}, "properties": {"osmid": "795456459", "oneway": "True", "lanes": "2", "ref": NaN, "name": "Avenida La Independencia", "highway": "primary", "maxspeed": NaN, "length": 26.605, "bridge": NaN, "tunnel": NaN, "access": NaN, "junction": NaN, "width": NaN, "est_width": NaN, "iri": 3.86999988555908}}, {"type": "Feature", "geometry": {"type": "LineString", "coordinates": [[-91.5091574, 14.8370063], [-91.5093682, 14.8368458]]}, "properties": {"osmid": "795456459", "oneway": "True", "lanes": "2", "ref": NaN, "name": "Avenida La Independencia", "highway": "primary", "maxspeed": NaN, "length": 28.843, "bridge": NaN, "tunnel": NaN, "access": NaN, "junction": NaN, "width": NaN, "est_width": NaN, "iri": 3.86999988555908}}, {"type": "Feature", "geometry": {"type": "LineString", "coordinates": [[-91.5093682, 14.8368458], [-91.5096367, 14.8366412]]}, "properties": {"osmid": "795456459", "oneway": "True", "lanes": "2", "ref": NaN, "name": "Avenida La Independencia", "highway": "primary", "maxspeed": NaN, "length": 36.749, "bridge": NaN, "tunnel": NaN, "access": NaN, "junction": NaN, "width": NaN, "est_width": NaN, "iri": 3.86999988555908}}, {"type": "Feature", "geometry": {"type": "LineString", "coordinates": [[-91.5096367, 14.8366412], [-91.5099234, 14.8364476]]}, "properties": {"osmid": "795456459", "oneway": "True", "lanes": "2", "ref": NaN, "name": "Avenida La Independencia", "highway": "primary", "maxspeed": NaN, "length": 37.591, "bridge": NaN, "tunnel": NaN, "access": NaN, "junction": NaN, "width": NaN, "est_width": NaN, "iri": 3.86999988555908}}, {"type": "Feature", "geometry": {"type": "LineString", "coordinates": [[-91.5099234, 14.8364476], [-91.5101184, 14.8363119]]}, "properties": {"osmid": "795456459", "oneway": "True", "lanes": "2", "ref": NaN, "name": "Avenida La Independencia", "highway": "primary", "maxspeed": NaN, "length": 25.827, "bridge": NaN, "tunnel": NaN, "access": NaN, "junction": NaN, "width": NaN, "est_width": NaN, "iri": 3.86999988555908}}, {"type": "Feature", "geometry": {"type": "LineString", "coordinates": [[-91.5101184, 14.8363119], [-91.5102958, 14.8361767]]}, "properties": {"osmid": "28907375", "oneway": "True", "lanes": "2", "ref": NaN, "name": "Avenida La Independencia", "highway": "secondary", "maxspeed": NaN, "length": 24.282, "bridge": NaN, "tunnel": NaN, "access": NaN, "junction": NaN, "width": NaN, "est_width": NaN, "iri": 3.86999988555908}}, {"type": "Feature", "geometry": {"type": "LineString", "coordinates": [[-91.5102958, 14.8361767], [-91.5104793, 14.836037]]}, "properties": {"osmid": "28907375", "oneway": "True", "lanes": "2", "ref": NaN, "name": "Avenida La Independencia", "highway": "secondary", "maxspeed": NaN, "length": 25.107, "bridge": NaN, "tunnel": NaN, "access": NaN, "junction": NaN, "width": NaN, "est_width": NaN, "iri": 3.86999988555908}}, {"type": "Feature", "geometry": {"type": "LineString", "coordinates": [[-91.5104793, 14.836037], [-91.5106866, 14.835879]]}, "properties": {"osmid": "28907375", "oneway": "True", "lanes": "2", "ref": NaN, "name": "Avenida La Independencia", "highway": "secondary", "maxspeed": NaN, "length": 28.375, "bridge": NaN, "tunnel": NaN, "access": NaN, "junction": NaN, "width": NaN, "est_width": NaN, "iri": 3.86999988555908}}, {"type": "Feature", "geometry": {"type": "LineString", "coordinates": [[-91.5106866, 14.835879], [-91.510873, 14.8357405]]}, "properties": {"osmid": "28907375", "oneway": "True", "lanes": "2", "ref": NaN, "name": "Avenida La Independencia", "highway": "secondary", "maxspeed": NaN, "length": 25.271, "bridge": NaN, "tunnel": NaN, "access": NaN, "junction": NaN, "width": NaN, "est_width": NaN, "iri": 3.86999988555908}}, {"type": "Feature", "geometry": {"type": "LineString", "coordinates": [[-91.510873, 14.8357405], [-91.5110317, 14.8356196]]}, "properties": {"osmid": "28907375", "oneway": "True", "lanes": "2", "ref": NaN, "name": "Avenida La Independencia", "highway": "secondary", "maxspeed": NaN, "length": 21.719, "bridge": NaN, "tunnel": NaN, "access": NaN, "junction": NaN, "width": NaN, "est_width": NaN, "iri": 3.86999988555908}}, {"type": "Feature", "geometry": {"type": "LineString", "coordinates": [[-91.5110317, 14.8356196], [-91.5112047, 14.8354878]]}, "properties": {"osmid": "28907375", "oneway": "True", "lanes": "2", "ref": NaN, "name": "Avenida La Independencia", "highway": "secondary", "maxspeed": NaN, "length": 23.676, "bridge": NaN, "tunnel": NaN, "access": NaN, "junction": NaN, "width": NaN, "est_width": NaN, "iri": 3.86999988555908}}, {"type": "Feature", "geometry": {"type": "LineString", "coordinates": [[-91.5112047, 14.8354878], [-91.5113891, 14.8353473]]}, "properties": {"osmid": "28907375", "oneway": "True", "lanes": "2", "ref": NaN, "name": "Avenida La Independencia", "highway": "secondary", "maxspeed": NaN, "length": 25.238, "bridge": NaN, "tunnel": NaN, "access": NaN, "junction": NaN, "width": NaN, "est_width": NaN, "iri": 3.86999988555908}}, {"type": "Feature", "geometry": {"type": "LineString", "coordinates": [[-91.5113891, 14.8353473], [-91.5115678, 14.8352112]]}, "properties": {"osmid": "28907375", "oneway": "True", "lanes": "2", "ref": NaN, "name": "Avenida La Independencia", "highway": "secondary", "maxspeed": NaN, "length": 24.454, "bridge": NaN, "tunnel": NaN, "access": NaN, "junction": NaN, "width": NaN, "est_width": NaN, "iri": 3.86999988555908}}, {"type": "Feature", "geometry": {"type": "LineString", "coordinates": [[-91.5115678, 14.8352112], [-91.5117463, 14.8350752]]}, "properties": {"osmid": "28907375", "oneway": "True", "lanes": "2", "ref": NaN, "name": "Avenida La Independencia", "highway": "secondary", "maxspeed": NaN, "length": 24.43, "bridge": NaN, "tunnel": NaN, "access": NaN, "junction": NaN, "width": NaN, "est_width": NaN, "iri": 3.86999988555908}}, {"type": "Feature", "geometry": {"type": "LineString", "coordinates": [[-91.5117463, 14.8350752], [-91.511932, 14.8349323]]}, "properties": {"osmid": "28907375", "oneway": "True", "lanes": "2", "ref": NaN, "name": "Avenida La Independencia", "highway": "secondary", "maxspeed": NaN, "length": 25.513, "bridge": NaN, "tunnel": NaN, "access": NaN, "junction": NaN, "width": NaN, "est_width": NaN, "iri": 3.86999988555908}}, {"type": "Feature", "geometry": {"type": "LineString", "coordinates": [[-91.511932, 14.8349323], [-91.5122257, 14.8347875]]}, "properties": {"osmid": "28907375", "oneway": "True", "lanes": "2", "ref": NaN, "name": "Avenida La Independencia", "highway": "secondary", "maxspeed": NaN, "length": 35.438, "bridge": NaN, "tunnel": NaN, "access": NaN, "junction": NaN, "width": NaN, "est_width": NaN, "iri": 3.86999988555908}}, {"type": "Feature", "geometry": {"type": "LineString", "coordinates": [[-91.5122257, 14.8347875], [-91.5122854, 14.8347402]]}, "properties": {"osmid": "28907375", "oneway": "True", "lanes": "2", "ref": NaN, "name": "Avenida La Independencia", "highway": "secondary", "maxspeed": NaN, "length": 8.297, "bridge": NaN, "tunnel": NaN, "access": NaN, "junction": NaN, "width": NaN, "est_width": NaN, "iri": 3.86999988555908}}, {"type": "Feature", "geometry": {"type": "LineString", "coordinates": [[-91.5122854, 14.8347402], [-91.5124256, 14.8346421]]}, "properties": {"osmid": "28907370", "oneway": "False", "lanes": NaN, "ref": NaN, "name": "Diagonal 3", "highway": "secondary", "maxspeed": NaN, "length": 18.604, "bridge": NaN, "tunnel": NaN, "access": NaN, "junction": NaN, "width": NaN, "est_width": NaN, "iri": 3.86999988555908}}, {"type": "Feature", "geometry": {"type": "LineString", "coordinates": [[-91.5124256, 14.8346421], [-91.5126636, 14.8344877]]}, "properties": {"osmid": "28907370", "oneway": "False", "lanes": NaN, "ref": NaN, "name": "Diagonal 3", "highway": "secondary", "maxspeed": NaN, "length": 30.809, "bridge": NaN, "tunnel": NaN, "access": NaN, "junction": NaN, "width": NaN, "est_width": NaN, "iri": 3.86999988555908}}, {"type": "Feature", "geometry": {"type": "LineString", "coordinates": [[-91.5126636, 14.8344877], [-91.5130332, 14.8342472]]}, "properties": {"osmid": "384350110", "oneway": "True", "lanes": "2", "ref": NaN, "name": "Diagonal 3", "highway": "secondary", "maxspeed": NaN, "length": 47.89, "bridge": NaN, "tunnel": NaN, "access": NaN, "junction": NaN, "width": NaN, "est_width": NaN, "iri": 3.86999988555908}}, {"type": "Feature", "geometry": {"type": "LineString", "coordinates": [[-91.5130332, 14.8342472], [-91.5135227, 14.8338539]]}, "properties": {"osmid": "384350110", "oneway": "True", "lanes": "2", "ref": NaN, "name": "Diagonal 3", "highway": "secondary", "maxspeed": NaN, "length": 68.418, "bridge": NaN, "tunnel": NaN, "access": NaN, "junction": NaN, "width": NaN, "est_width": NaN, "iri": 3.86999988555908}}, {"type": "Feature", "geometry": {"type": "LineString", "coordinates": [[-91.5135227, 14.8338539], [-91.5136815, 14.8337784]]}, "properties": {"osmid": "384350110", "oneway": "True", "lanes": "2", "ref": NaN, "name": "Diagonal 3", "highway": "secondary", "maxspeed": NaN, "length": 19.022, "bridge": NaN, "tunnel": NaN, "access": NaN, "junction": NaN, "width": NaN, "est_width": NaN, "iri": 3.86999988555908}}, {"type": "Feature", "geometry": {"type": "LineString", "coordinates": [[-91.5136815, 14.8337784], [-91.5146614, 14.8335142]]}, "properties": {"osmid": "129554895", "oneway": "True", "lanes": "2", "ref": NaN, "name": "7a avenida", "highway": "secondary", "maxspeed": NaN, "length": 109.349, "bridge": NaN, "tunnel": NaN, "access": NaN, "junction": NaN, "width": NaN, "est_width": NaN, "iri": 3.86999988555908}}, {"type": "Feature", "geometry": {"type": "LineString", "coordinates": [[-91.5146614, 14.8335142], [-91.5151288, 14.8333751]]}, "properties": {"osmid": "129554895", "oneway": "True", "lanes": "2", "ref": NaN, "name": "7a avenida", "highway": "secondary", "maxspeed": NaN, "length": 52.568, "bridge": NaN, "tunnel": NaN, "access": NaN, "junction": NaN, "width": NaN, "est_width": NaN, "iri": 3.86999988555908}}, {"type": "Feature", "geometry": {"type": "LineString", "coordinates": [[-91.5151288, 14.8333751], [-91.5154892, 14.8334944]]}, "properties": {"osmid": "129558896", "oneway": "True", "lanes": "1", "ref": NaN, "name": "5a Calle Zona 1", "highway": "secondary", "maxspeed": NaN, "length": 40.948, "bridge": NaN, "tunnel": NaN, "access": NaN, "junction": NaN, "width": NaN, "est_width": NaN, "iri": 3.86999988555908}}, {"type": "Feature", "geometry": {"type": "LineString", "coordinates": [[-91.5154892, 14.8334944], [-91.5162377, 14.8337728]]}, "properties": {"osmid": "129558896", "oneway": "True", "lanes": "1", "ref": NaN, "name": "5a Calle Zona 1", "highway": "secondary", "maxspeed": NaN, "length": 86.206, "bridge": NaN, "tunnel": NaN, "access": NaN, "junction": NaN, "width": NaN, "est_width": NaN, "iri": 3.86999988555908}}, {"type": "Feature", "geometry": {"type": "LineString", "coordinates": [[-91.5162377, 14.8337728], [-91.5168364, 14.833998]]}, "properties": {"osmid": "129558896", "oneway": "True", "lanes": "1", "ref": NaN, "name": "5a Calle Zona 1", "highway": "secondary", "maxspeed": NaN, "length": 69.054, "bridge": NaN, "tunnel": NaN, "access": NaN, "junction": NaN, "width": NaN, "est_width": NaN, "iri": 3.86999988555908}}, {"type": "Feature", "geometry": {"type": "LineString", "coordinates": [[-91.5168364, 14.833998], [-91.51725, 14.8342012]]}, "properties": {"osmid": "389590537", "oneway": "True", "lanes": "1", "ref": NaN, "name": "5a Calle Zona 1", "highway": "secondary", "maxspeed": NaN, "length": 49.87, "bridge": NaN, "tunnel": NaN, "access": NaN, "junction": NaN, "width": NaN, "est_width": NaN, "iri": 3.86999988555908}}, {"type": "Feature", "geometry": {"type": "LineString", "coordinates": [[-91.51725, 14.8342012], [-91.5179789, 14.8345402]]}, "properties": {"osmid": "403181924", "oneway": "True", "lanes": "1", "ref": NaN, "name": "5a Calle Zona 1", "highway": "secondary", "maxspeed": NaN, "length": 86.945, "bridge": NaN, "tunnel": NaN, "access": NaN, "junction": NaN, "width": NaN, "est_width": NaN, "iri": 3.86999988555908}}, {"type": "Feature", "geometry": {"type": "LineString", "coordinates": [[-91.5179789, 14.8345402], [-91.5178824, 14.8348064]]}, "properties": {"osmid": "692434073", "oneway": "True", "lanes": "1", "ref": NaN, "name": "11 Avenida", "highway": "secondary", "maxspeed": NaN, "length": 31.365, "bridge": NaN, "tunnel": NaN, "access": NaN, "junction": NaN, "width": NaN, "est_width": NaN, "iri": 3.86999988555908}}]}