{"type": "FeatureCollection", "features": [{"type": "Feature", "geometry": {"type": "LineString", "coordinates": [[-91.4615134, 14.5819567], [-91.4618232, 14.5819367]]}, "properties": {"osmid": "283924688", "oneway": "True", "lanes": NaN, "ref": NaN, "name": NaN, "highway": "tertiary", "maxspeed": NaN, "length": 33.413, "bridge": NaN, "tunnel": NaN, "access": NaN, "junction": NaN, "width": NaN, "est_width": NaN, "iri": 7.23000001907349}}, {"type": "Feature", "geometry": {"type": "LineString", "coordinates": [[-91.4618232, 14.5819367], [-91.4621043, 14.5819425]]}, "properties": {"osmid": "283924688", "oneway": "True", "lanes": NaN, "ref": NaN, "name": NaN, "highway": "tertiary", "maxspeed": NaN, "length": 30.257, "bridge": NaN, "tunnel": NaN, "access": NaN, "junction": NaN, "width": NaN, "est_width": NaN, "iri": 7.23000001907349}}, {"type": "Feature", "geometry": {"type": "LineString", "coordinates": [[-91.4621043, 14.5819425], [-91.4621009, 14.5821186]]}, "properties": {"osmid": "388926020", "oneway": "True", "lanes": NaN, "ref": NaN, "name": "3a Avenida", "highway": "tertiary", "maxspeed": NaN, "length": 19.585, "bridge": NaN, "tunnel": NaN, "access": NaN, "junction": NaN, "width": NaN, "est_width": NaN, "iri": 7.23000001907349}}, {"type": "Feature", "geometry": {"type": "LineString", "coordinates": [[-91.4621009, 14.5821186], [-91.4624177, 14.5820933]]}, "properties": {"osmid": "388926028", "oneway": "False", "lanes": NaN, "ref": NaN, "name": "6a Calle", "highway": "tertiary", "maxspeed": NaN, "length": 34.208, "bridge": NaN, "tunnel": NaN, "access": NaN, "junction": NaN, "width": NaN, "est_width": NaN, "iri": 7.23000001907349}}, {"type": "Feature", "geometry": {"type": "LineString", "coordinates": [[-91.4624177, 14.5820933], [-91.4626506, 14.5820731]]}, "properties": {"osmid": "388926028", "oneway": "False", "lanes": NaN, "ref": NaN, "name": "6a Calle", "highway": "tertiary", "maxspeed": NaN, "length": 25.164, "bridge": NaN, "tunnel": NaN, "access": NaN, "junction": NaN, "width": NaN, "est_width": NaN, "iri": 7.23000001907349}}, {"type": "Feature", "geometry": {"type": "LineString", "coordinates": [[-91.4626506, 14.5820731], [-91.4627925, 14.58205]]}, "properties": {"osmid": "388926028", "oneway": "False", "lanes": NaN, "ref": NaN, "name": "6a Calle", "highway": "tertiary", "maxspeed": NaN, "length": 15.485, "bridge": NaN, "tunnel": NaN, "access": NaN, "junction": NaN, "width": NaN, "est_width": NaN, "iri": 7.23000001907349}}, {"type": "Feature", "geometry": {"type": "LineString", "coordinates": [[-91.4627925, 14.58205], [-91.4629277, 14.5819635]]}, "properties": {"osmid": "159255105", "oneway": "False", "lanes": NaN, "ref": NaN, "name": "1a Avenida", "highway": "tertiary", "maxspeed": NaN, "length": 17.441, "bridge": NaN, "tunnel": NaN, "access": NaN, "junction": NaN, "width": NaN, "est_width": NaN, "iri": 7.23000001907349}}, {"type": "Feature", "geometry": {"type": "LineString", "coordinates": [[-91.4629277, 14.5819635], [-91.4628983, 14.5818612]]}, "properties": {"osmid": "154784418", "oneway": "False", "lanes": "2", "ref": "RD SCH-03", "name": "2a Avenida", "highway": "tertiary", "maxspeed": NaN, "length": 11.807, "bridge": NaN, "tunnel": NaN, "access": NaN, "junction": NaN, "width": NaN, "est_width": NaN, "iri": 7.23000001907349}}, {"type": "Feature", "geometry": {"type": "LineString", "coordinates": [[-91.4628983, 14.5818612], [-91.4628952, 14.5815679]]}, "properties": {"osmid": "154784418", "oneway": "False", "lanes": "2", "ref": "RD SCH-03", "name": "2a Avenida", "highway": "tertiary", "maxspeed": NaN, "length": 32.615, "bridge": NaN, "tunnel": NaN, "access": NaN, "junction": NaN, "width": NaN, "est_width": NaN, "iri": 7.23000001907349}}, {"type": "Feature", "geometry": {"type": "LineString", "coordinates": [[-91.4628952, 14.5815679], [-91.4629029, 14.5812821]]}, "properties": {"osmid": "154784418", "oneway": "False", "lanes": "2", "ref": "RD SCH-03", "name": "2a Avenida", "highway": "tertiary", "maxspeed": NaN, "length": 31.79, "bridge": NaN, "tunnel": NaN, "access": NaN, "junction": NaN, "width": NaN, "est_width": NaN, "iri": 7.23000001907349}}, {"type": "Feature", "geometry": {"type": "LineString", "coordinates": [[-91.4629029, 14.5812821], [-91.4629163, 14.5811903]]}, "properties": {"osmid": "154784418", "oneway": "False", "lanes": "2", "ref": "RD SCH-03", "name": "2a Avenida", "highway": "tertiary", "maxspeed": NaN, "length": 10.309, "bridge": NaN, "tunnel": NaN, "access": NaN, "junction": NaN, "width": NaN, "est_width": NaN, "iri": 7.23000001907349}}, {"type": "Feature", "geometry": {"type": "LineString", "coordinates": [[-91.4629163, 14.5811903], [-91.4629552, 14.5809813]]}, "properties": {"osmid": "154784418", "oneway": "False", "lanes": "2", "ref": "RD SCH-03", "name": "2a Avenida", "highway": "tertiary", "maxspeed": NaN, "length": 23.614, "bridge": NaN, "tunnel": NaN, "access": NaN, "junction": NaN, "width": NaN, "est_width": NaN, "iri": 7.23000001907349}}, {"type": "Feature", "geometry": {"type": "LineString", "coordinates": [[-91.4629552, 14.5809813], [-91.4630029, 14.5808533]]}, "properties": {"osmid": "154784418", "oneway": "False", "lanes": "2", "ref": "RD SCH-03", "name": "2a Avenida", "highway": "tertiary", "maxspeed": NaN, "length": 15.13, "bridge": NaN, "tunnel": NaN, "access": NaN, "junction": NaN, "width": NaN, "est_width": NaN, "iri": 7.23000001907349}}, {"type": "Feature", "geometry": {"type": "LineString", "coordinates": [[-91.4630029, 14.5808533], [-91.4632367, 14.5803247]]}, "properties": {"osmid": "154784418", "oneway": "False", "lanes": "2", "ref": "RD SCH-03", "name": "2a Avenida", "highway": "tertiary", "maxspeed": NaN, "length": 63.936, "bridge": NaN, "tunnel": NaN, "access": NaN, "junction": NaN, "width": NaN, "est_width": NaN, "iri": 7.23000001907349}}, {"type": "Feature", "geometry": {"type": "LineString", "coordinates": [[-91.4632367, 14.5803247], [-91.463326, 14.5800225]]}, "properties": {"osmid": "154784418", "oneway": "False", "lanes": "2", "ref": "RD SCH-03", "name": "2a Avenida", "highway": "tertiary", "maxspeed": NaN, "length": 34.95, "bridge": NaN, "tunnel": NaN, "access": NaN, "junction": NaN, "width": NaN, "est_width": NaN, "iri": 7.23000001907349}}, {"type": "Feature", "geometry": {"type": "LineString", "coordinates": [[-91.463326, 14.5800225], [-91.463333, 14.5798583]]}, "properties": {"osmid": "154784418", "oneway": "False", "lanes": "2", "ref": "RD SCH-03", "name": "2a Avenida", "highway": "tertiary", "maxspeed": NaN, "length": 18.274, "bridge": NaN, "tunnel": NaN, "access": NaN, "junction": NaN, "width": NaN, "est_width": NaN, "iri": 7.23000001907349}}, {"type": "Feature", "geometry": {"type": "LineString", "coordinates": [[-91.463333, 14.5798583], [-91.4629479, 14.5790171]]}, "properties": {"osmid": "154784418", "oneway": "False", "lanes": "2", "ref": "RD SCH-03", "name": "2a Avenida", "highway": "tertiary", "maxspeed": NaN, "length": 102.307, "bridge": NaN, "tunnel": NaN, "access": NaN, "junction": NaN, "width": NaN, "est_width": NaN, "iri": 7.23000001907349}}, {"type": "Feature", "geometry": {"type": "LineString", "coordinates": [[-91.4629479, 14.5790171], [-91.4628951, 14.578804]]}, "properties": {"osmid": "154784418", "oneway": "False", "lanes": "2", "ref": "RD SCH-03", "name": "2a Avenida", "highway": "tertiary", "maxspeed": NaN, "length": 24.367, "bridge": NaN, "tunnel": NaN, "access": NaN, "junction": NaN, "width": NaN, "est_width": NaN, "iri": 7.23000001907349}}, {"type": "Feature", "geometry": {"type": "LineString", "coordinates": [[-91.4628951, 14.578804], [-91.462879, 14.5785908]]}, "properties": {"osmid": "154784418", "oneway": "False", "lanes": "2", "ref": "RD SCH-03", "name": "2a Avenida", "highway": "tertiary", "maxspeed": NaN, "length": 23.77, "bridge": NaN, "tunnel": NaN, "access": NaN, "junction": NaN, "width": NaN, "est_width": NaN, "iri": 7.23000001907349}}, {"type": "Feature", "geometry": {"type": "LineString", "coordinates": [[-91.462879, 14.5785908], [-91.4628997, 14.5782622]]}, "properties": {"osmid": "154784418", "oneway": "False", "lanes": "2", "ref": "RD SCH-03", "name": "2a Avenida", "highway": "tertiary", "maxspeed": NaN, "length": 36.607, "bridge": NaN, "tunnel": NaN, "access": NaN, "junction": NaN, "width": NaN, "est_width": NaN, "iri": 7.23000001907349}}, {"type": "Feature", "geometry": {"type": "LineString", "coordinates": [[-91.4628997, 14.5782622], [-91.4629548, 14.5779225]]}, "properties": {"osmid": "154784418", "oneway": "False", "lanes": "2", "ref": "RD SCH-03", "name": "2a Avenida", "highway": "tertiary", "maxspeed": NaN, "length": 38.236, "bridge": NaN, "tunnel": NaN, "access": NaN, "junction": NaN, "width": NaN, "est_width": NaN, "iri": 7.23000001907349}}, {"type": "Feature", "geometry": {"type": "LineString", "coordinates": [[-91.4629548, 14.5779225], [-91.4629966, 14.5775034]]}, "properties": {"osmid": "154784418", "oneway": "False", "lanes": "2", "ref": "RD SCH-03", "name": "2a Avenida", "highway": "tertiary", "maxspeed": NaN, "length": 46.818, "bridge": NaN, "tunnel": NaN, "access": NaN, "junction": NaN, "width": NaN, "est_width": NaN, "iri": 7.23000001907349}}, {"type": "Feature", "geometry": {"type": "LineString", "coordinates": [[-91.4629966, 14.5775034], [-91.4630462, 14.5773543]]}, "properties": {"osmid": "154784418", "oneway": "False", "lanes": "2", "ref": "RD SCH-03", "name": "2a Avenida", "highway": "tertiary", "maxspeed": NaN, "length": 17.417, "bridge": NaN, "tunnel": NaN, "access": NaN, "junction": NaN, "width": NaN, "est_width": NaN, "iri": 7.23000001907349}}, {"type": "Feature", "geometry": {"type": "LineString", "coordinates": [[-91.4630462, 14.5773543], [-91.4631396, 14.5771263]]}, "properties": {"osmid": "154784418", "oneway": "False", "lanes": "2", "ref": "RD SCH-03", "name": "2a Avenida", "highway": "tertiary", "maxspeed": NaN, "length": 27.272, "bridge": NaN, "tunnel": NaN, "access": NaN, "junction": NaN, "width": NaN, "est_width": NaN, "iri": 7.23000001907349}}, {"type": "Feature", "geometry": {"type": "LineString", "coordinates": [[-91.4631396, 14.5771263], [-91.4632289, 14.5769551]]}, "properties": {"osmid": "154784418", "oneway": "False", "lanes": "2", "ref": "RD SCH-03", "name": "2a Avenida", "highway": "tertiary", "maxspeed": NaN, "length": 21.325, "bridge": NaN, "tunnel": NaN, "access": NaN, "junction": NaN, "width": NaN, "est_width": NaN, "iri": 7.23000001907349}}, {"type": "Feature", "geometry": {"type": "LineString", "coordinates": [[-91.4632289, 14.5769551], [-91.4634454, 14.5766162]]}, "properties": {"osmid": "154784418", "oneway": "False", "lanes": "2", "ref": "RD SCH-03", "name": "2a Avenida", "highway": "tertiary", "maxspeed": NaN, "length": 44.305, "bridge": NaN, "tunnel": NaN, "access": NaN, "junction": NaN, "width": NaN, "est_width": NaN, "iri": 7.23000001907349}}, {"type": "Feature", "geometry": {"type": "LineString", "coordinates": [[-91.4634454, 14.5766162], [-91.4636936, 14.5759817]]}, "properties": {"osmid": "154784418", "oneway": "False", "lanes": "2", "ref": "RD SCH-03", "name": "2a Avenida", "highway": "tertiary", "maxspeed": NaN, "length": 75.44, "bridge": NaN, "tunnel": NaN, "access": NaN, "junction": NaN, "width": NaN, "est_width": NaN, "iri": 7.23000001907349}}, {"type": "Feature", "geometry": {"type": "LineString", "coordinates": [[-91.4636936, 14.5759817], [-91.4640756, 14.574614]]}, "properties": {"osmid": "406785171", "oneway": "False", "lanes": "2", "ref": "RD SCH-03", "name": "Carretera a Samayac", "highway": "tertiary", "maxspeed": NaN, "length": 157.54, "bridge": NaN, "tunnel": NaN, "access": NaN, "junction": NaN, "width": NaN, "est_width": NaN, "iri": 7.23000001907349}}, {"type": "Feature", "geometry": {"type": "LineString", "coordinates": [[-91.4640756, 14.574614], [-91.4643143, 14.5734557]]}, "properties": {"osmid": "406785171", "oneway": "False", "lanes": "2", "ref": "RD SCH-03", "name": "Carretera a Samayac", "highway": "tertiary", "maxspeed": NaN, "length": 131.334, "bridge": NaN, "tunnel": NaN, "access": NaN, "junction": NaN, "width": NaN, "est_width": NaN, "iri": 7.23000001907349}}, {"type": "Feature", "geometry": {"type": "LineString", "coordinates": [[-91.4643143, 14.5734557], [-91.4644702, 14.5729782]]}, "properties": {"osmid": "406785171", "oneway": "False", "lanes": "2", "ref": "RD SCH-03", "name": "Carretera a Samayac", "highway": "tertiary", "maxspeed": NaN, "length": 55.683, "bridge": NaN, "tunnel": NaN, "access": NaN, "junction": NaN, "width": NaN, "est_width": NaN, "iri": 7.23000001907349}}, {"type": "Feature", "geometry": {"type": "LineString", "coordinates": [[-91.4644702, 14.5729782], [-91.4649954, 14.5718261]]}, "properties": {"osmid": "406785171", "oneway": "False", "lanes": "2", "ref": "RD SCH-03", "name": "Carretera a Samayac", "highway": "tertiary", "maxspeed": NaN, "length": 140.022, "bridge": NaN, "tunnel": NaN, "access": NaN, "junction": NaN, "width": NaN, "est_width": NaN, "iri": 7.23000001907349}}, {"type": "Feature", "geometry": {"type": "LineString", "coordinates": [[-91.4649954, 14.5718261], [-91.4652023, 14.5712747]]}, "properties": {"osmid": "406785171", "oneway": "False", "lanes": "2", "ref": "RD SCH-03", "name": "Carretera a Samayac", "highway": "tertiary", "maxspeed": NaN, "length": 65.231, "bridge": NaN, "tunnel": NaN, "access": NaN, "junction": NaN, "width": NaN, "est_width": NaN, "iri": 7.23000001907349}}, {"type": "Feature", "geometry": {"type": "LineString", "coordinates": [[-91.4652023, 14.5712747], [-91.465597, 14.5692601]]}, "properties": {"osmid": "406785171", "oneway": "False", "lanes": "2", "ref": "RD SCH-03", "name": "Carretera a Samayac", "highway": "tertiary", "maxspeed": NaN, "length": 228.005, "bridge": NaN, "tunnel": NaN, "access": NaN, "junction": NaN, "width": NaN, "est_width": NaN, "iri": 7.23000001907349}}, {"type": "Feature", "geometry": {"type": "LineString", "coordinates": [[-91.465597, 14.5692601], [-91.4657879, 14.5684468]]}, "properties": {"osmid": "406785171", "oneway": "False", "lanes": "2", "ref": "RD SCH-03", "name": "Carretera a Samayac", "highway": "tertiary", "maxspeed": NaN, "length": 92.739, "bridge": NaN, "tunnel": NaN, "access": NaN, "junction": NaN, "width": NaN, "est_width": NaN, "iri": 7.23000001907349}}, {"type": "Feature", "geometry": {"type": "LineString", "coordinates": [[-91.4657879, 14.5684468], [-91.4657052, 14.5674795]]}, "properties": {"osmid": "406785171", "oneway": "False", "lanes": "2", "ref": "RD SCH-03", "name": "Carretera a Samayac", "highway": "tertiary", "maxspeed": NaN, "length": 107.927, "bridge": NaN, "tunnel": NaN, "access": NaN, "junction": NaN, "width": NaN, "est_width": NaN, "iri": 7.23000001907349}}, {"type": "Feature", "geometry": {"type": "LineString", "coordinates": [[-91.4657052, 14.5674795], [-91.4656097, 14.5667279]]}, "properties": {"osmid": "406785171", "oneway": "False", "lanes": "2", "ref": "RD SCH-03", "name": "Carretera a Samayac", "highway": "tertiary", "maxspeed": NaN, "length": 84.204, "bridge": NaN, "tunnel": NaN, "access": NaN, "junction": NaN, "width": NaN, "est_width": NaN, "iri": 7.23000001907349}}, {"type": "Feature", "geometry": {"type": "LineString", "coordinates": [[-91.4656097, 14.5667279], [-91.4656925, 14.5657976]]}, "properties": {"osmid": "406785171", "oneway": "False", "lanes": "2", "ref": "RD SCH-03", "name": "Carretera a Samayac", "highway": "tertiary", "maxspeed": NaN, "length": 103.828, "bridge": NaN, "tunnel": NaN, "access": NaN, "junction": NaN, "width": NaN, "est_width": NaN, "iri": 7.23000001907349}}, {"type": "Feature", "geometry": {"type": "LineString", "coordinates": [[-91.4656925, 14.5657976], [-91.4656861, 14.5644544]]}, "properties": {"osmid": "406785171", "oneway": "False", "lanes": "2", "ref": "RD SCH-03", "name": "Carretera a Samayac", "highway": "tertiary", "maxspeed": NaN, "length": 149.359, "bridge": NaN, "tunnel": NaN, "access": NaN, "junction": NaN, "width": NaN, "est_width": NaN, "iri": 7.23000001907349}}, {"type": "Feature", "geometry": {"type": "LineString", "coordinates": [[-91.4656861, 14.5644544], [-91.4658198, 14.5632469]]}, "properties": {"osmid": "406785171", "oneway": "False", "lanes": "2", "ref": "RD SCH-03", "name": "Carretera a Samayac", "highway": "tertiary", "maxspeed": NaN, "length": 135.037, "bridge": NaN, "tunnel": NaN, "access": NaN, "junction": NaN, "width": NaN, "est_width": NaN, "iri": 7.23000001907349}}, {"type": "Feature", "geometry": {"type": "LineString", "coordinates": [[-91.4658198, 14.5632469], [-91.4657447, 14.5613949]]}, "properties": {"osmid": "406785171", "oneway": "False", "lanes": "2", "ref": "RD SCH-03", "name": "Carretera a Samayac", "highway": "tertiary", "maxspeed": NaN, "length": 206.092, "bridge": NaN, "tunnel": NaN, "access": NaN, "junction": NaN, "width": NaN, "est_width": NaN, "iri": 7.23000001907349}}, {"type": "Feature", "geometry": {"type": "LineString", "coordinates": [[-91.4657447, 14.5613949], [-91.4657712, 14.5608542]]}, "properties": {"osmid": "406785171", "oneway": "False", "lanes": "2", "ref": "RD SCH-03", "name": "Carretera a Samayac", "highway": "tertiary", "maxspeed": NaN, "length": 60.191, "bridge": NaN, "tunnel": NaN, "access": NaN, "junction": NaN, "width": NaN, "est_width": NaN, "iri": 7.23000001907349}}, {"type": "Feature", "geometry": {"type": "LineString", "coordinates": [[-91.4657712, 14.5608542], [-91.4657889, 14.5606213]]}, "properties": {"osmid": "406785171", "oneway": "False", "lanes": "2", "ref": "RD SCH-03", "name": "Carretera a Samayac", "highway": "tertiary", "maxspeed": NaN, "length": 25.967, "bridge": NaN, "tunnel": NaN, "access": NaN, "junction": NaN, "width": NaN, "est_width": NaN, "iri": 7.23000001907349}}, {"type": "Feature", "geometry": {"type": "LineString", "coordinates": [[-91.4657889, 14.5606213], [-91.4658551, 14.5603755]]}, "properties": {"osmid": "406785171", "oneway": "False", "lanes": "2", "ref": "RD SCH-03", "name": "Carretera a Samayac", "highway": "tertiary", "maxspeed": NaN, "length": 28.245, "bridge": NaN, "tunnel": NaN, "access": NaN, "junction": NaN, "width": NaN, "est_width": NaN, "iri": 7.23000001907349}}, {"type": "Feature", "geometry": {"type": "LineString", "coordinates": [[-91.4658551, 14.5603755], [-91.4659809, 14.5601148]]}, "properties": {"osmid": "406785171", "oneway": "False", "lanes": "2", "ref": "RD SCH-03", "name": "Carretera a Samayac", "highway": "tertiary", "maxspeed": NaN, "length": 31.994, "bridge": NaN, "tunnel": NaN, "access": NaN, "junction": NaN, "width": NaN, "est_width": NaN, "iri": 7.23000001907349}}, {"type": "Feature", "geometry": {"type": "LineString", "coordinates": [[-91.4659809, 14.5601148], [-91.4661885, 14.5597472]]}, "properties": {"osmid": "406785171", "oneway": "False", "lanes": "2", "ref": "RD SCH-03", "name": "Carretera a Samayac", "highway": "tertiary", "maxspeed": NaN, "length": 46.583, "bridge": NaN, "tunnel": NaN, "access": NaN, "junction": NaN, "width": NaN, "est_width": NaN, "iri": 7.23000001907349}}, {"type": "Feature", "geometry": {"type": "LineString", "coordinates": [[-91.4661885, 14.5597472], [-91.4664424, 14.5593626]]}, "properties": {"osmid": "406785171", "oneway": "False", "lanes": "2", "ref": "RD SCH-03", "name": "Carretera a Samayac", "highway": "tertiary", "maxspeed": NaN, "length": 50.75, "bridge": NaN, "tunnel": NaN, "access": NaN, "junction": NaN, "width": NaN, "est_width": NaN, "iri": 7.23000001907349}}, {"type": "Feature", "geometry": {"type": "LineString", "coordinates": [[-91.4664424, 14.5593626], [-91.4665992, 14.5590228]]}, "properties": {"osmid": "406785171", "oneway": "False", "lanes": "2", "ref": "RD SCH-03", "name": "Carretera a Samayac", "highway": "tertiary", "maxspeed": NaN, "length": 41.381, "bridge": NaN, "tunnel": NaN, "access": NaN, "junction": NaN, "width": NaN, "est_width": NaN, "iri": 7.23000001907349}}, {"type": "Feature", "geometry": {"type": "LineString", "coordinates": [[-91.4665992, 14.5590228], [-91.4669613, 14.5581145]]}, "properties": {"osmid": "406785171", "oneway": "False", "lanes": "2", "ref": "RD SCH-03", "name": "Carretera a Samayac", "highway": "tertiary", "maxspeed": NaN, "length": 108.256, "bridge": NaN, "tunnel": NaN, "access": NaN, "junction": NaN, "width": NaN, "est_width": NaN, "iri": 7.23000001907349}}, {"type": "Feature", "geometry": {"type": "LineString", "coordinates": [[-91.4669613, 14.5581145], [-91.4671534, 14.5577149]]}, "properties": {"osmid": "406785171", "oneway": "False", "lanes": "2", "ref": "RD SCH-03", "name": "Carretera a Samayac", "highway": "tertiary", "maxspeed": NaN, "length": 49.008, "bridge": NaN, "tunnel": NaN, "access": NaN, "junction": NaN, "width": NaN, "est_width": NaN, "iri": 7.23000001907349}}, {"type": "Feature", "geometry": {"type": "LineString", "coordinates": [[-91.4671534, 14.5577149], [-91.4675552, 14.5570588]]}, "properties": {"osmid": "406785171", "oneway": "False", "lanes": "2", "ref": "RD SCH-03", "name": "Carretera a Samayac", "highway": "tertiary", "maxspeed": NaN, "length": 84.808, "bridge": NaN, "tunnel": NaN, "access": NaN, "junction": NaN, "width": NaN, "est_width": NaN, "iri": 7.23000001907349}}, {"type": "Feature", "geometry": {"type": "LineString", "coordinates": [[-91.4675552, 14.5570588], [-91.46767, 14.5568152]]}, "properties": {"osmid": "406785171", "oneway": "False", "lanes": "2", "ref": "RD SCH-03", "name": "Carretera a Samayac", "highway": "tertiary", "maxspeed": NaN, "length": 29.772, "bridge": NaN, "tunnel": NaN, "access": NaN, "junction": NaN, "width": NaN, "est_width": NaN, "iri": 7.23000001907349}}, {"type": "Feature", "geometry": {"type": "LineString", "coordinates": [[-91.46767, 14.5568152], [-91.4677319, 14.5565651]]}, "properties": {"osmid": "406785171", "oneway": "False", "lanes": "2", "ref": "RD SCH-03", "name": "Carretera a Samayac", "highway": "tertiary", "maxspeed": NaN, "length": 28.597, "bridge": NaN, "tunnel": NaN, "access": NaN, "junction": NaN, "width": NaN, "est_width": NaN, "iri": 7.23000001907349}}, {"type": "Feature", "geometry": {"type": "LineString", "coordinates": [[-91.4677319, 14.5565651], [-91.4678069, 14.556142]]}, "properties": {"osmid": "406785171", "oneway": "False", "lanes": "2", "ref": "RD SCH-03", "name": "Carretera a Samayac", "highway": "tertiary", "maxspeed": NaN, "length": 47.734, "bridge": NaN, "tunnel": NaN, "access": NaN, "junction": NaN, "width": NaN, "est_width": NaN, "iri": 7.23000001907349}}, {"type": "Feature", "geometry": {"type": "LineString", "coordinates": [[-91.4678069, 14.556142], [-91.4678312, 14.5558407]]}, "properties": {"osmid": "406785171", "oneway": "False", "lanes": "2", "ref": "RD SCH-03", "name": "Carretera a Samayac", "highway": "tertiary", "maxspeed": NaN, "length": 33.605, "bridge": NaN, "tunnel": NaN, "access": NaN, "junction": NaN, "width": NaN, "est_width": NaN, "iri": 7.23000001907349}}, {"type": "Feature", "geometry": {"type": "LineString", "coordinates": [[-91.4678312, 14.5558407], [-91.4678113, 14.5555094]]}, "properties": {"osmid": "406785171", "oneway": "False", "lanes": "2", "ref": "RD SCH-03", "name": "Carretera a Samayac", "highway": "tertiary", "maxspeed": NaN, "length": 36.901, "bridge": NaN, "tunnel": NaN, "access": NaN, "junction": NaN, "width": NaN, "est_width": NaN, "iri": 7.23000001907349}}, {"type": "Feature", "geometry": {"type": "LineString", "coordinates": [[-91.4678113, 14.5555094], [-91.4677539, 14.5548747]]}, "properties": {"osmid": "406785171", "oneway": "False", "lanes": "2", "ref": "RD SCH-03", "name": "Carretera a Samayac", "highway": "tertiary", "maxspeed": NaN, "length": 70.845, "bridge": NaN, "tunnel": NaN, "access": NaN, "junction": NaN, "width": NaN, "est_width": NaN, "iri": 7.23000001907349}}, {"type": "Feature", "geometry": {"type": "LineString", "coordinates": [[-91.4677539, 14.5548747], [-91.4677804, 14.5545648]]}, "properties": {"osmid": "406785171", "oneway": "False", "lanes": "2", "ref": "RD SCH-03", "name": "Carretera a Samayac", "highway": "tertiary", "maxspeed": NaN, "length": 34.577, "bridge": NaN, "tunnel": NaN, "access": NaN, "junction": NaN, "width": NaN, "est_width": NaN, "iri": 7.23000001907349}}, {"type": "Feature", "geometry": {"type": "LineString", "coordinates": [[-91.4677804, 14.5545648], [-91.4679394, 14.5537848]]}, "properties": {"osmid": "406785171", "oneway": "False", "lanes": "2", "ref": "RD SCH-03", "name": "Carretera a Samayac", "highway": "tertiary", "maxspeed": NaN, "length": 88.404, "bridge": NaN, "tunnel": NaN, "access": NaN, "junction": NaN, "width": NaN, "est_width": NaN, "iri": 7.23000001907349}}, {"type": "Feature", "geometry": {"type": "LineString", "coordinates": [[-91.4679394, 14.5537848], [-91.4679769, 14.5533317]]}, "properties": {"osmid": "406785171", "oneway": "False", "lanes": "2", "ref": "RD SCH-03", "name": "Carretera a Samayac", "highway": "tertiary", "maxspeed": NaN, "length": 50.544, "bridge": NaN, "tunnel": NaN, "access": NaN, "junction": NaN, "width": NaN, "est_width": NaN, "iri": 7.23000001907349}}, {"type": "Feature", "geometry": {"type": "LineString", "coordinates": [[-91.4679769, 14.5533317], [-91.4679814, 14.5527205]]}, "properties": {"osmid": "406785171", "oneway": "False", "lanes": "2", "ref": "RD SCH-03", "name": "Carretera a Samayac", "highway": "tertiary", "maxspeed": NaN, "length": 67.964, "bridge": NaN, "tunnel": NaN, "access": NaN, "junction": NaN, "width": NaN, "est_width": NaN, "iri": 7.23000001907349}}, {"type": "Feature", "geometry": {"type": "LineString", "coordinates": [[-91.4679814, 14.5527205], [-91.4679637, 14.552355]]}, "properties": {"osmid": "406785171", "oneway": "False", "lanes": "2", "ref": "RD SCH-03", "name": "Carretera a Samayac", "highway": "tertiary", "maxspeed": NaN, "length": 40.686, "bridge": NaN, "tunnel": NaN, "access": NaN, "junction": NaN, "width": NaN, "est_width": NaN, "iri": 7.23000001907349}}, {"type": "Feature", "geometry": {"type": "LineString", "coordinates": [[-91.4679637, 14.552355], [-91.4678511, 14.5511454]]}, "properties": {"osmid": "406785171", "oneway": "False", "lanes": "2", "ref": "RD SCH-03", "name": "Carretera a Samayac", "highway": "tertiary", "maxspeed": NaN, "length": 135.046, "bridge": NaN, "tunnel": NaN, "access": NaN, "junction": NaN, "width": NaN, "est_width": NaN, "iri": 7.23000001907349}}, {"type": "Feature", "geometry": {"type": "LineString", "coordinates": [[-91.4678511, 14.5511454], [-91.4677782, 14.5506325]]}, "properties": {"osmid": "406785171", "oneway": "False", "lanes": "2", "ref": "RD SCH-03", "name": "Carretera a Samayac", "highway": "tertiary", "maxspeed": NaN, "length": 57.569, "bridge": NaN, "tunnel": NaN, "access": NaN, "junction": NaN, "width": NaN, "est_width": NaN, "iri": 7.23000001907349}}, {"type": "Feature", "geometry": {"type": "LineString", "coordinates": [[-91.4677782, 14.5506325], [-91.4675641, 14.5498097]]}, "properties": {"osmid": "406785171", "oneway": "False", "lanes": "2", "ref": "RD SCH-03", "name": "Carretera a Samayac", "highway": "tertiary", "maxspeed": NaN, "length": 94.349, "bridge": NaN, "tunnel": NaN, "access": NaN, "junction": NaN, "width": NaN, "est_width": NaN, "iri": 7.23000001907349}}, {"type": "Feature", "geometry": {"type": "LineString", "coordinates": [[-91.4675641, 14.5498097], [-91.4675243, 14.5494592]]}, "properties": {"osmid": "406785171", "oneway": "False", "lanes": "2", "ref": "RD SCH-03", "name": "Carretera a Samayac", "highway": "tertiary", "maxspeed": NaN, "length": 39.209, "bridge": NaN, "tunnel": NaN, "access": NaN, "junction": NaN, "width": NaN, "est_width": NaN, "iri": 7.23000001907349}}, {"type": "Feature", "geometry": {"type": "LineString", "coordinates": [[-91.4675243, 14.5494592], [-91.4675186, 14.549374]]}, "properties": {"osmid": "406785171", "oneway": "False", "lanes": "2", "ref": "RD SCH-03", "name": "Carretera a Samayac", "highway": "tertiary", "maxspeed": NaN, "length": 9.494, "bridge": NaN, "tunnel": NaN, "access": NaN, "junction": NaN, "width": NaN, "est_width": NaN, "iri": 7.23000001907349}}, {"type": "Feature", "geometry": {"type": "LineString", "coordinates": [[-91.4675186, 14.549374], [-91.4675111, 14.5492605]]}, "properties": {"osmid": "406785171", "oneway": "False", "lanes": "2", "ref": "RD SCH-03", "name": "Carretera a Samayac", "highway": "tertiary", "maxspeed": NaN, "length": 12.646, "bridge": NaN, "tunnel": NaN, "access": NaN, "junction": NaN, "width": NaN, "est_width": NaN, "iri": 7.23000001907349}}, {"type": "Feature", "geometry": {"type": "LineString", "coordinates": [[-91.4675111, 14.5492605], [-91.4675773, 14.548615]]}, "properties": {"osmid": "406785171", "oneway": "False", "lanes": "2", "ref": "RD SCH-03", "name": "Carretera a Samayac", "highway": "tertiary", "maxspeed": NaN, "length": 72.129, "bridge": NaN, "tunnel": NaN, "access": NaN, "junction": NaN, "width": NaN, "est_width": NaN, "iri": 7.23000001907349}}, {"type": "Feature", "geometry": {"type": "LineString", "coordinates": [[-91.4675773, 14.548615], [-91.4677826, 14.5469737]]}, "properties": {"osmid": "406785171", "oneway": "False", "lanes": "2", "ref": "RD SCH-03", "name": "Carretera a Samayac", "highway": "tertiary", "maxspeed": NaN, "length": 183.837, "bridge": NaN, "tunnel": NaN, "access": NaN, "junction": NaN, "width": NaN, "est_width": NaN, "iri": 7.23000001907349}}, {"type": "Feature", "geometry": {"type": "LineString", "coordinates": [[-91.4677826, 14.5469737], [-91.4679306, 14.546386]]}, "properties": {"osmid": "406785171", "oneway": "False", "lanes": "2", "ref": "RD SCH-03", "name": "Carretera a Samayac", "highway": "tertiary", "maxspeed": NaN, "length": 67.263, "bridge": NaN, "tunnel": NaN, "access": NaN, "junction": NaN, "width": NaN, "est_width": NaN, "iri": 7.23000001907349}}, {"type": "Feature", "geometry": {"type": "LineString", "coordinates": [[-91.4679306, 14.546386], [-91.4681514, 14.5457833]]}, "properties": {"osmid": "406785171", "oneway": "False", "lanes": "2", "ref": "RD SCH-03", "name": "Carretera a Samayac", "highway": "tertiary", "maxspeed": NaN, "length": 71.106, "bridge": NaN, "tunnel": NaN, "access": NaN, "junction": NaN, "width": NaN, "est_width": NaN, "iri": 7.23000001907349}}, {"type": "Feature", "geometry": {"type": "LineString", "coordinates": [[-91.4681514, 14.5457833], [-91.4686261, 14.544533]]}, "properties": {"osmid": "406785171", "oneway": "False", "lanes": "2", "ref": "RD SCH-03", "name": "Carretera a Samayac", "highway": "tertiary", "maxspeed": NaN, "length": 148.118, "bridge": NaN, "tunnel": NaN, "access": NaN, "junction": NaN, "width": NaN, "est_width": NaN, "iri": 7.23000001907349}}, {"type": "Feature", "geometry": {"type": "LineString", "coordinates": [[-91.4686261, 14.544533], [-91.468891, 14.5437401]]}, "properties": {"osmid": "406785171", "oneway": "False", "lanes": "2", "ref": "RD SCH-03", "name": "Carretera a Samayac", "highway": "tertiary", "maxspeed": NaN, "length": 92.662, "bridge": NaN, "tunnel": NaN, "access": NaN, "junction": NaN, "width": NaN, "est_width": NaN, "iri": 7.23000001907349}}, {"type": "Feature", "geometry": {"type": "LineString", "coordinates": [[-91.468891, 14.5437401], [-91.4691803, 14.5426138]]}, "properties": {"osmid": "406785171", "oneway": "False", "lanes": "2", "ref": "RD SCH-03", "name": "Carretera a Samayac", "highway": "tertiary", "maxspeed": NaN, "length": 129.052, "bridge": NaN, "tunnel": NaN, "access": NaN, "junction": NaN, "width": NaN, "est_width": NaN, "iri": 7.23000001907349}}, {"type": "Feature", "geometry": {"type": "LineString", "coordinates": [[-91.4691803, 14.5426138], [-91.4692774, 14.5421586]]}, "properties": {"osmid": "406785171", "oneway": "False", "lanes": "2", "ref": "RD SCH-03", "name": "Carretera a Samayac", "highway": "tertiary", "maxspeed": NaN, "length": 51.684, "bridge": NaN, "tunnel": NaN, "access": NaN, "junction": NaN, "width": NaN, "est_width": NaN, "iri": 7.23000001907349}}, {"type": "Feature", "geometry": {"type": "LineString", "coordinates": [[-91.4692774, 14.5421586], [-91.4694041, 14.5412076]]}, "properties": {"osmid": "406785171", "oneway": "False", "lanes": "2", "ref": "RD SCH-03", "name": "Carretera a Samayac", "highway": "tertiary", "maxspeed": NaN, "length": 106.622, "bridge": NaN, "tunnel": NaN, "access": NaN, "junction": NaN, "width": NaN, "est_width": NaN, "iri": 7.23000001907349}}, {"type": "Feature", "geometry": {"type": "LineString", "coordinates": [[-91.4694041, 14.5412076], [-91.4695996, 14.5405241]]}, "properties": {"osmid": "406785171", "oneway": "False", "lanes": "2", "ref": "RD SCH-03", "name": "Carretera a Samayac", "highway": "tertiary", "maxspeed": NaN, "length": 78.861, "bridge": NaN, "tunnel": NaN, "access": NaN, "junction": NaN, "width": NaN, "est_width": NaN, "iri": 7.23000001907349}}, {"type": "Feature", "geometry": {"type": "LineString", "coordinates": [[-91.4695996, 14.5405241], [-91.4697783, 14.5400611]]}, "properties": {"osmid": "406785171", "oneway": "False", "lanes": "2", "ref": "RD SCH-03", "name": "Carretera a Samayac", "highway": "tertiary", "maxspeed": NaN, "length": 54.959, "bridge": NaN, "tunnel": NaN, "access": NaN, "junction": NaN, "width": NaN, "est_width": NaN, "iri": 7.23000001907349}}, {"type": "Feature", "geometry": {"type": "LineString", "coordinates": [[-91.4697783, 14.5400611], [-91.4701669, 14.5395445]]}, "properties": {"osmid": "406785171", "oneway": "False", "lanes": "2", "ref": "RD SCH-03", "name": "Carretera a Samayac", "highway": "tertiary", "maxspeed": NaN, "length": 71.058, "bridge": NaN, "tunnel": NaN, "access": NaN, "junction": NaN, "width": NaN, "est_width": NaN, "iri": 7.23000001907349}}, {"type": "Feature", "geometry": {"type": "LineString", "coordinates": [[-91.4701669, 14.5395445], [-91.4713141, 14.5383042]]}, "properties": {"osmid": "406785171", "oneway": "False", "lanes": "2", "ref": "RD SCH-03", "name": "Carretera a Samayac", "highway": "tertiary", "maxspeed": NaN, "length": 185.115, "bridge": NaN, "tunnel": NaN, "access": NaN, "junction": NaN, "width": NaN, "est_width": NaN, "iri": 7.23000001907349}}, {"type": "Feature", "geometry": {"type": "LineString", "coordinates": [[-91.4713141, 14.5383042], [-91.4696278, 14.5385965]]}, "properties": {"osmid": "283919359", "oneway": "False", "lanes": "2", "ref": "CA-2", "name": NaN, "highway": "trunk", "maxspeed": "70", "length": 184.391, "bridge": NaN, "tunnel": NaN, "access": NaN, "junction": NaN, "width": NaN, "est_width": NaN, "iri": 7.23000001907349}}, {"type": "Feature", "geometry": {"type": "LineString", "coordinates": [[-91.4696278, 14.5385965], [-91.4693313, 14.5387404]]}, "properties": {"osmid": "283919359", "oneway": "False", "lanes": "2", "ref": "CA-2", "name": NaN, "highway": "trunk", "maxspeed": "70", "length": 35.7, "bridge": NaN, "tunnel": NaN, "access": NaN, "junction": NaN, "width": NaN, "est_width": NaN, "iri": 7.23000001907349}}, {"type": "Feature", "geometry": {"type": "LineString", "coordinates": [[-91.4693313, 14.5387404], [-91.4690812, 14.5389776]]}, "properties": {"osmid": "283919359", "oneway": "False", "lanes": "2", "ref": "CA-2", "name": NaN, "highway": "trunk", "maxspeed": "70", "length": 37.687, "bridge": NaN, "tunnel": NaN, "access": NaN, "junction": NaN, "width": NaN, "est_width": NaN, "iri": 7.23000001907349}}, {"type": "Feature", "geometry": {"type": "LineString", "coordinates": [[-91.4690812, 14.5389776], [-91.4687139, 14.5395465]]}, "properties": {"osmid": "283919359", "oneway": "False", "lanes": "2", "ref": "CA-2", "name": NaN, "highway": "trunk", "maxspeed": "70", "length": 74.596, "bridge": NaN, "tunnel": NaN, "access": NaN, "junction": NaN, "width": NaN, "est_width": NaN, "iri": 7.23000001907349}}, {"type": "Feature", "geometry": {"type": "LineString", "coordinates": [[-91.4687139, 14.5395465], [-91.4680855, 14.5406992]]}, "properties": {"osmid": "283919359", "oneway": "False", "lanes": "2", "ref": "CA-2", "name": NaN, "highway": "trunk", "maxspeed": "70", "length": 144.926, "bridge": NaN, "tunnel": NaN, "access": NaN, "junction": NaN, "width": NaN, "est_width": NaN, "iri": 7.23000001907349}}, {"type": "Feature", "geometry": {"type": "LineString", "coordinates": [[-91.4680855, 14.5406992], [-91.4678424, 14.5410632]]}, "properties": {"osmid": "283919359", "oneway": "False", "lanes": "2", "ref": "CA-2", "name": NaN, "highway": "trunk", "maxspeed": "70", "length": 48.196, "bridge": NaN, "tunnel": NaN, "access": NaN, "junction": NaN, "width": NaN, "est_width": NaN, "iri": 7.23000001907349}}, {"type": "Feature", "geometry": {"type": "LineString", "coordinates": [[-91.4678424, 14.5410632], [-91.4674365, 14.5414571]]}, "properties": {"osmid": "283919359", "oneway": "False", "lanes": "2", "ref": "CA-2", "name": NaN, "highway": "trunk", "maxspeed": "70", "length": 61.863, "bridge": NaN, "tunnel": NaN, "access": NaN, "junction": NaN, "width": NaN, "est_width": NaN, "iri": 7.23000001907349}}, {"type": "Feature", "geometry": {"type": "LineString", "coordinates": [[-91.4674365, 14.5414571], [-91.4669467, 14.5418279]]}, "properties": {"osmid": "283919359", "oneway": "False", "lanes": "2", "ref": "CA-2", "name": NaN, "highway": "trunk", "maxspeed": "70", "length": 66.927, "bridge": NaN, "tunnel": NaN, "access": NaN, "junction": NaN, "width": NaN, "est_width": NaN, "iri": 7.23000001907349}}, {"type": "Feature", "geometry": {"type": "LineString", "coordinates": [[-91.4669467, 14.5418279], [-91.4665761, 14.5421055]]}, "properties": {"osmid": "283919359", "oneway": "False", "lanes": "2", "ref": "CA-2", "name": NaN, "highway": "trunk", "maxspeed": "70", "length": 50.437, "bridge": NaN, "tunnel": NaN, "access": NaN, "junction": NaN, "width": NaN, "est_width": NaN, "iri": 7.23000001907349}}, {"type": "Feature", "geometry": {"type": "LineString", "coordinates": [[-91.4665761, 14.5421055], [-91.4663709, 14.5422514]]}, "properties": {"osmid": "283919359", "oneway": "False", "lanes": "2", "ref": "CA-2", "name": NaN, "highway": "trunk", "maxspeed": "70", "length": 27.404, "bridge": NaN, "tunnel": NaN, "access": NaN, "junction": NaN, "width": NaN, "est_width": NaN, "iri": 7.23000001907349}}, {"type": "Feature", "geometry": {"type": "LineString", "coordinates": [[-91.4663709, 14.5422514], [-91.4661344, 14.5423507]]}, "properties": {"osmid": "283919359", "oneway": "False", "lanes": "2", "ref": "CA-2", "name": NaN, "highway": "trunk", "maxspeed": "70", "length": 27.747, "bridge": NaN, "tunnel": NaN, "access": NaN, "junction": NaN, "width": NaN, "est_width": NaN, "iri": 7.23000001907349}}, {"type": "Feature", "geometry": {"type": "LineString", "coordinates": [[-91.4661344, 14.5423507], [-91.465858, 14.5424095]]}, "properties": {"osmid": "283919359", "oneway": "False", "lanes": "2", "ref": "CA-2", "name": NaN, "highway": "trunk", "maxspeed": "70", "length": 30.46, "bridge": NaN, "tunnel": NaN, "access": NaN, "junction": NaN, "width": NaN, "est_width": NaN, "iri": 7.23000001907349}}, {"type": "Feature", "geometry": {"type": "LineString", "coordinates": [[-91.465858, 14.5424095], [-91.465506, 14.5424275]]}, "properties": {"osmid": "283919359", "oneway": "False", "lanes": "2", "ref": "CA-2", "name": NaN, "highway": "trunk", "maxspeed": "70", "length": 37.94, "bridge": NaN, "tunnel": NaN, "access": NaN, "junction": NaN, "width": NaN, "est_width": NaN, "iri": 7.23000001907349}}, {"type": "Feature", "geometry": {"type": "LineString", "coordinates": [[-91.465506, 14.5424275], [-91.463176, 14.5424498]]}, "properties": {"osmid": "283919359", "oneway": "False", "lanes": "2", "ref": "CA-2", "name": NaN, "highway": "trunk", "maxspeed": "70", "length": 250.796, "bridge": NaN, "tunnel": NaN, "access": NaN, "junction": NaN, "width": NaN, "est_width": NaN, "iri": 7.23000001907349}}, {"type": "Feature", "geometry": {"type": "LineString", "coordinates": [[-91.463176, 14.5424498], [-91.4629561, 14.5424498]]}, "properties": {"osmid": "283919359", "oneway": "False", "lanes": "2", "ref": "CA-2", "name": NaN, "highway": "trunk", "maxspeed": "70", "length": 23.668, "bridge": NaN, "tunnel": NaN, "access": NaN, "junction": NaN, "width": NaN, "est_width": NaN, "iri": 7.23000001907349}}, {"type": "Feature", "geometry": {"type": "LineString", "coordinates": [[-91.4629561, 14.5424498], [-91.4611963, 14.5424704]]}, "properties": {"osmid": "283919359", "oneway": "False", "lanes": "2", "ref": "CA-2", "name": NaN, "highway": "trunk", "maxspeed": "70", "length": 189.426, "bridge": NaN, "tunnel": NaN, "access": NaN, "junction": NaN, "width": NaN, "est_width": NaN, "iri": 7.23000001907349}}, {"type": "Feature", "geometry": {"type": "LineString", "coordinates": [[-91.4611963, 14.5424704], [-91.4598596, 14.5424775]]}, "properties": {"osmid": "283919359", "oneway": "False", "lanes": "2", "ref": "CA-2", "name": NaN, "highway": "trunk", "maxspeed": "70", "length": 143.875, "bridge": NaN, "tunnel": NaN, "access": NaN, "junction": NaN, "width": NaN, "est_width": NaN, "iri": 7.23000001907349}}, {"type": "Feature", "geometry": {"type": "LineString", "coordinates": [[-91.4598596, 14.5424775], [-91.4595982, 14.5424498]]}, "properties": {"osmid": "283919359", "oneway": "False", "lanes": "2", "ref": "CA-2", "name": NaN, "highway": "trunk", "maxspeed": "70", "length": 28.303, "bridge": NaN, "tunnel": NaN, "access": NaN, "junction": NaN, "width": NaN, "est_width": NaN, "iri": 7.23000001907349}}, {"type": "Feature", "geometry": {"type": "LineString", "coordinates": [[-91.4595982, 14.5424498], [-91.4591633, 14.5424092]]}, "properties": {"osmid": "283919359", "oneway": "False", "lanes": "2", "ref": "CA-2", "name": NaN, "highway": "trunk", "maxspeed": "70", "length": 47.027, "bridge": NaN, "tunnel": NaN, "access": NaN, "junction": NaN, "width": NaN, "est_width": NaN, "iri": 7.23000001907349}}, {"type": "Feature", "geometry": {"type": "LineString", "coordinates": [[-91.4591633, 14.5424092], [-91.4590865, 14.5424046]]}, "properties": {"osmid": "283919359", "oneway": "False", "lanes": "2", "ref": "CA-2", "name": NaN, "highway": "trunk", "maxspeed": "70", "length": 8.282, "bridge": NaN, "tunnel": NaN, "access": NaN, "junction": NaN, "width": NaN, "est_width": NaN, "iri": 7.23000001907349}}, {"type": "Feature", "geometry": {"type": "LineString", "coordinates": [[-91.4590865, 14.5424046], [-91.4585766, 14.5423853]]}, "properties": {"osmid": "283919359", "oneway": "False", "lanes": "2", "ref": "CA-2", "name": NaN, "highway": "trunk", "maxspeed": "70", "length": 54.924, "bridge": NaN, "tunnel": NaN, "access": NaN, "junction": NaN, "width": NaN, "est_width": NaN, "iri": 7.23000001907349}}, {"type": "Feature", "geometry": {"type": "LineString", "coordinates": [[-91.4585766, 14.5423853], [-91.4579285, 14.5423756]]}, "properties": {"osmid": "283919359", "oneway": "False", "lanes": "2", "ref": "CA-2", "name": NaN, "highway": "trunk", "maxspeed": "70", "length": 69.765, "bridge": NaN, "tunnel": NaN, "access": NaN, "junction": NaN, "width": NaN, "est_width": NaN, "iri": 7.23000001907349}}]}