{"type": "FeatureCollection", "features": [{"type": "Feature", "geometry": {"type": "LineString", "coordinates": [[-90.3943374, 15.0940828], [-90.3937339, 15.0940787]]}, "properties": {"osmid": "240539928", "oneway": "False", "lanes": NaN, "ref": "RN-5", "name": NaN, "highway": "secondary", "maxspeed": NaN, "length": 64.793, "bridge": NaN, "tunnel": NaN, "access": NaN, "junction": NaN, "width": NaN, "est_width": NaN, "iri": 3.13000011444092}}, {"type": "Feature", "geometry": {"type": "LineString", "coordinates": [[-90.3937339, 15.0940787], [-90.3931163, 15.0940788]]}, "properties": {"osmid": "240539928", "oneway": "False", "lanes": NaN, "ref": "RN-5", "name": NaN, "highway": "secondary", "maxspeed": NaN, "length": 66.305, "bridge": NaN, "tunnel": NaN, "access": NaN, "junction": NaN, "width": NaN, "est_width": NaN, "iri": 3.13000011444092}}, {"type": "Feature", "geometry": {"type": "LineString", "coordinates": [[-90.3931163, 15.0940788], [-90.3930847, 15.0947116]]}, "properties": {"osmid": "240539928", "oneway": "False", "lanes": NaN, "ref": "RN-5", "name": NaN, "highway": "secondary", "maxspeed": NaN, "length": 70.446, "bridge": NaN, "tunnel": NaN, "access": NaN, "junction": NaN, "width": NaN, "est_width": NaN, "iri": 3.13000011444092}}, {"type": "Feature", "geometry": {"type": "LineString", "coordinates": [[-90.3930847, 15.0947116], [-90.3930674, 15.0952399]]}, "properties": {"osmid": "240539928", "oneway": "False", "lanes": NaN, "ref": "RN-5", "name": NaN, "highway": "secondary", "maxspeed": NaN, "length": 58.774, "bridge": NaN, "tunnel": NaN, "access": NaN, "junction": NaN, "width": NaN, "est_width": NaN, "iri": 3.13000011444092}}, {"type": "Feature", "geometry": {"type": "LineString", "coordinates": [[-90.3930674, 15.0952399], [-90.3930554, 15.0958503]]}, "properties": {"osmid": "240539928", "oneway": "False", "lanes": NaN, "ref": "RN-5", "name": NaN, "highway": "secondary", "maxspeed": NaN, "length": 67.886, "bridge": NaN, "tunnel": NaN, "access": NaN, "junction": NaN, "width": NaN, "est_width": NaN, "iri": 3.13000011444092}}, {"type": "Feature", "geometry": {"type": "LineString", "coordinates": [[-90.3930554, 15.0958503], [-90.3930388, 15.0964684]]}, "properties": {"osmid": "240539928", "oneway": "False", "lanes": NaN, "ref": "RN-5", "name": NaN, "highway": "secondary", "maxspeed": NaN, "length": 68.753, "bridge": NaN, "tunnel": NaN, "access": NaN, "junction": NaN, "width": NaN, "est_width": NaN, "iri": 3.13000011444092}}, {"type": "Feature", "geometry": {"type": "LineString", "coordinates": [[-90.3930388, 15.0964684], [-90.3930242, 15.0970611]]}, "properties": {"osmid": "240539928", "oneway": "False", "lanes": NaN, "ref": "RN-5", "name": NaN, "highway": "secondary", "maxspeed": NaN, "length": 65.924, "bridge": NaN, "tunnel": NaN, "access": NaN, "junction": NaN, "width": NaN, "est_width": NaN, "iri": 3.13000011444092}}, {"type": "Feature", "geometry": {"type": "LineString", "coordinates": [[-90.3930242, 15.0970611], [-90.3930151, 15.0975043]]}, "properties": {"osmid": "240539928", "oneway": "False", "lanes": NaN, "ref": "RN-5", "name": NaN, "highway": "secondary", "maxspeed": NaN, "length": 49.291, "bridge": NaN, "tunnel": NaN, "access": NaN, "junction": NaN, "width": NaN, "est_width": NaN, "iri": 3.13000011444092}}, {"type": "Feature", "geometry": {"type": "LineString", "coordinates": [[-90.3930151, 15.0975043], [-90.3924012, 15.0975262]]}, "properties": {"osmid": "240539928", "oneway": "False", "lanes": NaN, "ref": "RN-5", "name": NaN, "highway": "secondary", "maxspeed": NaN, "length": 65.951, "bridge": NaN, "tunnel": NaN, "access": NaN, "junction": NaN, "width": NaN, "est_width": NaN, "iri": 3.13000011444092}}, {"type": "Feature", "geometry": {"type": "LineString", "coordinates": [[-90.3924012, 15.0975262], [-90.3921625, 15.097539]]}, "properties": {"osmid": "240539928", "oneway": "False", "lanes": NaN, "ref": "RN-5", "name": NaN, "highway": "secondary", "maxspeed": NaN, "length": 25.666, "bridge": NaN, "tunnel": NaN, "access": NaN, "junction": NaN, "width": NaN, "est_width": NaN, "iri": 3.13000011444092}}, {"type": "Feature", "geometry": {"type": "LineString", "coordinates": [[-90.3921625, 15.097539], [-90.3917506, 15.0975836]]}, "properties": {"osmid": "240539928", "oneway": "False", "lanes": NaN, "ref": "RN-5", "name": NaN, "highway": "secondary", "maxspeed": NaN, "length": 44.498, "bridge": NaN, "tunnel": NaN, "access": NaN, "junction": NaN, "width": NaN, "est_width": NaN, "iri": 3.13000011444092}}, {"type": "Feature", "geometry": {"type": "LineString", "coordinates": [[-90.3917506, 15.0975836], [-90.3913259, 15.0977209]]}, "properties": {"osmid": "240539928", "oneway": "False", "lanes": NaN, "ref": "RN-5", "name": NaN, "highway": "secondary", "maxspeed": NaN, "length": 48.083, "bridge": NaN, "tunnel": NaN, "access": NaN, "junction": NaN, "width": NaN, "est_width": NaN, "iri": 3.13000011444092}}, {"type": "Feature", "geometry": {"type": "LineString", "coordinates": [[-90.3913259, 15.0977209], [-90.3909127, 15.0979207]]}, "properties": {"osmid": "240539928", "oneway": "False", "lanes": NaN, "ref": "RN-5", "name": NaN, "highway": "secondary", "maxspeed": NaN, "length": 49.612, "bridge": NaN, "tunnel": NaN, "access": NaN, "junction": NaN, "width": NaN, "est_width": NaN, "iri": 3.13000011444092}}, {"type": "Feature", "geometry": {"type": "LineString", "coordinates": [[-90.3909127, 15.0979207], [-90.3905299, 15.0981263]]}, "properties": {"osmid": "240539928", "oneway": "False", "lanes": NaN, "ref": "RN-5", "name": NaN, "highway": "secondary", "maxspeed": NaN, "length": 47.027, "bridge": NaN, "tunnel": NaN, "access": NaN, "junction": NaN, "width": NaN, "est_width": NaN, "iri": 3.13000011444092}}, {"type": "Feature", "geometry": {"type": "LineString", "coordinates": [[-90.3905299, 15.0981263], [-90.390241, 15.0982346]]}, "properties": {"osmid": "240539928", "oneway": "False", "lanes": NaN, "ref": "RN-5", "name": NaN, "highway": "secondary", "maxspeed": NaN, "length": 33.271, "bridge": NaN, "tunnel": NaN, "access": NaN, "junction": NaN, "width": NaN, "est_width": NaN, "iri": 3.13000011444092}}, {"type": "Feature", "geometry": {"type": "LineString", "coordinates": [[-90.390241, 15.0982346], [-90.3894222, 15.0984129]]}, "properties": {"osmid": "240539928", "oneway": "False", "lanes": NaN, "ref": "RN-5", "name": NaN, "highway": "secondary", "maxspeed": NaN, "length": 90.112, "bridge": NaN, "tunnel": NaN, "access": NaN, "junction": NaN, "width": NaN, "est_width": NaN, "iri": 3.13000011444092}}, {"type": "Feature", "geometry": {"type": "LineString", "coordinates": [[-90.3894222, 15.0984129], [-90.3889726, 15.0984841]]}, "properties": {"osmid": "240539928", "oneway": "False", "lanes": NaN, "ref": "RN-5", "name": NaN, "highway": "secondary", "maxspeed": NaN, "length": 48.913, "bridge": NaN, "tunnel": NaN, "access": NaN, "junction": NaN, "width": NaN, "est_width": NaN, "iri": 3.13000011444092}}, {"type": "Feature", "geometry": {"type": "LineString", "coordinates": [[-90.3889726, 15.0984841], [-90.3887061, 15.0984877]]}, "properties": {"osmid": "240539928", "oneway": "False", "lanes": NaN, "ref": "RN-5", "name": NaN, "highway": "secondary", "maxspeed": NaN, "length": 28.613, "bridge": NaN, "tunnel": NaN, "access": NaN, "junction": NaN, "width": NaN, "est_width": NaN, "iri": 3.13000011444092}}, {"type": "Feature", "geometry": {"type": "LineString", "coordinates": [[-90.3887061, 15.0984877], [-90.3884306, 15.0984664]]}, "properties": {"osmid": "240539928", "oneway": "False", "lanes": NaN, "ref": "RN-5", "name": NaN, "highway": "secondary", "maxspeed": NaN, "length": 29.671, "bridge": NaN, "tunnel": NaN, "access": NaN, "junction": NaN, "width": NaN, "est_width": NaN, "iri": 3.13000011444092}}, {"type": "Feature", "geometry": {"type": "LineString", "coordinates": [[-90.3884306, 15.0984664], [-90.3881377, 15.0983619]]}, "properties": {"osmid": "240539928", "oneway": "False", "lanes": NaN, "ref": "RN-5", "name": NaN, "highway": "secondary", "maxspeed": NaN, "length": 33.523, "bridge": NaN, "tunnel": NaN, "access": NaN, "junction": NaN, "width": NaN, "est_width": NaN, "iri": 3.13000011444092}}, {"type": "Feature", "geometry": {"type": "LineString", "coordinates": [[-90.3881377, 15.0983619], [-90.3873676, 15.097915]]}, "properties": {"osmid": "240539928", "oneway": "False", "lanes": NaN, "ref": "RN-5", "name": NaN, "highway": "secondary", "maxspeed": NaN, "length": 96.461, "bridge": NaN, "tunnel": NaN, "access": NaN, "junction": NaN, "width": NaN, "est_width": NaN, "iri": 3.13000011444092}}, {"type": "Feature", "geometry": {"type": "LineString", "coordinates": [[-90.3873676, 15.097915], [-90.3871048, 15.0977946]]}, "properties": {"osmid": "240539928", "oneway": "False", "lanes": NaN, "ref": "RN-5", "name": NaN, "highway": "secondary", "maxspeed": NaN, "length": 31.229, "bridge": NaN, "tunnel": NaN, "access": NaN, "junction": NaN, "width": NaN, "est_width": NaN, "iri": 3.13000011444092}}, {"type": "Feature", "geometry": {"type": "LineString", "coordinates": [[-90.3871048, 15.0977946], [-90.3867283, 15.0977434]]}, "properties": {"osmid": "253284531", "oneway": "False", "lanes": NaN, "ref": "RN-5", "name": NaN, "highway": "secondary", "maxspeed": NaN, "length": 40.819, "bridge": "yes", "tunnel": NaN, "access": NaN, "junction": NaN, "width": NaN, "est_width": NaN, "iri": 3.13000011444092}}, {"type": "Feature", "geometry": {"type": "LineString", "coordinates": [[-90.3867283, 15.0977434], [-90.3865354, 15.0977342]]}, "properties": {"osmid": "253284532", "oneway": "False", "lanes": NaN, "ref": "RN-5", "name": NaN, "highway": "secondary", "maxspeed": NaN, "length": 20.734, "bridge": NaN, "tunnel": NaN, "access": NaN, "junction": NaN, "width": NaN, "est_width": NaN, "iri": 3.13000011444092}}, {"type": "Feature", "geometry": {"type": "LineString", "coordinates": [[-90.3865354, 15.0977342], [-90.3863192, 15.0977788]]}, "properties": {"osmid": "253284532", "oneway": "False", "lanes": NaN, "ref": "RN-5", "name": NaN, "highway": "secondary", "maxspeed": NaN, "length": 23.734, "bridge": NaN, "tunnel": NaN, "access": NaN, "junction": NaN, "width": NaN, "est_width": NaN, "iri": 3.13000011444092}}, {"type": "Feature", "geometry": {"type": "LineString", "coordinates": [[-90.3863192, 15.0977788], [-90.3860871, 15.0978958]]}, "properties": {"osmid": "253284532", "oneway": "False", "lanes": NaN, "ref": "RN-5", "name": NaN, "highway": "secondary", "maxspeed": NaN, "length": 28.109, "bridge": NaN, "tunnel": NaN, "access": NaN, "junction": NaN, "width": NaN, "est_width": NaN, "iri": 3.13000011444092}}, {"type": "Feature", "geometry": {"type": "LineString", "coordinates": [[-90.3860871, 15.0978958], [-90.3852657, 15.0983688]]}, "properties": {"osmid": "253284532", "oneway": "False", "lanes": NaN, "ref": "RN-5", "name": NaN, "highway": "secondary", "maxspeed": NaN, "length": 102.677, "bridge": NaN, "tunnel": NaN, "access": NaN, "junction": NaN, "width": NaN, "est_width": NaN, "iri": 3.13000011444092}}, {"type": "Feature", "geometry": {"type": "LineString", "coordinates": [[-90.3852657, 15.0983688], [-90.385045, 15.0984536]]}, "properties": {"osmid": "253284532", "oneway": "False", "lanes": NaN, "ref": "RN-5", "name": NaN, "highway": "secondary", "maxspeed": NaN, "length": 25.501, "bridge": NaN, "tunnel": NaN, "access": NaN, "junction": NaN, "width": NaN, "est_width": NaN, "iri": 3.13000011444092}}, {"type": "Feature", "geometry": {"type": "LineString", "coordinates": [[-90.385045, 15.0984536], [-90.384244, 15.0986459]]}, "properties": {"osmid": "253284532", "oneway": "False", "lanes": NaN, "ref": "RN-5", "name": NaN, "highway": "secondary", "maxspeed": NaN, "length": 88.611, "bridge": NaN, "tunnel": NaN, "access": NaN, "junction": NaN, "width": NaN, "est_width": NaN, "iri": 3.13000011444092}}, {"type": "Feature", "geometry": {"type": "LineString", "coordinates": [[-90.384244, 15.0986459], [-90.3840697, 15.0986539]]}, "properties": {"osmid": "253284532", "oneway": "False", "lanes": NaN, "ref": "RN-5", "name": NaN, "highway": "secondary", "maxspeed": NaN, "length": 18.733, "bridge": NaN, "tunnel": NaN, "access": NaN, "junction": NaN, "width": NaN, "est_width": NaN, "iri": 3.13000011444092}}, {"type": "Feature", "geometry": {"type": "LineString", "coordinates": [[-90.3840697, 15.0986539], [-90.3835354, 15.0986225]]}, "properties": {"osmid": "253284532", "oneway": "False", "lanes": NaN, "ref": "RN-5", "name": NaN, "highway": "secondary", "maxspeed": NaN, "length": 57.467, "bridge": NaN, "tunnel": NaN, "access": NaN, "junction": NaN, "width": NaN, "est_width": NaN, "iri": 3.13000011444092}}, {"type": "Feature", "geometry": {"type": "LineString", "coordinates": [[-90.3835354, 15.0986225], [-90.3833467, 15.0986376]]}, "properties": {"osmid": "253284532", "oneway": "False", "lanes": NaN, "ref": "RN-5", "name": NaN, "highway": "secondary", "maxspeed": NaN, "length": 20.328, "bridge": NaN, "tunnel": NaN, "access": NaN, "junction": NaN, "width": NaN, "est_width": NaN, "iri": 3.13000011444092}}, {"type": "Feature", "geometry": {"type": "LineString", "coordinates": [[-90.3833467, 15.0986376], [-90.3831424, 15.0987248]]}, "properties": {"osmid": "253284532", "oneway": "False", "lanes": NaN, "ref": "RN-5", "name": NaN, "highway": "secondary", "maxspeed": NaN, "length": 23.981, "bridge": NaN, "tunnel": NaN, "access": NaN, "junction": NaN, "width": NaN, "est_width": NaN, "iri": 3.13000011444092}}, {"type": "Feature", "geometry": {"type": "LineString", "coordinates": [[-90.3831424, 15.0987248], [-90.3829587, 15.0988328]]}, "properties": {"osmid": "253284532", "oneway": "False", "lanes": NaN, "ref": "RN-5", "name": NaN, "highway": "secondary", "maxspeed": NaN, "length": 23.09, "bridge": NaN, "tunnel": NaN, "access": NaN, "junction": NaN, "width": NaN, "est_width": NaN, "iri": 3.13000011444092}}, {"type": "Feature", "geometry": {"type": "LineString", "coordinates": [[-90.3829587, 15.0988328], [-90.3828809, 15.0988505]]}, "properties": {"osmid": "253284532", "oneway": "False", "lanes": NaN, "ref": "RN-5", "name": NaN, "highway": "secondary", "maxspeed": NaN, "length": 8.581, "bridge": NaN, "tunnel": NaN, "access": NaN, "junction": NaN, "width": NaN, "est_width": NaN, "iri": 3.13000011444092}}, {"type": "Feature", "geometry": {"type": "LineString", "coordinates": [[-90.3828809, 15.0988505], [-90.3827718, 15.0988474]]}, "properties": {"osmid": "253284532", "oneway": "False", "lanes": NaN, "ref": "RN-5", "name": NaN, "highway": "secondary", "maxspeed": NaN, "length": 11.718, "bridge": NaN, "tunnel": NaN, "access": NaN, "junction": NaN, "width": NaN, "est_width": NaN, "iri": 3.13000011444092}}, {"type": "Feature", "geometry": {"type": "LineString", "coordinates": [[-90.3827718, 15.0988474], [-90.3821978, 15.0987088]]}, "properties": {"osmid": "253284532", "oneway": "False", "lanes": NaN, "ref": "RN-5", "name": NaN, "highway": "secondary", "maxspeed": NaN, "length": 63.521, "bridge": NaN, "tunnel": NaN, "access": NaN, "junction": NaN, "width": NaN, "est_width": NaN, "iri": 3.13000011444092}}, {"type": "Feature", "geometry": {"type": "LineString", "coordinates": [[-90.3821978, 15.0987088], [-90.3820577, 15.0987043]]}, "properties": {"osmid": "253284532", "oneway": "False", "lanes": NaN, "ref": "RN-5", "name": NaN, "highway": "secondary", "maxspeed": NaN, "length": 15.049, "bridge": NaN, "tunnel": NaN, "access": NaN, "junction": NaN, "width": NaN, "est_width": NaN, "iri": 3.13000011444092}}, {"type": "Feature", "geometry": {"type": "LineString", "coordinates": [[-90.3820577, 15.0987043], [-90.3819312, 15.0987624]]}, "properties": {"osmid": "253284532", "oneway": "False", "lanes": NaN, "ref": "RN-5", "name": NaN, "highway": "secondary", "maxspeed": NaN, "length": 15.039, "bridge": NaN, "tunnel": NaN, "access": NaN, "junction": NaN, "width": NaN, "est_width": NaN, "iri": 3.13000011444092}}, {"type": "Feature", "geometry": {"type": "LineString", "coordinates": [[-90.3819312, 15.0987624], [-90.3818555, 15.0988897]]}, "properties": {"osmid": "253284532", "oneway": "False", "lanes": NaN, "ref": "RN-5", "name": NaN, "highway": "secondary", "maxspeed": NaN, "length": 16.322, "bridge": NaN, "tunnel": NaN, "access": NaN, "junction": NaN, "width": NaN, "est_width": NaN, "iri": 3.13000011444092}}, {"type": "Feature", "geometry": {"type": "LineString", "coordinates": [[-90.3818555, 15.0988897], [-90.381614, 15.0994447]]}, "properties": {"osmid": "253284532", "oneway": "False", "lanes": NaN, "ref": "RN-5", "name": NaN, "highway": "secondary", "maxspeed": NaN, "length": 66.938, "bridge": NaN, "tunnel": NaN, "access": NaN, "junction": NaN, "width": NaN, "est_width": NaN, "iri": 3.13000011444092}}, {"type": "Feature", "geometry": {"type": "LineString", "coordinates": [[-90.381614, 15.0994447], [-90.3810859, 15.1003034]]}, "properties": {"osmid": "253284532", "oneway": "False", "lanes": NaN, "ref": "RN-5", "name": NaN, "highway": "secondary", "maxspeed": NaN, "length": 111.047, "bridge": NaN, "tunnel": NaN, "access": NaN, "junction": NaN, "width": NaN, "est_width": NaN, "iri": 3.13000011444092}}, {"type": "Feature", "geometry": {"type": "LineString", "coordinates": [[-90.3810859, 15.1003034], [-90.3809284, 15.1005141]]}, "properties": {"osmid": "253284527", "oneway": "False", "lanes": "2", "ref": "RN-5", "name": NaN, "highway": "secondary", "maxspeed": NaN, "length": 28.893, "bridge": NaN, "tunnel": NaN, "access": NaN, "junction": NaN, "width": NaN, "est_width": NaN, "iri": 3.13000011444092}}, {"type": "Feature", "geometry": {"type": "LineString", "coordinates": [[-90.3809284, 15.1005141], [-90.3807688, 15.1006889]]}, "properties": {"osmid": "253284527", "oneway": "False", "lanes": "2", "ref": "RN-5", "name": NaN, "highway": "secondary", "maxspeed": NaN, "length": 25.911, "bridge": NaN, "tunnel": NaN, "access": NaN, "junction": NaN, "width": NaN, "est_width": NaN, "iri": 3.13000011444092}}, {"type": "Feature", "geometry": {"type": "LineString", "coordinates": [[-90.3807688, 15.1006889], [-90.3800757, 15.1011764]]}, "properties": {"osmid": "253284527", "oneway": "False", "lanes": "2", "ref": "RN-5", "name": NaN, "highway": "secondary", "maxspeed": NaN, "length": 92.06, "bridge": NaN, "tunnel": NaN, "access": NaN, "junction": NaN, "width": NaN, "est_width": NaN, "iri": 3.13000011444092}}, {"type": "Feature", "geometry": {"type": "LineString", "coordinates": [[-90.3800757, 15.1011764], [-90.3794945, 15.1015167]]}, "properties": {"osmid": "253284527", "oneway": "False", "lanes": "2", "ref": "RN-5", "name": NaN, "highway": "secondary", "maxspeed": NaN, "length": 72.972, "bridge": NaN, "tunnel": NaN, "access": NaN, "junction": NaN, "width": NaN, "est_width": NaN, "iri": 3.13000011444092}}, {"type": "Feature", "geometry": {"type": "LineString", "coordinates": [[-90.3794945, 15.1015167], [-90.3791705, 15.1016754]]}, "properties": {"osmid": "253284527", "oneway": "False", "lanes": "2", "ref": "RN-5", "name": NaN, "highway": "secondary", "maxspeed": NaN, "length": 39.003, "bridge": NaN, "tunnel": NaN, "access": NaN, "junction": NaN, "width": NaN, "est_width": NaN, "iri": 3.13000011444092}}, {"type": "Feature", "geometry": {"type": "LineString", "coordinates": [[-90.3791705, 15.1016754], [-90.3726894, 15.1042418]]}, "properties": {"osmid": "253284527", "oneway": "False", "lanes": "2", "ref": "RN-5", "name": NaN, "highway": "secondary", "maxspeed": NaN, "length": 752.023, "bridge": NaN, "tunnel": NaN, "access": NaN, "junction": NaN, "width": NaN, "est_width": NaN, "iri": 3.13000011444092}}, {"type": "Feature", "geometry": {"type": "LineString", "coordinates": [[-90.3726894, 15.1042418], [-90.3723193, 15.1043759]]}, "properties": {"osmid": "253284527", "oneway": "False", "lanes": "2", "ref": "RN-5", "name": NaN, "highway": "secondary", "maxspeed": NaN, "length": 42.438, "bridge": NaN, "tunnel": NaN, "access": NaN, "junction": NaN, "width": NaN, "est_width": NaN, "iri": 3.13000011444092}}, {"type": "Feature", "geometry": {"type": "LineString", "coordinates": [[-90.3723193, 15.1043759], [-90.3718105, 15.1044856]]}, "properties": {"osmid": "253284527", "oneway": "False", "lanes": "2", "ref": "RN-5", "name": NaN, "highway": "secondary", "maxspeed": NaN, "length": 55.967, "bridge": NaN, "tunnel": NaN, "access": NaN, "junction": NaN, "width": NaN, "est_width": NaN, "iri": 3.13000011444092}}, {"type": "Feature", "geometry": {"type": "LineString", "coordinates": [[-90.3718105, 15.1044856], [-90.369115, 15.1049071]]}, "properties": {"osmid": "253284527", "oneway": "False", "lanes": "2", "ref": "RN-5", "name": NaN, "highway": "secondary", "maxspeed": NaN, "length": 293.142, "bridge": NaN, "tunnel": NaN, "access": NaN, "junction": NaN, "width": NaN, "est_width": NaN, "iri": 3.13000011444092}}, {"type": "Feature", "geometry": {"type": "LineString", "coordinates": [[-90.369115, 15.1049071], [-90.3689688, 15.1049685]]}, "properties": {"osmid": "253284527", "oneway": "False", "lanes": "2", "ref": "RN-5", "name": NaN, "highway": "secondary", "maxspeed": NaN, "length": 17.116, "bridge": NaN, "tunnel": NaN, "access": NaN, "junction": NaN, "width": NaN, "est_width": NaN, "iri": 3.13000011444092}}, {"type": "Feature", "geometry": {"type": "LineString", "coordinates": [[-90.3689688, 15.1049685], [-90.368864, 15.1050444]]}, "properties": {"osmid": "253284527", "oneway": "False", "lanes": "2", "ref": "RN-5", "name": NaN, "highway": "secondary", "maxspeed": NaN, "length": 14.064, "bridge": NaN, "tunnel": NaN, "access": NaN, "junction": NaN, "width": NaN, "est_width": NaN, "iri": 3.13000011444092}}, {"type": "Feature", "geometry": {"type": "LineString", "coordinates": [[-90.368864, 15.1050444], [-90.3687987, 15.1051022]]}, "properties": {"osmid": "253284528", "oneway": "False", "lanes": "2", "ref": "CA-5", "name": "CA-5", "highway": "secondary", "maxspeed": NaN, "length": 9.511, "bridge": "yes", "tunnel": NaN, "access": NaN, "junction": NaN, "width": NaN, "est_width": NaN, "iri": 3.13000011444092}}, {"type": "Feature", "geometry": {"type": "LineString", "coordinates": [[-90.3687987, 15.1051022], [-90.3684544, 15.1054146]]}, "properties": {"osmid": "253284529", "oneway": "False", "lanes": "2", "ref": "RN-5", "name": NaN, "highway": "secondary", "maxspeed": NaN, "length": 50.723, "bridge": NaN, "tunnel": NaN, "access": NaN, "junction": NaN, "width": NaN, "est_width": NaN, "iri": 3.13000011444092}}, {"type": "Feature", "geometry": {"type": "LineString", "coordinates": [[-90.3684544, 15.1054146], [-90.3682114, 15.105594]]}, "properties": {"osmid": "253284529", "oneway": "False", "lanes": "2", "ref": "RN-5", "name": NaN, "highway": "secondary", "maxspeed": NaN, "length": 32.84, "bridge": NaN, "tunnel": NaN, "access": NaN, "junction": NaN, "width": NaN, "est_width": NaN, "iri": 3.13000011444092}}, {"type": "Feature", "geometry": {"type": "LineString", "coordinates": [[-90.3682114, 15.105594], [-90.3675399, 15.1060144]]}, "properties": {"osmid": "253284529", "oneway": "False", "lanes": "2", "ref": "RN-5", "name": NaN, "highway": "secondary", "maxspeed": NaN, "length": 85.918, "bridge": NaN, "tunnel": NaN, "access": NaN, "junction": NaN, "width": NaN, "est_width": NaN, "iri": 3.13000011444092}}, {"type": "Feature", "geometry": {"type": "LineString", "coordinates": [[-90.3675399, 15.1060144], [-90.3672324, 15.1061022]]}, "properties": {"osmid": "253284529", "oneway": "False", "lanes": "2", "ref": "RN-5", "name": NaN, "highway": "secondary", "maxspeed": NaN, "length": 34.424, "bridge": NaN, "tunnel": NaN, "access": NaN, "junction": NaN, "width": NaN, "est_width": NaN, "iri": 3.13000011444092}}, {"type": "Feature", "geometry": {"type": "LineString", "coordinates": [[-90.3672324, 15.1061022], [-90.366313, 15.1062333]]}, "properties": {"osmid": "253284529", "oneway": "False", "lanes": "2", "ref": "RN-5", "name": NaN, "highway": "secondary", "maxspeed": NaN, "length": 99.771, "bridge": NaN, "tunnel": NaN, "access": NaN, "junction": NaN, "width": NaN, "est_width": NaN, "iri": 3.13000011444092}}, {"type": "Feature", "geometry": {"type": "LineString", "coordinates": [[-90.366313, 15.1062333], [-90.3654587, 15.1064285]]}, "properties": {"osmid": "253284529", "oneway": "False", "lanes": "2", "ref": "RN-5", "name": NaN, "highway": "secondary", "maxspeed": NaN, "length": 94.245, "bridge": NaN, "tunnel": NaN, "access": NaN, "junction": NaN, "width": NaN, "est_width": NaN, "iri": 3.13000011444092}}, {"type": "Feature", "geometry": {"type": "LineString", "coordinates": [[-90.3654587, 15.1064285], [-90.3649291, 15.1065736]]}, "properties": {"osmid": "253284529", "oneway": "False", "lanes": "2", "ref": "RN-5", "name": NaN, "highway": "secondary", "maxspeed": NaN, "length": 59.099, "bridge": NaN, "tunnel": NaN, "access": NaN, "junction": NaN, "width": NaN, "est_width": NaN, "iri": 3.13000011444092}}, {"type": "Feature", "geometry": {"type": "LineString", "coordinates": [[-90.3649291, 15.1065736], [-90.3643516, 15.1066827]]}, "properties": {"osmid": "253284529", "oneway": "False", "lanes": "2", "ref": "RN-5", "name": NaN, "highway": "secondary", "maxspeed": NaN, "length": 63.172, "bridge": NaN, "tunnel": NaN, "access": NaN, "junction": NaN, "width": NaN, "est_width": NaN, "iri": 3.13000011444092}}, {"type": "Feature", "geometry": {"type": "LineString", "coordinates": [[-90.3643516, 15.1066827], [-90.3633945, 15.1068019]]}, "properties": {"osmid": "253284529", "oneway": "False", "lanes": "2", "ref": "RN-5", "name": NaN, "highway": "secondary", "maxspeed": NaN, "length": 103.598, "bridge": NaN, "tunnel": NaN, "access": NaN, "junction": NaN, "width": NaN, "est_width": NaN, "iri": 3.13000011444092}}, {"type": "Feature", "geometry": {"type": "LineString", "coordinates": [[-90.3633945, 15.1068019], [-90.3621827, 15.1069089]]}, "properties": {"osmid": "253284529", "oneway": "False", "lanes": "2", "ref": "RN-5", "name": NaN, "highway": "secondary", "maxspeed": NaN, "length": 130.633, "bridge": NaN, "tunnel": NaN, "access": NaN, "junction": NaN, "width": NaN, "est_width": NaN, "iri": 3.13000011444092}}, {"type": "Feature", "geometry": {"type": "LineString", "coordinates": [[-90.3621827, 15.1069089], [-90.3613243, 15.107048]]}, "properties": {"osmid": "253284529", "oneway": "False", "lanes": "2", "ref": "RN-5", "name": NaN, "highway": "secondary", "maxspeed": NaN, "length": 93.44, "bridge": NaN, "tunnel": NaN, "access": NaN, "junction": NaN, "width": NaN, "est_width": NaN, "iri": 3.13000011444092}}, {"type": "Feature", "geometry": {"type": "LineString", "coordinates": [[-90.3613243, 15.107048], [-90.3609749, 15.107069]]}, "properties": {"osmid": "253284529", "oneway": "False", "lanes": "2", "ref": "RN-5", "name": NaN, "highway": "secondary", "maxspeed": NaN, "length": 37.581, "bridge": NaN, "tunnel": NaN, "access": NaN, "junction": NaN, "width": NaN, "est_width": NaN, "iri": 3.13000011444092}}, {"type": "Feature", "geometry": {"type": "LineString", "coordinates": [[-90.3609749, 15.107069], [-90.3604289, 15.1070111]]}, "properties": {"osmid": "253284529", "oneway": "False", "lanes": "2", "ref": "RN-5", "name": NaN, "highway": "secondary", "maxspeed": NaN, "length": 58.967, "bridge": NaN, "tunnel": NaN, "access": NaN, "junction": NaN, "width": NaN, "est_width": NaN, "iri": 3.13000011444092}}, {"type": "Feature", "geometry": {"type": "LineString", "coordinates": [[-90.3604289, 15.1070111], [-90.3597992, 15.1068952]]}, "properties": {"osmid": "253284529", "oneway": "False", "lanes": "2", "ref": "RN-5", "name": NaN, "highway": "secondary", "maxspeed": NaN, "length": 68.817, "bridge": NaN, "tunnel": NaN, "access": NaN, "junction": NaN, "width": NaN, "est_width": NaN, "iri": 3.13000011444092}}, {"type": "Feature", "geometry": {"type": "LineString", "coordinates": [[-90.3597992, 15.1068952], [-90.3593968, 15.1068432]]}, "properties": {"osmid": "253284529", "oneway": "False", "lanes": "2", "ref": "RN-5", "name": NaN, "highway": "secondary", "maxspeed": NaN, "length": 43.584, "bridge": NaN, "tunnel": NaN, "access": NaN, "junction": NaN, "width": NaN, "est_width": NaN, "iri": 3.13000011444092}}, {"type": "Feature", "geometry": {"type": "LineString", "coordinates": [[-90.3593968, 15.1068432], [-90.3587593, 15.1068146]]}, "properties": {"osmid": "253284529", "oneway": "False", "lanes": "2", "ref": "RN-5", "name": NaN, "highway": "secondary", "maxspeed": NaN, "length": 68.511, "bridge": NaN, "tunnel": NaN, "access": NaN, "junction": NaN, "width": NaN, "est_width": NaN, "iri": 3.13000011444092}}, {"type": "Feature", "geometry": {"type": "LineString", "coordinates": [[-90.3587593, 15.1068146], [-90.3579086, 15.1068014]]}, "properties": {"osmid": "253284529", "oneway": "False", "lanes": "2", "ref": "RN-5", "name": NaN, "highway": "secondary", "maxspeed": NaN, "length": 91.336, "bridge": NaN, "tunnel": NaN, "access": NaN, "junction": NaN, "width": NaN, "est_width": NaN, "iri": 3.13000011444092}}, {"type": "Feature", "geometry": {"type": "LineString", "coordinates": [[-90.3579086, 15.1068014], [-90.3572092, 15.1068269]]}, "properties": {"osmid": "253284529", "oneway": "False", "lanes": "2", "ref": "RN-5", "name": NaN, "highway": "secondary", "maxspeed": NaN, "length": 75.136, "bridge": NaN, "tunnel": NaN, "access": NaN, "junction": NaN, "width": NaN, "est_width": NaN, "iri": 3.13000011444092}}, {"type": "Feature", "geometry": {"type": "LineString", "coordinates": [[-90.3572092, 15.1068269], [-90.3564807, 15.1069136]]}, "properties": {"osmid": "253284529", "oneway": "False", "lanes": "2", "ref": "RN-5", "name": NaN, "highway": "secondary", "maxspeed": NaN, "length": 78.798, "bridge": NaN, "tunnel": NaN, "access": NaN, "junction": NaN, "width": NaN, "est_width": NaN, "iri": 3.13000011444092}}, {"type": "Feature", "geometry": {"type": "LineString", "coordinates": [[-90.3564807, 15.1069136], [-90.3549999, 15.1069722]]}, "properties": {"osmid": "253284529", "oneway": "False", "lanes": "2", "ref": "RN-5", "name": NaN, "highway": "secondary", "maxspeed": NaN, "length": 159.101, "bridge": NaN, "tunnel": NaN, "access": NaN, "junction": NaN, "width": NaN, "est_width": NaN, "iri": 3.13000011444092}}, {"type": "Feature", "geometry": {"type": "LineString", "coordinates": [[-90.3549999, 15.1069722], [-90.3546199, 15.1069416]]}, "properties": {"osmid": "253284529", "oneway": "False", "lanes": "2", "ref": "RN-5", "name": NaN, "highway": "secondary", "maxspeed": NaN, "length": 40.936, "bridge": NaN, "tunnel": NaN, "access": NaN, "junction": NaN, "width": NaN, "est_width": NaN, "iri": 3.13000011444092}}, {"type": "Feature", "geometry": {"type": "LineString", "coordinates": [[-90.3546199, 15.1069416], [-90.3534321, 15.1066944]]}, "properties": {"osmid": "253284529", "oneway": "False", "lanes": "2", "ref": "RN-5", "name": NaN, "highway": "secondary", "maxspeed": NaN, "length": 130.442, "bridge": NaN, "tunnel": NaN, "access": NaN, "junction": NaN, "width": NaN, "est_width": NaN, "iri": 3.13000011444092}}, {"type": "Feature", "geometry": {"type": "LineString", "coordinates": [[-90.3534321, 15.1066944], [-90.3522443, 15.1065415]]}, "properties": {"osmid": "253284529", "oneway": "False", "lanes": "2", "ref": "RN-5", "name": NaN, "highway": "secondary", "maxspeed": NaN, "length": 128.642, "bridge": NaN, "tunnel": NaN, "access": NaN, "junction": NaN, "width": NaN, "est_width": NaN, "iri": 3.13000011444092}}, {"type": "Feature", "geometry": {"type": "LineString", "coordinates": [[-90.3522443, 15.1065415], [-90.3509642, 15.1063326]]}, "properties": {"osmid": "253284529", "oneway": "False", "lanes": "2", "ref": "RN-5", "name": NaN, "highway": "secondary", "maxspeed": NaN, "length": 139.371, "bridge": NaN, "tunnel": NaN, "access": NaN, "junction": NaN, "width": NaN, "est_width": NaN, "iri": 3.13000011444092}}, {"type": "Feature", "geometry": {"type": "LineString", "coordinates": [[-90.3509642, 15.1063326], [-90.3501512, 15.1062994]]}, "properties": {"osmid": "253284529", "oneway": "False", "lanes": "2", "ref": "RN-5", "name": NaN, "highway": "secondary", "maxspeed": NaN, "length": 87.356, "bridge": NaN, "tunnel": NaN, "access": NaN, "junction": NaN, "width": NaN, "est_width": NaN, "iri": 3.13000011444092}}, {"type": "Feature", "geometry": {"type": "LineString", "coordinates": [[-90.3501512, 15.1062994], [-90.3493462, 15.1062408]]}, "properties": {"osmid": "253284529", "oneway": "False", "lanes": "2", "ref": "RN-5", "name": NaN, "highway": "secondary", "maxspeed": NaN, "length": 86.664, "bridge": NaN, "tunnel": NaN, "access": NaN, "junction": NaN, "width": NaN, "est_width": NaN, "iri": 3.13000011444092}}, {"type": "Feature", "geometry": {"type": "LineString", "coordinates": [[-90.3493462, 15.1062408], [-90.3486758, 15.1061695]]}, "properties": {"osmid": "253284529", "oneway": "False", "lanes": "2", "ref": "RN-5", "name": NaN, "highway": "secondary", "maxspeed": NaN, "length": 72.405, "bridge": NaN, "tunnel": NaN, "access": NaN, "junction": NaN, "width": NaN, "est_width": NaN, "iri": 3.13000011444092}}, {"type": "Feature", "geometry": {"type": "LineString", "coordinates": [[-90.3486758, 15.1061695], [-90.3476094, 15.1060293]]}, "properties": {"osmid": "253284529", "oneway": "False", "lanes": "2", "ref": "RN-5", "name": NaN, "highway": "secondary", "maxspeed": NaN, "length": 115.538, "bridge": NaN, "tunnel": NaN, "access": NaN, "junction": NaN, "width": NaN, "est_width": NaN, "iri": 3.13000011444092}}, {"type": "Feature", "geometry": {"type": "LineString", "coordinates": [[-90.3476094, 15.1060293], [-90.3468598, 15.1059019]]}, "properties": {"osmid": "253284529", "oneway": "False", "lanes": "2", "ref": "RN-5", "name": NaN, "highway": "secondary", "maxspeed": NaN, "length": 81.709, "bridge": NaN, "tunnel": NaN, "access": NaN, "junction": NaN, "width": NaN, "est_width": NaN, "iri": 3.13000011444092}}, {"type": "Feature", "geometry": {"type": "LineString", "coordinates": [[-90.3468598, 15.1059019], [-90.34568, 15.1055783]]}, "properties": {"osmid": "253284529", "oneway": "False", "lanes": "2", "ref": "RN-5", "name": NaN, "highway": "secondary", "maxspeed": NaN, "length": 131.667, "bridge": NaN, "tunnel": NaN, "access": NaN, "junction": NaN, "width": NaN, "est_width": NaN, "iri": 3.13000011444092}}, {"type": "Feature", "geometry": {"type": "LineString", "coordinates": [[-90.34568, 15.1055783], [-90.3453236, 15.1055044]]}, "properties": {"osmid": "253284529", "oneway": "False", "lanes": "2", "ref": "RN-5", "name": NaN, "highway": "secondary", "maxspeed": NaN, "length": 39.133, "bridge": NaN, "tunnel": NaN, "access": NaN, "junction": NaN, "width": NaN, "est_width": NaN, "iri": 3.13000011444092}}, {"type": "Feature", "geometry": {"type": "LineString", "coordinates": [[-90.3453236, 15.1055044], [-90.344347, 15.1054559]]}, "properties": {"osmid": "253284529", "oneway": "False", "lanes": "2", "ref": "RN-5", "name": NaN, "highway": "secondary", "maxspeed": NaN, "length": 104.98, "bridge": NaN, "tunnel": NaN, "access": NaN, "junction": NaN, "width": NaN, "est_width": NaN, "iri": 3.13000011444092}}, {"type": "Feature", "geometry": {"type": "LineString", "coordinates": [[-90.344347, 15.1054559], [-90.3431619, 15.1053591]]}, "properties": {"osmid": "253284529", "oneway": "False", "lanes": "2", "ref": "RN-5", "name": NaN, "highway": "secondary", "maxspeed": NaN, "length": 127.679, "bridge": NaN, "tunnel": NaN, "access": NaN, "junction": NaN, "width": NaN, "est_width": NaN, "iri": 3.13000011444092}}, {"type": "Feature", "geometry": {"type": "LineString", "coordinates": [[-90.3431619, 15.1053591], [-90.3421167, 15.1052546]]}, "properties": {"osmid": "253284529", "oneway": "False", "lanes": "2", "ref": "RN-5", "name": NaN, "highway": "secondary", "maxspeed": NaN, "length": 112.806, "bridge": NaN, "tunnel": NaN, "access": NaN, "junction": NaN, "width": NaN, "est_width": NaN, "iri": 3.13000011444092}}, {"type": "Feature", "geometry": {"type": "LineString", "coordinates": [[-90.3421167, 15.1052546], [-90.3418527, 15.1051782]]}, "properties": {"osmid": "253284529", "oneway": "False", "lanes": "2", "ref": "RN-5", "name": NaN, "highway": "secondary", "maxspeed": NaN, "length": 29.587, "bridge": NaN, "tunnel": NaN, "access": NaN, "junction": NaN, "width": NaN, "est_width": NaN, "iri": 3.13000011444092}}, {"type": "Feature", "geometry": {"type": "LineString", "coordinates": [[-90.3418527, 15.1051782], [-90.341668, 15.1050788]]}, "properties": {"osmid": "253284529", "oneway": "False", "lanes": "2", "ref": "RN-5", "name": NaN, "highway": "secondary", "maxspeed": NaN, "length": 22.701, "bridge": NaN, "tunnel": NaN, "access": NaN, "junction": NaN, "width": NaN, "est_width": NaN, "iri": 3.13000011444092}}, {"type": "Feature", "geometry": {"type": "LineString", "coordinates": [[-90.341668, 15.1050788], [-90.3413301, 15.1049539]]}, "properties": {"osmid": "253284529", "oneway": "False", "lanes": "2", "ref": "RN-5", "name": NaN, "highway": "secondary", "maxspeed": NaN, "length": 38.842, "bridge": NaN, "tunnel": NaN, "access": NaN, "junction": NaN, "width": NaN, "est_width": NaN, "iri": 3.13000011444092}}, {"type": "Feature", "geometry": {"type": "LineString", "coordinates": [[-90.3413301, 15.1049539], [-90.3411454, 15.1049132]]}, "properties": {"osmid": "253284529", "oneway": "False", "lanes": "2", "ref": "RN-5", "name": NaN, "highway": "secondary", "maxspeed": NaN, "length": 20.338, "bridge": NaN, "tunnel": NaN, "access": NaN, "junction": NaN, "width": NaN, "est_width": NaN, "iri": 3.13000011444092}}, {"type": "Feature", "geometry": {"type": "LineString", "coordinates": [[-90.3411454, 15.1049132], [-90.3406491, 15.1048597]]}, "properties": {"osmid": "253284529", "oneway": "False", "lanes": "2", "ref": "RN-5", "name": NaN, "highway": "secondary", "maxspeed": NaN, "length": 53.611, "bridge": NaN, "tunnel": NaN, "access": NaN, "junction": NaN, "width": NaN, "est_width": NaN, "iri": 3.13000011444092}}, {"type": "Feature", "geometry": {"type": "LineString", "coordinates": [[-90.3406491, 15.1048597], [-90.3396145, 15.1044698]]}, "properties": {"osmid": "253284529", "oneway": "False", "lanes": "2", "ref": "RN-5", "name": NaN, "highway": "secondary", "maxspeed": NaN, "length": 119.23, "bridge": NaN, "tunnel": NaN, "access": NaN, "junction": NaN, "width": NaN, "est_width": NaN, "iri": 3.13000011444092}}, {"type": "Feature", "geometry": {"type": "LineString", "coordinates": [[-90.3396145, 15.1044698], [-90.3393664, 15.1042735]]}, "properties": {"osmid": "253284529", "oneway": "False", "lanes": "2", "ref": "RN-5", "name": NaN, "highway": "secondary", "maxspeed": NaN, "length": 34.436, "bridge": NaN, "tunnel": NaN, "access": NaN, "junction": NaN, "width": NaN, "est_width": NaN, "iri": 3.13000011444092}}, {"type": "Feature", "geometry": {"type": "LineString", "coordinates": [[-90.3393664, 15.1042735], [-90.3391605, 15.1040417]]}, "properties": {"osmid": "253284529", "oneway": "False", "lanes": "2", "ref": "RN-5", "name": NaN, "highway": "secondary", "maxspeed": NaN, "length": 33.955, "bridge": NaN, "tunnel": NaN, "access": NaN, "junction": NaN, "width": NaN, "est_width": NaN, "iri": 3.13000011444092}}, {"type": "Feature", "geometry": {"type": "LineString", "coordinates": [[-90.3391605, 15.1040417], [-90.3389229, 15.1038429]]}, "properties": {"osmid": "253284529", "oneway": "False", "lanes": "2", "ref": "RN-5", "name": NaN, "highway": "secondary", "maxspeed": NaN, "length": 33.753, "bridge": NaN, "tunnel": NaN, "access": NaN, "junction": NaN, "width": NaN, "est_width": NaN, "iri": 3.13000011444092}}, {"type": "Feature", "geometry": {"type": "LineString", "coordinates": [[-90.3389229, 15.1038429], [-90.3385692, 15.1035906]]}, "properties": {"osmid": "253284529", "oneway": "False", "lanes": "2", "ref": "RN-5", "name": NaN, "highway": "secondary", "maxspeed": NaN, "length": 47.211, "bridge": NaN, "tunnel": NaN, "access": NaN, "junction": NaN, "width": NaN, "est_width": NaN, "iri": 3.13000011444092}}, {"type": "Feature", "geometry": {"type": "LineString", "coordinates": [[-90.3385692, 15.1035906], [-90.3375504, 15.1022502]]}, "properties": {"osmid": "253284529", "oneway": "False", "lanes": "2", "ref": "RN-5", "name": NaN, "highway": "secondary", "maxspeed": NaN, "length": 184.87, "bridge": NaN, "tunnel": NaN, "access": NaN, "junction": NaN, "width": NaN, "est_width": NaN, "iri": 3.13000011444092}}, {"type": "Feature", "geometry": {"type": "LineString", "coordinates": [[-90.3375504, 15.1022502], [-90.337231, 15.1020259]]}, "properties": {"osmid": "253284529", "oneway": "False", "lanes": "2", "ref": "RN-5", "name": NaN, "highway": "secondary", "maxspeed": NaN, "length": 42.4, "bridge": NaN, "tunnel": NaN, "access": NaN, "junction": NaN, "width": NaN, "est_width": NaN, "iri": 3.13000011444092}}, {"type": "Feature", "geometry": {"type": "LineString", "coordinates": [[-90.337231, 15.1020259], [-90.3370753, 15.1019469]]}, "properties": {"osmid": "253284529", "oneway": "False", "lanes": "2", "ref": "RN-5", "name": NaN, "highway": "secondary", "maxspeed": NaN, "length": 18.883, "bridge": NaN, "tunnel": NaN, "access": NaN, "junction": NaN, "width": NaN, "est_width": NaN, "iri": 3.13000011444092}}, {"type": "Feature", "geometry": {"type": "LineString", "coordinates": [[-90.3370753, 15.1019469], [-90.3368008, 15.1018781]]}, "properties": {"osmid": "253284529", "oneway": "False", "lanes": "2", "ref": "RN-5", "name": NaN, "highway": "secondary", "maxspeed": NaN, "length": 30.446, "bridge": NaN, "tunnel": NaN, "access": NaN, "junction": NaN, "width": NaN, "est_width": NaN, "iri": 3.13000011444092}}, {"type": "Feature", "geometry": {"type": "LineString", "coordinates": [[-90.3368008, 15.1018781], [-90.3350085, 15.1016212]]}, "properties": {"osmid": "253284529", "oneway": "False", "lanes": "2", "ref": "RN-5", "name": NaN, "highway": "secondary", "maxspeed": NaN, "length": 194.521, "bridge": NaN, "tunnel": NaN, "access": NaN, "junction": NaN, "width": NaN, "est_width": NaN, "iri": 3.13000011444092}}, {"type": "Feature", "geometry": {"type": "LineString", "coordinates": [[-90.3350085, 15.1016212], [-90.3331874, 15.1014194]]}, "properties": {"osmid": "253284529", "oneway": "False", "lanes": "2", "ref": "RN-5", "name": NaN, "highway": "secondary", "maxspeed": NaN, "length": 196.788, "bridge": NaN, "tunnel": NaN, "access": NaN, "junction": NaN, "width": NaN, "est_width": NaN, "iri": 3.13000011444092}}, {"type": "Feature", "geometry": {"type": "LineString", "coordinates": [[-90.3331874, 15.1014194], [-90.3324905, 15.1013201]]}, "properties": {"osmid": "253284529", "oneway": "False", "lanes": "2", "ref": "RN-5", "name": NaN, "highway": "secondary", "maxspeed": NaN, "length": 75.626, "bridge": NaN, "tunnel": NaN, "access": NaN, "junction": NaN, "width": NaN, "est_width": NaN, "iri": 3.13000011444092}}, {"type": "Feature", "geometry": {"type": "LineString", "coordinates": [[-90.3324905, 15.1013201], [-90.3291015, 15.1006957]]}, "properties": {"osmid": "253284529", "oneway": "False", "lanes": "2", "ref": "RN-5", "name": NaN, "highway": "secondary", "maxspeed": NaN, "length": 370.393, "bridge": NaN, "tunnel": NaN, "access": NaN, "junction": NaN, "width": NaN, "est_width": NaN, "iri": 3.13000011444092}}]}