{"type": "FeatureCollection", "features": [{"type": "Feature", "geometry": {"type": "LineString", "coordinates": [[-89.934709, 16.7976554], [-89.9346544, 16.798573]]}, "properties": {"osmid": "249819111", "oneway": "False", "lanes": NaN, "ref": NaN, "name": "5a Avenida", "highway": "tertiary", "maxspeed": NaN, "length": 102.198, "bridge": NaN, "tunnel": NaN, "access": NaN, "junction": NaN, "width": NaN, "est_width": NaN, "iri": 3.0699999332428}}, {"type": "Feature", "geometry": {"type": "LineString", "coordinates": [[-89.9346544, 16.798573], [-89.9346292, 16.7993014]]}, "properties": {"osmid": "249819111", "oneway": "False", "lanes": NaN, "ref": NaN, "name": "5a Avenida", "highway": "tertiary", "maxspeed": NaN, "length": 81.039, "bridge": NaN, "tunnel": NaN, "access": NaN, "junction": NaN, "width": NaN, "est_width": NaN, "iri": 3.0699999332428}}, {"type": "Feature", "geometry": {"type": "LineString", "coordinates": [[-89.9346292, 16.7993014], [-89.9346009, 16.8000191]]}, "properties": {"osmid": "249819111", "oneway": "False", "lanes": NaN, "ref": NaN, "name": "5a Avenida", "highway": "tertiary", "maxspeed": NaN, "length": 79.862, "bridge": NaN, "tunnel": NaN, "access": NaN, "junction": NaN, "width": NaN, "est_width": NaN, "iri": 3.0699999332428}}, {"type": "Feature", "geometry": {"type": "LineString", "coordinates": [[-89.9346009, 16.8000191], [-89.9345877, 16.8006773]]}, "properties": {"osmid": "249819111", "oneway": "False", "lanes": NaN, "ref": NaN, "name": "5a Avenida", "highway": "tertiary", "maxspeed": NaN, "length": 73.202, "bridge": NaN, "tunnel": NaN, "access": NaN, "junction": NaN, "width": NaN, "est_width": NaN, "iri": 3.0699999332428}}, {"type": "Feature", "geometry": {"type": "LineString", "coordinates": [[-89.9345877, 16.8006773], [-89.9345125, 16.8007025]]}, "properties": {"osmid": "249819106", "oneway": "True", "lanes": NaN, "ref": NaN, "name": "1a Calle", "highway": "tertiary", "maxspeed": NaN, "length": 8.481, "bridge": NaN, "tunnel": NaN, "access": NaN, "junction": NaN, "width": NaN, "est_width": NaN, "iri": 3.0699999332428}}, {"type": "Feature", "geometry": {"type": "LineString", "coordinates": [[-89.9345125, 16.8007025], [-89.933626, 16.80074]]}, "properties": {"osmid": "249819106", "oneway": "True", "lanes": NaN, "ref": NaN, "name": "1a Calle", "highway": "tertiary", "maxspeed": NaN, "length": 94.459, "bridge": NaN, "tunnel": NaN, "access": NaN, "junction": NaN, "width": NaN, "est_width": NaN, "iri": 3.0699999332428}}, {"type": "Feature", "geometry": {"type": "LineString", "coordinates": [[-89.933626, 16.80074], [-89.9333947, 16.8007544]]}, "properties": {"osmid": "249819106", "oneway": "True", "lanes": NaN, "ref": NaN, "name": "1a Calle", "highway": "tertiary", "maxspeed": NaN, "length": 24.674, "bridge": NaN, "tunnel": NaN, "access": NaN, "junction": NaN, "width": NaN, "est_width": NaN, "iri": 3.0699999332428}}, {"type": "Feature", "geometry": {"type": "LineString", "coordinates": [[-89.9333947, 16.8007544], [-89.932577, 16.8007879]]}, "properties": {"osmid": "249819106", "oneway": "True", "lanes": NaN, "ref": NaN, "name": "1a Calle", "highway": "tertiary", "maxspeed": NaN, "length": 87.123, "bridge": NaN, "tunnel": NaN, "access": NaN, "junction": NaN, "width": NaN, "est_width": NaN, "iri": 3.0699999332428}}, {"type": "Feature", "geometry": {"type": "LineString", "coordinates": [[-89.932577, 16.8007879], [-89.9324885, 16.8007616]]}, "properties": {"osmid": "249819106", "oneway": "True", "lanes": NaN, "ref": NaN, "name": "1a Calle", "highway": "tertiary", "maxspeed": NaN, "length": 9.864, "bridge": NaN, "tunnel": NaN, "access": NaN, "junction": NaN, "width": NaN, "est_width": NaN, "iri": 3.0699999332428}}, {"type": "Feature", "geometry": {"type": "LineString", "coordinates": [[-89.9324885, 16.8007616], [-89.9319124, 16.8008174]]}, "properties": {"osmid": "252158454", "oneway": "False", "lanes": NaN, "ref": NaN, "name": "1a Calle", "highway": "tertiary", "maxspeed": NaN, "length": 61.638, "bridge": NaN, "tunnel": NaN, "access": NaN, "junction": NaN, "width": NaN, "est_width": NaN, "iri": 3.0699999332428}}, {"type": "Feature", "geometry": {"type": "LineString", "coordinates": [[-89.9319124, 16.8008174], [-89.9317474, 16.8008444]]}, "properties": {"osmid": "252158454", "oneway": "False", "lanes": NaN, "ref": NaN, "name": "1a Calle", "highway": "tertiary", "maxspeed": NaN, "length": 17.819, "bridge": NaN, "tunnel": NaN, "access": NaN, "junction": NaN, "width": NaN, "est_width": NaN, "iri": 3.0699999332428}}, {"type": "Feature", "geometry": {"type": "LineString", "coordinates": [[-89.9317474, 16.8008444], [-89.9315959, 16.8008868]]}, "properties": {"osmid": "252158454", "oneway": "False", "lanes": NaN, "ref": NaN, "name": "1a Calle", "highway": "tertiary", "maxspeed": NaN, "length": 16.802, "bridge": NaN, "tunnel": NaN, "access": NaN, "junction": NaN, "width": NaN, "est_width": NaN, "iri": 3.0699999332428}}, {"type": "Feature", "geometry": {"type": "LineString", "coordinates": [[-89.9315959, 16.8008868], [-89.9309454, 16.8011025]]}, "properties": {"osmid": "252158454", "oneway": "False", "lanes": NaN, "ref": NaN, "name": "1a Calle", "highway": "tertiary", "maxspeed": NaN, "length": 73.281, "bridge": NaN, "tunnel": NaN, "access": NaN, "junction": NaN, "width": NaN, "est_width": NaN, "iri": 3.0699999332428}}, {"type": "Feature", "geometry": {"type": "LineString", "coordinates": [[-89.9309454, 16.8011025], [-89.930641, 16.8012116]]}, "properties": {"osmid": "252158454", "oneway": "False", "lanes": NaN, "ref": NaN, "name": "1a Calle", "highway": "tertiary", "maxspeed": NaN, "length": 34.599, "bridge": NaN, "tunnel": NaN, "access": NaN, "junction": NaN, "width": NaN, "est_width": NaN, "iri": 3.0699999332428}}, {"type": "Feature", "geometry": {"type": "LineString", "coordinates": [[-89.930641, 16.8012116], [-89.9301279, 16.8013837]]}, "properties": {"osmid": "252158454", "oneway": "False", "lanes": NaN, "ref": NaN, "name": "1a Calle", "highway": "tertiary", "maxspeed": NaN, "length": 57.874, "bridge": NaN, "tunnel": NaN, "access": NaN, "junction": NaN, "width": NaN, "est_width": NaN, "iri": 3.0699999332428}}, {"type": "Feature", "geometry": {"type": "LineString", "coordinates": [[-89.9301279, 16.8013837], [-89.9300442, 16.8014748]]}, "properties": {"osmid": "249819108", "oneway": "False", "lanes": "2", "ref": "RD PET-16", "name": "Carretera San Benito - San Francisco", "highway": "primary", "maxspeed": NaN, "length": 13.491, "bridge": NaN, "tunnel": NaN, "access": NaN, "junction": NaN, "width": NaN, "est_width": NaN, "iri": 3.0699999332428}}, {"type": "Feature", "geometry": {"type": "LineString", "coordinates": [[-89.9300442, 16.8014748], [-89.930004, 16.8015162]]}, "properties": {"osmid": "249819108", "oneway": "False", "lanes": "2", "ref": "RD PET-16", "name": "Carretera San Benito - San Francisco", "highway": "primary", "maxspeed": NaN, "length": 6.285, "bridge": NaN, "tunnel": NaN, "access": NaN, "junction": NaN, "width": NaN, "est_width": NaN, "iri": 3.0699999332428}}, {"type": "Feature", "geometry": {"type": "LineString", "coordinates": [[-89.930004, 16.8015162], [-89.9299101, 16.8016304]]}, "properties": {"osmid": "249819108", "oneway": "False", "lanes": "2", "ref": "RD PET-16", "name": "Carretera San Benito - San Francisco", "highway": "primary", "maxspeed": NaN, "length": 16.16, "bridge": NaN, "tunnel": NaN, "access": NaN, "junction": NaN, "width": NaN, "est_width": NaN, "iri": 3.0699999332428}}, {"type": "Feature", "geometry": {"type": "LineString", "coordinates": [[-89.9299101, 16.8016304], [-89.9298068, 16.8017845]]}, "properties": {"osmid": "249819108", "oneway": "False", "lanes": "2", "ref": "RD PET-16", "name": "Carretera San Benito - San Francisco", "highway": "primary", "maxspeed": NaN, "length": 20.36, "bridge": NaN, "tunnel": NaN, "access": NaN, "junction": NaN, "width": NaN, "est_width": NaN, "iri": 3.0699999332428}}, {"type": "Feature", "geometry": {"type": "LineString", "coordinates": [[-89.9298068, 16.8017845], [-89.9297277, 16.801954]]}, "properties": {"osmid": "249819108", "oneway": "False", "lanes": "2", "ref": "RD PET-16", "name": "Carretera San Benito - San Francisco", "highway": "primary", "maxspeed": NaN, "length": 20.643, "bridge": NaN, "tunnel": NaN, "access": NaN, "junction": NaN, "width": NaN, "est_width": NaN, "iri": 3.0699999332428}}, {"type": "Feature", "geometry": {"type": "LineString", "coordinates": [[-89.9297277, 16.801954], [-89.9296634, 16.8021286]]}, "properties": {"osmid": "249819108", "oneway": "False", "lanes": "2", "ref": "RD PET-16", "name": "Carretera San Benito - San Francisco", "highway": "primary", "maxspeed": NaN, "length": 20.586, "bridge": NaN, "tunnel": NaN, "access": NaN, "junction": NaN, "width": NaN, "est_width": NaN, "iri": 3.0699999332428}}, {"type": "Feature", "geometry": {"type": "LineString", "coordinates": [[-89.9296634, 16.8021286], [-89.9296483, 16.8022508]]}, "properties": {"osmid": "651589812", "oneway": "False", "lanes": "2", "ref": "RD PET-16", "name": "Carretera San Benito - San Francisco", "highway": "primary", "maxspeed": NaN, "length": 13.683, "bridge": NaN, "tunnel": NaN, "access": NaN, "junction": NaN, "width": NaN, "est_width": NaN, "iri": 3.0699999332428}}, {"type": "Feature", "geometry": {"type": "LineString", "coordinates": [[-89.9296483, 16.8022508], [-89.9296358, 16.8023908]]}, "properties": {"osmid": "651589812", "oneway": "False", "lanes": "2", "ref": "RD PET-16", "name": "Carretera San Benito - San Francisco", "highway": "primary", "maxspeed": NaN, "length": 15.624, "bridge": NaN, "tunnel": NaN, "access": NaN, "junction": NaN, "width": NaN, "est_width": NaN, "iri": 3.0699999332428}}, {"type": "Feature", "geometry": {"type": "LineString", "coordinates": [[-89.9296358, 16.8023908], [-89.9296211, 16.8030002]]}, "properties": {"osmid": "651589812", "oneway": "False", "lanes": "2", "ref": "RD PET-16", "name": "Carretera San Benito - San Francisco", "highway": "primary", "maxspeed": NaN, "length": 67.78, "bridge": NaN, "tunnel": NaN, "access": NaN, "junction": NaN, "width": NaN, "est_width": NaN, "iri": 3.0699999332428}}, {"type": "Feature", "geometry": {"type": "LineString", "coordinates": [[-89.9296211, 16.8030002], [-89.9296285, 16.8038287]]}, "properties": {"osmid": "651589812", "oneway": "False", "lanes": "2", "ref": "RD PET-16", "name": "Carretera San Benito - San Francisco", "highway": "primary", "maxspeed": NaN, "length": 92.128, "bridge": NaN, "tunnel": NaN, "access": NaN, "junction": NaN, "width": NaN, "est_width": NaN, "iri": 3.0699999332428}}, {"type": "Feature", "geometry": {"type": "LineString", "coordinates": [[-89.9296285, 16.8038287], [-89.9296124, 16.8051074]]}, "properties": {"osmid": "651589812", "oneway": "False", "lanes": "2", "ref": "RD PET-16", "name": "Carretera San Benito - San Francisco", "highway": "primary", "maxspeed": NaN, "length": 142.195, "bridge": NaN, "tunnel": NaN, "access": NaN, "junction": NaN, "width": NaN, "est_width": NaN, "iri": 3.0699999332428}}, {"type": "Feature", "geometry": {"type": "LineString", "coordinates": [[-89.9296124, 16.8051074], [-89.9296017, 16.8062218]]}, "properties": {"osmid": "651589812", "oneway": "False", "lanes": "2", "ref": "RD PET-16", "name": "Carretera San Benito - San Francisco", "highway": "primary", "maxspeed": NaN, "length": 123.921, "bridge": NaN, "tunnel": NaN, "access": NaN, "junction": NaN, "width": NaN, "est_width": NaN, "iri": 3.0699999332428}}, {"type": "Feature", "geometry": {"type": "LineString", "coordinates": [[-89.9296017, 16.8062218], [-89.9296178, 16.8070691]]}, "properties": {"osmid": "651589812", "oneway": "False", "lanes": "2", "ref": "RD PET-16", "name": "Carretera San Benito - San Francisco", "highway": "primary", "maxspeed": NaN, "length": 94.231, "bridge": NaN, "tunnel": NaN, "access": NaN, "junction": NaN, "width": NaN, "est_width": NaN, "iri": 3.0699999332428}}, {"type": "Feature", "geometry": {"type": "LineString", "coordinates": [[-89.9296178, 16.8070691], [-89.9296086, 16.8073621]]}, "properties": {"osmid": "651589812", "oneway": "False", "lanes": "2", "ref": "RD PET-16", "name": "Carretera San Benito - San Francisco", "highway": "primary", "maxspeed": NaN, "length": 32.595, "bridge": NaN, "tunnel": NaN, "access": NaN, "junction": NaN, "width": NaN, "est_width": NaN, "iri": 3.0699999332428}}, {"type": "Feature", "geometry": {"type": "LineString", "coordinates": [[-89.9296086, 16.8073621], [-89.9295964, 16.8075401]]}, "properties": {"osmid": "651589812", "oneway": "False", "lanes": "2", "ref": "RD PET-16", "name": "Carretera San Benito - San Francisco", "highway": "primary", "maxspeed": NaN, "length": 19.835, "bridge": NaN, "tunnel": NaN, "access": NaN, "junction": NaN, "width": NaN, "est_width": NaN, "iri": 3.0699999332428}}, {"type": "Feature", "geometry": {"type": "LineString", "coordinates": [[-89.9295964, 16.8075401], [-89.9295158, 16.8078342]]}, "properties": {"osmid": "651589812", "oneway": "False", "lanes": "2", "ref": "RD PET-16", "name": "Carretera San Benito - San Francisco", "highway": "primary", "maxspeed": NaN, "length": 33.809, "bridge": NaN, "tunnel": NaN, "access": NaN, "junction": NaN, "width": NaN, "est_width": NaN, "iri": 3.0699999332428}}, {"type": "Feature", "geometry": {"type": "LineString", "coordinates": [[-89.9295158, 16.8078342], [-89.9291886, 16.8083529]]}, "properties": {"osmid": "651589812", "oneway": "False", "lanes": "2", "ref": "RD PET-16", "name": "Carretera San Benito - San Francisco", "highway": "primary", "maxspeed": NaN, "length": 67.377, "bridge": NaN, "tunnel": NaN, "access": NaN, "junction": NaN, "width": NaN, "est_width": NaN, "iri": 3.0699999332428}}, {"type": "Feature", "geometry": {"type": "LineString", "coordinates": [[-89.9291886, 16.8083529], [-89.9280031, 16.8100116]]}, "properties": {"osmid": "651589812", "oneway": "False", "lanes": "2", "ref": "RD PET-16", "name": "Carretera San Benito - San Francisco", "highway": "primary", "maxspeed": NaN, "length": 223.476, "bridge": NaN, "tunnel": NaN, "access": NaN, "junction": NaN, "width": NaN, "est_width": NaN, "iri": 3.0699999332428}}, {"type": "Feature", "geometry": {"type": "LineString", "coordinates": [[-89.9280031, 16.8100116], [-89.9264957, 16.8121529]]}, "properties": {"osmid": "651589812", "oneway": "False", "lanes": "2", "ref": "RD PET-16", "name": "Carretera San Benito - San Francisco", "highway": "primary", "maxspeed": NaN, "length": 287.119, "bridge": NaN, "tunnel": NaN, "access": NaN, "junction": NaN, "width": NaN, "est_width": NaN, "iri": 3.0699999332428}}, {"type": "Feature", "geometry": {"type": "LineString", "coordinates": [[-89.9264957, 16.8121529], [-89.9251671, 16.8139627]]}, "properties": {"osmid": "651589812", "oneway": "False", "lanes": "2", "ref": "RD PET-16", "name": "Carretera San Benito - San Francisco", "highway": "primary", "maxspeed": NaN, "length": 245.962, "bridge": NaN, "tunnel": NaN, "access": NaN, "junction": NaN, "width": NaN, "est_width": NaN, "iri": 3.0699999332428}}, {"type": "Feature", "geometry": {"type": "LineString", "coordinates": [[-89.9251671, 16.8139627], [-89.9251385, 16.8140016]]}, "properties": {"osmid": "651589812", "oneway": "False", "lanes": "2", "ref": "RD PET-16", "name": "Carretera San Benito - San Francisco", "highway": "primary", "maxspeed": NaN, "length": 5.289, "bridge": NaN, "tunnel": NaN, "access": NaN, "junction": NaN, "width": NaN, "est_width": NaN, "iri": 3.0699999332428}}, {"type": "Feature", "geometry": {"type": "LineString", "coordinates": [[-89.9251385, 16.8140016], [-89.9230678, 16.8169183]]}, "properties": {"osmid": "651589812", "oneway": "False", "lanes": "2", "ref": "RD PET-16", "name": "Carretera San Benito - San Francisco", "highway": "primary", "maxspeed": NaN, "length": 392.128, "bridge": NaN, "tunnel": NaN, "access": NaN, "junction": NaN, "width": NaN, "est_width": NaN, "iri": 3.0699999332428}}, {"type": "Feature", "geometry": {"type": "LineString", "coordinates": [[-89.9230678, 16.8169183], [-89.9227513, 16.8173907]]}, "properties": {"osmid": "651589812", "oneway": "False", "lanes": "2", "ref": "RD PET-16", "name": "Carretera San Benito - San Francisco", "highway": "primary", "maxspeed": NaN, "length": 62.403, "bridge": NaN, "tunnel": NaN, "access": NaN, "junction": NaN, "width": NaN, "est_width": NaN, "iri": 3.0699999332428}}, {"type": "Feature", "geometry": {"type": "LineString", "coordinates": [[-89.9227513, 16.8173907], [-89.9222202, 16.8184536]]}, "properties": {"osmid": "651589812", "oneway": "False", "lanes": "2", "ref": "RD PET-16", "name": "Carretera San Benito - San Francisco", "highway": "primary", "maxspeed": NaN, "length": 131.013, "bridge": NaN, "tunnel": NaN, "access": NaN, "junction": NaN, "width": NaN, "est_width": NaN, "iri": 3.0699999332428}}, {"type": "Feature", "geometry": {"type": "LineString", "coordinates": [[-89.9222202, 16.8184536], [-89.9220164, 16.8192136]]}, "properties": {"osmid": "651589812", "oneway": "False", "lanes": "2", "ref": "RD PET-16", "name": "Carretera San Benito - San Francisco", "highway": "primary", "maxspeed": NaN, "length": 87.248, "bridge": NaN, "tunnel": NaN, "access": NaN, "junction": NaN, "width": NaN, "est_width": NaN, "iri": 3.0699999332428}}, {"type": "Feature", "geometry": {"type": "LineString", "coordinates": [[-89.9220164, 16.8192136], [-89.9212814, 16.8221251]]}, "properties": {"osmid": "651589812", "oneway": "False", "lanes": "2", "ref": "RD PET-16", "name": "Carretera San Benito - San Francisco", "highway": "primary", "maxspeed": NaN, "length": 333.063, "bridge": NaN, "tunnel": NaN, "access": NaN, "junction": NaN, "width": NaN, "est_width": NaN, "iri": 3.0699999332428}}, {"type": "Feature", "geometry": {"type": "LineString", "coordinates": [[-89.9212814, 16.8221251], [-89.9207986, 16.8240404]]}, "properties": {"osmid": "651589812", "oneway": "False", "lanes": "2", "ref": "RD PET-16", "name": "Carretera San Benito - San Francisco", "highway": "primary", "maxspeed": NaN, "length": 219.084, "bridge": NaN, "tunnel": NaN, "access": NaN, "junction": NaN, "width": NaN, "est_width": NaN, "iri": 3.0699999332428}}, {"type": "Feature", "geometry": {"type": "LineString", "coordinates": [[-89.9207986, 16.8240404], [-89.9206484, 16.8245487]]}, "properties": {"osmid": "651589812", "oneway": "False", "lanes": "2", "ref": "RD PET-16", "name": "Carretera San Benito - San Francisco", "highway": "primary", "maxspeed": NaN, "length": 58.738, "bridge": NaN, "tunnel": NaN, "access": NaN, "junction": NaN, "width": NaN, "est_width": NaN, "iri": 3.0699999332428}}, {"type": "Feature", "geometry": {"type": "LineString", "coordinates": [[-89.9206484, 16.8245487], [-89.92045, 16.8249801]]}, "properties": {"osmid": "651589812", "oneway": "False", "lanes": "2", "ref": "RD PET-16", "name": "Carretera San Benito - San Francisco", "highway": "primary", "maxspeed": NaN, "length": 52.412, "bridge": NaN, "tunnel": NaN, "access": NaN, "junction": NaN, "width": NaN, "est_width": NaN, "iri": 3.0699999332428}}, {"type": "Feature", "geometry": {"type": "LineString", "coordinates": [[-89.92045, 16.8249801], [-89.919804, 16.8262054]]}, "properties": {"osmid": "651589812", "oneway": "False", "lanes": "2", "ref": "RD PET-16", "name": "Carretera San Benito - San Francisco", "highway": "primary", "maxspeed": NaN, "length": 152.613, "bridge": NaN, "tunnel": NaN, "access": NaN, "junction": NaN, "width": NaN, "est_width": NaN, "iri": 3.0699999332428}}, {"type": "Feature", "geometry": {"type": "LineString", "coordinates": [[-89.919804, 16.8262054], [-89.9195648, 16.8266591]]}, "properties": {"osmid": "651589812", "oneway": "False", "lanes": "2", "ref": "RD PET-16", "name": "Carretera San Benito - San Francisco", "highway": "primary", "maxspeed": NaN, "length": 56.509, "bridge": NaN, "tunnel": NaN, "access": NaN, "junction": NaN, "width": NaN, "est_width": NaN, "iri": 3.0699999332428}}, {"type": "Feature", "geometry": {"type": "LineString", "coordinates": [[-89.9195648, 16.8266591], [-89.9193073, 16.8271367]]}, "properties": {"osmid": "651589812", "oneway": "False", "lanes": "2", "ref": "RD PET-16", "name": "Carretera San Benito - San Francisco", "highway": "primary", "maxspeed": NaN, "length": 59.762, "bridge": NaN, "tunnel": NaN, "access": NaN, "junction": NaN, "width": NaN, "est_width": NaN, "iri": 3.0699999332428}}, {"type": "Feature", "geometry": {"type": "LineString", "coordinates": [[-89.9193073, 16.8271367], [-89.9191142, 16.827378]]}, "properties": {"osmid": "651589812", "oneway": "False", "lanes": "2", "ref": "RD PET-16", "name": "Carretera San Benito - San Francisco", "highway": "primary", "maxspeed": NaN, "length": 33.798, "bridge": NaN, "tunnel": NaN, "access": NaN, "junction": NaN, "width": NaN, "est_width": NaN, "iri": 3.0699999332428}}, {"type": "Feature", "geometry": {"type": "LineString", "coordinates": [[-89.9191142, 16.827378], [-89.9188943, 16.8275988]]}, "properties": {"osmid": "651589812", "oneway": "False", "lanes": "2", "ref": "RD PET-16", "name": "Carretera San Benito - San Francisco", "highway": "primary", "maxspeed": NaN, "length": 33.92, "bridge": NaN, "tunnel": NaN, "access": NaN, "junction": NaN, "width": NaN, "est_width": NaN, "iri": 3.0699999332428}}, {"type": "Feature", "geometry": {"type": "LineString", "coordinates": [[-89.9188943, 16.8275988], [-89.9158473, 16.8300788]]}, "properties": {"osmid": "651589812", "oneway": "False", "lanes": "2", "ref": "RD PET-16", "name": "Carretera San Benito - San Francisco", "highway": "primary", "maxspeed": NaN, "length": 425.696, "bridge": NaN, "tunnel": NaN, "access": NaN, "junction": NaN, "width": NaN, "est_width": NaN, "iri": 3.0699999332428}}, {"type": "Feature", "geometry": {"type": "LineString", "coordinates": [[-89.9158473, 16.8300788], [-89.9154181, 16.8305256]]}, "properties": {"osmid": "651589812", "oneway": "False", "lanes": "2", "ref": "RD PET-16", "name": "Carretera San Benito - San Francisco", "highway": "primary", "maxspeed": NaN, "length": 67.491, "bridge": NaN, "tunnel": NaN, "access": NaN, "junction": NaN, "width": NaN, "est_width": NaN, "iri": 3.0699999332428}}, {"type": "Feature", "geometry": {"type": "LineString", "coordinates": [[-89.9154181, 16.8305256], [-89.9152518, 16.830772]]}, "properties": {"osmid": "651589812", "oneway": "False", "lanes": "2", "ref": "RD PET-16", "name": "Carretera San Benito - San Francisco", "highway": "primary", "maxspeed": NaN, "length": 32.618, "bridge": NaN, "tunnel": NaN, "access": NaN, "junction": NaN, "width": NaN, "est_width": NaN, "iri": 3.0699999332428}}, {"type": "Feature", "geometry": {"type": "LineString", "coordinates": [[-89.9152518, 16.830772], [-89.9151177, 16.8309723]]}, "properties": {"osmid": "651589812", "oneway": "False", "lanes": "2", "ref": "RD PET-16", "name": "Carretera San Benito - San Francisco", "highway": "primary", "maxspeed": NaN, "length": 26.453, "bridge": NaN, "tunnel": NaN, "access": NaN, "junction": NaN, "width": NaN, "est_width": NaN, "iri": 3.0699999332428}}, {"type": "Feature", "geometry": {"type": "LineString", "coordinates": [[-89.9151177, 16.8309723], [-89.9150212, 16.8312085]]}, "properties": {"osmid": "651589812", "oneway": "False", "lanes": "2", "ref": "RD PET-16", "name": "Carretera San Benito - San Francisco", "highway": "primary", "maxspeed": NaN, "length": 28.201, "bridge": NaN, "tunnel": NaN, "access": NaN, "junction": NaN, "width": NaN, "est_width": NaN, "iri": 3.0699999332428}}, {"type": "Feature", "geometry": {"type": "LineString", "coordinates": [[-89.9150212, 16.8312085], [-89.9149139, 16.8315371]]}, "properties": {"osmid": "651589812", "oneway": "False", "lanes": "2", "ref": "RD PET-16", "name": "Carretera San Benito - San Francisco", "highway": "primary", "maxspeed": NaN, "length": 38.282, "bridge": NaN, "tunnel": NaN, "access": NaN, "junction": NaN, "width": NaN, "est_width": NaN, "iri": 3.0699999332428}}, {"type": "Feature", "geometry": {"type": "LineString", "coordinates": [[-89.9149139, 16.8315371], [-89.9148817, 16.8318041]]}, "properties": {"osmid": "651589812", "oneway": "False", "lanes": "2", "ref": "RD PET-16", "name": "Carretera San Benito - San Francisco", "highway": "primary", "maxspeed": NaN, "length": 29.886, "bridge": NaN, "tunnel": NaN, "access": NaN, "junction": NaN, "width": NaN, "est_width": NaN, "iri": 3.0699999332428}}, {"type": "Feature", "geometry": {"type": "LineString", "coordinates": [[-89.9148817, 16.8318041], [-89.9148656, 16.8320813]]}, "properties": {"osmid": "651589812", "oneway": "False", "lanes": "2", "ref": "RD PET-16", "name": "Carretera San Benito - San Francisco", "highway": "primary", "maxspeed": NaN, "length": 30.871, "bridge": NaN, "tunnel": NaN, "access": NaN, "junction": NaN, "width": NaN, "est_width": NaN, "iri": 3.0699999332428}}, {"type": "Feature", "geometry": {"type": "LineString", "coordinates": [[-89.9148656, 16.8320813], [-89.9148817, 16.8323227]]}, "properties": {"osmid": "651589812", "oneway": "False", "lanes": "2", "ref": "RD PET-16", "name": "Carretera San Benito - San Francisco", "highway": "primary", "maxspeed": NaN, "length": 26.897, "bridge": NaN, "tunnel": NaN, "access": NaN, "junction": NaN, "width": NaN, "est_width": NaN, "iri": 3.0699999332428}}, {"type": "Feature", "geometry": {"type": "LineString", "coordinates": [[-89.9148817, 16.8323227], [-89.9149246, 16.8326102]]}, "properties": {"osmid": "651589812", "oneway": "False", "lanes": "2", "ref": "RD PET-16", "name": "Carretera San Benito - San Francisco", "highway": "primary", "maxspeed": NaN, "length": 32.293, "bridge": NaN, "tunnel": NaN, "access": NaN, "junction": NaN, "width": NaN, "est_width": NaN, "iri": 3.0699999332428}}, {"type": "Feature", "geometry": {"type": "LineString", "coordinates": [[-89.9149246, 16.8326102], [-89.9150158, 16.832985]]}, "properties": {"osmid": "651589812", "oneway": "False", "lanes": "2", "ref": "RD PET-16", "name": "Carretera San Benito - San Francisco", "highway": "primary", "maxspeed": NaN, "length": 42.791, "bridge": NaN, "tunnel": NaN, "access": NaN, "junction": NaN, "width": NaN, "est_width": NaN, "iri": 3.0699999332428}}, {"type": "Feature", "geometry": {"type": "LineString", "coordinates": [[-89.9150158, 16.832985], [-89.9155147, 16.8344586]]}, "properties": {"osmid": "651589812", "oneway": "False", "lanes": "2", "ref": "RD PET-16", "name": "Carretera San Benito - San Francisco", "highway": "primary", "maxspeed": NaN, "length": 172.246, "bridge": NaN, "tunnel": NaN, "access": NaN, "junction": NaN, "width": NaN, "est_width": NaN, "iri": 3.0699999332428}}, {"type": "Feature", "geometry": {"type": "LineString", "coordinates": [[-89.9155147, 16.8344586], [-89.9156113, 16.8347616]]}, "properties": {"osmid": "651589812", "oneway": "False", "lanes": "2", "ref": "RD PET-16", "name": "Carretera San Benito - San Francisco", "highway": "primary", "maxspeed": NaN, "length": 35.226, "bridge": NaN, "tunnel": NaN, "access": NaN, "junction": NaN, "width": NaN, "est_width": NaN, "iri": 3.0699999332428}}, {"type": "Feature", "geometry": {"type": "LineString", "coordinates": [[-89.9156113, 16.8347616], [-89.9156703, 16.8350029]]}, "properties": {"osmid": "651589812", "oneway": "False", "lanes": "2", "ref": "RD PET-16", "name": "Carretera San Benito - San Francisco", "highway": "primary", "maxspeed": NaN, "length": 27.556, "bridge": NaN, "tunnel": NaN, "access": NaN, "junction": NaN, "width": NaN, "est_width": NaN, "iri": 3.0699999332428}}, {"type": "Feature", "geometry": {"type": "LineString", "coordinates": [[-89.9156703, 16.8350029], [-89.9156649, 16.8352802]]}, "properties": {"osmid": "651589812", "oneway": "False", "lanes": "2", "ref": "RD PET-16", "name": "Carretera San Benito - San Francisco", "highway": "primary", "maxspeed": NaN, "length": 30.84, "bridge": NaN, "tunnel": NaN, "access": NaN, "junction": NaN, "width": NaN, "est_width": NaN, "iri": 3.0699999332428}}, {"type": "Feature", "geometry": {"type": "LineString", "coordinates": [[-89.9156649, 16.8352802], [-89.9156488, 16.8354753]]}, "properties": {"osmid": "651589812", "oneway": "False", "lanes": "2", "ref": "RD PET-16", "name": "Carretera San Benito - San Francisco", "highway": "primary", "maxspeed": NaN, "length": 21.762, "bridge": NaN, "tunnel": NaN, "access": NaN, "junction": NaN, "width": NaN, "est_width": NaN, "iri": 3.0699999332428}}, {"type": "Feature", "geometry": {"type": "LineString", "coordinates": [[-89.9156488, 16.8354753], [-89.9155683, 16.8358758]]}, "properties": {"osmid": "651589812", "oneway": "False", "lanes": "2", "ref": "RD PET-16", "name": "Carretera San Benito - San Francisco", "highway": "primary", "maxspeed": NaN, "length": 45.35, "bridge": NaN, "tunnel": NaN, "access": NaN, "junction": NaN, "width": NaN, "est_width": NaN, "iri": 3.0699999332428}}, {"type": "Feature", "geometry": {"type": "LineString", "coordinates": [[-89.9155683, 16.8358758], [-89.9153692, 16.836762]]}, "properties": {"osmid": "651589812", "oneway": "False", "lanes": "2", "ref": "RD PET-16", "name": "Carretera San Benito - San Francisco", "highway": "primary", "maxspeed": NaN, "length": 100.794, "bridge": NaN, "tunnel": NaN, "access": NaN, "junction": NaN, "width": NaN, "est_width": NaN, "iri": 3.0699999332428}}, {"type": "Feature", "geometry": {"type": "LineString", "coordinates": [[-89.9153692, 16.836762], [-89.915048, 16.8381914]]}, "properties": {"osmid": "651589812", "oneway": "False", "lanes": "2", "ref": "RD PET-16", "name": "Carretera San Benito - San Francisco", "highway": "primary", "maxspeed": NaN, "length": 162.577, "bridge": NaN, "tunnel": NaN, "access": NaN, "junction": NaN, "width": NaN, "est_width": NaN, "iri": 3.0699999332428}}, {"type": "Feature", "geometry": {"type": "LineString", "coordinates": [[-89.915048, 16.8381914], [-89.9149836, 16.838556]]}, "properties": {"osmid": "651589812", "oneway": "False", "lanes": "2", "ref": "RD PET-16", "name": "Carretera San Benito - San Francisco", "highway": "primary", "maxspeed": NaN, "length": 41.117, "bridge": NaN, "tunnel": NaN, "access": NaN, "junction": NaN, "width": NaN, "est_width": NaN, "iri": 3.0699999332428}}, {"type": "Feature", "geometry": {"type": "LineString", "coordinates": [[-89.9149836, 16.838556], [-89.9149568, 16.8388435]]}, "properties": {"osmid": "651589812", "oneway": "False", "lanes": "2", "ref": "RD PET-16", "name": "Carretera San Benito - San Francisco", "highway": "primary", "maxspeed": NaN, "length": 32.096, "bridge": NaN, "tunnel": NaN, "access": NaN, "junction": NaN, "width": NaN, "est_width": NaN, "iri": 3.0699999332428}}, {"type": "Feature", "geometry": {"type": "LineString", "coordinates": [[-89.9149568, 16.8388435], [-89.9150319, 16.8391926]]}, "properties": {"osmid": "651589812", "oneway": "False", "lanes": "2", "ref": "RD PET-16", "name": "Carretera San Benito - San Francisco", "highway": "primary", "maxspeed": NaN, "length": 39.633, "bridge": NaN, "tunnel": NaN, "access": NaN, "junction": NaN, "width": NaN, "est_width": NaN, "iri": 3.0699999332428}}, {"type": "Feature", "geometry": {"type": "LineString", "coordinates": [[-89.9150319, 16.8391926], [-89.9151499, 16.8394904]]}, "properties": {"osmid": "651589812", "oneway": "False", "lanes": "2", "ref": "RD PET-16", "name": "Carretera San Benito - San Francisco", "highway": "primary", "maxspeed": NaN, "length": 35.415, "bridge": NaN, "tunnel": NaN, "access": NaN, "junction": NaN, "width": NaN, "est_width": NaN, "iri": 3.0699999332428}}, {"type": "Feature", "geometry": {"type": "LineString", "coordinates": [[-89.9151499, 16.8394904], [-89.9156675, 16.840872]]}, "properties": {"osmid": "651589812", "oneway": "False", "lanes": "2", "ref": "RD PET-16", "name": "Carretera San Benito - San Francisco", "highway": "primary", "maxspeed": NaN, "length": 163.205, "bridge": NaN, "tunnel": NaN, "access": NaN, "junction": NaN, "width": NaN, "est_width": NaN, "iri": 3.0699999332428}}, {"type": "Feature", "geometry": {"type": "LineString", "coordinates": [[-89.9156675, 16.840872], [-89.915872, 16.8414177]]}, "properties": {"osmid": "651589812", "oneway": "False", "lanes": "2", "ref": "RD PET-16", "name": "Carretera San Benito - San Francisco", "highway": "primary", "maxspeed": NaN, "length": 64.464, "bridge": NaN, "tunnel": NaN, "access": NaN, "junction": NaN, "width": NaN, "est_width": NaN, "iri": 3.0699999332428}}, {"type": "Feature", "geometry": {"type": "LineString", "coordinates": [[-89.915872, 16.8414177], [-89.9160136, 16.8417957]]}, "properties": {"osmid": "651589812", "oneway": "False", "lanes": "2", "ref": "RD PET-16", "name": "Carretera San Benito - San Francisco", "highway": "primary", "maxspeed": NaN, "length": 44.652, "bridge": NaN, "tunnel": NaN, "access": NaN, "junction": NaN, "width": NaN, "est_width": NaN, "iri": 3.0699999332428}}, {"type": "Feature", "geometry": {"type": "LineString", "coordinates": [[-89.9160136, 16.8417957], [-89.9160669, 16.8419285]]}, "properties": {"osmid": "651589812", "oneway": "False", "lanes": "2", "ref": "RD PET-16", "name": "Carretera San Benito - San Francisco", "highway": "primary", "maxspeed": NaN, "length": 15.819, "bridge": NaN, "tunnel": NaN, "access": NaN, "junction": NaN, "width": NaN, "est_width": NaN, "iri": 3.0699999332428}}, {"type": "Feature", "geometry": {"type": "LineString", "coordinates": [[-89.9160669, 16.8419285], [-89.9163918, 16.8427382]]}, "properties": {"osmid": "651589812", "oneway": "False", "lanes": "2", "ref": "RD PET-16", "name": "Carretera San Benito - San Francisco", "highway": "primary", "maxspeed": NaN, "length": 96.446, "bridge": NaN, "tunnel": NaN, "access": NaN, "junction": NaN, "width": NaN, "est_width": NaN, "iri": 3.0699999332428}}, {"type": "Feature", "geometry": {"type": "LineString", "coordinates": [[-89.9163918, 16.8427382], [-89.9164299, 16.8428332]]}, "properties": {"osmid": "651589812", "oneway": "False", "lanes": "2", "ref": "RD PET-16", "name": "Carretera San Benito - San Francisco", "highway": "primary", "maxspeed": NaN, "length": 11.315, "bridge": NaN, "tunnel": NaN, "access": NaN, "junction": NaN, "width": NaN, "est_width": NaN, "iri": 3.0699999332428}}, {"type": "Feature", "geometry": {"type": "LineString", "coordinates": [[-89.9164299, 16.8428332], [-89.9165986, 16.8432535]]}, "properties": {"osmid": "651589812", "oneway": "False", "lanes": "2", "ref": "RD PET-16", "name": "Carretera San Benito - San Francisco", "highway": "primary", "maxspeed": NaN, "length": 50.065, "bridge": NaN, "tunnel": NaN, "access": NaN, "junction": NaN, "width": NaN, "est_width": NaN, "iri": 3.0699999332428}}, {"type": "Feature", "geometry": {"type": "LineString", "coordinates": [[-89.9165986, 16.8432535], [-89.916801, 16.8437578]]}, "properties": {"osmid": "651589812", "oneway": "False", "lanes": "2", "ref": "RD PET-16", "name": "Carretera San Benito - San Francisco", "highway": "primary", "maxspeed": NaN, "length": 60.071, "bridge": NaN, "tunnel": NaN, "access": NaN, "junction": NaN, "width": NaN, "est_width": NaN, "iri": 3.0699999332428}}, {"type": "Feature", "geometry": {"type": "LineString", "coordinates": [[-89.916801, 16.8437578], [-89.9168494, 16.8438772]]}, "properties": {"osmid": "651589812", "oneway": "False", "lanes": "2", "ref": "RD PET-16", "name": "Carretera San Benito - San Francisco", "highway": "primary", "maxspeed": NaN, "length": 14.241, "bridge": NaN, "tunnel": NaN, "access": NaN, "junction": NaN, "width": NaN, "est_width": NaN, "iri": 3.0699999332428}}, {"type": "Feature", "geometry": {"type": "LineString", "coordinates": [[-89.9168494, 16.8438772], [-89.9170465, 16.8443697]]}, "properties": {"osmid": "651589812", "oneway": "False", "lanes": "2", "ref": "RD PET-16", "name": "Carretera San Benito - San Francisco", "highway": "primary", "maxspeed": NaN, "length": 58.643, "bridge": NaN, "tunnel": NaN, "access": NaN, "junction": NaN, "width": NaN, "est_width": NaN, "iri": 3.0699999332428}}, {"type": "Feature", "geometry": {"type": "LineString", "coordinates": [[-89.9170465, 16.8443697], [-89.9172582, 16.8448972]]}, "properties": {"osmid": "651589812", "oneway": "False", "lanes": "2", "ref": "RD PET-16", "name": "Carretera San Benito - San Francisco", "highway": "primary", "maxspeed": NaN, "length": 62.834, "bridge": NaN, "tunnel": NaN, "access": NaN, "junction": NaN, "width": NaN, "est_width": NaN, "iri": 3.0699999332428}}, {"type": "Feature", "geometry": {"type": "LineString", "coordinates": [[-89.9172582, 16.8448972], [-89.917532, 16.8455793]]}, "properties": {"osmid": "651589812", "oneway": "False", "lanes": "2", "ref": "RD PET-16", "name": "Carretera San Benito - San Francisco", "highway": "primary", "maxspeed": NaN, "length": 81.251, "bridge": NaN, "tunnel": NaN, "access": NaN, "junction": NaN, "width": NaN, "est_width": NaN, "iri": 3.0699999332428}}, {"type": "Feature", "geometry": {"type": "LineString", "coordinates": [[-89.917532, 16.8455793], [-89.9185387, 16.848088]]}, "properties": {"osmid": "651589812", "oneway": "False", "lanes": "2", "ref": "RD PET-16", "name": "Carretera San Benito - San Francisco", "highway": "primary", "maxspeed": NaN, "length": 298.821, "bridge": NaN, "tunnel": NaN, "access": NaN, "junction": NaN, "width": NaN, "est_width": NaN, "iri": 3.0699999332428}}, {"type": "Feature", "geometry": {"type": "LineString", "coordinates": [[-89.9185387, 16.848088], [-89.9205519, 16.8500336]]}, "properties": {"osmid": "651589812", "oneway": "False", "lanes": "2", "ref": "RD PET-16", "name": "Carretera San Benito - San Francisco", "highway": "primary", "maxspeed": NaN, "length": 304.476, "bridge": NaN, "tunnel": NaN, "access": NaN, "junction": NaN, "width": NaN, "est_width": NaN, "iri": 3.0699999332428}}, {"type": "Feature", "geometry": {"type": "LineString", "coordinates": [[-89.9205519, 16.8500336], [-89.9210722, 16.8506446]]}, "properties": {"osmid": "651589812", "oneway": "False", "lanes": "2", "ref": "RD PET-16", "name": "Carretera San Benito - San Francisco", "highway": "primary", "maxspeed": NaN, "length": 87.646, "bridge": NaN, "tunnel": NaN, "access": NaN, "junction": NaN, "width": NaN, "est_width": NaN, "iri": 3.0699999332428}}, {"type": "Feature", "geometry": {"type": "LineString", "coordinates": [[-89.9210722, 16.8506446], [-89.9218176, 16.8517929]]}, "properties": {"osmid": "651589812", "oneway": "False", "lanes": "2", "ref": "RD PET-16", "name": "Carretera San Benito - San Francisco", "highway": "primary", "maxspeed": NaN, "length": 150.32, "bridge": NaN, "tunnel": NaN, "access": NaN, "junction": NaN, "width": NaN, "est_width": NaN, "iri": 3.0699999332428}}, {"type": "Feature", "geometry": {"type": "LineString", "coordinates": [[-89.9218176, 16.8517929], [-89.9222717, 16.8524924]]}, "properties": {"osmid": "651589812", "oneway": "False", "lanes": "2", "ref": "RD PET-16", "name": "Carretera San Benito - San Francisco", "highway": "primary", "maxspeed": NaN, "length": 91.571, "bridge": NaN, "tunnel": NaN, "access": NaN, "junction": NaN, "width": NaN, "est_width": NaN, "iri": 3.0699999332428}}, {"type": "Feature", "geometry": {"type": "LineString", "coordinates": [[-89.9222717, 16.8524924], [-89.9227191, 16.8532167]]}, "properties": {"osmid": "643181093", "oneway": "False", "lanes": "2", "ref": "RD PET-16", "name": "Carretera San Benito - San Francisco", "highway": "primary", "maxspeed": NaN, "length": 93.559, "bridge": NaN, "tunnel": NaN, "access": NaN, "junction": NaN, "width": NaN, "est_width": NaN, "iri": 3.0699999332428}}, {"type": "Feature", "geometry": {"type": "LineString", "coordinates": [[-89.9227191, 16.8532167], [-89.9238687, 16.8550586]]}, "properties": {"osmid": "643181093", "oneway": "False", "lanes": "2", "ref": "RD PET-16", "name": "Carretera San Benito - San Francisco", "highway": "primary", "maxspeed": NaN, "length": 238.567, "bridge": NaN, "tunnel": NaN, "access": NaN, "junction": NaN, "width": NaN, "est_width": NaN, "iri": 3.0699999332428}}, {"type": "Feature", "geometry": {"type": "LineString", "coordinates": [[-89.9238687, 16.8550586], [-89.9239353, 16.8552922]]}, "properties": {"osmid": "643181093", "oneway": "False", "lanes": "2", "ref": "RD PET-16", "name": "Carretera San Benito - San Francisco", "highway": "primary", "maxspeed": NaN, "length": 26.925, "bridge": NaN, "tunnel": NaN, "access": NaN, "junction": NaN, "width": NaN, "est_width": NaN, "iri": 3.0699999332428}}, {"type": "Feature", "geometry": {"type": "LineString", "coordinates": [[-89.9239353, 16.8552922], [-89.9239525, 16.8556613]]}, "properties": {"osmid": "643181093", "oneway": "False", "lanes": "2", "ref": "RD PET-16", "name": "Carretera San Benito - San Francisco", "highway": "primary", "maxspeed": NaN, "length": 41.083, "bridge": NaN, "tunnel": NaN, "access": NaN, "junction": NaN, "width": NaN, "est_width": NaN, "iri": 3.0699999332428}}, {"type": "Feature", "geometry": {"type": "LineString", "coordinates": [[-89.9239525, 16.8556613], [-89.9238638, 16.8560458]]}, "properties": {"osmid": "643181093", "oneway": "False", "lanes": "2", "ref": "RD PET-16", "name": "Carretera San Benito - San Francisco", "highway": "primary", "maxspeed": NaN, "length": 43.784, "bridge": NaN, "tunnel": NaN, "access": NaN, "junction": NaN, "width": NaN, "est_width": NaN, "iri": 3.0699999332428}}, {"type": "Feature", "geometry": {"type": "LineString", "coordinates": [[-89.9238638, 16.8560458], [-89.9231255, 16.8575117]]}, "properties": {"osmid": "643181093", "oneway": "False", "lanes": "2", "ref": "RD PET-16", "name": "Carretera San Benito - San Francisco", "highway": "primary", "maxspeed": NaN, "length": 180.948, "bridge": NaN, "tunnel": NaN, "access": NaN, "junction": NaN, "width": NaN, "est_width": NaN, "iri": 3.0699999332428}}, {"type": "Feature", "geometry": {"type": "LineString", "coordinates": [[-89.9231255, 16.8575117], [-89.9230052, 16.8580639]]}, "properties": {"osmid": "643181093", "oneway": "False", "lanes": "2", "ref": "RD PET-16", "name": "Carretera San Benito - San Francisco", "highway": "primary", "maxspeed": NaN, "length": 62.722, "bridge": NaN, "tunnel": NaN, "access": NaN, "junction": NaN, "width": NaN, "est_width": NaN, "iri": 3.0699999332428}}, {"type": "Feature", "geometry": {"type": "LineString", "coordinates": [[-89.9230052, 16.8580639], [-89.9230193, 16.85865]]}, "properties": {"osmid": "643181093", "oneway": "False", "lanes": "2", "ref": "RD PET-16", "name": "Carretera San Benito - San Francisco", "highway": "primary", "maxspeed": NaN, "length": 65.189, "bridge": NaN, "tunnel": NaN, "access": NaN, "junction": NaN, "width": NaN, "est_width": NaN, "iri": 3.0699999332428}}, {"type": "Feature", "geometry": {"type": "LineString", "coordinates": [[-89.9230193, 16.85865], [-89.9231843, 16.8607916]]}, "properties": {"osmid": "643181093", "oneway": "False", "lanes": "2", "ref": "RD PET-16", "name": "Carretera San Benito - San Francisco", "highway": "primary", "maxspeed": NaN, "length": 238.782, "bridge": NaN, "tunnel": NaN, "access": NaN, "junction": NaN, "width": NaN, "est_width": NaN, "iri": 3.0699999332428}}, {"type": "Feature", "geometry": {"type": "LineString", "coordinates": [[-89.9231843, 16.8607916], [-89.9233038, 16.8613825]]}, "properties": {"osmid": "643181093", "oneway": "False", "lanes": "2", "ref": "RD PET-16", "name": "Carretera San Benito - San Francisco", "highway": "primary", "maxspeed": NaN, "length": 66.924, "bridge": NaN, "tunnel": NaN, "access": NaN, "junction": NaN, "width": NaN, "est_width": NaN, "iri": 3.0699999332428}}, {"type": "Feature", "geometry": {"type": "LineString", "coordinates": [[-89.9233038, 16.8613825], [-89.9234657, 16.861892]]}, "properties": {"osmid": "643181093", "oneway": "False", "lanes": "2", "ref": "RD PET-16", "name": "Carretera San Benito - San Francisco", "highway": "primary", "maxspeed": NaN, "length": 59.216, "bridge": NaN, "tunnel": NaN, "access": NaN, "junction": NaN, "width": NaN, "est_width": NaN, "iri": 3.0699999332428}}, {"type": "Feature", "geometry": {"type": "LineString", "coordinates": [[-89.9234657, 16.861892], [-89.9239399, 16.8633608]]}, "properties": {"osmid": "643181093", "oneway": "False", "lanes": "2", "ref": "RD PET-16", "name": "Carretera San Benito - San Francisco", "highway": "primary", "maxspeed": NaN, "length": 170.941, "bridge": NaN, "tunnel": NaN, "access": NaN, "junction": NaN, "width": NaN, "est_width": NaN, "iri": 3.0699999332428}}, {"type": "Feature", "geometry": {"type": "LineString", "coordinates": [[-89.9239399, 16.8633608], [-89.9239915, 16.863647]]}, "properties": {"osmid": "643181093", "oneway": "False", "lanes": "2", "ref": "RD PET-16", "name": "Carretera San Benito - San Francisco", "highway": "primary", "maxspeed": NaN, "length": 32.294, "bridge": NaN, "tunnel": NaN, "access": NaN, "junction": NaN, "width": NaN, "est_width": NaN, "iri": 3.0699999332428}}, {"type": "Feature", "geometry": {"type": "LineString", "coordinates": [[-89.9239915, 16.863647], [-89.9239886, 16.8639533]]}, "properties": {"osmid": "643181093", "oneway": "False", "lanes": "2", "ref": "RD PET-16", "name": "Carretera San Benito - San Francisco", "highway": "primary", "maxspeed": NaN, "length": 34.06, "bridge": NaN, "tunnel": NaN, "access": NaN, "junction": NaN, "width": NaN, "est_width": NaN, "iri": 3.0699999332428}}, {"type": "Feature", "geometry": {"type": "LineString", "coordinates": [[-89.9239886, 16.8639533], [-89.9238587, 16.8654164]]}, "properties": {"osmid": "643181093", "oneway": "False", "lanes": "2", "ref": "RD PET-16", "name": "Carretera San Benito - San Francisco", "highway": "primary", "maxspeed": NaN, "length": 163.276, "bridge": NaN, "tunnel": NaN, "access": NaN, "junction": NaN, "width": NaN, "est_width": NaN, "iri": 3.0699999332428}}, {"type": "Feature", "geometry": {"type": "LineString", "coordinates": [[-89.9238587, 16.8654164], [-89.9238001, 16.8662723]]}, "properties": {"osmid": "643181093", "oneway": "False", "lanes": "2", "ref": "RD PET-16", "name": "Carretera San Benito - San Francisco", "highway": "primary", "maxspeed": NaN, "length": 95.376, "bridge": NaN, "tunnel": NaN, "access": NaN, "junction": NaN, "width": NaN, "est_width": NaN, "iri": 3.0699999332428}}, {"type": "Feature", "geometry": {"type": "LineString", "coordinates": [[-89.9238001, 16.8662723], [-89.9237381, 16.8665684]]}, "properties": {"osmid": "643181093", "oneway": "False", "lanes": "2", "ref": "RD PET-16", "name": "Carretera San Benito - San Francisco", "highway": "primary", "maxspeed": NaN, "length": 33.579, "bridge": NaN, "tunnel": NaN, "access": NaN, "junction": NaN, "width": NaN, "est_width": NaN, "iri": 3.0699999332428}}, {"type": "Feature", "geometry": {"type": "LineString", "coordinates": [[-89.9237381, 16.8665684], [-89.9236082, 16.8669057]]}, "properties": {"osmid": "643181093", "oneway": "False", "lanes": "2", "ref": "RD PET-16", "name": "Carretera San Benito - San Francisco", "highway": "primary", "maxspeed": NaN, "length": 39.972, "bridge": NaN, "tunnel": NaN, "access": NaN, "junction": NaN, "width": NaN, "est_width": NaN, "iri": 3.0699999332428}}, {"type": "Feature", "geometry": {"type": "LineString", "coordinates": [[-89.9236082, 16.8669057], [-89.9229096, 16.8682211]]}, "properties": {"osmid": "643181093", "oneway": "False", "lanes": "2", "ref": "RD PET-16", "name": "Carretera San Benito - San Francisco", "highway": "primary", "maxspeed": NaN, "length": 164.073, "bridge": NaN, "tunnel": NaN, "access": NaN, "junction": NaN, "width": NaN, "est_width": NaN, "iri": 3.0699999332428}}, {"type": "Feature", "geometry": {"type": "LineString", "coordinates": [[-89.9229096, 16.8682211], [-89.922327, 16.8692254]]}, "properties": {"osmid": "643181093", "oneway": "False", "lanes": "2", "ref": "RD PET-16", "name": "Carretera San Benito - San Francisco", "highway": "primary", "maxspeed": NaN, "length": 127.727, "bridge": NaN, "tunnel": NaN, "access": NaN, "junction": NaN, "width": NaN, "est_width": NaN, "iri": 3.0699999332428}}, {"type": "Feature", "geometry": {"type": "LineString", "coordinates": [[-89.922327, 16.8692254], [-89.9217599, 16.8700134]]}, "properties": {"osmid": "643181093", "oneway": "False", "lanes": "2", "ref": "RD PET-16", "name": "Carretera San Benito - San Francisco", "highway": "primary", "maxspeed": NaN, "length": 106.391, "bridge": NaN, "tunnel": NaN, "access": NaN, "junction": NaN, "width": NaN, "est_width": NaN, "iri": 3.0699999332428}}, {"type": "Feature", "geometry": {"type": "LineString", "coordinates": [[-89.9217599, 16.8700134], [-89.9214332, 16.8703779]]}, "properties": {"osmid": "643181093", "oneway": "False", "lanes": "2", "ref": "RD PET-16", "name": "Carretera San Benito - San Francisco", "highway": "primary", "maxspeed": NaN, "length": 53.397, "bridge": NaN, "tunnel": NaN, "access": NaN, "junction": NaN, "width": NaN, "est_width": NaN, "iri": 3.0699999332428}}, {"type": "Feature", "geometry": {"type": "LineString", "coordinates": [[-89.9214332, 16.8703779], [-89.9212327, 16.8705789]]}, "properties": {"osmid": "643181093", "oneway": "False", "lanes": "2", "ref": "RD PET-16", "name": "Carretera San Benito - San Francisco", "highway": "primary", "maxspeed": NaN, "length": 30.899, "bridge": NaN, "tunnel": NaN, "access": NaN, "junction": NaN, "width": NaN, "est_width": NaN, "iri": 3.0699999332428}}, {"type": "Feature", "geometry": {"type": "LineString", "coordinates": [[-89.9212327, 16.8705789], [-89.9210038, 16.8707461]]}, "properties": {"osmid": "643181093", "oneway": "False", "lanes": "2", "ref": "RD PET-16", "name": "Carretera San Benito - San Francisco", "highway": "primary", "maxspeed": NaN, "length": 30.642, "bridge": NaN, "tunnel": NaN, "access": NaN, "junction": NaN, "width": NaN, "est_width": NaN, "iri": 3.0699999332428}}, {"type": "Feature", "geometry": {"type": "LineString", "coordinates": [[-89.9210038, 16.8707461], [-89.9205583, 16.8709879]]}, "properties": {"osmid": "643181093", "oneway": "False", "lanes": "2", "ref": "RD PET-16", "name": "Carretera San Benito - San Francisco", "highway": "primary", "maxspeed": NaN, "length": 54.499, "bridge": NaN, "tunnel": NaN, "access": NaN, "junction": NaN, "width": NaN, "est_width": NaN, "iri": 3.0699999332428}}, {"type": "Feature", "geometry": {"type": "LineString", "coordinates": [[-89.9205583, 16.8709879], [-89.9190698, 16.8717437]]}, "properties": {"osmid": "643181093", "oneway": "False", "lanes": "2", "ref": "RD PET-16", "name": "Carretera San Benito - San Francisco", "highway": "primary", "maxspeed": NaN, "length": 179.305, "bridge": NaN, "tunnel": NaN, "access": NaN, "junction": NaN, "width": NaN, "est_width": NaN, "iri": 3.0699999332428}}, {"type": "Feature", "geometry": {"type": "LineString", "coordinates": [[-89.9190698, 16.8717437], [-89.9187746, 16.8719438]]}, "properties": {"osmid": "643181093", "oneway": "False", "lanes": "2", "ref": "RD PET-16", "name": "Carretera San Benito - San Francisco", "highway": "primary", "maxspeed": NaN, "length": 38.494, "bridge": NaN, "tunnel": NaN, "access": NaN, "junction": NaN, "width": NaN, "est_width": NaN, "iri": 3.0699999332428}}, {"type": "Feature", "geometry": {"type": "LineString", "coordinates": [[-89.9187746, 16.8719438], [-89.9186625, 16.8720573]]}, "properties": {"osmid": "643181093", "oneway": "False", "lanes": "2", "ref": "RD PET-16", "name": "Carretera San Benito - San Francisco", "highway": "primary", "maxspeed": NaN, "length": 17.366, "bridge": NaN, "tunnel": NaN, "access": NaN, "junction": NaN, "width": NaN, "est_width": NaN, "iri": 3.0699999332428}}, {"type": "Feature", "geometry": {"type": "LineString", "coordinates": [[-89.9186625, 16.8720573], [-89.9185787, 16.8722116]]}, "properties": {"osmid": "643181093", "oneway": "False", "lanes": "2", "ref": "RD PET-16", "name": "Carretera San Benito - San Francisco", "highway": "primary", "maxspeed": NaN, "length": 19.336, "bridge": NaN, "tunnel": NaN, "access": NaN, "junction": NaN, "width": NaN, "est_width": NaN, "iri": 3.0699999332428}}, {"type": "Feature", "geometry": {"type": "LineString", "coordinates": [[-89.9185787, 16.8722116], [-89.9184392, 16.8725193]]}, "properties": {"osmid": "643181093", "oneway": "False", "lanes": "2", "ref": "RD PET-16", "name": "Carretera San Benito - San Francisco", "highway": "primary", "maxspeed": NaN, "length": 37.296, "bridge": NaN, "tunnel": NaN, "access": NaN, "junction": NaN, "width": NaN, "est_width": NaN, "iri": 3.0699999332428}}, {"type": "Feature", "geometry": {"type": "LineString", "coordinates": [[-89.9184392, 16.8725193], [-89.9177195, 16.8744488]]}, "properties": {"osmid": "643181093", "oneway": "False", "lanes": "2", "ref": "RD PET-16", "name": "Carretera San Benito - San Francisco", "highway": "primary", "maxspeed": NaN, "length": 227.809, "bridge": NaN, "tunnel": NaN, "access": NaN, "junction": NaN, "width": NaN, "est_width": NaN, "iri": 3.0699999332428}}, {"type": "Feature", "geometry": {"type": "LineString", "coordinates": [[-89.9177195, 16.8744488], [-89.9173916, 16.8755806]]}, "properties": {"osmid": "643181093", "oneway": "False", "lanes": "2", "ref": "RD PET-16", "name": "Carretera San Benito - San Francisco", "highway": "primary", "maxspeed": NaN, "length": 130.598, "bridge": NaN, "tunnel": NaN, "access": NaN, "junction": NaN, "width": NaN, "est_width": NaN, "iri": 3.0699999332428}}, {"type": "Feature", "geometry": {"type": "LineString", "coordinates": [[-89.9173916, 16.8755806], [-89.9171343, 16.8763872]]}, "properties": {"osmid": "643181093", "oneway": "False", "lanes": "2", "ref": "RD PET-16", "name": "Carretera San Benito - San Francisco", "highway": "primary", "maxspeed": NaN, "length": 93.776, "bridge": NaN, "tunnel": NaN, "access": NaN, "junction": NaN, "width": NaN, "est_width": NaN, "iri": 3.0699999332428}}, {"type": "Feature", "geometry": {"type": "LineString", "coordinates": [[-89.9171343, 16.8763872], [-89.9162094, 16.878346]]}, "properties": {"osmid": "643181093", "oneway": "False", "lanes": "2", "ref": "RD PET-16", "name": "Carretera San Benito - San Francisco", "highway": "primary", "maxspeed": NaN, "length": 239.011, "bridge": NaN, "tunnel": NaN, "access": NaN, "junction": NaN, "width": NaN, "est_width": NaN, "iri": 3.0699999332428}}, {"type": "Feature", "geometry": {"type": "LineString", "coordinates": [[-89.9162094, 16.878346], [-89.9161079, 16.8786548]]}, "properties": {"osmid": "643181093", "oneway": "False", "lanes": "2", "ref": "RD PET-16", "name": "Carretera San Benito - San Francisco", "highway": "primary", "maxspeed": NaN, "length": 35.995, "bridge": NaN, "tunnel": NaN, "access": NaN, "junction": NaN, "width": NaN, "est_width": NaN, "iri": 3.0699999332428}}, {"type": "Feature", "geometry": {"type": "LineString", "coordinates": [[-89.9161079, 16.8786548], [-89.916019, 16.8789646]]}, "properties": {"osmid": "643181093", "oneway": "False", "lanes": "2", "ref": "RD PET-16", "name": "Carretera San Benito - San Francisco", "highway": "primary", "maxspeed": NaN, "length": 35.723, "bridge": NaN, "tunnel": NaN, "access": NaN, "junction": NaN, "width": NaN, "est_width": NaN, "iri": 3.0699999332428}}, {"type": "Feature", "geometry": {"type": "LineString", "coordinates": [[-89.916019, 16.8789646], [-89.9159872, 16.8791347]]}, "properties": {"osmid": "643181093", "oneway": "False", "lanes": "2", "ref": "RD PET-16", "name": "Carretera San Benito - San Francisco", "highway": "primary", "maxspeed": NaN, "length": 19.215, "bridge": NaN, "tunnel": NaN, "access": NaN, "junction": NaN, "width": NaN, "est_width": NaN, "iri": 3.0699999332428}}, {"type": "Feature", "geometry": {"type": "LineString", "coordinates": [[-89.9159872, 16.8791347], [-89.915963, 16.8793247]]}, "properties": {"osmid": "643181093", "oneway": "False", "lanes": "2", "ref": "RD PET-16", "name": "Carretera San Benito - San Francisco", "highway": "primary", "maxspeed": NaN, "length": 21.283, "bridge": NaN, "tunnel": NaN, "access": NaN, "junction": NaN, "width": NaN, "est_width": NaN, "iri": 3.0699999332428}}, {"type": "Feature", "geometry": {"type": "LineString", "coordinates": [[-89.915963, 16.8793247], [-89.9159496, 16.8795095]]}, "properties": {"osmid": "643181093", "oneway": "False", "lanes": "2", "ref": "RD PET-16", "name": "Carretera San Benito - San Francisco", "highway": "primary", "maxspeed": NaN, "length": 20.598, "bridge": NaN, "tunnel": NaN, "access": NaN, "junction": NaN, "width": NaN, "est_width": NaN, "iri": 3.0699999332428}}, {"type": "Feature", "geometry": {"type": "LineString", "coordinates": [[-89.9159496, 16.8795095], [-89.9159465, 16.8796704]]}, "properties": {"osmid": "643181093", "oneway": "False", "lanes": "2", "ref": "RD PET-16", "name": "Carretera San Benito - San Francisco", "highway": "primary", "maxspeed": NaN, "length": 17.894, "bridge": NaN, "tunnel": NaN, "access": NaN, "junction": NaN, "width": NaN, "est_width": NaN, "iri": 3.0699999332428}}, {"type": "Feature", "geometry": {"type": "LineString", "coordinates": [[-89.9159465, 16.8796704], [-89.9159496, 16.8799355]]}, "properties": {"osmid": "643181093", "oneway": "False", "lanes": "2", "ref": "RD PET-16", "name": "Carretera San Benito - San Francisco", "highway": "primary", "maxspeed": NaN, "length": 29.48, "bridge": NaN, "tunnel": NaN, "access": NaN, "junction": NaN, "width": NaN, "est_width": NaN, "iri": 3.0699999332428}}, {"type": "Feature", "geometry": {"type": "LineString", "coordinates": [[-89.9159496, 16.8799355], [-89.9159657, 16.8802025]]}, "properties": {"osmid": "643181093", "oneway": "False", "lanes": "2", "ref": "RD PET-16", "name": "Carretera San Benito - San Francisco", "highway": "primary", "maxspeed": NaN, "length": 29.738, "bridge": NaN, "tunnel": NaN, "access": NaN, "junction": NaN, "width": NaN, "est_width": NaN, "iri": 3.0699999332428}}, {"type": "Feature", "geometry": {"type": "LineString", "coordinates": [[-89.9159657, 16.8802025], [-89.9160431, 16.8807074]]}, "properties": {"osmid": "643181093", "oneway": "False", "lanes": "2", "ref": "RD PET-16", "name": "Carretera San Benito - San Francisco", "highway": "primary", "maxspeed": NaN, "length": 56.743, "bridge": NaN, "tunnel": NaN, "access": NaN, "junction": NaN, "width": NaN, "est_width": NaN, "iri": 3.0699999332428}}, {"type": "Feature", "geometry": {"type": "LineString", "coordinates": [[-89.9160431, 16.8807074], [-89.9164749, 16.8832427]]}, "properties": {"osmid": "643181093", "oneway": "False", "lanes": "2", "ref": "RD PET-16", "name": "Carretera San Benito - San Francisco", "highway": "primary", "maxspeed": NaN, "length": 285.632, "bridge": NaN, "tunnel": NaN, "access": NaN, "junction": NaN, "width": NaN, "est_width": NaN, "iri": 3.0699999332428}}, {"type": "Feature", "geometry": {"type": "LineString", "coordinates": [[-89.9164749, 16.8832427], [-89.9164888, 16.8836348]]}, "properties": {"osmid": "643181093", "oneway": "False", "lanes": "2", "ref": "RD PET-16", "name": "Carretera San Benito - San Francisco", "highway": "primary", "maxspeed": NaN, "length": 43.625, "bridge": NaN, "tunnel": NaN, "access": NaN, "junction": NaN, "width": NaN, "est_width": NaN, "iri": 3.0699999332428}}, {"type": "Feature", "geometry": {"type": "LineString", "coordinates": [[-89.9164888, 16.8836348], [-89.9164535, 16.8840741]]}, "properties": {"osmid": "643181093", "oneway": "False", "lanes": "2", "ref": "RD PET-16", "name": "Carretera San Benito - San Francisco", "highway": "primary", "maxspeed": NaN, "length": 48.992, "bridge": NaN, "tunnel": NaN, "access": NaN, "junction": NaN, "width": NaN, "est_width": NaN, "iri": 3.0699999332428}}, {"type": "Feature", "geometry": {"type": "LineString", "coordinates": [[-89.9164535, 16.8840741], [-89.915923, 16.8892177]]}, "properties": {"osmid": "643181093", "oneway": "False", "lanes": "2", "ref": "RD PET-16", "name": "Carretera San Benito - San Francisco", "highway": "primary", "maxspeed": NaN, "length": 574.722, "bridge": NaN, "tunnel": NaN, "access": NaN, "junction": NaN, "width": NaN, "est_width": NaN, "iri": 3.0699999332428}}, {"type": "Feature", "geometry": {"type": "LineString", "coordinates": [[-89.915923, 16.8892177], [-89.9157675, 16.8907073]]}, "properties": {"osmid": "643181093", "oneway": "False", "lanes": "2", "ref": "RD PET-16", "name": "Carretera San Benito - San Francisco", "highway": "primary", "maxspeed": NaN, "length": 166.46, "bridge": NaN, "tunnel": NaN, "access": NaN, "junction": NaN, "width": NaN, "est_width": NaN, "iri": 3.0699999332428}}, {"type": "Feature", "geometry": {"type": "LineString", "coordinates": [[-89.9157675, 16.8907073], [-89.9155294, 16.8934548]]}, "properties": {"osmid": "643181093", "oneway": "False", "lanes": "2", "ref": "RD PET-16", "name": "Carretera San Benito - San Francisco", "highway": "primary", "maxspeed": NaN, "length": 306.557, "bridge": NaN, "tunnel": NaN, "access": NaN, "junction": NaN, "width": NaN, "est_width": NaN, "iri": 3.0699999332428}}, {"type": "Feature", "geometry": {"type": "LineString", "coordinates": [[-89.9155294, 16.8934548], [-89.9155788, 16.8937702]]}, "properties": {"osmid": "283936165", "oneway": "False", "lanes": "2", "ref": "RD PET-16", "name": "Carretera San Benito - San Francisco", "highway": "primary", "maxspeed": NaN, "length": 35.463, "bridge": NaN, "tunnel": NaN, "access": NaN, "junction": NaN, "width": NaN, "est_width": NaN, "iri": 3.0699999332428}}, {"type": "Feature", "geometry": {"type": "LineString", "coordinates": [[-89.9155788, 16.8937702], [-89.9156327, 16.8941148]]}, "properties": {"osmid": "283936165", "oneway": "False", "lanes": "2", "ref": "RD PET-16", "name": "Carretera San Benito - San Francisco", "highway": "primary", "maxspeed": NaN, "length": 38.745, "bridge": NaN, "tunnel": NaN, "access": NaN, "junction": NaN, "width": NaN, "est_width": NaN, "iri": 3.0699999332428}}, {"type": "Feature", "geometry": {"type": "LineString", "coordinates": [[-89.9156327, 16.8941148], [-89.9158621, 16.8955798]]}, "properties": {"osmid": "283936165", "oneway": "False", "lanes": "2", "ref": "RD PET-16", "name": "Carretera San Benito - San Francisco", "highway": "primary", "maxspeed": NaN, "length": 164.719, "bridge": NaN, "tunnel": NaN, "access": NaN, "junction": NaN, "width": NaN, "est_width": NaN, "iri": 3.0699999332428}}, {"type": "Feature", "geometry": {"type": "LineString", "coordinates": [[-89.9158621, 16.8955798], [-89.9160746, 16.8966587]]}, "properties": {"osmid": "283936165", "oneway": "False", "lanes": "2", "ref": "RD PET-16", "name": "Carretera San Benito - San Francisco", "highway": "primary", "maxspeed": NaN, "length": 122.08, "bridge": NaN, "tunnel": NaN, "access": NaN, "junction": NaN, "width": NaN, "est_width": NaN, "iri": 3.0699999332428}}, {"type": "Feature", "geometry": {"type": "LineString", "coordinates": [[-89.9160746, 16.8966587], [-89.9161101, 16.896771]]}, "properties": {"osmid": "283936165", "oneway": "False", "lanes": "2", "ref": "RD PET-16", "name": "Carretera San Benito - San Francisco", "highway": "primary", "maxspeed": NaN, "length": 13.046, "bridge": NaN, "tunnel": NaN, "access": NaN, "junction": NaN, "width": NaN, "est_width": NaN, "iri": 3.0699999332428}}, {"type": "Feature", "geometry": {"type": "LineString", "coordinates": [[-89.9161101, 16.896771], [-89.9161356, 16.8968454]]}, "properties": {"osmid": "283936165", "oneway": "False", "lanes": "2", "ref": "RD PET-16", "name": "Carretera San Benito - San Francisco", "highway": "primary", "maxspeed": NaN, "length": 8.706, "bridge": NaN, "tunnel": NaN, "access": NaN, "junction": NaN, "width": NaN, "est_width": NaN, "iri": 3.0699999332428}}, {"type": "Feature", "geometry": {"type": "LineString", "coordinates": [[-89.9161356, 16.8968454], [-89.9161698, 16.8969166]]}, "properties": {"osmid": "283936165", "oneway": "False", "lanes": "2", "ref": "RD PET-16", "name": "Carretera San Benito - San Francisco", "highway": "primary", "maxspeed": NaN, "length": 8.713, "bridge": NaN, "tunnel": NaN, "access": NaN, "junction": NaN, "width": NaN, "est_width": NaN, "iri": 3.0699999332428}}, {"type": "Feature", "geometry": {"type": "LineString", "coordinates": [[-89.9161698, 16.8969166], [-89.9165594, 16.897529]]}, "properties": {"osmid": "283936165", "oneway": "False", "lanes": "2", "ref": "RD PET-16", "name": "Carretera San Benito - San Francisco", "highway": "primary", "maxspeed": NaN, "length": 79.72, "bridge": NaN, "tunnel": NaN, "access": NaN, "junction": NaN, "width": NaN, "est_width": NaN, "iri": 3.0699999332428}}, {"type": "Feature", "geometry": {"type": "LineString", "coordinates": [[-89.9165594, 16.897529], [-89.9166309, 16.8977164]]}, "properties": {"osmid": "283936165", "oneway": "False", "lanes": "2", "ref": "RD PET-16", "name": "Carretera San Benito - San Francisco", "highway": "primary", "maxspeed": NaN, "length": 22.183, "bridge": NaN, "tunnel": NaN, "access": NaN, "junction": NaN, "width": NaN, "est_width": NaN, "iri": 3.0699999332428}}, {"type": "Feature", "geometry": {"type": "LineString", "coordinates": [[-89.9166309, 16.8977164], [-89.916664, 16.897896]]}, "properties": {"osmid": "283936165", "oneway": "False", "lanes": "2", "ref": "RD PET-16", "name": "Carretera San Benito - San Francisco", "highway": "primary", "maxspeed": NaN, "length": 20.279, "bridge": NaN, "tunnel": NaN, "access": NaN, "junction": NaN, "width": NaN, "est_width": NaN, "iri": 3.0699999332428}}, {"type": "Feature", "geometry": {"type": "LineString", "coordinates": [[-89.916664, 16.897896], [-89.9166399, 16.898145]]}, "properties": {"osmid": "283936165", "oneway": "False", "lanes": "2", "ref": "RD PET-16", "name": "Carretera San Benito - San Francisco", "highway": "primary", "maxspeed": NaN, "length": 27.806, "bridge": NaN, "tunnel": NaN, "access": NaN, "junction": NaN, "width": NaN, "est_width": NaN, "iri": 3.0699999332428}}, {"type": "Feature", "geometry": {"type": "LineString", "coordinates": [[-89.9166399, 16.898145], [-89.9165299, 16.8985838]]}, "properties": {"osmid": "283936165", "oneway": "False", "lanes": "2", "ref": "RD PET-16", "name": "Carretera San Benito - San Francisco", "highway": "primary", "maxspeed": NaN, "length": 50.176, "bridge": NaN, "tunnel": NaN, "access": NaN, "junction": NaN, "width": NaN, "est_width": NaN, "iri": 3.0699999332428}}, {"type": "Feature", "geometry": {"type": "LineString", "coordinates": [[-89.9165299, 16.8985838], [-89.9163341, 16.8992947]]}, "properties": {"osmid": "283936165", "oneway": "False", "lanes": "2", "ref": "RD PET-16", "name": "Carretera San Benito - San Francisco", "highway": "primary", "maxspeed": NaN, "length": 81.747, "bridge": NaN, "tunnel": NaN, "access": NaN, "junction": NaN, "width": NaN, "est_width": NaN, "iri": 3.0699999332428}}, {"type": "Feature", "geometry": {"type": "LineString", "coordinates": [[-89.9163341, 16.8992947], [-89.916086, 16.900191]]}, "properties": {"osmid": "283936165", "oneway": "False", "lanes": "2", "ref": "RD PET-16", "name": "Carretera San Benito - San Francisco", "highway": "primary", "maxspeed": NaN, "length": 103.1, "bridge": NaN, "tunnel": NaN, "access": NaN, "junction": NaN, "width": NaN, "est_width": NaN, "iri": 3.0699999332428}}, {"type": "Feature", "geometry": {"type": "LineString", "coordinates": [[-89.916086, 16.900191], [-89.9154936, 16.9023308]]}, "properties": {"osmid": "283936165", "oneway": "False", "lanes": "2", "ref": "RD PET-16", "name": "Carretera San Benito - San Francisco", "highway": "primary", "maxspeed": NaN, "length": 246.141, "bridge": NaN, "tunnel": NaN, "access": NaN, "junction": NaN, "width": NaN, "est_width": NaN, "iri": 3.0699999332428}}, {"type": "Feature", "geometry": {"type": "LineString", "coordinates": [[-89.9154936, 16.9023308], [-89.9154762, 16.9025054]]}, "properties": {"osmid": "283936165", "oneway": "False", "lanes": "2", "ref": "RD PET-16", "name": "Carretera San Benito - San Francisco", "highway": "primary", "maxspeed": NaN, "length": 19.503, "bridge": NaN, "tunnel": NaN, "access": NaN, "junction": NaN, "width": NaN, "est_width": NaN, "iri": 3.0699999332428}}, {"type": "Feature", "geometry": {"type": "LineString", "coordinates": [[-89.9154762, 16.9025054], [-89.9154668, 16.9026002]]}, "properties": {"osmid": "283936165", "oneway": "False", "lanes": "2", "ref": "RD PET-16", "name": "Carretera San Benito - San Francisco", "highway": "primary", "maxspeed": NaN, "length": 10.589, "bridge": NaN, "tunnel": NaN, "access": NaN, "junction": NaN, "width": NaN, "est_width": NaN, "iri": 3.0699999332428}}, {"type": "Feature", "geometry": {"type": "LineString", "coordinates": [[-89.9154668, 16.9026002], [-89.9154668, 16.9029441]]}, "properties": {"osmid": "283936165", "oneway": "False", "lanes": "2", "ref": "RD PET-16", "name": "Carretera San Benito - San Francisco", "highway": "primary", "maxspeed": NaN, "length": 38.24, "bridge": NaN, "tunnel": NaN, "access": NaN, "junction": NaN, "width": NaN, "est_width": NaN, "iri": 3.0699999332428}}, {"type": "Feature", "geometry": {"type": "LineString", "coordinates": [[-89.9154668, 16.9029441], [-89.9155044, 16.9033676]]}, "properties": {"osmid": "283936165", "oneway": "False", "lanes": "2", "ref": "RD PET-16", "name": "Carretera San Benito - San Francisco", "highway": "primary", "maxspeed": NaN, "length": 47.261, "bridge": NaN, "tunnel": NaN, "access": NaN, "junction": NaN, "width": NaN, "est_width": NaN, "iri": 3.0699999332428}}, {"type": "Feature", "geometry": {"type": "LineString", "coordinates": [[-89.9155044, 16.9033676], [-89.9155688, 16.9038962]]}, "properties": {"osmid": "283936165", "oneway": "False", "lanes": "2", "ref": "RD PET-16", "name": "Carretera San Benito - San Francisco", "highway": "primary", "maxspeed": NaN, "length": 59.176, "bridge": NaN, "tunnel": NaN, "access": NaN, "junction": NaN, "width": NaN, "est_width": NaN, "iri": 3.0699999332428}}, {"type": "Feature", "geometry": {"type": "LineString", "coordinates": [[-89.9155688, 16.9038962], [-89.9156224, 16.9042452]]}, "properties": {"osmid": "283936165", "oneway": "False", "lanes": "2", "ref": "RD PET-16", "name": "Carretera San Benito - San Francisco", "highway": "primary", "maxspeed": NaN, "length": 39.224, "bridge": NaN, "tunnel": NaN, "access": NaN, "junction": NaN, "width": NaN, "est_width": NaN, "iri": 3.0699999332428}}, {"type": "Feature", "geometry": {"type": "LineString", "coordinates": [[-89.9156224, 16.9042452], [-89.9158584, 16.9051024]]}, "properties": {"osmid": "283936165", "oneway": "False", "lanes": "2", "ref": "RD PET-16", "name": "Carretera San Benito - San Francisco", "highway": "primary", "maxspeed": NaN, "length": 98.568, "bridge": NaN, "tunnel": NaN, "access": NaN, "junction": NaN, "width": NaN, "est_width": NaN, "iri": 3.0699999332428}}, {"type": "Feature", "geometry": {"type": "LineString", "coordinates": [[-89.9158584, 16.9051024], [-89.9159837, 16.9059876]]}, "properties": {"osmid": "283936165", "oneway": "False", "lanes": "2", "ref": "RD PET-16", "name": "Carretera San Benito - San Francisco", "highway": "primary", "maxspeed": NaN, "length": 99.328, "bridge": NaN, "tunnel": NaN, "access": NaN, "junction": NaN, "width": NaN, "est_width": NaN, "iri": 3.0699999332428}}, {"type": "Feature", "geometry": {"type": "LineString", "coordinates": [[-89.9159837, 16.9059876], [-89.915963, 16.9073274]]}, "properties": {"osmid": "283936165", "oneway": "False", "lanes": "2", "ref": "RD PET-16", "name": "Carretera San Benito - San Francisco", "highway": "primary", "maxspeed": NaN, "length": 148.995, "bridge": NaN, "tunnel": NaN, "access": NaN, "junction": NaN, "width": NaN, "est_width": NaN, "iri": 3.0699999332428}}, {"type": "Feature", "geometry": {"type": "LineString", "coordinates": [[-89.915963, 16.9073274], [-89.9159711, 16.9078021]]}, "properties": {"osmid": "283936165", "oneway": "False", "lanes": "2", "ref": "RD PET-16", "name": "Carretera San Benito - San Francisco", "highway": "primary", "maxspeed": NaN, "length": 52.791, "bridge": NaN, "tunnel": NaN, "access": NaN, "junction": NaN, "width": NaN, "est_width": NaN, "iri": 3.0699999332428}}, {"type": "Feature", "geometry": {"type": "LineString", "coordinates": [[-89.9159711, 16.9078021], [-89.9159738, 16.908051]]}, "properties": {"osmid": "283936165", "oneway": "False", "lanes": "2", "ref": "RD PET-16", "name": "Carretera San Benito - San Francisco", "highway": "primary", "maxspeed": NaN, "length": 27.678, "bridge": NaN, "tunnel": NaN, "access": NaN, "junction": NaN, "width": NaN, "est_width": NaN, "iri": 3.0699999332428}}, {"type": "Feature", "geometry": {"type": "LineString", "coordinates": [[-89.9159738, 16.908051], [-89.9159523, 16.9082179]]}, "properties": {"osmid": "283936165", "oneway": "False", "lanes": "2", "ref": "RD PET-16", "name": "Carretera San Benito - San Francisco", "highway": "primary", "maxspeed": NaN, "length": 18.699, "bridge": NaN, "tunnel": NaN, "access": NaN, "junction": NaN, "width": NaN, "est_width": NaN, "iri": 3.0699999332428}}, {"type": "Feature", "geometry": {"type": "LineString", "coordinates": [[-89.9159523, 16.9082179], [-89.9159335, 16.9083205]]}, "properties": {"osmid": "283936165", "oneway": "False", "lanes": "2", "ref": "RD PET-16", "name": "Carretera San Benito - San Francisco", "highway": "primary", "maxspeed": NaN, "length": 11.583, "bridge": NaN, "tunnel": NaN, "access": NaN, "junction": NaN, "width": NaN, "est_width": NaN, "iri": 3.0699999332428}}, {"type": "Feature", "geometry": {"type": "LineString", "coordinates": [[-89.9159335, 16.9083205], [-89.9158892, 16.9084052]]}, "properties": {"osmid": "283936165", "oneway": "False", "lanes": "2", "ref": "RD PET-16", "name": "Carretera San Benito - San Francisco", "highway": "primary", "maxspeed": NaN, "length": 10.532, "bridge": NaN, "tunnel": NaN, "access": NaN, "junction": NaN, "width": NaN, "est_width": NaN, "iri": 3.0699999332428}}, {"type": "Feature", "geometry": {"type": "LineString", "coordinates": [[-89.9158892, 16.9084052], [-89.9156831, 16.9087541]]}, "properties": {"osmid": "283936165", "oneway": "False", "lanes": "2", "ref": "RD PET-16", "name": "Carretera San Benito - San Francisco", "highway": "primary", "maxspeed": NaN, "length": 44.563, "bridge": NaN, "tunnel": NaN, "access": NaN, "junction": NaN, "width": NaN, "est_width": NaN, "iri": 3.0699999332428}}, {"type": "Feature", "geometry": {"type": "LineString", "coordinates": [[-89.9156831, 16.9087541], [-89.9151967, 16.909387]]}, "properties": {"osmid": "283936165", "oneway": "False", "lanes": "2", "ref": "RD PET-16", "name": "Carretera San Benito - San Francisco", "highway": "primary", "maxspeed": NaN, "length": 87.352, "bridge": NaN, "tunnel": NaN, "access": NaN, "junction": NaN, "width": NaN, "est_width": NaN, "iri": 3.0699999332428}}, {"type": "Feature", "geometry": {"type": "LineString", "coordinates": [[-89.9151967, 16.909387], [-89.9150712, 16.9096041]]}, "properties": {"osmid": "283936165", "oneway": "False", "lanes": "2", "ref": "RD PET-16", "name": "Carretera San Benito - San Francisco", "highway": "primary", "maxspeed": NaN, "length": 27.587, "bridge": NaN, "tunnel": NaN, "access": NaN, "junction": NaN, "width": NaN, "est_width": NaN, "iri": 3.0699999332428}}, {"type": "Feature", "geometry": {"type": "LineString", "coordinates": [[-89.9150712, 16.9096041], [-89.9149671, 16.9098057]]}, "properties": {"osmid": "283936165", "oneway": "False", "lanes": "2", "ref": "RD PET-16", "name": "Carretera San Benito - San Francisco", "highway": "primary", "maxspeed": NaN, "length": 25.003, "bridge": NaN, "tunnel": NaN, "access": NaN, "junction": NaN, "width": NaN, "est_width": NaN, "iri": 3.0699999332428}}, {"type": "Feature", "geometry": {"type": "LineString", "coordinates": [[-89.9149671, 16.9098057], [-89.914891, 16.9100111]]}, "properties": {"osmid": "283936165", "oneway": "False", "lanes": "2", "ref": "RD PET-16", "name": "Carretera San Benito - San Francisco", "highway": "primary", "maxspeed": NaN, "length": 24.232, "bridge": NaN, "tunnel": NaN, "access": NaN, "junction": NaN, "width": NaN, "est_width": NaN, "iri": 3.0699999332428}}, {"type": "Feature", "geometry": {"type": "LineString", "coordinates": [[-89.914891, 16.9100111], [-89.9142884, 16.911596]]}, "properties": {"osmid": "283936165", "oneway": "False", "lanes": "2", "ref": "RD PET-16", "name": "Carretera San Benito - San Francisco", "highway": "primary", "maxspeed": NaN, "length": 187.531, "bridge": NaN, "tunnel": NaN, "access": NaN, "junction": NaN, "width": NaN, "est_width": NaN, "iri": 3.0699999332428}}, {"type": "Feature", "geometry": {"type": "LineString", "coordinates": [[-89.9142884, 16.911596], [-89.9141394, 16.912003]]}, "properties": {"osmid": "283936165", "oneway": "False", "lanes": "2", "ref": "RD PET-16", "name": "Carretera San Benito - San Francisco", "highway": "primary", "maxspeed": NaN, "length": 47.952, "bridge": NaN, "tunnel": NaN, "access": NaN, "junction": NaN, "width": NaN, "est_width": NaN, "iri": 3.0699999332428}}, {"type": "Feature", "geometry": {"type": "LineString", "coordinates": [[-89.9141394, 16.912003], [-89.9142354, 16.9123225]]}, "properties": {"osmid": "31151809", "oneway": "True", "lanes": NaN, "ref": "RD PET-16", "name": "Carretera San Benito - San Francisco", "highway": "primary", "maxspeed": NaN, "length": 36.966, "bridge": NaN, "tunnel": NaN, "access": NaN, "junction": NaN, "width": NaN, "est_width": NaN, "iri": 3.0699999332428}}, {"type": "Feature", "geometry": {"type": "LineString", "coordinates": [[-89.9142354, 16.9123225], [-89.9142694, 16.9123557]]}, "properties": {"osmid": "107711921", "oneway": "True", "lanes": NaN, "ref": "RD PET-16;RD PET-01;RD PET-11", "name": NaN, "highway": "primary", "maxspeed": NaN, "length": 5.168, "bridge": NaN, "tunnel": NaN, "access": NaN, "junction": "roundabout", "width": NaN, "est_width": NaN, "iri": 3.0699999332428}}, {"type": "Feature", "geometry": {"type": "LineString", "coordinates": [[-89.9142694, 16.9123557], [-89.9142954, 16.912395]]}, "properties": {"osmid": "107711921", "oneway": "True", "lanes": NaN, "ref": "RD PET-16;RD PET-01;RD PET-11", "name": NaN, "highway": "primary", "maxspeed": NaN, "length": 5.172, "bridge": NaN, "tunnel": NaN, "access": NaN, "junction": "roundabout", "width": NaN, "est_width": NaN, "iri": 3.0699999332428}}, {"type": "Feature", "geometry": {"type": "LineString", "coordinates": [[-89.9142954, 16.912395], [-89.9143124, 16.9124385]]}, "properties": {"osmid": "107711921", "oneway": "True", "lanes": NaN, "ref": "RD PET-16;RD PET-01;RD PET-11", "name": NaN, "highway": "primary", "maxspeed": NaN, "length": 5.164, "bridge": NaN, "tunnel": NaN, "access": NaN, "junction": "roundabout", "width": NaN, "est_width": NaN, "iri": 3.0699999332428}}, {"type": "Feature", "geometry": {"type": "LineString", "coordinates": [[-89.9143124, 16.9124385], [-89.9143171, 16.9125285]]}, "properties": {"osmid": "107711921", "oneway": "True", "lanes": NaN, "ref": "RD PET-16;RD PET-01;RD PET-11", "name": NaN, "highway": "primary", "maxspeed": NaN, "length": 10.02, "bridge": NaN, "tunnel": NaN, "access": NaN, "junction": "roundabout", "width": NaN, "est_width": NaN, "iri": 3.0699999332428}}, {"type": "Feature", "geometry": {"type": "LineString", "coordinates": [[-89.9143171, 16.9125285], [-89.9142986, 16.9125872]]}, "properties": {"osmid": "107711921", "oneway": "True", "lanes": NaN, "ref": "RD PET-16;RD PET-01;RD PET-11", "name": NaN, "highway": "primary", "maxspeed": NaN, "length": 6.817, "bridge": NaN, "tunnel": NaN, "access": NaN, "junction": "roundabout", "width": NaN, "est_width": NaN, "iri": 3.0699999332428}}, {"type": "Feature", "geometry": {"type": "LineString", "coordinates": [[-89.9142986, 16.9125872], [-89.9142642, 16.9126388]]}, "properties": {"osmid": "107711921", "oneway": "True", "lanes": NaN, "ref": "RD PET-16;RD PET-01;RD PET-11", "name": NaN, "highway": "primary", "maxspeed": NaN, "length": 6.805, "bridge": NaN, "tunnel": NaN, "access": NaN, "junction": "roundabout", "width": NaN, "est_width": NaN, "iri": 3.0699999332428}}, {"type": "Feature", "geometry": {"type": "LineString", "coordinates": [[-89.9142642, 16.9126388], [-89.9142164, 16.9126796]]}, "properties": {"osmid": "107711921", "oneway": "True", "lanes": NaN, "ref": "RD PET-16;RD PET-01;RD PET-11", "name": NaN, "highway": "primary", "maxspeed": NaN, "length": 6.815, "bridge": NaN, "tunnel": NaN, "access": NaN, "junction": "roundabout", "width": NaN, "est_width": NaN, "iri": 3.0699999332428}}, {"type": "Feature", "geometry": {"type": "LineString", "coordinates": [[-89.9142164, 16.9126796], [-89.9145746, 16.9127158]]}, "properties": {"osmid": "117096426", "oneway": "True", "lanes": "2", "ref": "RD PET-01", "name": "1 Calle", "highway": "primary", "maxspeed": NaN, "length": 38.319, "bridge": NaN, "tunnel": NaN, "access": NaN, "junction": NaN, "width": NaN, "est_width": NaN, "iri": 3.0699999332428}}, {"type": "Feature", "geometry": {"type": "LineString", "coordinates": [[-89.9145746, 16.9127158], [-89.9148987, 16.9127396]]}, "properties": {"osmid": "117096426", "oneway": "True", "lanes": "2", "ref": "RD PET-01", "name": "1 Calle", "highway": "primary", "maxspeed": NaN, "length": 34.581, "bridge": NaN, "tunnel": NaN, "access": NaN, "junction": NaN, "width": NaN, "est_width": NaN, "iri": 3.0699999332428}}, {"type": "Feature", "geometry": {"type": "LineString", "coordinates": [[-89.9148987, 16.9127396], [-89.915602, 16.9127975]]}, "properties": {"osmid": "117096426", "oneway": "True", "lanes": "2", "ref": "RD PET-01", "name": "1 Calle", "highway": "primary", "maxspeed": NaN, "length": 75.098, "bridge": NaN, "tunnel": NaN, "access": NaN, "junction": NaN, "width": NaN, "est_width": NaN, "iri": 3.0699999332428}}, {"type": "Feature", "geometry": {"type": "LineString", "coordinates": [[-89.915602, 16.9127975], [-89.9156943, 16.9128035]]}, "properties": {"osmid": "117096426", "oneway": "True", "lanes": "2", "ref": "RD PET-01", "name": "1 Calle", "highway": "primary", "maxspeed": NaN, "length": 9.842, "bridge": NaN, "tunnel": NaN, "access": NaN, "junction": NaN, "width": NaN, "est_width": NaN, "iri": 3.0699999332428}}, {"type": "Feature", "geometry": {"type": "LineString", "coordinates": [[-89.9156943, 16.9128035], [-89.9165047, 16.9128699]]}, "properties": {"osmid": "117096426", "oneway": "True", "lanes": "2", "ref": "RD PET-01", "name": "1 Calle", "highway": "primary", "maxspeed": NaN, "length": 86.531, "bridge": NaN, "tunnel": NaN, "access": NaN, "junction": NaN, "width": NaN, "est_width": NaN, "iri": 3.0699999332428}}, {"type": "Feature", "geometry": {"type": "LineString", "coordinates": [[-89.9165047, 16.9128699], [-89.9171098, 16.9129067]]}, "properties": {"osmid": "117096426", "oneway": "True", "lanes": "2", "ref": "RD PET-01", "name": "1 Calle", "highway": "primary", "maxspeed": NaN, "length": 64.504, "bridge": NaN, "tunnel": NaN, "access": NaN, "junction": NaN, "width": NaN, "est_width": NaN, "iri": 3.0699999332428}}, {"type": "Feature", "geometry": {"type": "LineString", "coordinates": [[-89.9171098, 16.9129067], [-89.9174466, 16.9129451]]}, "properties": {"osmid": "117096426", "oneway": "True", "lanes": "2", "ref": "RD PET-01", "name": "1 Calle", "highway": "primary", "maxspeed": NaN, "length": 36.084, "bridge": NaN, "tunnel": NaN, "access": NaN, "junction": NaN, "width": NaN, "est_width": NaN, "iri": 3.0699999332428}}, {"type": "Feature", "geometry": {"type": "LineString", "coordinates": [[-89.9174466, 16.9129451], [-89.9177649, 16.913013]]}, "properties": {"osmid": "117096426", "oneway": "True", "lanes": "2", "ref": "RD PET-01", "name": "1 Calle", "highway": "primary", "maxspeed": NaN, "length": 34.694, "bridge": NaN, "tunnel": NaN, "access": NaN, "junction": NaN, "width": NaN, "est_width": NaN, "iri": 3.0699999332428}}, {"type": "Feature", "geometry": {"type": "LineString", "coordinates": [[-89.9177649, 16.913013], [-89.9179442, 16.9130721]]}, "properties": {"osmid": "117096426", "oneway": "True", "lanes": "2", "ref": "RD PET-01", "name": "1 Calle", "highway": "primary", "maxspeed": NaN, "length": 20.175, "bridge": NaN, "tunnel": NaN, "access": NaN, "junction": NaN, "width": NaN, "est_width": NaN, "iri": 3.0699999332428}}, {"type": "Feature", "geometry": {"type": "LineString", "coordinates": [[-89.9179442, 16.9130721], [-89.9189939, 16.9134075]]}, "properties": {"osmid": "117096426", "oneway": "True", "lanes": "2", "ref": "RD PET-01", "name": "1 Calle", "highway": "primary", "maxspeed": NaN, "length": 117.736, "bridge": NaN, "tunnel": NaN, "access": NaN, "junction": NaN, "width": NaN, "est_width": NaN, "iri": 3.0699999332428}}, {"type": "Feature", "geometry": {"type": "LineString", "coordinates": [[-89.9189939, 16.9134075], [-89.9198836, 16.9136975]]}, "properties": {"osmid": "117096426", "oneway": "True", "lanes": "2", "ref": "RD PET-01", "name": "1 Calle", "highway": "primary", "maxspeed": NaN, "length": 99.993, "bridge": NaN, "tunnel": NaN, "access": NaN, "junction": NaN, "width": NaN, "est_width": NaN, "iri": 3.0699999332428}}]}