{"type": "FeatureCollection", "features": [{"type": "Feature", "geometry": {"type": "LineString", "coordinates": [[-90.9422693, 15.1751336], [-90.9416713, 15.1749969]]}, "properties": {"osmid": "609025821", "oneway": "False", "lanes": NaN, "ref": NaN, "name": NaN, "highway": "tertiary", "maxspeed": NaN, "length": 65.952, "bridge": NaN, "tunnel": NaN, "access": NaN, "junction": NaN, "width": NaN, "est_width": NaN, "iri": 4.38000011444092}}, {"type": "Feature", "geometry": {"type": "LineString", "coordinates": [[-90.9416713, 15.1749969], [-90.9416386, 15.1749904]]}, "properties": {"osmid": "609025821", "oneway": "False", "lanes": NaN, "ref": NaN, "name": NaN, "highway": "tertiary", "maxspeed": NaN, "length": 3.583, "bridge": NaN, "tunnel": NaN, "access": NaN, "junction": NaN, "width": NaN, "est_width": NaN, "iri": 4.38000011444092}}, {"type": "Feature", "geometry": {"type": "LineString", "coordinates": [[-90.9416386, 15.1749904], [-90.9411482, 15.1748314]]}, "properties": {"osmid": "609025821", "oneway": "False", "lanes": NaN, "ref": NaN, "name": NaN, "highway": "tertiary", "maxspeed": NaN, "length": 55.519, "bridge": NaN, "tunnel": NaN, "access": NaN, "junction": NaN, "width": NaN, "est_width": NaN, "iri": 4.38000011444092}}, {"type": "Feature", "geometry": {"type": "LineString", "coordinates": [[-90.9411482, 15.1748314], [-90.9405179, 15.1747064]]}, "properties": {"osmid": "609025821", "oneway": "False", "lanes": NaN, "ref": NaN, "name": NaN, "highway": "tertiary", "maxspeed": NaN, "length": 69.056, "bridge": NaN, "tunnel": NaN, "access": NaN, "junction": NaN, "width": NaN, "est_width": NaN, "iri": 4.38000011444092}}, {"type": "Feature", "geometry": {"type": "LineString", "coordinates": [[-90.9405179, 15.1747064], [-90.9399693, 15.1745542]]}, "properties": {"osmid": "609025821", "oneway": "False", "lanes": NaN, "ref": NaN, "name": NaN, "highway": "tertiary", "maxspeed": NaN, "length": 61.259, "bridge": NaN, "tunnel": NaN, "access": NaN, "junction": NaN, "width": NaN, "est_width": NaN, "iri": 4.38000011444092}}, {"type": "Feature", "geometry": {"type": "LineString", "coordinates": [[-90.9399693, 15.1745542], [-90.9395525, 15.1744416]]}, "properties": {"osmid": "609025821", "oneway": "False", "lanes": NaN, "ref": NaN, "name": NaN, "highway": "tertiary", "maxspeed": NaN, "length": 46.449, "bridge": NaN, "tunnel": NaN, "access": NaN, "junction": NaN, "width": NaN, "est_width": NaN, "iri": 4.38000011444092}}, {"type": "Feature", "geometry": {"type": "LineString", "coordinates": [[-90.9395525, 15.1744416], [-90.9387788, 15.1737409]]}, "properties": {"osmid": "609025821", "oneway": "False", "lanes": NaN, "ref": NaN, "name": NaN, "highway": "tertiary", "maxspeed": NaN, "length": 113.864, "bridge": NaN, "tunnel": NaN, "access": NaN, "junction": NaN, "width": NaN, "est_width": NaN, "iri": 4.38000011444092}}, {"type": "Feature", "geometry": {"type": "LineString", "coordinates": [[-90.9387788, 15.1737409], [-90.9375507, 15.1736474]]}, "properties": {"osmid": "609025821", "oneway": "False", "lanes": NaN, "ref": NaN, "name": NaN, "highway": "tertiary", "maxspeed": NaN, "length": 132.207, "bridge": NaN, "tunnel": NaN, "access": NaN, "junction": NaN, "width": NaN, "est_width": NaN, "iri": 4.38000011444092}}, {"type": "Feature", "geometry": {"type": "LineString", "coordinates": [[-90.9375507, 15.1736474], [-90.9361357, 15.1741146]]}, "properties": {"osmid": "609025821", "oneway": "False", "lanes": NaN, "ref": NaN, "name": NaN, "highway": "tertiary", "maxspeed": NaN, "length": 160.496, "bridge": NaN, "tunnel": NaN, "access": NaN, "junction": NaN, "width": NaN, "est_width": NaN, "iri": 4.38000011444092}}, {"type": "Feature", "geometry": {"type": "LineString", "coordinates": [[-90.9361357, 15.1741146], [-90.9343336, 15.1747287]]}, "properties": {"osmid": "609025821", "oneway": "False", "lanes": NaN, "ref": NaN, "name": NaN, "highway": "tertiary", "maxspeed": NaN, "length": 205.099, "bridge": NaN, "tunnel": NaN, "access": NaN, "junction": NaN, "width": NaN, "est_width": NaN, "iri": 4.38000011444092}}, {"type": "Feature", "geometry": {"type": "LineString", "coordinates": [[-90.9343336, 15.1747287], [-90.9333991, 15.1748355]]}, "properties": {"osmid": "609025821", "oneway": "False", "lanes": NaN, "ref": NaN, "name": NaN, "highway": "tertiary", "maxspeed": NaN, "length": 100.989, "bridge": NaN, "tunnel": NaN, "access": NaN, "junction": NaN, "width": NaN, "est_width": NaN, "iri": 4.38000011444092}}, {"type": "Feature", "geometry": {"type": "LineString", "coordinates": [[-90.9333991, 15.1748355], [-90.9328251, 15.1747554]]}, "properties": {"osmid": "609025821", "oneway": "False", "lanes": NaN, "ref": NaN, "name": NaN, "highway": "tertiary", "maxspeed": NaN, "length": 62.241, "bridge": NaN, "tunnel": NaN, "access": NaN, "junction": NaN, "width": NaN, "est_width": NaN, "iri": 4.38000011444092}}, {"type": "Feature", "geometry": {"type": "LineString", "coordinates": [[-90.9328251, 15.1747554], [-90.9289406, 15.1736074]]}, "properties": {"osmid": "609025821", "oneway": "False", "lanes": NaN, "ref": NaN, "name": NaN, "highway": "tertiary", "maxspeed": NaN, "length": 435.984, "bridge": NaN, "tunnel": NaN, "access": NaN, "junction": NaN, "width": NaN, "est_width": NaN, "iri": 4.38000011444092}}, {"type": "Feature", "geometry": {"type": "LineString", "coordinates": [[-90.9289406, 15.1736074], [-90.9278193, 15.1728865]]}, "properties": {"osmid": "609025821", "oneway": "False", "lanes": NaN, "ref": NaN, "name": NaN, "highway": "tertiary", "maxspeed": NaN, "length": 144.591, "bridge": NaN, "tunnel": NaN, "access": NaN, "junction": NaN, "width": NaN, "est_width": NaN, "iri": 4.38000011444092}}, {"type": "Feature", "geometry": {"type": "LineString", "coordinates": [[-90.9278193, 15.1728865], [-90.9275059, 15.17262]]}, "properties": {"osmid": "609025821", "oneway": "False", "lanes": NaN, "ref": NaN, "name": NaN, "highway": "tertiary", "maxspeed": NaN, "length": 44.826, "bridge": NaN, "tunnel": NaN, "access": NaN, "junction": NaN, "width": NaN, "est_width": NaN, "iri": 4.38000011444092}}, {"type": "Feature", "geometry": {"type": "LineString", "coordinates": [[-90.9275059, 15.17262], [-90.9269783, 15.1725261]]}, "properties": {"osmid": "609025821", "oneway": "False", "lanes": NaN, "ref": NaN, "name": NaN, "highway": "tertiary", "maxspeed": NaN, "length": 57.576, "bridge": NaN, "tunnel": NaN, "access": NaN, "junction": NaN, "width": NaN, "est_width": NaN, "iri": 4.38000011444092}}, {"type": "Feature", "geometry": {"type": "LineString", "coordinates": [[-90.9269783, 15.1725261], [-90.92563, 15.1725395]]}, "properties": {"osmid": "609025821", "oneway": "False", "lanes": NaN, "ref": NaN, "name": NaN, "highway": "tertiary", "maxspeed": NaN, "length": 144.706, "bridge": NaN, "tunnel": NaN, "access": NaN, "junction": NaN, "width": NaN, "est_width": NaN, "iri": 4.38000011444092}}, {"type": "Feature", "geometry": {"type": "LineString", "coordinates": [[-90.92563, 15.1725395], [-90.9246289, 15.1723526]]}, "properties": {"osmid": "609025821", "oneway": "False", "lanes": NaN, "ref": NaN, "name": NaN, "highway": "tertiary", "maxspeed": NaN, "length": 109.429, "bridge": NaN, "tunnel": NaN, "access": NaN, "junction": NaN, "width": NaN, "est_width": NaN, "iri": 4.38000011444092}}, {"type": "Feature", "geometry": {"type": "LineString", "coordinates": [[-90.9246289, 15.1723526], [-90.9241883, 15.1724994]]}, "properties": {"osmid": "609025821", "oneway": "False", "lanes": NaN, "ref": NaN, "name": NaN, "highway": "tertiary", "maxspeed": NaN, "length": 50.023, "bridge": NaN, "tunnel": NaN, "access": NaN, "junction": NaN, "width": NaN, "est_width": NaN, "iri": 4.38000011444092}}, {"type": "Feature", "geometry": {"type": "LineString", "coordinates": [[-90.9241883, 15.1724994], [-90.9226933, 15.1725528]]}, "properties": {"osmid": "609025821", "oneway": "False", "lanes": NaN, "ref": NaN, "name": NaN, "highway": "tertiary", "maxspeed": NaN, "length": 160.552, "bridge": NaN, "tunnel": NaN, "access": NaN, "junction": NaN, "width": NaN, "est_width": NaN, "iri": 4.38000011444092}}, {"type": "Feature", "geometry": {"type": "LineString", "coordinates": [[-90.9226933, 15.1725528], [-90.9222394, 15.1728999]]}, "properties": {"osmid": "609025821", "oneway": "False", "lanes": NaN, "ref": NaN, "name": NaN, "highway": "tertiary", "maxspeed": NaN, "length": 62.149, "bridge": NaN, "tunnel": NaN, "access": NaN, "junction": NaN, "width": NaN, "est_width": NaN, "iri": 4.38000011444092}}, {"type": "Feature", "geometry": {"type": "LineString", "coordinates": [[-90.9222394, 15.1728999], [-90.9218523, 15.1730334]]}, "properties": {"osmid": "609025821", "oneway": "False", "lanes": NaN, "ref": NaN, "name": NaN, "highway": "tertiary", "maxspeed": NaN, "length": 44.116, "bridge": NaN, "tunnel": NaN, "access": NaN, "junction": NaN, "width": NaN, "est_width": NaN, "iri": 4.38000011444092}}, {"type": "Feature", "geometry": {"type": "LineString", "coordinates": [[-90.9218523, 15.1730334], [-90.9214919, 15.1728465]]}, "properties": {"osmid": "609025821", "oneway": "False", "lanes": NaN, "ref": NaN, "name": NaN, "highway": "tertiary", "maxspeed": NaN, "length": 43.908, "bridge": NaN, "tunnel": NaN, "access": NaN, "junction": NaN, "width": NaN, "est_width": NaN, "iri": 4.38000011444092}}, {"type": "Feature", "geometry": {"type": "LineString", "coordinates": [[-90.9214919, 15.1728465], [-90.9208511, 15.1729399]]}, "properties": {"osmid": "609025821", "oneway": "False", "lanes": NaN, "ref": NaN, "name": NaN, "highway": "tertiary", "maxspeed": NaN, "length": 69.55, "bridge": NaN, "tunnel": NaN, "access": NaN, "junction": NaN, "width": NaN, "est_width": NaN, "iri": 4.38000011444092}}, {"type": "Feature", "geometry": {"type": "LineString", "coordinates": [[-90.9208511, 15.1729399], [-90.9203038, 15.1727931]]}, "properties": {"osmid": "609025821", "oneway": "False", "lanes": NaN, "ref": NaN, "name": NaN, "highway": "tertiary", "maxspeed": NaN, "length": 60.962, "bridge": NaN, "tunnel": NaN, "access": NaN, "junction": NaN, "width": NaN, "est_width": NaN, "iri": 4.38000011444092}}, {"type": "Feature", "geometry": {"type": "LineString", "coordinates": [[-90.9203038, 15.1727931], [-90.9199434, 15.172446]]}, "properties": {"osmid": "609025821", "oneway": "False", "lanes": NaN, "ref": NaN, "name": NaN, "highway": "tertiary", "maxspeed": NaN, "length": 54.641, "bridge": NaN, "tunnel": NaN, "access": NaN, "junction": NaN, "width": NaN, "est_width": NaN, "iri": 4.38000011444092}}, {"type": "Feature", "geometry": {"type": "LineString", "coordinates": [[-90.9199434, 15.172446], [-90.9194361, 15.1723526]]}, "properties": {"osmid": "609025821", "oneway": "False", "lanes": NaN, "ref": NaN, "name": NaN, "highway": "tertiary", "maxspeed": NaN, "length": 55.425, "bridge": NaN, "tunnel": NaN, "access": NaN, "junction": NaN, "width": NaN, "est_width": NaN, "iri": 4.38000011444092}}, {"type": "Feature", "geometry": {"type": "LineString", "coordinates": [[-90.9194361, 15.1723526], [-90.9187687, 15.1726863]]}, "properties": {"osmid": "609025821", "oneway": "False", "lanes": NaN, "ref": NaN, "name": NaN, "highway": "tertiary", "maxspeed": NaN, "length": 80.666, "bridge": NaN, "tunnel": NaN, "access": NaN, "junction": NaN, "width": NaN, "est_width": NaN, "iri": 4.38000011444092}}, {"type": "Feature", "geometry": {"type": "LineString", "coordinates": [[-90.9187687, 15.1726863], [-90.9175139, 15.1728999]]}, "properties": {"osmid": "609025821", "oneway": "False", "lanes": NaN, "ref": NaN, "name": NaN, "highway": "tertiary", "maxspeed": NaN, "length": 136.742, "bridge": NaN, "tunnel": NaN, "access": NaN, "junction": NaN, "width": NaN, "est_width": NaN, "iri": 4.38000011444092}}, {"type": "Feature", "geometry": {"type": "LineString", "coordinates": [[-90.9175139, 15.1728999], [-90.9169051, 15.1728612]]}, "properties": {"osmid": "609025821", "oneway": "False", "lanes": NaN, "ref": NaN, "name": NaN, "highway": "tertiary", "maxspeed": NaN, "length": 65.477, "bridge": NaN, "tunnel": NaN, "access": NaN, "junction": NaN, "width": NaN, "est_width": NaN, "iri": 4.38000011444092}}, {"type": "Feature", "geometry": {"type": "LineString", "coordinates": [[-90.9169051, 15.1728612], [-90.9165981, 15.1733017]]}, "properties": {"osmid": "609025821", "oneway": "False", "lanes": NaN, "ref": NaN, "name": NaN, "highway": "tertiary", "maxspeed": NaN, "length": 59.031, "bridge": NaN, "tunnel": NaN, "access": NaN, "junction": NaN, "width": NaN, "est_width": NaN, "iri": 4.38000011444092}}, {"type": "Feature", "geometry": {"type": "LineString", "coordinates": [[-90.9165981, 15.1733017], [-90.916251, 15.1734752]]}, "properties": {"osmid": "609025821", "oneway": "False", "lanes": NaN, "ref": NaN, "name": NaN, "highway": "tertiary", "maxspeed": NaN, "length": 41.95, "bridge": NaN, "tunnel": NaN, "access": NaN, "junction": NaN, "width": NaN, "est_width": NaN, "iri": 4.38000011444092}}, {"type": "Feature", "geometry": {"type": "LineString", "coordinates": [[-90.916251, 15.1734752], [-90.9159175, 15.173486]]}, "properties": {"osmid": "609025821", "oneway": "False", "lanes": NaN, "ref": NaN, "name": NaN, "highway": "tertiary", "maxspeed": NaN, "length": 35.811, "bridge": NaN, "tunnel": NaN, "access": NaN, "junction": NaN, "width": NaN, "est_width": NaN, "iri": 4.38000011444092}}, {"type": "Feature", "geometry": {"type": "LineString", "coordinates": [[-90.9159175, 15.173486], [-90.915717, 15.1734994]]}, "properties": {"osmid": "609025821", "oneway": "False", "lanes": NaN, "ref": NaN, "name": NaN, "highway": "tertiary", "maxspeed": NaN, "length": 21.569, "bridge": NaN, "tunnel": NaN, "access": NaN, "junction": NaN, "width": NaN, "est_width": NaN, "iri": 4.38000011444092}}, {"type": "Feature", "geometry": {"type": "LineString", "coordinates": [[-90.915717, 15.1734994], [-90.9155569, 15.1735553]]}, "properties": {"osmid": "609025821", "oneway": "False", "lanes": NaN, "ref": NaN, "name": NaN, "highway": "tertiary", "maxspeed": NaN, "length": 18.271, "bridge": NaN, "tunnel": NaN, "access": NaN, "junction": NaN, "width": NaN, "est_width": NaN, "iri": 4.38000011444092}}, {"type": "Feature", "geometry": {"type": "LineString", "coordinates": [[-90.9155569, 15.1735553], [-90.9153032, 15.1733818]]}, "properties": {"osmid": "609025821", "oneway": "False", "lanes": NaN, "ref": NaN, "name": NaN, "highway": "tertiary", "maxspeed": NaN, "length": 33.369, "bridge": NaN, "tunnel": NaN, "access": NaN, "junction": NaN, "width": NaN, "est_width": NaN, "iri": 4.38000011444092}}, {"type": "Feature", "geometry": {"type": "LineString", "coordinates": [[-90.9153032, 15.1733818], [-90.9147559, 15.1736755]]}, "properties": {"osmid": "609025821", "oneway": "False", "lanes": NaN, "ref": NaN, "name": NaN, "highway": "tertiary", "maxspeed": NaN, "length": 67.204, "bridge": NaN, "tunnel": NaN, "access": NaN, "junction": NaN, "width": NaN, "est_width": NaN, "iri": 4.38000011444092}}, {"type": "Feature", "geometry": {"type": "LineString", "coordinates": [[-90.9147559, 15.1736755], [-90.9143554, 15.1739024]]}, "properties": {"osmid": "609025821", "oneway": "False", "lanes": NaN, "ref": NaN, "name": NaN, "highway": "tertiary", "maxspeed": NaN, "length": 49.839, "bridge": NaN, "tunnel": NaN, "access": NaN, "junction": NaN, "width": NaN, "est_width": NaN, "iri": 4.38000011444092}}, {"type": "Feature", "geometry": {"type": "LineString", "coordinates": [[-90.9143554, 15.1739024], [-90.913421, 15.1740893]]}, "properties": {"osmid": "609025821", "oneway": "False", "lanes": NaN, "ref": NaN, "name": NaN, "highway": "tertiary", "maxspeed": NaN, "length": 102.409, "bridge": NaN, "tunnel": NaN, "access": NaN, "junction": NaN, "width": NaN, "est_width": NaN, "iri": 4.38000011444092}}, {"type": "Feature", "geometry": {"type": "LineString", "coordinates": [[-90.913421, 15.1740893], [-90.9118992, 15.1737956]]}, "properties": {"osmid": "609025821", "oneway": "False", "lanes": NaN, "ref": NaN, "name": NaN, "highway": "tertiary", "maxspeed": NaN, "length": 166.55, "bridge": NaN, "tunnel": NaN, "access": NaN, "junction": NaN, "width": NaN, "est_width": NaN, "iri": 4.38000011444092}}, {"type": "Feature", "geometry": {"type": "LineString", "coordinates": [[-90.9118992, 15.1737956], [-90.911699, 15.1734752]]}, "properties": {"osmid": "609025821", "oneway": "False", "lanes": NaN, "ref": NaN, "name": NaN, "highway": "tertiary", "maxspeed": NaN, "length": 41.604, "bridge": NaN, "tunnel": NaN, "access": NaN, "junction": NaN, "width": NaN, "est_width": NaN, "iri": 4.38000011444092}}, {"type": "Feature", "geometry": {"type": "LineString", "coordinates": [[-90.911699, 15.1734752], [-90.9112051, 15.1730214]]}, "properties": {"osmid": "609025821", "oneway": "False", "lanes": NaN, "ref": NaN, "name": NaN, "highway": "tertiary", "maxspeed": NaN, "length": 73.183, "bridge": NaN, "tunnel": NaN, "access": NaN, "junction": NaN, "width": NaN, "est_width": NaN, "iri": 4.38000011444092}}, {"type": "Feature", "geometry": {"type": "LineString", "coordinates": [[-90.9112051, 15.1730214], [-90.9111784, 15.172741]]}, "properties": {"osmid": "609025821", "oneway": "False", "lanes": NaN, "ref": NaN, "name": NaN, "highway": "tertiary", "maxspeed": NaN, "length": 31.31, "bridge": NaN, "tunnel": NaN, "access": NaN, "junction": NaN, "width": NaN, "est_width": NaN, "iri": 4.38000011444092}}, {"type": "Feature", "geometry": {"type": "LineString", "coordinates": [[-90.9111784, 15.172741], [-90.9109114, 15.1724207]]}, "properties": {"osmid": "609025821", "oneway": "False", "lanes": NaN, "ref": NaN, "name": NaN, "highway": "tertiary", "maxspeed": NaN, "length": 45.712, "bridge": NaN, "tunnel": NaN, "access": NaN, "junction": NaN, "width": NaN, "est_width": NaN, "iri": 4.38000011444092}}, {"type": "Feature", "geometry": {"type": "LineString", "coordinates": [[-90.9109114, 15.1724207], [-90.909633, 15.1725035]]}, "properties": {"osmid": "609025821", "oneway": "False", "lanes": NaN, "ref": NaN, "name": NaN, "highway": "tertiary", "maxspeed": NaN, "length": 137.505, "bridge": NaN, "tunnel": NaN, "access": NaN, "junction": NaN, "width": NaN, "est_width": NaN, "iri": 4.38000011444092}}, {"type": "Feature", "geometry": {"type": "LineString", "coordinates": [[-90.909633, 15.1725035], [-90.9041597, 15.1728581]]}, "properties": {"osmid": "609025821", "oneway": "False", "lanes": NaN, "ref": NaN, "name": NaN, "highway": "tertiary", "maxspeed": NaN, "length": 588.711, "bridge": NaN, "tunnel": NaN, "access": NaN, "junction": NaN, "width": NaN, "est_width": NaN, "iri": 4.38000011444092}}, {"type": "Feature", "geometry": {"type": "LineString", "coordinates": [[-90.9041597, 15.1728581], [-90.904064, 15.1729196]]}, "properties": {"osmid": "609025821", "oneway": "False", "lanes": NaN, "ref": NaN, "name": NaN, "highway": "tertiary", "maxspeed": NaN, "length": 12.339, "bridge": NaN, "tunnel": NaN, "access": NaN, "junction": NaN, "width": NaN, "est_width": NaN, "iri": 4.38000011444092}}, {"type": "Feature", "geometry": {"type": "LineString", "coordinates": [[-90.904064, 15.1729196], [-90.9040777, 15.1731588]]}, "properties": {"osmid": "609025821", "oneway": "False", "lanes": NaN, "ref": NaN, "name": NaN, "highway": "tertiary", "maxspeed": NaN, "length": 26.638, "bridge": NaN, "tunnel": NaN, "access": NaN, "junction": NaN, "width": NaN, "est_width": NaN, "iri": 4.38000011444092}}, {"type": "Feature", "geometry": {"type": "LineString", "coordinates": [[-90.9040777, 15.1731588], [-90.9041249, 15.1733379]]}, "properties": {"osmid": "609025821", "oneway": "False", "lanes": NaN, "ref": NaN, "name": NaN, "highway": "tertiary", "maxspeed": NaN, "length": 20.549, "bridge": NaN, "tunnel": NaN, "access": NaN, "junction": NaN, "width": NaN, "est_width": NaN, "iri": 4.38000011444092}}, {"type": "Feature", "geometry": {"type": "LineString", "coordinates": [[-90.9041249, 15.1733379], [-90.9042272, 15.1735664]]}, "properties": {"osmid": "609025821", "oneway": "False", "lanes": NaN, "ref": NaN, "name": NaN, "highway": "tertiary", "maxspeed": NaN, "length": 27.679, "bridge": NaN, "tunnel": NaN, "access": NaN, "junction": NaN, "width": NaN, "est_width": NaN, "iri": 4.38000011444092}}, {"type": "Feature", "geometry": {"type": "LineString", "coordinates": [[-90.9042272, 15.1735664], [-90.9042964, 15.1737284]]}, "properties": {"osmid": "609025821", "oneway": "False", "lanes": NaN, "ref": NaN, "name": NaN, "highway": "tertiary", "maxspeed": NaN, "length": 19.484, "bridge": NaN, "tunnel": NaN, "access": NaN, "junction": NaN, "width": NaN, "est_width": NaN, "iri": 4.38000011444092}}, {"type": "Feature", "geometry": {"type": "LineString", "coordinates": [[-90.9042964, 15.1737284], [-90.9043652, 15.1739303]]}, "properties": {"osmid": "609025821", "oneway": "False", "lanes": NaN, "ref": NaN, "name": NaN, "highway": "tertiary", "maxspeed": NaN, "length": 23.633, "bridge": NaN, "tunnel": NaN, "access": NaN, "junction": NaN, "width": NaN, "est_width": NaN, "iri": 4.38000011444092}}, {"type": "Feature", "geometry": {"type": "LineString", "coordinates": [[-90.9043652, 15.1739303], [-90.9043063, 15.1740417]]}, "properties": {"osmid": "609025821", "oneway": "False", "lanes": NaN, "ref": NaN, "name": NaN, "highway": "tertiary", "maxspeed": NaN, "length": 13.907, "bridge": NaN, "tunnel": NaN, "access": NaN, "junction": NaN, "width": NaN, "est_width": NaN, "iri": 4.38000011444092}}, {"type": "Feature", "geometry": {"type": "LineString", "coordinates": [[-90.9043063, 15.1740417], [-90.9037428, 15.1740473]]}, "properties": {"osmid": "609025821", "oneway": "False", "lanes": NaN, "ref": NaN, "name": NaN, "highway": "tertiary", "maxspeed": NaN, "length": 60.477, "bridge": NaN, "tunnel": NaN, "access": NaN, "junction": NaN, "width": NaN, "est_width": NaN, "iri": 4.38000011444092}}, {"type": "Feature", "geometry": {"type": "LineString", "coordinates": [[-90.9037428, 15.1740473], [-90.9033601, 15.1742318]]}, "properties": {"osmid": "609025821", "oneway": "False", "lanes": NaN, "ref": NaN, "name": NaN, "highway": "tertiary", "maxspeed": NaN, "length": 45.91, "bridge": NaN, "tunnel": NaN, "access": NaN, "junction": NaN, "width": NaN, "est_width": NaN, "iri": 4.38000011444092}}, {"type": "Feature", "geometry": {"type": "LineString", "coordinates": [[-90.9033601, 15.1742318], [-90.9032507, 15.1745257]]}, "properties": {"osmid": "609025821", "oneway": "False", "lanes": NaN, "ref": NaN, "name": NaN, "highway": "tertiary", "maxspeed": NaN, "length": 34.725, "bridge": NaN, "tunnel": NaN, "access": NaN, "junction": NaN, "width": NaN, "est_width": NaN, "iri": 4.38000011444092}}, {"type": "Feature", "geometry": {"type": "LineString", "coordinates": [[-90.9032507, 15.1745257], [-90.9030047, 15.1746556]]}, "properties": {"osmid": "609025821", "oneway": "False", "lanes": NaN, "ref": NaN, "name": NaN, "highway": "tertiary", "maxspeed": NaN, "length": 30.093, "bridge": NaN, "tunnel": NaN, "access": NaN, "junction": NaN, "width": NaN, "est_width": NaN, "iri": 4.38000011444092}}, {"type": "Feature", "geometry": {"type": "LineString", "coordinates": [[-90.9030047, 15.1746556], [-90.9021435, 15.1749085]]}, "properties": {"osmid": "609025821", "oneway": "False", "lanes": NaN, "ref": NaN, "name": NaN, "highway": "tertiary", "maxspeed": NaN, "length": 96.606, "bridge": NaN, "tunnel": NaN, "access": NaN, "junction": NaN, "width": NaN, "est_width": NaN, "iri": 4.38000011444092}}, {"type": "Feature", "geometry": {"type": "LineString", "coordinates": [[-90.9021435, 15.1749085], [-90.8987262, 15.1754826]]}, "properties": {"osmid": "609025821", "oneway": "False", "lanes": NaN, "ref": NaN, "name": NaN, "highway": "tertiary", "maxspeed": NaN, "length": 372.251, "bridge": NaN, "tunnel": NaN, "access": NaN, "junction": NaN, "width": NaN, "est_width": NaN, "iri": 4.38000011444092}}, {"type": "Feature", "geometry": {"type": "LineString", "coordinates": [[-90.8987262, 15.1754826], [-90.8981247, 15.1752639]]}, "properties": {"osmid": "609025821", "oneway": "False", "lanes": NaN, "ref": NaN, "name": NaN, "highway": "tertiary", "maxspeed": NaN, "length": 68.98, "bridge": NaN, "tunnel": NaN, "access": NaN, "junction": NaN, "width": NaN, "est_width": NaN, "iri": 4.38000011444092}}, {"type": "Feature", "geometry": {"type": "LineString", "coordinates": [[-90.8981247, 15.1752639], [-90.8975779, 15.1748948]]}, "properties": {"osmid": "609025821", "oneway": "False", "lanes": NaN, "ref": NaN, "name": NaN, "highway": "tertiary", "maxspeed": NaN, "length": 71.61, "bridge": NaN, "tunnel": NaN, "access": NaN, "junction": NaN, "width": NaN, "est_width": NaN, "iri": 4.38000011444092}}, {"type": "Feature", "geometry": {"type": "LineString", "coordinates": [[-90.8975779, 15.1748948], [-90.8941469, 15.1741088]]}, "properties": {"osmid": "609025821", "oneway": "False", "lanes": NaN, "ref": NaN, "name": NaN, "highway": "tertiary", "maxspeed": NaN, "length": 378.439, "bridge": NaN, "tunnel": NaN, "access": NaN, "junction": NaN, "width": NaN, "est_width": NaN, "iri": 4.38000011444092}}, {"type": "Feature", "geometry": {"type": "LineString", "coordinates": [[-90.8941469, 15.1741088], [-90.892985, 15.1740883]]}, "properties": {"osmid": "609025821", "oneway": "False", "lanes": NaN, "ref": NaN, "name": NaN, "highway": "tertiary", "maxspeed": NaN, "length": 124.714, "bridge": NaN, "tunnel": NaN, "access": NaN, "junction": NaN, "width": NaN, "est_width": NaN, "iri": 4.38000011444092}}, {"type": "Feature", "geometry": {"type": "LineString", "coordinates": [[-90.892985, 15.1740883], [-90.8926365, 15.1742182]]}, "properties": {"osmid": "609025821", "oneway": "False", "lanes": NaN, "ref": NaN, "name": NaN, "highway": "tertiary", "maxspeed": NaN, "length": 40.093, "bridge": NaN, "tunnel": NaN, "access": NaN, "junction": NaN, "width": NaN, "est_width": NaN, "iri": 4.38000011444092}}, {"type": "Feature", "geometry": {"type": "LineString", "coordinates": [[-90.8926365, 15.1742182], [-90.8920418, 15.1747376]]}, "properties": {"osmid": "609025821", "oneway": "False", "lanes": NaN, "ref": NaN, "name": NaN, "highway": "tertiary", "maxspeed": NaN, "length": 86.075, "bridge": NaN, "tunnel": NaN, "access": NaN, "junction": NaN, "width": NaN, "est_width": NaN, "iri": 4.38000011444092}}, {"type": "Feature", "geometry": {"type": "LineString", "coordinates": [[-90.8920418, 15.1747376], [-90.8916933, 15.1748743]]}, "properties": {"osmid": "609025821", "oneway": "False", "lanes": NaN, "ref": NaN, "name": NaN, "highway": "tertiary", "maxspeed": NaN, "length": 40.371, "bridge": NaN, "tunnel": NaN, "access": NaN, "junction": NaN, "width": NaN, "est_width": NaN, "iri": 4.38000011444092}}, {"type": "Feature", "geometry": {"type": "LineString", "coordinates": [[-90.8916933, 15.1748743], [-90.890422, 15.1748675]]}, "properties": {"osmid": "609025821", "oneway": "False", "lanes": NaN, "ref": NaN, "name": NaN, "highway": "tertiary", "maxspeed": NaN, "length": 136.435, "bridge": NaN, "tunnel": NaN, "access": NaN, "junction": NaN, "width": NaN, "est_width": NaN, "iri": 4.38000011444092}}, {"type": "Feature", "geometry": {"type": "LineString", "coordinates": [[-90.890422, 15.1748675], [-90.8901828, 15.1749221]]}, "properties": {"osmid": "609025821", "oneway": "False", "lanes": NaN, "ref": NaN, "name": NaN, "highway": "tertiary", "maxspeed": NaN, "length": 26.379, "bridge": NaN, "tunnel": NaN, "access": NaN, "junction": NaN, "width": NaN, "est_width": NaN, "iri": 4.38000011444092}}, {"type": "Feature", "geometry": {"type": "LineString", "coordinates": [[-90.8901828, 15.1749221], [-90.8891098, 15.175797]]}, "properties": {"osmid": "609025821", "oneway": "False", "lanes": NaN, "ref": NaN, "name": NaN, "highway": "tertiary", "maxspeed": NaN, "length": 150.746, "bridge": NaN, "tunnel": NaN, "access": NaN, "junction": NaN, "width": NaN, "est_width": NaN, "iri": 4.38000011444092}}, {"type": "Feature", "geometry": {"type": "LineString", "coordinates": [[-90.8891098, 15.175797], [-90.8881597, 15.1760909]]}, "properties": {"osmid": "609025821", "oneway": "False", "lanes": NaN, "ref": NaN, "name": NaN, "highway": "tertiary", "maxspeed": NaN, "length": 107.071, "bridge": NaN, "tunnel": NaN, "access": NaN, "junction": NaN, "width": NaN, "est_width": NaN, "iri": 4.38000011444092}}, {"type": "Feature", "geometry": {"type": "LineString", "coordinates": [[-90.8881597, 15.1760909], [-90.8877565, 15.17592]]}, "properties": {"osmid": "609025821", "oneway": "False", "lanes": NaN, "ref": NaN, "name": NaN, "highway": "tertiary", "maxspeed": NaN, "length": 47.259, "bridge": NaN, "tunnel": NaN, "access": NaN, "junction": NaN, "width": NaN, "est_width": NaN, "iri": 4.38000011444092}}, {"type": "Feature", "geometry": {"type": "LineString", "coordinates": [[-90.8877565, 15.17592], [-90.8872439, 15.17402]]}, "properties": {"osmid": "609025821", "oneway": "False", "lanes": NaN, "ref": NaN, "name": NaN, "highway": "tertiary", "maxspeed": NaN, "length": 218.315, "bridge": NaN, "tunnel": NaN, "access": NaN, "junction": NaN, "width": NaN, "est_width": NaN, "iri": 4.38000011444092}}, {"type": "Feature", "geometry": {"type": "LineString", "coordinates": [[-90.8872439, 15.17402], [-90.886786, 15.1733912]]}, "properties": {"osmid": "609025821", "oneway": "False", "lanes": NaN, "ref": NaN, "name": NaN, "highway": "tertiary", "maxspeed": NaN, "length": 85.461, "bridge": NaN, "tunnel": NaN, "access": NaN, "junction": NaN, "width": NaN, "est_width": NaN, "iri": 4.38000011444092}}, {"type": "Feature", "geometry": {"type": "LineString", "coordinates": [[-90.886786, 15.1733912], [-90.8867655, 15.1728512]]}, "properties": {"osmid": "609025821", "oneway": "False", "lanes": NaN, "ref": NaN, "name": NaN, "highway": "tertiary", "maxspeed": NaN, "length": 60.086, "bridge": NaN, "tunnel": NaN, "access": NaN, "junction": NaN, "width": NaN, "est_width": NaN, "iri": 4.38000011444092}}, {"type": "Feature", "geometry": {"type": "LineString", "coordinates": [[-90.8867655, 15.1728512], [-90.8869705, 15.1724958]]}, "properties": {"osmid": "609025821", "oneway": "False", "lanes": NaN, "ref": NaN, "name": NaN, "highway": "tertiary", "maxspeed": NaN, "length": 45.23, "bridge": NaN, "tunnel": NaN, "access": NaN, "junction": NaN, "width": NaN, "est_width": NaN, "iri": 4.38000011444092}}, {"type": "Feature", "geometry": {"type": "LineString", "coordinates": [[-90.8869705, 15.1724958], [-90.8871687, 15.1723181]]}, "properties": {"osmid": "609025821", "oneway": "False", "lanes": NaN, "ref": NaN, "name": NaN, "highway": "tertiary", "maxspeed": NaN, "length": 29.032, "bridge": NaN, "tunnel": NaN, "access": NaN, "junction": NaN, "width": NaN, "est_width": NaN, "iri": 4.38000011444092}}, {"type": "Feature", "geometry": {"type": "LineString", "coordinates": [[-90.8871687, 15.1723181], [-90.8874421, 15.1722361]]}, "properties": {"osmid": "609025821", "oneway": "False", "lanes": NaN, "ref": NaN, "name": NaN, "highway": "tertiary", "maxspeed": NaN, "length": 30.725, "bridge": NaN, "tunnel": NaN, "access": NaN, "junction": NaN, "width": NaN, "est_width": NaN, "iri": 4.38000011444092}}, {"type": "Feature", "geometry": {"type": "LineString", "coordinates": [[-90.8874421, 15.1722361], [-90.8876608, 15.1719149]]}, "properties": {"osmid": "609025821", "oneway": "False", "lanes": NaN, "ref": NaN, "name": NaN, "highway": "tertiary", "maxspeed": NaN, "length": 42.738, "bridge": NaN, "tunnel": NaN, "access": NaN, "junction": NaN, "width": NaN, "est_width": NaN, "iri": 4.38000011444092}}, {"type": "Feature", "geometry": {"type": "LineString", "coordinates": [[-90.8876608, 15.1719149], [-90.887613, 15.1716278]]}, "properties": {"osmid": "609025821", "oneway": "False", "lanes": NaN, "ref": NaN, "name": NaN, "highway": "tertiary", "maxspeed": NaN, "length": 32.334, "bridge": NaN, "tunnel": NaN, "access": NaN, "junction": NaN, "width": NaN, "est_width": NaN, "iri": 4.38000011444092}}, {"type": "Feature", "geometry": {"type": "LineString", "coordinates": [[-90.887613, 15.1716278], [-90.8876676, 15.1714296]]}, "properties": {"osmid": "609025821", "oneway": "False", "lanes": NaN, "ref": NaN, "name": NaN, "highway": "tertiary", "maxspeed": NaN, "length": 22.805, "bridge": NaN, "tunnel": NaN, "access": NaN, "junction": NaN, "width": NaN, "est_width": NaN, "iri": 4.38000011444092}}, {"type": "Feature", "geometry": {"type": "LineString", "coordinates": [[-90.8876676, 15.1714296], [-90.8877633, 15.1713613]]}, "properties": {"osmid": "609025821", "oneway": "False", "lanes": NaN, "ref": NaN, "name": NaN, "highway": "tertiary", "maxspeed": NaN, "length": 12.773, "bridge": NaN, "tunnel": NaN, "access": NaN, "junction": NaN, "width": NaN, "est_width": NaN, "iri": 4.38000011444092}}, {"type": "Feature", "geometry": {"type": "LineString", "coordinates": [[-90.8877633, 15.1713613], [-90.8879137, 15.1712656]]}, "properties": {"osmid": "609025821", "oneway": "False", "lanes": NaN, "ref": NaN, "name": NaN, "highway": "tertiary", "maxspeed": NaN, "length": 19.333, "bridge": NaN, "tunnel": NaN, "access": NaN, "junction": NaN, "width": NaN, "est_width": NaN, "iri": 4.38000011444092}}, {"type": "Feature", "geometry": {"type": "LineString", "coordinates": [[-90.8879137, 15.1712656], [-90.8879342, 15.1711357]]}, "properties": {"osmid": "609025821", "oneway": "False", "lanes": NaN, "ref": NaN, "name": NaN, "highway": "tertiary", "maxspeed": NaN, "length": 14.611, "bridge": NaN, "tunnel": NaN, "access": NaN, "junction": NaN, "width": NaN, "est_width": NaN, "iri": 4.38000011444092}}, {"type": "Feature", "geometry": {"type": "LineString", "coordinates": [[-90.8879342, 15.1711357], [-90.8879, 15.1709717]]}, "properties": {"osmid": "609025821", "oneway": "False", "lanes": NaN, "ref": NaN, "name": NaN, "highway": "tertiary", "maxspeed": NaN, "length": 18.602, "bridge": NaN, "tunnel": NaN, "access": NaN, "junction": NaN, "width": NaN, "est_width": NaN, "iri": 4.38000011444092}}, {"type": "Feature", "geometry": {"type": "LineString", "coordinates": [[-90.8879, 15.1709717], [-90.8875651, 15.1705138]]}, "properties": {"osmid": "609025821", "oneway": "False", "lanes": NaN, "ref": NaN, "name": NaN, "highway": "tertiary", "maxspeed": NaN, "length": 62.324, "bridge": NaN, "tunnel": NaN, "access": NaN, "junction": NaN, "width": NaN, "est_width": NaN, "iri": 4.38000011444092}}, {"type": "Feature", "geometry": {"type": "LineString", "coordinates": [[-90.8875651, 15.1705138], [-90.8872781, 15.1702677]]}, "properties": {"osmid": "609025821", "oneway": "False", "lanes": NaN, "ref": NaN, "name": NaN, "highway": "tertiary", "maxspeed": NaN, "length": 41.201, "bridge": NaN, "tunnel": NaN, "access": NaN, "junction": NaN, "width": NaN, "est_width": NaN, "iri": 4.38000011444092}}, {"type": "Feature", "geometry": {"type": "LineString", "coordinates": [[-90.8872781, 15.1702677], [-90.8869295, 15.1701652]]}, "properties": {"osmid": "609025821", "oneway": "False", "lanes": NaN, "ref": NaN, "name": NaN, "highway": "tertiary", "maxspeed": NaN, "length": 39.109, "bridge": NaN, "tunnel": NaN, "access": NaN, "junction": NaN, "width": NaN, "est_width": NaN, "iri": 4.38000011444092}}, {"type": "Feature", "geometry": {"type": "LineString", "coordinates": [[-90.8869295, 15.1701652], [-90.8864579, 15.1701379]]}, "properties": {"osmid": "609025821", "oneway": "False", "lanes": NaN, "ref": NaN, "name": NaN, "highway": "tertiary", "maxspeed": NaN, "length": 50.703, "bridge": NaN, "tunnel": NaN, "access": NaN, "junction": NaN, "width": NaN, "est_width": NaN, "iri": 4.38000011444092}}, {"type": "Feature", "geometry": {"type": "LineString", "coordinates": [[-90.8864579, 15.1701379], [-90.8860137, 15.1702541]]}, "properties": {"osmid": "609025821", "oneway": "False", "lanes": NaN, "ref": NaN, "name": NaN, "highway": "tertiary", "maxspeed": NaN, "length": 49.392, "bridge": NaN, "tunnel": NaN, "access": NaN, "junction": NaN, "width": NaN, "est_width": NaN, "iri": 4.38000011444092}}, {"type": "Feature", "geometry": {"type": "LineString", "coordinates": [[-90.8860137, 15.1702541], [-90.8854464, 15.1701925]]}, "properties": {"osmid": "609025821", "oneway": "False", "lanes": NaN, "ref": NaN, "name": NaN, "highway": "tertiary", "maxspeed": NaN, "length": 61.267, "bridge": NaN, "tunnel": NaN, "access": NaN, "junction": NaN, "width": NaN, "est_width": NaN, "iri": 4.38000011444092}}, {"type": "Feature", "geometry": {"type": "LineString", "coordinates": [[-90.8854464, 15.1701925], [-90.8838129, 15.1690717]]}, "properties": {"osmid": "609025821", "oneway": "False", "lanes": NaN, "ref": NaN, "name": NaN, "highway": "tertiary", "maxspeed": NaN, "length": 215.093, "bridge": NaN, "tunnel": NaN, "access": NaN, "junction": NaN, "width": NaN, "est_width": NaN, "iri": 4.38000011444092}}, {"type": "Feature", "geometry": {"type": "LineString", "coordinates": [[-90.8838129, 15.1690717], [-90.8836215, 15.1685386]]}, "properties": {"osmid": "609025821", "oneway": "False", "lanes": NaN, "ref": NaN, "name": NaN, "highway": "tertiary", "maxspeed": NaN, "length": 62.736, "bridge": NaN, "tunnel": NaN, "access": NaN, "junction": NaN, "width": NaN, "est_width": NaN, "iri": 4.38000011444092}}, {"type": "Feature", "geometry": {"type": "LineString", "coordinates": [[-90.8836215, 15.1685386], [-90.8831021, 15.1679234]]}, "properties": {"osmid": "609025821", "oneway": "False", "lanes": NaN, "ref": NaN, "name": NaN, "highway": "tertiary", "maxspeed": NaN, "length": 88.243, "bridge": NaN, "tunnel": NaN, "access": NaN, "junction": NaN, "width": NaN, "est_width": NaN, "iri": 4.38000011444092}}, {"type": "Feature", "geometry": {"type": "LineString", "coordinates": [[-90.8831021, 15.1679234], [-90.8832388, 15.1677799]]}, "properties": {"osmid": "609025821", "oneway": "False", "lanes": NaN, "ref": NaN, "name": NaN, "highway": "tertiary", "maxspeed": NaN, "length": 21.676, "bridge": NaN, "tunnel": NaN, "access": NaN, "junction": NaN, "width": NaN, "est_width": NaN, "iri": 4.38000011444092}}, {"type": "Feature", "geometry": {"type": "LineString", "coordinates": [[-90.8832388, 15.1677799], [-90.8840384, 15.1680875]]}, "properties": {"osmid": "609025821", "oneway": "False", "lanes": NaN, "ref": NaN, "name": NaN, "highway": "tertiary", "maxspeed": NaN, "length": 92.379, "bridge": NaN, "tunnel": NaN, "access": NaN, "junction": NaN, "width": NaN, "est_width": NaN, "iri": 4.38000011444092}}, {"type": "Feature", "geometry": {"type": "LineString", "coordinates": [[-90.8840384, 15.1680875], [-90.8849133, 15.1675339]]}, "properties": {"osmid": "609025821", "oneway": "False", "lanes": NaN, "ref": NaN, "name": NaN, "highway": "tertiary", "maxspeed": NaN, "length": 112.275, "bridge": NaN, "tunnel": NaN, "access": NaN, "junction": NaN, "width": NaN, "est_width": NaN, "iri": 4.38000011444092}}, {"type": "Feature", "geometry": {"type": "LineString", "coordinates": [[-90.8849133, 15.1675339], [-90.8849611, 15.1673288]]}, "properties": {"osmid": "609025821", "oneway": "False", "lanes": NaN, "ref": NaN, "name": NaN, "highway": "tertiary", "maxspeed": NaN, "length": 23.376, "bridge": NaN, "tunnel": NaN, "access": NaN, "junction": NaN, "width": NaN, "est_width": NaN, "iri": 4.38000011444092}}, {"type": "Feature", "geometry": {"type": "LineString", "coordinates": [[-90.8849611, 15.1673288], [-90.8846672, 15.1672741]]}, "properties": {"osmid": "609025821", "oneway": "False", "lanes": NaN, "ref": NaN, "name": NaN, "highway": "tertiary", "maxspeed": NaN, "length": 32.123, "bridge": NaN, "tunnel": NaN, "access": NaN, "junction": NaN, "width": NaN, "est_width": NaN, "iri": 4.38000011444092}}, {"type": "Feature", "geometry": {"type": "LineString", "coordinates": [[-90.8846672, 15.1672741], [-90.8845169, 15.1671375]]}, "properties": {"osmid": "609025821", "oneway": "False", "lanes": NaN, "ref": NaN, "name": NaN, "highway": "tertiary", "maxspeed": NaN, "length": 22.156, "bridge": NaN, "tunnel": NaN, "access": NaN, "junction": NaN, "width": NaN, "est_width": NaN, "iri": 4.38000011444092}}, {"type": "Feature", "geometry": {"type": "LineString", "coordinates": [[-90.8845169, 15.1671375], [-90.8847082, 15.1670759]]}, "properties": {"osmid": "609025821", "oneway": "False", "lanes": NaN, "ref": NaN, "name": NaN, "highway": "tertiary", "maxspeed": NaN, "length": 21.643, "bridge": NaN, "tunnel": NaN, "access": NaN, "junction": NaN, "width": NaN, "est_width": NaN, "iri": 4.38000011444092}}, {"type": "Feature", "geometry": {"type": "LineString", "coordinates": [[-90.8847082, 15.1670759], [-90.8846946, 15.1669051]]}, "properties": {"osmid": "609025821", "oneway": "False", "lanes": NaN, "ref": NaN, "name": NaN, "highway": "tertiary", "maxspeed": NaN, "length": 19.048, "bridge": NaN, "tunnel": NaN, "access": NaN, "junction": NaN, "width": NaN, "est_width": NaN, "iri": 4.38000011444092}}, {"type": "Feature", "geometry": {"type": "LineString", "coordinates": [[-90.8846946, 15.1669051], [-90.884592, 15.1666317]]}, "properties": {"osmid": "609025821", "oneway": "False", "lanes": NaN, "ref": NaN, "name": NaN, "highway": "tertiary", "maxspeed": NaN, "length": 32.333, "bridge": NaN, "tunnel": NaN, "access": NaN, "junction": NaN, "width": NaN, "est_width": NaN, "iri": 4.38000011444092}}, {"type": "Feature", "geometry": {"type": "LineString", "coordinates": [[-90.884592, 15.1666317], [-90.8841683, 15.1661191]]}, "properties": {"osmid": "609025821", "oneway": "False", "lanes": NaN, "ref": NaN, "name": NaN, "highway": "tertiary", "maxspeed": NaN, "length": 72.915, "bridge": NaN, "tunnel": NaN, "access": NaN, "junction": NaN, "width": NaN, "est_width": NaN, "iri": 4.38000011444092}}, {"type": "Feature", "geometry": {"type": "LineString", "coordinates": [[-90.8841683, 15.1661191], [-90.8841068, 15.1659277]]}, "properties": {"osmid": "609025821", "oneway": "False", "lanes": NaN, "ref": NaN, "name": NaN, "highway": "tertiary", "maxspeed": NaN, "length": 22.283, "bridge": NaN, "tunnel": NaN, "access": NaN, "junction": NaN, "width": NaN, "est_width": NaN, "iri": 4.38000011444092}}, {"type": "Feature", "geometry": {"type": "LineString", "coordinates": [[-90.8841068, 15.1659277], [-90.8840521, 15.1655928]]}, "properties": {"osmid": "609025821", "oneway": "False", "lanes": NaN, "ref": NaN, "name": NaN, "highway": "tertiary", "maxspeed": NaN, "length": 37.699, "bridge": NaN, "tunnel": NaN, "access": NaN, "junction": NaN, "width": NaN, "est_width": NaN, "iri": 4.38000011444092}}, {"type": "Feature", "geometry": {"type": "LineString", "coordinates": [[-90.8840521, 15.1655928], [-90.8842708, 15.1644924]]}, "properties": {"osmid": "609025821", "oneway": "False", "lanes": NaN, "ref": NaN, "name": NaN, "highway": "tertiary", "maxspeed": NaN, "length": 124.59, "bridge": NaN, "tunnel": NaN, "access": NaN, "junction": NaN, "width": NaN, "est_width": NaN, "iri": 4.38000011444092}}, {"type": "Feature", "geometry": {"type": "LineString", "coordinates": [[-90.8842708, 15.1644924], [-90.8846057, 15.1642395]]}, "properties": {"osmid": "609025821", "oneway": "False", "lanes": NaN, "ref": NaN, "name": NaN, "highway": "tertiary", "maxspeed": NaN, "length": 45.636, "bridge": NaN, "tunnel": NaN, "access": NaN, "junction": NaN, "width": NaN, "est_width": NaN, "iri": 4.38000011444092}}, {"type": "Feature", "geometry": {"type": "LineString", "coordinates": [[-90.8846057, 15.1642395], [-90.885173, 15.1642737]]}, "properties": {"osmid": "609025821", "oneway": "False", "lanes": NaN, "ref": NaN, "name": NaN, "highway": "tertiary", "maxspeed": NaN, "length": 61.003, "bridge": NaN, "tunnel": NaN, "access": NaN, "junction": NaN, "width": NaN, "est_width": NaN, "iri": 4.38000011444092}}, {"type": "Feature", "geometry": {"type": "LineString", "coordinates": [[-90.885173, 15.1642737], [-90.8854942, 15.1641165]]}, "properties": {"osmid": "609025821", "oneway": "False", "lanes": NaN, "ref": NaN, "name": NaN, "highway": "tertiary", "maxspeed": NaN, "length": 38.651, "bridge": NaN, "tunnel": NaN, "access": NaN, "junction": NaN, "width": NaN, "est_width": NaN, "iri": 4.38000011444092}}, {"type": "Feature", "geometry": {"type": "LineString", "coordinates": [[-90.8854942, 15.1641165], [-90.8862665, 15.1620661]]}, "properties": {"osmid": "609025821", "oneway": "False", "lanes": NaN, "ref": NaN, "name": NaN, "highway": "tertiary", "maxspeed": NaN, "length": 242.593, "bridge": NaN, "tunnel": NaN, "access": NaN, "junction": NaN, "width": NaN, "est_width": NaN, "iri": 4.38000011444092}}, {"type": "Feature", "geometry": {"type": "LineString", "coordinates": [[-90.8862665, 15.1620661], [-90.8860752, 15.1617244]]}, "properties": {"osmid": "609025821", "oneway": "False", "lanes": NaN, "ref": NaN, "name": NaN, "highway": "tertiary", "maxspeed": NaN, "length": 43.188, "bridge": NaN, "tunnel": NaN, "access": NaN, "junction": NaN, "width": NaN, "est_width": NaN, "iri": 4.38000011444092}}, {"type": "Feature", "geometry": {"type": "LineString", "coordinates": [[-90.8860752, 15.1617244], [-90.8857881, 15.1617381]]}, "properties": {"osmid": "609025821", "oneway": "False", "lanes": NaN, "ref": NaN, "name": NaN, "highway": "tertiary", "maxspeed": NaN, "length": 30.851, "bridge": NaN, "tunnel": NaN, "access": NaN, "junction": NaN, "width": NaN, "est_width": NaN, "iri": 4.38000011444092}}, {"type": "Feature", "geometry": {"type": "LineString", "coordinates": [[-90.8857881, 15.1617381], [-90.8856241, 15.1614715]]}, "properties": {"osmid": "609025821", "oneway": "False", "lanes": NaN, "ref": NaN, "name": NaN, "highway": "tertiary", "maxspeed": NaN, "length": 34.476, "bridge": NaN, "tunnel": NaN, "access": NaN, "junction": NaN, "width": NaN, "est_width": NaN, "iri": 4.38000011444092}}, {"type": "Feature", "geometry": {"type": "LineString", "coordinates": [[-90.8856241, 15.1614715], [-90.8857471, 15.1606377]]}, "properties": {"osmid": "609025821", "oneway": "False", "lanes": NaN, "ref": NaN, "name": NaN, "highway": "tertiary", "maxspeed": NaN, "length": 93.65, "bridge": NaN, "tunnel": NaN, "access": NaN, "junction": NaN, "width": NaN, "est_width": NaN, "iri": 4.38000011444092}}, {"type": "Feature", "geometry": {"type": "LineString", "coordinates": [[-90.8857471, 15.1606377], [-90.8859248, 15.1602959]]}, "properties": {"osmid": "609025821", "oneway": "False", "lanes": NaN, "ref": NaN, "name": NaN, "highway": "tertiary", "maxspeed": NaN, "length": 42.523, "bridge": NaN, "tunnel": NaN, "access": NaN, "junction": NaN, "width": NaN, "est_width": NaN, "iri": 4.38000011444092}}, {"type": "Feature", "geometry": {"type": "LineString", "coordinates": [[-90.8859248, 15.1602959], [-90.8858291, 15.1598722]]}, "properties": {"osmid": "609025821", "oneway": "False", "lanes": NaN, "ref": NaN, "name": NaN, "highway": "tertiary", "maxspeed": NaN, "length": 48.22, "bridge": NaN, "tunnel": NaN, "access": NaN, "junction": NaN, "width": NaN, "est_width": NaN, "iri": 4.38000011444092}}, {"type": "Feature", "geometry": {"type": "LineString", "coordinates": [[-90.8858291, 15.1598722], [-90.8854737, 15.1597628]]}, "properties": {"osmid": "609025821", "oneway": "False", "lanes": NaN, "ref": NaN, "name": NaN, "highway": "tertiary", "maxspeed": NaN, "length": 40.036, "bridge": NaN, "tunnel": NaN, "access": NaN, "junction": NaN, "width": NaN, "est_width": NaN, "iri": 4.38000011444092}}, {"type": "Feature", "geometry": {"type": "LineString", "coordinates": [[-90.8854737, 15.1597628], [-90.8850841, 15.1593459]]}, "properties": {"osmid": "609025821", "oneway": "False", "lanes": NaN, "ref": NaN, "name": NaN, "highway": "tertiary", "maxspeed": NaN, "length": 62.429, "bridge": NaN, "tunnel": NaN, "access": NaN, "junction": NaN, "width": NaN, "est_width": NaN, "iri": 4.38000011444092}}, {"type": "Feature", "geometry": {"type": "LineString", "coordinates": [[-90.8850841, 15.1593459], [-90.8849064, 15.1581909]]}, "properties": {"osmid": "609025821", "oneway": "False", "lanes": NaN, "ref": NaN, "name": NaN, "highway": "tertiary", "maxspeed": NaN, "length": 129.839, "bridge": NaN, "tunnel": NaN, "access": NaN, "junction": NaN, "width": NaN, "est_width": NaN, "iri": 4.38000011444092}}, {"type": "Feature", "geometry": {"type": "LineString", "coordinates": [[-90.8849064, 15.1581909], [-90.8849605, 15.157895]]}, "properties": {"osmid": "609025821", "oneway": "False", "lanes": NaN, "ref": NaN, "name": NaN, "highway": "tertiary", "maxspeed": NaN, "length": 33.411, "bridge": NaN, "tunnel": NaN, "access": NaN, "junction": NaN, "width": NaN, "est_width": NaN, "iri": 4.38000011444092}}, {"type": "Feature", "geometry": {"type": "LineString", "coordinates": [[-90.8849605, 15.157895], [-90.8851075, 15.1577375]]}, "properties": {"osmid": "609025821", "oneway": "False", "lanes": NaN, "ref": NaN, "name": NaN, "highway": "tertiary", "maxspeed": NaN, "length": 23.572, "bridge": NaN, "tunnel": NaN, "access": NaN, "junction": NaN, "width": NaN, "est_width": NaN, "iri": 4.38000011444092}}, {"type": "Feature", "geometry": {"type": "LineString", "coordinates": [[-90.8851075, 15.1577375], [-90.8854784, 15.1574821]]}, "properties": {"osmid": "609025821", "oneway": "False", "lanes": NaN, "ref": NaN, "name": NaN, "highway": "tertiary", "maxspeed": NaN, "length": 48.899, "bridge": NaN, "tunnel": NaN, "access": NaN, "junction": NaN, "width": NaN, "est_width": NaN, "iri": 4.38000011444092}}, {"type": "Feature", "geometry": {"type": "LineString", "coordinates": [[-90.8854784, 15.1574821], [-90.8857024, 15.1573876]]}, "properties": {"osmid": "609025821", "oneway": "False", "lanes": NaN, "ref": NaN, "name": NaN, "highway": "tertiary", "maxspeed": NaN, "length": 26.237, "bridge": NaN, "tunnel": NaN, "access": NaN, "junction": NaN, "width": NaN, "est_width": NaN, "iri": 4.38000011444092}}, {"type": "Feature", "geometry": {"type": "LineString", "coordinates": [[-90.8857024, 15.1573876], [-90.8857024, 15.1573071]]}, "properties": {"osmid": "609025821", "oneway": "False", "lanes": NaN, "ref": NaN, "name": NaN, "highway": "tertiary", "maxspeed": NaN, "length": 8.951, "bridge": NaN, "tunnel": NaN, "access": NaN, "junction": NaN, "width": NaN, "est_width": NaN, "iri": 4.38000011444092}}, {"type": "Feature", "geometry": {"type": "LineString", "coordinates": [[-90.8857024, 15.1573071], [-90.8856219, 15.1572371]]}, "properties": {"osmid": "609025821", "oneway": "False", "lanes": NaN, "ref": NaN, "name": NaN, "highway": "tertiary", "maxspeed": NaN, "length": 11.629, "bridge": NaN, "tunnel": NaN, "access": NaN, "junction": NaN, "width": NaN, "est_width": NaN, "iri": 4.38000011444092}}, {"type": "Feature", "geometry": {"type": "LineString", "coordinates": [[-90.8856219, 15.1572371], [-90.8850725, 15.1571461]]}, "properties": {"osmid": "609025821", "oneway": "False", "lanes": NaN, "ref": NaN, "name": NaN, "highway": "tertiary", "maxspeed": NaN, "length": 59.827, "bridge": NaN, "tunnel": NaN, "access": NaN, "junction": NaN, "width": NaN, "est_width": NaN, "iri": 4.38000011444092}}, {"type": "Feature", "geometry": {"type": "LineString", "coordinates": [[-90.8850725, 15.1571461], [-90.8848905, 15.1571846]]}, "properties": {"osmid": "609025821", "oneway": "False", "lanes": NaN, "ref": NaN, "name": NaN, "highway": "tertiary", "maxspeed": NaN, "length": 19.997, "bridge": NaN, "tunnel": NaN, "access": NaN, "junction": NaN, "width": NaN, "est_width": NaN, "iri": 4.38000011444092}}, {"type": "Feature", "geometry": {"type": "LineString", "coordinates": [[-90.8848905, 15.1571846], [-90.8847225, 15.1571671]]}, "properties": {"osmid": "609025821", "oneway": "False", "lanes": NaN, "ref": NaN, "name": NaN, "highway": "tertiary", "maxspeed": NaN, "length": 18.136, "bridge": NaN, "tunnel": NaN, "access": NaN, "junction": NaN, "width": NaN, "est_width": NaN, "iri": 4.38000011444092}}, {"type": "Feature", "geometry": {"type": "LineString", "coordinates": [[-90.8847225, 15.1571671], [-90.8844916, 15.1570306]]}, "properties": {"osmid": "609025821", "oneway": "False", "lanes": NaN, "ref": NaN, "name": NaN, "highway": "tertiary", "maxspeed": NaN, "length": 29.06, "bridge": NaN, "tunnel": NaN, "access": NaN, "junction": NaN, "width": NaN, "est_width": NaN, "iri": 4.38000011444092}}, {"type": "Feature", "geometry": {"type": "LineString", "coordinates": [[-90.8844916, 15.1570306], [-90.8841976, 15.1569817]]}, "properties": {"osmid": "609025821", "oneway": "False", "lanes": NaN, "ref": NaN, "name": NaN, "highway": "tertiary", "maxspeed": NaN, "length": 32.019, "bridge": NaN, "tunnel": NaN, "access": NaN, "junction": NaN, "width": NaN, "est_width": NaN, "iri": 4.38000011444092}}, {"type": "Feature", "geometry": {"type": "LineString", "coordinates": [[-90.8841976, 15.1569817], [-90.8839317, 15.1571321]]}, "properties": {"osmid": "609025821", "oneway": "False", "lanes": NaN, "ref": NaN, "name": NaN, "highway": "tertiary", "maxspeed": NaN, "length": 33.077, "bridge": NaN, "tunnel": NaN, "access": NaN, "junction": NaN, "width": NaN, "est_width": NaN, "iri": 4.38000011444092}}, {"type": "Feature", "geometry": {"type": "LineString", "coordinates": [[-90.8839317, 15.1571321], [-90.8839387, 15.1572056]]}, "properties": {"osmid": "609025821", "oneway": "False", "lanes": NaN, "ref": NaN, "name": NaN, "highway": "tertiary", "maxspeed": NaN, "length": 8.207, "bridge": NaN, "tunnel": NaN, "access": NaN, "junction": NaN, "width": NaN, "est_width": NaN, "iri": 4.38000011444092}}, {"type": "Feature", "geometry": {"type": "LineString", "coordinates": [[-90.8839387, 15.1572056], [-90.8837357, 15.1574086]]}, "properties": {"osmid": "609025821", "oneway": "False", "lanes": NaN, "ref": NaN, "name": NaN, "highway": "tertiary", "maxspeed": NaN, "length": 31.372, "bridge": NaN, "tunnel": NaN, "access": NaN, "junction": NaN, "width": NaN, "est_width": NaN, "iri": 4.38000011444092}}, {"type": "Feature", "geometry": {"type": "LineString", "coordinates": [[-90.8837357, 15.1574086], [-90.8832808, 15.1574646]]}, "properties": {"osmid": "609025821", "oneway": "False", "lanes": NaN, "ref": NaN, "name": NaN, "highway": "tertiary", "maxspeed": NaN, "length": 49.218, "bridge": NaN, "tunnel": NaN, "access": NaN, "junction": NaN, "width": NaN, "est_width": NaN, "iri": 4.38000011444092}}, {"type": "Feature", "geometry": {"type": "LineString", "coordinates": [[-90.8832808, 15.1574646], [-90.8828469, 15.1574436]]}, "properties": {"osmid": "609025821", "oneway": "False", "lanes": NaN, "ref": NaN, "name": NaN, "highway": "tertiary", "maxspeed": NaN, "length": 46.628, "bridge": NaN, "tunnel": NaN, "access": NaN, "junction": NaN, "width": NaN, "est_width": NaN, "iri": 4.38000011444092}}, {"type": "Feature", "geometry": {"type": "LineString", "coordinates": [[-90.8828469, 15.1574436], [-90.8826194, 15.1575835]]}, "properties": {"osmid": "609025821", "oneway": "False", "lanes": NaN, "ref": NaN, "name": NaN, "highway": "tertiary", "maxspeed": NaN, "length": 28.951, "bridge": NaN, "tunnel": NaN, "access": NaN, "junction": NaN, "width": NaN, "est_width": NaN, "iri": 4.38000011444092}}, {"type": "Feature", "geometry": {"type": "LineString", "coordinates": [[-90.8826194, 15.1575835], [-90.8824585, 15.1576465]]}, "properties": {"osmid": "609025821", "oneway": "False", "lanes": NaN, "ref": NaN, "name": NaN, "highway": "tertiary", "maxspeed": NaN, "length": 18.636, "bridge": NaN, "tunnel": NaN, "access": NaN, "junction": NaN, "width": NaN, "est_width": NaN, "iri": 4.38000011444092}}, {"type": "Feature", "geometry": {"type": "LineString", "coordinates": [[-90.8824585, 15.1576465], [-90.8821225, 15.1575485]]}, "properties": {"osmid": "609025821", "oneway": "False", "lanes": NaN, "ref": NaN, "name": NaN, "highway": "tertiary", "maxspeed": NaN, "length": 37.672, "bridge": NaN, "tunnel": NaN, "access": NaN, "junction": NaN, "width": NaN, "est_width": NaN, "iri": 4.38000011444092}}, {"type": "Feature", "geometry": {"type": "LineString", "coordinates": [[-90.8821225, 15.1575485], [-90.8819336, 15.1574261]]}, "properties": {"osmid": "609025821", "oneway": "False", "lanes": NaN, "ref": NaN, "name": NaN, "highway": "tertiary", "maxspeed": NaN, "length": 24.419, "bridge": NaN, "tunnel": NaN, "access": NaN, "junction": NaN, "width": NaN, "est_width": NaN, "iri": 4.38000011444092}}, {"type": "Feature", "geometry": {"type": "LineString", "coordinates": [[-90.8819336, 15.1574261], [-90.8817551, 15.1571951]]}, "properties": {"osmid": "609025821", "oneway": "False", "lanes": NaN, "ref": NaN, "name": NaN, "highway": "tertiary", "maxspeed": NaN, "length": 32.044, "bridge": NaN, "tunnel": NaN, "access": NaN, "junction": NaN, "width": NaN, "est_width": NaN, "iri": 4.38000011444092}}, {"type": "Feature", "geometry": {"type": "LineString", "coordinates": [[-90.8817551, 15.1571951], [-90.8816326, 15.1572371]]}, "properties": {"osmid": "609025821", "oneway": "False", "lanes": NaN, "ref": NaN, "name": NaN, "highway": "tertiary", "maxspeed": NaN, "length": 13.952, "bridge": NaN, "tunnel": NaN, "access": NaN, "junction": NaN, "width": NaN, "est_width": NaN, "iri": 4.38000011444092}}, {"type": "Feature", "geometry": {"type": "LineString", "coordinates": [[-90.8816326, 15.1572371], [-90.8815136, 15.1573386]]}, "properties": {"osmid": "609025821", "oneway": "False", "lanes": NaN, "ref": NaN, "name": NaN, "highway": "tertiary", "maxspeed": NaN, "length": 17.044, "bridge": NaN, "tunnel": NaN, "access": NaN, "junction": NaN, "width": NaN, "est_width": NaN, "iri": 4.38000011444092}}, {"type": "Feature", "geometry": {"type": "LineString", "coordinates": [[-90.8815136, 15.1573386], [-90.8813982, 15.157643]]}, "properties": {"osmid": "609025821", "oneway": "False", "lanes": NaN, "ref": NaN, "name": NaN, "highway": "tertiary", "maxspeed": NaN, "length": 36.043, "bridge": NaN, "tunnel": NaN, "access": NaN, "junction": NaN, "width": NaN, "est_width": NaN, "iri": 4.38000011444092}}, {"type": "Feature", "geometry": {"type": "LineString", "coordinates": [[-90.8813982, 15.157643], [-90.8811742, 15.157888]]}, "properties": {"osmid": "609025821", "oneway": "False", "lanes": NaN, "ref": NaN, "name": NaN, "highway": "tertiary", "maxspeed": NaN, "length": 36.334, "bridge": NaN, "tunnel": NaN, "access": NaN, "junction": NaN, "width": NaN, "est_width": NaN, "iri": 4.38000011444092}}, {"type": "Feature", "geometry": {"type": "LineString", "coordinates": [[-90.8811742, 15.157888], [-90.8811392, 15.1581749]]}, "properties": {"osmid": "609025821", "oneway": "False", "lanes": NaN, "ref": NaN, "name": NaN, "highway": "tertiary", "maxspeed": NaN, "length": 32.122, "bridge": NaN, "tunnel": NaN, "access": NaN, "junction": NaN, "width": NaN, "est_width": NaN, "iri": 4.38000011444092}}, {"type": "Feature", "geometry": {"type": "LineString", "coordinates": [[-90.8811392, 15.1581749], [-90.8811532, 15.1584759]]}, "properties": {"osmid": "609025821", "oneway": "False", "lanes": NaN, "ref": NaN, "name": NaN, "highway": "tertiary", "maxspeed": NaN, "length": 33.503, "bridge": NaN, "tunnel": NaN, "access": NaN, "junction": NaN, "width": NaN, "est_width": NaN, "iri": 4.38000011444092}}, {"type": "Feature", "geometry": {"type": "LineString", "coordinates": [[-90.8811532, 15.1584759], [-90.8809082, 15.1587978]]}, "properties": {"osmid": "609025821", "oneway": "False", "lanes": NaN, "ref": NaN, "name": NaN, "highway": "tertiary", "maxspeed": NaN, "length": 44.414, "bridge": NaN, "tunnel": NaN, "access": NaN, "junction": NaN, "width": NaN, "est_width": NaN, "iri": 4.38000011444092}}, {"type": "Feature", "geometry": {"type": "LineString", "coordinates": [[-90.8809082, 15.1587978], [-90.8807123, 15.1588328]]}, "properties": {"osmid": "609025821", "oneway": "False", "lanes": NaN, "ref": NaN, "name": NaN, "highway": "tertiary", "maxspeed": NaN, "length": 21.382, "bridge": NaN, "tunnel": NaN, "access": NaN, "junction": NaN, "width": NaN, "est_width": NaN, "iri": 4.38000011444092}}, {"type": "Feature", "geometry": {"type": "LineString", "coordinates": [[-90.8807123, 15.1588328], [-90.8804603, 15.1588013]]}, "properties": {"osmid": "609025821", "oneway": "False", "lanes": NaN, "ref": NaN, "name": NaN, "highway": "tertiary", "maxspeed": NaN, "length": 27.272, "bridge": NaN, "tunnel": NaN, "access": NaN, "junction": NaN, "width": NaN, "est_width": NaN, "iri": 4.38000011444092}}, {"type": "Feature", "geometry": {"type": "LineString", "coordinates": [[-90.8804603, 15.1588013], [-90.8801734, 15.1585109]]}, "properties": {"osmid": "609025821", "oneway": "False", "lanes": NaN, "ref": NaN, "name": NaN, "highway": "tertiary", "maxspeed": NaN, "length": 44.619, "bridge": NaN, "tunnel": NaN, "access": NaN, "junction": NaN, "width": NaN, "est_width": NaN, "iri": 4.38000011444092}}, {"type": "Feature", "geometry": {"type": "LineString", "coordinates": [[-90.8801734, 15.1585109], [-90.8798514, 15.1584094]]}, "properties": {"osmid": "609025821", "oneway": "False", "lanes": NaN, "ref": NaN, "name": NaN, "highway": "tertiary", "maxspeed": NaN, "length": 36.355, "bridge": NaN, "tunnel": NaN, "access": NaN, "junction": NaN, "width": NaN, "est_width": NaN, "iri": 4.38000011444092}}, {"type": "Feature", "geometry": {"type": "LineString", "coordinates": [[-90.8798514, 15.1584094], [-90.879435, 15.1585704]]}, "properties": {"osmid": "609025821", "oneway": "False", "lanes": NaN, "ref": NaN, "name": NaN, "highway": "tertiary", "maxspeed": NaN, "length": 48.143, "bridge": NaN, "tunnel": NaN, "access": NaN, "junction": NaN, "width": NaN, "est_width": NaN, "iri": 4.38000011444092}}, {"type": "Feature", "geometry": {"type": "LineString", "coordinates": [[-90.879435, 15.1585704], [-90.8791656, 15.1587698]]}, "properties": {"osmid": "609025821", "oneway": "False", "lanes": NaN, "ref": NaN, "name": NaN, "highway": "tertiary", "maxspeed": NaN, "length": 36.436, "bridge": NaN, "tunnel": NaN, "access": NaN, "junction": NaN, "width": NaN, "est_width": NaN, "iri": 4.38000011444092}}, {"type": "Feature", "geometry": {"type": "LineString", "coordinates": [[-90.8791656, 15.1587698], [-90.8787596, 15.1588958]]}, "properties": {"osmid": "609025821", "oneway": "False", "lanes": NaN, "ref": NaN, "name": NaN, "highway": "tertiary", "maxspeed": NaN, "length": 45.771, "bridge": NaN, "tunnel": NaN, "access": NaN, "junction": NaN, "width": NaN, "est_width": NaN, "iri": 4.38000011444092}}, {"type": "Feature", "geometry": {"type": "LineString", "coordinates": [[-90.8787596, 15.1588958], [-90.8782452, 15.1592142]]}, "properties": {"osmid": "609025821", "oneway": "False", "lanes": NaN, "ref": NaN, "name": NaN, "highway": "tertiary", "maxspeed": NaN, "length": 65.585, "bridge": NaN, "tunnel": NaN, "access": NaN, "junction": NaN, "width": NaN, "est_width": NaN, "iri": 4.38000011444092}}, {"type": "Feature", "geometry": {"type": "LineString", "coordinates": [[-90.8782452, 15.1592142], [-90.8779933, 15.1594802]]}, "properties": {"osmid": "609025821", "oneway": "False", "lanes": NaN, "ref": NaN, "name": NaN, "highway": "tertiary", "maxspeed": NaN, "length": 40.072, "bridge": NaN, "tunnel": NaN, "access": NaN, "junction": NaN, "width": NaN, "est_width": NaN, "iri": 4.38000011444092}}, {"type": "Feature", "geometry": {"type": "LineString", "coordinates": [[-90.8779933, 15.1594802], [-90.8776119, 15.1601766]]}, "properties": {"osmid": "609025821", "oneway": "False", "lanes": NaN, "ref": NaN, "name": NaN, "highway": "tertiary", "maxspeed": NaN, "length": 87.59, "bridge": NaN, "tunnel": NaN, "access": NaN, "junction": NaN, "width": NaN, "est_width": NaN, "iri": 4.38000011444092}}, {"type": "Feature", "geometry": {"type": "LineString", "coordinates": [[-90.8776119, 15.1601766], [-90.8775209, 15.1608029]]}, "properties": {"osmid": "609025821", "oneway": "False", "lanes": NaN, "ref": NaN, "name": NaN, "highway": "tertiary", "maxspeed": NaN, "length": 70.323, "bridge": NaN, "tunnel": NaN, "access": NaN, "junction": NaN, "width": NaN, "est_width": NaN, "iri": 4.38000011444092}}, {"type": "Feature", "geometry": {"type": "LineString", "coordinates": [[-90.8775209, 15.1608029], [-90.8773389, 15.1611284]]}, "properties": {"osmid": "609025821", "oneway": "False", "lanes": NaN, "ref": NaN, "name": NaN, "highway": "tertiary", "maxspeed": NaN, "length": 41.128, "bridge": NaN, "tunnel": NaN, "access": NaN, "junction": NaN, "width": NaN, "est_width": NaN, "iri": 4.38000011444092}}, {"type": "Feature", "geometry": {"type": "LineString", "coordinates": [[-90.8773389, 15.1611284], [-90.8768, 15.1614678]]}, "properties": {"osmid": "609025821", "oneway": "False", "lanes": NaN, "ref": NaN, "name": NaN, "highway": "tertiary", "maxspeed": NaN, "length": 69.061, "bridge": NaN, "tunnel": NaN, "access": NaN, "junction": NaN, "width": NaN, "est_width": NaN, "iri": 4.38000011444092}}, {"type": "Feature", "geometry": {"type": "LineString", "coordinates": [[-90.8768, 15.1614678], [-90.8761771, 15.1616148]]}, "properties": {"osmid": "609025821", "oneway": "False", "lanes": NaN, "ref": NaN, "name": NaN, "highway": "tertiary", "maxspeed": NaN, "length": 68.822, "bridge": NaN, "tunnel": NaN, "access": NaN, "junction": NaN, "width": NaN, "est_width": NaN, "iri": 4.38000011444092}}, {"type": "Feature", "geometry": {"type": "LineString", "coordinates": [[-90.8761771, 15.1616148], [-90.8759462, 15.1617933]]}, "properties": {"osmid": "609025821", "oneway": "False", "lanes": NaN, "ref": NaN, "name": NaN, "highway": "tertiary", "maxspeed": NaN, "length": 31.75, "bridge": NaN, "tunnel": NaN, "access": NaN, "junction": NaN, "width": NaN, "est_width": NaN, "iri": 4.38000011444092}}, {"type": "Feature", "geometry": {"type": "LineString", "coordinates": [[-90.8759462, 15.1617933], [-90.8757467, 15.1621152]]}, "properties": {"osmid": "609025821", "oneway": "False", "lanes": NaN, "ref": NaN, "name": NaN, "highway": "tertiary", "maxspeed": NaN, "length": 41.709, "bridge": NaN, "tunnel": NaN, "access": NaN, "junction": NaN, "width": NaN, "est_width": NaN, "iri": 4.38000011444092}}, {"type": "Feature", "geometry": {"type": "LineString", "coordinates": [[-90.8757467, 15.1621152], [-90.8751763, 15.1624616]]}, "properties": {"osmid": "609025821", "oneway": "False", "lanes": NaN, "ref": NaN, "name": NaN, "highway": "tertiary", "maxspeed": NaN, "length": 72.327, "bridge": NaN, "tunnel": NaN, "access": NaN, "junction": NaN, "width": NaN, "est_width": NaN, "iri": 4.38000011444092}}, {"type": "Feature", "geometry": {"type": "LineString", "coordinates": [[-90.8751763, 15.1624616], [-90.8750538, 15.1626681]]}, "properties": {"osmid": "609025821", "oneway": "False", "lanes": NaN, "ref": NaN, "name": NaN, "highway": "tertiary", "maxspeed": NaN, "length": 26.459, "bridge": NaN, "tunnel": NaN, "access": NaN, "junction": NaN, "width": NaN, "est_width": NaN, "iri": 4.38000011444092}}, {"type": "Feature", "geometry": {"type": "LineString", "coordinates": [[-90.8750538, 15.1626681], [-90.8748194, 15.1632385]]}, "properties": {"osmid": "609025821", "oneway": "False", "lanes": NaN, "ref": NaN, "name": NaN, "highway": "tertiary", "maxspeed": NaN, "length": 68.233, "bridge": NaN, "tunnel": NaN, "access": NaN, "junction": NaN, "width": NaN, "est_width": NaN, "iri": 4.38000011444092}}, {"type": "Feature", "geometry": {"type": "LineString", "coordinates": [[-90.8748194, 15.1632385], [-90.8747004, 15.163382]]}, "properties": {"osmid": "609025821", "oneway": "False", "lanes": NaN, "ref": NaN, "name": NaN, "highway": "tertiary", "maxspeed": NaN, "length": 20.438, "bridge": NaN, "tunnel": NaN, "access": NaN, "junction": NaN, "width": NaN, "est_width": NaN, "iri": 4.38000011444092}}, {"type": "Feature", "geometry": {"type": "LineString", "coordinates": [[-90.8747004, 15.163382], [-90.8745604, 15.1634065]]}, "properties": {"osmid": "609025821", "oneway": "False", "lanes": NaN, "ref": NaN, "name": NaN, "highway": "tertiary", "maxspeed": NaN, "length": 15.27, "bridge": NaN, "tunnel": NaN, "access": NaN, "junction": NaN, "width": NaN, "est_width": NaN, "iri": 4.38000011444092}}, {"type": "Feature", "geometry": {"type": "LineString", "coordinates": [[-90.8745604, 15.1634065], [-90.874319, 15.1633995]]}, "properties": {"osmid": "609025821", "oneway": "False", "lanes": NaN, "ref": NaN, "name": NaN, "highway": "tertiary", "maxspeed": NaN, "length": 25.92, "bridge": NaN, "tunnel": NaN, "access": NaN, "junction": NaN, "width": NaN, "est_width": NaN, "iri": 4.38000011444092}}, {"type": "Feature", "geometry": {"type": "LineString", "coordinates": [[-90.874319, 15.1633995], [-90.8740495, 15.163193]]}, "properties": {"osmid": "609025821", "oneway": "False", "lanes": NaN, "ref": NaN, "name": NaN, "highway": "tertiary", "maxspeed": NaN, "length": 36.93, "bridge": NaN, "tunnel": NaN, "access": NaN, "junction": NaN, "width": NaN, "est_width": NaN, "iri": 4.38000011444092}}, {"type": "Feature", "geometry": {"type": "LineString", "coordinates": [[-90.8740495, 15.163193], [-90.8729577, 15.1625876]]}, "properties": {"osmid": "609025821", "oneway": "False", "lanes": NaN, "ref": NaN, "name": NaN, "highway": "tertiary", "maxspeed": NaN, "length": 135.137, "bridge": NaN, "tunnel": NaN, "access": NaN, "junction": NaN, "width": NaN, "est_width": NaN, "iri": 4.38000011444092}}, {"type": "Feature", "geometry": {"type": "LineString", "coordinates": [[-90.8729577, 15.1625876], [-90.8721599, 15.1617723]]}, "properties": {"osmid": "609025821", "oneway": "False", "lanes": NaN, "ref": NaN, "name": NaN, "highway": "tertiary", "maxspeed": NaN, "length": 124.7, "bridge": NaN, "tunnel": NaN, "access": NaN, "junction": NaN, "width": NaN, "est_width": NaN, "iri": 4.38000011444092}}, {"type": "Feature", "geometry": {"type": "LineString", "coordinates": [[-90.8721599, 15.1617723], [-90.8710786, 15.1610059]]}, "properties": {"osmid": "609025821", "oneway": "False", "lanes": NaN, "ref": NaN, "name": NaN, "highway": "tertiary", "maxspeed": NaN, "length": 143.979, "bridge": NaN, "tunnel": NaN, "access": NaN, "junction": NaN, "width": NaN, "est_width": NaN, "iri": 4.38000011444092}}, {"type": "Feature", "geometry": {"type": "LineString", "coordinates": [[-90.8710786, 15.1610059], [-90.8705712, 15.1607155]]}, "properties": {"osmid": "609025821", "oneway": "False", "lanes": NaN, "ref": NaN, "name": NaN, "highway": "tertiary", "maxspeed": NaN, "length": 63.311, "bridge": NaN, "tunnel": NaN, "access": NaN, "junction": NaN, "width": NaN, "est_width": NaN, "iri": 4.38000011444092}}, {"type": "Feature", "geometry": {"type": "LineString", "coordinates": [[-90.8705712, 15.1607155], [-90.8703157, 15.1608799]]}, "properties": {"osmid": "609025821", "oneway": "False", "lanes": NaN, "ref": NaN, "name": NaN, "highway": "tertiary", "maxspeed": NaN, "length": 32.956, "bridge": NaN, "tunnel": NaN, "access": NaN, "junction": NaN, "width": NaN, "est_width": NaN, "iri": 4.38000011444092}}, {"type": "Feature", "geometry": {"type": "LineString", "coordinates": [[-90.8703157, 15.1608799], [-90.8707951, 15.1621747]]}, "properties": {"osmid": "609025821", "oneway": "False", "lanes": NaN, "ref": NaN, "name": NaN, "highway": "tertiary", "maxspeed": NaN, "length": 152.893, "bridge": NaN, "tunnel": NaN, "access": NaN, "junction": NaN, "width": NaN, "est_width": NaN, "iri": 4.38000011444092}}, {"type": "Feature", "geometry": {"type": "LineString", "coordinates": [[-90.8707951, 15.1621747], [-90.8709981, 15.163326]]}, "properties": {"osmid": "609025821", "oneway": "False", "lanes": NaN, "ref": NaN, "name": NaN, "highway": "tertiary", "maxspeed": NaN, "length": 129.86, "bridge": NaN, "tunnel": NaN, "access": NaN, "junction": NaN, "width": NaN, "est_width": NaN, "iri": 4.38000011444092}}, {"type": "Feature", "geometry": {"type": "LineString", "coordinates": [[-90.8709981, 15.163326], [-90.8708581, 15.1636654]]}, "properties": {"osmid": "609025821", "oneway": "False", "lanes": NaN, "ref": NaN, "name": NaN, "highway": "tertiary", "maxspeed": NaN, "length": 40.621, "bridge": NaN, "tunnel": NaN, "access": NaN, "junction": NaN, "width": NaN, "est_width": NaN, "iri": 4.38000011444092}}, {"type": "Feature", "geometry": {"type": "LineString", "coordinates": [[-90.8708581, 15.1636654], [-90.8703752, 15.1642743]]}, "properties": {"osmid": "609025821", "oneway": "False", "lanes": NaN, "ref": NaN, "name": NaN, "highway": "tertiary", "maxspeed": NaN, "length": 85.265, "bridge": NaN, "tunnel": NaN, "access": NaN, "junction": NaN, "width": NaN, "est_width": NaN, "iri": 4.38000011444092}}, {"type": "Feature", "geometry": {"type": "LineString", "coordinates": [[-90.8703752, 15.1642743], [-90.8703192, 15.1647712]]}, "properties": {"osmid": "609025821", "oneway": "False", "lanes": NaN, "ref": NaN, "name": NaN, "highway": "tertiary", "maxspeed": NaN, "length": 55.579, "bridge": NaN, "tunnel": NaN, "access": NaN, "junction": NaN, "width": NaN, "est_width": NaN, "iri": 4.38000011444092}}, {"type": "Feature", "geometry": {"type": "LineString", "coordinates": [[-90.8703192, 15.1647712], [-90.8702667, 15.1648692]]}, "properties": {"osmid": "609025821", "oneway": "False", "lanes": NaN, "ref": NaN, "name": NaN, "highway": "tertiary", "maxspeed": NaN, "length": 12.268, "bridge": NaN, "tunnel": NaN, "access": NaN, "junction": NaN, "width": NaN, "est_width": NaN, "iri": 4.38000011444092}}, {"type": "Feature", "geometry": {"type": "LineString", "coordinates": [[-90.8702667, 15.1648692], [-90.8700987, 15.1649287]]}, "properties": {"osmid": "609025821", "oneway": "False", "lanes": NaN, "ref": NaN, "name": NaN, "highway": "tertiary", "maxspeed": NaN, "length": 19.206, "bridge": NaN, "tunnel": NaN, "access": NaN, "junction": NaN, "width": NaN, "est_width": NaN, "iri": 4.38000011444092}}, {"type": "Feature", "geometry": {"type": "LineString", "coordinates": [[-90.8700987, 15.1649287], [-90.8699903, 15.1648972]]}, "properties": {"osmid": "609025821", "oneway": "False", "lanes": NaN, "ref": NaN, "name": NaN, "highway": "tertiary", "maxspeed": NaN, "length": 12.15, "bridge": NaN, "tunnel": NaN, "access": NaN, "junction": NaN, "width": NaN, "est_width": NaN, "iri": 4.38000011444092}}, {"type": "Feature", "geometry": {"type": "LineString", "coordinates": [[-90.8699903, 15.1648972], [-90.8695144, 15.1642393]]}, "properties": {"osmid": "609025821", "oneway": "False", "lanes": NaN, "ref": NaN, "name": NaN, "highway": "tertiary", "maxspeed": NaN, "length": 89.221, "bridge": NaN, "tunnel": NaN, "access": NaN, "junction": NaN, "width": NaN, "est_width": NaN, "iri": 4.38000011444092}}, {"type": "Feature", "geometry": {"type": "LineString", "coordinates": [[-90.8695144, 15.1642393], [-90.8693149, 15.1641133]]}, "properties": {"osmid": "609025821", "oneway": "False", "lanes": NaN, "ref": NaN, "name": NaN, "highway": "tertiary", "maxspeed": NaN, "length": 25.588, "bridge": NaN, "tunnel": NaN, "access": NaN, "junction": NaN, "width": NaN, "est_width": NaN, "iri": 4.38000011444092}}, {"type": "Feature", "geometry": {"type": "LineString", "coordinates": [[-90.8693149, 15.1641133], [-90.8684715, 15.1639384]]}, "properties": {"osmid": "609025821", "oneway": "False", "lanes": NaN, "ref": NaN, "name": NaN, "highway": "tertiary", "maxspeed": NaN, "length": 92.582, "bridge": NaN, "tunnel": NaN, "access": NaN, "junction": NaN, "width": NaN, "est_width": NaN, "iri": 4.38000011444092}}, {"type": "Feature", "geometry": {"type": "LineString", "coordinates": [[-90.8684715, 15.1639384], [-90.8683526, 15.1639839]]}, "properties": {"osmid": "609025821", "oneway": "False", "lanes": NaN, "ref": NaN, "name": NaN, "highway": "tertiary", "maxspeed": NaN, "length": 13.727, "bridge": NaN, "tunnel": NaN, "access": NaN, "junction": NaN, "width": NaN, "est_width": NaN, "iri": 4.38000011444092}}, {"type": "Feature", "geometry": {"type": "LineString", "coordinates": [[-90.8683526, 15.1639839], [-90.8683281, 15.1641028]]}, "properties": {"osmid": "609025821", "oneway": "False", "lanes": NaN, "ref": NaN, "name": NaN, "highway": "tertiary", "maxspeed": NaN, "length": 13.48, "bridge": NaN, "tunnel": NaN, "access": NaN, "junction": NaN, "width": NaN, "est_width": NaN, "iri": 4.38000011444092}}, {"type": "Feature", "geometry": {"type": "LineString", "coordinates": [[-90.8683281, 15.1641028], [-90.868874, 15.1649672]]}, "properties": {"osmid": "609025821", "oneway": "False", "lanes": NaN, "ref": NaN, "name": NaN, "highway": "tertiary", "maxspeed": NaN, "length": 112.566, "bridge": NaN, "tunnel": NaN, "access": NaN, "junction": NaN, "width": NaN, "est_width": NaN, "iri": 4.38000011444092}}, {"type": "Feature", "geometry": {"type": "LineString", "coordinates": [[-90.868874, 15.1649672], [-90.8688104, 15.165044]]}, "properties": {"osmid": "609025821", "oneway": "False", "lanes": NaN, "ref": NaN, "name": NaN, "highway": "tertiary", "maxspeed": NaN, "length": 10.932, "bridge": NaN, "tunnel": NaN, "access": NaN, "junction": NaN, "width": NaN, "est_width": NaN, "iri": 4.38000011444092}}, {"type": "Feature", "geometry": {"type": "LineString", "coordinates": [[-90.8688104, 15.165044], [-90.8686644, 15.16519]]}, "properties": {"osmid": "609025821", "oneway": "False", "lanes": NaN, "ref": NaN, "name": NaN, "highway": "tertiary", "maxspeed": NaN, "length": 22.563, "bridge": NaN, "tunnel": NaN, "access": NaN, "junction": NaN, "width": NaN, "est_width": NaN, "iri": 4.38000011444092}}, {"type": "Feature", "geometry": {"type": "LineString", "coordinates": [[-90.8686644, 15.16519], [-90.8652554, 15.1655554]]}, "properties": {"osmid": "609025821", "oneway": "False", "lanes": NaN, "ref": NaN, "name": NaN, "highway": "tertiary", "maxspeed": NaN, "length": 368.112, "bridge": NaN, "tunnel": NaN, "access": NaN, "junction": NaN, "width": NaN, "est_width": NaN, "iri": 4.38000011444092}}, {"type": "Feature", "geometry": {"type": "LineString", "coordinates": [[-90.8652554, 15.1655554], [-90.8629861, 15.1651416]]}, "properties": {"osmid": "609025821", "oneway": "False", "lanes": NaN, "ref": NaN, "name": NaN, "highway": "tertiary", "maxspeed": NaN, "length": 247.856, "bridge": NaN, "tunnel": NaN, "access": NaN, "junction": NaN, "width": NaN, "est_width": NaN, "iri": 4.38000011444092}}, {"type": "Feature", "geometry": {"type": "LineString", "coordinates": [[-90.8629861, 15.1651416], [-90.8621985, 15.1651282]]}, "properties": {"osmid": "609025821", "oneway": "False", "lanes": NaN, "ref": NaN, "name": NaN, "highway": "tertiary", "maxspeed": NaN, "length": 84.541, "bridge": NaN, "tunnel": NaN, "access": NaN, "junction": NaN, "width": NaN, "est_width": NaN, "iri": 4.38000011444092}}, {"type": "Feature", "geometry": {"type": "LineString", "coordinates": [[-90.8621985, 15.1651282], [-90.8606901, 15.1658891]]}, "properties": {"osmid": "609025821", "oneway": "False", "lanes": NaN, "ref": NaN, "name": NaN, "highway": "tertiary", "maxspeed": NaN, "length": 182.662, "bridge": NaN, "tunnel": NaN, "access": NaN, "junction": NaN, "width": NaN, "est_width": NaN, "iri": 4.38000011444092}}, {"type": "Feature", "geometry": {"type": "LineString", "coordinates": [[-90.8606901, 15.1658891], [-90.8600226, 15.1665032]]}, "properties": {"osmid": "609025821", "oneway": "False", "lanes": NaN, "ref": NaN, "name": NaN, "highway": "tertiary", "maxspeed": NaN, "length": 98.969, "bridge": NaN, "tunnel": NaN, "access": NaN, "junction": NaN, "width": NaN, "est_width": NaN, "iri": 4.38000011444092}}, {"type": "Feature", "geometry": {"type": "LineString", "coordinates": [[-90.8600226, 15.1665032], [-90.8598357, 15.1665833]]}, "properties": {"osmid": "609025821", "oneway": "False", "lanes": NaN, "ref": NaN, "name": NaN, "highway": "tertiary", "maxspeed": NaN, "length": 21.947, "bridge": NaN, "tunnel": NaN, "access": NaN, "junction": NaN, "width": NaN, "est_width": NaN, "iri": 4.38000011444092}}, {"type": "Feature", "geometry": {"type": "LineString", "coordinates": [[-90.8598357, 15.1665833], [-90.8547789, 15.1661401]]}, "properties": {"osmid": "609025821", "oneway": "False", "lanes": NaN, "ref": NaN, "name": NaN, "highway": "tertiary", "maxspeed": NaN, "length": 544.94, "bridge": NaN, "tunnel": NaN, "access": NaN, "junction": NaN, "width": NaN, "est_width": NaN, "iri": 4.38000011444092}}, {"type": "Feature", "geometry": {"type": "LineString", "coordinates": [[-90.8547789, 15.1661401], [-90.8539121, 15.1660731]]}, "properties": {"osmid": "609025821", "oneway": "False", "lanes": NaN, "ref": NaN, "name": NaN, "highway": "tertiary", "maxspeed": NaN, "length": 93.325, "bridge": NaN, "tunnel": NaN, "access": NaN, "junction": NaN, "width": NaN, "est_width": NaN, "iri": 4.38000011444092}}, {"type": "Feature", "geometry": {"type": "LineString", "coordinates": [[-90.8539121, 15.1660731], [-90.8530433, 15.1660082]]}, "properties": {"osmid": "609025821", "oneway": "False", "lanes": NaN, "ref": NaN, "name": NaN, "highway": "tertiary", "maxspeed": NaN, "length": 93.521, "bridge": NaN, "tunnel": NaN, "access": NaN, "junction": NaN, "width": NaN, "est_width": NaN, "iri": 4.38000011444092}}, {"type": "Feature", "geometry": {"type": "LineString", "coordinates": [[-90.8530433, 15.1660082], [-90.8521827, 15.1659337]]}, "properties": {"osmid": "609025821", "oneway": "False", "lanes": NaN, "ref": NaN, "name": NaN, "highway": "tertiary", "maxspeed": NaN, "length": 92.732, "bridge": NaN, "tunnel": NaN, "access": NaN, "junction": NaN, "width": NaN, "est_width": NaN, "iri": 4.38000011444092}}]}