{"type": "FeatureCollection", "features": [{"type": "Feature", "geometry": {"type": "LineString", "coordinates": [[-91.3675899, 14.5288394], [-91.3678079, 14.5283359]]}, "properties": {"osmid": "475862484", "oneway": "False", "lanes": NaN, "ref": NaN, "name": NaN, "highway": "secondary", "maxspeed": NaN, "length": 60.705, "bridge": NaN, "tunnel": NaN, "access": NaN, "junction": NaN, "width": NaN, "est_width": NaN, "iri": 6.26000022888184}}, {"type": "Feature", "geometry": {"type": "LineString", "coordinates": [[-91.3678079, 14.5283359], [-91.3680021, 14.5278342]]}, "properties": {"osmid": "475862484", "oneway": "False", "lanes": NaN, "ref": NaN, "name": NaN, "highway": "secondary", "maxspeed": NaN, "length": 59.574, "bridge": NaN, "tunnel": NaN, "access": NaN, "junction": NaN, "width": NaN, "est_width": NaN, "iri": 6.26000022888184}}, {"type": "Feature", "geometry": {"type": "LineString", "coordinates": [[-91.3680021, 14.5278342], [-91.368224, 14.527339]]}, "properties": {"osmid": "475862484", "oneway": "False", "lanes": NaN, "ref": NaN, "name": NaN, "highway": "secondary", "maxspeed": NaN, "length": 60.021, "bridge": NaN, "tunnel": NaN, "access": NaN, "junction": NaN, "width": NaN, "est_width": NaN, "iri": 6.26000022888184}}, {"type": "Feature", "geometry": {"type": "LineString", "coordinates": [[-91.368224, 14.527339], [-91.3684348, 14.5268667]]}, "properties": {"osmid": "475862484", "oneway": "False", "lanes": NaN, "ref": NaN, "name": NaN, "highway": "secondary", "maxspeed": NaN, "length": 57.21, "bridge": NaN, "tunnel": NaN, "access": NaN, "junction": NaN, "width": NaN, "est_width": NaN, "iri": 6.26000022888184}}, {"type": "Feature", "geometry": {"type": "LineString", "coordinates": [[-91.3684348, 14.5268667], [-91.3690771, 14.5253925]]}, "properties": {"osmid": "475862484", "oneway": "False", "lanes": NaN, "ref": NaN, "name": NaN, "highway": "secondary", "maxspeed": NaN, "length": 177.907, "bridge": NaN, "tunnel": NaN, "access": NaN, "junction": NaN, "width": NaN, "est_width": NaN, "iri": 6.26000022888184}}, {"type": "Feature", "geometry": {"type": "LineString", "coordinates": [[-91.3690771, 14.5253925], [-91.3691461, 14.5252164]]}, "properties": {"osmid": "475862484", "oneway": "False", "lanes": NaN, "ref": NaN, "name": NaN, "highway": "secondary", "maxspeed": NaN, "length": 20.943, "bridge": NaN, "tunnel": NaN, "access": NaN, "junction": NaN, "width": NaN, "est_width": NaN, "iri": 6.26000022888184}}, {"type": "Feature", "geometry": {"type": "LineString", "coordinates": [[-91.3691461, 14.5252164], [-91.3691687, 14.5250942]]}, "properties": {"osmid": "475862484", "oneway": "False", "lanes": NaN, "ref": NaN, "name": NaN, "highway": "secondary", "maxspeed": NaN, "length": 13.804, "bridge": NaN, "tunnel": NaN, "access": NaN, "junction": NaN, "width": NaN, "est_width": NaN, "iri": 6.26000022888184}}, {"type": "Feature", "geometry": {"type": "LineString", "coordinates": [[-91.3691687, 14.5250942], [-91.3691658, 14.5249459]]}, "properties": {"osmid": "475862484", "oneway": "False", "lanes": NaN, "ref": NaN, "name": NaN, "highway": "secondary", "maxspeed": NaN, "length": 16.493, "bridge": NaN, "tunnel": NaN, "access": NaN, "junction": NaN, "width": NaN, "est_width": NaN, "iri": 6.26000022888184}}, {"type": "Feature", "geometry": {"type": "LineString", "coordinates": [[-91.3691658, 14.5249459], [-91.3691202, 14.5246471]]}, "properties": {"osmid": "475862484", "oneway": "False", "lanes": NaN, "ref": NaN, "name": NaN, "highway": "secondary", "maxspeed": NaN, "length": 33.586, "bridge": NaN, "tunnel": NaN, "access": NaN, "junction": NaN, "width": NaN, "est_width": NaN, "iri": 6.26000022888184}}, {"type": "Feature", "geometry": {"type": "LineString", "coordinates": [[-91.3691202, 14.5246471], [-91.3689049, 14.5232696]]}, "properties": {"osmid": "475862484", "oneway": "False", "lanes": NaN, "ref": NaN, "name": NaN, "highway": "secondary", "maxspeed": NaN, "length": 154.915, "bridge": NaN, "tunnel": NaN, "access": NaN, "junction": NaN, "width": NaN, "est_width": NaN, "iri": 6.26000022888184}}, {"type": "Feature", "geometry": {"type": "LineString", "coordinates": [[-91.3689049, 14.5232696], [-91.3686322, 14.522097]]}, "properties": {"osmid": "475862484", "oneway": "False", "lanes": NaN, "ref": NaN, "name": NaN, "highway": "secondary", "maxspeed": NaN, "length": 133.651, "bridge": NaN, "tunnel": NaN, "access": NaN, "junction": NaN, "width": NaN, "est_width": NaN, "iri": 6.26000022888184}}, {"type": "Feature", "geometry": {"type": "LineString", "coordinates": [[-91.3686322, 14.522097], [-91.368021, 14.5196628]]}, "properties": {"osmid": "475862484", "oneway": "False", "lanes": NaN, "ref": NaN, "name": NaN, "highway": "secondary", "maxspeed": NaN, "length": 278.552, "bridge": NaN, "tunnel": NaN, "access": NaN, "junction": NaN, "width": NaN, "est_width": NaN, "iri": 6.26000022888184}}, {"type": "Feature", "geometry": {"type": "LineString", "coordinates": [[-91.368021, 14.5196628], [-91.3679327, 14.5193192]]}, "properties": {"osmid": "475862484", "oneway": "False", "lanes": NaN, "ref": NaN, "name": NaN, "highway": "secondary", "maxspeed": NaN, "length": 39.371, "bridge": NaN, "tunnel": NaN, "access": NaN, "junction": NaN, "width": NaN, "est_width": NaN, "iri": 6.26000022888184}}, {"type": "Feature", "geometry": {"type": "LineString", "coordinates": [[-91.3679327, 14.5193192], [-91.3678677, 14.5190716]]}, "properties": {"osmid": "475862484", "oneway": "False", "lanes": NaN, "ref": NaN, "name": NaN, "highway": "secondary", "maxspeed": NaN, "length": 28.407, "bridge": NaN, "tunnel": NaN, "access": NaN, "junction": NaN, "width": NaN, "est_width": NaN, "iri": 6.26000022888184}}, {"type": "Feature", "geometry": {"type": "LineString", "coordinates": [[-91.3678677, 14.5190716], [-91.3678426, 14.5188933]]}, "properties": {"osmid": "475862484", "oneway": "False", "lanes": NaN, "ref": NaN, "name": NaN, "highway": "secondary", "maxspeed": NaN, "length": 20.009, "bridge": NaN, "tunnel": NaN, "access": NaN, "junction": NaN, "width": NaN, "est_width": NaN, "iri": 6.26000022888184}}, {"type": "Feature", "geometry": {"type": "LineString", "coordinates": [[-91.3678426, 14.5188933], [-91.3678292, 14.51878]]}, "properties": {"osmid": "475862484", "oneway": "False", "lanes": NaN, "ref": NaN, "name": NaN, "highway": "secondary", "maxspeed": NaN, "length": 12.681, "bridge": NaN, "tunnel": NaN, "access": NaN, "junction": NaN, "width": NaN, "est_width": NaN, "iri": 6.26000022888184}}, {"type": "Feature", "geometry": {"type": "LineString", "coordinates": [[-91.3678292, 14.51878], [-91.3678292, 14.5186806]]}, "properties": {"osmid": "475862484", "oneway": "False", "lanes": NaN, "ref": NaN, "name": NaN, "highway": "secondary", "maxspeed": NaN, "length": 11.053, "bridge": NaN, "tunnel": NaN, "access": NaN, "junction": NaN, "width": NaN, "est_width": NaN, "iri": 6.26000022888184}}, {"type": "Feature", "geometry": {"type": "LineString", "coordinates": [[-91.3678292, 14.5186806], [-91.3678377, 14.5186048]]}, "properties": {"osmid": "475862484", "oneway": "False", "lanes": NaN, "ref": NaN, "name": NaN, "highway": "secondary", "maxspeed": NaN, "length": 8.478, "bridge": NaN, "tunnel": NaN, "access": NaN, "junction": NaN, "width": NaN, "est_width": NaN, "iri": 6.26000022888184}}, {"type": "Feature", "geometry": {"type": "LineString", "coordinates": [[-91.3678377, 14.5186048], [-91.3678596, 14.5185556]]}, "properties": {"osmid": "475862484", "oneway": "False", "lanes": NaN, "ref": NaN, "name": NaN, "highway": "secondary", "maxspeed": NaN, "length": 5.957, "bridge": NaN, "tunnel": NaN, "access": NaN, "junction": NaN, "width": NaN, "est_width": NaN, "iri": 6.26000022888184}}, {"type": "Feature", "geometry": {"type": "LineString", "coordinates": [[-91.3678596, 14.5185556], [-91.3679752, 14.5184544]]}, "properties": {"osmid": "475862484", "oneway": "False", "lanes": NaN, "ref": NaN, "name": NaN, "highway": "secondary", "maxspeed": NaN, "length": 16.777, "bridge": NaN, "tunnel": NaN, "access": NaN, "junction": NaN, "width": NaN, "est_width": NaN, "iri": 6.26000022888184}}, {"type": "Feature", "geometry": {"type": "LineString", "coordinates": [[-91.3679752, 14.5184544], [-91.368073, 14.5183661]]}, "properties": {"osmid": "475862484", "oneway": "False", "lanes": NaN, "ref": NaN, "name": NaN, "highway": "secondary", "maxspeed": NaN, "length": 14.396, "bridge": NaN, "tunnel": NaN, "access": NaN, "junction": NaN, "width": NaN, "est_width": NaN, "iri": 6.26000022888184}}, {"type": "Feature", "geometry": {"type": "LineString", "coordinates": [[-91.368073, 14.5183661], [-91.3681706, 14.5182636]]}, "properties": {"osmid": "475862484", "oneway": "False", "lanes": NaN, "ref": NaN, "name": NaN, "highway": "secondary", "maxspeed": NaN, "length": 15.501, "bridge": NaN, "tunnel": NaN, "access": NaN, "junction": NaN, "width": NaN, "est_width": NaN, "iri": 6.26000022888184}}, {"type": "Feature", "geometry": {"type": "LineString", "coordinates": [[-91.3681706, 14.5182636], [-91.368311, 14.518091]]}, "properties": {"osmid": "475862484", "oneway": "False", "lanes": NaN, "ref": NaN, "name": NaN, "highway": "secondary", "maxspeed": NaN, "length": 24.429, "bridge": NaN, "tunnel": NaN, "access": NaN, "junction": NaN, "width": NaN, "est_width": NaN, "iri": 6.26000022888184}}, {"type": "Feature", "geometry": {"type": "LineString", "coordinates": [[-91.368311, 14.518091], [-91.3684114, 14.517957]]}, "properties": {"osmid": "475862484", "oneway": "False", "lanes": NaN, "ref": NaN, "name": NaN, "highway": "secondary", "maxspeed": NaN, "length": 18.407, "bridge": NaN, "tunnel": NaN, "access": NaN, "junction": NaN, "width": NaN, "est_width": NaN, "iri": 6.26000022888184}}, {"type": "Feature", "geometry": {"type": "LineString", "coordinates": [[-91.3684114, 14.517957], [-91.3685036, 14.5178262]]}, "properties": {"osmid": "475862484", "oneway": "False", "lanes": NaN, "ref": NaN, "name": NaN, "highway": "secondary", "maxspeed": NaN, "length": 17.608, "bridge": NaN, "tunnel": NaN, "access": NaN, "junction": NaN, "width": NaN, "est_width": NaN, "iri": 6.26000022888184}}, {"type": "Feature", "geometry": {"type": "LineString", "coordinates": [[-91.3685036, 14.5178262], [-91.368619, 14.5176486]]}, "properties": {"osmid": "475862484", "oneway": "False", "lanes": NaN, "ref": NaN, "name": NaN, "highway": "secondary", "maxspeed": NaN, "length": 23.33, "bridge": NaN, "tunnel": NaN, "access": NaN, "junction": NaN, "width": NaN, "est_width": NaN, "iri": 6.26000022888184}}, {"type": "Feature", "geometry": {"type": "LineString", "coordinates": [[-91.368619, 14.5176486], [-91.3686765, 14.5175159]]}, "properties": {"osmid": "475862484", "oneway": "False", "lanes": NaN, "ref": NaN, "name": NaN, "highway": "secondary", "maxspeed": NaN, "length": 16.001, "bridge": NaN, "tunnel": NaN, "access": NaN, "junction": NaN, "width": NaN, "est_width": NaN, "iri": 6.26000022888184}}, {"type": "Feature", "geometry": {"type": "LineString", "coordinates": [[-91.3686765, 14.5175159], [-91.3687033, 14.5173388]]}, "properties": {"osmid": "475862484", "oneway": "False", "lanes": NaN, "ref": NaN, "name": NaN, "highway": "secondary", "maxspeed": NaN, "length": 19.903, "bridge": NaN, "tunnel": NaN, "access": NaN, "junction": NaN, "width": NaN, "est_width": NaN, "iri": 6.26000022888184}}, {"type": "Feature", "geometry": {"type": "LineString", "coordinates": [[-91.3687033, 14.5173388], [-91.3687433, 14.5171518]]}, "properties": {"osmid": "475862484", "oneway": "False", "lanes": NaN, "ref": NaN, "name": NaN, "highway": "secondary", "maxspeed": NaN, "length": 21.235, "bridge": NaN, "tunnel": NaN, "access": NaN, "junction": NaN, "width": NaN, "est_width": NaN, "iri": 6.26000022888184}}, {"type": "Feature", "geometry": {"type": "LineString", "coordinates": [[-91.3687433, 14.5171518], [-91.3688026, 14.5169356]]}, "properties": {"osmid": "475862484", "oneway": "False", "lanes": NaN, "ref": NaN, "name": NaN, "highway": "secondary", "maxspeed": NaN, "length": 24.873, "bridge": NaN, "tunnel": NaN, "access": NaN, "junction": NaN, "width": NaN, "est_width": NaN, "iri": 6.26000022888184}}, {"type": "Feature", "geometry": {"type": "LineString", "coordinates": [[-91.3688026, 14.5169356], [-91.3689877, 14.5163518]]}, "properties": {"osmid": "475862484", "oneway": "False", "lanes": NaN, "ref": NaN, "name": NaN, "highway": "secondary", "maxspeed": NaN, "length": 67.905, "bridge": NaN, "tunnel": NaN, "access": NaN, "junction": NaN, "width": NaN, "est_width": NaN, "iri": 6.26000022888184}}, {"type": "Feature", "geometry": {"type": "LineString", "coordinates": [[-91.3689877, 14.5163518], [-91.3697457, 14.5166666]]}, "properties": {"osmid": "692835908", "oneway": "False", "lanes": NaN, "ref": NaN, "name": NaN, "highway": "secondary", "maxspeed": NaN, "length": 88.787, "bridge": NaN, "tunnel": NaN, "access": NaN, "junction": NaN, "width": NaN, "est_width": NaN, "iri": 6.26000022888184}}, {"type": "Feature", "geometry": {"type": "LineString", "coordinates": [[-91.3697457, 14.5166666], [-91.3698546, 14.5167224]]}, "properties": {"osmid": "692835908", "oneway": "False", "lanes": NaN, "ref": NaN, "name": NaN, "highway": "secondary", "maxspeed": NaN, "length": 13.263, "bridge": NaN, "tunnel": NaN, "access": NaN, "junction": NaN, "width": NaN, "est_width": NaN, "iri": 6.26000022888184}}, {"type": "Feature", "geometry": {"type": "LineString", "coordinates": [[-91.3698546, 14.5167224], [-91.370055, 14.5168707]]}, "properties": {"osmid": "692835908", "oneway": "False", "lanes": NaN, "ref": NaN, "name": NaN, "highway": "secondary", "maxspeed": NaN, "length": 27.153, "bridge": NaN, "tunnel": NaN, "access": NaN, "junction": NaN, "width": NaN, "est_width": NaN, "iri": 6.26000022888184}}, {"type": "Feature", "geometry": {"type": "LineString", "coordinates": [[-91.370055, 14.5168707], [-91.3701186, 14.5169097]]}, "properties": {"osmid": "692835908", "oneway": "False", "lanes": NaN, "ref": NaN, "name": NaN, "highway": "secondary", "maxspeed": NaN, "length": 8.104, "bridge": NaN, "tunnel": NaN, "access": NaN, "junction": NaN, "width": NaN, "est_width": NaN, "iri": 6.26000022888184}}, {"type": "Feature", "geometry": {"type": "LineString", "coordinates": [[-91.3701186, 14.5169097], [-91.3702165, 14.5169499]]}, "properties": {"osmid": "692835908", "oneway": "False", "lanes": NaN, "ref": NaN, "name": NaN, "highway": "secondary", "maxspeed": NaN, "length": 11.447, "bridge": NaN, "tunnel": NaN, "access": NaN, "junction": NaN, "width": NaN, "est_width": NaN, "iri": 6.26000022888184}}, {"type": "Feature", "geometry": {"type": "LineString", "coordinates": [[-91.3702165, 14.5169499], [-91.3703699, 14.5169723]]}, "properties": {"osmid": "692835908", "oneway": "False", "lanes": NaN, "ref": NaN, "name": NaN, "highway": "secondary", "maxspeed": NaN, "length": 16.7, "bridge": NaN, "tunnel": NaN, "access": NaN, "junction": NaN, "width": NaN, "est_width": NaN, "iri": 6.26000022888184}}, {"type": "Feature", "geometry": {"type": "LineString", "coordinates": [[-91.3703699, 14.5169723], [-91.371582, 14.5170326]]}, "properties": {"osmid": "475862498", "oneway": "False", "lanes": NaN, "ref": NaN, "name": NaN, "highway": "secondary", "maxspeed": NaN, "length": 130.649, "bridge": "yes", "tunnel": NaN, "access": NaN, "junction": NaN, "width": NaN, "est_width": NaN, "iri": 6.26000022888184}}, {"type": "Feature", "geometry": {"type": "LineString", "coordinates": [[-91.371582, 14.5170326], [-91.3720598, 14.5170591]]}, "properties": {"osmid": "475862507", "oneway": "False", "lanes": NaN, "ref": NaN, "name": NaN, "highway": "secondary", "maxspeed": NaN, "length": 51.517, "bridge": NaN, "tunnel": NaN, "access": NaN, "junction": NaN, "width": NaN, "est_width": NaN, "iri": 6.26000022888184}}, {"type": "Feature", "geometry": {"type": "LineString", "coordinates": [[-91.3720598, 14.5170591], [-91.3723389, 14.5170987]]}, "properties": {"osmid": "475862507", "oneway": "False", "lanes": NaN, "ref": NaN, "name": NaN, "highway": "secondary", "maxspeed": NaN, "length": 30.365, "bridge": NaN, "tunnel": NaN, "access": NaN, "junction": NaN, "width": NaN, "est_width": NaN, "iri": 6.26000022888184}}, {"type": "Feature", "geometry": {"type": "LineString", "coordinates": [[-91.3723389, 14.5170987], [-91.3726883, 14.5171798]]}, "properties": {"osmid": "475862507", "oneway": "False", "lanes": NaN, "ref": NaN, "name": NaN, "highway": "secondary", "maxspeed": NaN, "length": 38.677, "bridge": NaN, "tunnel": NaN, "access": NaN, "junction": NaN, "width": NaN, "est_width": NaN, "iri": 6.26000022888184}}, {"type": "Feature", "geometry": {"type": "LineString", "coordinates": [[-91.3726883, 14.5171798], [-91.3733716, 14.5173501]]}, "properties": {"osmid": "475862507", "oneway": "False", "lanes": NaN, "ref": NaN, "name": NaN, "highway": "secondary", "maxspeed": NaN, "length": 75.952, "bridge": NaN, "tunnel": NaN, "access": NaN, "junction": NaN, "width": NaN, "est_width": NaN, "iri": 6.26000022888184}}, {"type": "Feature", "geometry": {"type": "LineString", "coordinates": [[-91.3733716, 14.5173501], [-91.3744843, 14.5175929]]}, "properties": {"osmid": "475862507", "oneway": "False", "lanes": NaN, "ref": NaN, "name": NaN, "highway": "secondary", "maxspeed": NaN, "length": 122.781, "bridge": NaN, "tunnel": NaN, "access": NaN, "junction": NaN, "width": NaN, "est_width": NaN, "iri": 6.26000022888184}}, {"type": "Feature", "geometry": {"type": "LineString", "coordinates": [[-91.3744843, 14.5175929], [-91.37598, 14.5179338]]}, "properties": {"osmid": "475862507", "oneway": "False", "lanes": NaN, "ref": NaN, "name": NaN, "highway": "secondary", "maxspeed": NaN, "length": 165.406, "bridge": NaN, "tunnel": NaN, "access": NaN, "junction": NaN, "width": NaN, "est_width": NaN, "iri": 6.26000022888184}}, {"type": "Feature", "geometry": {"type": "LineString", "coordinates": [[-91.37598, 14.5179338], [-91.3767913, 14.5181525]]}, "properties": {"osmid": "475862507", "oneway": "False", "lanes": NaN, "ref": NaN, "name": NaN, "highway": "secondary", "maxspeed": NaN, "length": 90.655, "bridge": NaN, "tunnel": NaN, "access": NaN, "junction": NaN, "width": NaN, "est_width": NaN, "iri": 6.26000022888184}}, {"type": "Feature", "geometry": {"type": "LineString", "coordinates": [[-91.3767913, 14.5181525], [-91.3774904, 14.5183442]]}, "properties": {"osmid": "475862507", "oneway": "False", "lanes": NaN, "ref": NaN, "name": NaN, "highway": "secondary", "maxspeed": NaN, "length": 78.215, "bridge": NaN, "tunnel": NaN, "access": NaN, "junction": NaN, "width": NaN, "est_width": NaN, "iri": 6.26000022888184}}, {"type": "Feature", "geometry": {"type": "LineString", "coordinates": [[-91.3774904, 14.5183442], [-91.3776273, 14.5183941]]}, "properties": {"osmid": "475862507", "oneway": "False", "lanes": NaN, "ref": NaN, "name": NaN, "highway": "secondary", "maxspeed": NaN, "length": 15.746, "bridge": NaN, "tunnel": NaN, "access": NaN, "junction": NaN, "width": NaN, "est_width": NaN, "iri": 6.26000022888184}}, {"type": "Feature", "geometry": {"type": "LineString", "coordinates": [[-91.3776273, 14.5183941], [-91.3777453, 14.5184582]]}, "properties": {"osmid": "475862507", "oneway": "False", "lanes": NaN, "ref": NaN, "name": NaN, "highway": "secondary", "maxspeed": NaN, "length": 14.565, "bridge": NaN, "tunnel": NaN, "access": NaN, "junction": NaN, "width": NaN, "est_width": NaN, "iri": 6.26000022888184}}, {"type": "Feature", "geometry": {"type": "LineString", "coordinates": [[-91.3777453, 14.5184582], [-91.3778954, 14.5185689]]}, "properties": {"osmid": "475862507", "oneway": "False", "lanes": NaN, "ref": NaN, "name": NaN, "highway": "secondary", "maxspeed": NaN, "length": 20.312, "bridge": NaN, "tunnel": NaN, "access": NaN, "junction": NaN, "width": NaN, "est_width": NaN, "iri": 6.26000022888184}}, {"type": "Feature", "geometry": {"type": "LineString", "coordinates": [[-91.3778954, 14.5185689], [-91.3780626, 14.5186927]]}, "properties": {"osmid": "475862507", "oneway": "False", "lanes": NaN, "ref": NaN, "name": NaN, "highway": "secondary", "maxspeed": NaN, "length": 22.659, "bridge": NaN, "tunnel": NaN, "access": NaN, "junction": NaN, "width": NaN, "est_width": NaN, "iri": 6.26000022888184}}, {"type": "Feature", "geometry": {"type": "LineString", "coordinates": [[-91.3780626, 14.5186927], [-91.3783098, 14.5188865]]}, "properties": {"osmid": "475862507", "oneway": "False", "lanes": NaN, "ref": NaN, "name": NaN, "highway": "secondary", "maxspeed": NaN, "length": 34.241, "bridge": NaN, "tunnel": NaN, "access": NaN, "junction": NaN, "width": NaN, "est_width": NaN, "iri": 6.26000022888184}}, {"type": "Feature", "geometry": {"type": "LineString", "coordinates": [[-91.3783098, 14.5188865], [-91.3787368, 14.519218]]}, "properties": {"osmid": "475862507", "oneway": "False", "lanes": NaN, "ref": NaN, "name": NaN, "highway": "secondary", "maxspeed": NaN, "length": 58.919, "bridge": NaN, "tunnel": NaN, "access": NaN, "junction": NaN, "width": NaN, "est_width": NaN, "iri": 6.26000022888184}}, {"type": "Feature", "geometry": {"type": "LineString", "coordinates": [[-91.3787368, 14.519218], [-91.3791049, 14.5195361]]}, "properties": {"osmid": "475862507", "oneway": "False", "lanes": NaN, "ref": NaN, "name": NaN, "highway": "secondary", "maxspeed": NaN, "length": 53.115, "bridge": NaN, "tunnel": NaN, "access": NaN, "junction": NaN, "width": NaN, "est_width": NaN, "iri": 6.26000022888184}}, {"type": "Feature", "geometry": {"type": "LineString", "coordinates": [[-91.3791049, 14.5195361], [-91.3796626, 14.5200093]]}, "properties": {"osmid": "475862507", "oneway": "False", "lanes": NaN, "ref": NaN, "name": NaN, "highway": "secondary", "maxspeed": NaN, "length": 79.828, "bridge": NaN, "tunnel": NaN, "access": NaN, "junction": NaN, "width": NaN, "est_width": NaN, "iri": 6.26000022888184}}, {"type": "Feature", "geometry": {"type": "LineString", "coordinates": [[-91.3796626, 14.5200093], [-91.3809367, 14.521037]]}, "properties": {"osmid": "475862507", "oneway": "False", "lanes": NaN, "ref": NaN, "name": NaN, "highway": "secondary", "maxspeed": NaN, "length": 178.517, "bridge": NaN, "tunnel": NaN, "access": NaN, "junction": NaN, "width": NaN, "est_width": NaN, "iri": 6.26000022888184}}, {"type": "Feature", "geometry": {"type": "LineString", "coordinates": [[-91.3809367, 14.521037], [-91.3816405, 14.521615]]}, "properties": {"osmid": "475862507", "oneway": "False", "lanes": NaN, "ref": NaN, "name": NaN, "highway": "secondary", "maxspeed": NaN, "length": 99.349, "bridge": NaN, "tunnel": NaN, "access": NaN, "junction": NaN, "width": NaN, "est_width": NaN, "iri": 6.26000022888184}}, {"type": "Feature", "geometry": {"type": "LineString", "coordinates": [[-91.3816405, 14.521615], [-91.3834523, 14.5230833]]}, "properties": {"osmid": "475862507", "oneway": "False", "lanes": NaN, "ref": NaN, "name": NaN, "highway": "secondary", "maxspeed": NaN, "length": 254.346, "bridge": NaN, "tunnel": NaN, "access": NaN, "junction": NaN, "width": NaN, "est_width": NaN, "iri": 6.26000022888184}}, {"type": "Feature", "geometry": {"type": "LineString", "coordinates": [[-91.3834523, 14.5230833], [-91.3844381, 14.5239011]]}, "properties": {"osmid": "475862507", "oneway": "False", "lanes": NaN, "ref": NaN, "name": NaN, "highway": "secondary", "maxspeed": NaN, "length": 139.747, "bridge": NaN, "tunnel": NaN, "access": NaN, "junction": NaN, "width": NaN, "est_width": NaN, "iri": 6.26000022888184}}, {"type": "Feature", "geometry": {"type": "LineString", "coordinates": [[-91.3844381, 14.5239011], [-91.3858545, 14.5249732]]}, "properties": {"osmid": "475862507", "oneway": "False", "lanes": NaN, "ref": NaN, "name": NaN, "highway": "secondary", "maxspeed": NaN, "length": 193.537, "bridge": NaN, "tunnel": NaN, "access": NaN, "junction": NaN, "width": NaN, "est_width": NaN, "iri": 6.26000022888184}}, {"type": "Feature", "geometry": {"type": "LineString", "coordinates": [[-91.3858545, 14.5249732], [-91.3877411, 14.5264752]]}, "properties": {"osmid": "475862507", "oneway": "False", "lanes": NaN, "ref": NaN, "name": NaN, "highway": "secondary", "maxspeed": NaN, "length": 262.932, "bridge": NaN, "tunnel": NaN, "access": NaN, "junction": NaN, "width": NaN, "est_width": NaN, "iri": 6.26000022888184}}, {"type": "Feature", "geometry": {"type": "LineString", "coordinates": [[-91.3877411, 14.5264752], [-91.3891076, 14.5276531]]}, "properties": {"osmid": "475862507", "oneway": "False", "lanes": NaN, "ref": NaN, "name": NaN, "highway": "secondary", "maxspeed": NaN, "length": 196.953, "bridge": NaN, "tunnel": NaN, "access": NaN, "junction": NaN, "width": NaN, "est_width": NaN, "iri": 6.26000022888184}}, {"type": "Feature", "geometry": {"type": "LineString", "coordinates": [[-91.3891076, 14.5276531], [-91.3904603, 14.5287435]]}, "properties": {"osmid": "475862507", "oneway": "False", "lanes": NaN, "ref": NaN, "name": NaN, "highway": "secondary", "maxspeed": NaN, "length": 189.477, "bridge": NaN, "tunnel": NaN, "access": NaN, "junction": NaN, "width": NaN, "est_width": NaN, "iri": 6.26000022888184}}, {"type": "Feature", "geometry": {"type": "LineString", "coordinates": [[-91.3904603, 14.5287435], [-91.3916078, 14.5296967]]}, "properties": {"osmid": "475862507", "oneway": "False", "lanes": NaN, "ref": NaN, "name": NaN, "highway": "secondary", "maxspeed": NaN, "length": 162.758, "bridge": NaN, "tunnel": NaN, "access": NaN, "junction": NaN, "width": NaN, "est_width": NaN, "iri": 6.26000022888184}}, {"type": "Feature", "geometry": {"type": "LineString", "coordinates": [[-91.3916078, 14.5296967], [-91.393785, 14.5315311]]}, "properties": {"osmid": "475862507", "oneway": "False", "lanes": NaN, "ref": NaN, "name": NaN, "highway": "secondary", "maxspeed": NaN, "length": 310.687, "bridge": NaN, "tunnel": NaN, "access": NaN, "junction": NaN, "width": NaN, "est_width": NaN, "iri": 6.26000022888184}}, {"type": "Feature", "geometry": {"type": "LineString", "coordinates": [[-91.393785, 14.5315311], [-91.3942376, 14.5319077]]}, "properties": {"osmid": "475862507", "oneway": "False", "lanes": NaN, "ref": NaN, "name": NaN, "highway": "secondary", "maxspeed": NaN, "length": 64.241, "bridge": NaN, "tunnel": NaN, "access": NaN, "junction": NaN, "width": NaN, "est_width": NaN, "iri": 6.26000022888184}}, {"type": "Feature", "geometry": {"type": "LineString", "coordinates": [[-91.3942376, 14.5319077], [-91.3948189, 14.5323533]]}, "properties": {"osmid": "475862507", "oneway": "False", "lanes": NaN, "ref": NaN, "name": NaN, "highway": "secondary", "maxspeed": NaN, "length": 79.812, "bridge": NaN, "tunnel": NaN, "access": NaN, "junction": NaN, "width": NaN, "est_width": NaN, "iri": 6.26000022888184}}, {"type": "Feature", "geometry": {"type": "LineString", "coordinates": [[-91.3948189, 14.5323533], [-91.3967759, 14.5339302]]}, "properties": {"osmid": "475862507", "oneway": "False", "lanes": NaN, "ref": NaN, "name": NaN, "highway": "secondary", "maxspeed": NaN, "length": 274.075, "bridge": NaN, "tunnel": NaN, "access": NaN, "junction": NaN, "width": NaN, "est_width": NaN, "iri": 6.26000022888184}}, {"type": "Feature", "geometry": {"type": "LineString", "coordinates": [[-91.3967759, 14.5339302], [-91.3988096, 14.5356106]]}, "properties": {"osmid": "475862507", "oneway": "False", "lanes": NaN, "ref": NaN, "name": NaN, "highway": "secondary", "maxspeed": NaN, "length": 287.804, "bridge": NaN, "tunnel": NaN, "access": NaN, "junction": NaN, "width": NaN, "est_width": NaN, "iri": 6.26000022888184}}, {"type": "Feature", "geometry": {"type": "LineString", "coordinates": [[-91.3988096, 14.5356106], [-91.3996169, 14.5362908]]}, "properties": {"osmid": "475862507", "oneway": "False", "lanes": NaN, "ref": NaN, "name": NaN, "highway": "secondary", "maxspeed": NaN, "length": 115.201, "bridge": NaN, "tunnel": NaN, "access": NaN, "junction": NaN, "width": NaN, "est_width": NaN, "iri": 6.26000022888184}}, {"type": "Feature", "geometry": {"type": "LineString", "coordinates": [[-91.3996169, 14.5362908], [-91.3998824, 14.5364908]]}, "properties": {"osmid": "475862507", "oneway": "False", "lanes": NaN, "ref": NaN, "name": NaN, "highway": "secondary", "maxspeed": NaN, "length": 36.211, "bridge": NaN, "tunnel": NaN, "access": NaN, "junction": NaN, "width": NaN, "est_width": NaN, "iri": 6.26000022888184}}, {"type": "Feature", "geometry": {"type": "LineString", "coordinates": [[-91.3998824, 14.5364908], [-91.4000487, 14.5365998]]}, "properties": {"osmid": "475862507", "oneway": "False", "lanes": NaN, "ref": NaN, "name": NaN, "highway": "secondary", "maxspeed": NaN, "length": 21.617, "bridge": NaN, "tunnel": NaN, "access": NaN, "junction": NaN, "width": NaN, "est_width": NaN, "iri": 6.26000022888184}}, {"type": "Feature", "geometry": {"type": "LineString", "coordinates": [[-91.4000487, 14.5365998], [-91.4003315, 14.5367463]]}, "properties": {"osmid": "475862507", "oneway": "False", "lanes": NaN, "ref": NaN, "name": NaN, "highway": "secondary", "maxspeed": NaN, "length": 34.524, "bridge": NaN, "tunnel": NaN, "access": NaN, "junction": NaN, "width": NaN, "est_width": NaN, "iri": 6.26000022888184}}, {"type": "Feature", "geometry": {"type": "LineString", "coordinates": [[-91.4003315, 14.5367463], [-91.400729, 14.5368971]]}, "properties": {"osmid": "475862507", "oneway": "False", "lanes": NaN, "ref": NaN, "name": NaN, "highway": "secondary", "maxspeed": NaN, "length": 45.954, "bridge": NaN, "tunnel": NaN, "access": NaN, "junction": NaN, "width": NaN, "est_width": NaN, "iri": 6.26000022888184}}, {"type": "Feature", "geometry": {"type": "LineString", "coordinates": [[-91.400729, 14.5368971], [-91.4008887, 14.536924]]}, "properties": {"osmid": "692835911", "oneway": "False", "lanes": NaN, "ref": NaN, "name": NaN, "highway": "secondary", "maxspeed": NaN, "length": 17.448, "bridge": NaN, "tunnel": NaN, "access": NaN, "junction": NaN, "width": NaN, "est_width": NaN, "iri": 6.26000022888184}}, {"type": "Feature", "geometry": {"type": "LineString", "coordinates": [[-91.4008887, 14.536924], [-91.4010196, 14.5369946]]}, "properties": {"osmid": "692835911", "oneway": "False", "lanes": NaN, "ref": NaN, "name": NaN, "highway": "secondary", "maxspeed": NaN, "length": 16.129, "bridge": NaN, "tunnel": NaN, "access": NaN, "junction": NaN, "width": NaN, "est_width": NaN, "iri": 6.26000022888184}}, {"type": "Feature", "geometry": {"type": "LineString", "coordinates": [[-91.4010196, 14.5369946], [-91.4012851, 14.5371864]]}, "properties": {"osmid": "692835911", "oneway": "False", "lanes": NaN, "ref": NaN, "name": NaN, "highway": "secondary", "maxspeed": NaN, "length": 35.658, "bridge": NaN, "tunnel": NaN, "access": NaN, "junction": NaN, "width": NaN, "est_width": NaN, "iri": 6.26000022888184}}, {"type": "Feature", "geometry": {"type": "LineString", "coordinates": [[-91.4012851, 14.5371864], [-91.4018618, 14.5378304]]}, "properties": {"osmid": "692835911", "oneway": "False", "lanes": NaN, "ref": NaN, "name": NaN, "highway": "secondary", "maxspeed": NaN, "length": 94.768, "bridge": NaN, "tunnel": NaN, "access": NaN, "junction": NaN, "width": NaN, "est_width": NaN, "iri": 6.26000022888184}}, {"type": "Feature", "geometry": {"type": "LineString", "coordinates": [[-91.4018618, 14.5378304], [-91.4022143, 14.5381896]]}, "properties": {"osmid": "692835911", "oneway": "False", "lanes": NaN, "ref": NaN, "name": NaN, "highway": "secondary", "maxspeed": NaN, "length": 55.089, "bridge": NaN, "tunnel": NaN, "access": NaN, "junction": NaN, "width": NaN, "est_width": NaN, "iri": 6.26000022888184}}, {"type": "Feature", "geometry": {"type": "LineString", "coordinates": [[-91.4022143, 14.5381896], [-91.4028006, 14.5387754]]}, "properties": {"osmid": "692835911", "oneway": "False", "lanes": NaN, "ref": NaN, "name": NaN, "highway": "secondary", "maxspeed": NaN, "length": 90.694, "bridge": NaN, "tunnel": NaN, "access": NaN, "junction": NaN, "width": NaN, "est_width": NaN, "iri": 6.26000022888184}}, {"type": "Feature", "geometry": {"type": "LineString", "coordinates": [[-91.4028006, 14.5387754], [-91.402967, 14.5388843]]}, "properties": {"osmid": "692835911", "oneway": "False", "lanes": NaN, "ref": NaN, "name": NaN, "highway": "secondary", "maxspeed": NaN, "length": 21.62, "bridge": NaN, "tunnel": NaN, "access": NaN, "junction": NaN, "width": NaN, "est_width": NaN, "iri": 6.26000022888184}}, {"type": "Feature", "geometry": {"type": "LineString", "coordinates": [[-91.402967, 14.5388843], [-91.4031492, 14.5389468]]}, "properties": {"osmid": "692835911", "oneway": "False", "lanes": NaN, "ref": NaN, "name": NaN, "highway": "secondary", "maxspeed": NaN, "length": 20.806, "bridge": NaN, "tunnel": NaN, "access": NaN, "junction": NaN, "width": NaN, "est_width": NaN, "iri": 6.26000022888184}}, {"type": "Feature", "geometry": {"type": "LineString", "coordinates": [[-91.4031492, 14.5389468], [-91.4035301, 14.538952]]}, "properties": {"osmid": "692835911", "oneway": "False", "lanes": NaN, "ref": NaN, "name": NaN, "highway": "secondary", "maxspeed": NaN, "length": 41.002, "bridge": NaN, "tunnel": NaN, "access": NaN, "junction": NaN, "width": NaN, "est_width": NaN, "iri": 6.26000022888184}}, {"type": "Feature", "geometry": {"type": "LineString", "coordinates": [[-91.4035301, 14.538952], [-91.404898, 14.5388637]]}, "properties": {"osmid": "692835911", "oneway": "False", "lanes": NaN, "ref": NaN, "name": NaN, "highway": "secondary", "maxspeed": NaN, "length": 147.56, "bridge": NaN, "tunnel": NaN, "access": NaN, "junction": NaN, "width": NaN, "est_width": NaN, "iri": 6.26000022888184}}, {"type": "Feature", "geometry": {"type": "LineString", "coordinates": [[-91.404898, 14.5388637], [-91.4066658, 14.5387136]]}, "properties": {"osmid": "692835911", "oneway": "False", "lanes": NaN, "ref": NaN, "name": NaN, "highway": "secondary", "maxspeed": NaN, "length": 191.007, "bridge": NaN, "tunnel": NaN, "access": NaN, "junction": NaN, "width": NaN, "est_width": NaN, "iri": 6.26000022888184}}, {"type": "Feature", "geometry": {"type": "LineString", "coordinates": [[-91.4066658, 14.5387136], [-91.4068214, 14.5387229]]}, "properties": {"osmid": "692835911", "oneway": "False", "lanes": NaN, "ref": NaN, "name": NaN, "highway": "secondary", "maxspeed": NaN, "length": 16.78, "bridge": NaN, "tunnel": NaN, "access": NaN, "junction": NaN, "width": NaN, "est_width": NaN, "iri": 6.26000022888184}}, {"type": "Feature", "geometry": {"type": "LineString", "coordinates": [[-91.4068214, 14.5387229], [-91.4069836, 14.5387682]]}, "properties": {"osmid": "692835911", "oneway": "False", "lanes": NaN, "ref": NaN, "name": NaN, "highway": "secondary", "maxspeed": NaN, "length": 18.17, "bridge": NaN, "tunnel": NaN, "access": NaN, "junction": NaN, "width": NaN, "est_width": NaN, "iri": 6.26000022888184}}, {"type": "Feature", "geometry": {"type": "LineString", "coordinates": [[-91.4069836, 14.5387682], [-91.4071565, 14.5388533]]}, "properties": {"osmid": "692835911", "oneway": "False", "lanes": NaN, "ref": NaN, "name": NaN, "highway": "secondary", "maxspeed": NaN, "length": 20.878, "bridge": NaN, "tunnel": NaN, "access": NaN, "junction": NaN, "width": NaN, "est_width": NaN, "iri": 6.26000022888184}}, {"type": "Feature", "geometry": {"type": "LineString", "coordinates": [[-91.4071565, 14.5388533], [-91.4078473, 14.5393592]]}, "properties": {"osmid": "692835911", "oneway": "False", "lanes": NaN, "ref": NaN, "name": NaN, "highway": "secondary", "maxspeed": NaN, "length": 93.236, "bridge": NaN, "tunnel": NaN, "access": NaN, "junction": NaN, "width": NaN, "est_width": NaN, "iri": 6.26000022888184}}, {"type": "Feature", "geometry": {"type": "LineString", "coordinates": [[-91.4078473, 14.5393592], [-91.4079615, 14.5394182]]}, "properties": {"osmid": "692835911", "oneway": "False", "lanes": NaN, "ref": NaN, "name": NaN, "highway": "secondary", "maxspeed": NaN, "length": 13.933, "bridge": NaN, "tunnel": NaN, "access": NaN, "junction": NaN, "width": NaN, "est_width": NaN, "iri": 6.26000022888184}}, {"type": "Feature", "geometry": {"type": "LineString", "coordinates": [[-91.4079615, 14.5394182], [-91.4081023, 14.5394638]]}, "properties": {"osmid": "692835911", "oneway": "False", "lanes": NaN, "ref": NaN, "name": NaN, "highway": "secondary", "maxspeed": NaN, "length": 15.981, "bridge": NaN, "tunnel": NaN, "access": NaN, "junction": NaN, "width": NaN, "est_width": NaN, "iri": 6.26000022888184}}, {"type": "Feature", "geometry": {"type": "LineString", "coordinates": [[-91.4081023, 14.5394638], [-91.4082401, 14.5394816]]}, "properties": {"osmid": "692835911", "oneway": "False", "lanes": NaN, "ref": NaN, "name": NaN, "highway": "secondary", "maxspeed": NaN, "length": 14.963, "bridge": NaN, "tunnel": NaN, "access": NaN, "junction": NaN, "width": NaN, "est_width": NaN, "iri": 6.26000022888184}}, {"type": "Feature", "geometry": {"type": "LineString", "coordinates": [[-91.4082401, 14.5394816], [-91.4093237, 14.5394738]]}, "properties": {"osmid": "692835911", "oneway": "False", "lanes": NaN, "ref": NaN, "name": NaN, "highway": "secondary", "maxspeed": NaN, "length": 116.635, "bridge": NaN, "tunnel": NaN, "access": NaN, "junction": NaN, "width": NaN, "est_width": NaN, "iri": 6.26000022888184}}, {"type": "Feature", "geometry": {"type": "LineString", "coordinates": [[-91.4093237, 14.5394738], [-91.4100805, 14.5394652]]}, "properties": {"osmid": "384123694", "oneway": "False", "lanes": NaN, "ref": "CA-2 OCC", "name": "4a Calle", "highway": "secondary", "maxspeed": NaN, "length": 81.463, "bridge": NaN, "tunnel": NaN, "access": NaN, "junction": NaN, "width": NaN, "est_width": NaN, "iri": 6.26000022888184}}, {"type": "Feature", "geometry": {"type": "LineString", "coordinates": [[-91.4100805, 14.5394652], [-91.4109094, 14.5394356]]}, "properties": {"osmid": "384123694", "oneway": "False", "lanes": NaN, "ref": "CA-2 OCC", "name": "4a Calle", "highway": "secondary", "maxspeed": NaN, "length": 89.279, "bridge": NaN, "tunnel": NaN, "access": NaN, "junction": NaN, "width": NaN, "est_width": NaN, "iri": 6.26000022888184}}, {"type": "Feature", "geometry": {"type": "LineString", "coordinates": [[-91.4109094, 14.5394356], [-91.4122413, 14.5394085]]}, "properties": {"osmid": "384123694", "oneway": "False", "lanes": NaN, "ref": "CA-2 OCC", "name": "4a Calle", "highway": "secondary", "maxspeed": NaN, "length": 143.389, "bridge": NaN, "tunnel": NaN, "access": NaN, "junction": NaN, "width": NaN, "est_width": NaN, "iri": 6.26000022888184}}, {"type": "Feature", "geometry": {"type": "LineString", "coordinates": [[-91.4122413, 14.5394085], [-91.4143452, 14.5393585]]}, "properties": {"osmid": "384123694", "oneway": "False", "lanes": NaN, "ref": "CA-2 OCC", "name": "4a Calle", "highway": "secondary", "maxspeed": NaN, "length": 226.52, "bridge": NaN, "tunnel": NaN, "access": NaN, "junction": NaN, "width": NaN, "est_width": NaN, "iri": 6.26000022888184}}]}