{"type": "FeatureCollection", "features": [{"type": "Feature", "geometry": {"type": "LineString", "coordinates": [[-90.4025658, 14.0670997], [-90.4012363, 14.0672011]]}, "properties": {"osmid": "547498611", "oneway": "False", "lanes": "2", "ref": "CA-2 OR", "name": "Carretera Taxisco - Chiquimulilla", "highway": "trunk", "maxspeed": "90", "length": 143.843, "bridge": NaN, "tunnel": NaN, "access": NaN, "junction": NaN, "width": NaN, "est_width": NaN, "iri": 9.73999977111816}}, {"type": "Feature", "geometry": {"type": "LineString", "coordinates": [[-90.4012363, 14.0672011], [-90.3998313, 14.0673084]]}, "properties": {"osmid": "547498611", "oneway": "False", "lanes": "2", "ref": "CA-2 OR", "name": "Carretera Taxisco - Chiquimulilla", "highway": "trunk", "maxspeed": "90", "length": 152.013, "bridge": NaN, "tunnel": NaN, "access": NaN, "junction": NaN, "width": NaN, "est_width": NaN, "iri": 9.73999977111816}}, {"type": "Feature", "geometry": {"type": "LineString", "coordinates": [[-90.3998313, 14.0673084], [-90.3994921, 14.0673343]]}, "properties": {"osmid": "547498611", "oneway": "False", "lanes": "2", "ref": "CA-2 OR", "name": "Carretera Taxisco - Chiquimulilla", "highway": "trunk", "maxspeed": "90", "length": 36.699, "bridge": NaN, "tunnel": NaN, "access": NaN, "junction": NaN, "width": NaN, "est_width": NaN, "iri": 9.73999977111816}}, {"type": "Feature", "geometry": {"type": "LineString", "coordinates": [[-90.3994921, 14.0673343], [-90.3973618, 14.0674968]]}, "properties": {"osmid": "547498611", "oneway": "False", "lanes": "2", "ref": "CA-2 OR", "name": "Carretera Taxisco - Chiquimulilla", "highway": "trunk", "maxspeed": "90", "length": 230.484, "bridge": NaN, "tunnel": NaN, "access": NaN, "junction": NaN, "width": NaN, "est_width": NaN, "iri": 9.73999977111816}}, {"type": "Feature", "geometry": {"type": "LineString", "coordinates": [[-90.3973618, 14.0674968], [-90.3957347, 14.067621]]}, "properties": {"osmid": "547498611", "oneway": "False", "lanes": "2", "ref": "CA-2 OR", "name": "Carretera Taxisco - Chiquimulilla", "highway": "trunk", "maxspeed": "90", "length": 176.042, "bridge": NaN, "tunnel": NaN, "access": NaN, "junction": NaN, "width": NaN, "est_width": NaN, "iri": 9.73999977111816}}, {"type": "Feature", "geometry": {"type": "LineString", "coordinates": [[-90.3957347, 14.067621], [-90.394358, 14.067726]]}, "properties": {"osmid": "547498611", "oneway": "False", "lanes": "2", "ref": "CA-2 OR", "name": "Carretera Taxisco - Chiquimulilla", "highway": "trunk", "maxspeed": "90", "length": 148.95, "bridge": NaN, "tunnel": NaN, "access": NaN, "junction": NaN, "width": NaN, "est_width": NaN, "iri": 9.73999977111816}}, {"type": "Feature", "geometry": {"type": "LineString", "coordinates": [[-90.394358, 14.067726], [-90.3838962, 14.0685244]]}, "properties": {"osmid": "547498611", "oneway": "False", "lanes": "2", "ref": "CA-2 OR", "name": "Carretera Taxisco - Chiquimulilla", "highway": "trunk", "maxspeed": "90", "length": 1131.897, "bridge": NaN, "tunnel": NaN, "access": NaN, "junction": NaN, "width": NaN, "est_width": NaN, "iri": 9.73999977111816}}, {"type": "Feature", "geometry": {"type": "LineString", "coordinates": [[-90.3838962, 14.0685244], [-90.3835542, 14.0685225]]}, "properties": {"osmid": "547498611", "oneway": "False", "lanes": "2", "ref": "CA-2 OR", "name": "Carretera Taxisco - Chiquimulilla", "highway": "trunk", "maxspeed": "90", "length": 36.889, "bridge": NaN, "tunnel": NaN, "access": NaN, "junction": NaN, "width": NaN, "est_width": NaN, "iri": 9.73999977111816}}, {"type": "Feature", "geometry": {"type": "LineString", "coordinates": [[-90.3835542, 14.0685225], [-90.3829708, 14.0684919]]}, "properties": {"osmid": "547498611", "oneway": "False", "lanes": "2", "ref": "CA-2 OR", "name": "Carretera Taxisco - Chiquimulilla", "highway": "trunk", "maxspeed": "90", "length": 63.017, "bridge": NaN, "tunnel": NaN, "access": NaN, "junction": NaN, "width": NaN, "est_width": NaN, "iri": 9.73999977111816}}, {"type": "Feature", "geometry": {"type": "LineString", "coordinates": [[-90.3829708, 14.0684919], [-90.3830411, 14.0667702]]}, "properties": {"osmid": "424681312", "oneway": "False", "lanes": NaN, "ref": NaN, "name": NaN, "highway": "unclassified", "maxspeed": NaN, "length": 191.595, "bridge": NaN, "tunnel": NaN, "access": NaN, "junction": NaN, "width": NaN, "est_width": NaN, "iri": 9.73999977111816}}, {"type": "Feature", "geometry": {"type": "LineString", "coordinates": [[-90.3830411, 14.0667702], [-90.3830787, 14.0642673]]}, "properties": {"osmid": "424681312", "oneway": "False", "lanes": NaN, "ref": NaN, "name": NaN, "highway": "unclassified", "maxspeed": NaN, "length": 278.34, "bridge": NaN, "tunnel": NaN, "access": NaN, "junction": NaN, "width": NaN, "est_width": NaN, "iri": 9.73999977111816}}, {"type": "Feature", "geometry": {"type": "LineString", "coordinates": [[-90.3830787, 14.0642673], [-90.3831323, 14.0619465]]}, "properties": {"osmid": "424681312", "oneway": "False", "lanes": NaN, "ref": NaN, "name": NaN, "highway": "unclassified", "maxspeed": NaN, "length": 258.126, "bridge": NaN, "tunnel": NaN, "access": NaN, "junction": NaN, "width": NaN, "est_width": NaN, "iri": 9.73999977111816}}, {"type": "Feature", "geometry": {"type": "LineString", "coordinates": [[-90.3831323, 14.0619465], [-90.3831431, 14.0604946]]}, "properties": {"osmid": "424681312", "oneway": "False", "lanes": NaN, "ref": NaN, "name": NaN, "highway": "unclassified", "maxspeed": NaN, "length": 161.448, "bridge": NaN, "tunnel": NaN, "access": NaN, "junction": NaN, "width": NaN, "est_width": NaN, "iri": 9.73999977111816}}, {"type": "Feature", "geometry": {"type": "LineString", "coordinates": [[-90.3831431, 14.0604946], [-90.3830411, 14.0596412]]}, "properties": {"osmid": "424681312", "oneway": "False", "lanes": NaN, "ref": NaN, "name": NaN, "highway": "unclassified", "maxspeed": NaN, "length": 95.53, "bridge": NaN, "tunnel": NaN, "access": NaN, "junction": NaN, "width": NaN, "est_width": NaN, "iri": 9.73999977111816}}, {"type": "Feature", "geometry": {"type": "LineString", "coordinates": [[-90.3830411, 14.0596412], [-90.382966, 14.0584444]]}, "properties": {"osmid": "424681312", "oneway": "False", "lanes": NaN, "ref": NaN, "name": NaN, "highway": "unclassified", "maxspeed": NaN, "length": 133.325, "bridge": NaN, "tunnel": NaN, "access": NaN, "junction": NaN, "width": NaN, "est_width": NaN, "iri": 9.73999977111816}}, {"type": "Feature", "geometry": {"type": "LineString", "coordinates": [[-90.382966, 14.0584444], [-90.3828212, 14.0571591]]}, "properties": {"osmid": "424681312", "oneway": "False", "lanes": NaN, "ref": NaN, "name": NaN, "highway": "unclassified", "maxspeed": NaN, "length": 143.77, "bridge": NaN, "tunnel": NaN, "access": NaN, "junction": NaN, "width": NaN, "est_width": NaN, "iri": 9.73999977111816}}, {"type": "Feature", "geometry": {"type": "LineString", "coordinates": [[-90.3828212, 14.0571591], [-90.3827407, 14.0558789]]}, "properties": {"osmid": "424681312", "oneway": "False", "lanes": NaN, "ref": NaN, "name": NaN, "highway": "unclassified", "maxspeed": NaN, "length": 142.617, "bridge": NaN, "tunnel": NaN, "access": NaN, "junction": NaN, "width": NaN, "est_width": NaN, "iri": 9.73999977111816}}, {"type": "Feature", "geometry": {"type": "LineString", "coordinates": [[-90.3827407, 14.0558789], [-90.3827568, 14.0548173]]}, "properties": {"osmid": "424681312", "oneway": "False", "lanes": NaN, "ref": NaN, "name": NaN, "highway": "unclassified", "maxspeed": NaN, "length": 118.057, "bridge": NaN, "tunnel": NaN, "access": NaN, "junction": NaN, "width": NaN, "est_width": NaN, "iri": 9.73999977111816}}, {"type": "Feature", "geometry": {"type": "LineString", "coordinates": [[-90.3827568, 14.0548173], [-90.3829231, 14.0536777]]}, "properties": {"osmid": "424681312", "oneway": "False", "lanes": NaN, "ref": NaN, "name": NaN, "highway": "unclassified", "maxspeed": NaN, "length": 127.981, "bridge": NaN, "tunnel": NaN, "access": NaN, "junction": NaN, "width": NaN, "est_width": NaN, "iri": 9.73999977111816}}, {"type": "Feature", "geometry": {"type": "LineString", "coordinates": [[-90.3829231, 14.0536777], [-90.3832179, 14.0527982]]}, "properties": {"osmid": "424681312", "oneway": "False", "lanes": NaN, "ref": NaN, "name": NaN, "highway": "unclassified", "maxspeed": NaN, "length": 102.836, "bridge": NaN, "tunnel": NaN, "access": NaN, "junction": NaN, "width": NaN, "est_width": NaN, "iri": 9.73999977111816}}, {"type": "Feature", "geometry": {"type": "LineString", "coordinates": [[-90.3832179, 14.0527982], [-90.3838082, 14.0509561]]}, "properties": {"osmid": "424681312", "oneway": "False", "lanes": NaN, "ref": NaN, "name": NaN, "highway": "unclassified", "maxspeed": NaN, "length": 214.501, "bridge": NaN, "tunnel": NaN, "access": NaN, "junction": NaN, "width": NaN, "est_width": NaN, "iri": 9.73999977111816}}, {"type": "Feature", "geometry": {"type": "LineString", "coordinates": [[-90.3838082, 14.0509561], [-90.3844573, 14.0489369]]}, "properties": {"osmid": "424681312", "oneway": "False", "lanes": NaN, "ref": NaN, "name": NaN, "highway": "unclassified", "maxspeed": NaN, "length": 235.189, "bridge": NaN, "tunnel": NaN, "access": NaN, "junction": NaN, "width": NaN, "est_width": NaN, "iri": 9.73999977111816}}, {"type": "Feature", "geometry": {"type": "LineString", "coordinates": [[-90.3844573, 14.0489369], [-90.3847953, 14.0476984]]}, "properties": {"osmid": "424681312", "oneway": "False", "lanes": NaN, "ref": NaN, "name": NaN, "highway": "unclassified", "maxspeed": NaN, "length": 142.46, "bridge": NaN, "tunnel": NaN, "access": NaN, "junction": NaN, "width": NaN, "est_width": NaN, "iri": 9.73999977111816}}, {"type": "Feature", "geometry": {"type": "LineString", "coordinates": [[-90.3847953, 14.0476984], [-90.3848865, 14.0470323]]}, "properties": {"osmid": "424681312", "oneway": "False", "lanes": NaN, "ref": NaN, "name": NaN, "highway": "unclassified", "maxspeed": NaN, "length": 74.718, "bridge": NaN, "tunnel": NaN, "access": NaN, "junction": NaN, "width": NaN, "est_width": NaN, "iri": 9.73999977111816}}, {"type": "Feature", "geometry": {"type": "LineString", "coordinates": [[-90.3848865, 14.0470323], [-90.3849562, 14.0459551]]}, "properties": {"osmid": "424681312", "oneway": "False", "lanes": NaN, "ref": NaN, "name": NaN, "highway": "unclassified", "maxspeed": NaN, "length": 120.015, "bridge": NaN, "tunnel": NaN, "access": NaN, "junction": NaN, "width": NaN, "est_width": NaN, "iri": 9.73999977111816}}, {"type": "Feature", "geometry": {"type": "LineString", "coordinates": [[-90.3849562, 14.0459551], [-90.3849777, 14.045596]]}, "properties": {"osmid": "424681312", "oneway": "False", "lanes": NaN, "ref": NaN, "name": NaN, "highway": "unclassified", "maxspeed": NaN, "length": 39.997, "bridge": NaN, "tunnel": NaN, "access": NaN, "junction": NaN, "width": NaN, "est_width": NaN, "iri": 9.73999977111816}}, {"type": "Feature", "geometry": {"type": "LineString", "coordinates": [[-90.3849777, 14.045596], [-90.3850633, 14.0452005]]}, "properties": {"osmid": "424681312", "oneway": "False", "lanes": NaN, "ref": NaN, "name": NaN, "highway": "unclassified", "maxspeed": NaN, "length": 44.937, "bridge": NaN, "tunnel": NaN, "access": NaN, "junction": NaN, "width": NaN, "est_width": NaN, "iri": 9.73999977111816}}, {"type": "Feature", "geometry": {"type": "LineString", "coordinates": [[-90.3850633, 14.0452005], [-90.3853908, 14.0440139]]}, "properties": {"osmid": "424681312", "oneway": "False", "lanes": NaN, "ref": NaN, "name": NaN, "highway": "unclassified", "maxspeed": NaN, "length": 136.592, "bridge": NaN, "tunnel": NaN, "access": NaN, "junction": NaN, "width": NaN, "est_width": NaN, "iri": 9.73999977111816}}, {"type": "Feature", "geometry": {"type": "LineString", "coordinates": [[-90.3853908, 14.0440139], [-90.3855678, 14.0434883]]}, "properties": {"osmid": "424681312", "oneway": "False", "lanes": NaN, "ref": NaN, "name": NaN, "highway": "unclassified", "maxspeed": NaN, "length": 61.484, "bridge": NaN, "tunnel": NaN, "access": NaN, "junction": NaN, "width": NaN, "est_width": NaN, "iri": 9.73999977111816}}, {"type": "Feature", "geometry": {"type": "LineString", "coordinates": [[-90.3855678, 14.0434883], [-90.3856265, 14.0432802]]}, "properties": {"osmid": "424681312", "oneway": "False", "lanes": NaN, "ref": NaN, "name": NaN, "highway": "unclassified", "maxspeed": NaN, "length": 23.99, "bridge": NaN, "tunnel": NaN, "access": NaN, "junction": NaN, "width": NaN, "est_width": NaN, "iri": 9.73999977111816}}, {"type": "Feature", "geometry": {"type": "LineString", "coordinates": [[-90.3856265, 14.0432802], [-90.3856322, 14.0429003]]}, "properties": {"osmid": "424681312", "oneway": "False", "lanes": NaN, "ref": NaN, "name": NaN, "highway": "unclassified", "maxspeed": NaN, "length": 42.247, "bridge": NaN, "tunnel": NaN, "access": NaN, "junction": NaN, "width": NaN, "est_width": NaN, "iri": 9.73999977111816}}, {"type": "Feature", "geometry": {"type": "LineString", "coordinates": [[-90.3856322, 14.0429003], [-90.3855678, 14.0420884]]}, "properties": {"osmid": "424681312", "oneway": "False", "lanes": NaN, "ref": NaN, "name": NaN, "highway": "unclassified", "maxspeed": NaN, "length": 90.546, "bridge": NaN, "tunnel": NaN, "access": NaN, "junction": NaN, "width": NaN, "est_width": NaN, "iri": 9.73999977111816}}, {"type": "Feature", "geometry": {"type": "LineString", "coordinates": [[-90.3855678, 14.0420884], [-90.3852118, 14.0397058]]}, "properties": {"osmid": "424681312", "oneway": "False", "lanes": NaN, "ref": NaN, "name": NaN, "highway": "unclassified", "maxspeed": NaN, "length": 267.702, "bridge": NaN, "tunnel": NaN, "access": NaN, "junction": NaN, "width": NaN, "est_width": NaN, "iri": 9.73999977111816}}, {"type": "Feature", "geometry": {"type": "LineString", "coordinates": [[-90.3852118, 14.0397058], [-90.3851963, 14.0396023]]}, "properties": {"osmid": "424681312", "oneway": "False", "lanes": NaN, "ref": NaN, "name": NaN, "highway": "unclassified", "maxspeed": NaN, "length": 11.63, "bridge": NaN, "tunnel": NaN, "access": NaN, "junction": NaN, "width": NaN, "est_width": NaN, "iri": 9.73999977111816}}, {"type": "Feature", "geometry": {"type": "LineString", "coordinates": [[-90.3851963, 14.0396023], [-90.3851789, 14.0394566]]}, "properties": {"osmid": "424681313", "oneway": "False", "lanes": NaN, "ref": NaN, "name": NaN, "highway": "unclassified", "maxspeed": NaN, "length": 16.309, "bridge": "yes", "tunnel": NaN, "access": NaN, "junction": NaN, "width": NaN, "est_width": NaN, "iri": 9.73999977111816}}, {"type": "Feature", "geometry": {"type": "LineString", "coordinates": [[-90.3851789, 14.0394566], [-90.3851687, 14.0393571]]}, "properties": {"osmid": "424681314", "oneway": "False", "lanes": NaN, "ref": NaN, "name": NaN, "highway": "unclassified", "maxspeed": NaN, "length": 11.118, "bridge": NaN, "tunnel": NaN, "access": NaN, "junction": NaN, "width": NaN, "est_width": NaN, "iri": 9.73999977111816}}, {"type": "Feature", "geometry": {"type": "LineString", "coordinates": [[-90.3851687, 14.0393571], [-90.3851547, 14.0392209]]}, "properties": {"osmid": "424681314", "oneway": "False", "lanes": NaN, "ref": NaN, "name": NaN, "highway": "unclassified", "maxspeed": NaN, "length": 15.22, "bridge": NaN, "tunnel": NaN, "access": NaN, "junction": NaN, "width": NaN, "est_width": NaN, "iri": 9.73999977111816}}, {"type": "Feature", "geometry": {"type": "LineString", "coordinates": [[-90.3851547, 14.0392209], [-90.3852566, 14.0381437]]}, "properties": {"osmid": "424681314", "oneway": "False", "lanes": NaN, "ref": NaN, "name": NaN, "highway": "unclassified", "maxspeed": NaN, "length": 120.283, "bridge": NaN, "tunnel": NaN, "access": NaN, "junction": NaN, "width": NaN, "est_width": NaN, "iri": 9.73999977111816}}]}