{"type": "FeatureCollection", "features": [{"type": "Feature", "geometry": {"type": "LineString", "coordinates": [[-91.2727803, 14.7204921], [-91.2724916, 14.7195495]]}, "properties": {"osmid": "334074246", "oneway": "False", "lanes": NaN, "ref": NaN, "name": NaN, "highway": "secondary", "maxspeed": NaN, "length": 109.315, "bridge": NaN, "tunnel": NaN, "access": NaN, "junction": NaN, "width": NaN, "est_width": NaN, "iri": 17.6200008392334}}, {"type": "Feature", "geometry": {"type": "LineString", "coordinates": [[-91.2724916, 14.7195495], [-91.2718774, 14.7197752]]}, "properties": {"osmid": "397719634", "oneway": "False", "lanes": NaN, "ref": NaN, "name": NaN, "highway": "tertiary", "maxspeed": NaN, "length": 70.662, "bridge": NaN, "tunnel": NaN, "access": NaN, "junction": NaN, "width": NaN, "est_width": NaN, "iri": 17.6200008392334}}, {"type": "Feature", "geometry": {"type": "LineString", "coordinates": [[-91.2718774, 14.7197752], [-91.2711331, 14.7200666]]}, "properties": {"osmid": "397719634", "oneway": "False", "lanes": NaN, "ref": NaN, "name": NaN, "highway": "tertiary", "maxspeed": NaN, "length": 86.356, "bridge": NaN, "tunnel": NaN, "access": NaN, "junction": NaN, "width": NaN, "est_width": NaN, "iri": 17.6200008392334}}, {"type": "Feature", "geometry": {"type": "LineString", "coordinates": [[-91.2711331, 14.7200666], [-91.27095, 14.719684]]}, "properties": {"osmid": "397719633", "oneway": "False", "lanes": NaN, "ref": "RD-4", "name": NaN, "highway": "tertiary", "maxspeed": NaN, "length": 46.879, "bridge": NaN, "tunnel": NaN, "access": NaN, "junction": NaN, "width": NaN, "est_width": NaN, "iri": 17.6200008392334}}, {"type": "Feature", "geometry": {"type": "LineString", "coordinates": [[-91.27095, 14.719684], [-91.2707649, 14.7193651]]}, "properties": {"osmid": "397719633", "oneway": "False", "lanes": NaN, "ref": "RD-4", "name": NaN, "highway": "tertiary", "maxspeed": NaN, "length": 40.666, "bridge": NaN, "tunnel": NaN, "access": NaN, "junction": NaN, "width": NaN, "est_width": NaN, "iri": 17.6200008392334}}, {"type": "Feature", "geometry": {"type": "LineString", "coordinates": [[-91.2707649, 14.7193651], [-91.2702829, 14.7189589]]}, "properties": {"osmid": "397719633", "oneway": "False", "lanes": NaN, "ref": "RD-4", "name": NaN, "highway": "tertiary", "maxspeed": NaN, "length": 68.755, "bridge": NaN, "tunnel": NaN, "access": NaN, "junction": NaN, "width": NaN, "est_width": NaN, "iri": 17.6200008392334}}, {"type": "Feature", "geometry": {"type": "LineString", "coordinates": [[-91.2702829, 14.7189589], [-91.2701869, 14.7189032]]}, "properties": {"osmid": "397719633", "oneway": "False", "lanes": NaN, "ref": "RD-4", "name": NaN, "highway": "tertiary", "maxspeed": NaN, "length": 12.04, "bridge": NaN, "tunnel": NaN, "access": NaN, "junction": NaN, "width": NaN, "est_width": NaN, "iri": 17.6200008392334}}, {"type": "Feature", "geometry": {"type": "LineString", "coordinates": [[-91.2701869, 14.7189032], [-91.2700434, 14.7188954]]}, "properties": {"osmid": "397719633", "oneway": "False", "lanes": NaN, "ref": "RD-4", "name": NaN, "highway": "tertiary", "maxspeed": NaN, "length": 15.457, "bridge": NaN, "tunnel": NaN, "access": NaN, "junction": NaN, "width": NaN, "est_width": NaN, "iri": 17.6200008392334}}, {"type": "Feature", "geometry": {"type": "LineString", "coordinates": [[-91.2700434, 14.7188954], [-91.2698919, 14.7188967]]}, "properties": {"osmid": "397719633", "oneway": "False", "lanes": NaN, "ref": "RD-4", "name": NaN, "highway": "tertiary", "maxspeed": NaN, "length": 16.294, "bridge": NaN, "tunnel": NaN, "access": NaN, "junction": NaN, "width": NaN, "est_width": NaN, "iri": 17.6200008392334}}, {"type": "Feature", "geometry": {"type": "LineString", "coordinates": [[-91.2698919, 14.7188967], [-91.2697926, 14.7188876]]}, "properties": {"osmid": "397719633", "oneway": "False", "lanes": NaN, "ref": "RD-4", "name": NaN, "highway": "tertiary", "maxspeed": NaN, "length": 10.727, "bridge": NaN, "tunnel": NaN, "access": NaN, "junction": NaN, "width": NaN, "est_width": NaN, "iri": 17.6200008392334}}, {"type": "Feature", "geometry": {"type": "LineString", "coordinates": [[-91.2697926, 14.7188876], [-91.2697081, 14.7188422]]}, "properties": {"osmid": "397719633", "oneway": "False", "lanes": NaN, "ref": "RD-4", "name": NaN, "highway": "tertiary", "maxspeed": NaN, "length": 10.396, "bridge": NaN, "tunnel": NaN, "access": NaN, "junction": NaN, "width": NaN, "est_width": NaN, "iri": 17.6200008392334}}, {"type": "Feature", "geometry": {"type": "LineString", "coordinates": [[-91.2697081, 14.7188422], [-91.2697162, 14.7187813]]}, "properties": {"osmid": "397719633", "oneway": "False", "lanes": NaN, "ref": "RD-4", "name": NaN, "highway": "tertiary", "maxspeed": NaN, "length": 6.828, "bridge": NaN, "tunnel": NaN, "access": NaN, "junction": NaN, "width": NaN, "est_width": NaN, "iri": 17.6200008392334}}, {"type": "Feature", "geometry": {"type": "LineString", "coordinates": [[-91.2697162, 14.7187813], [-91.2697819, 14.7186996]]}, "properties": {"osmid": "397719633", "oneway": "False", "lanes": NaN, "ref": "RD-4", "name": NaN, "highway": "tertiary", "maxspeed": NaN, "length": 11.509, "bridge": NaN, "tunnel": NaN, "access": NaN, "junction": NaN, "width": NaN, "est_width": NaN, "iri": 17.6200008392334}}, {"type": "Feature", "geometry": {"type": "LineString", "coordinates": [[-91.2697819, 14.7186996], [-91.2698637, 14.7186256]]}, "properties": {"osmid": "397719633", "oneway": "False", "lanes": NaN, "ref": "RD-4", "name": NaN, "highway": "tertiary", "maxspeed": NaN, "length": 12.046, "bridge": NaN, "tunnel": NaN, "access": NaN, "junction": NaN, "width": NaN, "est_width": NaN, "iri": 17.6200008392334}}, {"type": "Feature", "geometry": {"type": "LineString", "coordinates": [[-91.2698637, 14.7186256], [-91.2699133, 14.7185802]]}, "properties": {"osmid": "397719633", "oneway": "False", "lanes": NaN, "ref": "RD-4", "name": NaN, "highway": "tertiary", "maxspeed": NaN, "length": 7.344, "bridge": NaN, "tunnel": NaN, "access": NaN, "junction": NaN, "width": NaN, "est_width": NaN, "iri": 17.6200008392334}}, {"type": "Feature", "geometry": {"type": "LineString", "coordinates": [[-91.2699133, 14.7185802], [-91.2699589, 14.7185193]]}, "properties": {"osmid": "397719633", "oneway": "False", "lanes": NaN, "ref": "RD-4", "name": NaN, "highway": "tertiary", "maxspeed": NaN, "length": 8.361, "bridge": NaN, "tunnel": NaN, "access": NaN, "junction": NaN, "width": NaN, "est_width": NaN, "iri": 17.6200008392334}}, {"type": "Feature", "geometry": {"type": "LineString", "coordinates": [[-91.2699589, 14.7185193], [-91.2699562, 14.7184765]]}, "properties": {"osmid": "397719633", "oneway": "False", "lanes": NaN, "ref": "RD-4", "name": NaN, "highway": "tertiary", "maxspeed": NaN, "length": 4.768, "bridge": NaN, "tunnel": NaN, "access": NaN, "junction": NaN, "width": NaN, "est_width": NaN, "iri": 17.6200008392334}}, {"type": "Feature", "geometry": {"type": "LineString", "coordinates": [[-91.2699562, 14.7184765], [-91.2699375, 14.7184401]]}, "properties": {"osmid": "397719633", "oneway": "False", "lanes": NaN, "ref": "RD-4", "name": NaN, "highway": "tertiary", "maxspeed": NaN, "length": 4.52, "bridge": NaN, "tunnel": NaN, "access": NaN, "junction": NaN, "width": NaN, "est_width": NaN, "iri": 17.6200008392334}}, {"type": "Feature", "geometry": {"type": "LineString", "coordinates": [[-91.2699375, 14.7184401], [-91.269857, 14.7184194]]}, "properties": {"osmid": "397719633", "oneway": "False", "lanes": NaN, "ref": "RD-4", "name": NaN, "highway": "tertiary", "maxspeed": NaN, "length": 8.958, "bridge": NaN, "tunnel": NaN, "access": NaN, "junction": NaN, "width": NaN, "est_width": NaN, "iri": 17.6200008392334}}, {"type": "Feature", "geometry": {"type": "LineString", "coordinates": [[-91.269857, 14.7184194], [-91.2695445, 14.7184324]]}, "properties": {"osmid": "397719633", "oneway": "False", "lanes": NaN, "ref": "RD-4", "name": NaN, "highway": "tertiary", "maxspeed": NaN, "length": 33.639, "bridge": NaN, "tunnel": NaN, "access": NaN, "junction": NaN, "width": NaN, "est_width": NaN, "iri": 17.6200008392334}}, {"type": "Feature", "geometry": {"type": "LineString", "coordinates": [[-91.2695445, 14.7184324], [-91.2693039, 14.7184608]]}, "properties": {"osmid": "397719633", "oneway": "False", "lanes": NaN, "ref": "RD-4", "name": NaN, "highway": "tertiary", "maxspeed": NaN, "length": 26.068, "bridge": NaN, "tunnel": NaN, "access": NaN, "junction": NaN, "width": NaN, "est_width": NaN, "iri": 17.6200008392334}}, {"type": "Feature", "geometry": {"type": "LineString", "coordinates": [[-91.2693039, 14.7184608], [-91.2691315, 14.7185621]]}, "properties": {"osmid": "397719633", "oneway": "False", "lanes": NaN, "ref": "RD-4", "name": NaN, "highway": "tertiary", "maxspeed": NaN, "length": 21.694, "bridge": NaN, "tunnel": NaN, "access": NaN, "junction": NaN, "width": NaN, "est_width": NaN, "iri": 17.6200008392334}}, {"type": "Feature", "geometry": {"type": "LineString", "coordinates": [[-91.2691315, 14.7185621], [-91.2689558, 14.7187488]]}, "properties": {"osmid": "397719633", "oneway": "False", "lanes": NaN, "ref": "RD-4", "name": NaN, "highway": "tertiary", "maxspeed": NaN, "length": 28.072, "bridge": NaN, "tunnel": NaN, "access": NaN, "junction": NaN, "width": NaN, "est_width": NaN, "iri": 17.6200008392334}}, {"type": "Feature", "geometry": {"type": "LineString", "coordinates": [[-91.2689558, 14.7187488], [-91.2686339, 14.7191483]]}, "properties": {"osmid": "397719633", "oneway": "False", "lanes": NaN, "ref": "RD-4", "name": NaN, "highway": "tertiary", "maxspeed": NaN, "length": 56.319, "bridge": NaN, "tunnel": NaN, "access": NaN, "junction": NaN, "width": NaN, "est_width": NaN, "iri": 17.6200008392334}}, {"type": "Feature", "geometry": {"type": "LineString", "coordinates": [[-91.2686339, 14.7191483], [-91.2684885, 14.7193273]]}, "properties": {"osmid": "397719633", "oneway": "False", "lanes": NaN, "ref": "RD-4", "name": NaN, "highway": "tertiary", "maxspeed": NaN, "length": 25.312, "bridge": NaN, "tunnel": NaN, "access": NaN, "junction": NaN, "width": NaN, "est_width": NaN, "iri": 17.6200008392334}}, {"type": "Feature", "geometry": {"type": "LineString", "coordinates": [[-91.2684885, 14.7193273], [-91.2684341, 14.7194895]]}, "properties": {"osmid": "397719633", "oneway": "False", "lanes": NaN, "ref": "RD-4", "name": NaN, "highway": "tertiary", "maxspeed": NaN, "length": 18.961, "bridge": NaN, "tunnel": NaN, "access": NaN, "junction": NaN, "width": NaN, "est_width": NaN, "iri": 17.6200008392334}}, {"type": "Feature", "geometry": {"type": "LineString", "coordinates": [[-91.2684341, 14.7194895], [-91.2684295, 14.719623]]}, "properties": {"osmid": "397719633", "oneway": "False", "lanes": NaN, "ref": "RD-4", "name": NaN, "highway": "tertiary", "maxspeed": NaN, "length": 14.853, "bridge": NaN, "tunnel": NaN, "access": NaN, "junction": NaN, "width": NaN, "est_width": NaN, "iri": 17.6200008392334}}, {"type": "Feature", "geometry": {"type": "LineString", "coordinates": [[-91.2684295, 14.719623], [-91.2684824, 14.7197593]]}, "properties": {"osmid": "397719633", "oneway": "False", "lanes": NaN, "ref": "RD-4", "name": NaN, "highway": "tertiary", "maxspeed": NaN, "length": 16.189, "bridge": NaN, "tunnel": NaN, "access": NaN, "junction": NaN, "width": NaN, "est_width": NaN, "iri": 17.6200008392334}}, {"type": "Feature", "geometry": {"type": "LineString", "coordinates": [[-91.2684824, 14.7197593], [-91.2685615, 14.7198734]]}, "properties": {"osmid": "397719633", "oneway": "False", "lanes": NaN, "ref": "RD-4", "name": NaN, "highway": "tertiary", "maxspeed": NaN, "length": 15.275, "bridge": NaN, "tunnel": NaN, "access": NaN, "junction": NaN, "width": NaN, "est_width": NaN, "iri": 17.6200008392334}}, {"type": "Feature", "geometry": {"type": "LineString", "coordinates": [[-91.2685615, 14.7198734], [-91.268658, 14.7199694]]}, "properties": {"osmid": "397719633", "oneway": "False", "lanes": NaN, "ref": "RD-4", "name": NaN, "highway": "tertiary", "maxspeed": NaN, "length": 14.888, "bridge": NaN, "tunnel": NaN, "access": NaN, "junction": NaN, "width": NaN, "est_width": NaN, "iri": 17.6200008392334}}, {"type": "Feature", "geometry": {"type": "LineString", "coordinates": [[-91.268658, 14.7199694], [-91.268823, 14.72009]]}, "properties": {"osmid": "397719633", "oneway": "False", "lanes": NaN, "ref": "RD-4", "name": NaN, "highway": "tertiary", "maxspeed": NaN, "length": 22.242, "bridge": NaN, "tunnel": NaN, "access": NaN, "junction": NaN, "width": NaN, "est_width": NaN, "iri": 17.6200008392334}}, {"type": "Feature", "geometry": {"type": "LineString", "coordinates": [[-91.268823, 14.72009], [-91.2688592, 14.7201393]]}, "properties": {"osmid": "397719633", "oneway": "False", "lanes": NaN, "ref": "RD-4", "name": NaN, "highway": "tertiary", "maxspeed": NaN, "length": 6.724, "bridge": NaN, "tunnel": NaN, "access": NaN, "junction": NaN, "width": NaN, "est_width": NaN, "iri": 17.6200008392334}}, {"type": "Feature", "geometry": {"type": "LineString", "coordinates": [[-91.2688592, 14.7201393], [-91.2688833, 14.7202197]]}, "properties": {"osmid": "397719633", "oneway": "False", "lanes": NaN, "ref": "RD-4", "name": NaN, "highway": "tertiary", "maxspeed": NaN, "length": 9.308, "bridge": NaN, "tunnel": NaN, "access": NaN, "junction": NaN, "width": NaN, "est_width": NaN, "iri": 17.6200008392334}}, {"type": "Feature", "geometry": {"type": "LineString", "coordinates": [[-91.2688833, 14.7202197], [-91.2688659, 14.7203949]]}, "properties": {"osmid": "397719633", "oneway": "False", "lanes": NaN, "ref": "RD-4", "name": NaN, "highway": "tertiary", "maxspeed": NaN, "length": 19.571, "bridge": NaN, "tunnel": NaN, "access": NaN, "junction": NaN, "width": NaN, "est_width": NaN, "iri": 17.6200008392334}}, {"type": "Feature", "geometry": {"type": "LineString", "coordinates": [[-91.2688659, 14.7203949], [-91.2689102, 14.7204805]]}, "properties": {"osmid": "397719633", "oneway": "False", "lanes": NaN, "ref": "RD-4", "name": NaN, "highway": "tertiary", "maxspeed": NaN, "length": 10.644, "bridge": NaN, "tunnel": NaN, "access": NaN, "junction": NaN, "width": NaN, "est_width": NaN, "iri": 17.6200008392334}}, {"type": "Feature", "geometry": {"type": "LineString", "coordinates": [[-91.2689102, 14.7204805], [-91.2690282, 14.720605]]}, "properties": {"osmid": "397719633", "oneway": "False", "lanes": NaN, "ref": "RD-4", "name": NaN, "highway": "tertiary", "maxspeed": NaN, "length": 18.78, "bridge": NaN, "tunnel": NaN, "access": NaN, "junction": NaN, "width": NaN, "est_width": NaN, "iri": 17.6200008392334}}, {"type": "Feature", "geometry": {"type": "LineString", "coordinates": [[-91.2690282, 14.720605], [-91.2690518, 14.7206503]]}, "properties": {"osmid": "397719633", "oneway": "False", "lanes": NaN, "ref": "RD-4", "name": NaN, "highway": "tertiary", "maxspeed": NaN, "length": 5.64, "bridge": NaN, "tunnel": NaN, "access": NaN, "junction": NaN, "width": NaN, "est_width": NaN, "iri": 17.6200008392334}}, {"type": "Feature", "geometry": {"type": "LineString", "coordinates": [[-91.2690518, 14.7206503], [-91.2691161, 14.7209564]]}, "properties": {"osmid": "397719633", "oneway": "False", "lanes": NaN, "ref": "RD-4", "name": NaN, "highway": "tertiary", "maxspeed": NaN, "length": 34.732, "bridge": NaN, "tunnel": NaN, "access": NaN, "junction": NaN, "width": NaN, "est_width": NaN, "iri": 17.6200008392334}}, {"type": "Feature", "geometry": {"type": "LineString", "coordinates": [[-91.2691161, 14.7209564], [-91.2689552, 14.7212106]]}, "properties": {"osmid": "397719633", "oneway": "False", "lanes": NaN, "ref": "RD-4", "name": NaN, "highway": "tertiary", "maxspeed": NaN, "length": 33.142, "bridge": NaN, "tunnel": NaN, "access": NaN, "junction": NaN, "width": NaN, "est_width": NaN, "iri": 17.6200008392334}}, {"type": "Feature", "geometry": {"type": "LineString", "coordinates": [[-91.2689552, 14.7212106], [-91.2683174, 14.7213665]]}, "properties": {"osmid": "397719633", "oneway": "False", "lanes": NaN, "ref": "RD-4", "name": NaN, "highway": "tertiary", "maxspeed": NaN, "length": 70.749, "bridge": NaN, "tunnel": NaN, "access": NaN, "junction": NaN, "width": NaN, "est_width": NaN, "iri": 17.6200008392334}}, {"type": "Feature", "geometry": {"type": "LineString", "coordinates": [[-91.2683174, 14.7213665], [-91.267936, 14.7214545]]}, "properties": {"osmid": "397719633", "oneway": "False", "lanes": NaN, "ref": "RD-4", "name": NaN, "highway": "tertiary", "maxspeed": NaN, "length": 42.169, "bridge": NaN, "tunnel": NaN, "access": NaN, "junction": NaN, "width": NaN, "est_width": NaN, "iri": 17.6200008392334}}, {"type": "Feature", "geometry": {"type": "LineString", "coordinates": [[-91.267936, 14.7214545], [-91.2677697, 14.721911]]}, "properties": {"osmid": "397719633", "oneway": "False", "lanes": NaN, "ref": "RD-4", "name": NaN, "highway": "tertiary", "maxspeed": NaN, "length": 53.819, "bridge": NaN, "tunnel": NaN, "access": NaN, "junction": NaN, "width": NaN, "est_width": NaN, "iri": 17.6200008392334}}, {"type": "Feature", "geometry": {"type": "LineString", "coordinates": [[-91.2677697, 14.721911], [-91.2668953, 14.722378]]}, "properties": {"osmid": "397719633", "oneway": "False", "lanes": NaN, "ref": "RD-4", "name": NaN, "highway": "tertiary", "maxspeed": NaN, "length": 107.422, "bridge": NaN, "tunnel": NaN, "access": NaN, "junction": NaN, "width": NaN, "est_width": NaN, "iri": 17.6200008392334}}, {"type": "Feature", "geometry": {"type": "LineString", "coordinates": [[-91.2668953, 14.722378], [-91.2653181, 14.7242769]]}, "properties": {"osmid": "397719633", "oneway": "False", "lanes": NaN, "ref": "RD-4", "name": NaN, "highway": "tertiary", "maxspeed": NaN, "length": 270.839, "bridge": NaN, "tunnel": NaN, "access": NaN, "junction": NaN, "width": NaN, "est_width": NaN, "iri": 17.6200008392334}}, {"type": "Feature", "geometry": {"type": "LineString", "coordinates": [[-91.2653181, 14.7242769], [-91.2642238, 14.7249358]]}, "properties": {"osmid": "397719633", "oneway": "False", "lanes": NaN, "ref": "RD-4", "name": NaN, "highway": "tertiary", "maxspeed": NaN, "length": 138.628, "bridge": NaN, "tunnel": NaN, "access": NaN, "junction": NaN, "width": NaN, "est_width": NaN, "iri": 17.6200008392334}}, {"type": "Feature", "geometry": {"type": "LineString", "coordinates": [[-91.2642238, 14.7249358], [-91.263918, 14.7252679]]}, "properties": {"osmid": "397719633", "oneway": "False", "lanes": NaN, "ref": "RD-4", "name": NaN, "highway": "tertiary", "maxspeed": NaN, "length": 49.449, "bridge": NaN, "tunnel": NaN, "access": NaN, "junction": NaN, "width": NaN, "est_width": NaN, "iri": 17.6200008392334}}, {"type": "Feature", "geometry": {"type": "LineString", "coordinates": [[-91.263918, 14.7252679], [-91.2628988, 14.7252782]]}, "properties": {"osmid": "397719633", "oneway": "False", "lanes": NaN, "ref": "RD-4", "name": NaN, "highway": "tertiary", "maxspeed": NaN, "length": 109.614, "bridge": NaN, "tunnel": NaN, "access": NaN, "junction": NaN, "width": NaN, "est_width": NaN, "iri": 17.6200008392334}}, {"type": "Feature", "geometry": {"type": "LineString", "coordinates": [[-91.2628988, 14.7252782], [-91.2627223, 14.7253926]]}, "properties": {"osmid": "397719633", "oneway": "False", "lanes": NaN, "ref": "RD-4", "name": NaN, "highway": "tertiary", "maxspeed": NaN, "length": 22.85, "bridge": NaN, "tunnel": NaN, "access": NaN, "junction": NaN, "width": NaN, "est_width": NaN, "iri": 17.6200008392334}}, {"type": "Feature", "geometry": {"type": "LineString", "coordinates": [[-91.2627223, 14.7253926], [-91.2624052, 14.7250136]]}, "properties": {"osmid": "397719633", "oneway": "False", "lanes": NaN, "ref": "RD-4", "name": NaN, "highway": "tertiary", "maxspeed": NaN, "length": 54.212, "bridge": NaN, "tunnel": NaN, "access": NaN, "junction": NaN, "width": NaN, "est_width": NaN, "iri": 17.6200008392334}}, {"type": "Feature", "geometry": {"type": "LineString", "coordinates": [[-91.2624052, 14.7250136], [-91.2624804, 14.7244948]]}, "properties": {"osmid": "397719633", "oneway": "False", "lanes": NaN, "ref": "RD-4", "name": NaN, "highway": "tertiary", "maxspeed": NaN, "length": 58.252, "bridge": NaN, "tunnel": NaN, "access": NaN, "junction": NaN, "width": NaN, "est_width": NaN, "iri": 17.6200008392334}}, {"type": "Feature", "geometry": {"type": "LineString", "coordinates": [[-91.2624804, 14.7244948], [-91.2621638, 14.7242354]]}, "properties": {"osmid": "397719633", "oneway": "False", "lanes": NaN, "ref": "RD-4", "name": NaN, "highway": "tertiary", "maxspeed": NaN, "length": 44.624, "bridge": NaN, "tunnel": NaN, "access": NaN, "junction": NaN, "width": NaN, "est_width": NaN, "iri": 17.6200008392334}}, {"type": "Feature", "geometry": {"type": "LineString", "coordinates": [[-91.2621638, 14.7242354], [-91.2615314, 14.7241475]]}, "properties": {"osmid": "397719633", "oneway": "False", "lanes": NaN, "ref": "RD-4", "name": NaN, "highway": "tertiary", "maxspeed": NaN, "length": 68.709, "bridge": NaN, "tunnel": NaN, "access": NaN, "junction": NaN, "width": NaN, "est_width": NaN, "iri": 17.6200008392334}}, {"type": "Feature", "geometry": {"type": "LineString", "coordinates": [[-91.2615314, 14.7241475], [-91.2610796, 14.72401]]}, "properties": {"osmid": "751762787", "oneway": "False", "lanes": NaN, "ref": NaN, "name": NaN, "highway": "tertiary", "maxspeed": NaN, "length": 50.937, "bridge": NaN, "tunnel": NaN, "access": NaN, "junction": NaN, "width": NaN, "est_width": NaN, "iri": 17.6200008392334}}, {"type": "Feature", "geometry": {"type": "LineString", "coordinates": [[-91.2610796, 14.72401], [-91.2609525, 14.7240211]]}, "properties": {"osmid": "751762787", "oneway": "False", "lanes": NaN, "ref": NaN, "name": NaN, "highway": "tertiary", "maxspeed": NaN, "length": 13.724, "bridge": NaN, "tunnel": NaN, "access": NaN, "junction": NaN, "width": NaN, "est_width": NaN, "iri": 17.6200008392334}}, {"type": "Feature", "geometry": {"type": "LineString", "coordinates": [[-91.2609525, 14.7240211], [-91.2608695, 14.7240766]]}, "properties": {"osmid": "751762787", "oneway": "False", "lanes": NaN, "ref": NaN, "name": NaN, "highway": "tertiary", "maxspeed": NaN, "length": 10.852, "bridge": NaN, "tunnel": NaN, "access": NaN, "junction": NaN, "width": NaN, "est_width": NaN, "iri": 17.6200008392334}}, {"type": "Feature", "geometry": {"type": "LineString", "coordinates": [[-91.2608695, 14.7240766], [-91.2608086, 14.724191]]}, "properties": {"osmid": "751762787", "oneway": "False", "lanes": NaN, "ref": NaN, "name": NaN, "highway": "tertiary", "maxspeed": NaN, "length": 14.308, "bridge": NaN, "tunnel": NaN, "access": NaN, "junction": NaN, "width": NaN, "est_width": NaN, "iri": 17.6200008392334}}, {"type": "Feature", "geometry": {"type": "LineString", "coordinates": [[-91.2608086, 14.724191], [-91.2607005, 14.724495]]}, "properties": {"osmid": "751762787", "oneway": "False", "lanes": NaN, "ref": NaN, "name": NaN, "highway": "tertiary", "maxspeed": NaN, "length": 35.747, "bridge": NaN, "tunnel": NaN, "access": NaN, "junction": NaN, "width": NaN, "est_width": NaN, "iri": 17.6200008392334}}, {"type": "Feature", "geometry": {"type": "LineString", "coordinates": [[-91.2607005, 14.724495], [-91.2606238, 14.7245571]]}, "properties": {"osmid": "751762787", "oneway": "False", "lanes": NaN, "ref": NaN, "name": NaN, "highway": "tertiary", "maxspeed": NaN, "length": 10.757, "bridge": NaN, "tunnel": NaN, "access": NaN, "junction": NaN, "width": NaN, "est_width": NaN, "iri": 17.6200008392334}}, {"type": "Feature", "geometry": {"type": "LineString", "coordinates": [[-91.2606238, 14.7245571], [-91.2605391, 14.7245721]]}, "properties": {"osmid": "751762787", "oneway": "False", "lanes": NaN, "ref": NaN, "name": NaN, "highway": "tertiary", "maxspeed": NaN, "length": 9.26, "bridge": NaN, "tunnel": NaN, "access": NaN, "junction": NaN, "width": NaN, "est_width": NaN, "iri": 17.6200008392334}}, {"type": "Feature", "geometry": {"type": "LineString", "coordinates": [[-91.2605391, 14.7245721], [-91.2604597, 14.7245557]]}, "properties": {"osmid": "751762787", "oneway": "False", "lanes": NaN, "ref": NaN, "name": NaN, "highway": "tertiary", "maxspeed": NaN, "length": 8.731, "bridge": NaN, "tunnel": NaN, "access": NaN, "junction": NaN, "width": NaN, "est_width": NaN, "iri": 17.6200008392334}}, {"type": "Feature", "geometry": {"type": "LineString", "coordinates": [[-91.2604597, 14.7245557], [-91.2603398, 14.7244991]]}, "properties": {"osmid": "751762787", "oneway": "False", "lanes": NaN, "ref": NaN, "name": NaN, "highway": "tertiary", "maxspeed": NaN, "length": 14.348, "bridge": NaN, "tunnel": NaN, "access": NaN, "junction": NaN, "width": NaN, "est_width": NaN, "iri": 17.6200008392334}}, {"type": "Feature", "geometry": {"type": "LineString", "coordinates": [[-91.2603398, 14.7244991], [-91.2599382, 14.7243094]]}, "properties": {"osmid": "751762787", "oneway": "False", "lanes": NaN, "ref": NaN, "name": NaN, "highway": "tertiary", "maxspeed": NaN, "length": 48.065, "bridge": NaN, "tunnel": NaN, "access": NaN, "junction": NaN, "width": NaN, "est_width": NaN, "iri": 17.6200008392334}}, {"type": "Feature", "geometry": {"type": "LineString", "coordinates": [[-91.2599382, 14.7243094], [-91.2598907, 14.7242963]]}, "properties": {"osmid": "751762787", "oneway": "False", "lanes": NaN, "ref": NaN, "name": NaN, "highway": "tertiary", "maxspeed": NaN, "length": 5.312, "bridge": NaN, "tunnel": NaN, "access": NaN, "junction": NaN, "width": NaN, "est_width": NaN, "iri": 17.6200008392334}}, {"type": "Feature", "geometry": {"type": "LineString", "coordinates": [[-91.2598907, 14.7242963], [-91.2598363, 14.724299]]}, "properties": {"osmid": "751762787", "oneway": "False", "lanes": NaN, "ref": NaN, "name": NaN, "highway": "tertiary", "maxspeed": NaN, "length": 5.858, "bridge": NaN, "tunnel": NaN, "access": NaN, "junction": NaN, "width": NaN, "est_width": NaN, "iri": 17.6200008392334}}, {"type": "Feature", "geometry": {"type": "LineString", "coordinates": [[-91.2598363, 14.724299], [-91.2591339, 14.7243601]]}, "properties": {"osmid": "751762787", "oneway": "False", "lanes": NaN, "ref": NaN, "name": NaN, "highway": "tertiary", "maxspeed": NaN, "length": 75.843, "bridge": NaN, "tunnel": NaN, "access": NaN, "junction": NaN, "width": NaN, "est_width": NaN, "iri": 17.6200008392334}}]}