{"type": "FeatureCollection", "features": [{"type": "Feature", "geometry": {"type": "LineString", "coordinates": [[-91.2873524, 14.6942609], [-91.2874288, 14.6948313]]}, "properties": {"osmid": "386187983", "oneway": "False", "lanes": "2", "ref": "RD SOL-4", "name": "4a Avenida", "highway": "secondary", "maxspeed": NaN, "length": 63.956, "bridge": NaN, "tunnel": NaN, "access": NaN, "junction": NaN, "width": NaN, "est_width": NaN, "iri": 7.73000001907349}}, {"type": "Feature", "geometry": {"type": "LineString", "coordinates": [[-91.2874288, 14.6948313], [-91.2875326, 14.695226]]}, "properties": {"osmid": "386187983", "oneway": "False", "lanes": "2", "ref": "RD SOL-4", "name": "4a Avenida", "highway": "secondary", "maxspeed": NaN, "length": 45.286, "bridge": NaN, "tunnel": NaN, "access": NaN, "junction": NaN, "width": NaN, "est_width": NaN, "iri": 7.73000001907349}}, {"type": "Feature", "geometry": {"type": "LineString", "coordinates": [[-91.2875326, 14.695226], [-91.287614, 14.695447]]}, "properties": {"osmid": "386187983", "oneway": "False", "lanes": "2", "ref": "RD SOL-4", "name": "4a Avenida", "highway": "secondary", "maxspeed": NaN, "length": 26.087, "bridge": NaN, "tunnel": NaN, "access": NaN, "junction": NaN, "width": NaN, "est_width": NaN, "iri": 7.73000001907349}}, {"type": "Feature", "geometry": {"type": "LineString", "coordinates": [[-91.287614, 14.695447], [-91.2879151, 14.6958473]]}, "properties": {"osmid": "386187983", "oneway": "False", "lanes": "2", "ref": "RD SOL-4", "name": "4a Avenida", "highway": "secondary", "maxspeed": NaN, "length": 55.046, "bridge": NaN, "tunnel": NaN, "access": NaN, "junction": NaN, "width": NaN, "est_width": NaN, "iri": 7.73000001907349}}, {"type": "Feature", "geometry": {"type": "LineString", "coordinates": [[-91.2879151, 14.6958473], [-91.2880296, 14.6962958]]}, "properties": {"osmid": "386187983", "oneway": "False", "lanes": "2", "ref": "RD SOL-4", "name": "4a Avenida", "highway": "secondary", "maxspeed": NaN, "length": 51.369, "bridge": NaN, "tunnel": NaN, "access": NaN, "junction": NaN, "width": NaN, "est_width": NaN, "iri": 7.73000001907349}}, {"type": "Feature", "geometry": {"type": "LineString", "coordinates": [[-91.2880296, 14.6962958], [-91.2882058, 14.6968998]]}, "properties": {"osmid": "386187983", "oneway": "False", "lanes": "2", "ref": "RD SOL-4", "name": "4a Avenida", "highway": "secondary", "maxspeed": NaN, "length": 69.784, "bridge": NaN, "tunnel": NaN, "access": NaN, "junction": NaN, "width": NaN, "est_width": NaN, "iri": 7.73000001907349}}, {"type": "Feature", "geometry": {"type": "LineString", "coordinates": [[-91.2882058, 14.6968998], [-91.2886912, 14.6968548]]}, "properties": {"osmid": "406373518", "oneway": "False", "lanes": "2", "ref": "RD SOL-4", "name": "1a Calle", "highway": "secondary", "maxspeed": NaN, "length": 52.447, "bridge": NaN, "tunnel": NaN, "access": NaN, "junction": NaN, "width": NaN, "est_width": NaN, "iri": 7.73000001907349}}, {"type": "Feature", "geometry": {"type": "LineString", "coordinates": [[-91.2886912, 14.6968548], [-91.2890043, 14.6968252]]}, "properties": {"osmid": "406373518", "oneway": "False", "lanes": "2", "ref": "RD SOL-4", "name": "1a Calle", "highway": "secondary", "maxspeed": NaN, "length": 33.837, "bridge": NaN, "tunnel": NaN, "access": NaN, "junction": NaN, "width": NaN, "est_width": NaN, "iri": 7.73000001907349}}, {"type": "Feature", "geometry": {"type": "LineString", "coordinates": [[-91.2890043, 14.6968252], [-91.289146, 14.6972693]]}, "properties": {"osmid": "406373521", "oneway": "False", "lanes": "2", "ref": "RD SOL-4", "name": "2a Avenida", "highway": "secondary", "maxspeed": NaN, "length": 51.68, "bridge": NaN, "tunnel": NaN, "access": NaN, "junction": NaN, "width": NaN, "est_width": NaN, "iri": 7.73000001907349}}, {"type": "Feature", "geometry": {"type": "LineString", "coordinates": [[-91.289146, 14.6972693], [-91.2892326, 14.6976137]]}, "properties": {"osmid": "406373521", "oneway": "False", "lanes": "2", "ref": "RD SOL-4", "name": "2a Avenida", "highway": "secondary", "maxspeed": NaN, "length": 39.412, "bridge": NaN, "tunnel": NaN, "access": NaN, "junction": NaN, "width": NaN, "est_width": NaN, "iri": 7.73000001907349}}, {"type": "Feature", "geometry": {"type": "LineString", "coordinates": [[-91.2892326, 14.6976137], [-91.2893392, 14.6982561]]}, "properties": {"osmid": "406373521", "oneway": "False", "lanes": "2", "ref": "RD SOL-4", "name": "2a Avenida", "highway": "secondary", "maxspeed": NaN, "length": 72.346, "bridge": NaN, "tunnel": NaN, "access": NaN, "junction": NaN, "width": NaN, "est_width": NaN, "iri": 7.73000001907349}}, {"type": "Feature", "geometry": {"type": "LineString", "coordinates": [[-91.2893392, 14.6982561], [-91.2893073, 14.6983877]]}, "properties": {"osmid": "406373521", "oneway": "False", "lanes": "2", "ref": "RD SOL-4", "name": "2a Avenida", "highway": "secondary", "maxspeed": NaN, "length": 15.03, "bridge": NaN, "tunnel": NaN, "access": NaN, "junction": NaN, "width": NaN, "est_width": NaN, "iri": 7.73000001907349}}, {"type": "Feature", "geometry": {"type": "LineString", "coordinates": [[-91.2893073, 14.6983877], [-91.2887774, 14.6989516]]}, "properties": {"osmid": "406373522", "oneway": "False", "lanes": "2", "ref": "RD SOL-4", "name": "Carretera San Pablo - San Juan La Laguna", "highway": "secondary", "maxspeed": NaN, "length": 84.735, "bridge": NaN, "tunnel": NaN, "access": NaN, "junction": NaN, "width": NaN, "est_width": NaN, "iri": 7.73000001907349}}, {"type": "Feature", "geometry": {"type": "LineString", "coordinates": [[-91.2887774, 14.6989516], [-91.2885127, 14.6999157]]}, "properties": {"osmid": "406373522", "oneway": "False", "lanes": "2", "ref": "RD SOL-4", "name": "Carretera San Pablo - San Juan La Laguna", "highway": "secondary", "maxspeed": NaN, "length": 110.919, "bridge": NaN, "tunnel": NaN, "access": NaN, "junction": NaN, "width": NaN, "est_width": NaN, "iri": 7.73000001907349}}, {"type": "Feature", "geometry": {"type": "LineString", "coordinates": [[-91.2885127, 14.6999157], [-91.2884299, 14.7001476]]}, "properties": {"osmid": "406373522", "oneway": "False", "lanes": "2", "ref": "RD SOL-4", "name": "Carretera San Pablo - San Juan La Laguna", "highway": "secondary", "maxspeed": NaN, "length": 27.281, "bridge": NaN, "tunnel": NaN, "access": NaN, "junction": NaN, "width": NaN, "est_width": NaN, "iri": 7.73000001907349}}, {"type": "Feature", "geometry": {"type": "LineString", "coordinates": [[-91.2884299, 14.7001476], [-91.2882769, 14.7010411]]}, "properties": {"osmid": "406373522", "oneway": "False", "lanes": "2", "ref": "RD SOL-4", "name": "Carretera San Pablo - San Juan La Laguna", "highway": "secondary", "maxspeed": NaN, "length": 100.706, "bridge": NaN, "tunnel": NaN, "access": NaN, "junction": NaN, "width": NaN, "est_width": NaN, "iri": 7.73000001907349}}, {"type": "Feature", "geometry": {"type": "LineString", "coordinates": [[-91.2882769, 14.7010411], [-91.2884044, 14.7019231]]}, "properties": {"osmid": "406373522", "oneway": "False", "lanes": "2", "ref": "RD SOL-4", "name": "Carretera San Pablo - San Juan La Laguna", "highway": "secondary", "maxspeed": NaN, "length": 99.028, "bridge": NaN, "tunnel": NaN, "access": NaN, "junction": NaN, "width": NaN, "est_width": NaN, "iri": 7.73000001907349}}, {"type": "Feature", "geometry": {"type": "LineString", "coordinates": [[-91.2884044, 14.7019231], [-91.2883889, 14.7035192]]}, "properties": {"osmid": "406373522", "oneway": "False", "lanes": "2", "ref": "RD SOL-4", "name": "Carretera San Pablo - San Juan La Laguna", "highway": "secondary", "maxspeed": NaN, "length": 177.486, "bridge": NaN, "tunnel": NaN, "access": NaN, "junction": NaN, "width": NaN, "est_width": NaN, "iri": 7.73000001907349}}, {"type": "Feature", "geometry": {"type": "LineString", "coordinates": [[-91.2883889, 14.7035192], [-91.2882124, 14.7038971]]}, "properties": {"osmid": "406373522", "oneway": "False", "lanes": "2", "ref": "RD SOL-4", "name": "Carretera San Pablo - San Juan La Laguna", "highway": "secondary", "maxspeed": NaN, "length": 46.11, "bridge": NaN, "tunnel": NaN, "access": NaN, "junction": NaN, "width": NaN, "est_width": NaN, "iri": 7.73000001907349}}, {"type": "Feature", "geometry": {"type": "LineString", "coordinates": [[-91.2882124, 14.7038971], [-91.2879968, 14.7042442]]}, "properties": {"osmid": "406373522", "oneway": "False", "lanes": "2", "ref": "RD SOL-4", "name": "Carretera San Pablo - San Juan La Laguna", "highway": "secondary", "maxspeed": NaN, "length": 45.026, "bridge": NaN, "tunnel": NaN, "access": NaN, "junction": NaN, "width": NaN, "est_width": NaN, "iri": 7.73000001907349}}, {"type": "Feature", "geometry": {"type": "LineString", "coordinates": [[-91.2879968, 14.7042442], [-91.2876001, 14.7045648]]}, "properties": {"osmid": "406373522", "oneway": "False", "lanes": "2", "ref": "RD SOL-4", "name": "Carretera San Pablo - San Juan La Laguna", "highway": "secondary", "maxspeed": NaN, "length": 55.599, "bridge": NaN, "tunnel": NaN, "access": NaN, "junction": NaN, "width": NaN, "est_width": NaN, "iri": 7.73000001907349}}, {"type": "Feature", "geometry": {"type": "LineString", "coordinates": [[-91.2876001, 14.7045648], [-91.287223, 14.7054651]]}, "properties": {"osmid": "406373522", "oneway": "False", "lanes": "2", "ref": "RD SOL-4", "name": "Carretera San Pablo - San Juan La Laguna", "highway": "secondary", "maxspeed": NaN, "length": 108.013, "bridge": NaN, "tunnel": NaN, "access": NaN, "junction": NaN, "width": NaN, "est_width": NaN, "iri": 7.73000001907349}}, {"type": "Feature", "geometry": {"type": "LineString", "coordinates": [[-91.287223, 14.7054651], [-91.2870961, 14.7064157]]}, "properties": {"osmid": "406373522", "oneway": "False", "lanes": "2", "ref": "RD SOL-4", "name": "Carretera San Pablo - San Juan La Laguna", "highway": "secondary", "maxspeed": NaN, "length": 106.58, "bridge": NaN, "tunnel": NaN, "access": NaN, "junction": NaN, "width": NaN, "est_width": NaN, "iri": 7.73000001907349}}, {"type": "Feature", "geometry": {"type": "LineString", "coordinates": [[-91.2870961, 14.7064157], [-91.2865278, 14.7071399]]}, "properties": {"osmid": "406373522", "oneway": "False", "lanes": "2", "ref": "RD SOL-4", "name": "Carretera San Pablo - San Juan La Laguna", "highway": "secondary", "maxspeed": NaN, "length": 101.097, "bridge": NaN, "tunnel": NaN, "access": NaN, "junction": NaN, "width": NaN, "est_width": NaN, "iri": 7.73000001907349}}, {"type": "Feature", "geometry": {"type": "LineString", "coordinates": [[-91.2865278, 14.7071399], [-91.2863982, 14.7076895]]}, "properties": {"osmid": "406373522", "oneway": "False", "lanes": "2", "ref": "RD SOL-4", "name": "Carretera San Pablo - San Juan La Laguna", "highway": "secondary", "maxspeed": NaN, "length": 62.682, "bridge": NaN, "tunnel": NaN, "access": NaN, "junction": NaN, "width": NaN, "est_width": NaN, "iri": 7.73000001907349}}, {"type": "Feature", "geometry": {"type": "LineString", "coordinates": [[-91.2863982, 14.7076895], [-91.2859711, 14.7079289]]}, "properties": {"osmid": "406373522", "oneway": "False", "lanes": "2", "ref": "RD SOL-4", "name": "Carretera San Pablo - San Juan La Laguna", "highway": "secondary", "maxspeed": NaN, "length": 53.091, "bridge": NaN, "tunnel": NaN, "access": NaN, "junction": NaN, "width": NaN, "est_width": NaN, "iri": 7.73000001907349}}, {"type": "Feature", "geometry": {"type": "LineString", "coordinates": [[-91.2859711, 14.7079289], [-91.2851441, 14.7085489]]}, "properties": {"osmid": "406373522", "oneway": "False", "lanes": "2", "ref": "RD SOL-4", "name": "Carretera San Pablo - San Juan La Laguna", "highway": "secondary", "maxspeed": NaN, "length": 112.535, "bridge": NaN, "tunnel": NaN, "access": NaN, "junction": NaN, "width": NaN, "est_width": NaN, "iri": 7.73000001907349}}, {"type": "Feature", "geometry": {"type": "LineString", "coordinates": [[-91.2851441, 14.7085489], [-91.2847996, 14.7087947]]}, "properties": {"osmid": "406373522", "oneway": "False", "lanes": "2", "ref": "RD SOL-4", "name": "Carretera San Pablo - San Juan La Laguna", "highway": "secondary", "maxspeed": NaN, "length": 46.042, "bridge": NaN, "tunnel": NaN, "access": NaN, "junction": NaN, "width": NaN, "est_width": NaN, "iri": 7.73000001907349}}, {"type": "Feature", "geometry": {"type": "LineString", "coordinates": [[-91.2847996, 14.7087947], [-91.2844026, 14.7086961]]}, "properties": {"osmid": "406373522", "oneway": "False", "lanes": "2", "ref": "RD SOL-4", "name": "Carretera San Pablo - San Juan La Laguna", "highway": "secondary", "maxspeed": NaN, "length": 44.083, "bridge": NaN, "tunnel": NaN, "access": NaN, "junction": NaN, "width": NaN, "est_width": NaN, "iri": 7.73000001907349}}, {"type": "Feature", "geometry": {"type": "LineString", "coordinates": [[-91.2844026, 14.7086961], [-91.2842755, 14.7088011]]}, "properties": {"osmid": "406373522", "oneway": "False", "lanes": "2", "ref": "RD SOL-4", "name": "Carretera San Pablo - San Juan La Laguna", "highway": "secondary", "maxspeed": NaN, "length": 17.977, "bridge": NaN, "tunnel": NaN, "access": NaN, "junction": NaN, "width": NaN, "est_width": NaN, "iri": 7.73000001907349}}, {"type": "Feature", "geometry": {"type": "LineString", "coordinates": [[-91.2842755, 14.7088011], [-91.2843812, 14.7093032]]}, "properties": {"osmid": "406373522", "oneway": "False", "lanes": "2", "ref": "RD SOL-4", "name": "Carretera San Pablo - San Juan La Laguna", "highway": "secondary", "maxspeed": NaN, "length": 56.977, "bridge": NaN, "tunnel": NaN, "access": NaN, "junction": NaN, "width": NaN, "est_width": NaN, "iri": 7.73000001907349}}, {"type": "Feature", "geometry": {"type": "LineString", "coordinates": [[-91.2843812, 14.7093032], [-91.2843243, 14.7097547]]}, "properties": {"osmid": "406373522", "oneway": "False", "lanes": "2", "ref": "RD SOL-4", "name": "Carretera San Pablo - San Juan La Laguna", "highway": "secondary", "maxspeed": NaN, "length": 50.576, "bridge": NaN, "tunnel": NaN, "access": NaN, "junction": NaN, "width": NaN, "est_width": NaN, "iri": 7.73000001907349}}, {"type": "Feature", "geometry": {"type": "LineString", "coordinates": [[-91.2843243, 14.7097547], [-91.2841889, 14.7107045]]}, "properties": {"osmid": "406373522", "oneway": "False", "lanes": "2", "ref": "RD SOL-4", "name": "Carretera San Pablo - San Juan La Laguna", "highway": "secondary", "maxspeed": NaN, "length": 106.612, "bridge": NaN, "tunnel": NaN, "access": NaN, "junction": NaN, "width": NaN, "est_width": NaN, "iri": 7.73000001907349}}, {"type": "Feature", "geometry": {"type": "LineString", "coordinates": [[-91.2841889, 14.7107045], [-91.2839817, 14.7116869]]}, "properties": {"osmid": "406373522", "oneway": "False", "lanes": "2", "ref": "RD SOL-4", "name": "Carretera San Pablo - San Juan La Laguna", "highway": "secondary", "maxspeed": NaN, "length": 111.488, "bridge": NaN, "tunnel": NaN, "access": NaN, "junction": NaN, "width": NaN, "est_width": NaN, "iri": 7.73000001907349}}, {"type": "Feature", "geometry": {"type": "LineString", "coordinates": [[-91.2839817, 14.7116869], [-91.2839251, 14.7126658]]}, "properties": {"osmid": "406373522", "oneway": "False", "lanes": "2", "ref": "RD SOL-4", "name": "Carretera San Pablo - San Juan La Laguna", "highway": "secondary", "maxspeed": NaN, "length": 109.019, "bridge": NaN, "tunnel": NaN, "access": NaN, "junction": NaN, "width": NaN, "est_width": NaN, "iri": 7.73000001907349}}, {"type": "Feature", "geometry": {"type": "LineString", "coordinates": [[-91.2839251, 14.7126658], [-91.2835056, 14.7135026]]}, "properties": {"osmid": "406373522", "oneway": "False", "lanes": "2", "ref": "RD SOL-4", "name": "Carretera San Pablo - San Juan La Laguna", "highway": "secondary", "maxspeed": NaN, "length": 103.409, "bridge": NaN, "tunnel": NaN, "access": NaN, "junction": NaN, "width": NaN, "est_width": NaN, "iri": 7.73000001907349}}, {"type": "Feature", "geometry": {"type": "LineString", "coordinates": [[-91.2835056, 14.7135026], [-91.282748, 14.7141071]]}, "properties": {"osmid": "406373522", "oneway": "False", "lanes": "2", "ref": "RD SOL-4", "name": "Carretera San Pablo - San Juan La Laguna", "highway": "secondary", "maxspeed": NaN, "length": 105.627, "bridge": NaN, "tunnel": NaN, "access": NaN, "junction": NaN, "width": NaN, "est_width": NaN, "iri": 7.73000001907349}}, {"type": "Feature", "geometry": {"type": "LineString", "coordinates": [[-91.282748, 14.7141071], [-91.2819571, 14.7145056]]}, "properties": {"osmid": "406373522", "oneway": "False", "lanes": "2", "ref": "RD SOL-4", "name": "Carretera San Pablo - San Juan La Laguna", "highway": "secondary", "maxspeed": NaN, "length": 95.91, "bridge": NaN, "tunnel": NaN, "access": NaN, "junction": NaN, "width": NaN, "est_width": NaN, "iri": 7.73000001907349}}, {"type": "Feature", "geometry": {"type": "LineString", "coordinates": [[-91.2819571, 14.7145056], [-91.2811011, 14.7149397]]}, "properties": {"osmid": "406373522", "oneway": "False", "lanes": "2", "ref": "RD SOL-4", "name": "Carretera San Pablo - San Juan La Laguna", "highway": "secondary", "maxspeed": NaN, "length": 103.948, "bridge": NaN, "tunnel": NaN, "access": NaN, "junction": NaN, "width": NaN, "est_width": NaN, "iri": 7.73000001907349}}, {"type": "Feature", "geometry": {"type": "LineString", "coordinates": [[-91.2811011, 14.7149397], [-91.2802194, 14.7153282]]}, "properties": {"osmid": "406373522", "oneway": "False", "lanes": "2", "ref": "RD SOL-4", "name": "Carretera San Pablo - San Juan La Laguna", "highway": "secondary", "maxspeed": NaN, "length": 104.202, "bridge": NaN, "tunnel": NaN, "access": NaN, "junction": NaN, "width": NaN, "est_width": NaN, "iri": 7.73000001907349}}, {"type": "Feature", "geometry": {"type": "LineString", "coordinates": [[-91.2802194, 14.7153282], [-91.2793383, 14.7158369]]}, "properties": {"osmid": "406373522", "oneway": "False", "lanes": "2", "ref": "RD SOL-4", "name": "Carretera San Pablo - San Juan La Laguna", "highway": "secondary", "maxspeed": NaN, "length": 110.359, "bridge": NaN, "tunnel": NaN, "access": NaN, "junction": NaN, "width": NaN, "est_width": NaN, "iri": 7.73000001907349}}, {"type": "Feature", "geometry": {"type": "LineString", "coordinates": [[-91.2793383, 14.7158369], [-91.2788772, 14.7160309]]}, "properties": {"osmid": "406373522", "oneway": "False", "lanes": "2", "ref": "RD SOL-4", "name": "Carretera San Pablo - San Juan La Laguna", "highway": "secondary", "maxspeed": NaN, "length": 54.079, "bridge": NaN, "tunnel": NaN, "access": NaN, "junction": NaN, "width": NaN, "est_width": NaN, "iri": 7.73000001907349}}, {"type": "Feature", "geometry": {"type": "LineString", "coordinates": [[-91.2788772, 14.7160309], [-91.2786398, 14.7160572]]}, "properties": {"osmid": "406373522", "oneway": "False", "lanes": "2", "ref": "RD SOL-4", "name": "Carretera San Pablo - San Juan La Laguna", "highway": "secondary", "maxspeed": NaN, "length": 25.699, "bridge": NaN, "tunnel": NaN, "access": NaN, "junction": NaN, "width": NaN, "est_width": NaN, "iri": 7.73000001907349}}, {"type": "Feature", "geometry": {"type": "LineString", "coordinates": [[-91.2786398, 14.7160572], [-91.2783369, 14.7159249]]}, "properties": {"osmid": "406373522", "oneway": "False", "lanes": "2", "ref": "RD SOL-4", "name": "Carretera San Pablo - San Juan La Laguna", "highway": "secondary", "maxspeed": NaN, "length": 35.744, "bridge": NaN, "tunnel": NaN, "access": NaN, "junction": NaN, "width": NaN, "est_width": NaN, "iri": 7.73000001907349}}, {"type": "Feature", "geometry": {"type": "LineString", "coordinates": [[-91.2783369, 14.7159249], [-91.2780523, 14.7157072]]}, "properties": {"osmid": "406373522", "oneway": "False", "lanes": "2", "ref": "RD SOL-4", "name": "Carretera San Pablo - San Juan La Laguna", "highway": "secondary", "maxspeed": NaN, "length": 39.024, "bridge": NaN, "tunnel": NaN, "access": NaN, "junction": NaN, "width": NaN, "est_width": NaN, "iri": 7.73000001907349}}, {"type": "Feature", "geometry": {"type": "LineString", "coordinates": [[-91.2780523, 14.7157072], [-91.2774445, 14.7155715]]}, "properties": {"osmid": "406373522", "oneway": "False", "lanes": "2", "ref": "RD SOL-4", "name": "Carretera San Pablo - San Juan La Laguna", "highway": "secondary", "maxspeed": NaN, "length": 67.086, "bridge": NaN, "tunnel": NaN, "access": NaN, "junction": NaN, "width": NaN, "est_width": NaN, "iri": 7.73000001907349}}, {"type": "Feature", "geometry": {"type": "LineString", "coordinates": [[-91.2774445, 14.7155715], [-91.2764154, 14.7155585]]}, "properties": {"osmid": "406373522", "oneway": "False", "lanes": "2", "ref": "RD SOL-4", "name": "Carretera San Pablo - San Juan La Laguna", "highway": "secondary", "maxspeed": NaN, "length": 110.687, "bridge": NaN, "tunnel": NaN, "access": NaN, "junction": NaN, "width": NaN, "est_width": NaN, "iri": 7.73000001907349}}, {"type": "Feature", "geometry": {"type": "LineString", "coordinates": [[-91.2764154, 14.7155585], [-91.2756447, 14.7161029]]}, "properties": {"osmid": "406373522", "oneway": "False", "lanes": "2", "ref": "RD SOL-4", "name": "Carretera San Pablo - San Juan La Laguna", "highway": "secondary", "maxspeed": NaN, "length": 102.639, "bridge": NaN, "tunnel": NaN, "access": NaN, "junction": NaN, "width": NaN, "est_width": NaN, "iri": 7.73000001907349}}, {"type": "Feature", "geometry": {"type": "LineString", "coordinates": [[-91.2756447, 14.7161029], [-91.2748604, 14.7167146]]}, "properties": {"osmid": "548777209", "oneway": "False", "lanes": "2", "ref": "RD SOL-4", "name": "Carretera San Pablo - San Juan La Laguna", "highway": "secondary", "maxspeed": NaN, "length": 108.357, "bridge": NaN, "tunnel": NaN, "access": NaN, "junction": NaN, "width": NaN, "est_width": NaN, "iri": 7.73000001907349}}, {"type": "Feature", "geometry": {"type": "LineString", "coordinates": [[-91.2748604, 14.7167146], [-91.2744498, 14.7169379]]}, "properties": {"osmid": "548777209", "oneway": "False", "lanes": "2", "ref": "RD SOL-4", "name": "Carretera San Pablo - San Juan La Laguna", "highway": "secondary", "maxspeed": NaN, "length": 50.661, "bridge": NaN, "tunnel": NaN, "access": NaN, "junction": NaN, "width": NaN, "est_width": NaN, "iri": 7.73000001907349}}, {"type": "Feature", "geometry": {"type": "LineString", "coordinates": [[-91.2744498, 14.7169379], [-91.2739846, 14.7170484]]}, "properties": {"osmid": "548777209", "oneway": "False", "lanes": "2", "ref": "RD SOL-4", "name": "Carretera San Pablo - San Juan La Laguna", "highway": "secondary", "maxspeed": NaN, "length": 51.518, "bridge": NaN, "tunnel": NaN, "access": NaN, "junction": NaN, "width": NaN, "est_width": NaN, "iri": 7.73000001907349}}, {"type": "Feature", "geometry": {"type": "LineString", "coordinates": [[-91.2739846, 14.7170484], [-91.2737695, 14.7170447]]}, "properties": {"osmid": "548777209", "oneway": "False", "lanes": "2", "ref": "RD SOL-4", "name": "Carretera San Pablo - San Juan La Laguna", "highway": "secondary", "maxspeed": NaN, "length": 23.137, "bridge": NaN, "tunnel": NaN, "access": NaN, "junction": NaN, "width": NaN, "est_width": NaN, "iri": 7.73000001907349}}, {"type": "Feature", "geometry": {"type": "LineString", "coordinates": [[-91.2737695, 14.7170447], [-91.2735486, 14.7169806]]}, "properties": {"osmid": "548777209", "oneway": "False", "lanes": "2", "ref": "RD SOL-4", "name": "Carretera San Pablo - San Juan La Laguna", "highway": "secondary", "maxspeed": NaN, "length": 24.803, "bridge": NaN, "tunnel": NaN, "access": NaN, "junction": NaN, "width": NaN, "est_width": NaN, "iri": 7.73000001907349}}, {"type": "Feature", "geometry": {"type": "LineString", "coordinates": [[-91.2735486, 14.7169806], [-91.273363, 14.7168183]]}, "properties": {"osmid": "548777210", "oneway": "False", "lanes": "2", "ref": "RD SOL-4", "name": "Carretera San Pablo - San Juan La Laguna", "highway": "secondary", "maxspeed": NaN, "length": 26.91, "bridge": NaN, "tunnel": NaN, "access": NaN, "junction": NaN, "width": NaN, "est_width": NaN, "iri": 7.73000001907349}}, {"type": "Feature", "geometry": {"type": "LineString", "coordinates": [[-91.273363, 14.7168183], [-91.2732278, 14.7165987]]}, "properties": {"osmid": "548777210", "oneway": "False", "lanes": "2", "ref": "RD SOL-4", "name": "Carretera San Pablo - San Juan La Laguna", "highway": "secondary", "maxspeed": NaN, "length": 28.42, "bridge": NaN, "tunnel": NaN, "access": NaN, "junction": NaN, "width": NaN, "est_width": NaN, "iri": 7.73000001907349}}, {"type": "Feature", "geometry": {"type": "LineString", "coordinates": [[-91.2732278, 14.7165987], [-91.2730891, 14.7164081]]}, "properties": {"osmid": "548777210", "oneway": "False", "lanes": "2", "ref": "RD SOL-4", "name": "Carretera San Pablo - San Juan La Laguna", "highway": "secondary", "maxspeed": NaN, "length": 25.917, "bridge": NaN, "tunnel": NaN, "access": NaN, "junction": NaN, "width": NaN, "est_width": NaN, "iri": 7.73000001907349}}, {"type": "Feature", "geometry": {"type": "LineString", "coordinates": [[-91.2730891, 14.7164081], [-91.2728947, 14.7162585]]}, "properties": {"osmid": "548777210", "oneway": "False", "lanes": "2", "ref": "RD SOL-4", "name": "Carretera San Pablo - San Juan La Laguna", "highway": "secondary", "maxspeed": NaN, "length": 26.718, "bridge": NaN, "tunnel": NaN, "access": NaN, "junction": NaN, "width": NaN, "est_width": NaN, "iri": 7.73000001907349}}, {"type": "Feature", "geometry": {"type": "LineString", "coordinates": [[-91.2728947, 14.7162585], [-91.2726208, 14.7162457]]}, "properties": {"osmid": "548777210", "oneway": "False", "lanes": "2", "ref": "RD SOL-4", "name": "Carretera San Pablo - San Juan La Laguna", "highway": "secondary", "maxspeed": NaN, "length": 29.492, "bridge": NaN, "tunnel": NaN, "access": NaN, "junction": NaN, "width": NaN, "est_width": NaN, "iri": 7.73000001907349}}, {"type": "Feature", "geometry": {"type": "LineString", "coordinates": [[-91.2726208, 14.7162457], [-91.272344, 14.7163128]]}, "properties": {"osmid": "548777210", "oneway": "False", "lanes": "2", "ref": "RD SOL-4", "name": "Carretera San Pablo - San Juan La Laguna", "highway": "secondary", "maxspeed": NaN, "length": 30.69, "bridge": NaN, "tunnel": NaN, "access": NaN, "junction": NaN, "width": NaN, "est_width": NaN, "iri": 7.73000001907349}}, {"type": "Feature", "geometry": {"type": "LineString", "coordinates": [[-91.272344, 14.7163128], [-91.2719847, 14.7165149]]}, "properties": {"osmid": "548777210", "oneway": "False", "lanes": "2", "ref": "RD SOL-4", "name": "Carretera San Pablo - San Juan La Laguna", "highway": "secondary", "maxspeed": NaN, "length": 44.701, "bridge": NaN, "tunnel": NaN, "access": NaN, "junction": NaN, "width": NaN, "est_width": NaN, "iri": 7.73000001907349}}, {"type": "Feature", "geometry": {"type": "LineString", "coordinates": [[-91.2719847, 14.7165149], [-91.2716104, 14.7168794]]}, "properties": {"osmid": "548777210", "oneway": "False", "lanes": "2", "ref": "RD SOL-4", "name": "Carretera San Pablo - San Juan La Laguna", "highway": "secondary", "maxspeed": NaN, "length": 57.124, "bridge": NaN, "tunnel": NaN, "access": NaN, "junction": NaN, "width": NaN, "est_width": NaN, "iri": 7.73000001907349}}, {"type": "Feature", "geometry": {"type": "LineString", "coordinates": [[-91.2716104, 14.7168794], [-91.2713919, 14.7171524]]}, "properties": {"osmid": "548777210", "oneway": "False", "lanes": "2", "ref": "RD SOL-4", "name": "Carretera San Pablo - San Juan La Laguna", "highway": "secondary", "maxspeed": NaN, "length": 38.389, "bridge": NaN, "tunnel": NaN, "access": NaN, "junction": NaN, "width": NaN, "est_width": NaN, "iri": 7.73000001907349}}, {"type": "Feature", "geometry": {"type": "LineString", "coordinates": [[-91.2713919, 14.7171524], [-91.2711827, 14.7176142]]}, "properties": {"osmid": "548777208", "oneway": "False", "lanes": "2", "ref": "RD SOL-4", "name": "Carretera San Pablo - San Juan La Laguna", "highway": "secondary", "maxspeed": NaN, "length": 56.063, "bridge": NaN, "tunnel": NaN, "access": NaN, "junction": NaN, "width": NaN, "est_width": NaN, "iri": 7.73000001907349}}, {"type": "Feature", "geometry": {"type": "LineString", "coordinates": [[-91.2711827, 14.7176142], [-91.2712014, 14.7177102]]}, "properties": {"osmid": "548777208", "oneway": "False", "lanes": "2", "ref": "RD SOL-4", "name": "Carretera San Pablo - San Juan La Laguna", "highway": "secondary", "maxspeed": NaN, "length": 10.863, "bridge": NaN, "tunnel": NaN, "access": NaN, "junction": NaN, "width": NaN, "est_width": NaN, "iri": 7.73000001907349}}, {"type": "Feature", "geometry": {"type": "LineString", "coordinates": [[-91.2712014, 14.7177102], [-91.2712765, 14.7177206]]}, "properties": {"osmid": "548777208", "oneway": "False", "lanes": "2", "ref": "RD SOL-4", "name": "Carretera San Pablo - San Juan La Laguna", "highway": "secondary", "maxspeed": NaN, "length": 8.159, "bridge": NaN, "tunnel": NaN, "access": NaN, "junction": NaN, "width": NaN, "est_width": NaN, "iri": 7.73000001907349}}, {"type": "Feature", "geometry": {"type": "LineString", "coordinates": [[-91.2712765, 14.7177206], [-91.2718103, 14.7175364]]}, "properties": {"osmid": "548777208", "oneway": "False", "lanes": "2", "ref": "RD SOL-4", "name": "Carretera San Pablo - San Juan La Laguna", "highway": "secondary", "maxspeed": NaN, "length": 60.953, "bridge": NaN, "tunnel": NaN, "access": NaN, "junction": NaN, "width": NaN, "est_width": NaN, "iri": 7.73000001907349}}, {"type": "Feature", "geometry": {"type": "LineString", "coordinates": [[-91.2718103, 14.7175364], [-91.2719256, 14.7175338]]}, "properties": {"osmid": "548777208", "oneway": "False", "lanes": "2", "ref": "RD SOL-4", "name": "Carretera San Pablo - San Juan La Laguna", "highway": "secondary", "maxspeed": NaN, "length": 12.404, "bridge": NaN, "tunnel": NaN, "access": NaN, "junction": NaN, "width": NaN, "est_width": NaN, "iri": 7.73000001907349}}, {"type": "Feature", "geometry": {"type": "LineString", "coordinates": [[-91.2719256, 14.7175338], [-91.2720463, 14.7175909]]}, "properties": {"osmid": "548777208", "oneway": "False", "lanes": "2", "ref": "RD SOL-4", "name": "Carretera San Pablo - San Juan La Laguna", "highway": "secondary", "maxspeed": NaN, "length": 14.45, "bridge": NaN, "tunnel": NaN, "access": NaN, "junction": NaN, "width": NaN, "est_width": NaN, "iri": 7.73000001907349}}, {"type": "Feature", "geometry": {"type": "LineString", "coordinates": [[-91.2720463, 14.7175909], [-91.2720893, 14.7177396]]}, "properties": {"osmid": "548777208", "oneway": "False", "lanes": "2", "ref": "RD SOL-4", "name": "Carretera San Pablo - San Juan La Laguna", "highway": "secondary", "maxspeed": NaN, "length": 17.169, "bridge": NaN, "tunnel": NaN, "access": NaN, "junction": NaN, "width": NaN, "est_width": NaN, "iri": 7.73000001907349}}, {"type": "Feature", "geometry": {"type": "LineString", "coordinates": [[-91.2720893, 14.7177396], [-91.272387, 14.719067]]}, "properties": {"osmid": "548777207", "oneway": "False", "lanes": "2", "ref": "RD SOL-4", "name": "Carretera San Pablo - San Juan La Laguna", "highway": "secondary", "maxspeed": NaN, "length": 151.033, "bridge": NaN, "tunnel": NaN, "access": NaN, "junction": NaN, "width": NaN, "est_width": NaN, "iri": 7.73000001907349}}, {"type": "Feature", "geometry": {"type": "LineString", "coordinates": [[-91.272387, 14.719067], [-91.2724353, 14.7193134]]}, "properties": {"osmid": "334074246", "oneway": "False", "lanes": NaN, "ref": NaN, "name": NaN, "highway": "secondary", "maxspeed": NaN, "length": 27.887, "bridge": NaN, "tunnel": NaN, "access": NaN, "junction": NaN, "width": NaN, "est_width": NaN, "iri": 7.73000001907349}}, {"type": "Feature", "geometry": {"type": "LineString", "coordinates": [[-91.2724353, 14.7193134], [-91.2724916, 14.7195495]]}, "properties": {"osmid": "334074246", "oneway": "False", "lanes": NaN, "ref": NaN, "name": NaN, "highway": "secondary", "maxspeed": NaN, "length": 26.942, "bridge": NaN, "tunnel": NaN, "access": NaN, "junction": NaN, "width": NaN, "est_width": NaN, "iri": 7.73000001907349}}, {"type": "Feature", "geometry": {"type": "LineString", "coordinates": [[-91.2724916, 14.7195495], [-91.2727803, 14.7204921]]}, "properties": {"osmid": "334074246", "oneway": "False", "lanes": NaN, "ref": NaN, "name": NaN, "highway": "secondary", "maxspeed": NaN, "length": 109.315, "bridge": NaN, "tunnel": NaN, "access": NaN, "junction": NaN, "width": NaN, "est_width": NaN, "iri": 7.73000001907349}}]}