{"type": "FeatureCollection", "features": [{"type": "Feature", "geometry": {"type": "LineString", "coordinates": [[-91.148772, 15.0310399], [-91.1487767, 15.0304811]]}, "properties": {"osmid": "201158735", "oneway": "True", "lanes": NaN, "ref": NaN, "name": "1era Avenida", "highway": "primary", "maxspeed": NaN, "length": 62.138, "bridge": NaN, "tunnel": NaN, "access": NaN, "junction": NaN, "width": NaN, "est_width": NaN, "iri": 1.97000002861023}}, {"type": "Feature", "geometry": {"type": "LineString", "coordinates": [[-91.1487767, 15.0304811], [-91.148757, 15.0299553]]}, "properties": {"osmid": "201158735", "oneway": "True", "lanes": NaN, "ref": NaN, "name": "1era Avenida", "highway": "primary", "maxspeed": NaN, "length": 58.505, "bridge": NaN, "tunnel": NaN, "access": NaN, "junction": NaN, "width": NaN, "est_width": NaN, "iri": 1.97000002861023}}, {"type": "Feature", "geometry": {"type": "LineString", "coordinates": [[-91.148757, 15.0299553], [-91.1491322, 15.0299561]]}, "properties": {"osmid": "389818712", "oneway": "True", "lanes": NaN, "ref": NaN, "name": NaN, "highway": "primary", "maxspeed": NaN, "length": 40.293, "bridge": NaN, "tunnel": NaN, "access": NaN, "junction": NaN, "width": NaN, "est_width": NaN, "iri": 1.97000002861023}}, {"type": "Feature", "geometry": {"type": "LineString", "coordinates": [[-91.1491322, 15.0299561], [-91.1492823, 15.0298363]]}, "properties": {"osmid": "389818712", "oneway": "True", "lanes": NaN, "ref": NaN, "name": NaN, "highway": "primary", "maxspeed": NaN, "length": 20.911, "bridge": NaN, "tunnel": NaN, "access": NaN, "junction": NaN, "width": NaN, "est_width": NaN, "iri": 1.97000002861023}}, {"type": "Feature", "geometry": {"type": "LineString", "coordinates": [[-91.1492823, 15.0298363], [-91.1492616, 15.0293857]]}, "properties": {"osmid": "201158730", "oneway": "True", "lanes": "2", "ref": NaN, "name": "Ruta 15", "highway": "primary", "maxspeed": NaN, "length": 50.154, "bridge": NaN, "tunnel": NaN, "access": NaN, "junction": NaN, "width": NaN, "est_width": NaN, "iri": 1.97000002861023}}, {"type": "Feature", "geometry": {"type": "LineString", "coordinates": [[-91.1492616, 15.0293857], [-91.1492634, 15.0288266]]}, "properties": {"osmid": "201158730", "oneway": "True", "lanes": "2", "ref": NaN, "name": "Ruta 15", "highway": "primary", "maxspeed": NaN, "length": 62.169, "bridge": NaN, "tunnel": NaN, "access": NaN, "junction": NaN, "width": NaN, "est_width": NaN, "iri": 1.97000002861023}}, {"type": "Feature", "geometry": {"type": "LineString", "coordinates": [[-91.1492634, 15.0288266], [-91.1492535, 15.0282695]]}, "properties": {"osmid": "201158730", "oneway": "True", "lanes": "2", "ref": NaN, "name": "Ruta 15", "highway": "primary", "maxspeed": NaN, "length": 61.956, "bridge": NaN, "tunnel": NaN, "access": NaN, "junction": NaN, "width": NaN, "est_width": NaN, "iri": 1.97000002861023}}, {"type": "Feature", "geometry": {"type": "LineString", "coordinates": [[-91.1492535, 15.0282695], [-91.1492376, 15.0277058]]}, "properties": {"osmid": "201158730", "oneway": "True", "lanes": "2", "ref": NaN, "name": "Ruta 15", "highway": "primary", "maxspeed": NaN, "length": 62.704, "bridge": NaN, "tunnel": NaN, "access": NaN, "junction": NaN, "width": NaN, "est_width": NaN, "iri": 1.97000002861023}}, {"type": "Feature", "geometry": {"type": "LineString", "coordinates": [[-91.1492376, 15.0277058], [-91.1492247, 15.0271341]]}, "properties": {"osmid": "201158730", "oneway": "True", "lanes": "2", "ref": NaN, "name": "Ruta 15", "highway": "primary", "maxspeed": NaN, "length": 63.585, "bridge": NaN, "tunnel": NaN, "access": NaN, "junction": NaN, "width": NaN, "est_width": NaN, "iri": 1.97000002861023}}, {"type": "Feature", "geometry": {"type": "LineString", "coordinates": [[-91.1492247, 15.0271341], [-91.149192, 15.026569]]}, "properties": {"osmid": "201158730", "oneway": "True", "lanes": "2", "ref": NaN, "name": "Ruta 15", "highway": "primary", "maxspeed": NaN, "length": 62.934, "bridge": NaN, "tunnel": NaN, "access": NaN, "junction": NaN, "width": NaN, "est_width": NaN, "iri": 1.97000002861023}}, {"type": "Feature", "geometry": {"type": "LineString", "coordinates": [[-91.149192, 15.026569], [-91.1497538, 15.026554]]}, "properties": {"osmid": "159929005", "oneway": "True", "lanes": NaN, "ref": NaN, "name": "10 Calle", "highway": "tertiary", "maxspeed": NaN, "length": 60.356, "bridge": NaN, "tunnel": NaN, "access": NaN, "junction": NaN, "width": NaN, "est_width": NaN, "iri": 1.97000002861023}}, {"type": "Feature", "geometry": {"type": "LineString", "coordinates": [[-91.1497538, 15.026554], [-91.1504247, 15.0265217]]}, "properties": {"osmid": "159929005", "oneway": "True", "lanes": NaN, "ref": NaN, "name": "10 Calle", "highway": "tertiary", "maxspeed": NaN, "length": 72.139, "bridge": NaN, "tunnel": NaN, "access": NaN, "junction": NaN, "width": NaN, "est_width": NaN, "iri": 1.97000002861023}}, {"type": "Feature", "geometry": {"type": "LineString", "coordinates": [[-91.1504247, 15.0265217], [-91.1508732, 15.0265038]]}, "properties": {"osmid": "159929005", "oneway": "True", "lanes": NaN, "ref": NaN, "name": "10 Calle", "highway": "tertiary", "maxspeed": NaN, "length": 48.207, "bridge": NaN, "tunnel": NaN, "access": NaN, "junction": NaN, "width": NaN, "est_width": NaN, "iri": 1.97000002861023}}, {"type": "Feature", "geometry": {"type": "LineString", "coordinates": [[-91.1508732, 15.0265038], [-91.1514344, 15.0264627]]}, "properties": {"osmid": "159929005", "oneway": "True", "lanes": NaN, "ref": NaN, "name": "10 Calle", "highway": "tertiary", "maxspeed": NaN, "length": 60.442, "bridge": NaN, "tunnel": NaN, "access": NaN, "junction": NaN, "width": NaN, "est_width": NaN, "iri": 1.97000002861023}}, {"type": "Feature", "geometry": {"type": "LineString", "coordinates": [[-91.1514344, 15.0264627], [-91.1519174, 15.026434]]}, "properties": {"osmid": "159929005", "oneway": "True", "lanes": NaN, "ref": NaN, "name": "10 Calle", "highway": "tertiary", "maxspeed": NaN, "length": 51.969, "bridge": NaN, "tunnel": NaN, "access": NaN, "junction": NaN, "width": NaN, "est_width": NaN, "iri": 1.97000002861023}}, {"type": "Feature", "geometry": {"type": "LineString", "coordinates": [[-91.1519174, 15.026434], [-91.1525323, 15.0263978]]}, "properties": {"osmid": "159929005", "oneway": "True", "lanes": NaN, "ref": NaN, "name": "10 Calle", "highway": "tertiary", "maxspeed": NaN, "length": 66.158, "bridge": NaN, "tunnel": NaN, "access": NaN, "junction": NaN, "width": NaN, "est_width": NaN, "iri": 1.97000002861023}}, {"type": "Feature", "geometry": {"type": "LineString", "coordinates": [[-91.1525323, 15.0263978], [-91.1531284, 15.0263628]]}, "properties": {"osmid": "159929005", "oneway": "True", "lanes": NaN, "ref": NaN, "name": "10 Calle", "highway": "tertiary", "maxspeed": NaN, "length": 64.135, "bridge": NaN, "tunnel": NaN, "access": NaN, "junction": NaN, "width": NaN, "est_width": NaN, "iri": 1.97000002861023}}, {"type": "Feature", "geometry": {"type": "LineString", "coordinates": [[-91.1531284, 15.0263628], [-91.1537186, 15.0263572]]}, "properties": {"osmid": "159929005", "oneway": "True", "lanes": NaN, "ref": NaN, "name": "10 Calle", "highway": "tertiary", "maxspeed": NaN, "length": 63.386, "bridge": NaN, "tunnel": NaN, "access": NaN, "junction": NaN, "width": NaN, "est_width": NaN, "iri": 1.97000002861023}}, {"type": "Feature", "geometry": {"type": "LineString", "coordinates": [[-91.1537186, 15.0263572], [-91.1544477, 15.0263237]]}, "properties": {"osmid": "159929005", "oneway": "True", "lanes": NaN, "ref": NaN, "name": "10 Calle", "highway": "tertiary", "maxspeed": NaN, "length": 78.389, "bridge": NaN, "tunnel": NaN, "access": NaN, "junction": NaN, "width": NaN, "est_width": NaN, "iri": 1.97000002861023}}, {"type": "Feature", "geometry": {"type": "LineString", "coordinates": [[-91.1544477, 15.0263237], [-91.1546074, 15.026318]]}, "properties": {"osmid": "389816717", "oneway": "False", "lanes": NaN, "ref": NaN, "name": "11 Avenida", "highway": "tertiary", "maxspeed": NaN, "length": 17.162, "bridge": NaN, "tunnel": NaN, "access": NaN, "junction": NaN, "width": NaN, "est_width": NaN, "iri": 1.97000002861023}}, {"type": "Feature", "geometry": {"type": "LineString", "coordinates": [[-91.1546074, 15.026318], [-91.1549102, 15.0262869]]}, "properties": {"osmid": "389816717", "oneway": "False", "lanes": NaN, "ref": NaN, "name": "11 Avenida", "highway": "tertiary", "maxspeed": NaN, "length": 32.702, "bridge": NaN, "tunnel": NaN, "access": NaN, "junction": NaN, "width": NaN, "est_width": NaN, "iri": 1.97000002861023}}, {"type": "Feature", "geometry": {"type": "LineString", "coordinates": [[-91.1549102, 15.0262869], [-91.1551393, 15.0262306]]}, "properties": {"osmid": "389816717", "oneway": "False", "lanes": NaN, "ref": NaN, "name": "11 Avenida", "highway": "tertiary", "maxspeed": NaN, "length": 25.388, "bridge": NaN, "tunnel": NaN, "access": NaN, "junction": NaN, "width": NaN, "est_width": NaN, "iri": 1.97000002861023}}, {"type": "Feature", "geometry": {"type": "LineString", "coordinates": [[-91.1551393, 15.0262306], [-91.1552803, 15.0261197]]}, "properties": {"osmid": "389814728", "oneway": "False", "lanes": NaN, "ref": NaN, "name": "11 Avenida", "highway": "tertiary", "maxspeed": NaN, "length": 19.528, "bridge": NaN, "tunnel": NaN, "access": NaN, "junction": NaN, "width": NaN, "est_width": NaN, "iri": 1.97000002861023}}, {"type": "Feature", "geometry": {"type": "LineString", "coordinates": [[-91.1552803, 15.0261197], [-91.1555619, 15.0258808]]}, "properties": {"osmid": "389814728", "oneway": "False", "lanes": NaN, "ref": NaN, "name": "11 Avenida", "highway": "tertiary", "maxspeed": NaN, "length": 40.252, "bridge": NaN, "tunnel": NaN, "access": NaN, "junction": NaN, "width": NaN, "est_width": NaN, "iri": 1.97000002861023}}, {"type": "Feature", "geometry": {"type": "LineString", "coordinates": [[-91.1555619, 15.0258808], [-91.1559626, 15.0256768]]}, "properties": {"osmid": "389814728", "oneway": "False", "lanes": NaN, "ref": NaN, "name": "11 Avenida", "highway": "tertiary", "maxspeed": NaN, "length": 48.645, "bridge": NaN, "tunnel": NaN, "access": NaN, "junction": NaN, "width": NaN, "est_width": NaN, "iri": 1.97000002861023}}, {"type": "Feature", "geometry": {"type": "LineString", "coordinates": [[-91.1559626, 15.0256768], [-91.156283, 15.0255339]]}, "properties": {"osmid": "389814728", "oneway": "False", "lanes": NaN, "ref": NaN, "name": "11 Avenida", "highway": "tertiary", "maxspeed": NaN, "length": 37.901, "bridge": NaN, "tunnel": NaN, "access": NaN, "junction": NaN, "width": NaN, "est_width": NaN, "iri": 1.97000002861023}}, {"type": "Feature", "geometry": {"type": "LineString", "coordinates": [[-91.156283, 15.0255339], [-91.1565528, 15.0254437]]}, "properties": {"osmid": "788384964", "oneway": "False", "lanes": NaN, "ref": NaN, "name": NaN, "highway": "tertiary", "maxspeed": NaN, "length": 30.662, "bridge": NaN, "tunnel": NaN, "access": NaN, "junction": NaN, "width": NaN, "est_width": NaN, "iri": 1.97000002861023}}, {"type": "Feature", "geometry": {"type": "LineString", "coordinates": [[-91.1565528, 15.0254437], [-91.1570555, 15.0252469]]}, "properties": {"osmid": "788384964", "oneway": "False", "lanes": NaN, "ref": NaN, "name": NaN, "highway": "tertiary", "maxspeed": NaN, "length": 58.253, "bridge": NaN, "tunnel": NaN, "access": NaN, "junction": NaN, "width": NaN, "est_width": NaN, "iri": 1.97000002861023}}, {"type": "Feature", "geometry": {"type": "LineString", "coordinates": [[-91.1570555, 15.0252469], [-91.1576457, 15.0250065]]}, "properties": {"osmid": "788384964", "oneway": "False", "lanes": NaN, "ref": NaN, "name": NaN, "highway": "tertiary", "maxspeed": NaN, "length": 68.79, "bridge": NaN, "tunnel": NaN, "access": NaN, "junction": NaN, "width": NaN, "est_width": NaN, "iri": 1.97000002861023}}, {"type": "Feature", "geometry": {"type": "LineString", "coordinates": [[-91.1576457, 15.0250065], [-91.1579953, 15.024858]]}, "properties": {"osmid": "788384964", "oneway": "False", "lanes": NaN, "ref": NaN, "name": NaN, "highway": "tertiary", "maxspeed": NaN, "length": 41.016, "bridge": NaN, "tunnel": NaN, "access": NaN, "junction": NaN, "width": NaN, "est_width": NaN, "iri": 1.97000002861023}}, {"type": "Feature", "geometry": {"type": "LineString", "coordinates": [[-91.1579953, 15.024858], [-91.1582286, 15.0247588]]}, "properties": {"osmid": "788384964", "oneway": "False", "lanes": NaN, "ref": NaN, "name": NaN, "highway": "tertiary", "maxspeed": NaN, "length": 27.376, "bridge": NaN, "tunnel": NaN, "access": NaN, "junction": NaN, "width": NaN, "est_width": NaN, "iri": 1.97000002861023}}, {"type": "Feature", "geometry": {"type": "LineString", "coordinates": [[-91.1582286, 15.0247588], [-91.1583823, 15.024689]]}, "properties": {"osmid": "788384964", "oneway": "False", "lanes": NaN, "ref": NaN, "name": NaN, "highway": "tertiary", "maxspeed": NaN, "length": 18.24, "bridge": NaN, "tunnel": NaN, "access": NaN, "junction": NaN, "width": NaN, "est_width": NaN, "iri": 1.97000002861023}}, {"type": "Feature", "geometry": {"type": "LineString", "coordinates": [[-91.1583823, 15.024689], [-91.1587327, 15.0245241]]}, "properties": {"osmid": "788384964", "oneway": "False", "lanes": NaN, "ref": NaN, "name": NaN, "highway": "tertiary", "maxspeed": NaN, "length": 41.86, "bridge": NaN, "tunnel": NaN, "access": NaN, "junction": NaN, "width": NaN, "est_width": NaN, "iri": 1.97000002861023}}, {"type": "Feature", "geometry": {"type": "LineString", "coordinates": [[-91.1587327, 15.0245241], [-91.1591345, 15.0243592]]}, "properties": {"osmid": "788384964", "oneway": "False", "lanes": NaN, "ref": NaN, "name": NaN, "highway": "tertiary", "maxspeed": NaN, "length": 46.885, "bridge": NaN, "tunnel": NaN, "access": NaN, "junction": NaN, "width": NaN, "est_width": NaN, "iri": 1.97000002861023}}, {"type": "Feature", "geometry": {"type": "LineString", "coordinates": [[-91.1591345, 15.0243592], [-91.1594952, 15.0242047]]}, "properties": {"osmid": "788384964", "oneway": "False", "lanes": NaN, "ref": NaN, "name": NaN, "highway": "tertiary", "maxspeed": NaN, "length": 42.376, "bridge": NaN, "tunnel": NaN, "access": NaN, "junction": NaN, "width": NaN, "est_width": NaN, "iri": 1.97000002861023}}, {"type": "Feature", "geometry": {"type": "LineString", "coordinates": [[-91.1594952, 15.0242047], [-91.1599692, 15.0240295]]}, "properties": {"osmid": "788384964", "oneway": "False", "lanes": NaN, "ref": NaN, "name": NaN, "highway": "tertiary", "maxspeed": NaN, "length": 54.505, "bridge": NaN, "tunnel": NaN, "access": NaN, "junction": NaN, "width": NaN, "est_width": NaN, "iri": 1.97000002861023}}, {"type": "Feature", "geometry": {"type": "LineString", "coordinates": [[-91.1599692, 15.0240295], [-91.1604123, 15.0238131]]}, "properties": {"osmid": "788384964", "oneway": "False", "lanes": NaN, "ref": NaN, "name": NaN, "highway": "tertiary", "maxspeed": NaN, "length": 53.324, "bridge": NaN, "tunnel": NaN, "access": NaN, "junction": NaN, "width": NaN, "est_width": NaN, "iri": 1.97000002861023}}, {"type": "Feature", "geometry": {"type": "LineString", "coordinates": [[-91.1604123, 15.0238131], [-91.1607343, 15.0236082]]}, "properties": {"osmid": "788384964", "oneway": "False", "lanes": NaN, "ref": NaN, "name": NaN, "highway": "tertiary", "maxspeed": NaN, "length": 41.412, "bridge": NaN, "tunnel": NaN, "access": NaN, "junction": NaN, "width": NaN, "est_width": NaN, "iri": 1.97000002861023}}, {"type": "Feature", "geometry": {"type": "LineString", "coordinates": [[-91.1607343, 15.0236082], [-91.1611504, 15.0234098]]}, "properties": {"osmid": "788384964", "oneway": "False", "lanes": NaN, "ref": NaN, "name": NaN, "highway": "tertiary", "maxspeed": NaN, "length": 49.836, "bridge": NaN, "tunnel": NaN, "access": NaN, "junction": NaN, "width": NaN, "est_width": NaN, "iri": 1.97000002861023}}, {"type": "Feature", "geometry": {"type": "LineString", "coordinates": [[-91.1611504, 15.0234098], [-91.161395, 15.0232943]]}, "properties": {"osmid": "788384964", "oneway": "False", "lanes": NaN, "ref": NaN, "name": NaN, "highway": "tertiary", "maxspeed": NaN, "length": 29.24, "bridge": NaN, "tunnel": NaN, "access": NaN, "junction": NaN, "width": NaN, "est_width": NaN, "iri": 1.97000002861023}}, {"type": "Feature", "geometry": {"type": "LineString", "coordinates": [[-91.161395, 15.0232943], [-91.1616797, 15.0231639]]}, "properties": {"osmid": "788384964", "oneway": "False", "lanes": NaN, "ref": NaN, "name": NaN, "highway": "tertiary", "maxspeed": NaN, "length": 33.839, "bridge": NaN, "tunnel": NaN, "access": NaN, "junction": NaN, "width": NaN, "est_width": NaN, "iri": 1.97000002861023}}, {"type": "Feature", "geometry": {"type": "LineString", "coordinates": [[-91.1616797, 15.0231639], [-91.1618239, 15.0230403]]}, "properties": {"osmid": "788384964", "oneway": "False", "lanes": NaN, "ref": NaN, "name": NaN, "highway": "tertiary", "maxspeed": NaN, "length": 20.705, "bridge": NaN, "tunnel": NaN, "access": NaN, "junction": NaN, "width": NaN, "est_width": NaN, "iri": 1.97000002861023}}, {"type": "Feature", "geometry": {"type": "LineString", "coordinates": [[-91.1618239, 15.0230403], [-91.161829, 15.0229528]]}, "properties": {"osmid": "788384964", "oneway": "False", "lanes": NaN, "ref": NaN, "name": NaN, "highway": "tertiary", "maxspeed": NaN, "length": 9.745, "bridge": NaN, "tunnel": NaN, "access": NaN, "junction": NaN, "width": NaN, "est_width": NaN, "iri": 1.97000002861023}}, {"type": "Feature", "geometry": {"type": "LineString", "coordinates": [[-91.161829, 15.0229528], [-91.1617808, 15.0228424]]}, "properties": {"osmid": "788384964", "oneway": "False", "lanes": NaN, "ref": NaN, "name": NaN, "highway": "tertiary", "maxspeed": NaN, "length": 13.323, "bridge": NaN, "tunnel": NaN, "access": NaN, "junction": NaN, "width": NaN, "est_width": NaN, "iri": 1.97000002861023}}, {"type": "Feature", "geometry": {"type": "LineString", "coordinates": [[-91.1617808, 15.0228424], [-91.1616986, 15.0227147]]}, "properties": {"osmid": "788384964", "oneway": "False", "lanes": NaN, "ref": NaN, "name": NaN, "highway": "tertiary", "maxspeed": NaN, "length": 16.72, "bridge": NaN, "tunnel": NaN, "access": NaN, "junction": NaN, "width": NaN, "est_width": NaN, "iri": 1.97000002861023}}, {"type": "Feature", "geometry": {"type": "LineString", "coordinates": [[-91.1616986, 15.0227147], [-91.1617111, 15.0226457]]}, "properties": {"osmid": "788384964", "oneway": "False", "lanes": NaN, "ref": NaN, "name": NaN, "highway": "tertiary", "maxspeed": NaN, "length": 7.789, "bridge": NaN, "tunnel": NaN, "access": NaN, "junction": NaN, "width": NaN, "est_width": NaN, "iri": 1.97000002861023}}, {"type": "Feature", "geometry": {"type": "LineString", "coordinates": [[-91.1617111, 15.0226457], [-91.161779, 15.0225957]]}, "properties": {"osmid": "788384964", "oneway": "False", "lanes": NaN, "ref": NaN, "name": NaN, "highway": "tertiary", "maxspeed": NaN, "length": 9.17, "bridge": NaN, "tunnel": NaN, "access": NaN, "junction": NaN, "width": NaN, "est_width": NaN, "iri": 1.97000002861023}}, {"type": "Feature", "geometry": {"type": "LineString", "coordinates": [[-91.161779, 15.0225957], [-91.162104, 15.0225578]]}, "properties": {"osmid": "788384964", "oneway": "False", "lanes": NaN, "ref": NaN, "name": NaN, "highway": "tertiary", "maxspeed": NaN, "length": 35.157, "bridge": NaN, "tunnel": NaN, "access": NaN, "junction": NaN, "width": NaN, "est_width": NaN, "iri": 1.97000002861023}}, {"type": "Feature", "geometry": {"type": "LineString", "coordinates": [[-91.162104, 15.0225578], [-91.1624541, 15.0225509]]}, "properties": {"osmid": "788384964", "oneway": "False", "lanes": NaN, "ref": NaN, "name": NaN, "highway": "tertiary", "maxspeed": NaN, "length": 37.607, "bridge": NaN, "tunnel": NaN, "access": NaN, "junction": NaN, "width": NaN, "est_width": NaN, "iri": 1.97000002861023}}, {"type": "Feature", "geometry": {"type": "LineString", "coordinates": [[-91.1624541, 15.0225509], [-91.1627513, 15.0224632]]}, "properties": {"osmid": "788384964", "oneway": "False", "lanes": NaN, "ref": NaN, "name": NaN, "highway": "tertiary", "maxspeed": NaN, "length": 33.374, "bridge": NaN, "tunnel": NaN, "access": NaN, "junction": NaN, "width": NaN, "est_width": NaN, "iri": 1.97000002861023}}, {"type": "Feature", "geometry": {"type": "LineString", "coordinates": [[-91.1627513, 15.0224632], [-91.1633078, 15.0222263]]}, "properties": {"osmid": "788384964", "oneway": "False", "lanes": NaN, "ref": NaN, "name": NaN, "highway": "tertiary", "maxspeed": NaN, "length": 65.313, "bridge": NaN, "tunnel": NaN, "access": NaN, "junction": NaN, "width": NaN, "est_width": NaN, "iri": 1.97000002861023}}, {"type": "Feature", "geometry": {"type": "LineString", "coordinates": [[-91.1633078, 15.0222263], [-91.1637238, 15.0219989]]}, "properties": {"osmid": "788384964", "oneway": "False", "lanes": NaN, "ref": NaN, "name": NaN, "highway": "tertiary", "maxspeed": NaN, "length": 51.336, "bridge": NaN, "tunnel": NaN, "access": NaN, "junction": NaN, "width": NaN, "est_width": NaN, "iri": 1.97000002861023}}, {"type": "Feature", "geometry": {"type": "LineString", "coordinates": [[-91.1637238, 15.0219989], [-91.164131, 15.021804]]}, "properties": {"osmid": "788384964", "oneway": "False", "lanes": NaN, "ref": NaN, "name": NaN, "highway": "tertiary", "maxspeed": NaN, "length": 48.807, "bridge": NaN, "tunnel": NaN, "access": NaN, "junction": NaN, "width": NaN, "est_width": NaN, "iri": 1.97000002861023}}, {"type": "Feature", "geometry": {"type": "LineString", "coordinates": [[-91.164131, 15.021804], [-91.1643185, 15.0217799]]}, "properties": {"osmid": "788384964", "oneway": "False", "lanes": NaN, "ref": NaN, "name": NaN, "highway": "tertiary", "maxspeed": NaN, "length": 20.314, "bridge": NaN, "tunnel": NaN, "access": NaN, "junction": NaN, "width": NaN, "est_width": NaN, "iri": 1.97000002861023}}, {"type": "Feature", "geometry": {"type": "LineString", "coordinates": [[-91.1643185, 15.0217799], [-91.1644792, 15.0218092]]}, "properties": {"osmid": "788384964", "oneway": "False", "lanes": NaN, "ref": NaN, "name": NaN, "highway": "tertiary", "maxspeed": NaN, "length": 17.563, "bridge": NaN, "tunnel": NaN, "access": NaN, "junction": NaN, "width": NaN, "est_width": NaN, "iri": 1.97000002861023}}, {"type": "Feature", "geometry": {"type": "LineString", "coordinates": [[-91.1644792, 15.0218092], [-91.1646971, 15.0218989]]}, "properties": {"osmid": "788384964", "oneway": "False", "lanes": NaN, "ref": NaN, "name": NaN, "highway": "tertiary", "maxspeed": NaN, "length": 25.438, "bridge": NaN, "tunnel": NaN, "access": NaN, "junction": NaN, "width": NaN, "est_width": NaN, "iri": 1.97000002861023}}, {"type": "Feature", "geometry": {"type": "LineString", "coordinates": [[-91.1646971, 15.0218989], [-91.16494, 15.0219817]]}, "properties": {"osmid": "788384964", "oneway": "False", "lanes": NaN, "ref": NaN, "name": NaN, "highway": "tertiary", "maxspeed": NaN, "length": 27.663, "bridge": NaN, "tunnel": NaN, "access": NaN, "junction": NaN, "width": NaN, "est_width": NaN, "iri": 1.97000002861023}}, {"type": "Feature", "geometry": {"type": "LineString", "coordinates": [[-91.16494, 15.0219817], [-91.1652168, 15.0220455]]}, "properties": {"osmid": "788384964", "oneway": "False", "lanes": NaN, "ref": NaN, "name": NaN, "highway": "tertiary", "maxspeed": NaN, "length": 30.562, "bridge": NaN, "tunnel": NaN, "access": NaN, "junction": NaN, "width": NaN, "est_width": NaN, "iri": 1.97000002861023}}, {"type": "Feature", "geometry": {"type": "LineString", "coordinates": [[-91.1652168, 15.0220455], [-91.1657499, 15.0221232]]}, "properties": {"osmid": "788384964", "oneway": "False", "lanes": NaN, "ref": NaN, "name": NaN, "highway": "tertiary", "maxspeed": NaN, "length": 57.901, "bridge": NaN, "tunnel": NaN, "access": NaN, "junction": NaN, "width": NaN, "est_width": NaN, "iri": 1.97000002861023}}, {"type": "Feature", "geometry": {"type": "LineString", "coordinates": [[-91.1657499, 15.0221232], [-91.1662917, 15.022141]]}, "properties": {"osmid": "788384964", "oneway": "False", "lanes": NaN, "ref": NaN, "name": NaN, "highway": "tertiary", "maxspeed": NaN, "length": 58.22, "bridge": NaN, "tunnel": NaN, "access": NaN, "junction": NaN, "width": NaN, "est_width": NaN, "iri": 1.97000002861023}}]}