{"type": "FeatureCollection", "features": [{"type": "Feature", "geometry": {"type": "LineString", "coordinates": [[-91.4846562, 14.4793081], [-91.4846893, 14.4788905]]}, "properties": {"osmid": "159253054", "oneway": "False", "lanes": NaN, "ref": NaN, "name": NaN, "highway": "tertiary", "maxspeed": NaN, "length": 46.572, "bridge": NaN, "tunnel": NaN, "access": NaN, "junction": NaN, "width": NaN, "est_width": NaN, "iri": 11.9899997711182}}, {"type": "Feature", "geometry": {"type": "LineString", "coordinates": [[-91.4846893, 14.4788905], [-91.4847374, 14.4782138]]}, "properties": {"osmid": "159253054", "oneway": "False", "lanes": NaN, "ref": NaN, "name": NaN, "highway": "tertiary", "maxspeed": NaN, "length": 75.424, "bridge": NaN, "tunnel": NaN, "access": NaN, "junction": NaN, "width": NaN, "est_width": NaN, "iri": 11.9899997711182}}, {"type": "Feature", "geometry": {"type": "LineString", "coordinates": [[-91.4847374, 14.4782138], [-91.4847359, 14.4779999]]}, "properties": {"osmid": "159253054", "oneway": "False", "lanes": NaN, "ref": NaN, "name": NaN, "highway": "tertiary", "maxspeed": NaN, "length": 23.785, "bridge": NaN, "tunnel": NaN, "access": NaN, "junction": NaN, "width": NaN, "est_width": NaN, "iri": 11.9899997711182}}, {"type": "Feature", "geometry": {"type": "LineString", "coordinates": [[-91.4847359, 14.4779999], [-91.4847283, 14.4776187]]}, "properties": {"osmid": "159253054", "oneway": "False", "lanes": NaN, "ref": NaN, "name": NaN, "highway": "tertiary", "maxspeed": NaN, "length": 42.395, "bridge": NaN, "tunnel": NaN, "access": NaN, "junction": NaN, "width": NaN, "est_width": NaN, "iri": 11.9899997711182}}, {"type": "Feature", "geometry": {"type": "LineString", "coordinates": [[-91.4847283, 14.4776187], [-91.4846833, 14.4775168]]}, "properties": {"osmid": "159253054", "oneway": "False", "lanes": NaN, "ref": NaN, "name": NaN, "highway": "tertiary", "maxspeed": NaN, "length": 12.323, "bridge": NaN, "tunnel": NaN, "access": NaN, "junction": NaN, "width": NaN, "est_width": NaN, "iri": 11.9899997711182}}, {"type": "Feature", "geometry": {"type": "LineString", "coordinates": [[-91.4846833, 14.4775168], [-91.4840694, 14.4773622]]}, "properties": {"osmid": "159253029", "oneway": "False", "lanes": NaN, "ref": NaN, "name": NaN, "highway": "tertiary", "maxspeed": NaN, "length": 68.294, "bridge": NaN, "tunnel": NaN, "access": NaN, "junction": NaN, "width": NaN, "est_width": NaN, "iri": 11.9899997711182}}, {"type": "Feature", "geometry": {"type": "LineString", "coordinates": [[-91.4840694, 14.4773622], [-91.4831965, 14.4771294]]}, "properties": {"osmid": "159253029", "oneway": "False", "lanes": NaN, "ref": NaN, "name": NaN, "highway": "tertiary", "maxspeed": NaN, "length": 97.48, "bridge": NaN, "tunnel": NaN, "access": NaN, "junction": NaN, "width": NaN, "est_width": NaN, "iri": 11.9899997711182}}, {"type": "Feature", "geometry": {"type": "LineString", "coordinates": [[-91.4831965, 14.4771294], [-91.4820503, 14.476815]]}, "properties": {"osmid": "159253029", "oneway": "False", "lanes": NaN, "ref": NaN, "name": NaN, "highway": "tertiary", "maxspeed": NaN, "length": 128.261, "bridge": NaN, "tunnel": NaN, "access": NaN, "junction": NaN, "width": NaN, "est_width": NaN, "iri": 11.9899997711182}}, {"type": "Feature", "geometry": {"type": "LineString", "coordinates": [[-91.4820503, 14.476815], [-91.4815884, 14.4766448]]}, "properties": {"osmid": "388927380", "oneway": "False", "lanes": NaN, "ref": NaN, "name": NaN, "highway": "tertiary", "maxspeed": NaN, "length": 53.21, "bridge": NaN, "tunnel": NaN, "access": NaN, "junction": NaN, "width": NaN, "est_width": NaN, "iri": 11.9899997711182}}, {"type": "Feature", "geometry": {"type": "LineString", "coordinates": [[-91.4815884, 14.4766448], [-91.4807323, 14.4763228]]}, "properties": {"osmid": "388927380", "oneway": "False", "lanes": NaN, "ref": NaN, "name": NaN, "highway": "tertiary", "maxspeed": NaN, "length": 98.882, "bridge": NaN, "tunnel": NaN, "access": NaN, "junction": NaN, "width": NaN, "est_width": NaN, "iri": 11.9899997711182}}, {"type": "Feature", "geometry": {"type": "LineString", "coordinates": [[-91.4807323, 14.4763228], [-91.4799356, 14.4760176]]}, "properties": {"osmid": "388927380", "oneway": "False", "lanes": NaN, "ref": NaN, "name": NaN, "highway": "tertiary", "maxspeed": NaN, "length": 92.246, "bridge": NaN, "tunnel": NaN, "access": NaN, "junction": NaN, "width": NaN, "est_width": NaN, "iri": 11.9899997711182}}, {"type": "Feature", "geometry": {"type": "LineString", "coordinates": [[-91.4799356, 14.4760176], [-91.4792708, 14.4757893]]}, "properties": {"osmid": "388927380", "oneway": "False", "lanes": NaN, "ref": NaN, "name": NaN, "highway": "tertiary", "maxspeed": NaN, "length": 75.944, "bridge": NaN, "tunnel": NaN, "access": NaN, "junction": NaN, "width": NaN, "est_width": NaN, "iri": 11.9899997711182}}, {"type": "Feature", "geometry": {"type": "LineString", "coordinates": [[-91.4792708, 14.4757893], [-91.4790247, 14.4755973]]}, "properties": {"osmid": "159253042", "oneway": "False", "lanes": NaN, "ref": NaN, "name": NaN, "highway": "tertiary", "maxspeed": NaN, "length": 34.027, "bridge": NaN, "tunnel": NaN, "access": NaN, "junction": NaN, "width": NaN, "est_width": NaN, "iri": 11.9899997711182}}, {"type": "Feature", "geometry": {"type": "LineString", "coordinates": [[-91.4790247, 14.4755973], [-91.4784693, 14.4753904]]}, "properties": {"osmid": "159253042", "oneway": "False", "lanes": NaN, "ref": NaN, "name": NaN, "highway": "tertiary", "maxspeed": NaN, "length": 64.07, "bridge": NaN, "tunnel": NaN, "access": NaN, "junction": NaN, "width": NaN, "est_width": NaN, "iri": 11.9899997711182}}, {"type": "Feature", "geometry": {"type": "LineString", "coordinates": [[-91.4784693, 14.4753904], [-91.4776273, 14.4750803]]}, "properties": {"osmid": "159253042", "oneway": "False", "lanes": NaN, "ref": NaN, "name": NaN, "highway": "tertiary", "maxspeed": NaN, "length": 96.991, "bridge": NaN, "tunnel": NaN, "access": NaN, "junction": NaN, "width": NaN, "est_width": NaN, "iri": 11.9899997711182}}, {"type": "Feature", "geometry": {"type": "LineString", "coordinates": [[-91.4776273, 14.4750803], [-91.4773289, 14.4750035]]}, "properties": {"osmid": "159253042", "oneway": "False", "lanes": NaN, "ref": NaN, "name": NaN, "highway": "tertiary", "maxspeed": NaN, "length": 33.243, "bridge": NaN, "tunnel": NaN, "access": NaN, "junction": NaN, "width": NaN, "est_width": NaN, "iri": 11.9899997711182}}, {"type": "Feature", "geometry": {"type": "LineString", "coordinates": [[-91.4773289, 14.4750035], [-91.476881, 14.474985]]}, "properties": {"osmid": "283918953", "oneway": "False", "lanes": NaN, "ref": NaN, "name": NaN, "highway": "tertiary", "maxspeed": NaN, "length": 48.267, "bridge": "yes", "tunnel": NaN, "access": NaN, "junction": NaN, "width": NaN, "est_width": NaN, "iri": 11.9899997711182}}, {"type": "Feature", "geometry": {"type": "LineString", "coordinates": [[-91.476881, 14.474985], [-91.4748246, 14.4746793]]}, "properties": {"osmid": "283918954", "oneway": "False", "lanes": NaN, "ref": NaN, "name": NaN, "highway": "tertiary", "maxspeed": NaN, "length": 223.998, "bridge": NaN, "tunnel": NaN, "access": NaN, "junction": NaN, "width": NaN, "est_width": NaN, "iri": 11.9899997711182}}, {"type": "Feature", "geometry": {"type": "LineString", "coordinates": [[-91.4748246, 14.4746793], [-91.4746809, 14.4736583]]}, "properties": {"osmid": "159253051", "oneway": "False", "lanes": NaN, "ref": NaN, "name": NaN, "highway": "tertiary", "maxspeed": NaN, "length": 114.58, "bridge": NaN, "tunnel": NaN, "access": NaN, "junction": NaN, "width": NaN, "est_width": NaN, "iri": 11.9899997711182}}, {"type": "Feature", "geometry": {"type": "LineString", "coordinates": [[-91.4746809, 14.4736583], [-91.4746131, 14.4731497]]}, "properties": {"osmid": "159253051", "oneway": "False", "lanes": NaN, "ref": NaN, "name": NaN, "highway": "tertiary", "maxspeed": NaN, "length": 57.023, "bridge": NaN, "tunnel": NaN, "access": NaN, "junction": NaN, "width": NaN, "est_width": NaN, "iri": 11.9899997711182}}, {"type": "Feature", "geometry": {"type": "LineString", "coordinates": [[-91.4746131, 14.4731497], [-91.4745029, 14.4726158]]}, "properties": {"osmid": "159253051", "oneway": "False", "lanes": NaN, "ref": NaN, "name": NaN, "highway": "tertiary", "maxspeed": NaN, "length": 60.541, "bridge": NaN, "tunnel": NaN, "access": NaN, "junction": NaN, "width": NaN, "est_width": NaN, "iri": 11.9899997711182}}, {"type": "Feature", "geometry": {"type": "LineString", "coordinates": [[-91.4745029, 14.4726158], [-91.4743713, 14.4721402]]}, "properties": {"osmid": "159253051", "oneway": "False", "lanes": NaN, "ref": NaN, "name": NaN, "highway": "tertiary", "maxspeed": NaN, "length": 54.75, "bridge": NaN, "tunnel": NaN, "access": NaN, "junction": NaN, "width": NaN, "est_width": NaN, "iri": 11.9899997711182}}, {"type": "Feature", "geometry": {"type": "LineString", "coordinates": [[-91.4743713, 14.4721402], [-91.4741848, 14.4716062]]}, "properties": {"osmid": "159253051", "oneway": "False", "lanes": NaN, "ref": NaN, "name": NaN, "highway": "tertiary", "maxspeed": NaN, "length": 62.681, "bridge": NaN, "tunnel": NaN, "access": NaN, "junction": NaN, "width": NaN, "est_width": NaN, "iri": 11.9899997711182}}, {"type": "Feature", "geometry": {"type": "LineString", "coordinates": [[-91.4741848, 14.4716062], [-91.4739984, 14.4711655]]}, "properties": {"osmid": "159253051", "oneway": "False", "lanes": NaN, "ref": NaN, "name": NaN, "highway": "tertiary", "maxspeed": NaN, "length": 52.954, "bridge": NaN, "tunnel": NaN, "access": NaN, "junction": NaN, "width": NaN, "est_width": NaN, "iri": 11.9899997711182}}, {"type": "Feature", "geometry": {"type": "LineString", "coordinates": [[-91.4739984, 14.4711655], [-91.4738119, 14.4707247]]}, "properties": {"osmid": "159253051", "oneway": "False", "lanes": NaN, "ref": NaN, "name": NaN, "highway": "tertiary", "maxspeed": NaN, "length": 52.968, "bridge": NaN, "tunnel": NaN, "access": NaN, "junction": NaN, "width": NaN, "est_width": NaN, "iri": 11.9899997711182}}, {"type": "Feature", "geometry": {"type": "LineString", "coordinates": [[-91.4738119, 14.4707247], [-91.4735576, 14.4703009]]}, "properties": {"osmid": "159253051", "oneway": "False", "lanes": NaN, "ref": NaN, "name": NaN, "highway": "tertiary", "maxspeed": NaN, "length": 54.501, "bridge": NaN, "tunnel": NaN, "access": NaN, "junction": NaN, "width": NaN, "est_width": NaN, "iri": 11.9899997711182}}, {"type": "Feature", "geometry": {"type": "LineString", "coordinates": [[-91.4735576, 14.4703009], [-91.4728756, 14.4694469]]}, "properties": {"osmid": "159253051", "oneway": "False", "lanes": NaN, "ref": NaN, "name": NaN, "highway": "tertiary", "maxspeed": NaN, "length": 120.039, "bridge": NaN, "tunnel": NaN, "access": NaN, "junction": NaN, "width": NaN, "est_width": NaN, "iri": 11.9899997711182}}, {"type": "Feature", "geometry": {"type": "LineString", "coordinates": [[-91.4728756, 14.4694469], [-91.4726077, 14.4690748]]}, "properties": {"osmid": "159253051", "oneway": "False", "lanes": NaN, "ref": NaN, "name": NaN, "highway": "tertiary", "maxspeed": NaN, "length": 50.438, "bridge": NaN, "tunnel": NaN, "access": NaN, "junction": NaN, "width": NaN, "est_width": NaN, "iri": 11.9899997711182}}, {"type": "Feature", "geometry": {"type": "LineString", "coordinates": [[-91.4726077, 14.4690748], [-91.4723873, 14.4686373]]}, "properties": {"osmid": "159253051", "oneway": "False", "lanes": NaN, "ref": NaN, "name": NaN, "highway": "tertiary", "maxspeed": NaN, "length": 54.127, "bridge": NaN, "tunnel": NaN, "access": NaN, "junction": NaN, "width": NaN, "est_width": NaN, "iri": 11.9899997711182}}, {"type": "Feature", "geometry": {"type": "LineString", "coordinates": [[-91.4723873, 14.4686373], [-91.4722025, 14.4682374]]}, "properties": {"osmid": "159253051", "oneway": "False", "lanes": NaN, "ref": NaN, "name": NaN, "highway": "tertiary", "maxspeed": NaN, "length": 48.716, "bridge": NaN, "tunnel": NaN, "access": NaN, "junction": NaN, "width": NaN, "est_width": NaN, "iri": 11.9899997711182}}, {"type": "Feature", "geometry": {"type": "LineString", "coordinates": [[-91.4722025, 14.4682374], [-91.4721402, 14.4679277]]}, "properties": {"osmid": "159253051", "oneway": "False", "lanes": NaN, "ref": NaN, "name": NaN, "highway": "tertiary", "maxspeed": NaN, "length": 35.084, "bridge": NaN, "tunnel": NaN, "access": NaN, "junction": NaN, "width": NaN, "est_width": NaN, "iri": 11.9899997711182}}, {"type": "Feature", "geometry": {"type": "LineString", "coordinates": [[-91.4721402, 14.4679277], [-91.4720892, 14.4669897]]}, "properties": {"osmid": "159253051", "oneway": "False", "lanes": NaN, "ref": NaN, "name": NaN, "highway": "tertiary", "maxspeed": NaN, "length": 104.445, "bridge": NaN, "tunnel": NaN, "access": NaN, "junction": NaN, "width": NaN, "est_width": NaN, "iri": 11.9899997711182}}, {"type": "Feature", "geometry": {"type": "LineString", "coordinates": [[-91.4720892, 14.4669897], [-91.471966, 14.466358]]}, "properties": {"osmid": "159253051", "oneway": "False", "lanes": NaN, "ref": NaN, "name": NaN, "highway": "tertiary", "maxspeed": NaN, "length": 71.483, "bridge": NaN, "tunnel": NaN, "access": NaN, "junction": NaN, "width": NaN, "est_width": NaN, "iri": 11.9899997711182}}, {"type": "Feature", "geometry": {"type": "LineString", "coordinates": [[-91.471966, 14.466358], [-91.471852, 14.4652748]]}, "properties": {"osmid": "159253051", "oneway": "False", "lanes": NaN, "ref": NaN, "name": NaN, "highway": "tertiary", "maxspeed": NaN, "length": 121.07, "bridge": NaN, "tunnel": NaN, "access": NaN, "junction": NaN, "width": NaN, "est_width": NaN, "iri": 11.9899997711182}}, {"type": "Feature", "geometry": {"type": "LineString", "coordinates": [[-91.471852, 14.4652748], [-91.4717419, 14.4646476]]}, "properties": {"osmid": "159253051", "oneway": "False", "lanes": NaN, "ref": NaN, "name": NaN, "highway": "tertiary", "maxspeed": NaN, "length": 70.742, "bridge": NaN, "tunnel": NaN, "access": NaN, "junction": NaN, "width": NaN, "est_width": NaN, "iri": 11.9899997711182}}, {"type": "Feature", "geometry": {"type": "LineString", "coordinates": [[-91.4717419, 14.4646476], [-91.4715025, 14.4631006]]}, "properties": {"osmid": "159253051", "oneway": "False", "lanes": NaN, "ref": NaN, "name": NaN, "highway": "tertiary", "maxspeed": NaN, "length": 173.939, "bridge": NaN, "tunnel": NaN, "access": NaN, "junction": NaN, "width": NaN, "est_width": NaN, "iri": 11.9899997711182}}, {"type": "Feature", "geometry": {"type": "LineString", "coordinates": [[-91.4715025, 14.4631006], [-91.4713435, 14.4620201]]}, "properties": {"osmid": "159253051", "oneway": "False", "lanes": NaN, "ref": NaN, "name": NaN, "highway": "tertiary", "maxspeed": NaN, "length": 121.36, "bridge": NaN, "tunnel": NaN, "access": NaN, "junction": NaN, "width": NaN, "est_width": NaN, "iri": 11.9899997711182}}, {"type": "Feature", "geometry": {"type": "LineString", "coordinates": [[-91.4713435, 14.4620201], [-91.471275, 14.4615313]]}, "properties": {"osmid": "159253051", "oneway": "False", "lanes": NaN, "ref": NaN, "name": NaN, "highway": "tertiary", "maxspeed": NaN, "length": 54.85, "bridge": NaN, "tunnel": NaN, "access": NaN, "junction": NaN, "width": NaN, "est_width": NaN, "iri": 11.9899997711182}}, {"type": "Feature", "geometry": {"type": "LineString", "coordinates": [[-91.471275, 14.4615313], [-91.4711994, 14.461164]]}, "properties": {"osmid": "159253051", "oneway": "False", "lanes": NaN, "ref": NaN, "name": NaN, "highway": "tertiary", "maxspeed": NaN, "length": 41.645, "bridge": NaN, "tunnel": NaN, "access": NaN, "junction": NaN, "width": NaN, "est_width": NaN, "iri": 11.9899997711182}}, {"type": "Feature", "geometry": {"type": "LineString", "coordinates": [[-91.4711994, 14.461164], [-91.4708502, 14.4602592]]}, "properties": {"osmid": "159253051", "oneway": "False", "lanes": NaN, "ref": NaN, "name": NaN, "highway": "tertiary", "maxspeed": NaN, "length": 107.405, "bridge": NaN, "tunnel": NaN, "access": NaN, "junction": NaN, "width": NaN, "est_width": NaN, "iri": 11.9899997711182}}, {"type": "Feature", "geometry": {"type": "LineString", "coordinates": [[-91.4708502, 14.4602592], [-91.4706807, 14.4595811]]}, "properties": {"osmid": "159253051", "oneway": "False", "lanes": NaN, "ref": NaN, "name": NaN, "highway": "tertiary", "maxspeed": NaN, "length": 77.579, "bridge": NaN, "tunnel": NaN, "access": NaN, "junction": NaN, "width": NaN, "est_width": NaN, "iri": 11.9899997711182}}, {"type": "Feature", "geometry": {"type": "LineString", "coordinates": [[-91.4706807, 14.4595811], [-91.4703382, 14.4576548]]}, "properties": {"osmid": "159253051", "oneway": "False", "lanes": NaN, "ref": NaN, "name": NaN, "highway": "tertiary", "maxspeed": NaN, "length": 217.347, "bridge": NaN, "tunnel": NaN, "access": NaN, "junction": NaN, "width": NaN, "est_width": NaN, "iri": 11.9899997711182}}, {"type": "Feature", "geometry": {"type": "LineString", "coordinates": [[-91.4703382, 14.4576548], [-91.4701707, 14.4567302]]}, "properties": {"osmid": "159253051", "oneway": "False", "lanes": NaN, "ref": NaN, "name": NaN, "highway": "tertiary", "maxspeed": NaN, "length": 104.381, "bridge": NaN, "tunnel": NaN, "access": NaN, "junction": NaN, "width": NaN, "est_width": NaN, "iri": 11.9899997711182}}, {"type": "Feature", "geometry": {"type": "LineString", "coordinates": [[-91.4701707, 14.4567302], [-91.4700141, 14.4549131]]}, "properties": {"osmid": "159253051", "oneway": "False", "lanes": NaN, "ref": NaN, "name": NaN, "highway": "tertiary", "maxspeed": NaN, "length": 202.755, "bridge": NaN, "tunnel": NaN, "access": NaN, "junction": NaN, "width": NaN, "est_width": NaN, "iri": 11.9899997711182}}, {"type": "Feature", "geometry": {"type": "LineString", "coordinates": [[-91.4700141, 14.4549131], [-91.4698826, 14.4531168]]}, "properties": {"osmid": "159253051", "oneway": "False", "lanes": NaN, "ref": NaN, "name": NaN, "highway": "tertiary", "maxspeed": NaN, "length": 200.241, "bridge": NaN, "tunnel": NaN, "access": NaN, "junction": NaN, "width": NaN, "est_width": NaN, "iri": 11.9899997711182}}, {"type": "Feature", "geometry": {"type": "LineString", "coordinates": [[-91.4698826, 14.4531168], [-91.4693713, 14.4500003]]}, "properties": {"osmid": "159253051", "oneway": "False", "lanes": NaN, "ref": NaN, "name": NaN, "highway": "tertiary", "maxspeed": NaN, "length": 350.886, "bridge": NaN, "tunnel": NaN, "access": NaN, "junction": NaN, "width": NaN, "est_width": NaN, "iri": 11.9899997711182}}, {"type": "Feature", "geometry": {"type": "LineString", "coordinates": [[-91.4693713, 14.4500003], [-91.4692217, 14.4489427]]}, "properties": {"osmid": "159253051", "oneway": "False", "lanes": NaN, "ref": NaN, "name": NaN, "highway": "tertiary", "maxspeed": NaN, "length": 118.698, "bridge": NaN, "tunnel": NaN, "access": NaN, "junction": NaN, "width": NaN, "est_width": NaN, "iri": 11.9899997711182}}, {"type": "Feature", "geometry": {"type": "LineString", "coordinates": [[-91.4692217, 14.4489427], [-91.4691188, 14.4478704]]}, "properties": {"osmid": "159253051", "oneway": "False", "lanes": NaN, "ref": NaN, "name": NaN, "highway": "tertiary", "maxspeed": NaN, "length": 119.748, "bridge": NaN, "tunnel": NaN, "access": NaN, "junction": NaN, "width": NaN, "est_width": NaN, "iri": 11.9899997711182}}, {"type": "Feature", "geometry": {"type": "LineString", "coordinates": [[-91.4691188, 14.4478704], [-91.4691151, 14.4461603]]}, "properties": {"osmid": "159253051", "oneway": "False", "lanes": NaN, "ref": NaN, "name": NaN, "highway": "tertiary", "maxspeed": NaN, "length": 190.155, "bridge": NaN, "tunnel": NaN, "access": NaN, "junction": NaN, "width": NaN, "est_width": NaN, "iri": 11.9899997711182}}, {"type": "Feature", "geometry": {"type": "LineString", "coordinates": [[-91.4691151, 14.4461603], [-91.4691203, 14.4444915]]}, "properties": {"osmid": "159253051", "oneway": "False", "lanes": NaN, "ref": NaN, "name": NaN, "highway": "tertiary", "maxspeed": NaN, "length": 185.563, "bridge": NaN, "tunnel": NaN, "access": NaN, "junction": NaN, "width": NaN, "est_width": NaN, "iri": 11.9899997711182}}, {"type": "Feature", "geometry": {"type": "LineString", "coordinates": [[-91.4691203, 14.4444915], [-91.469153, 14.4437193]]}, "properties": {"osmid": "159253051", "oneway": "False", "lanes": NaN, "ref": NaN, "name": NaN, "highway": "tertiary", "maxspeed": NaN, "length": 85.937, "bridge": NaN, "tunnel": NaN, "access": NaN, "junction": NaN, "width": NaN, "est_width": NaN, "iri": 11.9899997711182}}, {"type": "Feature", "geometry": {"type": "LineString", "coordinates": [[-91.469153, 14.4437193], [-91.4692028, 14.4409919]]}, "properties": {"osmid": "159253051", "oneway": "False", "lanes": NaN, "ref": NaN, "name": NaN, "highway": "tertiary", "maxspeed": NaN, "length": 303.321, "bridge": NaN, "tunnel": NaN, "access": NaN, "junction": NaN, "width": NaN, "est_width": NaN, "iri": 11.9899997711182}}, {"type": "Feature", "geometry": {"type": "LineString", "coordinates": [[-91.4692028, 14.4409919], [-91.4692947, 14.4398776]]}, "properties": {"osmid": "159253051", "oneway": "False", "lanes": NaN, "ref": NaN, "name": NaN, "highway": "tertiary", "maxspeed": NaN, "length": 124.299, "bridge": NaN, "tunnel": NaN, "access": NaN, "junction": NaN, "width": NaN, "est_width": NaN, "iri": 11.9899997711182}}, {"type": "Feature", "geometry": {"type": "LineString", "coordinates": [[-91.4692947, 14.4398776], [-91.4694624, 14.4376058]]}, "properties": {"osmid": "159253051", "oneway": "False", "lanes": NaN, "ref": NaN, "name": NaN, "highway": "tertiary", "maxspeed": NaN, "length": 253.258, "bridge": NaN, "tunnel": NaN, "access": NaN, "junction": NaN, "width": NaN, "est_width": NaN, "iri": 11.9899997711182}}, {"type": "Feature", "geometry": {"type": "LineString", "coordinates": [[-91.4694624, 14.4376058], [-91.4694677, 14.4369379]]}, "properties": {"osmid": "159253051", "oneway": "False", "lanes": NaN, "ref": NaN, "name": NaN, "highway": "tertiary", "maxspeed": NaN, "length": 74.269, "bridge": NaN, "tunnel": NaN, "access": NaN, "junction": NaN, "width": NaN, "est_width": NaN, "iri": 11.9899997711182}}, {"type": "Feature", "geometry": {"type": "LineString", "coordinates": [[-91.4694677, 14.4369379], [-91.4693311, 14.4355673]]}, "properties": {"osmid": "159253051", "oneway": "False", "lanes": NaN, "ref": NaN, "name": NaN, "highway": "tertiary", "maxspeed": NaN, "length": 153.112, "bridge": NaN, "tunnel": NaN, "access": NaN, "junction": NaN, "width": NaN, "est_width": NaN, "iri": 11.9899997711182}}, {"type": "Feature", "geometry": {"type": "LineString", "coordinates": [[-91.4693311, 14.4355673], [-91.4690951, 14.4345959]]}, "properties": {"osmid": "159253051", "oneway": "False", "lanes": NaN, "ref": NaN, "name": NaN, "highway": "tertiary", "maxspeed": NaN, "length": 110.964, "bridge": NaN, "tunnel": NaN, "access": NaN, "junction": NaN, "width": NaN, "est_width": NaN, "iri": 11.9899997711182}}, {"type": "Feature", "geometry": {"type": "LineString", "coordinates": [[-91.4690951, 14.4345959], [-91.4686767, 14.4326778]]}, "properties": {"osmid": "159253051", "oneway": "False", "lanes": NaN, "ref": NaN, "name": NaN, "highway": "tertiary", "maxspeed": NaN, "length": 217.99, "bridge": NaN, "tunnel": NaN, "access": NaN, "junction": NaN, "width": NaN, "est_width": NaN, "iri": 11.9899997711182}}, {"type": "Feature", "geometry": {"type": "LineString", "coordinates": [[-91.4686767, 14.4326778], [-91.4682226, 14.4313841]]}, "properties": {"osmid": "159253051", "oneway": "False", "lanes": NaN, "ref": NaN, "name": NaN, "highway": "tertiary", "maxspeed": NaN, "length": 151.937, "bridge": NaN, "tunnel": NaN, "access": NaN, "junction": NaN, "width": NaN, "est_width": NaN, "iri": 11.9899997711182}}, {"type": "Feature", "geometry": {"type": "LineString", "coordinates": [[-91.4682226, 14.4313841], [-91.4679857, 14.43071]]}, "properties": {"osmid": "159253051", "oneway": "False", "lanes": NaN, "ref": NaN, "name": NaN, "highway": "tertiary", "maxspeed": NaN, "length": 79.179, "bridge": NaN, "tunnel": NaN, "access": NaN, "junction": NaN, "width": NaN, "est_width": NaN, "iri": 11.9899997711182}}, {"type": "Feature", "geometry": {"type": "LineString", "coordinates": [[-91.4679857, 14.43071], [-91.4672881, 14.4294064]]}, "properties": {"osmid": "159253051", "oneway": "False", "lanes": NaN, "ref": NaN, "name": NaN, "highway": "tertiary", "maxspeed": NaN, "length": 163.264, "bridge": NaN, "tunnel": NaN, "access": NaN, "junction": NaN, "width": NaN, "est_width": NaN, "iri": 11.9899997711182}}, {"type": "Feature", "geometry": {"type": "LineString", "coordinates": [[-91.4672881, 14.4294064], [-91.467241, 14.4292275]]}, "properties": {"osmid": "159253051", "oneway": "False", "lanes": NaN, "ref": NaN, "name": NaN, "highway": "tertiary", "maxspeed": NaN, "length": 20.529, "bridge": NaN, "tunnel": NaN, "access": NaN, "junction": NaN, "width": NaN, "est_width": NaN, "iri": 11.9899997711182}}, {"type": "Feature", "geometry": {"type": "LineString", "coordinates": [[-91.467241, 14.4292275], [-91.4671704, 14.4289592]]}, "properties": {"osmid": "159253051", "oneway": "False", "lanes": NaN, "ref": NaN, "name": NaN, "highway": "tertiary", "maxspeed": NaN, "length": 30.787, "bridge": NaN, "tunnel": NaN, "access": NaN, "junction": NaN, "width": NaN, "est_width": NaN, "iri": 11.9899997711182}}, {"type": "Feature", "geometry": {"type": "LineString", "coordinates": [[-91.4671704, 14.4289592], [-91.4670473, 14.4283943]]}, "properties": {"osmid": "159253051", "oneway": "False", "lanes": NaN, "ref": NaN, "name": NaN, "highway": "tertiary", "maxspeed": NaN, "length": 64.198, "bridge": NaN, "tunnel": NaN, "access": NaN, "junction": NaN, "width": NaN, "est_width": NaN, "iri": 11.9899997711182}}, {"type": "Feature", "geometry": {"type": "LineString", "coordinates": [[-91.4670473, 14.4283943], [-91.4669338, 14.4281635]]}, "properties": {"osmid": "159253051", "oneway": "False", "lanes": NaN, "ref": NaN, "name": NaN, "highway": "tertiary", "maxspeed": NaN, "length": 28.426, "bridge": NaN, "tunnel": NaN, "access": NaN, "junction": NaN, "width": NaN, "est_width": NaN, "iri": 11.9899997711182}}, {"type": "Feature", "geometry": {"type": "LineString", "coordinates": [[-91.4669338, 14.4281635], [-91.4664974, 14.4276234]]}, "properties": {"osmid": "159253051", "oneway": "False", "lanes": NaN, "ref": NaN, "name": NaN, "highway": "tertiary", "maxspeed": NaN, "length": 76.258, "bridge": NaN, "tunnel": NaN, "access": NaN, "junction": NaN, "width": NaN, "est_width": NaN, "iri": 11.9899997711182}}, {"type": "Feature", "geometry": {"type": "LineString", "coordinates": [[-91.4664974, 14.4276234], [-91.4660581, 14.4269954]]}, "properties": {"osmid": "159253051", "oneway": "False", "lanes": NaN, "ref": NaN, "name": NaN, "highway": "tertiary", "maxspeed": NaN, "length": 84.346, "bridge": NaN, "tunnel": NaN, "access": NaN, "junction": NaN, "width": NaN, "est_width": NaN, "iri": 11.9899997711182}}, {"type": "Feature", "geometry": {"type": "LineString", "coordinates": [[-91.4660581, 14.4269954], [-91.4659875, 14.4268288]]}, "properties": {"osmid": "159253051", "oneway": "False", "lanes": NaN, "ref": NaN, "name": NaN, "highway": "tertiary", "maxspeed": NaN, "length": 20.025, "bridge": NaN, "tunnel": NaN, "access": NaN, "junction": NaN, "width": NaN, "est_width": NaN, "iri": 11.9899997711182}}, {"type": "Feature", "geometry": {"type": "LineString", "coordinates": [[-91.4659875, 14.4268288], [-91.4659963, 14.4261508]]}, "properties": {"osmid": "159253051", "oneway": "False", "lanes": NaN, "ref": NaN, "name": NaN, "highway": "tertiary", "maxspeed": NaN, "length": 75.396, "bridge": NaN, "tunnel": NaN, "access": NaN, "junction": NaN, "width": NaN, "est_width": NaN, "iri": 11.9899997711182}}, {"type": "Feature", "geometry": {"type": "LineString", "coordinates": [[-91.4659963, 14.4261508], [-91.4659486, 14.4259158]]}, "properties": {"osmid": "159253051", "oneway": "False", "lanes": NaN, "ref": NaN, "name": NaN, "highway": "tertiary", "maxspeed": NaN, "length": 26.631, "bridge": NaN, "tunnel": NaN, "access": NaN, "junction": NaN, "width": NaN, "est_width": NaN, "iri": 11.9899997711182}}, {"type": "Feature", "geometry": {"type": "LineString", "coordinates": [[-91.4659486, 14.4259158], [-91.4659104, 14.4254675]]}, "properties": {"osmid": "159253051", "oneway": "False", "lanes": NaN, "ref": NaN, "name": NaN, "highway": "tertiary", "maxspeed": NaN, "length": 50.018, "bridge": NaN, "tunnel": NaN, "access": NaN, "junction": NaN, "width": NaN, "est_width": NaN, "iri": 11.9899997711182}}, {"type": "Feature", "geometry": {"type": "LineString", "coordinates": [[-91.4659104, 14.4254675], [-91.465744, 14.4247253]]}, "properties": {"osmid": "159253051", "oneway": "False", "lanes": NaN, "ref": NaN, "name": NaN, "highway": "tertiary", "maxspeed": NaN, "length": 84.452, "bridge": NaN, "tunnel": NaN, "access": NaN, "junction": NaN, "width": NaN, "est_width": NaN, "iri": 11.9899997711182}}, {"type": "Feature", "geometry": {"type": "LineString", "coordinates": [[-91.465744, 14.4247253], [-91.4656263, 14.4238544]]}, "properties": {"osmid": "159253051", "oneway": "False", "lanes": NaN, "ref": NaN, "name": NaN, "highway": "tertiary", "maxspeed": NaN, "length": 97.666, "bridge": NaN, "tunnel": NaN, "access": NaN, "junction": NaN, "width": NaN, "est_width": NaN, "iri": 11.9899997711182}}, {"type": "Feature", "geometry": {"type": "LineString", "coordinates": [[-91.4656263, 14.4238544], [-91.465391, 14.422866]]}, "properties": {"osmid": "159253051", "oneway": "False", "lanes": NaN, "ref": NaN, "name": NaN, "highway": "tertiary", "maxspeed": NaN, "length": 112.789, "bridge": NaN, "tunnel": NaN, "access": NaN, "junction": NaN, "width": NaN, "est_width": NaN, "iri": 11.9899997711182}}, {"type": "Feature", "geometry": {"type": "LineString", "coordinates": [[-91.465391, 14.422866], [-91.4651792, 14.4219834]]}, "properties": {"osmid": "159253051", "oneway": "False", "lanes": NaN, "ref": NaN, "name": NaN, "highway": "tertiary", "maxspeed": NaN, "length": 100.756, "bridge": NaN, "tunnel": NaN, "access": NaN, "junction": NaN, "width": NaN, "est_width": NaN, "iri": 11.9899997711182}}, {"type": "Feature", "geometry": {"type": "LineString", "coordinates": [[-91.4651792, 14.4219834], [-91.4649556, 14.4214067]]}, "properties": {"osmid": "159253051", "oneway": "False", "lanes": NaN, "ref": NaN, "name": NaN, "highway": "tertiary", "maxspeed": NaN, "length": 68.498, "bridge": NaN, "tunnel": NaN, "access": NaN, "junction": NaN, "width": NaN, "est_width": NaN, "iri": 11.9899997711182}}, {"type": "Feature", "geometry": {"type": "LineString", "coordinates": [[-91.4649556, 14.4214067], [-91.4648497, 14.4203829]]}, "properties": {"osmid": "159253051", "oneway": "False", "lanes": NaN, "ref": NaN, "name": NaN, "highway": "tertiary", "maxspeed": NaN, "length": 114.411, "bridge": NaN, "tunnel": NaN, "access": NaN, "junction": NaN, "width": NaN, "est_width": NaN, "iri": 11.9899997711182}}, {"type": "Feature", "geometry": {"type": "LineString", "coordinates": [[-91.4648497, 14.4203829], [-91.4648144, 14.4194768]]}, "properties": {"osmid": "159253051", "oneway": "False", "lanes": NaN, "ref": NaN, "name": NaN, "highway": "tertiary", "maxspeed": NaN, "length": 100.826, "bridge": NaN, "tunnel": NaN, "access": NaN, "junction": NaN, "width": NaN, "est_width": NaN, "iri": 11.9899997711182}}, {"type": "Feature", "geometry": {"type": "LineString", "coordinates": [[-91.4648144, 14.4194768], [-91.4645908, 14.4184295]]}, "properties": {"osmid": "159253051", "oneway": "False", "lanes": NaN, "ref": NaN, "name": NaN, "highway": "tertiary", "maxspeed": NaN, "length": 118.918, "bridge": NaN, "tunnel": NaN, "access": NaN, "junction": NaN, "width": NaN, "est_width": NaN, "iri": 11.9899997711182}}, {"type": "Feature", "geometry": {"type": "LineString", "coordinates": [[-91.4645908, 14.4184295], [-91.464579, 14.4172527]]}, "properties": {"osmid": "159253051", "oneway": "False", "lanes": NaN, "ref": NaN, "name": NaN, "highway": "tertiary", "maxspeed": NaN, "length": 130.861, "bridge": NaN, "tunnel": NaN, "access": NaN, "junction": NaN, "width": NaN, "est_width": NaN, "iri": 11.9899997711182}}, {"type": "Feature", "geometry": {"type": "LineString", "coordinates": [[-91.464579, 14.4172527], [-91.4646261, 14.4162407]]}, "properties": {"osmid": "159253051", "oneway": "False", "lanes": NaN, "ref": NaN, "name": NaN, "highway": "tertiary", "maxspeed": NaN, "length": 112.644, "bridge": NaN, "tunnel": NaN, "access": NaN, "junction": NaN, "width": NaN, "est_width": NaN, "iri": 11.9899997711182}}, {"type": "Feature", "geometry": {"type": "LineString", "coordinates": [[-91.4646261, 14.4162407], [-91.4643436, 14.4149933]]}, "properties": {"osmid": "159253051", "oneway": "False", "lanes": NaN, "ref": NaN, "name": NaN, "highway": "tertiary", "maxspeed": NaN, "length": 142.002, "bridge": NaN, "tunnel": NaN, "access": NaN, "junction": NaN, "width": NaN, "est_width": NaN, "iri": 11.9899997711182}}, {"type": "Feature", "geometry": {"type": "LineString", "coordinates": [[-91.4643436, 14.4149933], [-91.4641837, 14.4143357]]}, "properties": {"osmid": "159253051", "oneway": "False", "lanes": NaN, "ref": NaN, "name": NaN, "highway": "tertiary", "maxspeed": NaN, "length": 75.122, "bridge": NaN, "tunnel": NaN, "access": NaN, "junction": NaN, "width": NaN, "est_width": NaN, "iri": 11.9899997711182}}, {"type": "Feature", "geometry": {"type": "LineString", "coordinates": [[-91.4641837, 14.4143357], [-91.4639024, 14.4134516]]}, "properties": {"osmid": "159253051", "oneway": "False", "lanes": NaN, "ref": NaN, "name": NaN, "highway": "tertiary", "maxspeed": NaN, "length": 102.87, "bridge": NaN, "tunnel": NaN, "access": NaN, "junction": NaN, "width": NaN, "est_width": NaN, "iri": 11.9899997711182}}, {"type": "Feature", "geometry": {"type": "LineString", "coordinates": [[-91.4639024, 14.4134516], [-91.4637588, 14.4130402]]}, "properties": {"osmid": "159253051", "oneway": "False", "lanes": NaN, "ref": NaN, "name": NaN, "highway": "tertiary", "maxspeed": NaN, "length": 48.289, "bridge": NaN, "tunnel": NaN, "access": NaN, "junction": NaN, "width": NaN, "est_width": NaN, "iri": 11.9899997711182}}, {"type": "Feature", "geometry": {"type": "LineString", "coordinates": [[-91.4637588, 14.4130402], [-91.4635895, 14.4126148]]}, "properties": {"osmid": "159253051", "oneway": "False", "lanes": NaN, "ref": NaN, "name": NaN, "highway": "tertiary", "maxspeed": NaN, "length": 50.695, "bridge": NaN, "tunnel": NaN, "access": NaN, "junction": NaN, "width": NaN, "est_width": NaN, "iri": 11.9899997711182}}, {"type": "Feature", "geometry": {"type": "LineString", "coordinates": [[-91.4635895, 14.4126148], [-91.4630183, 14.4117669]]}, "properties": {"osmid": "159253051", "oneway": "False", "lanes": NaN, "ref": NaN, "name": NaN, "highway": "tertiary", "maxspeed": NaN, "length": 112.576, "bridge": NaN, "tunnel": NaN, "access": NaN, "junction": NaN, "width": NaN, "est_width": NaN, "iri": 11.9899997711182}}, {"type": "Feature", "geometry": {"type": "LineString", "coordinates": [[-91.4630183, 14.4117669], [-91.4625303, 14.4110051]]}, "properties": {"osmid": "159253051", "oneway": "False", "lanes": NaN, "ref": NaN, "name": NaN, "highway": "tertiary", "maxspeed": NaN, "length": 99.688, "bridge": NaN, "tunnel": NaN, "access": NaN, "junction": NaN, "width": NaN, "est_width": NaN, "iri": 11.9899997711182}}, {"type": "Feature", "geometry": {"type": "LineString", "coordinates": [[-91.4625303, 14.4110051], [-91.4619562, 14.4098736]]}, "properties": {"osmid": "159253051", "oneway": "False", "lanes": NaN, "ref": NaN, "name": NaN, "highway": "tertiary", "maxspeed": NaN, "length": 140.188, "bridge": NaN, "tunnel": NaN, "access": NaN, "junction": NaN, "width": NaN, "est_width": NaN, "iri": 11.9899997711182}}, {"type": "Feature", "geometry": {"type": "LineString", "coordinates": [[-91.4619562, 14.4098736], [-91.4615457, 14.4090729]]}, "properties": {"osmid": "159253051", "oneway": "False", "lanes": NaN, "ref": NaN, "name": NaN, "highway": "tertiary", "maxspeed": NaN, "length": 99.406, "bridge": NaN, "tunnel": NaN, "access": NaN, "junction": NaN, "width": NaN, "est_width": NaN, "iri": 11.9899997711182}}, {"type": "Feature", "geometry": {"type": "LineString", "coordinates": [[-91.4615457, 14.4090729], [-91.4611955, 14.4084446]]}, "properties": {"osmid": "159253051", "oneway": "False", "lanes": NaN, "ref": NaN, "name": NaN, "highway": "tertiary", "maxspeed": NaN, "length": 79.394, "bridge": NaN, "tunnel": NaN, "access": NaN, "junction": NaN, "width": NaN, "est_width": NaN, "iri": 11.9899997711182}}, {"type": "Feature", "geometry": {"type": "LineString", "coordinates": [[-91.4611955, 14.4084446], [-91.4611066, 14.4083445]]}, "properties": {"osmid": "159253051", "oneway": "False", "lanes": NaN, "ref": NaN, "name": NaN, "highway": "tertiary", "maxspeed": NaN, "length": 14.682, "bridge": NaN, "tunnel": NaN, "access": NaN, "junction": NaN, "width": NaN, "est_width": NaN, "iri": 11.9899997711182}}, {"type": "Feature", "geometry": {"type": "LineString", "coordinates": [[-91.4611066, 14.4083445], [-91.4608654, 14.4081472]]}, "properties": {"osmid": "159253051", "oneway": "False", "lanes": NaN, "ref": NaN, "name": NaN, "highway": "tertiary", "maxspeed": NaN, "length": 34.001, "bridge": NaN, "tunnel": NaN, "access": NaN, "junction": NaN, "width": NaN, "est_width": NaN, "iri": 11.9899997711182}}, {"type": "Feature", "geometry": {"type": "LineString", "coordinates": [[-91.4608654, 14.4081472], [-91.4606415, 14.4079025]]}, "properties": {"osmid": "159253051", "oneway": "False", "lanes": NaN, "ref": NaN, "name": NaN, "highway": "tertiary", "maxspeed": NaN, "length": 36.357, "bridge": NaN, "tunnel": NaN, "access": NaN, "junction": NaN, "width": NaN, "est_width": NaN, "iri": 11.9899997711182}}, {"type": "Feature", "geometry": {"type": "LineString", "coordinates": [[-91.4606415, 14.4079025], [-91.4603, 14.4071824]]}, "properties": {"osmid": "283922896", "oneway": "False", "lanes": NaN, "ref": NaN, "name": NaN, "highway": "tertiary", "maxspeed": NaN, "length": 88.114, "bridge": "yes", "tunnel": NaN, "access": NaN, "junction": NaN, "width": NaN, "est_width": NaN, "iri": 11.9899997711182}}, {"type": "Feature", "geometry": {"type": "LineString", "coordinates": [[-91.4603, 14.4071824], [-91.4602741, 14.4070212]]}, "properties": {"osmid": "283922902", "oneway": "False", "lanes": NaN, "ref": NaN, "name": NaN, "highway": "tertiary", "maxspeed": NaN, "length": 18.14, "bridge": NaN, "tunnel": NaN, "access": NaN, "junction": NaN, "width": NaN, "est_width": NaN, "iri": 11.9899997711182}}, {"type": "Feature", "geometry": {"type": "LineString", "coordinates": [[-91.4602741, 14.4070212], [-91.4602799, 14.4066264]]}, "properties": {"osmid": "283922902", "oneway": "False", "lanes": NaN, "ref": NaN, "name": NaN, "highway": "tertiary", "maxspeed": NaN, "length": 43.904, "bridge": NaN, "tunnel": NaN, "access": NaN, "junction": NaN, "width": NaN, "est_width": NaN, "iri": 11.9899997711182}}, {"type": "Feature", "geometry": {"type": "LineString", "coordinates": [[-91.4602799, 14.4066264], [-91.4603545, 14.405531]]}, "properties": {"osmid": "283922902", "oneway": "False", "lanes": NaN, "ref": NaN, "name": NaN, "highway": "tertiary", "maxspeed": NaN, "length": 122.068, "bridge": NaN, "tunnel": NaN, "access": NaN, "junction": NaN, "width": NaN, "est_width": NaN, "iri": 11.9899997711182}}, {"type": "Feature", "geometry": {"type": "LineString", "coordinates": [[-91.4603545, 14.405531], [-91.4603516, 14.4050973]]}, "properties": {"osmid": "283922902", "oneway": "False", "lanes": NaN, "ref": NaN, "name": NaN, "highway": "tertiary", "maxspeed": NaN, "length": 48.226, "bridge": NaN, "tunnel": NaN, "access": NaN, "junction": NaN, "width": NaN, "est_width": NaN, "iri": 11.9899997711182}}, {"type": "Feature", "geometry": {"type": "LineString", "coordinates": [[-91.4603516, 14.4050973], [-91.4602052, 14.4043077]]}, "properties": {"osmid": "283922902", "oneway": "False", "lanes": NaN, "ref": NaN, "name": NaN, "highway": "tertiary", "maxspeed": NaN, "length": 89.204, "bridge": NaN, "tunnel": NaN, "access": NaN, "junction": NaN, "width": NaN, "est_width": NaN, "iri": 11.9899997711182}}, {"type": "Feature", "geometry": {"type": "LineString", "coordinates": [[-91.4602052, 14.4043077], [-91.45999, 14.4026285]]}, "properties": {"osmid": "283922902", "oneway": "False", "lanes": NaN, "ref": NaN, "name": NaN, "highway": "tertiary", "maxspeed": NaN, "length": 188.152, "bridge": NaN, "tunnel": NaN, "access": NaN, "junction": NaN, "width": NaN, "est_width": NaN, "iri": 11.9899997711182}}, {"type": "Feature", "geometry": {"type": "LineString", "coordinates": [[-91.45999, 14.4026285], [-91.4598436, 14.4020279]]}, "properties": {"osmid": "283922902", "oneway": "False", "lanes": NaN, "ref": NaN, "name": NaN, "highway": "tertiary", "maxspeed": NaN, "length": 68.62, "bridge": NaN, "tunnel": NaN, "access": NaN, "junction": NaN, "width": NaN, "est_width": NaN, "iri": 11.9899997711182}}, {"type": "Feature", "geometry": {"type": "LineString", "coordinates": [[-91.4598436, 14.4020279], [-91.4597976, 14.4019334]]}, "properties": {"osmid": "283922902", "oneway": "False", "lanes": NaN, "ref": NaN, "name": NaN, "highway": "tertiary", "maxspeed": NaN, "length": 11.617, "bridge": NaN, "tunnel": NaN, "access": NaN, "junction": NaN, "width": NaN, "est_width": NaN, "iri": 11.9899997711182}}, {"type": "Feature", "geometry": {"type": "LineString", "coordinates": [[-91.4597976, 14.4019334], [-91.4597259, 14.4018333]]}, "properties": {"osmid": "283922902", "oneway": "False", "lanes": NaN, "ref": NaN, "name": NaN, "highway": "tertiary", "maxspeed": NaN, "length": 13.547, "bridge": NaN, "tunnel": NaN, "access": NaN, "junction": NaN, "width": NaN, "est_width": NaN, "iri": 11.9899997711182}}, {"type": "Feature", "geometry": {"type": "LineString", "coordinates": [[-91.4597259, 14.4018333], [-91.4589853, 14.4010966]]}, "properties": {"osmid": "283922902", "oneway": "False", "lanes": NaN, "ref": NaN, "name": NaN, "highway": "tertiary", "maxspeed": NaN, "length": 114.336, "bridge": NaN, "tunnel": NaN, "access": NaN, "junction": NaN, "width": NaN, "est_width": NaN, "iri": 11.9899997711182}}, {"type": "Feature", "geometry": {"type": "LineString", "coordinates": [[-91.4589853, 14.4010966], [-91.4588418, 14.400927]]}, "properties": {"osmid": "283922902", "oneway": "False", "lanes": NaN, "ref": NaN, "name": NaN, "highway": "tertiary", "maxspeed": NaN, "length": 24.383, "bridge": NaN, "tunnel": NaN, "access": NaN, "junction": NaN, "width": NaN, "est_width": NaN, "iri": 11.9899997711182}}, {"type": "Feature", "geometry": {"type": "LineString", "coordinates": [[-91.4588418, 14.400927], [-91.4586552, 14.4006517]]}, "properties": {"osmid": "283922902", "oneway": "False", "lanes": NaN, "ref": NaN, "name": NaN, "highway": "tertiary", "maxspeed": NaN, "length": 36.619, "bridge": NaN, "tunnel": NaN, "access": NaN, "junction": NaN, "width": NaN, "est_width": NaN, "iri": 11.9899997711182}}, {"type": "Feature", "geometry": {"type": "LineString", "coordinates": [[-91.4586552, 14.4006517], [-91.4583394, 14.4000762]]}, "properties": {"osmid": "283922902", "oneway": "False", "lanes": NaN, "ref": NaN, "name": NaN, "highway": "tertiary", "maxspeed": NaN, "length": 72.47, "bridge": NaN, "tunnel": NaN, "access": NaN, "junction": NaN, "width": NaN, "est_width": NaN, "iri": 11.9899997711182}}, {"type": "Feature", "geometry": {"type": "LineString", "coordinates": [[-91.4583394, 14.4000762], [-91.4581644, 14.3998733]]}, "properties": {"osmid": "283922902", "oneway": "False", "lanes": NaN, "ref": NaN, "name": NaN, "highway": "tertiary", "maxspeed": NaN, "length": 29.398, "bridge": NaN, "tunnel": NaN, "access": NaN, "junction": NaN, "width": NaN, "est_width": NaN, "iri": 11.9899997711182}}, {"type": "Feature", "geometry": {"type": "LineString", "coordinates": [[-91.4581644, 14.3998733], [-91.457929, 14.3996425]]}, "properties": {"osmid": "283922902", "oneway": "False", "lanes": NaN, "ref": NaN, "name": NaN, "highway": "tertiary", "maxspeed": NaN, "length": 36.075, "bridge": NaN, "tunnel": NaN, "access": NaN, "junction": NaN, "width": NaN, "est_width": NaN, "iri": 11.9899997711182}}, {"type": "Feature", "geometry": {"type": "LineString", "coordinates": [[-91.457929, 14.3996425], [-91.4575013, 14.3992866]]}, "properties": {"osmid": "283922902", "oneway": "False", "lanes": NaN, "ref": NaN, "name": NaN, "highway": "tertiary", "maxspeed": NaN, "length": 60.729, "bridge": NaN, "tunnel": NaN, "access": NaN, "junction": NaN, "width": NaN, "est_width": NaN, "iri": 11.9899997711182}}, {"type": "Feature", "geometry": {"type": "LineString", "coordinates": [[-91.4575013, 14.3992866], [-91.4574152, 14.3991698]]}, "properties": {"osmid": "283922902", "oneway": "False", "lanes": NaN, "ref": NaN, "name": NaN, "highway": "tertiary", "maxspeed": NaN, "length": 15.958, "bridge": NaN, "tunnel": NaN, "access": NaN, "junction": NaN, "width": NaN, "est_width": NaN, "iri": 11.9899997711182}}, {"type": "Feature", "geometry": {"type": "LineString", "coordinates": [[-91.4574152, 14.3991698], [-91.4571741, 14.3986416]]}, "properties": {"osmid": "283922902", "oneway": "False", "lanes": NaN, "ref": NaN, "name": NaN, "highway": "tertiary", "maxspeed": NaN, "length": 64.217, "bridge": NaN, "tunnel": NaN, "access": NaN, "junction": NaN, "width": NaN, "est_width": NaN, "iri": 11.9899997711182}}, {"type": "Feature", "geometry": {"type": "LineString", "coordinates": [[-91.4571741, 14.3986416], [-91.4569903, 14.398269]]}, "properties": {"osmid": "283922902", "oneway": "False", "lanes": NaN, "ref": NaN, "name": NaN, "highway": "tertiary", "maxspeed": NaN, "length": 45.918, "bridge": NaN, "tunnel": NaN, "access": NaN, "junction": NaN, "width": NaN, "est_width": NaN, "iri": 11.9899997711182}}, {"type": "Feature", "geometry": {"type": "LineString", "coordinates": [[-91.4569903, 14.398269], [-91.4569415, 14.3981884]]}, "properties": {"osmid": "283922902", "oneway": "False", "lanes": NaN, "ref": NaN, "name": NaN, "highway": "tertiary", "maxspeed": NaN, "length": 10.39, "bridge": NaN, "tunnel": NaN, "access": NaN, "junction": NaN, "width": NaN, "est_width": NaN, "iri": 11.9899997711182}}, {"type": "Feature", "geometry": {"type": "LineString", "coordinates": [[-91.4569415, 14.3981884], [-91.4565368, 14.3978186]]}, "properties": {"osmid": "283922902", "oneway": "False", "lanes": NaN, "ref": NaN, "name": NaN, "highway": "tertiary", "maxspeed": NaN, "length": 59.922, "bridge": NaN, "tunnel": NaN, "access": NaN, "junction": NaN, "width": NaN, "est_width": NaN, "iri": 11.9899997711182}}, {"type": "Feature", "geometry": {"type": "LineString", "coordinates": [[-91.4565368, 14.3978186], [-91.4564708, 14.3976741]]}, "properties": {"osmid": "283922902", "oneway": "False", "lanes": NaN, "ref": NaN, "name": NaN, "highway": "tertiary", "maxspeed": NaN, "length": 17.57, "bridge": NaN, "tunnel": NaN, "access": NaN, "junction": NaN, "width": NaN, "est_width": NaN, "iri": 11.9899997711182}}, {"type": "Feature", "geometry": {"type": "LineString", "coordinates": [[-91.4564708, 14.3976741], [-91.4564478, 14.3975601]]}, "properties": {"osmid": "283922902", "oneway": "False", "lanes": NaN, "ref": NaN, "name": NaN, "highway": "tertiary", "maxspeed": NaN, "length": 12.916, "bridge": NaN, "tunnel": NaN, "access": NaN, "junction": NaN, "width": NaN, "est_width": NaN, "iri": 11.9899997711182}}, {"type": "Feature", "geometry": {"type": "LineString", "coordinates": [[-91.4564478, 14.3975601], [-91.4564134, 14.397321]]}, "properties": {"osmid": "283922902", "oneway": "False", "lanes": NaN, "ref": NaN, "name": NaN, "highway": "tertiary", "maxspeed": NaN, "length": 26.844, "bridge": NaN, "tunnel": NaN, "access": NaN, "junction": NaN, "width": NaN, "est_width": NaN, "iri": 11.9899997711182}}, {"type": "Feature", "geometry": {"type": "LineString", "coordinates": [[-91.4564134, 14.397321], [-91.4564392, 14.3963479]]}, "properties": {"osmid": "283922902", "oneway": "False", "lanes": NaN, "ref": NaN, "name": NaN, "highway": "tertiary", "maxspeed": NaN, "length": 108.24, "bridge": NaN, "tunnel": NaN, "access": NaN, "junction": NaN, "width": NaN, "est_width": NaN, "iri": 11.9899997711182}}, {"type": "Feature", "geometry": {"type": "LineString", "coordinates": [[-91.4564392, 14.3963479], [-91.4565282, 14.3948187]]}, "properties": {"osmid": "283922902", "oneway": "False", "lanes": NaN, "ref": NaN, "name": NaN, "highway": "tertiary", "maxspeed": NaN, "length": 170.309, "bridge": NaN, "tunnel": NaN, "access": NaN, "junction": NaN, "width": NaN, "est_width": NaN, "iri": 11.9899997711182}}, {"type": "Feature", "geometry": {"type": "LineString", "coordinates": [[-91.4565282, 14.3948187], [-91.4566344, 14.3925416]]}, "properties": {"osmid": "283922902", "oneway": "False", "lanes": NaN, "ref": NaN, "name": NaN, "highway": "tertiary", "maxspeed": NaN, "length": 253.461, "bridge": NaN, "tunnel": NaN, "access": NaN, "junction": NaN, "width": NaN, "est_width": NaN, "iri": 11.9899997711182}}, {"type": "Feature", "geometry": {"type": "LineString", "coordinates": [[-91.4566344, 14.3925416], [-91.4566861, 14.3914906]]}, "properties": {"osmid": "283922902", "oneway": "False", "lanes": NaN, "ref": NaN, "name": NaN, "highway": "tertiary", "maxspeed": NaN, "length": 116.999, "bridge": NaN, "tunnel": NaN, "access": NaN, "junction": NaN, "width": NaN, "est_width": NaN, "iri": 11.9899997711182}}, {"type": "Feature", "geometry": {"type": "LineString", "coordinates": [[-91.4566861, 14.3914906], [-91.4566892, 14.3912464]]}, "properties": {"osmid": "283922902", "oneway": "False", "lanes": NaN, "ref": NaN, "name": NaN, "highway": "tertiary", "maxspeed": NaN, "length": 27.156, "bridge": NaN, "tunnel": NaN, "access": NaN, "junction": NaN, "width": NaN, "est_width": NaN, "iri": 11.9899997711182}}, {"type": "Feature", "geometry": {"type": "LineString", "coordinates": [[-91.4566892, 14.3912464], [-91.4567004, 14.3903757]]}, "properties": {"osmid": "283922902", "oneway": "False", "lanes": NaN, "ref": NaN, "name": NaN, "highway": "tertiary", "maxspeed": NaN, "length": 96.825, "bridge": NaN, "tunnel": NaN, "access": NaN, "junction": NaN, "width": NaN, "est_width": NaN, "iri": 11.9899997711182}}, {"type": "Feature", "geometry": {"type": "LineString", "coordinates": [[-91.4567004, 14.3903757], [-91.4568411, 14.3882681]]}, "properties": {"osmid": "283922902", "oneway": "False", "lanes": NaN, "ref": NaN, "name": NaN, "highway": "tertiary", "maxspeed": NaN, "length": 234.844, "bridge": NaN, "tunnel": NaN, "access": NaN, "junction": NaN, "width": NaN, "est_width": NaN, "iri": 11.9899997711182}}, {"type": "Feature", "geometry": {"type": "LineString", "coordinates": [[-91.4568411, 14.3882681], [-91.4569875, 14.3857296]]}, "properties": {"osmid": "283922902", "oneway": "False", "lanes": NaN, "ref": NaN, "name": NaN, "highway": "tertiary", "maxspeed": NaN, "length": 282.709, "bridge": NaN, "tunnel": NaN, "access": NaN, "junction": NaN, "width": NaN, "est_width": NaN, "iri": 11.9899997711182}}, {"type": "Feature", "geometry": {"type": "LineString", "coordinates": [[-91.4569875, 14.3857296], [-91.457154, 14.3831744]]}, "properties": {"osmid": "283922902", "oneway": "False", "lanes": NaN, "ref": NaN, "name": NaN, "highway": "tertiary", "maxspeed": NaN, "length": 284.691, "bridge": NaN, "tunnel": NaN, "access": NaN, "junction": NaN, "width": NaN, "est_width": NaN, "iri": 11.9899997711182}}, {"type": "Feature", "geometry": {"type": "LineString", "coordinates": [[-91.457154, 14.3831744], [-91.4573032, 14.3805607]]}, "properties": {"osmid": "283922902", "oneway": "False", "lanes": NaN, "ref": NaN, "name": NaN, "highway": "tertiary", "maxspeed": NaN, "length": 291.075, "bridge": NaN, "tunnel": NaN, "access": NaN, "junction": NaN, "width": NaN, "est_width": NaN, "iri": 11.9899997711182}}]}