{"type": "FeatureCollection", "features": [{"type": "Feature", "geometry": {"type": "LineString", "coordinates": [[-91.8729641, 14.7250979], [-91.8726152, 14.7250746]]}, "properties": {"osmid": "204137140", "oneway": "False", "lanes": "2", "ref": "RN-13", "name": NaN, "highway": "tertiary", "maxspeed": NaN, "length": 37.611, "bridge": NaN, "tunnel": NaN, "access": NaN, "junction": NaN, "width": NaN, "est_width": NaN, "iri": 7.34999990463257}}, {"type": "Feature", "geometry": {"type": "LineString", "coordinates": [[-91.8726152, 14.7250746], [-91.8716176, 14.7248281]]}, "properties": {"osmid": "204137140", "oneway": "False", "lanes": "2", "ref": "RN-13", "name": NaN, "highway": "tertiary", "maxspeed": NaN, "length": 110.731, "bridge": NaN, "tunnel": NaN, "access": NaN, "junction": NaN, "width": NaN, "est_width": NaN, "iri": 7.34999990463257}}, {"type": "Feature", "geometry": {"type": "LineString", "coordinates": [[-91.8716176, 14.7248281], [-91.871535, 14.7248074]]}, "properties": {"osmid": "204137140", "oneway": "False", "lanes": "2", "ref": "RN-13", "name": NaN, "highway": "tertiary", "maxspeed": NaN, "length": 9.176, "bridge": NaN, "tunnel": NaN, "access": NaN, "junction": NaN, "width": NaN, "est_width": NaN, "iri": 7.34999990463257}}, {"type": "Feature", "geometry": {"type": "LineString", "coordinates": [[-91.871535, 14.7248074], [-91.8703946, 14.724522]]}, "properties": {"osmid": "204137140", "oneway": "False", "lanes": "2", "ref": "RN-13", "name": NaN, "highway": "tertiary", "maxspeed": NaN, "length": 126.682, "bridge": NaN, "tunnel": NaN, "access": NaN, "junction": NaN, "width": NaN, "est_width": NaN, "iri": 7.34999990463257}}, {"type": "Feature", "geometry": {"type": "LineString", "coordinates": [[-91.8703946, 14.724522], [-91.8697991, 14.7243716]]}, "properties": {"osmid": "204137140", "oneway": "False", "lanes": "2", "ref": "RN-13", "name": NaN, "highway": "tertiary", "maxspeed": NaN, "length": 66.19, "bridge": NaN, "tunnel": NaN, "access": NaN, "junction": NaN, "width": NaN, "est_width": NaN, "iri": 7.34999990463257}}, {"type": "Feature", "geometry": {"type": "LineString", "coordinates": [[-91.8697991, 14.7243716], [-91.8693431, 14.7242886]]}, "properties": {"osmid": "204137140", "oneway": "False", "lanes": "2", "ref": "RN-13", "name": NaN, "highway": "tertiary", "maxspeed": NaN, "length": 49.901, "bridge": NaN, "tunnel": NaN, "access": NaN, "junction": NaN, "width": NaN, "est_width": NaN, "iri": 7.34999990463257}}, {"type": "Feature", "geometry": {"type": "LineString", "coordinates": [[-91.8693431, 14.7242886], [-91.8689354, 14.7242886]]}, "properties": {"osmid": "204137140", "oneway": "False", "lanes": "2", "ref": "RN-13", "name": NaN, "highway": "tertiary", "maxspeed": NaN, "length": 43.845, "bridge": NaN, "tunnel": NaN, "access": NaN, "junction": NaN, "width": NaN, "est_width": NaN, "iri": 7.34999990463257}}, {"type": "Feature", "geometry": {"type": "LineString", "coordinates": [[-91.8689354, 14.7242886], [-91.8685385, 14.7243145]]}, "properties": {"osmid": "204137140", "oneway": "False", "lanes": "2", "ref": "RN-13", "name": NaN, "highway": "tertiary", "maxspeed": NaN, "length": 42.781, "bridge": NaN, "tunnel": NaN, "access": NaN, "junction": NaN, "width": NaN, "est_width": NaN, "iri": 7.34999990463257}}, {"type": "Feature", "geometry": {"type": "LineString", "coordinates": [[-91.8685385, 14.7243145], [-91.8678569, 14.7245091]]}, "properties": {"osmid": "204137140", "oneway": "False", "lanes": "2", "ref": "RN-13", "name": NaN, "highway": "tertiary", "maxspeed": NaN, "length": 76.429, "bridge": NaN, "tunnel": NaN, "access": NaN, "junction": NaN, "width": NaN, "est_width": NaN, "iri": 7.34999990463257}}, {"type": "Feature", "geometry": {"type": "LineString", "coordinates": [[-91.8678569, 14.7245091], [-91.8672039, 14.7247744]]}, "properties": {"osmid": "204137140", "oneway": "False", "lanes": "2", "ref": "RN-13", "name": NaN, "highway": "tertiary", "maxspeed": NaN, "length": 76.17, "bridge": NaN, "tunnel": NaN, "access": NaN, "junction": NaN, "width": NaN, "est_width": NaN, "iri": 7.34999990463257}}, {"type": "Feature", "geometry": {"type": "LineString", "coordinates": [[-91.8672039, 14.7247744], [-91.8671467, 14.7248837]]}, "properties": {"osmid": "204137140", "oneway": "False", "lanes": "2", "ref": "RN-13", "name": NaN, "highway": "tertiary", "maxspeed": NaN, "length": 13.622, "bridge": NaN, "tunnel": NaN, "access": NaN, "junction": NaN, "width": NaN, "est_width": NaN, "iri": 7.34999990463257}}, {"type": "Feature", "geometry": {"type": "LineString", "coordinates": [[-91.8671467, 14.7248837], [-91.8671531, 14.7255129]]}, "properties": {"osmid": "204137140", "oneway": "False", "lanes": "2", "ref": "RN-13", "name": NaN, "highway": "tertiary", "maxspeed": NaN, "length": 69.967, "bridge": NaN, "tunnel": NaN, "access": NaN, "junction": NaN, "width": NaN, "est_width": NaN, "iri": 7.34999990463257}}, {"type": "Feature", "geometry": {"type": "LineString", "coordinates": [[-91.8671531, 14.7255129], [-91.8671372, 14.7258597]]}, "properties": {"osmid": "204137140", "oneway": "False", "lanes": "2", "ref": "RN-13", "name": NaN, "highway": "tertiary", "maxspeed": NaN, "length": 38.6, "bridge": NaN, "tunnel": NaN, "access": NaN, "junction": NaN, "width": NaN, "est_width": NaN, "iri": 7.34999990463257}}, {"type": "Feature", "geometry": {"type": "LineString", "coordinates": [[-91.8671372, 14.7258597], [-91.8670579, 14.726142]]}, "properties": {"osmid": "204137140", "oneway": "False", "lanes": "2", "ref": "RN-13", "name": NaN, "highway": "tertiary", "maxspeed": NaN, "length": 32.528, "bridge": NaN, "tunnel": NaN, "access": NaN, "junction": NaN, "width": NaN, "est_width": NaN, "iri": 7.34999990463257}}, {"type": "Feature", "geometry": {"type": "LineString", "coordinates": [[-91.8670579, 14.726142], [-91.8669658, 14.7264489]]}, "properties": {"osmid": "204137140", "oneway": "False", "lanes": "2", "ref": "RN-13", "name": NaN, "highway": "tertiary", "maxspeed": NaN, "length": 35.534, "bridge": NaN, "tunnel": NaN, "access": NaN, "junction": NaN, "width": NaN, "est_width": NaN, "iri": 7.34999990463257}}, {"type": "Feature", "geometry": {"type": "LineString", "coordinates": [[-91.8669658, 14.7264489], [-91.8669246, 14.7265778]]}, "properties": {"osmid": "204137140", "oneway": "False", "lanes": "2", "ref": "RN-13", "name": NaN, "highway": "tertiary", "maxspeed": NaN, "length": 15.002, "bridge": NaN, "tunnel": NaN, "access": NaN, "junction": NaN, "width": NaN, "est_width": NaN, "iri": 7.34999990463257}}, {"type": "Feature", "geometry": {"type": "LineString", "coordinates": [[-91.8669246, 14.7265778], [-91.8669404, 14.726719]]}, "properties": {"osmid": "204137140", "oneway": "False", "lanes": "2", "ref": "RN-13", "name": NaN, "highway": "tertiary", "maxspeed": NaN, "length": 15.792, "bridge": NaN, "tunnel": NaN, "access": NaN, "junction": NaN, "width": NaN, "est_width": NaN, "iri": 7.34999990463257}}, {"type": "Feature", "geometry": {"type": "LineString", "coordinates": [[-91.8669404, 14.726719], [-91.8670261, 14.7269431]]}, "properties": {"osmid": "204137140", "oneway": "False", "lanes": "2", "ref": "RN-13", "name": NaN, "highway": "tertiary", "maxspeed": NaN, "length": 26.569, "bridge": NaN, "tunnel": NaN, "access": NaN, "junction": NaN, "width": NaN, "est_width": NaN, "iri": 7.34999990463257}}, {"type": "Feature", "geometry": {"type": "LineString", "coordinates": [[-91.8670261, 14.7269431], [-91.8673657, 14.7274065]]}, "properties": {"osmid": "204137140", "oneway": "False", "lanes": "2", "ref": "RN-13", "name": NaN, "highway": "tertiary", "maxspeed": NaN, "length": 63.158, "bridge": NaN, "tunnel": NaN, "access": NaN, "junction": NaN, "width": NaN, "est_width": NaN, "iri": 7.34999990463257}}, {"type": "Feature", "geometry": {"type": "LineString", "coordinates": [[-91.8673657, 14.7274065], [-91.8675085, 14.7276643]]}, "properties": {"osmid": "204137140", "oneway": "False", "lanes": "2", "ref": "RN-13", "name": NaN, "highway": "tertiary", "maxspeed": NaN, "length": 32.52, "bridge": NaN, "tunnel": NaN, "access": NaN, "junction": NaN, "width": NaN, "est_width": NaN, "iri": 7.34999990463257}}, {"type": "Feature", "geometry": {"type": "LineString", "coordinates": [[-91.8675085, 14.7276643], [-91.8675497, 14.7278361]]}, "properties": {"osmid": "204137140", "oneway": "False", "lanes": "2", "ref": "RN-13", "name": NaN, "highway": "tertiary", "maxspeed": NaN, "length": 19.61, "bridge": NaN, "tunnel": NaN, "access": NaN, "junction": NaN, "width": NaN, "est_width": NaN, "iri": 7.34999990463257}}, {"type": "Feature", "geometry": {"type": "LineString", "coordinates": [[-91.8675497, 14.7278361], [-91.8675434, 14.7279773]]}, "properties": {"osmid": "204137140", "oneway": "False", "lanes": "2", "ref": "RN-13", "name": NaN, "highway": "tertiary", "maxspeed": NaN, "length": 15.715, "bridge": NaN, "tunnel": NaN, "access": NaN, "junction": NaN, "width": NaN, "est_width": NaN, "iri": 7.34999990463257}}, {"type": "Feature", "geometry": {"type": "LineString", "coordinates": [[-91.8675434, 14.7279773], [-91.8674537, 14.7282299]]}, "properties": {"osmid": "204137140", "oneway": "False", "lanes": "2", "ref": "RN-13", "name": NaN, "highway": "tertiary", "maxspeed": NaN, "length": 29.698, "bridge": NaN, "tunnel": NaN, "access": NaN, "junction": NaN, "width": NaN, "est_width": NaN, "iri": 7.34999990463257}}, {"type": "Feature", "geometry": {"type": "LineString", "coordinates": [[-91.8674537, 14.7282299], [-91.8674006, 14.7283794]]}, "properties": {"osmid": "204137140", "oneway": "False", "lanes": "2", "ref": "RN-13", "name": NaN, "highway": "tertiary", "maxspeed": NaN, "length": 17.577, "bridge": NaN, "tunnel": NaN, "access": NaN, "junction": NaN, "width": NaN, "est_width": NaN, "iri": 7.34999990463257}}, {"type": "Feature", "geometry": {"type": "LineString", "coordinates": [[-91.8674006, 14.7283794], [-91.8669818, 14.7293111]]}, "properties": {"osmid": "204137140", "oneway": "False", "lanes": "2", "ref": "RN-13", "name": NaN, "highway": "tertiary", "maxspeed": NaN, "length": 112.967, "bridge": NaN, "tunnel": NaN, "access": NaN, "junction": NaN, "width": NaN, "est_width": NaN, "iri": 7.34999990463257}}, {"type": "Feature", "geometry": {"type": "LineString", "coordinates": [[-91.8669818, 14.7293111], [-91.8669151, 14.7294597]]}, "properties": {"osmid": "204137140", "oneway": "False", "lanes": "2", "ref": "RN-13", "name": NaN, "highway": "tertiary", "maxspeed": NaN, "length": 18.013, "bridge": NaN, "tunnel": NaN, "access": NaN, "junction": NaN, "width": NaN, "est_width": NaN, "iri": 7.34999990463257}}, {"type": "Feature", "geometry": {"type": "LineString", "coordinates": [[-91.8669151, 14.7294597], [-91.8667106, 14.7296921]]}, "properties": {"osmid": "204137140", "oneway": "False", "lanes": "2", "ref": "RN-13", "name": NaN, "highway": "tertiary", "maxspeed": NaN, "length": 33.933, "bridge": NaN, "tunnel": NaN, "access": NaN, "junction": NaN, "width": NaN, "est_width": NaN, "iri": 7.34999990463257}}, {"type": "Feature", "geometry": {"type": "LineString", "coordinates": [[-91.8667106, 14.7296921], [-91.8664548, 14.7298527]]}, "properties": {"osmid": "204137140", "oneway": "False", "lanes": "2", "ref": "RN-13", "name": NaN, "highway": "tertiary", "maxspeed": NaN, "length": 32.797, "bridge": NaN, "tunnel": NaN, "access": NaN, "junction": NaN, "width": NaN, "est_width": NaN, "iri": 7.34999990463257}}, {"type": "Feature", "geometry": {"type": "LineString", "coordinates": [[-91.8664548, 14.7298527], [-91.866042, 14.7299655]]}, "properties": {"osmid": "204137140", "oneway": "False", "lanes": "2", "ref": "RN-13", "name": NaN, "highway": "tertiary", "maxspeed": NaN, "length": 46.131, "bridge": NaN, "tunnel": NaN, "access": NaN, "junction": NaN, "width": NaN, "est_width": NaN, "iri": 7.34999990463257}}, {"type": "Feature", "geometry": {"type": "LineString", "coordinates": [[-91.866042, 14.7299655], [-91.8653105, 14.7300436]]}, "properties": {"osmid": "204137140", "oneway": "False", "lanes": "2", "ref": "RN-13", "name": NaN, "highway": "tertiary", "maxspeed": NaN, "length": 79.144, "bridge": NaN, "tunnel": NaN, "access": NaN, "junction": NaN, "width": NaN, "est_width": NaN, "iri": 7.34999990463257}}, {"type": "Feature", "geometry": {"type": "LineString", "coordinates": [[-91.8653105, 14.7300436], [-91.8650412, 14.7300914]]}, "properties": {"osmid": "204137140", "oneway": "False", "lanes": "2", "ref": "RN-13", "name": NaN, "highway": "tertiary", "maxspeed": NaN, "length": 29.444, "bridge": NaN, "tunnel": NaN, "access": NaN, "junction": NaN, "width": NaN, "est_width": NaN, "iri": 7.34999990463257}}, {"type": "Feature", "geometry": {"type": "LineString", "coordinates": [[-91.8650412, 14.7300914], [-91.8649214, 14.7301767]]}, "properties": {"osmid": "204137140", "oneway": "False", "lanes": "2", "ref": "RN-13", "name": NaN, "highway": "tertiary", "maxspeed": NaN, "length": 15.998, "bridge": NaN, "tunnel": NaN, "access": NaN, "junction": NaN, "width": NaN, "est_width": NaN, "iri": 7.34999990463257}}, {"type": "Feature", "geometry": {"type": "LineString", "coordinates": [[-91.8649214, 14.7301767], [-91.8648451, 14.7302657]]}, "properties": {"osmid": "204137140", "oneway": "False", "lanes": "2", "ref": "RN-13", "name": NaN, "highway": "tertiary", "maxspeed": NaN, "length": 12.856, "bridge": NaN, "tunnel": NaN, "access": NaN, "junction": NaN, "width": NaN, "est_width": NaN, "iri": 7.34999990463257}}, {"type": "Feature", "geometry": {"type": "LineString", "coordinates": [[-91.8648451, 14.7302657], [-91.8648411, 14.7304109]]}, "properties": {"osmid": "204137140", "oneway": "False", "lanes": "2", "ref": "RN-13", "name": NaN, "highway": "tertiary", "maxspeed": NaN, "length": 16.151, "bridge": NaN, "tunnel": NaN, "access": NaN, "junction": NaN, "width": NaN, "est_width": NaN, "iri": 7.34999990463257}}, {"type": "Feature", "geometry": {"type": "LineString", "coordinates": [[-91.8648411, 14.7304109], [-91.864852, 14.7304784]]}, "properties": {"osmid": "812995080", "oneway": "False", "lanes": "2", "ref": "RN-13", "name": NaN, "highway": "tertiary", "maxspeed": NaN, "length": 7.597, "bridge": "yes", "tunnel": NaN, "access": NaN, "junction": NaN, "width": NaN, "est_width": NaN, "iri": 7.34999990463257}}, {"type": "Feature", "geometry": {"type": "LineString", "coordinates": [[-91.864852, 14.7304784], [-91.8649304, 14.7308364]]}, "properties": {"osmid": "812995082", "oneway": "False", "lanes": "2", "ref": "RN-13", "name": NaN, "highway": "tertiary", "maxspeed": NaN, "length": 40.691, "bridge": NaN, "tunnel": NaN, "access": NaN, "junction": NaN, "width": NaN, "est_width": NaN, "iri": 7.34999990463257}}, {"type": "Feature", "geometry": {"type": "LineString", "coordinates": [[-91.8649304, 14.7308364], [-91.8651233, 14.7317544]]}, "properties": {"osmid": "812995082", "oneway": "False", "lanes": "2", "ref": "RN-13", "name": NaN, "highway": "tertiary", "maxspeed": NaN, "length": 104.164, "bridge": NaN, "tunnel": NaN, "access": NaN, "junction": NaN, "width": NaN, "est_width": NaN, "iri": 7.34999990463257}}, {"type": "Feature", "geometry": {"type": "LineString", "coordinates": [[-91.8651233, 14.7317544], [-91.8651211, 14.7318867]]}, "properties": {"osmid": "812995082", "oneway": "False", "lanes": "2", "ref": "RN-13", "name": NaN, "highway": "tertiary", "maxspeed": NaN, "length": 14.713, "bridge": NaN, "tunnel": NaN, "access": NaN, "junction": NaN, "width": NaN, "est_width": NaN, "iri": 7.34999990463257}}, {"type": "Feature", "geometry": {"type": "LineString", "coordinates": [[-91.8651211, 14.7318867], [-91.8650829, 14.7321363]]}, "properties": {"osmid": "812995082", "oneway": "False", "lanes": "2", "ref": "RN-13", "name": NaN, "highway": "tertiary", "maxspeed": NaN, "length": 28.057, "bridge": NaN, "tunnel": NaN, "access": NaN, "junction": NaN, "width": NaN, "est_width": NaN, "iri": 7.34999990463257}}, {"type": "Feature", "geometry": {"type": "LineString", "coordinates": [[-91.8650829, 14.7321363], [-91.8650919, 14.7322296]]}, "properties": {"osmid": "812995082", "oneway": "False", "lanes": "2", "ref": "RN-13", "name": NaN, "highway": "tertiary", "maxspeed": NaN, "length": 10.42, "bridge": NaN, "tunnel": NaN, "access": NaN, "junction": NaN, "width": NaN, "est_width": NaN, "iri": 7.34999990463257}}, {"type": "Feature", "geometry": {"type": "LineString", "coordinates": [[-91.8650919, 14.7322296], [-91.8651906, 14.7324488]]}, "properties": {"osmid": "812995082", "oneway": "False", "lanes": "2", "ref": "RN-13", "name": NaN, "highway": "tertiary", "maxspeed": NaN, "length": 26.585, "bridge": NaN, "tunnel": NaN, "access": NaN, "junction": NaN, "width": NaN, "est_width": NaN, "iri": 7.34999990463257}}, {"type": "Feature", "geometry": {"type": "LineString", "coordinates": [[-91.8651906, 14.7324488], [-91.8652445, 14.732579]]}, "properties": {"osmid": "812995082", "oneway": "False", "lanes": "2", "ref": "RN-13", "name": NaN, "highway": "tertiary", "maxspeed": NaN, "length": 15.595, "bridge": NaN, "tunnel": NaN, "access": NaN, "junction": NaN, "width": NaN, "est_width": NaN, "iri": 7.34999990463257}}, {"type": "Feature", "geometry": {"type": "LineString", "coordinates": [[-91.8652445, 14.732579], [-91.865231, 14.7327331]]}, "properties": {"osmid": "812995082", "oneway": "False", "lanes": "2", "ref": "RN-13", "name": NaN, "highway": "tertiary", "maxspeed": NaN, "length": 17.197, "bridge": NaN, "tunnel": NaN, "access": NaN, "junction": NaN, "width": NaN, "est_width": NaN, "iri": 7.34999990463257}}, {"type": "Feature", "geometry": {"type": "LineString", "coordinates": [[-91.865231, 14.7327331], [-91.8650919, 14.7329241]]}, "properties": {"osmid": "812995082", "oneway": "False", "lanes": "2", "ref": "RN-13", "name": NaN, "highway": "tertiary", "maxspeed": NaN, "length": 25.977, "bridge": NaN, "tunnel": NaN, "access": NaN, "junction": NaN, "width": NaN, "est_width": NaN, "iri": 7.34999990463257}}, {"type": "Feature", "geometry": {"type": "LineString", "coordinates": [[-91.8650919, 14.7329241], [-91.8647778, 14.7332365]]}, "properties": {"osmid": "812995082", "oneway": "False", "lanes": "2", "ref": "RN-13", "name": NaN, "highway": "tertiary", "maxspeed": NaN, "length": 48.452, "bridge": NaN, "tunnel": NaN, "access": NaN, "junction": NaN, "width": NaN, "est_width": NaN, "iri": 7.34999990463257}}, {"type": "Feature", "geometry": {"type": "LineString", "coordinates": [[-91.8647778, 14.7332365], [-91.8644614, 14.7334904]]}, "properties": {"osmid": "812995082", "oneway": "False", "lanes": "2", "ref": "RN-13", "name": NaN, "highway": "tertiary", "maxspeed": NaN, "length": 44.213, "bridge": NaN, "tunnel": NaN, "access": NaN, "junction": NaN, "width": NaN, "est_width": NaN, "iri": 7.34999990463257}}, {"type": "Feature", "geometry": {"type": "LineString", "coordinates": [[-91.8644614, 14.7334904], [-91.8643986, 14.7335838]]}, "properties": {"osmid": "812995082", "oneway": "False", "lanes": "2", "ref": "RN-13", "name": NaN, "highway": "tertiary", "maxspeed": NaN, "length": 12.388, "bridge": NaN, "tunnel": NaN, "access": NaN, "junction": NaN, "width": NaN, "est_width": NaN, "iri": 7.34999990463257}}, {"type": "Feature", "geometry": {"type": "LineString", "coordinates": [[-91.8643986, 14.7335838], [-91.8643604, 14.7337313]]}, "properties": {"osmid": "812995082", "oneway": "False", "lanes": "2", "ref": "RN-13", "name": NaN, "highway": "tertiary", "maxspeed": NaN, "length": 16.908, "bridge": NaN, "tunnel": NaN, "access": NaN, "junction": NaN, "width": NaN, "est_width": NaN, "iri": 7.34999990463257}}, {"type": "Feature", "geometry": {"type": "LineString", "coordinates": [[-91.8643604, 14.7337313], [-91.8644053, 14.7339136]]}, "properties": {"osmid": "812995082", "oneway": "False", "lanes": "2", "ref": "RN-13", "name": NaN, "highway": "tertiary", "maxspeed": NaN, "length": 20.838, "bridge": NaN, "tunnel": NaN, "access": NaN, "junction": NaN, "width": NaN, "est_width": NaN, "iri": 7.34999990463257}}, {"type": "Feature", "geometry": {"type": "LineString", "coordinates": [[-91.8644053, 14.7339136], [-91.8645556, 14.7342153]]}, "properties": {"osmid": "812995082", "oneway": "False", "lanes": "2", "ref": "RN-13", "name": NaN, "highway": "tertiary", "maxspeed": NaN, "length": 37.238, "bridge": NaN, "tunnel": NaN, "access": NaN, "junction": NaN, "width": NaN, "est_width": NaN, "iri": 7.34999990463257}}, {"type": "Feature", "geometry": {"type": "LineString", "coordinates": [[-91.8645556, 14.7342153], [-91.86483, 14.7347599]]}, "properties": {"osmid": "812995082", "oneway": "False", "lanes": "2", "ref": "RN-13", "name": NaN, "highway": "tertiary", "maxspeed": NaN, "length": 67.364, "bridge": NaN, "tunnel": NaN, "access": NaN, "junction": NaN, "width": NaN, "est_width": NaN, "iri": 7.34999990463257}}, {"type": "Feature", "geometry": {"type": "LineString", "coordinates": [[-91.86483, 14.7347599], [-91.8648816, 14.7349161]]}, "properties": {"osmid": "812995082", "oneway": "False", "lanes": "2", "ref": "RN-13", "name": NaN, "highway": "tertiary", "maxspeed": NaN, "length": 18.234, "bridge": NaN, "tunnel": NaN, "access": NaN, "junction": NaN, "width": NaN, "est_width": NaN, "iri": 7.34999990463257}}, {"type": "Feature", "geometry": {"type": "LineString", "coordinates": [[-91.8648816, 14.7349161], [-91.8648883, 14.7350355]]}, "properties": {"osmid": "812995082", "oneway": "False", "lanes": "2", "ref": "RN-13", "name": NaN, "highway": "tertiary", "maxspeed": NaN, "length": 13.296, "bridge": NaN, "tunnel": NaN, "access": NaN, "junction": NaN, "width": NaN, "est_width": NaN, "iri": 7.34999990463257}}, {"type": "Feature", "geometry": {"type": "LineString", "coordinates": [[-91.8648883, 14.7350355], [-91.8648546, 14.7352069]]}, "properties": {"osmid": "812995082", "oneway": "False", "lanes": "2", "ref": "RN-13", "name": NaN, "highway": "tertiary", "maxspeed": NaN, "length": 19.4, "bridge": NaN, "tunnel": NaN, "access": NaN, "junction": NaN, "width": NaN, "est_width": NaN, "iri": 7.34999990463257}}, {"type": "Feature", "geometry": {"type": "LineString", "coordinates": [[-91.8648546, 14.7352069], [-91.8647267, 14.7354934]]}, "properties": {"osmid": "812995082", "oneway": "False", "lanes": "2", "ref": "RN-13", "name": NaN, "highway": "tertiary", "maxspeed": NaN, "length": 34.7, "bridge": NaN, "tunnel": NaN, "access": NaN, "junction": NaN, "width": NaN, "est_width": NaN, "iri": 7.34999990463257}}, {"type": "Feature", "geometry": {"type": "LineString", "coordinates": [[-91.8647267, 14.7354934], [-91.8647223, 14.735578]]}, "properties": {"osmid": "812995082", "oneway": "False", "lanes": "2", "ref": "RN-13", "name": NaN, "highway": "tertiary", "maxspeed": NaN, "length": 9.419, "bridge": NaN, "tunnel": NaN, "access": NaN, "junction": NaN, "width": NaN, "est_width": NaN, "iri": 7.34999990463257}}, {"type": "Feature", "geometry": {"type": "LineString", "coordinates": [[-91.8647223, 14.735578], [-91.8647941, 14.7357516]]}, "properties": {"osmid": "812995082", "oneway": "False", "lanes": "2", "ref": "RN-13", "name": NaN, "highway": "tertiary", "maxspeed": NaN, "length": 20.79, "bridge": NaN, "tunnel": NaN, "access": NaN, "junction": NaN, "width": NaN, "est_width": NaN, "iri": 7.34999990463257}}, {"type": "Feature", "geometry": {"type": "LineString", "coordinates": [[-91.8647941, 14.7357516], [-91.8651957, 14.7365806]]}, "properties": {"osmid": "812995082", "oneway": "False", "lanes": "2", "ref": "RN-13", "name": NaN, "highway": "tertiary", "maxspeed": NaN, "length": 101.796, "bridge": NaN, "tunnel": NaN, "access": NaN, "junction": NaN, "width": NaN, "est_width": NaN, "iri": 7.34999990463257}}, {"type": "Feature", "geometry": {"type": "LineString", "coordinates": [[-91.8651957, 14.7365806], [-91.8652765, 14.7367346]]}, "properties": {"osmid": "812995082", "oneway": "False", "lanes": "2", "ref": "RN-13", "name": NaN, "highway": "tertiary", "maxspeed": NaN, "length": 19.202, "bridge": NaN, "tunnel": NaN, "access": NaN, "junction": NaN, "width": NaN, "est_width": NaN, "iri": 7.34999990463257}}, {"type": "Feature", "geometry": {"type": "LineString", "coordinates": [[-91.8652765, 14.7367346], [-91.8653012, 14.7368952]]}, "properties": {"osmid": "812995082", "oneway": "False", "lanes": "2", "ref": "RN-13", "name": NaN, "highway": "tertiary", "maxspeed": NaN, "length": 18.054, "bridge": NaN, "tunnel": NaN, "access": NaN, "junction": NaN, "width": NaN, "est_width": NaN, "iri": 7.34999990463257}}, {"type": "Feature", "geometry": {"type": "LineString", "coordinates": [[-91.8653012, 14.7368952], [-91.8651665, 14.7380432]]}, "properties": {"osmid": "812995082", "oneway": "False", "lanes": "2", "ref": "RN-13", "name": NaN, "highway": "tertiary", "maxspeed": NaN, "length": 128.471, "bridge": NaN, "tunnel": NaN, "access": NaN, "junction": NaN, "width": NaN, "est_width": NaN, "iri": 7.34999990463257}}, {"type": "Feature", "geometry": {"type": "LineString", "coordinates": [[-91.8651665, 14.7380432], [-91.8651419, 14.7382775]]}, "properties": {"osmid": "812995082", "oneway": "False", "lanes": "2", "ref": "RN-13", "name": NaN, "highway": "tertiary", "maxspeed": NaN, "length": 26.187, "bridge": NaN, "tunnel": NaN, "access": NaN, "junction": NaN, "width": NaN, "est_width": NaN, "iri": 7.34999990463257}}, {"type": "Feature", "geometry": {"type": "LineString", "coordinates": [[-91.8651419, 14.7382775], [-91.8651688, 14.7383752]]}, "properties": {"osmid": "812995082", "oneway": "False", "lanes": "2", "ref": "RN-13", "name": NaN, "highway": "tertiary", "maxspeed": NaN, "length": 11.242, "bridge": NaN, "tunnel": NaN, "access": NaN, "junction": NaN, "width": NaN, "est_width": NaN, "iri": 7.34999990463257}}, {"type": "Feature", "geometry": {"type": "LineString", "coordinates": [[-91.8651688, 14.7383752], [-91.8652249, 14.7384945]]}, "properties": {"osmid": "812995082", "oneway": "False", "lanes": "2", "ref": "RN-13", "name": NaN, "highway": "tertiary", "maxspeed": NaN, "length": 14.573, "bridge": NaN, "tunnel": NaN, "access": NaN, "junction": NaN, "width": NaN, "est_width": NaN, "iri": 7.34999990463257}}, {"type": "Feature", "geometry": {"type": "LineString", "coordinates": [[-91.8652249, 14.7384945], [-91.8652293, 14.7384978]]}, "properties": {"osmid": "812995082", "oneway": "False", "lanes": "2", "ref": "RN-13", "name": NaN, "highway": "tertiary", "maxspeed": NaN, "length": 0.599, "bridge": NaN, "tunnel": NaN, "access": NaN, "junction": NaN, "width": NaN, "est_width": NaN, "iri": 7.34999990463257}}, {"type": "Feature", "geometry": {"type": "LineString", "coordinates": [[-91.8652293, 14.7384978], [-91.865364, 14.7385987]]}, "properties": {"osmid": "812995082", "oneway": "False", "lanes": "2", "ref": "RN-13", "name": NaN, "highway": "tertiary", "maxspeed": NaN, "length": 18.322, "bridge": NaN, "tunnel": NaN, "access": NaN, "junction": NaN, "width": NaN, "est_width": NaN, "iri": 7.34999990463257}}, {"type": "Feature", "geometry": {"type": "LineString", "coordinates": [[-91.865364, 14.7385987], [-91.865732, 14.7387832]]}, "properties": {"osmid": "812995082", "oneway": "False", "lanes": "2", "ref": "RN-13", "name": NaN, "highway": "tertiary", "maxspeed": NaN, "length": 44.575, "bridge": NaN, "tunnel": NaN, "access": NaN, "junction": NaN, "width": NaN, "est_width": NaN, "iri": 7.34999990463257}}, {"type": "Feature", "geometry": {"type": "LineString", "coordinates": [[-91.865732, 14.7387832], [-91.8662997, 14.7390371]]}, "properties": {"osmid": "812995082", "oneway": "False", "lanes": "2", "ref": "RN-13", "name": NaN, "highway": "tertiary", "maxspeed": NaN, "length": 67.26, "bridge": NaN, "tunnel": NaN, "access": NaN, "junction": NaN, "width": NaN, "est_width": NaN, "iri": 7.34999990463257}}, {"type": "Feature", "geometry": {"type": "LineString", "coordinates": [[-91.8662997, 14.7390371], [-91.8664366, 14.7390913]]}, "properties": {"osmid": "812995082", "oneway": "False", "lanes": "2", "ref": "RN-13", "name": NaN, "highway": "tertiary", "maxspeed": NaN, "length": 15.908, "bridge": NaN, "tunnel": NaN, "access": NaN, "junction": NaN, "width": NaN, "est_width": NaN, "iri": 7.34999990463257}}, {"type": "Feature", "geometry": {"type": "LineString", "coordinates": [[-91.8664366, 14.7390913], [-91.8664792, 14.7391195]]}, "properties": {"osmid": "812995082", "oneway": "False", "lanes": "2", "ref": "RN-13", "name": NaN, "highway": "tertiary", "maxspeed": NaN, "length": 5.551, "bridge": NaN, "tunnel": NaN, "access": NaN, "junction": NaN, "width": NaN, "est_width": NaN, "iri": 7.34999990463257}}, {"type": "Feature", "geometry": {"type": "LineString", "coordinates": [[-91.8664792, 14.7391195], [-91.8665398, 14.7392063]]}, "properties": {"osmid": "812995082", "oneway": "False", "lanes": "2", "ref": "RN-13", "name": NaN, "highway": "tertiary", "maxspeed": NaN, "length": 11.646, "bridge": NaN, "tunnel": NaN, "access": NaN, "junction": NaN, "width": NaN, "est_width": NaN, "iri": 7.34999990463257}}, {"type": "Feature", "geometry": {"type": "LineString", "coordinates": [[-91.8665398, 14.7392063], [-91.8667507, 14.7398356]]}, "properties": {"osmid": "812995082", "oneway": "False", "lanes": "2", "ref": "RN-13", "name": NaN, "highway": "tertiary", "maxspeed": NaN, "length": 73.559, "bridge": NaN, "tunnel": NaN, "access": NaN, "junction": NaN, "width": NaN, "est_width": NaN, "iri": 7.34999990463257}}, {"type": "Feature", "geometry": {"type": "LineString", "coordinates": [[-91.8667507, 14.7398356], [-91.8667911, 14.7400635]]}, "properties": {"osmid": "812995082", "oneway": "False", "lanes": "2", "ref": "RN-13", "name": NaN, "highway": "tertiary", "maxspeed": NaN, "length": 25.711, "bridge": NaN, "tunnel": NaN, "access": NaN, "junction": NaN, "width": NaN, "est_width": NaN, "iri": 7.34999990463257}}, {"type": "Feature", "geometry": {"type": "LineString", "coordinates": [[-91.8667911, 14.7400635], [-91.8667574, 14.7402805]]}, "properties": {"osmid": "812995082", "oneway": "False", "lanes": "2", "ref": "RN-13", "name": NaN, "highway": "tertiary", "maxspeed": NaN, "length": 24.4, "bridge": NaN, "tunnel": NaN, "access": NaN, "junction": NaN, "width": NaN, "est_width": NaN, "iri": 7.34999990463257}}, {"type": "Feature", "geometry": {"type": "LineString", "coordinates": [[-91.8667574, 14.7402805], [-91.8666722, 14.7404584]]}, "properties": {"osmid": "812995082", "oneway": "False", "lanes": "2", "ref": "RN-13", "name": NaN, "highway": "tertiary", "maxspeed": NaN, "length": 21.8, "bridge": NaN, "tunnel": NaN, "access": NaN, "junction": NaN, "width": NaN, "est_width": NaN, "iri": 7.34999990463257}}, {"type": "Feature", "geometry": {"type": "LineString", "coordinates": [[-91.8666722, 14.7404584], [-91.8665196, 14.7407036]]}, "properties": {"osmid": "812995082", "oneway": "False", "lanes": "2", "ref": "RN-13", "name": NaN, "highway": "tertiary", "maxspeed": NaN, "length": 31.822, "bridge": NaN, "tunnel": NaN, "access": NaN, "junction": NaN, "width": NaN, "est_width": NaN, "iri": 7.34999990463257}}, {"type": "Feature", "geometry": {"type": "LineString", "coordinates": [[-91.8665196, 14.7407036], [-91.866376, 14.7408078]]}, "properties": {"osmid": "812995082", "oneway": "False", "lanes": "2", "ref": "RN-13", "name": NaN, "highway": "tertiary", "maxspeed": NaN, "length": 19.306, "bridge": NaN, "tunnel": NaN, "access": NaN, "junction": NaN, "width": NaN, "est_width": NaN, "iri": 7.34999990463257}}, {"type": "Feature", "geometry": {"type": "LineString", "coordinates": [[-91.866376, 14.7408078], [-91.8662526, 14.740849]]}, "properties": {"osmid": "812995082", "oneway": "False", "lanes": "2", "ref": "RN-13", "name": NaN, "highway": "tertiary", "maxspeed": NaN, "length": 14.038, "bridge": NaN, "tunnel": NaN, "access": NaN, "junction": NaN, "width": NaN, "est_width": NaN, "iri": 7.34999990463257}}, {"type": "Feature", "geometry": {"type": "LineString", "coordinates": [[-91.8662526, 14.740849], [-91.8661471, 14.7408881]]}, "properties": {"osmid": "812995082", "oneway": "False", "lanes": "2", "ref": "RN-13", "name": NaN, "highway": "tertiary", "maxspeed": NaN, "length": 12.15, "bridge": NaN, "tunnel": NaN, "access": NaN, "junction": NaN, "width": NaN, "est_width": NaN, "iri": 7.34999990463257}}, {"type": "Feature", "geometry": {"type": "LineString", "coordinates": [[-91.8661471, 14.7408881], [-91.8660978, 14.7409488]]}, "properties": {"osmid": "812995082", "oneway": "False", "lanes": "2", "ref": "RN-13", "name": NaN, "highway": "tertiary", "maxspeed": NaN, "length": 8.583, "bridge": NaN, "tunnel": NaN, "access": NaN, "junction": NaN, "width": NaN, "est_width": NaN, "iri": 7.34999990463257}}, {"type": "Feature", "geometry": {"type": "LineString", "coordinates": [[-91.8660978, 14.7409488], [-91.8660955, 14.7410139]]}, "properties": {"osmid": "812995082", "oneway": "False", "lanes": "2", "ref": "RN-13", "name": NaN, "highway": "tertiary", "maxspeed": NaN, "length": 7.243, "bridge": NaN, "tunnel": NaN, "access": NaN, "junction": NaN, "width": NaN, "est_width": NaN, "iri": 7.34999990463257}}]}