{"type": "FeatureCollection", "features": [{"type": "Feature", "geometry": {"type": "LineString", "coordinates": [[-91.183556, 14.7721579], [-91.1835273, 14.7714353]]}, "properties": {"osmid": "61832243", "oneway": "True", "lanes": "1", "ref": "RN-1", "name": "6a Avenida Zona 2", "highway": "secondary", "maxspeed": NaN, "length": 80.409, "bridge": NaN, "tunnel": NaN, "access": NaN, "junction": NaN, "width": NaN, "est_width": NaN, "iri": 6.48000001907349}}, {"type": "Feature", "geometry": {"type": "LineString", "coordinates": [[-91.1835273, 14.7714353], [-91.1834847, 14.7707128]]}, "properties": {"osmid": "61832243", "oneway": "True", "lanes": "1", "ref": "RN-1", "name": "6a Avenida Zona 2", "highway": "secondary", "maxspeed": NaN, "length": 80.469, "bridge": NaN, "tunnel": NaN, "access": NaN, "junction": NaN, "width": NaN, "est_width": NaN, "iri": 6.48000001907349}}, {"type": "Feature", "geometry": {"type": "LineString", "coordinates": [[-91.1834847, 14.7707128], [-91.1833986, 14.7700084]]}, "properties": {"osmid": "61832243", "oneway": "True", "lanes": "1", "ref": "RN-1", "name": "6a Avenida Zona 2", "highway": "secondary", "maxspeed": NaN, "length": 78.871, "bridge": NaN, "tunnel": NaN, "access": NaN, "junction": NaN, "width": NaN, "est_width": NaN, "iri": 6.48000001907349}}, {"type": "Feature", "geometry": {"type": "LineString", "coordinates": [[-91.1833986, 14.7700084], [-91.1827789, 14.7700012]]}, "properties": {"osmid": "384582065", "oneway": "True", "lanes": NaN, "ref": "RN-1", "name": "11 Calle A", "highway": "secondary", "maxspeed": NaN, "length": 66.635, "bridge": NaN, "tunnel": NaN, "access": NaN, "junction": NaN, "width": NaN, "est_width": NaN, "iri": 6.48000001907349}}, {"type": "Feature", "geometry": {"type": "LineString", "coordinates": [[-91.1827789, 14.7700012], [-91.1827378, 14.7700002]]}, "properties": {"osmid": "384582065", "oneway": "True", "lanes": NaN, "ref": "RN-1", "name": "11 Calle A", "highway": "secondary", "maxspeed": NaN, "length": 4.421, "bridge": NaN, "tunnel": NaN, "access": NaN, "junction": NaN, "width": NaN, "est_width": NaN, "iri": 6.48000001907349}}, {"type": "Feature", "geometry": {"type": "LineString", "coordinates": [[-91.1827378, 14.7700002], [-91.1827067, 14.769998]]}, "properties": {"osmid": "384582065", "oneway": "True", "lanes": NaN, "ref": "RN-1", "name": "11 Calle A", "highway": "secondary", "maxspeed": NaN, "length": 3.353, "bridge": NaN, "tunnel": NaN, "access": NaN, "junction": NaN, "width": NaN, "est_width": NaN, "iri": 6.48000001907349}}, {"type": "Feature", "geometry": {"type": "LineString", "coordinates": [[-91.1827067, 14.769998], [-91.1826745, 14.7699948]]}, "properties": {"osmid": "384582065", "oneway": "True", "lanes": NaN, "ref": "RN-1", "name": "11 Calle A", "highway": "secondary", "maxspeed": NaN, "length": 3.48, "bridge": NaN, "tunnel": NaN, "access": NaN, "junction": NaN, "width": NaN, "est_width": NaN, "iri": 6.48000001907349}}, {"type": "Feature", "geometry": {"type": "LineString", "coordinates": [[-91.1826745, 14.7699948], [-91.1826412, 14.7699905]]}, "properties": {"osmid": "384582065", "oneway": "True", "lanes": NaN, "ref": "RN-1", "name": "11 Calle A", "highway": "secondary", "maxspeed": NaN, "length": 3.612, "bridge": NaN, "tunnel": NaN, "access": NaN, "junction": NaN, "width": NaN, "est_width": NaN, "iri": 6.48000001907349}}, {"type": "Feature", "geometry": {"type": "LineString", "coordinates": [[-91.1826412, 14.7699905], [-91.1825979, 14.7699808]]}, "properties": {"osmid": "384582065", "oneway": "True", "lanes": NaN, "ref": "RN-1", "name": "11 Calle A", "highway": "secondary", "maxspeed": NaN, "length": 4.779, "bridge": NaN, "tunnel": NaN, "access": NaN, "junction": NaN, "width": NaN, "est_width": NaN, "iri": 6.48000001907349}}, {"type": "Feature", "geometry": {"type": "LineString", "coordinates": [[-91.1825979, 14.7699808], [-91.1817149, 14.7700689]]}, "properties": {"osmid": "371244684", "oneway": "True", "lanes": NaN, "ref": "RN-1", "name": "11 Calle Zona 2", "highway": "secondary", "maxspeed": NaN, "length": 95.445, "bridge": NaN, "tunnel": NaN, "access": NaN, "junction": NaN, "width": NaN, "est_width": NaN, "iri": 6.48000001907349}}, {"type": "Feature", "geometry": {"type": "LineString", "coordinates": [[-91.1817149, 14.7700689], [-91.1810309, 14.7701099]]}, "properties": {"osmid": "371244684", "oneway": "True", "lanes": NaN, "ref": "RN-1", "name": "11 Calle Zona 2", "highway": "secondary", "maxspeed": NaN, "length": 73.685, "bridge": NaN, "tunnel": NaN, "access": NaN, "junction": NaN, "width": NaN, "est_width": NaN, "iri": 6.48000001907349}}, {"type": "Feature", "geometry": {"type": "LineString", "coordinates": [[-91.1810309, 14.7701099], [-91.180989, 14.7701124]]}, "properties": {"osmid": "371244684", "oneway": "True", "lanes": NaN, "ref": "RN-1", "name": "11 Calle Zona 2", "highway": "secondary", "maxspeed": NaN, "length": 4.514, "bridge": NaN, "tunnel": NaN, "access": NaN, "junction": NaN, "width": NaN, "est_width": NaN, "iri": 6.48000001907349}}, {"type": "Feature", "geometry": {"type": "LineString", "coordinates": [[-91.180989, 14.7701124], [-91.1811049, 14.7708046]]}, "properties": {"osmid": "384557958", "oneway": "True", "lanes": NaN, "ref": "RN-1", "name": "9a Avenida", "highway": "secondary", "maxspeed": NaN, "length": 77.972, "bridge": NaN, "tunnel": NaN, "access": NaN, "junction": NaN, "width": NaN, "est_width": NaN, "iri": 6.48000001907349}}, {"type": "Feature", "geometry": {"type": "LineString", "coordinates": [[-91.1811049, 14.7708046], [-91.180634, 14.7707786]]}, "properties": {"osmid": "66207075", "oneway": "False", "lanes": NaN, "ref": NaN, "name": "10a Calle", "highway": "unclassified", "maxspeed": NaN, "length": 50.714, "bridge": NaN, "tunnel": NaN, "access": NaN, "junction": NaN, "width": NaN, "est_width": NaN, "iri": 6.48000001907349}}, {"type": "Feature", "geometry": {"type": "LineString", "coordinates": [[-91.180634, 14.7707786], [-91.1805576, 14.7707566]]}, "properties": {"osmid": "66207075", "oneway": "False", "lanes": NaN, "ref": NaN, "name": "10a Calle", "highway": "unclassified", "maxspeed": NaN, "length": 8.571, "bridge": NaN, "tunnel": NaN, "access": NaN, "junction": NaN, "width": NaN, "est_width": NaN, "iri": 6.48000001907349}}, {"type": "Feature", "geometry": {"type": "LineString", "coordinates": [[-91.1805576, 14.7707566], [-91.180512, 14.7707371]]}, "properties": {"osmid": "66207075", "oneway": "False", "lanes": NaN, "ref": NaN, "name": "10a Calle", "highway": "unclassified", "maxspeed": NaN, "length": 5.361, "bridge": NaN, "tunnel": NaN, "access": NaN, "junction": NaN, "width": NaN, "est_width": NaN, "iri": 6.48000001907349}}, {"type": "Feature", "geometry": {"type": "LineString", "coordinates": [[-91.180512, 14.7707371], [-91.180465, 14.7707047]]}, "properties": {"osmid": "66207075", "oneway": "False", "lanes": NaN, "ref": NaN, "name": "10a Calle", "highway": "unclassified", "maxspeed": NaN, "length": 6.206, "bridge": NaN, "tunnel": NaN, "access": NaN, "junction": NaN, "width": NaN, "est_width": NaN, "iri": 6.48000001907349}}, {"type": "Feature", "geometry": {"type": "LineString", "coordinates": [[-91.180465, 14.7707047], [-91.1803886, 14.7706347]]}, "properties": {"osmid": "66207075", "oneway": "False", "lanes": NaN, "ref": NaN, "name": "10a Calle", "highway": "unclassified", "maxspeed": NaN, "length": 11.317, "bridge": NaN, "tunnel": NaN, "access": NaN, "junction": NaN, "width": NaN, "est_width": NaN, "iri": 6.48000001907349}}, {"type": "Feature", "geometry": {"type": "LineString", "coordinates": [[-91.1803886, 14.7706347], [-91.1803188, 14.7705711]]}, "properties": {"osmid": "66207075", "oneway": "False", "lanes": NaN, "ref": NaN, "name": "10a Calle", "highway": "unclassified", "maxspeed": NaN, "length": 10.312, "bridge": NaN, "tunnel": NaN, "access": NaN, "junction": NaN, "width": NaN, "est_width": NaN, "iri": 6.48000001907349}}, {"type": "Feature", "geometry": {"type": "LineString", "coordinates": [[-91.1803188, 14.7705711], [-91.180229, 14.7705154]]}, "properties": {"osmid": "66207075", "oneway": "False", "lanes": NaN, "ref": NaN, "name": "10a Calle", "highway": "unclassified", "maxspeed": NaN, "length": 11.471, "bridge": NaN, "tunnel": NaN, "access": NaN, "junction": NaN, "width": NaN, "est_width": NaN, "iri": 6.48000001907349}}, {"type": "Feature", "geometry": {"type": "LineString", "coordinates": [[-91.180229, 14.7705154], [-91.1801043, 14.7704648]]}, "properties": {"osmid": "66207075", "oneway": "False", "lanes": NaN, "ref": NaN, "name": "10a Calle", "highway": "unclassified", "maxspeed": NaN, "length": 14.541, "bridge": NaN, "tunnel": NaN, "access": NaN, "junction": NaN, "width": NaN, "est_width": NaN, "iri": 6.48000001907349}}, {"type": "Feature", "geometry": {"type": "LineString", "coordinates": [[-91.1801043, 14.7704648], [-91.1800158, 14.7704427]]}, "properties": {"osmid": "66207075", "oneway": "False", "lanes": NaN, "ref": NaN, "name": "10a Calle", "highway": "unclassified", "maxspeed": NaN, "length": 9.828, "bridge": NaN, "tunnel": NaN, "access": NaN, "junction": NaN, "width": NaN, "est_width": NaN, "iri": 6.48000001907349}}, {"type": "Feature", "geometry": {"type": "LineString", "coordinates": [[-91.1800158, 14.7704427], [-91.1799836, 14.7704401]]}, "properties": {"osmid": "66207075", "oneway": "False", "lanes": NaN, "ref": NaN, "name": "10a Calle", "highway": "unclassified", "maxspeed": NaN, "length": 3.474, "bridge": NaN, "tunnel": NaN, "access": NaN, "junction": NaN, "width": NaN, "est_width": NaN, "iri": 6.48000001907349}}, {"type": "Feature", "geometry": {"type": "LineString", "coordinates": [[-91.1799836, 14.7704401], [-91.17995, 14.7704596]]}, "properties": {"osmid": "66207075", "oneway": "False", "lanes": NaN, "ref": NaN, "name": "10a Calle", "highway": "unclassified", "maxspeed": NaN, "length": 4.213, "bridge": NaN, "tunnel": NaN, "access": NaN, "junction": NaN, "width": NaN, "est_width": NaN, "iri": 6.48000001907349}}, {"type": "Feature", "geometry": {"type": "LineString", "coordinates": [[-91.17995, 14.7704596], [-91.1799272, 14.7704946]]}, "properties": {"osmid": "66207075", "oneway": "False", "lanes": NaN, "ref": NaN, "name": "10a Calle", "highway": "unclassified", "maxspeed": NaN, "length": 4.6, "bridge": NaN, "tunnel": NaN, "access": NaN, "junction": NaN, "width": NaN, "est_width": NaN, "iri": 6.48000001907349}}, {"type": "Feature", "geometry": {"type": "LineString", "coordinates": [[-91.1799272, 14.7704946], [-91.1799272, 14.7705283]]}, "properties": {"osmid": "35216337", "oneway": "False", "lanes": NaN, "ref": NaN, "name": "11 Avenida", "highway": "unclassified", "maxspeed": NaN, "length": 3.747, "bridge": NaN, "tunnel": NaN, "access": NaN, "junction": NaN, "width": NaN, "est_width": NaN, "iri": 6.48000001907349}}, {"type": "Feature", "geometry": {"type": "LineString", "coordinates": [[-91.1799272, 14.7705283], [-91.1799581, 14.770562]]}, "properties": {"osmid": "35216337", "oneway": "False", "lanes": NaN, "ref": NaN, "name": "11 Avenida", "highway": "unclassified", "maxspeed": NaN, "length": 5.008, "bridge": NaN, "tunnel": NaN, "access": NaN, "junction": NaN, "width": NaN, "est_width": NaN, "iri": 6.48000001907349}}, {"type": "Feature", "geometry": {"type": "LineString", "coordinates": [[-91.1799581, 14.770562], [-91.1800868, 14.7707177]]}, "properties": {"osmid": "35216337", "oneway": "False", "lanes": NaN, "ref": NaN, "name": "11 Avenida", "highway": "unclassified", "maxspeed": NaN, "length": 22.164, "bridge": NaN, "tunnel": NaN, "access": NaN, "junction": NaN, "width": NaN, "est_width": NaN, "iri": 6.48000001907349}}, {"type": "Feature", "geometry": {"type": "LineString", "coordinates": [[-91.1800868, 14.7707177], [-91.1801096, 14.7707656]]}, "properties": {"osmid": "35216337", "oneway": "False", "lanes": NaN, "ref": NaN, "name": "11 Avenida", "highway": "unclassified", "maxspeed": NaN, "length": 5.863, "bridge": NaN, "tunnel": NaN, "access": NaN, "junction": NaN, "width": NaN, "est_width": NaN, "iri": 6.48000001907349}}, {"type": "Feature", "geometry": {"type": "LineString", "coordinates": [[-91.1801096, 14.7707656], [-91.1801418, 14.7708344]]}, "properties": {"osmid": "35216337", "oneway": "False", "lanes": NaN, "ref": NaN, "name": "11 Avenida", "highway": "unclassified", "maxspeed": NaN, "length": 8.397, "bridge": NaN, "tunnel": NaN, "access": NaN, "junction": NaN, "width": NaN, "est_width": NaN, "iri": 6.48000001907349}}, {"type": "Feature", "geometry": {"type": "LineString", "coordinates": [[-91.1801418, 14.7708344], [-91.180166, 14.7712675]]}, "properties": {"osmid": "35216337", "oneway": "False", "lanes": NaN, "ref": NaN, "name": "11 Avenida", "highway": "unclassified", "maxspeed": NaN, "length": 48.229, "bridge": NaN, "tunnel": NaN, "access": NaN, "junction": NaN, "width": NaN, "est_width": NaN, "iri": 6.48000001907349}}, {"type": "Feature", "geometry": {"type": "LineString", "coordinates": [[-91.180166, 14.7712675], [-91.1801542, 14.7713176]]}, "properties": {"osmid": "35216337", "oneway": "False", "lanes": NaN, "ref": NaN, "name": "11 Avenida", "highway": "unclassified", "maxspeed": NaN, "length": 5.714, "bridge": NaN, "tunnel": NaN, "access": NaN, "junction": NaN, "width": NaN, "est_width": NaN, "iri": 6.48000001907349}}, {"type": "Feature", "geometry": {"type": "LineString", "coordinates": [[-91.1801542, 14.7713176], [-91.1801204, 14.7714335]]}, "properties": {"osmid": "35216337", "oneway": "False", "lanes": NaN, "ref": NaN, "name": "11 Avenida", "highway": "unclassified", "maxspeed": NaN, "length": 13.39, "bridge": NaN, "tunnel": NaN, "access": NaN, "junction": NaN, "width": NaN, "est_width": NaN, "iri": 6.48000001907349}}, {"type": "Feature", "geometry": {"type": "LineString", "coordinates": [[-91.1801204, 14.7714335], [-91.1800748, 14.7714983]]}, "properties": {"osmid": "35216337", "oneway": "False", "lanes": NaN, "ref": NaN, "name": "11 Avenida", "highway": "unclassified", "maxspeed": NaN, "length": 8.715, "bridge": NaN, "tunnel": NaN, "access": NaN, "junction": NaN, "width": NaN, "est_width": NaN, "iri": 6.48000001907349}}, {"type": "Feature", "geometry": {"type": "LineString", "coordinates": [[-91.1800748, 14.7714983], [-91.1799728, 14.7715398]]}, "properties": {"osmid": "35216337", "oneway": "False", "lanes": NaN, "ref": NaN, "name": "11 Avenida", "highway": "unclassified", "maxspeed": NaN, "length": 11.898, "bridge": NaN, "tunnel": NaN, "access": NaN, "junction": NaN, "width": NaN, "est_width": NaN, "iri": 6.48000001907349}}, {"type": "Feature", "geometry": {"type": "LineString", "coordinates": [[-91.1799728, 14.7715398], [-91.1797702, 14.7715493]]}, "properties": {"osmid": "35216337", "oneway": "False", "lanes": NaN, "ref": NaN, "name": "11 Avenida", "highway": "unclassified", "maxspeed": NaN, "length": 21.809, "bridge": NaN, "tunnel": NaN, "access": NaN, "junction": NaN, "width": NaN, "est_width": NaN, "iri": 6.48000001907349}}, {"type": "Feature", "geometry": {"type": "LineString", "coordinates": [[-91.1797702, 14.7715493], [-91.1793386, 14.7715696]]}, "properties": {"osmid": "35216337", "oneway": "False", "lanes": NaN, "ref": NaN, "name": "11 Avenida", "highway": "unclassified", "maxspeed": NaN, "length": 46.461, "bridge": NaN, "tunnel": NaN, "access": NaN, "junction": NaN, "width": NaN, "est_width": NaN, "iri": 6.48000001907349}}, {"type": "Feature", "geometry": {"type": "LineString", "coordinates": [[-91.1793386, 14.7715696], [-91.1792209, 14.7716224]]}, "properties": {"osmid": "35216337", "oneway": "False", "lanes": NaN, "ref": NaN, "name": "11 Avenida", "highway": "unclassified", "maxspeed": NaN, "length": 13.951, "bridge": NaN, "tunnel": NaN, "access": NaN, "junction": NaN, "width": NaN, "est_width": NaN, "iri": 6.48000001907349}}, {"type": "Feature", "geometry": {"type": "LineString", "coordinates": [[-91.1792209, 14.7716224], [-91.1791536, 14.7717281]]}, "properties": {"osmid": "35216337", "oneway": "False", "lanes": NaN, "ref": NaN, "name": "11 Avenida", "highway": "unclassified", "maxspeed": NaN, "length": 13.802, "bridge": NaN, "tunnel": NaN, "access": NaN, "junction": NaN, "width": NaN, "est_width": NaN, "iri": 6.48000001907349}}, {"type": "Feature", "geometry": {"type": "LineString", "coordinates": [[-91.1791536, 14.7717281], [-91.1791158, 14.7719151]]}, "properties": {"osmid": "35216337", "oneway": "False", "lanes": NaN, "ref": NaN, "name": "11 Avenida", "highway": "unclassified", "maxspeed": NaN, "length": 21.187, "bridge": NaN, "tunnel": NaN, "access": NaN, "junction": NaN, "width": NaN, "est_width": NaN, "iri": 6.48000001907349}}, {"type": "Feature", "geometry": {"type": "LineString", "coordinates": [[-91.1791158, 14.7719151], [-91.1791675, 14.7726608]]}, "properties": {"osmid": "35216337", "oneway": "False", "lanes": NaN, "ref": NaN, "name": "11 Avenida", "highway": "unclassified", "maxspeed": NaN, "length": 83.104, "bridge": NaN, "tunnel": NaN, "access": NaN, "junction": NaN, "width": NaN, "est_width": NaN, "iri": 6.48000001907349}}, {"type": "Feature", "geometry": {"type": "LineString", "coordinates": [[-91.1791675, 14.7726608], [-91.1791366, 14.7728304]]}, "properties": {"osmid": "35216337", "oneway": "False", "lanes": NaN, "ref": NaN, "name": "11 Avenida", "highway": "unclassified", "maxspeed": NaN, "length": 19.149, "bridge": NaN, "tunnel": NaN, "access": NaN, "junction": NaN, "width": NaN, "est_width": NaN, "iri": 6.48000001907349}}, {"type": "Feature", "geometry": {"type": "LineString", "coordinates": [[-91.1791366, 14.7728304], [-91.1790407, 14.7729702]]}, "properties": {"osmid": "35216337", "oneway": "False", "lanes": NaN, "ref": NaN, "name": "11 Avenida", "highway": "unclassified", "maxspeed": NaN, "length": 18.654, "bridge": NaN, "tunnel": NaN, "access": NaN, "junction": NaN, "width": NaN, "est_width": NaN, "iri": 6.48000001907349}}, {"type": "Feature", "geometry": {"type": "LineString", "coordinates": [[-91.1790407, 14.7729702], [-91.1786404, 14.7731231]]}, "properties": {"osmid": "35216337", "oneway": "False", "lanes": NaN, "ref": NaN, "name": "11 Avenida", "highway": "unclassified", "maxspeed": NaN, "length": 46.276, "bridge": NaN, "tunnel": NaN, "access": NaN, "junction": NaN, "width": NaN, "est_width": NaN, "iri": 6.48000001907349}}, {"type": "Feature", "geometry": {"type": "LineString", "coordinates": [[-91.1786404, 14.7731231], [-91.1785238, 14.7731938]]}, "properties": {"osmid": "35216337", "oneway": "False", "lanes": NaN, "ref": NaN, "name": "11 Avenida", "highway": "unclassified", "maxspeed": NaN, "length": 14.798, "bridge": NaN, "tunnel": NaN, "access": NaN, "junction": NaN, "width": NaN, "est_width": NaN, "iri": 6.48000001907349}}, {"type": "Feature", "geometry": {"type": "LineString", "coordinates": [[-91.1785238, 14.7731938], [-91.1784409, 14.7733524]]}, "properties": {"osmid": "35216337", "oneway": "False", "lanes": NaN, "ref": NaN, "name": "11 Avenida", "highway": "unclassified", "maxspeed": NaN, "length": 19.76, "bridge": NaN, "tunnel": NaN, "access": NaN, "junction": NaN, "width": NaN, "est_width": NaN, "iri": 6.48000001907349}}, {"type": "Feature", "geometry": {"type": "LineString", "coordinates": [[-91.1784409, 14.7733524], [-91.1784145, 14.7735061]]}, "properties": {"osmid": "35216337", "oneway": "False", "lanes": NaN, "ref": NaN, "name": "11 Avenida", "highway": "unclassified", "maxspeed": NaN, "length": 17.325, "bridge": NaN, "tunnel": NaN, "access": NaN, "junction": NaN, "width": NaN, "est_width": NaN, "iri": 6.48000001907349}}, {"type": "Feature", "geometry": {"type": "LineString", "coordinates": [[-91.1784145, 14.7735061], [-91.178449, 14.773962]]}, "properties": {"osmid": "35216337", "oneway": "False", "lanes": NaN, "ref": NaN, "name": "11 Avenida", "highway": "unclassified", "maxspeed": NaN, "length": 50.829, "bridge": NaN, "tunnel": NaN, "access": NaN, "junction": NaN, "width": NaN, "est_width": NaN, "iri": 6.48000001907349}}, {"type": "Feature", "geometry": {"type": "LineString", "coordinates": [[-91.178449, 14.773962], [-91.178427, 14.7740214]]}, "properties": {"osmid": "35216337", "oneway": "False", "lanes": NaN, "ref": NaN, "name": "11 Avenida", "highway": "unclassified", "maxspeed": NaN, "length": 7.016, "bridge": NaN, "tunnel": NaN, "access": NaN, "junction": NaN, "width": NaN, "est_width": NaN, "iri": 6.48000001907349}}, {"type": "Feature", "geometry": {"type": "LineString", "coordinates": [[-91.178427, 14.7740214], [-91.1783845, 14.7740617]]}, "properties": {"osmid": "35216337", "oneway": "False", "lanes": NaN, "ref": NaN, "name": "11 Avenida", "highway": "unclassified", "maxspeed": NaN, "length": 6.4, "bridge": NaN, "tunnel": NaN, "access": NaN, "junction": NaN, "width": NaN, "est_width": NaN, "iri": 6.48000001907349}}, {"type": "Feature", "geometry": {"type": "LineString", "coordinates": [[-91.1783845, 14.7740617], [-91.1783267, 14.7740729]]}, "properties": {"osmid": "35216337", "oneway": "False", "lanes": NaN, "ref": NaN, "name": "11 Avenida", "highway": "unclassified", "maxspeed": NaN, "length": 6.338, "bridge": NaN, "tunnel": NaN, "access": NaN, "junction": NaN, "width": NaN, "est_width": NaN, "iri": 6.48000001907349}}, {"type": "Feature", "geometry": {"type": "LineString", "coordinates": [[-91.1783267, 14.7740729], [-91.1780088, 14.7740031]]}, "properties": {"osmid": "35216337", "oneway": "False", "lanes": NaN, "ref": NaN, "name": "11 Avenida", "highway": "unclassified", "maxspeed": NaN, "length": 35.05, "bridge": NaN, "tunnel": NaN, "access": NaN, "junction": NaN, "width": NaN, "est_width": NaN, "iri": 6.48000001907349}}, {"type": "Feature", "geometry": {"type": "LineString", "coordinates": [[-91.1780088, 14.7740031], [-91.1779164, 14.7739943]]}, "properties": {"osmid": "35216337", "oneway": "False", "lanes": NaN, "ref": NaN, "name": "11 Avenida", "highway": "unclassified", "maxspeed": NaN, "length": 9.983, "bridge": NaN, "tunnel": NaN, "access": NaN, "junction": NaN, "width": NaN, "est_width": NaN, "iri": 6.48000001907349}}, {"type": "Feature", "geometry": {"type": "LineString", "coordinates": [[-91.1779164, 14.7739943], [-91.1778485, 14.774001]]}, "properties": {"osmid": "35216337", "oneway": "False", "lanes": NaN, "ref": NaN, "name": "11 Avenida", "highway": "unclassified", "maxspeed": NaN, "length": 7.338, "bridge": NaN, "tunnel": NaN, "access": NaN, "junction": NaN, "width": NaN, "est_width": NaN, "iri": 6.48000001907349}}, {"type": "Feature", "geometry": {"type": "LineString", "coordinates": [[-91.1778485, 14.774001], [-91.1777889, 14.7740271]]}, "properties": {"osmid": "35216337", "oneway": "False", "lanes": NaN, "ref": NaN, "name": "11 Avenida", "highway": "unclassified", "maxspeed": NaN, "length": 7.035, "bridge": NaN, "tunnel": NaN, "access": NaN, "junction": NaN, "width": NaN, "est_width": NaN, "iri": 6.48000001907349}}, {"type": "Feature", "geometry": {"type": "LineString", "coordinates": [[-91.1777889, 14.7740271], [-91.177722, 14.7740903]]}, "properties": {"osmid": "35216337", "oneway": "False", "lanes": NaN, "ref": NaN, "name": "11 Avenida", "highway": "unclassified", "maxspeed": NaN, "length": 10.056, "bridge": NaN, "tunnel": NaN, "access": NaN, "junction": NaN, "width": NaN, "est_width": NaN, "iri": 6.48000001907349}}, {"type": "Feature", "geometry": {"type": "LineString", "coordinates": [[-91.177722, 14.7740903], [-91.1776456, 14.7742879]]}, "properties": {"osmid": "35216337", "oneway": "False", "lanes": NaN, "ref": NaN, "name": "11 Avenida", "highway": "unclassified", "maxspeed": NaN, "length": 23.457, "bridge": NaN, "tunnel": NaN, "access": NaN, "junction": NaN, "width": NaN, "est_width": NaN, "iri": 6.48000001907349}}, {"type": "Feature", "geometry": {"type": "LineString", "coordinates": [[-91.1776456, 14.7742879], [-91.1773642, 14.7755117]]}, "properties": {"osmid": "35216337", "oneway": "False", "lanes": NaN, "ref": NaN, "name": "11 Avenida", "highway": "unclassified", "maxspeed": NaN, "length": 139.403, "bridge": NaN, "tunnel": NaN, "access": NaN, "junction": NaN, "width": NaN, "est_width": NaN, "iri": 6.48000001907349}}, {"type": "Feature", "geometry": {"type": "LineString", "coordinates": [[-91.1773642, 14.7755117], [-91.1772665, 14.7756663]]}, "properties": {"osmid": "35216337", "oneway": "False", "lanes": NaN, "ref": NaN, "name": "11 Avenida", "highway": "unclassified", "maxspeed": NaN, "length": 20.146, "bridge": NaN, "tunnel": NaN, "access": NaN, "junction": NaN, "width": NaN, "est_width": NaN, "iri": 6.48000001907349}}, {"type": "Feature", "geometry": {"type": "LineString", "coordinates": [[-91.1772665, 14.7756663], [-91.1771178, 14.7757781]]}, "properties": {"osmid": "35216337", "oneway": "False", "lanes": NaN, "ref": NaN, "name": "11 Avenida", "highway": "unclassified", "maxspeed": NaN, "length": 20.252, "bridge": NaN, "tunnel": NaN, "access": NaN, "junction": NaN, "width": NaN, "est_width": NaN, "iri": 6.48000001907349}}, {"type": "Feature", "geometry": {"type": "LineString", "coordinates": [[-91.1771178, 14.7757781], [-91.1769347, 14.7758249]]}, "properties": {"osmid": "66207839", "oneway": "False", "lanes": NaN, "ref": NaN, "name": "Carretera", "highway": "unclassified", "maxspeed": NaN, "length": 20.363, "bridge": NaN, "tunnel": NaN, "access": NaN, "junction": NaN, "width": NaN, "est_width": NaN, "iri": 6.48000001907349}}, {"type": "Feature", "geometry": {"type": "LineString", "coordinates": [[-91.1769347, 14.7758249], [-91.1767297, 14.7758249]]}, "properties": {"osmid": "66207839", "oneway": "False", "lanes": NaN, "ref": NaN, "name": "Carretera", "highway": "unclassified", "maxspeed": NaN, "length": 22.041, "bridge": NaN, "tunnel": NaN, "access": NaN, "junction": NaN, "width": NaN, "est_width": NaN, "iri": 6.48000001907349}}, {"type": "Feature", "geometry": {"type": "LineString", "coordinates": [[-91.1767297, 14.7758249], [-91.1765226, 14.7757383]]}, "properties": {"osmid": "66207839", "oneway": "False", "lanes": NaN, "ref": NaN, "name": "Carretera", "highway": "unclassified", "maxspeed": NaN, "length": 24.26, "bridge": NaN, "tunnel": NaN, "access": NaN, "junction": NaN, "width": NaN, "est_width": NaN, "iri": 6.48000001907349}}, {"type": "Feature", "geometry": {"type": "LineString", "coordinates": [[-91.1765226, 14.7757383], [-91.1763554, 14.7756568]]}, "properties": {"osmid": "66207839", "oneway": "False", "lanes": NaN, "ref": NaN, "name": "Carretera", "highway": "unclassified", "maxspeed": NaN, "length": 20.132, "bridge": NaN, "tunnel": NaN, "access": NaN, "junction": NaN, "width": NaN, "est_width": NaN, "iri": 6.48000001907349}}, {"type": "Feature", "geometry": {"type": "LineString", "coordinates": [[-91.1763554, 14.7756568], [-91.1760931, 14.7755524]]}, "properties": {"osmid": "66207839", "oneway": "False", "lanes": NaN, "ref": NaN, "name": "Carretera", "highway": "unclassified", "maxspeed": NaN, "length": 30.498, "bridge": NaN, "tunnel": NaN, "access": NaN, "junction": NaN, "width": NaN, "est_width": NaN, "iri": 6.48000001907349}}, {"type": "Feature", "geometry": {"type": "LineString", "coordinates": [[-91.1760931, 14.7755524], [-91.1759179, 14.7755164]]}, "properties": {"osmid": "66207839", "oneway": "False", "lanes": NaN, "ref": NaN, "name": "Carretera", "highway": "unclassified", "maxspeed": NaN, "length": 19.258, "bridge": NaN, "tunnel": NaN, "access": NaN, "junction": NaN, "width": NaN, "est_width": NaN, "iri": 6.48000001907349}}, {"type": "Feature", "geometry": {"type": "LineString", "coordinates": [[-91.1759179, 14.7755164], [-91.1757091, 14.7754984]]}, "properties": {"osmid": "66207839", "oneway": "False", "lanes": NaN, "ref": NaN, "name": "Carretera", "highway": "unclassified", "maxspeed": NaN, "length": 22.539, "bridge": NaN, "tunnel": NaN, "access": NaN, "junction": NaN, "width": NaN, "est_width": NaN, "iri": 6.48000001907349}}, {"type": "Feature", "geometry": {"type": "LineString", "coordinates": [[-91.1757091, 14.7754984], [-91.1755264, 14.7755308]]}, "properties": {"osmid": "66207839", "oneway": "False", "lanes": NaN, "ref": NaN, "name": "Carretera", "highway": "unclassified", "maxspeed": NaN, "length": 19.971, "bridge": NaN, "tunnel": NaN, "access": NaN, "junction": NaN, "width": NaN, "est_width": NaN, "iri": 6.48000001907349}}, {"type": "Feature", "geometry": {"type": "LineString", "coordinates": [[-91.1755264, 14.7755308], [-91.1752282, 14.7756678]]}, "properties": {"osmid": "66207839", "oneway": "False", "lanes": NaN, "ref": NaN, "name": "Carretera", "highway": "unclassified", "maxspeed": NaN, "length": 35.497, "bridge": NaN, "tunnel": NaN, "access": NaN, "junction": NaN, "width": NaN, "est_width": NaN, "iri": 6.48000001907349}}, {"type": "Feature", "geometry": {"type": "LineString", "coordinates": [[-91.1752282, 14.7756678], [-91.1748852, 14.7758769]]}, "properties": {"osmid": "66207839", "oneway": "False", "lanes": NaN, "ref": NaN, "name": "Carretera", "highway": "unclassified", "maxspeed": NaN, "length": 43.596, "bridge": NaN, "tunnel": NaN, "access": NaN, "junction": NaN, "width": NaN, "est_width": NaN, "iri": 6.48000001907349}}, {"type": "Feature", "geometry": {"type": "LineString", "coordinates": [[-91.1748852, 14.7758769], [-91.1744378, 14.7761689]]}, "properties": {"osmid": "66207839", "oneway": "False", "lanes": NaN, "ref": NaN, "name": "Carretera", "highway": "unclassified", "maxspeed": NaN, "length": 58.036, "bridge": NaN, "tunnel": NaN, "access": NaN, "junction": NaN, "width": NaN, "est_width": NaN, "iri": 6.48000001907349}}, {"type": "Feature", "geometry": {"type": "LineString", "coordinates": [[-91.1744378, 14.7761689], [-91.1741246, 14.7764393]]}, "properties": {"osmid": "66207839", "oneway": "False", "lanes": NaN, "ref": NaN, "name": "Carretera", "highway": "unclassified", "maxspeed": NaN, "length": 45.144, "bridge": NaN, "tunnel": NaN, "access": NaN, "junction": NaN, "width": NaN, "est_width": NaN, "iri": 6.48000001907349}}, {"type": "Feature", "geometry": {"type": "LineString", "coordinates": [[-91.1741246, 14.7764393], [-91.1738823, 14.7766628]]}, "properties": {"osmid": "66207839", "oneway": "False", "lanes": NaN, "ref": NaN, "name": "Carretera", "highway": "unclassified", "maxspeed": NaN, "length": 36.004, "bridge": NaN, "tunnel": NaN, "access": NaN, "junction": NaN, "width": NaN, "est_width": NaN, "iri": 6.48000001907349}}, {"type": "Feature", "geometry": {"type": "LineString", "coordinates": [[-91.1738823, 14.7766628], [-91.1736623, 14.7769007]]}, "properties": {"osmid": "66207839", "oneway": "False", "lanes": NaN, "ref": NaN, "name": "Carretera", "highway": "unclassified", "maxspeed": NaN, "length": 35.486, "bridge": NaN, "tunnel": NaN, "access": NaN, "junction": NaN, "width": NaN, "est_width": NaN, "iri": 6.48000001907349}}, {"type": "Feature", "geometry": {"type": "LineString", "coordinates": [[-91.1736623, 14.7769007], [-91.1735542, 14.7769944]]}, "properties": {"osmid": "66207839", "oneway": "False", "lanes": NaN, "ref": NaN, "name": "Carretera", "highway": "unclassified", "maxspeed": NaN, "length": 15.609, "bridge": NaN, "tunnel": NaN, "access": NaN, "junction": NaN, "width": NaN, "est_width": NaN, "iri": 6.48000001907349}}, {"type": "Feature", "geometry": {"type": "LineString", "coordinates": [[-91.1735542, 14.7769944], [-91.1733678, 14.7770521]]}, "properties": {"osmid": "66207839", "oneway": "False", "lanes": NaN, "ref": NaN, "name": "Carretera", "highway": "unclassified", "maxspeed": NaN, "length": 21.043, "bridge": NaN, "tunnel": NaN, "access": NaN, "junction": NaN, "width": NaN, "est_width": NaN, "iri": 6.48000001907349}}, {"type": "Feature", "geometry": {"type": "LineString", "coordinates": [[-91.1733678, 14.7770521], [-91.1729465, 14.7771278]]}, "properties": {"osmid": "66207839", "oneway": "False", "lanes": NaN, "ref": NaN, "name": "Carretera", "highway": "unclassified", "maxspeed": NaN, "length": 46.073, "bridge": NaN, "tunnel": NaN, "access": NaN, "junction": NaN, "width": NaN, "est_width": NaN, "iri": 6.48000001907349}}, {"type": "Feature", "geometry": {"type": "LineString", "coordinates": [[-91.1729465, 14.7771278], [-91.1725885, 14.7772035]]}, "properties": {"osmid": "66207839", "oneway": "False", "lanes": NaN, "ref": NaN, "name": "Carretera", "highway": "unclassified", "maxspeed": NaN, "length": 39.401, "bridge": NaN, "tunnel": NaN, "access": NaN, "junction": NaN, "width": NaN, "est_width": NaN, "iri": 6.48000001907349}}, {"type": "Feature", "geometry": {"type": "LineString", "coordinates": [[-91.1725885, 14.7772035], [-91.1723127, 14.7772396]]}, "properties": {"osmid": "66207839", "oneway": "False", "lanes": NaN, "ref": NaN, "name": "Carretera", "highway": "unclassified", "maxspeed": NaN, "length": 29.924, "bridge": NaN, "tunnel": NaN, "access": NaN, "junction": NaN, "width": NaN, "est_width": NaN, "iri": 6.48000001907349}}, {"type": "Feature", "geometry": {"type": "LineString", "coordinates": [[-91.1723127, 14.7772396], [-91.1720442, 14.777254]]}, "properties": {"osmid": "66207839", "oneway": "False", "lanes": NaN, "ref": NaN, "name": "Carretera", "highway": "unclassified", "maxspeed": NaN, "length": 28.913, "bridge": NaN, "tunnel": NaN, "access": NaN, "junction": NaN, "width": NaN, "est_width": NaN, "iri": 6.48000001907349}}, {"type": "Feature", "geometry": {"type": "LineString", "coordinates": [[-91.1720442, 14.777254], [-91.171746, 14.7771999]]}, "properties": {"osmid": "66207839", "oneway": "False", "lanes": NaN, "ref": NaN, "name": "Carretera", "highway": "unclassified", "maxspeed": NaN, "length": 32.621, "bridge": NaN, "tunnel": NaN, "access": NaN, "junction": NaN, "width": NaN, "est_width": NaN, "iri": 6.48000001907349}}, {"type": "Feature", "geometry": {"type": "LineString", "coordinates": [[-91.171746, 14.7771999], [-91.1713508, 14.7770773]]}, "properties": {"osmid": "66207839", "oneway": "False", "lanes": NaN, "ref": NaN, "name": "Carretera", "highway": "unclassified", "maxspeed": NaN, "length": 44.624, "bridge": NaN, "tunnel": NaN, "access": NaN, "junction": NaN, "width": NaN, "est_width": NaN, "iri": 6.48000001907349}}, {"type": "Feature", "geometry": {"type": "LineString", "coordinates": [[-91.1713508, 14.7770773], [-91.1712054, 14.7770485]]}, "properties": {"osmid": "66207839", "oneway": "False", "lanes": NaN, "ref": NaN, "name": "Carretera", "highway": "unclassified", "maxspeed": NaN, "length": 15.958, "bridge": NaN, "tunnel": NaN, "access": NaN, "junction": NaN, "width": NaN, "est_width": NaN, "iri": 6.48000001907349}}, {"type": "Feature", "geometry": {"type": "LineString", "coordinates": [[-91.1712054, 14.7770485], [-91.1710935, 14.7770845]]}, "properties": {"osmid": "66207839", "oneway": "False", "lanes": NaN, "ref": NaN, "name": "Carretera", "highway": "unclassified", "maxspeed": NaN, "length": 12.68, "bridge": NaN, "tunnel": NaN, "access": NaN, "junction": NaN, "width": NaN, "est_width": NaN, "iri": 6.48000001907349}}, {"type": "Feature", "geometry": {"type": "LineString", "coordinates": [[-91.1710935, 14.7770845], [-91.1705119, 14.777409]]}, "properties": {"osmid": "66207839", "oneway": "False", "lanes": NaN, "ref": NaN, "name": "Carretera", "highway": "unclassified", "maxspeed": NaN, "length": 72.196, "bridge": NaN, "tunnel": NaN, "access": NaN, "junction": NaN, "width": NaN, "est_width": NaN, "iri": 6.48000001907349}}, {"type": "Feature", "geometry": {"type": "LineString", "coordinates": [[-91.1705119, 14.777409], [-91.1703814, 14.7774486]]}, "properties": {"osmid": "66207839", "oneway": "False", "lanes": NaN, "ref": NaN, "name": "Carretera", "highway": "unclassified", "maxspeed": NaN, "length": 14.706, "bridge": NaN, "tunnel": NaN, "access": NaN, "junction": NaN, "width": NaN, "est_width": NaN, "iri": 6.48000001907349}}, {"type": "Feature", "geometry": {"type": "LineString", "coordinates": [[-91.1703814, 14.7774486], [-91.1702882, 14.777427]]}, "properties": {"osmid": "66207839", "oneway": "False", "lanes": NaN, "ref": NaN, "name": "Carretera", "highway": "unclassified", "maxspeed": NaN, "length": 10.304, "bridge": NaN, "tunnel": NaN, "access": NaN, "junction": NaN, "width": NaN, "est_width": NaN, "iri": 6.48000001907349}}, {"type": "Feature", "geometry": {"type": "LineString", "coordinates": [[-91.1702882, 14.777427], [-91.170236, 14.7773261]]}, "properties": {"osmid": "66207839", "oneway": "False", "lanes": NaN, "ref": NaN, "name": "Carretera", "highway": "unclassified", "maxspeed": NaN, "length": 12.545, "bridge": NaN, "tunnel": NaN, "access": NaN, "junction": NaN, "width": NaN, "est_width": NaN, "iri": 6.48000001907349}}, {"type": "Feature", "geometry": {"type": "LineString", "coordinates": [[-91.170236, 14.7773261], [-91.1695948, 14.7757219]]}, "properties": {"osmid": "66207839", "oneway": "False", "lanes": NaN, "ref": NaN, "name": "Carretera", "highway": "unclassified", "maxspeed": NaN, "length": 191.238, "bridge": NaN, "tunnel": NaN, "access": NaN, "junction": NaN, "width": NaN, "est_width": NaN, "iri": 6.48000001907349}}, {"type": "Feature", "geometry": {"type": "LineString", "coordinates": [[-91.1695948, 14.7757219], [-91.1695053, 14.7755885]]}, "properties": {"osmid": "66207839", "oneway": "False", "lanes": NaN, "ref": NaN, "name": "Carretera", "highway": "unclassified", "maxspeed": NaN, "length": 17.681, "bridge": NaN, "tunnel": NaN, "access": NaN, "junction": NaN, "width": NaN, "est_width": NaN, "iri": 6.48000001907349}}, {"type": "Feature", "geometry": {"type": "LineString", "coordinates": [[-91.1695053, 14.7755885], [-91.1693561, 14.7754803]]}, "properties": {"osmid": "66207839", "oneway": "False", "lanes": NaN, "ref": NaN, "name": "Carretera", "highway": "unclassified", "maxspeed": NaN, "length": 20.052, "bridge": NaN, "tunnel": NaN, "access": NaN, "junction": NaN, "width": NaN, "est_width": NaN, "iri": 6.48000001907349}}, {"type": "Feature", "geometry": {"type": "LineString", "coordinates": [[-91.1693561, 14.7754803], [-91.1691362, 14.775383]]}, "properties": {"osmid": "66207839", "oneway": "False", "lanes": NaN, "ref": NaN, "name": "Carretera", "highway": "unclassified", "maxspeed": NaN, "length": 26.001, "bridge": NaN, "tunnel": NaN, "access": NaN, "junction": NaN, "width": NaN, "est_width": NaN, "iri": 6.48000001907349}}, {"type": "Feature", "geometry": {"type": "LineString", "coordinates": [[-91.1691362, 14.775383], [-91.1689199, 14.7753073]]}, "properties": {"osmid": "66207839", "oneway": "False", "lanes": NaN, "ref": NaN, "name": "Carretera", "highway": "unclassified", "maxspeed": NaN, "length": 24.733, "bridge": NaN, "tunnel": NaN, "access": NaN, "junction": NaN, "width": NaN, "est_width": NaN, "iri": 6.48000001907349}}, {"type": "Feature", "geometry": {"type": "LineString", "coordinates": [[-91.1689199, 14.7753073], [-91.168618, 14.7752424]]}, "properties": {"osmid": "66207839", "oneway": "False", "lanes": NaN, "ref": NaN, "name": "Carretera", "highway": "unclassified", "maxspeed": NaN, "length": 33.252, "bridge": NaN, "tunnel": NaN, "access": NaN, "junction": NaN, "width": NaN, "est_width": NaN, "iri": 6.48000001907349}}, {"type": "Feature", "geometry": {"type": "LineString", "coordinates": [[-91.168618, 14.7752424], [-91.1681221, 14.7752136]]}, "properties": {"osmid": "66207839", "oneway": "False", "lanes": NaN, "ref": NaN, "name": "Carretera", "highway": "unclassified", "maxspeed": NaN, "length": 53.414, "bridge": NaN, "tunnel": NaN, "access": NaN, "junction": NaN, "width": NaN, "est_width": NaN, "iri": 6.48000001907349}}, {"type": "Feature", "geometry": {"type": "LineString", "coordinates": [[-91.1681221, 14.7752136], [-91.1677455, 14.7751919]]}, "properties": {"osmid": "66207839", "oneway": "False", "lanes": NaN, "ref": NaN, "name": "Carretera", "highway": "unclassified", "maxspeed": NaN, "length": 40.563, "bridge": NaN, "tunnel": NaN, "access": NaN, "junction": NaN, "width": NaN, "est_width": NaN, "iri": 6.48000001907349}}, {"type": "Feature", "geometry": {"type": "LineString", "coordinates": [[-91.1677455, 14.7751919], [-91.1673727, 14.7751559]]}, "properties": {"osmid": "66207839", "oneway": "False", "lanes": NaN, "ref": NaN, "name": "Carretera", "highway": "unclassified", "maxspeed": NaN, "length": 40.282, "bridge": NaN, "tunnel": NaN, "access": NaN, "junction": NaN, "width": NaN, "est_width": NaN, "iri": 6.48000001907349}}, {"type": "Feature", "geometry": {"type": "LineString", "coordinates": [[-91.1673727, 14.7751559], [-91.1670484, 14.7750694]]}, "properties": {"osmid": "66207839", "oneway": "False", "lanes": NaN, "ref": NaN, "name": "Carretera", "highway": "unclassified", "maxspeed": NaN, "length": 36.17, "bridge": NaN, "tunnel": NaN, "access": NaN, "junction": NaN, "width": NaN, "est_width": NaN, "iri": 6.48000001907349}}, {"type": "Feature", "geometry": {"type": "LineString", "coordinates": [[-91.1670484, 14.7750694], [-91.1666196, 14.7749143]]}, "properties": {"osmid": "66207839", "oneway": "False", "lanes": NaN, "ref": NaN, "name": "Carretera", "highway": "unclassified", "maxspeed": NaN, "length": 49.224, "bridge": NaN, "tunnel": NaN, "access": NaN, "junction": NaN, "width": NaN, "est_width": NaN, "iri": 6.48000001907349}}, {"type": "Feature", "geometry": {"type": "LineString", "coordinates": [[-91.1666196, 14.7749143], [-91.1659075, 14.7746115]]}, "properties": {"osmid": "66207839", "oneway": "False", "lanes": NaN, "ref": NaN, "name": "Carretera", "highway": "unclassified", "maxspeed": NaN, "length": 83.64, "bridge": NaN, "tunnel": NaN, "access": NaN, "junction": NaN, "width": NaN, "est_width": NaN, "iri": 6.48000001907349}}, {"type": "Feature", "geometry": {"type": "LineString", "coordinates": [[-91.1659075, 14.7746115], [-91.1656987, 14.774525]]}, "properties": {"osmid": "66207839", "oneway": "False", "lanes": NaN, "ref": NaN, "name": "Carretera", "highway": "unclassified", "maxspeed": NaN, "length": 24.424, "bridge": NaN, "tunnel": NaN, "access": NaN, "junction": NaN, "width": NaN, "est_width": NaN, "iri": 6.48000001907349}}, {"type": "Feature", "geometry": {"type": "LineString", "coordinates": [[-91.1656987, 14.774525], [-91.1655981, 14.7744205]]}, "properties": {"osmid": "66207839", "oneway": "False", "lanes": NaN, "ref": NaN, "name": "Carretera", "highway": "unclassified", "maxspeed": NaN, "length": 15.875, "bridge": NaN, "tunnel": NaN, "access": NaN, "junction": NaN, "width": NaN, "est_width": NaN, "iri": 6.48000001907349}}, {"type": "Feature", "geometry": {"type": "LineString", "coordinates": [[-91.1655981, 14.7744205], [-91.1655235, 14.7742366]]}, "properties": {"osmid": "66207839", "oneway": "False", "lanes": NaN, "ref": NaN, "name": "Carretera", "highway": "unclassified", "maxspeed": NaN, "length": 21.966, "bridge": NaN, "tunnel": NaN, "access": NaN, "junction": NaN, "width": NaN, "est_width": NaN, "iri": 6.48000001907349}}, {"type": "Feature", "geometry": {"type": "LineString", "coordinates": [[-91.1655235, 14.7742366], [-91.1652849, 14.7736057]]}, "properties": {"osmid": "66207839", "oneway": "False", "lanes": NaN, "ref": NaN, "name": "Carretera", "highway": "unclassified", "maxspeed": NaN, "length": 74.697, "bridge": NaN, "tunnel": NaN, "access": NaN, "junction": NaN, "width": NaN, "est_width": NaN, "iri": 6.48000001907349}}, {"type": "Feature", "geometry": {"type": "LineString", "coordinates": [[-91.1652849, 14.7736057], [-91.1652476, 14.7734832]]}, "properties": {"osmid": "66207839", "oneway": "False", "lanes": NaN, "ref": NaN, "name": "Carretera", "highway": "unclassified", "maxspeed": NaN, "length": 14.2, "bridge": NaN, "tunnel": NaN, "access": NaN, "junction": NaN, "width": NaN, "est_width": NaN, "iri": 6.48000001907349}}, {"type": "Feature", "geometry": {"type": "LineString", "coordinates": [[-91.1652476, 14.7734832], [-91.1652551, 14.7733678]]}, "properties": {"osmid": "66207839", "oneway": "False", "lanes": NaN, "ref": NaN, "name": "Carretera", "highway": "unclassified", "maxspeed": NaN, "length": 12.857, "bridge": NaN, "tunnel": NaN, "access": NaN, "junction": NaN, "width": NaN, "est_width": NaN, "iri": 6.48000001907349}}, {"type": "Feature", "geometry": {"type": "LineString", "coordinates": [[-91.1652551, 14.7733678], [-91.1652961, 14.7731948]]}, "properties": {"osmid": "66207839", "oneway": "False", "lanes": NaN, "ref": NaN, "name": "Carretera", "highway": "unclassified", "maxspeed": NaN, "length": 19.735, "bridge": NaN, "tunnel": NaN, "access": NaN, "junction": NaN, "width": NaN, "est_width": NaN, "iri": 6.48000001907349}}, {"type": "Feature", "geometry": {"type": "LineString", "coordinates": [[-91.1652961, 14.7731948], [-91.1653259, 14.7730001]]}, "properties": {"osmid": "66207839", "oneway": "False", "lanes": NaN, "ref": NaN, "name": "Carretera", "highway": "unclassified", "maxspeed": NaN, "length": 21.885, "bridge": NaN, "tunnel": NaN, "access": NaN, "junction": NaN, "width": NaN, "est_width": NaN, "iri": 6.48000001907349}}, {"type": "Feature", "geometry": {"type": "LineString", "coordinates": [[-91.1653259, 14.7730001], [-91.165311, 14.7728162]]}, "properties": {"osmid": "66207839", "oneway": "False", "lanes": NaN, "ref": NaN, "name": "Carretera", "highway": "unclassified", "maxspeed": NaN, "length": 20.511, "bridge": NaN, "tunnel": NaN, "access": NaN, "junction": NaN, "width": NaN, "est_width": NaN, "iri": 6.48000001907349}}, {"type": "Feature", "geometry": {"type": "LineString", "coordinates": [[-91.165311, 14.7728162], [-91.1652513, 14.772654]]}, "properties": {"osmid": "66207839", "oneway": "False", "lanes": NaN, "ref": NaN, "name": "Carretera", "highway": "unclassified", "maxspeed": NaN, "length": 19.144, "bridge": NaN, "tunnel": NaN, "access": NaN, "junction": NaN, "width": NaN, "est_width": NaN, "iri": 6.48000001907349}}, {"type": "Feature", "geometry": {"type": "LineString", "coordinates": [[-91.1652513, 14.772654], [-91.165173, 14.772517]]}, "properties": {"osmid": "66207839", "oneway": "False", "lanes": NaN, "ref": NaN, "name": "Carretera", "highway": "unclassified", "maxspeed": NaN, "length": 17.405, "bridge": NaN, "tunnel": NaN, "access": NaN, "junction": NaN, "width": NaN, "est_width": NaN, "iri": 6.48000001907349}}, {"type": "Feature", "geometry": {"type": "LineString", "coordinates": [[-91.165173, 14.772517], [-91.1650202, 14.7723476]]}, "properties": {"osmid": "66207839", "oneway": "False", "lanes": NaN, "ref": NaN, "name": "Carretera", "highway": "unclassified", "maxspeed": NaN, "length": 24.994, "bridge": NaN, "tunnel": NaN, "access": NaN, "junction": NaN, "width": NaN, "est_width": NaN, "iri": 6.48000001907349}}, {"type": "Feature", "geometry": {"type": "LineString", "coordinates": [[-91.1650202, 14.7723476], [-91.1648897, 14.7722755]]}, "properties": {"osmid": "66207839", "oneway": "False", "lanes": NaN, "ref": NaN, "name": "Carretera", "highway": "unclassified", "maxspeed": NaN, "length": 16.16, "bridge": NaN, "tunnel": NaN, "access": NaN, "junction": NaN, "width": NaN, "est_width": NaN, "iri": 6.48000001907349}}, {"type": "Feature", "geometry": {"type": "LineString", "coordinates": [[-91.1648897, 14.7722755], [-91.1647406, 14.772243]]}, "properties": {"osmid": "66207839", "oneway": "False", "lanes": NaN, "ref": NaN, "name": "Carretera", "highway": "unclassified", "maxspeed": NaN, "length": 16.433, "bridge": NaN, "tunnel": NaN, "access": NaN, "junction": NaN, "width": NaN, "est_width": NaN, "iri": 6.48000001907349}}, {"type": "Feature", "geometry": {"type": "LineString", "coordinates": [[-91.1647406, 14.772243], [-91.1646175, 14.7722647]]}, "properties": {"osmid": "66207839", "oneway": "False", "lanes": NaN, "ref": NaN, "name": "Carretera", "highway": "unclassified", "maxspeed": NaN, "length": 13.454, "bridge": NaN, "tunnel": NaN, "access": NaN, "junction": NaN, "width": NaN, "est_width": NaN, "iri": 6.48000001907349}}, {"type": "Feature", "geometry": {"type": "LineString", "coordinates": [[-91.1646175, 14.7722647], [-91.1645131, 14.772344]]}, "properties": {"osmid": "66207839", "oneway": "False", "lanes": NaN, "ref": NaN, "name": "Carretera", "highway": "unclassified", "maxspeed": NaN, "length": 14.274, "bridge": NaN, "tunnel": NaN, "access": NaN, "junction": NaN, "width": NaN, "est_width": NaN, "iri": 6.48000001907349}}, {"type": "Feature", "geometry": {"type": "LineString", "coordinates": [[-91.1645131, 14.772344], [-91.1636407, 14.7730398]]}, "properties": {"osmid": "66207839", "oneway": "False", "lanes": NaN, "ref": NaN, "name": "Carretera", "highway": "unclassified", "maxspeed": NaN, "length": 121.592, "bridge": NaN, "tunnel": NaN, "access": NaN, "junction": NaN, "width": NaN, "est_width": NaN, "iri": 6.48000001907349}}, {"type": "Feature", "geometry": {"type": "LineString", "coordinates": [[-91.1636407, 14.7730398], [-91.1635363, 14.7731046]]}, "properties": {"osmid": "66207839", "oneway": "False", "lanes": NaN, "ref": NaN, "name": "Carretera", "highway": "unclassified", "maxspeed": NaN, "length": 13.339, "bridge": NaN, "tunnel": NaN, "access": NaN, "junction": NaN, "width": NaN, "est_width": NaN, "iri": 6.48000001907349}}, {"type": "Feature", "geometry": {"type": "LineString", "coordinates": [[-91.1635363, 14.7731046], [-91.1633797, 14.7731263]]}, "properties": {"osmid": "66207839", "oneway": "False", "lanes": NaN, "ref": NaN, "name": "Carretera", "highway": "unclassified", "maxspeed": NaN, "length": 17.01, "bridge": NaN, "tunnel": NaN, "access": NaN, "junction": NaN, "width": NaN, "est_width": NaN, "iri": 6.48000001907349}}, {"type": "Feature", "geometry": {"type": "LineString", "coordinates": [[-91.1633797, 14.7731263], [-91.1632045, 14.7731082]]}, "properties": {"osmid": "66207839", "oneway": "False", "lanes": NaN, "ref": NaN, "name": "Carretera", "highway": "unclassified", "maxspeed": NaN, "length": 18.945, "bridge": NaN, "tunnel": NaN, "access": NaN, "junction": NaN, "width": NaN, "est_width": NaN, "iri": 6.48000001907349}}, {"type": "Feature", "geometry": {"type": "LineString", "coordinates": [[-91.1632045, 14.7731082], [-91.1604251, 14.7724981]]}, "properties": {"osmid": "66207839", "oneway": "False", "lanes": NaN, "ref": NaN, "name": "Carretera", "highway": "unclassified", "maxspeed": NaN, "length": 306.443, "bridge": NaN, "tunnel": NaN, "access": NaN, "junction": NaN, "width": NaN, "est_width": NaN, "iri": 6.48000001907349}}, {"type": "Feature", "geometry": {"type": "LineString", "coordinates": [[-91.1604251, 14.7724981], [-91.1597727, 14.7722863]]}, "properties": {"osmid": "66207839", "oneway": "False", "lanes": NaN, "ref": NaN, "name": "Carretera", "highway": "unclassified", "maxspeed": NaN, "length": 73.994, "bridge": NaN, "tunnel": NaN, "access": NaN, "junction": NaN, "width": NaN, "est_width": NaN, "iri": 6.48000001907349}}, {"type": "Feature", "geometry": {"type": "LineString", "coordinates": [[-91.1597727, 14.7722863], [-91.1589757, 14.7720475]]}, "properties": {"osmid": "66207839", "oneway": "False", "lanes": NaN, "ref": NaN, "name": "Carretera", "highway": "unclassified", "maxspeed": NaN, "length": 89.713, "bridge": NaN, "tunnel": NaN, "access": NaN, "junction": NaN, "width": NaN, "est_width": NaN, "iri": 6.48000001907349}}, {"type": "Feature", "geometry": {"type": "LineString", "coordinates": [[-91.1589757, 14.7720475], [-91.158328, 14.7718762]]}, "properties": {"osmid": "66207839", "oneway": "False", "lanes": NaN, "ref": NaN, "name": "Carretera", "highway": "unclassified", "maxspeed": NaN, "length": 72.199, "bridge": NaN, "tunnel": NaN, "access": NaN, "junction": NaN, "width": NaN, "est_width": NaN, "iri": 6.48000001907349}}, {"type": "Feature", "geometry": {"type": "LineString", "coordinates": [[-91.158328, 14.7718762], [-91.157806, 14.7716825]]}, "properties": {"osmid": "66207839", "oneway": "False", "lanes": NaN, "ref": NaN, "name": "Carretera", "highway": "unclassified", "maxspeed": NaN, "length": 60.116, "bridge": NaN, "tunnel": NaN, "access": NaN, "junction": NaN, "width": NaN, "est_width": NaN, "iri": 6.48000001907349}}, {"type": "Feature", "geometry": {"type": "LineString", "coordinates": [[-91.157806, 14.7716825], [-91.1568273, 14.7712544]]}, "properties": {"osmid": "66207839", "oneway": "False", "lanes": NaN, "ref": NaN, "name": "Carretera", "highway": "unclassified", "maxspeed": NaN, "length": 115.496, "bridge": NaN, "tunnel": NaN, "access": NaN, "junction": NaN, "width": NaN, "est_width": NaN, "iri": 6.48000001907349}}, {"type": "Feature", "geometry": {"type": "LineString", "coordinates": [[-91.1568273, 14.7712544], [-91.1560397, 14.7706685]]}, "properties": {"osmid": "66207839", "oneway": "False", "lanes": NaN, "ref": NaN, "name": "Carretera", "highway": "unclassified", "maxspeed": NaN, "length": 106.844, "bridge": NaN, "tunnel": NaN, "access": NaN, "junction": NaN, "width": NaN, "est_width": NaN, "iri": 6.48000001907349}}, {"type": "Feature", "geometry": {"type": "LineString", "coordinates": [[-91.1560397, 14.7706685], [-91.1557555, 14.7705063]]}, "properties": {"osmid": "66207839", "oneway": "False", "lanes": NaN, "ref": NaN, "name": "Carretera", "highway": "unclassified", "maxspeed": NaN, "length": 35.483, "bridge": NaN, "tunnel": NaN, "access": NaN, "junction": NaN, "width": NaN, "est_width": NaN, "iri": 6.48000001907349}}, {"type": "Feature", "geometry": {"type": "LineString", "coordinates": [[-91.1557555, 14.7705063], [-91.1554106, 14.7703531]]}, "properties": {"osmid": "66207839", "oneway": "False", "lanes": NaN, "ref": NaN, "name": "Carretera", "highway": "unclassified", "maxspeed": NaN, "length": 40.809, "bridge": NaN, "tunnel": NaN, "access": NaN, "junction": NaN, "width": NaN, "est_width": NaN, "iri": 6.48000001907349}}, {"type": "Feature", "geometry": {"type": "LineString", "coordinates": [[-91.1554106, 14.7703531], [-91.1550471, 14.7702224]]}, "properties": {"osmid": "66207839", "oneway": "False", "lanes": NaN, "ref": NaN, "name": "Carretera", "highway": "unclassified", "maxspeed": NaN, "length": 41.698, "bridge": NaN, "tunnel": NaN, "access": NaN, "junction": NaN, "width": NaN, "est_width": NaN, "iri": 6.48000001907349}}, {"type": "Feature", "geometry": {"type": "LineString", "coordinates": [[-91.1550471, 14.7702224], [-91.1545484, 14.7700782]]}, "properties": {"osmid": "66207839", "oneway": "False", "lanes": NaN, "ref": NaN, "name": "Carretera", "highway": "unclassified", "maxspeed": NaN, "length": 55.967, "bridge": NaN, "tunnel": NaN, "access": NaN, "junction": NaN, "width": NaN, "est_width": NaN, "iri": 6.48000001907349}}, {"type": "Feature", "geometry": {"type": "LineString", "coordinates": [[-91.1545484, 14.7700782], [-91.1540078, 14.7697583]]}, "properties": {"osmid": "66207839", "oneway": "False", "lanes": NaN, "ref": NaN, "name": "Carretera", "highway": "unclassified", "maxspeed": NaN, "length": 68.146, "bridge": NaN, "tunnel": NaN, "access": NaN, "junction": NaN, "width": NaN, "est_width": NaN, "iri": 6.48000001907349}}, {"type": "Feature", "geometry": {"type": "LineString", "coordinates": [[-91.1540078, 14.7697583], [-91.1536397, 14.7693302]]}, "properties": {"osmid": "66207839", "oneway": "False", "lanes": NaN, "ref": NaN, "name": "Carretera", "highway": "unclassified", "maxspeed": NaN, "length": 61.907, "bridge": NaN, "tunnel": NaN, "access": NaN, "junction": NaN, "width": NaN, "est_width": NaN, "iri": 6.48000001907349}}, {"type": "Feature", "geometry": {"type": "LineString", "coordinates": [[-91.1536397, 14.7693302], [-91.1532389, 14.7689967]]}, "properties": {"osmid": "66207839", "oneway": "False", "lanes": NaN, "ref": NaN, "name": "Carretera", "highway": "unclassified", "maxspeed": NaN, "length": 56.854, "bridge": NaN, "tunnel": NaN, "access": NaN, "junction": NaN, "width": NaN, "est_width": NaN, "iri": 6.48000001907349}}, {"type": "Feature", "geometry": {"type": "LineString", "coordinates": [[-91.1532389, 14.7689967], [-91.1527263, 14.7686452]]}, "properties": {"osmid": "66207839", "oneway": "False", "lanes": NaN, "ref": NaN, "name": "Carretera", "highway": "unclassified", "maxspeed": NaN, "length": 67.567, "bridge": NaN, "tunnel": NaN, "access": NaN, "junction": NaN, "width": NaN, "est_width": NaN, "iri": 6.48000001907349}}, {"type": "Feature", "geometry": {"type": "LineString", "coordinates": [[-91.1527263, 14.7686452], [-91.1520971, 14.7683748]]}, "properties": {"osmid": "66207839", "oneway": "False", "lanes": NaN, "ref": NaN, "name": "Carretera", "highway": "unclassified", "maxspeed": NaN, "length": 74.033, "bridge": NaN, "tunnel": NaN, "access": NaN, "junction": NaN, "width": NaN, "est_width": NaN, "iri": 6.48000001907349}}, {"type": "Feature", "geometry": {"type": "LineString", "coordinates": [[-91.1520971, 14.7683748], [-91.1516073, 14.7681501]]}, "properties": {"osmid": "66207839", "oneway": "False", "lanes": NaN, "ref": NaN, "name": "Carretera", "highway": "unclassified", "maxspeed": NaN, "length": 58.291, "bridge": NaN, "tunnel": NaN, "access": NaN, "junction": NaN, "width": NaN, "est_width": NaN, "iri": 6.48000001907349}}, {"type": "Feature", "geometry": {"type": "LineString", "coordinates": [[-91.1516073, 14.7681501], [-91.1513049, 14.7681134]]}, "properties": {"osmid": "66207839", "oneway": "False", "lanes": NaN, "ref": NaN, "name": "Carretera", "highway": "unclassified", "maxspeed": NaN, "length": 32.77, "bridge": NaN, "tunnel": NaN, "access": NaN, "junction": NaN, "width": NaN, "est_width": NaN, "iri": 6.48000001907349}}, {"type": "Feature", "geometry": {"type": "LineString", "coordinates": [[-91.1513049, 14.7681134], [-91.150932, 14.768127]]}, "properties": {"osmid": "66207839", "oneway": "False", "lanes": NaN, "ref": NaN, "name": "Carretera", "highway": "unclassified", "maxspeed": NaN, "length": 40.123, "bridge": NaN, "tunnel": NaN, "access": NaN, "junction": NaN, "width": NaN, "est_width": NaN, "iri": 6.48000001907349}}, {"type": "Feature", "geometry": {"type": "LineString", "coordinates": [[-91.150932, 14.768127], [-91.1506571, 14.7681089]]}, "properties": {"osmid": "66207839", "oneway": "False", "lanes": NaN, "ref": NaN, "name": "Carretera", "highway": "unclassified", "maxspeed": NaN, "length": 29.626, "bridge": NaN, "tunnel": NaN, "access": NaN, "junction": NaN, "width": NaN, "est_width": NaN, "iri": 6.48000001907349}}, {"type": "Feature", "geometry": {"type": "LineString", "coordinates": [[-91.1506571, 14.7681089], [-91.1502609, 14.7680323]]}, "properties": {"osmid": "66207839", "oneway": "False", "lanes": NaN, "ref": NaN, "name": "Carretera", "highway": "unclassified", "maxspeed": NaN, "length": 43.443, "bridge": NaN, "tunnel": NaN, "access": NaN, "junction": NaN, "width": NaN, "est_width": NaN, "iri": 6.48000001907349}}, {"type": "Feature", "geometry": {"type": "LineString", "coordinates": [[-91.1502609, 14.7680323], [-91.1498695, 14.7679287]]}, "properties": {"osmid": "66207839", "oneway": "False", "lanes": NaN, "ref": NaN, "name": "Carretera", "highway": "unclassified", "maxspeed": NaN, "length": 43.632, "bridge": NaN, "tunnel": NaN, "access": NaN, "junction": NaN, "width": NaN, "est_width": NaN, "iri": 6.48000001907349}}, {"type": "Feature", "geometry": {"type": "LineString", "coordinates": [[-91.1498695, 14.7679287], [-91.149739, 14.7679467]]}, "properties": {"osmid": "66207839", "oneway": "False", "lanes": NaN, "ref": NaN, "name": "Carretera", "highway": "unclassified", "maxspeed": NaN, "length": 14.174, "bridge": NaN, "tunnel": NaN, "access": NaN, "junction": NaN, "width": NaN, "est_width": NaN, "iri": 6.48000001907349}}, {"type": "Feature", "geometry": {"type": "LineString", "coordinates": [[-91.149739, 14.7679467], [-91.1496838, 14.7680123]]}, "properties": {"osmid": "66207839", "oneway": "False", "lanes": NaN, "ref": NaN, "name": "Carretera", "highway": "unclassified", "maxspeed": NaN, "length": 9.404, "bridge": NaN, "tunnel": NaN, "access": NaN, "junction": NaN, "width": NaN, "est_width": NaN, "iri": 6.48000001907349}}, {"type": "Feature", "geometry": {"type": "LineString", "coordinates": [[-91.1496838, 14.7680123], [-91.1496811, 14.7681505]]}, "properties": {"osmid": "66207839", "oneway": "False", "lanes": NaN, "ref": NaN, "name": "Carretera", "highway": "unclassified", "maxspeed": NaN, "length": 15.37, "bridge": NaN, "tunnel": NaN, "access": NaN, "junction": NaN, "width": NaN, "est_width": NaN, "iri": 6.48000001907349}}, {"type": "Feature", "geometry": {"type": "LineString", "coordinates": [[-91.1496811, 14.7681505], [-91.1497663, 14.7684082]]}, "properties": {"osmid": "66207839", "oneway": "False", "lanes": NaN, "ref": NaN, "name": "Carretera", "highway": "unclassified", "maxspeed": NaN, "length": 30.084, "bridge": NaN, "tunnel": NaN, "access": NaN, "junction": NaN, "width": NaN, "est_width": NaN, "iri": 6.48000001907349}}, {"type": "Feature", "geometry": {"type": "LineString", "coordinates": [[-91.1497663, 14.7684082], [-91.14978, 14.7685783]]}, "properties": {"osmid": "66207839", "oneway": "False", "lanes": NaN, "ref": NaN, "name": "Carretera", "highway": "unclassified", "maxspeed": NaN, "length": 18.972, "bridge": NaN, "tunnel": NaN, "access": NaN, "junction": NaN, "width": NaN, "est_width": NaN, "iri": 6.48000001907349}}, {"type": "Feature", "geometry": {"type": "LineString", "coordinates": [[-91.14978, 14.7685783], [-91.149714, 14.7687882]]}, "properties": {"osmid": "66207839", "oneway": "False", "lanes": NaN, "ref": NaN, "name": "Carretera", "highway": "unclassified", "maxspeed": NaN, "length": 24.395, "bridge": NaN, "tunnel": NaN, "access": NaN, "junction": NaN, "width": NaN, "est_width": NaN, "iri": 6.48000001907349}}, {"type": "Feature", "geometry": {"type": "LineString", "coordinates": [[-91.149714, 14.7687882], [-91.1495519, 14.7689689]]}, "properties": {"osmid": "66207839", "oneway": "False", "lanes": NaN, "ref": NaN, "name": "Carretera", "highway": "unclassified", "maxspeed": NaN, "length": 26.599, "bridge": NaN, "tunnel": NaN, "access": NaN, "junction": NaN, "width": NaN, "est_width": NaN, "iri": 6.48000001907349}}, {"type": "Feature", "geometry": {"type": "LineString", "coordinates": [[-91.1495519, 14.7689689], [-91.1490875, 14.7693782]]}, "properties": {"osmid": "66207839", "oneway": "False", "lanes": NaN, "ref": NaN, "name": "Carretera", "highway": "unclassified", "maxspeed": NaN, "length": 67.562, "bridge": NaN, "tunnel": NaN, "access": NaN, "junction": NaN, "width": NaN, "est_width": NaN, "iri": 6.48000001907349}}, {"type": "Feature", "geometry": {"type": "LineString", "coordinates": [[-91.1490875, 14.7693782], [-91.1489583, 14.7695589]]}, "properties": {"osmid": "66207839", "oneway": "False", "lanes": NaN, "ref": NaN, "name": "Carretera", "highway": "unclassified", "maxspeed": NaN, "length": 24.428, "bridge": NaN, "tunnel": NaN, "access": NaN, "junction": NaN, "width": NaN, "est_width": NaN, "iri": 6.48000001907349}}, {"type": "Feature", "geometry": {"type": "LineString", "coordinates": [[-91.1489583, 14.7695589], [-91.1489336, 14.7697582]]}, "properties": {"osmid": "66207839", "oneway": "False", "lanes": NaN, "ref": NaN, "name": "Carretera", "highway": "unclassified", "maxspeed": NaN, "length": 22.32, "bridge": NaN, "tunnel": NaN, "access": NaN, "junction": NaN, "width": NaN, "est_width": NaN, "iri": 6.48000001907349}}, {"type": "Feature", "geometry": {"type": "LineString", "coordinates": [[-91.1489336, 14.7697582], [-91.1489446, 14.7699495]]}, "properties": {"osmid": "66207839", "oneway": "False", "lanes": NaN, "ref": NaN, "name": "Carretera", "highway": "unclassified", "maxspeed": NaN, "length": 21.304, "bridge": NaN, "tunnel": NaN, "access": NaN, "junction": NaN, "width": NaN, "est_width": NaN, "iri": 6.48000001907349}}, {"type": "Feature", "geometry": {"type": "LineString", "coordinates": [[-91.1489446, 14.7699495], [-91.1488292, 14.7701009]]}, "properties": {"osmid": "66207839", "oneway": "False", "lanes": NaN, "ref": NaN, "name": "Carretera", "highway": "unclassified", "maxspeed": NaN, "length": 20.913, "bridge": NaN, "tunnel": NaN, "access": NaN, "junction": NaN, "width": NaN, "est_width": NaN, "iri": 6.48000001907349}}, {"type": "Feature", "geometry": {"type": "LineString", "coordinates": [[-91.1488292, 14.7701009], [-91.1487495, 14.7702471]]}, "properties": {"osmid": "66207839", "oneway": "False", "lanes": NaN, "ref": NaN, "name": "Carretera", "highway": "unclassified", "maxspeed": NaN, "length": 18.377, "bridge": NaN, "tunnel": NaN, "access": NaN, "junction": NaN, "width": NaN, "est_width": NaN, "iri": 6.48000001907349}}, {"type": "Feature", "geometry": {"type": "LineString", "coordinates": [[-91.1487495, 14.7702471], [-91.1487165, 14.7704012]]}, "properties": {"osmid": "66207839", "oneway": "False", "lanes": NaN, "ref": NaN, "name": "Carretera", "highway": "unclassified", "maxspeed": NaN, "length": 17.499, "bridge": NaN, "tunnel": NaN, "access": NaN, "junction": NaN, "width": NaN, "est_width": NaN, "iri": 6.48000001907349}}, {"type": "Feature", "geometry": {"type": "LineString", "coordinates": [[-91.1487165, 14.7704012], [-91.1485543, 14.7706457]]}, "properties": {"osmid": "66207839", "oneway": "False", "lanes": NaN, "ref": NaN, "name": "Carretera", "highway": "unclassified", "maxspeed": NaN, "length": 32.3, "bridge": NaN, "tunnel": NaN, "access": NaN, "junction": NaN, "width": NaN, "est_width": NaN, "iri": 6.48000001907349}}, {"type": "Feature", "geometry": {"type": "LineString", "coordinates": [[-91.1485543, 14.7706457], [-91.1484664, 14.7708476]]}, "properties": {"osmid": "66207839", "oneway": "False", "lanes": NaN, "ref": NaN, "name": "Carretera", "highway": "unclassified", "maxspeed": NaN, "length": 24.359, "bridge": NaN, "tunnel": NaN, "access": NaN, "junction": NaN, "width": NaN, "est_width": NaN, "iri": 6.48000001907349}}, {"type": "Feature", "geometry": {"type": "LineString", "coordinates": [[-91.1484664, 14.7708476], [-91.148395, 14.7709699]]}, "properties": {"osmid": "66207839", "oneway": "False", "lanes": NaN, "ref": NaN, "name": "Carretera", "highway": "unclassified", "maxspeed": NaN, "length": 15.616, "bridge": NaN, "tunnel": NaN, "access": NaN, "junction": NaN, "width": NaN, "est_width": NaN, "iri": 6.48000001907349}}, {"type": "Feature", "geometry": {"type": "LineString", "coordinates": [[-91.148395, 14.7709699], [-91.1482493, 14.7710097]]}, "properties": {"osmid": "66207839", "oneway": "False", "lanes": NaN, "ref": NaN, "name": "Carretera", "highway": "unclassified", "maxspeed": NaN, "length": 16.279, "bridge": NaN, "tunnel": NaN, "access": NaN, "junction": NaN, "width": NaN, "est_width": NaN, "iri": 6.48000001907349}}, {"type": "Feature", "geometry": {"type": "LineString", "coordinates": [[-91.1482493, 14.7710097], [-91.1479772, 14.771039]]}, "properties": {"osmid": "66207839", "oneway": "False", "lanes": NaN, "ref": NaN, "name": "Carretera", "highway": "unclassified", "maxspeed": NaN, "length": 29.437, "bridge": NaN, "tunnel": NaN, "access": NaN, "junction": NaN, "width": NaN, "est_width": NaN, "iri": 6.48000001907349}}, {"type": "Feature", "geometry": {"type": "LineString", "coordinates": [[-91.1479772, 14.771039], [-91.1478481, 14.7711134]]}, "properties": {"osmid": "66207839", "oneway": "False", "lanes": NaN, "ref": NaN, "name": "Carretera", "highway": "unclassified", "maxspeed": NaN, "length": 16.159, "bridge": NaN, "tunnel": NaN, "access": NaN, "junction": NaN, "width": NaN, "est_width": NaN, "iri": 6.48000001907349}}, {"type": "Feature", "geometry": {"type": "LineString", "coordinates": [[-91.1478481, 14.7711134], [-91.1477739, 14.7712941]]}, "properties": {"osmid": "66207839", "oneway": "False", "lanes": NaN, "ref": NaN, "name": "Carretera", "highway": "unclassified", "maxspeed": NaN, "length": 21.619, "bridge": NaN, "tunnel": NaN, "access": NaN, "junction": NaN, "width": NaN, "est_width": NaN, "iri": 6.48000001907349}}, {"type": "Feature", "geometry": {"type": "LineString", "coordinates": [[-91.1477739, 14.7712941], [-91.1477024, 14.7714854]]}, "properties": {"osmid": "66207839", "oneway": "False", "lanes": NaN, "ref": NaN, "name": "Carretera", "highway": "unclassified", "maxspeed": NaN, "length": 22.618, "bridge": NaN, "tunnel": NaN, "access": NaN, "junction": NaN, "width": NaN, "est_width": NaN, "iri": 6.48000001907349}}, {"type": "Feature", "geometry": {"type": "LineString", "coordinates": [[-91.1477024, 14.7714854], [-91.1475348, 14.771605]]}, "properties": {"osmid": "66207839", "oneway": "False", "lanes": NaN, "ref": NaN, "name": "Carretera", "highway": "unclassified", "maxspeed": NaN, "length": 22.396, "bridge": NaN, "tunnel": NaN, "access": NaN, "junction": NaN, "width": NaN, "est_width": NaN, "iri": 6.48000001907349}}, {"type": "Feature", "geometry": {"type": "LineString", "coordinates": [[-91.1475348, 14.771605], [-91.1474084, 14.7717485]]}, "properties": {"osmid": "66207839", "oneway": "False", "lanes": NaN, "ref": NaN, "name": "Carretera", "highway": "unclassified", "maxspeed": NaN, "length": 20.96, "bridge": NaN, "tunnel": NaN, "access": NaN, "junction": NaN, "width": NaN, "est_width": NaN, "iri": 6.48000001907349}}, {"type": "Feature", "geometry": {"type": "LineString", "coordinates": [[-91.1474084, 14.7717485], [-91.1473562, 14.7719185]]}, "properties": {"osmid": "66207839", "oneway": "False", "lanes": NaN, "ref": NaN, "name": "Carretera", "highway": "unclassified", "maxspeed": NaN, "length": 19.719, "bridge": NaN, "tunnel": NaN, "access": NaN, "junction": NaN, "width": NaN, "est_width": NaN, "iri": 6.48000001907349}}, {"type": "Feature", "geometry": {"type": "LineString", "coordinates": [[-91.1473562, 14.7719185], [-91.1472682, 14.7720381]]}, "properties": {"osmid": "66207839", "oneway": "False", "lanes": NaN, "ref": NaN, "name": "Carretera", "highway": "unclassified", "maxspeed": NaN, "length": 16.321, "bridge": NaN, "tunnel": NaN, "access": NaN, "junction": NaN, "width": NaN, "est_width": NaN, "iri": 6.48000001907349}}, {"type": "Feature", "geometry": {"type": "LineString", "coordinates": [[-91.1472682, 14.7720381], [-91.1469879, 14.7721843]]}, "properties": {"osmid": "66207839", "oneway": "False", "lanes": NaN, "ref": NaN, "name": "Carretera", "highway": "unclassified", "maxspeed": NaN, "length": 34.243, "bridge": NaN, "tunnel": NaN, "access": NaN, "junction": NaN, "width": NaN, "est_width": NaN, "iri": 6.48000001907349}}, {"type": "Feature", "geometry": {"type": "LineString", "coordinates": [[-91.1469879, 14.7721843], [-91.1467598, 14.772341]]}, "properties": {"osmid": "66207839", "oneway": "False", "lanes": NaN, "ref": NaN, "name": "Carretera", "highway": "unclassified", "maxspeed": NaN, "length": 30.085, "bridge": NaN, "tunnel": NaN, "access": NaN, "junction": NaN, "width": NaN, "est_width": NaN, "iri": 6.48000001907349}}, {"type": "Feature", "geometry": {"type": "LineString", "coordinates": [[-91.1467598, 14.772341], [-91.1465482, 14.7725164]]}, "properties": {"osmid": "66207839", "oneway": "False", "lanes": NaN, "ref": NaN, "name": "Carretera", "highway": "unclassified", "maxspeed": NaN, "length": 29.967, "bridge": NaN, "tunnel": NaN, "access": NaN, "junction": NaN, "width": NaN, "est_width": NaN, "iri": 6.48000001907349}}, {"type": "Feature", "geometry": {"type": "LineString", "coordinates": [[-91.1465482, 14.7725164], [-91.1461906, 14.7728919]]}, "properties": {"osmid": "66207839", "oneway": "False", "lanes": NaN, "ref": NaN, "name": "Carretera", "highway": "unclassified", "maxspeed": NaN, "length": 56.76, "bridge": NaN, "tunnel": NaN, "access": NaN, "junction": NaN, "width": NaN, "est_width": NaN, "iri": 6.48000001907349}}, {"type": "Feature", "geometry": {"type": "LineString", "coordinates": [[-91.1461906, 14.7728919], [-91.1458541, 14.773311]]}, "properties": {"osmid": "66207839", "oneway": "False", "lanes": NaN, "ref": NaN, "name": "Carretera", "highway": "unclassified", "maxspeed": NaN, "length": 58.998, "bridge": NaN, "tunnel": NaN, "access": NaN, "junction": NaN, "width": NaN, "est_width": NaN, "iri": 6.48000001907349}}, {"type": "Feature", "geometry": {"type": "LineString", "coordinates": [[-91.1458541, 14.773311], [-91.1457744, 14.7734218]]}, "properties": {"osmid": "66207839", "oneway": "False", "lanes": NaN, "ref": NaN, "name": "Carretera", "highway": "unclassified", "maxspeed": NaN, "length": 15.008, "bridge": NaN, "tunnel": NaN, "access": NaN, "junction": NaN, "width": NaN, "est_width": NaN, "iri": 6.48000001907349}}, {"type": "Feature", "geometry": {"type": "LineString", "coordinates": [[-91.1457744, 14.7734218], [-91.145753, 14.7735064]]}, "properties": {"osmid": "66207839", "oneway": "False", "lanes": NaN, "ref": NaN, "name": "Carretera", "highway": "unclassified", "maxspeed": NaN, "length": 9.684, "bridge": NaN, "tunnel": NaN, "access": NaN, "junction": NaN, "width": NaN, "est_width": NaN, "iri": 6.48000001907349}}, {"type": "Feature", "geometry": {"type": "LineString", "coordinates": [[-91.145753, 14.7735064], [-91.1457899, 14.7735797]]}, "properties": {"osmid": "66207839", "oneway": "False", "lanes": NaN, "ref": NaN, "name": "Carretera", "highway": "unclassified", "maxspeed": NaN, "length": 9.065, "bridge": NaN, "tunnel": NaN, "access": NaN, "junction": NaN, "width": NaN, "est_width": NaN, "iri": 6.48000001907349}}, {"type": "Feature", "geometry": {"type": "LineString", "coordinates": [[-91.1457899, 14.7735797], [-91.1458385, 14.7736154]]}, "properties": {"osmid": "66207839", "oneway": "False", "lanes": NaN, "ref": NaN, "name": "Carretera", "highway": "unclassified", "maxspeed": NaN, "length": 6.562, "bridge": NaN, "tunnel": NaN, "access": NaN, "junction": NaN, "width": NaN, "est_width": NaN, "iri": 6.48000001907349}}, {"type": "Feature", "geometry": {"type": "LineString", "coordinates": [[-91.1458385, 14.7736154], [-91.1459003, 14.7736306]]}, "properties": {"osmid": "66207839", "oneway": "False", "lanes": NaN, "ref": NaN, "name": "Carretera", "highway": "unclassified", "maxspeed": NaN, "length": 6.856, "bridge": NaN, "tunnel": NaN, "access": NaN, "junction": NaN, "width": NaN, "est_width": NaN, "iri": 6.48000001907349}}, {"type": "Feature", "geometry": {"type": "LineString", "coordinates": [[-91.1459003, 14.7736306], [-91.1460459, 14.7736837]]}, "properties": {"osmid": "66207839", "oneway": "False", "lanes": NaN, "ref": NaN, "name": "Carretera", "highway": "unclassified", "maxspeed": NaN, "length": 16.731, "bridge": NaN, "tunnel": NaN, "access": NaN, "junction": NaN, "width": NaN, "est_width": NaN, "iri": 6.48000001907349}}, {"type": "Feature", "geometry": {"type": "LineString", "coordinates": [[-91.1460459, 14.7736837], [-91.1461201, 14.7737103]]}, "properties": {"osmid": "66207839", "oneway": "False", "lanes": NaN, "ref": NaN, "name": "Carretera", "highway": "unclassified", "maxspeed": NaN, "length": 8.509, "bridge": NaN, "tunnel": NaN, "access": NaN, "junction": NaN, "width": NaN, "est_width": NaN, "iri": 6.48000001907349}}, {"type": "Feature", "geometry": {"type": "LineString", "coordinates": [[-91.1461201, 14.7737103], [-91.1461971, 14.7737608]]}, "properties": {"osmid": "66207839", "oneway": "False", "lanes": NaN, "ref": NaN, "name": "Carretera", "highway": "unclassified", "maxspeed": NaN, "length": 10.004, "bridge": NaN, "tunnel": NaN, "access": NaN, "junction": NaN, "width": NaN, "est_width": NaN, "iri": 6.48000001907349}}, {"type": "Feature", "geometry": {"type": "LineString", "coordinates": [[-91.1461971, 14.7737608], [-91.1462383, 14.7738538]]}, "properties": {"osmid": "66207839", "oneway": "False", "lanes": NaN, "ref": NaN, "name": "Carretera", "highway": "unclassified", "maxspeed": NaN, "length": 11.25, "bridge": NaN, "tunnel": NaN, "access": NaN, "junction": NaN, "width": NaN, "est_width": NaN, "iri": 6.48000001907349}}, {"type": "Feature", "geometry": {"type": "LineString", "coordinates": [[-91.1462383, 14.7738538], [-91.1462603, 14.7739946]]}, "properties": {"osmid": "66207839", "oneway": "False", "lanes": NaN, "ref": NaN, "name": "Carretera", "highway": "unclassified", "maxspeed": NaN, "length": 15.834, "bridge": NaN, "tunnel": NaN, "access": NaN, "junction": NaN, "width": NaN, "est_width": NaN, "iri": 6.48000001907349}}, {"type": "Feature", "geometry": {"type": "LineString", "coordinates": [[-91.1462603, 14.7739946], [-91.146329, 14.7745872]]}, "properties": {"osmid": "66207839", "oneway": "False", "lanes": NaN, "ref": NaN, "name": "Carretera", "highway": "unclassified", "maxspeed": NaN, "length": 66.307, "bridge": NaN, "tunnel": NaN, "access": NaN, "junction": NaN, "width": NaN, "est_width": NaN, "iri": 6.48000001907349}}, {"type": "Feature", "geometry": {"type": "LineString", "coordinates": [[-91.146329, 14.7745872], [-91.1463427, 14.7748343]]}, "properties": {"osmid": "66207839", "oneway": "False", "lanes": NaN, "ref": NaN, "name": "Carretera", "highway": "unclassified", "maxspeed": NaN, "length": 27.516, "bridge": NaN, "tunnel": NaN, "access": NaN, "junction": NaN, "width": NaN, "est_width": NaN, "iri": 6.48000001907349}}, {"type": "Feature", "geometry": {"type": "LineString", "coordinates": [[-91.1463427, 14.7748343], [-91.1463427, 14.7749592]]}, "properties": {"osmid": "66207839", "oneway": "False", "lanes": NaN, "ref": NaN, "name": "Carretera", "highway": "unclassified", "maxspeed": NaN, "length": 13.888, "bridge": NaN, "tunnel": NaN, "access": NaN, "junction": NaN, "width": NaN, "est_width": NaN, "iri": 6.48000001907349}}, {"type": "Feature", "geometry": {"type": "LineString", "coordinates": [[-91.1463427, 14.7749592], [-91.1462713, 14.7750496]]}, "properties": {"osmid": "66207839", "oneway": "False", "lanes": NaN, "ref": NaN, "name": "Carretera", "highway": "unclassified", "maxspeed": NaN, "length": 12.648, "bridge": NaN, "tunnel": NaN, "access": NaN, "junction": NaN, "width": NaN, "est_width": NaN, "iri": 6.48000001907349}}, {"type": "Feature", "geometry": {"type": "LineString", "coordinates": [[-91.1462713, 14.7750496], [-91.1461421, 14.7751293]]}, "properties": {"osmid": "66207839", "oneway": "False", "lanes": NaN, "ref": NaN, "name": "Carretera", "highway": "unclassified", "maxspeed": NaN, "length": 16.478, "bridge": NaN, "tunnel": NaN, "access": NaN, "junction": NaN, "width": NaN, "est_width": NaN, "iri": 6.48000001907349}}, {"type": "Feature", "geometry": {"type": "LineString", "coordinates": [[-91.1461421, 14.7751293], [-91.145958, 14.7752063]]}, "properties": {"osmid": "66207839", "oneway": "False", "lanes": NaN, "ref": NaN, "name": "Carretera", "highway": "unclassified", "maxspeed": NaN, "length": 21.567, "bridge": NaN, "tunnel": NaN, "access": NaN, "junction": NaN, "width": NaN, "est_width": NaN, "iri": 6.48000001907349}}, {"type": "Feature", "geometry": {"type": "LineString", "coordinates": [[-91.145958, 14.7752063], [-91.145642, 14.7753233]]}, "properties": {"osmid": "66207839", "oneway": "False", "lanes": NaN, "ref": NaN, "name": "Carretera", "highway": "unclassified", "maxspeed": NaN, "length": 36.381, "bridge": NaN, "tunnel": NaN, "access": NaN, "junction": NaN, "width": NaN, "est_width": NaN, "iri": 6.48000001907349}}, {"type": "Feature", "geometry": {"type": "LineString", "coordinates": [[-91.145642, 14.7753233], [-91.1455046, 14.7754322]]}, "properties": {"osmid": "66207839", "oneway": "False", "lanes": NaN, "ref": NaN, "name": "Carretera", "highway": "unclassified", "maxspeed": NaN, "length": 19.102, "bridge": NaN, "tunnel": NaN, "access": NaN, "junction": NaN, "width": NaN, "est_width": NaN, "iri": 6.48000001907349}}, {"type": "Feature", "geometry": {"type": "LineString", "coordinates": [[-91.1455046, 14.7754322], [-91.1454578, 14.775496]]}, "properties": {"osmid": "66207839", "oneway": "False", "lanes": NaN, "ref": NaN, "name": "Carretera", "highway": "unclassified", "maxspeed": NaN, "length": 8.698, "bridge": NaN, "tunnel": NaN, "access": NaN, "junction": NaN, "width": NaN, "est_width": NaN, "iri": 6.48000001907349}}, {"type": "Feature", "geometry": {"type": "LineString", "coordinates": [[-91.1454578, 14.775496], [-91.1454001, 14.7755996]]}, "properties": {"osmid": "66207839", "oneway": "False", "lanes": NaN, "ref": NaN, "name": "Carretera", "highway": "unclassified", "maxspeed": NaN, "length": 13.084, "bridge": NaN, "tunnel": NaN, "access": NaN, "junction": NaN, "width": NaN, "est_width": NaN, "iri": 6.48000001907349}}, {"type": "Feature", "geometry": {"type": "LineString", "coordinates": [[-91.1454001, 14.7755996], [-91.1453781, 14.775783]]}, "properties": {"osmid": "66207839", "oneway": "False", "lanes": NaN, "ref": NaN, "name": "Carretera", "highway": "unclassified", "maxspeed": NaN, "length": 20.53, "bridge": NaN, "tunnel": NaN, "access": NaN, "junction": NaN, "width": NaN, "est_width": NaN, "iri": 6.48000001907349}}, {"type": "Feature", "geometry": {"type": "LineString", "coordinates": [[-91.1453781, 14.775783], [-91.1453287, 14.7759477]]}, "properties": {"osmid": "66207839", "oneway": "False", "lanes": NaN, "ref": NaN, "name": "Carretera", "highway": "unclassified", "maxspeed": NaN, "length": 19.068, "bridge": NaN, "tunnel": NaN, "access": NaN, "junction": NaN, "width": NaN, "est_width": NaN, "iri": 6.48000001907349}}, {"type": "Feature", "geometry": {"type": "LineString", "coordinates": [[-91.1453287, 14.7759477], [-91.1452325, 14.7762347]]}, "properties": {"osmid": "66207839", "oneway": "False", "lanes": NaN, "ref": NaN, "name": "Carretera", "highway": "unclassified", "maxspeed": NaN, "length": 33.547, "bridge": NaN, "tunnel": NaN, "access": NaN, "junction": NaN, "width": NaN, "est_width": NaN, "iri": 6.48000001907349}}, {"type": "Feature", "geometry": {"type": "LineString", "coordinates": [[-91.1452325, 14.7762347], [-91.1450429, 14.7767396]]}, "properties": {"osmid": "66207839", "oneway": "False", "lanes": NaN, "ref": NaN, "name": "Carretera", "highway": "unclassified", "maxspeed": NaN, "length": 59.729, "bridge": NaN, "tunnel": NaN, "access": NaN, "junction": NaN, "width": NaN, "est_width": NaN, "iri": 6.48000001907349}}, {"type": "Feature", "geometry": {"type": "LineString", "coordinates": [[-91.1450429, 14.7767396], [-91.1449192, 14.7769203]]}, "properties": {"osmid": "66207839", "oneway": "False", "lanes": NaN, "ref": NaN, "name": "Carretera", "highway": "unclassified", "maxspeed": NaN, "length": 24.096, "bridge": NaN, "tunnel": NaN, "access": NaN, "junction": NaN, "width": NaN, "est_width": NaN, "iri": 6.48000001907349}}, {"type": "Feature", "geometry": {"type": "LineString", "coordinates": [[-91.1449192, 14.7769203], [-91.1444327, 14.7776156]]}, "properties": {"osmid": "66207839", "oneway": "False", "lanes": NaN, "ref": NaN, "name": "Carretera", "highway": "unclassified", "maxspeed": NaN, "length": 93.346, "bridge": NaN, "tunnel": NaN, "access": NaN, "junction": NaN, "width": NaN, "est_width": NaN, "iri": 6.48000001907349}}, {"type": "Feature", "geometry": {"type": "LineString", "coordinates": [[-91.1444327, 14.7776156], [-91.1444191, 14.7777227]]}, "properties": {"osmid": "66207839", "oneway": "False", "lanes": NaN, "ref": NaN, "name": "Carretera", "highway": "unclassified", "maxspeed": NaN, "length": 11.998, "bridge": NaN, "tunnel": NaN, "access": NaN, "junction": NaN, "width": NaN, "est_width": NaN, "iri": 6.48000001907349}}, {"type": "Feature", "geometry": {"type": "LineString", "coordinates": [[-91.1444191, 14.7777227], [-91.1444366, 14.7777941]]}, "properties": {"osmid": "66207839", "oneway": "False", "lanes": NaN, "ref": NaN, "name": "Carretera", "highway": "unclassified", "maxspeed": NaN, "length": 8.159, "bridge": NaN, "tunnel": NaN, "access": NaN, "junction": NaN, "width": NaN, "est_width": NaN, "iri": 6.48000001907349}}, {"type": "Feature", "geometry": {"type": "LineString", "coordinates": [[-91.1444366, 14.7777941], [-91.1444949, 14.7778298]]}, "properties": {"osmid": "66207839", "oneway": "False", "lanes": NaN, "ref": NaN, "name": "Carretera", "highway": "unclassified", "maxspeed": NaN, "length": 7.42, "bridge": NaN, "tunnel": NaN, "access": NaN, "junction": NaN, "width": NaN, "est_width": NaN, "iri": 6.48000001907349}}, {"type": "Feature", "geometry": {"type": "LineString", "coordinates": [[-91.1444949, 14.7778298], [-91.1445629, 14.7778561]]}, "properties": {"osmid": "66207839", "oneway": "False", "lanes": NaN, "ref": NaN, "name": "Carretera", "highway": "unclassified", "maxspeed": NaN, "length": 7.874, "bridge": NaN, "tunnel": NaN, "access": NaN, "junction": NaN, "width": NaN, "est_width": NaN, "iri": 6.48000001907349}}, {"type": "Feature", "geometry": {"type": "LineString", "coordinates": [[-91.1445629, 14.7778561], [-91.1446406, 14.7778298]]}, "properties": {"osmid": "66207839", "oneway": "False", "lanes": NaN, "ref": NaN, "name": "Carretera", "highway": "unclassified", "maxspeed": NaN, "length": 8.851, "bridge": NaN, "tunnel": NaN, "access": NaN, "junction": NaN, "width": NaN, "est_width": NaN, "iri": 6.48000001907349}}, {"type": "Feature", "geometry": {"type": "LineString", "coordinates": [[-91.1446406, 14.7778298], [-91.1447189, 14.777797]]}, "properties": {"osmid": "66207839", "oneway": "False", "lanes": NaN, "ref": NaN, "name": "Carretera", "highway": "unclassified", "maxspeed": NaN, "length": 9.175, "bridge": NaN, "tunnel": NaN, "access": NaN, "junction": NaN, "width": NaN, "est_width": NaN, "iri": 6.48000001907349}}, {"type": "Feature", "geometry": {"type": "LineString", "coordinates": [[-91.1447189, 14.777797], [-91.1449146, 14.7775856]]}, "properties": {"osmid": "66207839", "oneway": "False", "lanes": NaN, "ref": NaN, "name": "Carretera", "highway": "unclassified", "maxspeed": NaN, "length": 31.548, "bridge": NaN, "tunnel": NaN, "access": NaN, "junction": NaN, "width": NaN, "est_width": NaN, "iri": 6.48000001907349}}, {"type": "Feature", "geometry": {"type": "LineString", "coordinates": [[-91.1449146, 14.7775856], [-91.145107, 14.777409]]}, "properties": {"osmid": "66207839", "oneway": "False", "lanes": NaN, "ref": NaN, "name": "Carretera", "highway": "unclassified", "maxspeed": NaN, "length": 28.523, "bridge": NaN, "tunnel": NaN, "access": NaN, "junction": NaN, "width": NaN, "est_width": NaN, "iri": 6.48000001907349}}, {"type": "Feature", "geometry": {"type": "LineString", "coordinates": [[-91.145107, 14.777409], [-91.1451847, 14.7773582]]}, "properties": {"osmid": "66207839", "oneway": "False", "lanes": NaN, "ref": NaN, "name": "Carretera", "highway": "unclassified", "maxspeed": NaN, "length": 10.085, "bridge": NaN, "tunnel": NaN, "access": NaN, "junction": NaN, "width": NaN, "est_width": NaN, "iri": 6.48000001907349}}, {"type": "Feature", "geometry": {"type": "LineString", "coordinates": [[-91.1451847, 14.7773582], [-91.1452857, 14.7773319]]}, "properties": {"osmid": "66207839", "oneway": "False", "lanes": NaN, "ref": NaN, "name": "Carretera", "highway": "unclassified", "maxspeed": NaN, "length": 11.246, "bridge": NaN, "tunnel": NaN, "access": NaN, "junction": NaN, "width": NaN, "est_width": NaN, "iri": 6.48000001907349}}, {"type": "Feature", "geometry": {"type": "LineString", "coordinates": [[-91.1452857, 14.7773319], [-91.1454258, 14.7773442]]}, "properties": {"osmid": "66207839", "oneway": "False", "lanes": NaN, "ref": NaN, "name": "Carretera", "highway": "unclassified", "maxspeed": NaN, "length": 15.125, "bridge": NaN, "tunnel": NaN, "access": NaN, "junction": NaN, "width": NaN, "est_width": NaN, "iri": 6.48000001907349}}, {"type": "Feature", "geometry": {"type": "LineString", "coordinates": [[-91.1454258, 14.7773442], [-91.1464562, 14.7780186]]}, "properties": {"osmid": "66207839", "oneway": "False", "lanes": NaN, "ref": NaN, "name": "Carretera", "highway": "unclassified", "maxspeed": NaN, "length": 133.779, "bridge": NaN, "tunnel": NaN, "access": NaN, "junction": NaN, "width": NaN, "est_width": NaN, "iri": 6.48000001907349}}, {"type": "Feature", "geometry": {"type": "LineString", "coordinates": [[-91.1464562, 14.7780186], [-91.1464838, 14.7780526]]}, "properties": {"osmid": "66207839", "oneway": "False", "lanes": NaN, "ref": NaN, "name": "Carretera", "highway": "unclassified", "maxspeed": NaN, "length": 4.806, "bridge": NaN, "tunnel": NaN, "access": NaN, "junction": NaN, "width": NaN, "est_width": NaN, "iri": 6.48000001907349}}, {"type": "Feature", "geometry": {"type": "LineString", "coordinates": [[-91.1464838, 14.7780526], [-91.147117, 14.778833]]}, "properties": {"osmid": "66207839", "oneway": "False", "lanes": NaN, "ref": NaN, "name": "Carretera", "highway": "unclassified", "maxspeed": NaN, "length": 110.295, "bridge": NaN, "tunnel": NaN, "access": NaN, "junction": NaN, "width": NaN, "est_width": NaN, "iri": 6.48000001907349}}, {"type": "Feature", "geometry": {"type": "LineString", "coordinates": [[-91.147117, 14.778833], [-91.1471464, 14.7788901]]}, "properties": {"osmid": "66207839", "oneway": "False", "lanes": NaN, "ref": NaN, "name": "Carretera", "highway": "unclassified", "maxspeed": NaN, "length": 7.093, "bridge": NaN, "tunnel": NaN, "access": NaN, "junction": NaN, "width": NaN, "est_width": NaN, "iri": 6.48000001907349}}, {"type": "Feature", "geometry": {"type": "LineString", "coordinates": [[-91.1471464, 14.7788901], [-91.1472385, 14.7790691]]}, "properties": {"osmid": "66207839", "oneway": "False", "lanes": NaN, "ref": NaN, "name": "Carretera", "highway": "unclassified", "maxspeed": NaN, "length": 22.231, "bridge": NaN, "tunnel": NaN, "access": NaN, "junction": NaN, "width": NaN, "est_width": NaN, "iri": 6.48000001907349}}, {"type": "Feature", "geometry": {"type": "LineString", "coordinates": [[-91.1472385, 14.7790691], [-91.1473071, 14.779316]]}, "properties": {"osmid": "66207839", "oneway": "False", "lanes": NaN, "ref": NaN, "name": "Carretera", "highway": "unclassified", "maxspeed": NaN, "length": 28.428, "bridge": NaN, "tunnel": NaN, "access": NaN, "junction": NaN, "width": NaN, "est_width": NaN, "iri": 6.48000001907349}}, {"type": "Feature", "geometry": {"type": "LineString", "coordinates": [[-91.1473071, 14.779316], [-91.1474958, 14.7798706]]}, "properties": {"osmid": "66207839", "oneway": "False", "lanes": NaN, "ref": NaN, "name": "Carretera", "highway": "unclassified", "maxspeed": NaN, "length": 64.92, "bridge": NaN, "tunnel": NaN, "access": NaN, "junction": NaN, "width": NaN, "est_width": NaN, "iri": 6.48000001907349}}, {"type": "Feature", "geometry": {"type": "LineString", "coordinates": [[-91.1474958, 14.7798706], [-91.1476535, 14.7803341]]}, "properties": {"osmid": "66207839", "oneway": "False", "lanes": NaN, "ref": NaN, "name": "Carretera", "highway": "unclassified", "maxspeed": NaN, "length": 54.256, "bridge": NaN, "tunnel": NaN, "access": NaN, "junction": NaN, "width": NaN, "est_width": NaN, "iri": 6.48000001907349}}, {"type": "Feature", "geometry": {"type": "LineString", "coordinates": [[-91.1476535, 14.7803341], [-91.1479338, 14.7811648]]}, "properties": {"osmid": "66207839", "oneway": "False", "lanes": NaN, "ref": NaN, "name": "Carretera", "highway": "unclassified", "maxspeed": NaN, "length": 97.162, "bridge": NaN, "tunnel": NaN, "access": NaN, "junction": NaN, "width": NaN, "est_width": NaN, "iri": 6.48000001907349}}, {"type": "Feature", "geometry": {"type": "LineString", "coordinates": [[-91.1479338, 14.7811648], [-91.14832, 14.7817215]]}, "properties": {"osmid": "66207839", "oneway": "False", "lanes": NaN, "ref": NaN, "name": "Carretera", "highway": "unclassified", "maxspeed": NaN, "length": 74.539, "bridge": NaN, "tunnel": NaN, "access": NaN, "junction": NaN, "width": NaN, "est_width": NaN, "iri": 6.48000001907349}}, {"type": "Feature", "geometry": {"type": "LineString", "coordinates": [[-91.14832, 14.7817215], [-91.1484897, 14.7821618]]}, "properties": {"osmid": "66207839", "oneway": "False", "lanes": NaN, "ref": NaN, "name": "Carretera", "highway": "unclassified", "maxspeed": NaN, "length": 52.248, "bridge": NaN, "tunnel": NaN, "access": NaN, "junction": NaN, "width": NaN, "est_width": NaN, "iri": 6.48000001907349}}, {"type": "Feature", "geometry": {"type": "LineString", "coordinates": [[-91.1484897, 14.7821618], [-91.1486171, 14.7826118]]}, "properties": {"osmid": "66207839", "oneway": "False", "lanes": NaN, "ref": NaN, "name": "Carretera", "highway": "unclassified", "maxspeed": NaN, "length": 51.879, "bridge": NaN, "tunnel": NaN, "access": NaN, "junction": NaN, "width": NaN, "est_width": NaN, "iri": 6.48000001907349}}, {"type": "Feature", "geometry": {"type": "LineString", "coordinates": [[-91.1486171, 14.7826118], [-91.1486947, 14.7829869]]}, "properties": {"osmid": "66207839", "oneway": "False", "lanes": NaN, "ref": NaN, "name": "Carretera", "highway": "unclassified", "maxspeed": NaN, "length": 42.536, "bridge": NaN, "tunnel": NaN, "access": NaN, "junction": NaN, "width": NaN, "est_width": NaN, "iri": 6.48000001907349}}, {"type": "Feature", "geometry": {"type": "LineString", "coordinates": [[-91.1486947, 14.7829869], [-91.1487272, 14.7833194]]}, "properties": {"osmid": "66207839", "oneway": "False", "lanes": NaN, "ref": NaN, "name": "Carretera", "highway": "unclassified", "maxspeed": NaN, "length": 37.137, "bridge": NaN, "tunnel": NaN, "access": NaN, "junction": NaN, "width": NaN, "est_width": NaN, "iri": 6.48000001907349}}, {"type": "Feature", "geometry": {"type": "LineString", "coordinates": [[-91.1487272, 14.7833194], [-91.1487051, 14.7834646]]}, "properties": {"osmid": "66207839", "oneway": "False", "lanes": NaN, "ref": NaN, "name": "Carretera", "highway": "unclassified", "maxspeed": NaN, "length": 16.319, "bridge": NaN, "tunnel": NaN, "access": NaN, "junction": NaN, "width": NaN, "est_width": NaN, "iri": 6.48000001907349}}, {"type": "Feature", "geometry": {"type": "LineString", "coordinates": [[-91.1487051, 14.7834646], [-91.1486468, 14.7835229]]}, "properties": {"osmid": "66207839", "oneway": "False", "lanes": NaN, "ref": NaN, "name": "Carretera", "highway": "unclassified", "maxspeed": NaN, "length": 9.017, "bridge": NaN, "tunnel": NaN, "access": NaN, "junction": NaN, "width": NaN, "est_width": NaN, "iri": 6.48000001907349}}, {"type": "Feature", "geometry": {"type": "LineString", "coordinates": [[-91.1486468, 14.7835229], [-91.1485841, 14.78355]]}, "properties": {"osmid": "66207839", "oneway": "False", "lanes": NaN, "ref": NaN, "name": "Carretera", "highway": "unclassified", "maxspeed": NaN, "length": 7.384, "bridge": NaN, "tunnel": NaN, "access": NaN, "junction": NaN, "width": NaN, "est_width": NaN, "iri": 6.48000001907349}}, {"type": "Feature", "geometry": {"type": "LineString", "coordinates": [[-91.1485841, 14.78355], [-91.1475165, 14.7840112]]}, "properties": {"osmid": "66207839", "oneway": "False", "lanes": NaN, "ref": NaN, "name": "Carretera", "highway": "unclassified", "maxspeed": NaN, "length": 125.717, "bridge": NaN, "tunnel": NaN, "access": NaN, "junction": NaN, "width": NaN, "est_width": NaN, "iri": 6.48000001907349}}]}