{"type": "FeatureCollection", "features": [{"type": "Feature", "geometry": {"type": "LineString", "coordinates": [[-89.720071, 14.9925973], [-89.7209843, 14.9924657]]}, "properties": {"osmid": "275510060", "oneway": "False", "lanes": "2", "ref": "CA-9", "name": "Carretera Presidente Coronel Jacobo \u00c1rbenz Guzm\u00e1n", "highway": "trunk", "maxspeed": "80", "length": 99.183, "bridge": NaN, "tunnel": NaN, "access": NaN, "junction": NaN, "width": NaN, "est_width": NaN, "iri": 1.20000004768372}}, {"type": "Feature", "geometry": {"type": "LineString", "coordinates": [[-89.7209843, 14.9924657], [-89.7220455, 14.9923128]]}, "properties": {"osmid": "275510060", "oneway": "False", "lanes": "2", "ref": "CA-9", "name": "Carretera Presidente Coronel Jacobo \u00c1rbenz Guzm\u00e1n", "highway": "trunk", "maxspeed": "80", "length": 115.245, "bridge": NaN, "tunnel": NaN, "access": NaN, "junction": NaN, "width": NaN, "est_width": NaN, "iri": 1.20000004768372}}, {"type": "Feature", "geometry": {"type": "LineString", "coordinates": [[-89.7220455, 14.9923128], [-89.7224018, 14.9922615]]}, "properties": {"osmid": "407630729", "oneway": "False", "lanes": "2", "ref": "CA-9", "name": "Carretera Presidente Coronel Jacobo \u00c1rbenz Guzm\u00e1n", "highway": "trunk", "maxspeed": "80", "length": 38.693, "bridge": NaN, "tunnel": NaN, "access": NaN, "junction": NaN, "width": NaN, "est_width": NaN, "iri": 1.20000004768372}}, {"type": "Feature", "geometry": {"type": "LineString", "coordinates": [[-89.7224018, 14.9922615], [-89.7232964, 14.9921175]]}, "properties": {"osmid": "407630729", "oneway": "False", "lanes": "2", "ref": "CA-9", "name": "Carretera Presidente Coronel Jacobo \u00c1rbenz Guzm\u00e1n", "highway": "trunk", "maxspeed": "80", "length": 97.414, "bridge": NaN, "tunnel": NaN, "access": NaN, "junction": NaN, "width": NaN, "est_width": NaN, "iri": 1.20000004768372}}, {"type": "Feature", "geometry": {"type": "LineString", "coordinates": [[-89.7232964, 14.9921175], [-89.7239036, 14.9920158]]}, "properties": {"osmid": "407630729", "oneway": "False", "lanes": "2", "ref": "CA-9", "name": "Carretera Presidente Coronel Jacobo \u00c1rbenz Guzm\u00e1n", "highway": "trunk", "maxspeed": "80", "length": 66.193, "bridge": NaN, "tunnel": NaN, "access": NaN, "junction": NaN, "width": NaN, "est_width": NaN, "iri": 1.20000004768372}}, {"type": "Feature", "geometry": {"type": "LineString", "coordinates": [[-89.7239036, 14.9920158], [-89.7243931, 14.991932]]}, "properties": {"osmid": "407630729", "oneway": "False", "lanes": "2", "ref": "CA-9", "name": "Carretera Presidente Coronel Jacobo \u00c1rbenz Guzm\u00e1n", "highway": "trunk", "maxspeed": "80", "length": 53.397, "bridge": NaN, "tunnel": NaN, "access": NaN, "junction": NaN, "width": NaN, "est_width": NaN, "iri": 1.20000004768372}}, {"type": "Feature", "geometry": {"type": "LineString", "coordinates": [[-89.7243931, 14.991932], [-89.7250375, 14.9917404]]}, "properties": {"osmid": "407630729", "oneway": "False", "lanes": "2", "ref": "CA-9", "name": "Carretera Presidente Coronel Jacobo \u00c1rbenz Guzm\u00e1n", "highway": "trunk", "maxspeed": "80", "length": 72.42, "bridge": NaN, "tunnel": NaN, "access": NaN, "junction": NaN, "width": NaN, "est_width": NaN, "iri": 1.20000004768372}}, {"type": "Feature", "geometry": {"type": "LineString", "coordinates": [[-89.7250375, 14.9917404], [-89.7255766, 14.9913933]]}, "properties": {"osmid": "407630729", "oneway": "False", "lanes": "2", "ref": "CA-9", "name": "Carretera Presidente Coronel Jacobo \u00c1rbenz Guzm\u00e1n", "highway": "trunk", "maxspeed": "80", "length": 69.589, "bridge": NaN, "tunnel": NaN, "access": NaN, "junction": NaN, "width": NaN, "est_width": NaN, "iri": 1.20000004768372}}, {"type": "Feature", "geometry": {"type": "LineString", "coordinates": [[-89.7255766, 14.9913933], [-89.7259474, 14.9910206]]}, "properties": {"osmid": "407630729", "oneway": "False", "lanes": "2", "ref": "CA-9", "name": "Carretera Presidente Coronel Jacobo \u00c1rbenz Guzm\u00e1n", "highway": "trunk", "maxspeed": "80", "length": 57.478, "bridge": NaN, "tunnel": NaN, "access": NaN, "junction": NaN, "width": NaN, "est_width": NaN, "iri": 1.20000004768372}}, {"type": "Feature", "geometry": {"type": "LineString", "coordinates": [[-89.7259474, 14.9910206], [-89.7278912, 14.9879875]]}, "properties": {"osmid": "407630729", "oneway": "False", "lanes": "2", "ref": "CA-9", "name": "Carretera Presidente Coronel Jacobo \u00c1rbenz Guzm\u00e1n", "highway": "trunk", "maxspeed": "80", "length": 396.661, "bridge": NaN, "tunnel": NaN, "access": NaN, "junction": NaN, "width": NaN, "est_width": NaN, "iri": 1.20000004768372}}, {"type": "Feature", "geometry": {"type": "LineString", "coordinates": [[-89.7278912, 14.9879875], [-89.7280514, 14.987753]]}, "properties": {"osmid": "407630735", "oneway": "False", "lanes": "2", "ref": "CA-9", "name": "Carretera Presidente Coronel Jacobo \u00c1rbenz Guzm\u00e1n", "highway": "trunk", "maxspeed": "80", "length": 31.241, "bridge": "yes", "tunnel": NaN, "access": NaN, "junction": NaN, "width": NaN, "est_width": NaN, "iri": 1.20000004768372}}, {"type": "Feature", "geometry": {"type": "LineString", "coordinates": [[-89.7280514, 14.987753], [-89.7284457, 14.9871752]]}, "properties": {"osmid": "476134142", "oneway": "False", "lanes": "2", "ref": "CA-9", "name": "Carretera Presidente Coronel Jacobo \u00c1rbenz Guzm\u00e1n", "highway": "trunk", "maxspeed": "80", "length": 76.952, "bridge": NaN, "tunnel": NaN, "access": NaN, "junction": NaN, "width": NaN, "est_width": NaN, "iri": 1.20000004768372}}, {"type": "Feature", "geometry": {"type": "LineString", "coordinates": [[-89.7284457, 14.9871752], [-89.7288172, 14.986605]]}, "properties": {"osmid": "476134142", "oneway": "False", "lanes": "2", "ref": "CA-9", "name": "Carretera Presidente Coronel Jacobo \u00c1rbenz Guzm\u00e1n", "highway": "trunk", "maxspeed": "80", "length": 74.915, "bridge": NaN, "tunnel": NaN, "access": NaN, "junction": NaN, "width": NaN, "est_width": NaN, "iri": 1.20000004768372}}, {"type": "Feature", "geometry": {"type": "LineString", "coordinates": [[-89.7288172, 14.986605], [-89.7290996, 14.9862809]]}, "properties": {"osmid": "476134142", "oneway": "False", "lanes": "2", "ref": "CA-9", "name": "Carretera Presidente Coronel Jacobo \u00c1rbenz Guzm\u00e1n", "highway": "trunk", "maxspeed": "80", "length": 47.105, "bridge": NaN, "tunnel": NaN, "access": NaN, "junction": NaN, "width": NaN, "est_width": NaN, "iri": 1.20000004768372}}, {"type": "Feature", "geometry": {"type": "LineString", "coordinates": [[-89.7290996, 14.9862809], [-89.72935, 14.9860783]]}, "properties": {"osmid": "476134142", "oneway": "False", "lanes": "2", "ref": "CA-9", "name": "Carretera Presidente Coronel Jacobo \u00c1rbenz Guzm\u00e1n", "highway": "trunk", "maxspeed": "80", "length": 35.085, "bridge": NaN, "tunnel": NaN, "access": NaN, "junction": NaN, "width": NaN, "est_width": NaN, "iri": 1.20000004768372}}, {"type": "Feature", "geometry": {"type": "LineString", "coordinates": [[-89.72935, 14.9860783], [-89.7297961, 14.985797]]}, "properties": {"osmid": "476134142", "oneway": "False", "lanes": "2", "ref": "CA-9", "name": "Carretera Presidente Coronel Jacobo \u00c1rbenz Guzm\u00e1n", "highway": "trunk", "maxspeed": "80", "length": 57.223, "bridge": NaN, "tunnel": NaN, "access": NaN, "junction": NaN, "width": NaN, "est_width": NaN, "iri": 1.20000004768372}}, {"type": "Feature", "geometry": {"type": "LineString", "coordinates": [[-89.7297961, 14.985797], [-89.7302566, 14.9855789]]}, "properties": {"osmid": "476134142", "oneway": "False", "lanes": "2", "ref": "CA-9", "name": "Carretera Presidente Coronel Jacobo \u00c1rbenz Guzm\u00e1n", "highway": "trunk", "maxspeed": "80", "length": 55.089, "bridge": NaN, "tunnel": NaN, "access": NaN, "junction": NaN, "width": NaN, "est_width": NaN, "iri": 1.20000004768372}}, {"type": "Feature", "geometry": {"type": "LineString", "coordinates": [[-89.7302566, 14.9855789], [-89.7304282, 14.9854977]]}, "properties": {"osmid": "476134142", "oneway": "False", "lanes": "2", "ref": "CA-9", "name": "Carretera Presidente Coronel Jacobo \u00c1rbenz Guzm\u00e1n", "highway": "trunk", "maxspeed": "80", "length": 20.525, "bridge": NaN, "tunnel": NaN, "access": NaN, "junction": NaN, "width": NaN, "est_width": NaN, "iri": 1.20000004768372}}, {"type": "Feature", "geometry": {"type": "LineString", "coordinates": [[-89.7304282, 14.9854977], [-89.7313248, 14.9853083]]}, "properties": {"osmid": "476134142", "oneway": "False", "lanes": "2", "ref": "CA-9", "name": "Carretera Presidente Coronel Jacobo \u00c1rbenz Guzm\u00e1n", "highway": "trunk", "maxspeed": "80", "length": 98.583, "bridge": NaN, "tunnel": NaN, "access": NaN, "junction": NaN, "width": NaN, "est_width": NaN, "iri": 1.20000004768372}}, {"type": "Feature", "geometry": {"type": "LineString", "coordinates": [[-89.7313248, 14.9853083], [-89.7337682, 14.98494]]}, "properties": {"osmid": "476134142", "oneway": "False", "lanes": "2", "ref": "CA-9", "name": "Carretera Presidente Coronel Jacobo \u00c1rbenz Guzm\u00e1n", "highway": "trunk", "maxspeed": "80", "length": 265.63, "bridge": NaN, "tunnel": NaN, "access": NaN, "junction": NaN, "width": NaN, "est_width": NaN, "iri": 1.20000004768372}}, {"type": "Feature", "geometry": {"type": "LineString", "coordinates": [[-89.7337682, 14.98494], [-89.735163, 14.984712]]}, "properties": {"osmid": "476134142", "oneway": "False", "lanes": "2", "ref": "CA-9", "name": "Carretera Presidente Coronel Jacobo \u00c1rbenz Guzm\u00e1n", "highway": "trunk", "maxspeed": "80", "length": 151.951, "bridge": NaN, "tunnel": NaN, "access": NaN, "junction": NaN, "width": NaN, "est_width": NaN, "iri": 1.20000004768372}}, {"type": "Feature", "geometry": {"type": "LineString", "coordinates": [[-89.735163, 14.984712], [-89.7365041, 14.98437]]}, "properties": {"osmid": "476134142", "oneway": "False", "lanes": "2", "ref": "CA-9", "name": "Carretera Presidente Coronel Jacobo \u00c1rbenz Guzm\u00e1n", "highway": "trunk", "maxspeed": "80", "length": 148.988, "bridge": NaN, "tunnel": NaN, "access": NaN, "junction": NaN, "width": NaN, "est_width": NaN, "iri": 1.20000004768372}}, {"type": "Feature", "geometry": {"type": "LineString", "coordinates": [[-89.7365041, 14.98437], [-89.7378643, 14.9838901]]}, "properties": {"osmid": "476134142", "oneway": "False", "lanes": "2", "ref": "CA-9", "name": "Carretera Presidente Coronel Jacobo \u00c1rbenz Guzm\u00e1n", "highway": "trunk", "maxspeed": "80", "length": 155.545, "bridge": NaN, "tunnel": NaN, "access": NaN, "junction": NaN, "width": NaN, "est_width": NaN, "iri": 1.20000004768372}}, {"type": "Feature", "geometry": {"type": "LineString", "coordinates": [[-89.7378643, 14.9838901], [-89.739184, 14.983378]]}, "properties": {"osmid": "476134142", "oneway": "False", "lanes": "2", "ref": "CA-9", "name": "Carretera Presidente Coronel Jacobo \u00c1rbenz Guzm\u00e1n", "highway": "trunk", "maxspeed": "80", "length": 152.764, "bridge": NaN, "tunnel": NaN, "access": NaN, "junction": NaN, "width": NaN, "est_width": NaN, "iri": 1.20000004768372}}, {"type": "Feature", "geometry": {"type": "LineString", "coordinates": [[-89.739184, 14.983378], [-89.7494948, 14.9796494]]}, "properties": {"osmid": "476134142", "oneway": "False", "lanes": "2", "ref": "CA-9", "name": "Carretera Presidente Coronel Jacobo \u00c1rbenz Guzm\u00e1n", "highway": "trunk", "maxspeed": "80", "length": 1182.598, "bridge": NaN, "tunnel": NaN, "access": NaN, "junction": NaN, "width": NaN, "est_width": NaN, "iri": 1.20000004768372}}, {"type": "Feature", "geometry": {"type": "LineString", "coordinates": [[-89.7494948, 14.9796494], [-89.7500117, 14.9794625]]}, "properties": {"osmid": "476134142", "oneway": "False", "lanes": "2", "ref": "CA-9", "name": "Carretera Presidente Coronel Jacobo \u00c1rbenz Guzm\u00e1n", "highway": "trunk", "maxspeed": "80", "length": 59.286, "bridge": NaN, "tunnel": NaN, "access": NaN, "junction": NaN, "width": NaN, "est_width": NaN, "iri": 1.20000004768372}}, {"type": "Feature", "geometry": {"type": "LineString", "coordinates": [[-89.7500117, 14.9794625], [-89.7506444, 14.979234]]}, "properties": {"osmid": "476134142", "oneway": "False", "lanes": "2", "ref": "CA-9", "name": "Carretera Presidente Coronel Jacobo \u00c1rbenz Guzm\u00e1n", "highway": "trunk", "maxspeed": "80", "length": 72.557, "bridge": NaN, "tunnel": NaN, "access": NaN, "junction": NaN, "width": NaN, "est_width": NaN, "iri": 1.20000004768372}}, {"type": "Feature", "geometry": {"type": "LineString", "coordinates": [[-89.7506444, 14.979234], [-89.7583693, 14.9764445]]}, "properties": {"osmid": "476134142", "oneway": "False", "lanes": "2", "ref": "CA-9", "name": "Carretera Presidente Coronel Jacobo \u00c1rbenz Guzm\u00e1n", "highway": "trunk", "maxspeed": "80", "length": 885.866, "bridge": NaN, "tunnel": NaN, "access": NaN, "junction": NaN, "width": NaN, "est_width": NaN, "iri": 1.20000004768372}}, {"type": "Feature", "geometry": {"type": "LineString", "coordinates": [[-89.7583693, 14.9764445], [-89.7599293, 14.9758491]]}, "properties": {"osmid": "476134142", "oneway": "False", "lanes": "2", "ref": "CA-9", "name": "Carretera Presidente Coronel Jacobo \u00c1rbenz Guzm\u00e1n", "highway": "trunk", "maxspeed": "80", "length": 180.177, "bridge": NaN, "tunnel": NaN, "access": NaN, "junction": NaN, "width": NaN, "est_width": NaN, "iri": 1.20000004768372}}, {"type": "Feature", "geometry": {"type": "LineString", "coordinates": [[-89.7599293, 14.9758491], [-89.7622279, 14.9749717]]}, "properties": {"osmid": "476134142", "oneway": "False", "lanes": "2", "ref": "CA-9", "name": "Carretera Presidente Coronel Jacobo \u00c1rbenz Guzm\u00e1n", "highway": "trunk", "maxspeed": "80", "length": 265.488, "bridge": NaN, "tunnel": NaN, "access": NaN, "junction": NaN, "width": NaN, "est_width": NaN, "iri": 1.20000004768372}}, {"type": "Feature", "geometry": {"type": "LineString", "coordinates": [[-89.7622279, 14.9749717], [-89.7625405, 14.9748594]]}, "properties": {"osmid": "476134141", "oneway": "False", "lanes": "2", "ref": "CA-9", "name": "Carretera Presidente Coronel Jacobo \u00c1rbenz Guzm\u00e1n", "highway": "trunk", "maxspeed": "80", "length": 35.826, "bridge": "yes", "tunnel": NaN, "access": NaN, "junction": NaN, "width": NaN, "est_width": NaN, "iri": 1.20000004768372}}, {"type": "Feature", "geometry": {"type": "LineString", "coordinates": [[-89.7625405, 14.9748594], [-89.7651769, 14.9739124]]}, "properties": {"osmid": "407630736", "oneway": "False", "lanes": "2", "ref": "CA-9", "name": "Carretera Presidente Coronel Jacobo \u00c1rbenz Guzm\u00e1n", "highway": "trunk", "maxspeed": "80", "length": 302.143, "bridge": NaN, "tunnel": NaN, "access": NaN, "junction": NaN, "width": NaN, "est_width": NaN, "iri": 1.20000004768372}}, {"type": "Feature", "geometry": {"type": "LineString", "coordinates": [[-89.7651769, 14.9739124], [-89.7661318, 14.9735704]]}, "properties": {"osmid": "407630736", "oneway": "False", "lanes": "2", "ref": "CA-9", "name": "Carretera Presidente Coronel Jacobo \u00c1rbenz Guzm\u00e1n", "highway": "trunk", "maxspeed": "80", "length": 109.397, "bridge": NaN, "tunnel": NaN, "access": NaN, "junction": NaN, "width": NaN, "est_width": NaN, "iri": 1.20000004768372}}, {"type": "Feature", "geometry": {"type": "LineString", "coordinates": [[-89.7661318, 14.9735704], [-89.7648736, 14.9712622]]}, "properties": {"osmid": "407770583", "oneway": "False", "lanes": "2", "ref": "RD ZAC-01", "name": "Carretera a Usumatl\u00e1n", "highway": "tertiary", "maxspeed": NaN, "length": 290.072, "bridge": NaN, "tunnel": NaN, "access": NaN, "junction": NaN, "width": NaN, "est_width": NaN, "iri": 1.20000004768372}}, {"type": "Feature", "geometry": {"type": "LineString", "coordinates": [[-89.7648736, 14.9712622], [-89.7644278, 14.9704425]]}, "properties": {"osmid": "407770583", "oneway": "False", "lanes": "2", "ref": "RD ZAC-01", "name": "Carretera a Usumatl\u00e1n", "highway": "tertiary", "maxspeed": NaN, "length": 102.961, "bridge": NaN, "tunnel": NaN, "access": NaN, "junction": NaN, "width": NaN, "est_width": NaN, "iri": 1.20000004768372}}, {"type": "Feature", "geometry": {"type": "LineString", "coordinates": [[-89.7644278, 14.9704425], [-89.7640539, 14.9693065]]}, "properties": {"osmid": "407770583", "oneway": "False", "lanes": "2", "ref": "RD ZAC-01", "name": "Carretera a Usumatl\u00e1n", "highway": "tertiary", "maxspeed": NaN, "length": 132.549, "bridge": NaN, "tunnel": NaN, "access": NaN, "junction": NaN, "width": NaN, "est_width": NaN, "iri": 1.20000004768372}}, {"type": "Feature", "geometry": {"type": "LineString", "coordinates": [[-89.7640539, 14.9693065], [-89.7639388, 14.9689613]]}, "properties": {"osmid": "407770583", "oneway": "False", "lanes": "2", "ref": "RD ZAC-01", "name": "Carretera a Usumatl\u00e1n", "highway": "tertiary", "maxspeed": NaN, "length": 40.327, "bridge": NaN, "tunnel": NaN, "access": NaN, "junction": NaN, "width": NaN, "est_width": NaN, "iri": 1.20000004768372}}, {"type": "Feature", "geometry": {"type": "LineString", "coordinates": [[-89.7639388, 14.9689613], [-89.7635937, 14.9688175]]}, "properties": {"osmid": "407770583", "oneway": "False", "lanes": "2", "ref": "RD ZAC-01", "name": "Carretera a Usumatl\u00e1n", "highway": "tertiary", "maxspeed": NaN, "length": 40.373, "bridge": NaN, "tunnel": NaN, "access": NaN, "junction": NaN, "width": NaN, "est_width": NaN, "iri": 1.20000004768372}}, {"type": "Feature", "geometry": {"type": "LineString", "coordinates": [[-89.7635937, 14.9688175], [-89.7600561, 14.9682135]]}, "properties": {"osmid": "407770583", "oneway": "False", "lanes": "2", "ref": "RD ZAC-01", "name": "Carretera a Usumatl\u00e1n", "highway": "tertiary", "maxspeed": NaN, "length": 385.905, "bridge": NaN, "tunnel": NaN, "access": NaN, "junction": NaN, "width": NaN, "est_width": NaN, "iri": 1.20000004768372}}, {"type": "Feature", "geometry": {"type": "LineString", "coordinates": [[-89.7600561, 14.9682135], [-89.7593371, 14.968041]]}, "properties": {"osmid": "407770583", "oneway": "False", "lanes": "2", "ref": "RD ZAC-01", "name": "Carretera a Usumatl\u00e1n", "highway": "tertiary", "maxspeed": NaN, "length": 79.583, "bridge": NaN, "tunnel": NaN, "access": NaN, "junction": NaN, "width": NaN, "est_width": NaN, "iri": 1.20000004768372}}, {"type": "Feature", "geometry": {"type": "LineString", "coordinates": [[-89.7593371, 14.968041], [-89.7585174, 14.9673795]]}, "properties": {"osmid": "407770583", "oneway": "False", "lanes": "2", "ref": "RD ZAC-01", "name": "Carretera a Usumatl\u00e1n", "highway": "tertiary", "maxspeed": NaN, "length": 114.734, "bridge": NaN, "tunnel": NaN, "access": NaN, "junction": NaN, "width": NaN, "est_width": NaN, "iri": 1.20000004768372}}, {"type": "Feature", "geometry": {"type": "LineString", "coordinates": [[-89.7585174, 14.9673795], [-89.7572231, 14.9668905]]}, "properties": {"osmid": "407770583", "oneway": "False", "lanes": "2", "ref": "RD ZAC-01", "name": "Carretera a Usumatl\u00e1n", "highway": "tertiary", "maxspeed": NaN, "length": 149.291, "bridge": NaN, "tunnel": NaN, "access": NaN, "junction": NaN, "width": NaN, "est_width": NaN, "iri": 1.20000004768372}}, {"type": "Feature", "geometry": {"type": "LineString", "coordinates": [[-89.7572231, 14.9668905], [-89.7568061, 14.9665742]]}, "properties": {"osmid": "407770583", "oneway": "False", "lanes": "2", "ref": "RD ZAC-01", "name": "Carretera a Usumatl\u00e1n", "highway": "tertiary", "maxspeed": NaN, "length": 56.953, "bridge": NaN, "tunnel": NaN, "access": NaN, "junction": NaN, "width": NaN, "est_width": NaN, "iri": 1.20000004768372}}, {"type": "Feature", "geometry": {"type": "LineString", "coordinates": [[-89.7568061, 14.9665742], [-89.7558282, 14.9662578]]}, "properties": {"osmid": "407770583", "oneway": "False", "lanes": "2", "ref": "RD ZAC-01", "name": "Carretera a Usumatl\u00e1n", "highway": "tertiary", "maxspeed": NaN, "length": 110.784, "bridge": NaN, "tunnel": NaN, "access": NaN, "junction": NaN, "width": NaN, "est_width": NaN, "iri": 1.20000004768372}}, {"type": "Feature", "geometry": {"type": "LineString", "coordinates": [[-89.7558282, 14.9662578], [-89.7552673, 14.9659558]]}, "properties": {"osmid": "407770583", "oneway": "False", "lanes": "2", "ref": "RD ZAC-01", "name": "Carretera a Usumatl\u00e1n", "highway": "tertiary", "maxspeed": NaN, "length": 68.98, "bridge": NaN, "tunnel": NaN, "access": NaN, "junction": NaN, "width": NaN, "est_width": NaN, "iri": 1.20000004768372}}, {"type": "Feature", "geometry": {"type": "LineString", "coordinates": [[-89.7552673, 14.9659558], [-89.7547209, 14.9653662]]}, "properties": {"osmid": "407770583", "oneway": "False", "lanes": "2", "ref": "RD ZAC-01", "name": "Carretera a Usumatl\u00e1n", "highway": "tertiary", "maxspeed": NaN, "length": 87.997, "bridge": NaN, "tunnel": NaN, "access": NaN, "junction": NaN, "width": NaN, "est_width": NaN, "iri": 1.20000004768372}}, {"type": "Feature", "geometry": {"type": "LineString", "coordinates": [[-89.7547209, 14.9653662], [-89.7541828, 14.9642856]]}, "properties": {"osmid": "407770583", "oneway": "False", "lanes": "2", "ref": "RD ZAC-01", "name": "Carretera a Usumatl\u00e1n", "highway": "tertiary", "maxspeed": NaN, "length": 133.339, "bridge": NaN, "tunnel": NaN, "access": NaN, "junction": NaN, "width": NaN, "est_width": NaN, "iri": 1.20000004768372}}, {"type": "Feature", "geometry": {"type": "LineString", "coordinates": [[-89.7541828, 14.9642856], [-89.7539773, 14.9639602]]}, "properties": {"osmid": "407770583", "oneway": "False", "lanes": "2", "ref": "RD ZAC-01", "name": "Carretera a Usumatl\u00e1n", "highway": "tertiary", "maxspeed": NaN, "length": 42.386, "bridge": NaN, "tunnel": NaN, "access": NaN, "junction": NaN, "width": NaN, "est_width": NaN, "iri": 1.20000004768372}}, {"type": "Feature", "geometry": {"type": "LineString", "coordinates": [[-89.7539773, 14.9639602], [-89.7538546, 14.9636307]]}, "properties": {"osmid": "407770583", "oneway": "False", "lanes": "2", "ref": "RD ZAC-01", "name": "Carretera a Usumatl\u00e1n", "highway": "tertiary", "maxspeed": NaN, "length": 38.938, "bridge": NaN, "tunnel": NaN, "access": NaN, "junction": NaN, "width": NaN, "est_width": NaN, "iri": 1.20000004768372}}, {"type": "Feature", "geometry": {"type": "LineString", "coordinates": [[-89.7538546, 14.9636307], [-89.7536855, 14.9628783]]}, "properties": {"osmid": "407770583", "oneway": "False", "lanes": "2", "ref": "RD ZAC-01", "name": "Carretera a Usumatl\u00e1n", "highway": "tertiary", "maxspeed": NaN, "length": 85.613, "bridge": NaN, "tunnel": NaN, "access": NaN, "junction": NaN, "width": NaN, "est_width": NaN, "iri": 1.20000004768372}}, {"type": "Feature", "geometry": {"type": "LineString", "coordinates": [[-89.7536855, 14.9628783], [-89.7536005, 14.9626825]]}, "properties": {"osmid": "407770583", "oneway": "False", "lanes": "2", "ref": "RD ZAC-01", "name": "Carretera a Usumatl\u00e1n", "highway": "tertiary", "maxspeed": NaN, "length": 23.609, "bridge": NaN, "tunnel": NaN, "access": NaN, "junction": NaN, "width": NaN, "est_width": NaN, "iri": 1.20000004768372}}, {"type": "Feature", "geometry": {"type": "LineString", "coordinates": [[-89.7536005, 14.9626825], [-89.7534029, 14.9622274]]}, "properties": {"osmid": "407770583", "oneway": "False", "lanes": "2", "ref": "RD ZAC-01", "name": "Carretera a Usumatl\u00e1n", "highway": "tertiary", "maxspeed": NaN, "length": 54.877, "bridge": NaN, "tunnel": NaN, "access": NaN, "junction": NaN, "width": NaN, "est_width": NaN, "iri": 1.20000004768372}}, {"type": "Feature", "geometry": {"type": "LineString", "coordinates": [[-89.7534029, 14.9622274], [-89.7530953, 14.9617821]]}, "properties": {"osmid": "407770583", "oneway": "False", "lanes": "2", "ref": "RD ZAC-01", "name": "Carretera a Usumatl\u00e1n", "highway": "tertiary", "maxspeed": NaN, "length": 59.529, "bridge": NaN, "tunnel": NaN, "access": NaN, "junction": NaN, "width": NaN, "est_width": NaN, "iri": 1.20000004768372}}, {"type": "Feature", "geometry": {"type": "LineString", "coordinates": [[-89.7530953, 14.9617821], [-89.7528784, 14.9614385]]}, "properties": {"osmid": "407770583", "oneway": "False", "lanes": "2", "ref": "RD ZAC-01", "name": "Carretera a Usumatl\u00e1n", "highway": "tertiary", "maxspeed": NaN, "length": 44.751, "bridge": NaN, "tunnel": NaN, "access": NaN, "junction": NaN, "width": NaN, "est_width": NaN, "iri": 1.20000004768372}}, {"type": "Feature", "geometry": {"type": "LineString", "coordinates": [[-89.7528784, 14.9614385], [-89.7527483, 14.9610561]]}, "properties": {"osmid": "407770583", "oneway": "False", "lanes": "2", "ref": "RD ZAC-01", "name": "Carretera a Usumatl\u00e1n", "highway": "tertiary", "maxspeed": NaN, "length": 44.759, "bridge": NaN, "tunnel": NaN, "access": NaN, "junction": NaN, "width": NaN, "est_width": NaN, "iri": 1.20000004768372}}, {"type": "Feature", "geometry": {"type": "LineString", "coordinates": [[-89.7527483, 14.9610561], [-89.7527355, 14.9602417]]}, "properties": {"osmid": "407770583", "oneway": "False", "lanes": "2", "ref": "RD ZAC-01", "name": "Carretera a Usumatl\u00e1n", "highway": "tertiary", "maxspeed": NaN, "length": 90.568, "bridge": NaN, "tunnel": NaN, "access": NaN, "junction": NaN, "width": NaN, "est_width": NaN, "iri": 1.20000004768372}}, {"type": "Feature", "geometry": {"type": "LineString", "coordinates": [[-89.7527355, 14.9602417], [-89.7528184, 14.9597647]]}, "properties": {"osmid": "407770583", "oneway": "False", "lanes": "2", "ref": "RD ZAC-01", "name": "Carretera a Usumatl\u00e1n", "highway": "tertiary", "maxspeed": NaN, "length": 53.783, "bridge": NaN, "tunnel": NaN, "access": NaN, "junction": NaN, "width": NaN, "est_width": NaN, "iri": 1.20000004768372}}, {"type": "Feature", "geometry": {"type": "LineString", "coordinates": [[-89.7528184, 14.9597647], [-89.7528675, 14.9593614]]}, "properties": {"osmid": "407770583", "oneway": "False", "lanes": "2", "ref": "RD ZAC-01", "name": "Carretera a Usumatl\u00e1n", "highway": "tertiary", "maxspeed": NaN, "length": 45.154, "bridge": NaN, "tunnel": NaN, "access": NaN, "junction": NaN, "width": NaN, "est_width": NaN, "iri": 1.20000004768372}}, {"type": "Feature", "geometry": {"type": "LineString", "coordinates": [[-89.7528675, 14.9593614], [-89.7528739, 14.9592421]]}, "properties": {"osmid": "407770583", "oneway": "False", "lanes": "2", "ref": "RD ZAC-01", "name": "Carretera a Usumatl\u00e1n", "highway": "tertiary", "maxspeed": NaN, "length": 13.283, "bridge": NaN, "tunnel": NaN, "access": NaN, "junction": NaN, "width": NaN, "est_width": NaN, "iri": 1.20000004768372}}, {"type": "Feature", "geometry": {"type": "LineString", "coordinates": [[-89.7528739, 14.9592421], [-89.7522335, 14.9599135]]}, "properties": {"osmid": "771749452", "oneway": "False", "lanes": NaN, "ref": NaN, "name": NaN, "highway": "unclassified", "maxspeed": NaN, "length": 101.521, "bridge": NaN, "tunnel": NaN, "access": NaN, "junction": NaN, "width": NaN, "est_width": NaN, "iri": 1.20000004768372}}, {"type": "Feature", "geometry": {"type": "LineString", "coordinates": [[-89.7522335, 14.9599135], [-89.7521558, 14.9601661]]}, "properties": {"osmid": "771749452", "oneway": "False", "lanes": NaN, "ref": NaN, "name": NaN, "highway": "unclassified", "maxspeed": NaN, "length": 29.302, "bridge": NaN, "tunnel": NaN, "access": NaN, "junction": NaN, "width": NaN, "est_width": NaN, "iri": 1.20000004768372}}, {"type": "Feature", "geometry": {"type": "LineString", "coordinates": [[-89.7521558, 14.9601661], [-89.752128, 14.9604922]]}, "properties": {"osmid": "771749452", "oneway": "False", "lanes": NaN, "ref": NaN, "name": NaN, "highway": "unclassified", "maxspeed": NaN, "length": 36.383, "bridge": NaN, "tunnel": NaN, "access": NaN, "junction": NaN, "width": NaN, "est_width": NaN, "iri": 1.20000004768372}}, {"type": "Feature", "geometry": {"type": "LineString", "coordinates": [[-89.752128, 14.9604922], [-89.7521287, 14.9606383]]}, "properties": {"osmid": "771749452", "oneway": "False", "lanes": NaN, "ref": NaN, "name": NaN, "highway": "unclassified", "maxspeed": NaN, "length": 16.246, "bridge": NaN, "tunnel": NaN, "access": NaN, "junction": NaN, "width": NaN, "est_width": NaN, "iri": 1.20000004768372}}, {"type": "Feature", "geometry": {"type": "LineString", "coordinates": [[-89.7521287, 14.9606383], [-89.7521755, 14.9608838]]}, "properties": {"osmid": "771749452", "oneway": "False", "lanes": NaN, "ref": NaN, "name": NaN, "highway": "unclassified", "maxspeed": NaN, "length": 27.757, "bridge": NaN, "tunnel": NaN, "access": NaN, "junction": NaN, "width": NaN, "est_width": NaN, "iri": 1.20000004768372}}]}