{"type": "FeatureCollection", "features": [{"type": "Feature", "geometry": {"type": "LineString", "coordinates": [[-91.5461976, 15.0260581], [-91.5458757, 15.0259959]]}, "properties": {"osmid": "352685025", "oneway": "False", "lanes": NaN, "ref": NaN, "name": NaN, "highway": "unclassified", "maxspeed": NaN, "length": 35.255, "bridge": NaN, "tunnel": NaN, "access": NaN, "junction": NaN, "width": NaN, "est_width": NaN, "iri": 10.0299997329712}}, {"type": "Feature", "geometry": {"type": "LineString", "coordinates": [[-91.5458757, 15.0259959], [-91.5452534, 15.0261202]]}, "properties": {"osmid": "352685025", "oneway": "False", "lanes": NaN, "ref": NaN, "name": NaN, "highway": "unclassified", "maxspeed": NaN, "length": 68.245, "bridge": NaN, "tunnel": NaN, "access": NaN, "junction": NaN, "width": NaN, "est_width": NaN, "iri": 10.0299997329712}}, {"type": "Feature", "geometry": {"type": "LineString", "coordinates": [[-91.5452534, 15.0261202], [-91.544717, 15.0264726]]}, "properties": {"osmid": "352685025", "oneway": "False", "lanes": NaN, "ref": NaN, "name": NaN, "highway": "unclassified", "maxspeed": NaN, "length": 69.67, "bridge": NaN, "tunnel": NaN, "access": NaN, "junction": NaN, "width": NaN, "est_width": NaN, "iri": 10.0299997329712}}, {"type": "Feature", "geometry": {"type": "LineString", "coordinates": [[-91.544717, 15.0264726], [-91.5442235, 15.0269078]]}, "properties": {"osmid": "352685025", "oneway": "False", "lanes": NaN, "ref": NaN, "name": NaN, "highway": "unclassified", "maxspeed": NaN, "length": 71.768, "bridge": NaN, "tunnel": NaN, "access": NaN, "junction": NaN, "width": NaN, "est_width": NaN, "iri": 10.0299997329712}}, {"type": "Feature", "geometry": {"type": "LineString", "coordinates": [[-91.5442235, 15.0269078], [-91.5437943, 15.0272601]]}, "properties": {"osmid": "352685025", "oneway": "False", "lanes": NaN, "ref": NaN, "name": NaN, "highway": "unclassified", "maxspeed": NaN, "length": 60.491, "bridge": NaN, "tunnel": NaN, "access": NaN, "junction": NaN, "width": NaN, "est_width": NaN, "iri": 10.0299997329712}}, {"type": "Feature", "geometry": {"type": "LineString", "coordinates": [[-91.5437943, 15.0272601], [-91.5432793, 15.027944]]}, "properties": {"osmid": "352685025", "oneway": "False", "lanes": NaN, "ref": NaN, "name": NaN, "highway": "unclassified", "maxspeed": NaN, "length": 94.031, "bridge": NaN, "tunnel": NaN, "access": NaN, "junction": NaN, "width": NaN, "est_width": NaN, "iri": 10.0299997329712}}, {"type": "Feature", "geometry": {"type": "LineString", "coordinates": [[-91.5432793, 15.027944], [-91.542936, 15.0284206]]}, "properties": {"osmid": "352685025", "oneway": "False", "lanes": NaN, "ref": NaN, "name": NaN, "highway": "unclassified", "maxspeed": NaN, "length": 64.558, "bridge": NaN, "tunnel": NaN, "access": NaN, "junction": NaN, "width": NaN, "est_width": NaN, "iri": 10.0299997329712}}, {"type": "Feature", "geometry": {"type": "LineString", "coordinates": [[-91.542936, 15.0284206], [-91.5425283, 15.0288765]]}, "properties": {"osmid": "352685025", "oneway": "False", "lanes": NaN, "ref": NaN, "name": NaN, "highway": "unclassified", "maxspeed": NaN, "length": 66.984, "bridge": NaN, "tunnel": NaN, "access": NaN, "junction": NaN, "width": NaN, "est_width": NaN, "iri": 10.0299997329712}}, {"type": "Feature", "geometry": {"type": "LineString", "coordinates": [[-91.5425283, 15.0288765], [-91.542421, 15.0292495]]}, "properties": {"osmid": "352685025", "oneway": "False", "lanes": NaN, "ref": NaN, "name": NaN, "highway": "unclassified", "maxspeed": NaN, "length": 43.047, "bridge": NaN, "tunnel": NaN, "access": NaN, "junction": NaN, "width": NaN, "est_width": NaN, "iri": 10.0299997329712}}, {"type": "Feature", "geometry": {"type": "LineString", "coordinates": [[-91.542421, 15.0292495], [-91.5422619, 15.0298194]]}, "properties": {"osmid": "352685025", "oneway": "False", "lanes": NaN, "ref": NaN, "name": NaN, "highway": "unclassified", "maxspeed": NaN, "length": 65.633, "bridge": NaN, "tunnel": NaN, "access": NaN, "junction": NaN, "width": NaN, "est_width": NaN, "iri": 10.0299997329712}}, {"type": "Feature", "geometry": {"type": "LineString", "coordinates": [[-91.5422619, 15.0298194], [-91.5417577, 15.0287418]]}, "properties": {"osmid": "352685025", "oneway": "False", "lanes": NaN, "ref": NaN, "name": NaN, "highway": "unclassified", "maxspeed": NaN, "length": 131.49, "bridge": NaN, "tunnel": NaN, "access": NaN, "junction": NaN, "width": NaN, "est_width": NaN, "iri": 10.0299997329712}}, {"type": "Feature", "geometry": {"type": "LineString", "coordinates": [[-91.5417577, 15.0287418], [-91.5416611, 15.0280994]]}, "properties": {"osmid": "352685025", "oneway": "False", "lanes": NaN, "ref": NaN, "name": NaN, "highway": "unclassified", "maxspeed": NaN, "length": 72.181, "bridge": NaN, "tunnel": NaN, "access": NaN, "junction": NaN, "width": NaN, "est_width": NaN, "iri": 10.0299997329712}}, {"type": "Feature", "geometry": {"type": "LineString", "coordinates": [[-91.5416611, 15.0280994], [-91.5414573, 15.0276538]]}, "properties": {"osmid": "352685025", "oneway": "False", "lanes": NaN, "ref": NaN, "name": NaN, "highway": "unclassified", "maxspeed": NaN, "length": 54.167, "bridge": NaN, "tunnel": NaN, "access": NaN, "junction": NaN, "width": NaN, "est_width": NaN, "iri": 10.0299997329712}}, {"type": "Feature", "geometry": {"type": "LineString", "coordinates": [[-91.5414573, 15.0276538], [-91.5413393, 15.0272601]]}, "properties": {"osmid": "352685025", "oneway": "False", "lanes": NaN, "ref": NaN, "name": NaN, "highway": "unclassified", "maxspeed": NaN, "length": 45.575, "bridge": NaN, "tunnel": NaN, "access": NaN, "junction": NaN, "width": NaN, "est_width": NaN, "iri": 10.0299997329712}}, {"type": "Feature", "geometry": {"type": "LineString", "coordinates": [[-91.5413393, 15.0272601], [-91.541232, 15.0267005]]}, "properties": {"osmid": "352685025", "oneway": "False", "lanes": NaN, "ref": NaN, "name": NaN, "highway": "unclassified", "maxspeed": NaN, "length": 63.283, "bridge": NaN, "tunnel": NaN, "access": NaN, "junction": NaN, "width": NaN, "est_width": NaN, "iri": 10.0299997329712}}, {"type": "Feature", "geometry": {"type": "LineString", "coordinates": [[-91.541232, 15.0267005], [-91.5411247, 15.0262964]]}, "properties": {"osmid": "352685025", "oneway": "False", "lanes": NaN, "ref": NaN, "name": NaN, "highway": "unclassified", "maxspeed": NaN, "length": 46.388, "bridge": NaN, "tunnel": NaN, "access": NaN, "junction": NaN, "width": NaN, "est_width": NaN, "iri": 10.0299997329712}}, {"type": "Feature", "geometry": {"type": "LineString", "coordinates": [[-91.5411247, 15.0262964], [-91.5410818, 15.0258612]]}, "properties": {"osmid": "352685025", "oneway": "False", "lanes": NaN, "ref": NaN, "name": NaN, "highway": "unclassified", "maxspeed": NaN, "length": 48.611, "bridge": NaN, "tunnel": NaN, "access": NaN, "junction": NaN, "width": NaN, "est_width": NaN, "iri": 10.0299997329712}}, {"type": "Feature", "geometry": {"type": "LineString", "coordinates": [[-91.5410818, 15.0258612], [-91.5411783, 15.0254053]]}, "properties": {"osmid": "352685025", "oneway": "False", "lanes": NaN, "ref": NaN, "name": NaN, "highway": "unclassified", "maxspeed": NaN, "length": 51.742, "bridge": NaN, "tunnel": NaN, "access": NaN, "junction": NaN, "width": NaN, "est_width": NaN, "iri": 10.0299997329712}}, {"type": "Feature", "geometry": {"type": "LineString", "coordinates": [[-91.5411783, 15.0254053], [-91.5413285, 15.025084]]}, "properties": {"osmid": "352685025", "oneway": "False", "lanes": NaN, "ref": NaN, "name": NaN, "highway": "unclassified", "maxspeed": NaN, "length": 39.2, "bridge": NaN, "tunnel": NaN, "access": NaN, "junction": NaN, "width": NaN, "est_width": NaN, "iri": 10.0299997329712}}]}