{"type": "FeatureCollection", "features": [{"type": "Feature", "geometry": {"type": "LineString", "coordinates": [[-89.6404783, 15.9433194], [-89.6410571, 15.9425141]]}, "properties": {"osmid": "668699528", "oneway": "False", "lanes": NaN, "ref": "RD AV-10", "name": NaN, "highway": "secondary", "maxspeed": NaN, "length": 108.849, "bridge": NaN, "tunnel": NaN, "access": NaN, "junction": NaN, "width": NaN, "est_width": NaN, "iri": 14.4399995803833}}, {"type": "Feature", "geometry": {"type": "LineString", "coordinates": [[-89.6410571, 15.9425141], [-89.6413122, 15.9420871]]}, "properties": {"osmid": "668699528", "oneway": "False", "lanes": NaN, "ref": "RD AV-10", "name": NaN, "highway": "secondary", "maxspeed": NaN, "length": 54.757, "bridge": NaN, "tunnel": NaN, "access": NaN, "junction": NaN, "width": NaN, "est_width": NaN, "iri": 14.4399995803833}}, {"type": "Feature", "geometry": {"type": "LineString", "coordinates": [[-89.6413122, 15.9420871], [-89.64162, 15.9415959]]}, "properties": {"osmid": "668699528", "oneway": "False", "lanes": NaN, "ref": "RD AV-10", "name": NaN, "highway": "secondary", "maxspeed": NaN, "length": 63.767, "bridge": NaN, "tunnel": NaN, "access": NaN, "junction": NaN, "width": NaN, "est_width": NaN, "iri": 14.4399995803833}}, {"type": "Feature", "geometry": {"type": "LineString", "coordinates": [[-89.64162, 15.9415959], [-89.6418515, 15.9412005]]}, "properties": {"osmid": "668699528", "oneway": "False", "lanes": NaN, "ref": "RD AV-10", "name": NaN, "highway": "secondary", "maxspeed": NaN, "length": 50.455, "bridge": NaN, "tunnel": NaN, "access": NaN, "junction": NaN, "width": NaN, "est_width": NaN, "iri": 14.4399995803833}}, {"type": "Feature", "geometry": {"type": "LineString", "coordinates": [[-89.6418515, 15.9412005], [-89.6418899, 15.9408774]]}, "properties": {"osmid": "668699528", "oneway": "False", "lanes": NaN, "ref": "RD AV-10", "name": NaN, "highway": "secondary", "maxspeed": NaN, "length": 36.161, "bridge": NaN, "tunnel": NaN, "access": NaN, "junction": NaN, "width": NaN, "est_width": NaN, "iri": 14.4399995803833}}, {"type": "Feature", "geometry": {"type": "LineString", "coordinates": [[-89.6418899, 15.9408774], [-89.6418151, 15.9404931]]}, "properties": {"osmid": "668699528", "oneway": "False", "lanes": NaN, "ref": "RD AV-10", "name": NaN, "highway": "secondary", "maxspeed": NaN, "length": 43.474, "bridge": NaN, "tunnel": NaN, "access": NaN, "junction": NaN, "width": NaN, "est_width": NaN, "iri": 14.4399995803833}}, {"type": "Feature", "geometry": {"type": "LineString", "coordinates": [[-89.6418151, 15.9404931], [-89.6415774, 15.9398196]]}, "properties": {"osmid": "668699528", "oneway": "False", "lanes": NaN, "ref": "RD AV-10", "name": NaN, "highway": "secondary", "maxspeed": NaN, "length": 79.085, "bridge": NaN, "tunnel": NaN, "access": NaN, "junction": NaN, "width": NaN, "est_width": NaN, "iri": 14.4399995803833}}, {"type": "Feature", "geometry": {"type": "LineString", "coordinates": [[-89.6415774, 15.9398196], [-89.6415114, 15.9394348]]}, "properties": {"osmid": "668699528", "oneway": "False", "lanes": NaN, "ref": "RD AV-10", "name": NaN, "highway": "secondary", "maxspeed": NaN, "length": 43.366, "bridge": NaN, "tunnel": NaN, "access": NaN, "junction": NaN, "width": NaN, "est_width": NaN, "iri": 14.4399995803833}}, {"type": "Feature", "geometry": {"type": "LineString", "coordinates": [[-89.6415114, 15.9394348], [-89.6415471, 15.939135]]}, "properties": {"osmid": "668699528", "oneway": "False", "lanes": NaN, "ref": "RD AV-10", "name": NaN, "highway": "secondary", "maxspeed": NaN, "length": 33.554, "bridge": NaN, "tunnel": NaN, "access": NaN, "junction": NaN, "width": NaN, "est_width": NaN, "iri": 14.4399995803833}}, {"type": "Feature", "geometry": {"type": "LineString", "coordinates": [[-89.6415471, 15.939135], [-89.6415853, 15.9388137]]}, "properties": {"osmid": "668699528", "oneway": "False", "lanes": NaN, "ref": "RD AV-10", "name": NaN, "highway": "secondary", "maxspeed": NaN, "length": 35.96, "bridge": NaN, "tunnel": NaN, "access": NaN, "junction": NaN, "width": NaN, "est_width": NaN, "iri": 14.4399995803833}}, {"type": "Feature", "geometry": {"type": "LineString", "coordinates": [[-89.6415853, 15.9388137], [-89.6417852, 15.9381777]]}, "properties": {"osmid": "668699528", "oneway": "False", "lanes": NaN, "ref": "RD AV-10", "name": NaN, "highway": "secondary", "maxspeed": NaN, "length": 73.879, "bridge": NaN, "tunnel": NaN, "access": NaN, "junction": NaN, "width": NaN, "est_width": NaN, "iri": 14.4399995803833}}, {"type": "Feature", "geometry": {"type": "LineString", "coordinates": [[-89.6417852, 15.9381777], [-89.6417893, 15.9378317]]}, "properties": {"osmid": "668699528", "oneway": "False", "lanes": NaN, "ref": "RD AV-10", "name": NaN, "highway": "secondary", "maxspeed": NaN, "length": 38.476, "bridge": NaN, "tunnel": NaN, "access": NaN, "junction": NaN, "width": NaN, "est_width": NaN, "iri": 14.4399995803833}}, {"type": "Feature", "geometry": {"type": "LineString", "coordinates": [[-89.6417893, 15.9378317], [-89.641009, 15.9359804]]}, "properties": {"osmid": "668699528", "oneway": "False", "lanes": NaN, "ref": "RD AV-10", "name": NaN, "highway": "secondary", "maxspeed": NaN, "length": 222.12, "bridge": NaN, "tunnel": NaN, "access": NaN, "junction": NaN, "width": NaN, "est_width": NaN, "iri": 14.4399995803833}}, {"type": "Feature", "geometry": {"type": "LineString", "coordinates": [[-89.641009, 15.9359804], [-89.6407749, 15.9352644]]}, "properties": {"osmid": "668699528", "oneway": "False", "lanes": NaN, "ref": "RD AV-10", "name": NaN, "highway": "secondary", "maxspeed": NaN, "length": 83.458, "bridge": NaN, "tunnel": NaN, "access": NaN, "junction": NaN, "width": NaN, "est_width": NaN, "iri": 14.4399995803833}}, {"type": "Feature", "geometry": {"type": "LineString", "coordinates": [[-89.6407749, 15.9352644], [-89.640296, 15.934885]]}, "properties": {"osmid": "668699528", "oneway": "False", "lanes": NaN, "ref": "RD AV-10", "name": NaN, "highway": "secondary", "maxspeed": NaN, "length": 66.346, "bridge": NaN, "tunnel": NaN, "access": NaN, "junction": NaN, "width": NaN, "est_width": NaN, "iri": 14.4399995803833}}, {"type": "Feature", "geometry": {"type": "LineString", "coordinates": [[-89.640296, 15.934885], [-89.6402311, 15.9344522]]}, "properties": {"osmid": "668699528", "oneway": "False", "lanes": NaN, "ref": "RD AV-10", "name": NaN, "highway": "secondary", "maxspeed": NaN, "length": 48.623, "bridge": NaN, "tunnel": NaN, "access": NaN, "junction": NaN, "width": NaN, "est_width": NaN, "iri": 14.4399995803833}}, {"type": "Feature", "geometry": {"type": "LineString", "coordinates": [[-89.6402311, 15.9344522], [-89.6397707, 15.9341526]]}, "properties": {"osmid": "668699528", "oneway": "False", "lanes": NaN, "ref": "RD AV-10", "name": NaN, "highway": "secondary", "maxspeed": NaN, "length": 59.44, "bridge": NaN, "tunnel": NaN, "access": NaN, "junction": NaN, "width": NaN, "est_width": NaN, "iri": 14.4399995803833}}, {"type": "Feature", "geometry": {"type": "LineString", "coordinates": [[-89.6397707, 15.9341526], [-89.6395938, 15.9336634]]}, "properties": {"osmid": "668699528", "oneway": "False", "lanes": NaN, "ref": "RD AV-10", "name": NaN, "highway": "secondary", "maxspeed": NaN, "length": 57.591, "bridge": NaN, "tunnel": NaN, "access": NaN, "junction": NaN, "width": NaN, "est_width": NaN, "iri": 14.4399995803833}}, {"type": "Feature", "geometry": {"type": "LineString", "coordinates": [[-89.6395938, 15.9336634], [-89.6395877, 15.933447]]}, "properties": {"osmid": "668699528", "oneway": "False", "lanes": NaN, "ref": "RD AV-10", "name": NaN, "highway": "secondary", "maxspeed": NaN, "length": 24.071, "bridge": NaN, "tunnel": NaN, "access": NaN, "junction": NaN, "width": NaN, "est_width": NaN, "iri": 14.4399995803833}}, {"type": "Feature", "geometry": {"type": "LineString", "coordinates": [[-89.6395877, 15.933447], [-89.6397247, 15.9331616]]}, "properties": {"osmid": "668699528", "oneway": "False", "lanes": NaN, "ref": "RD AV-10", "name": NaN, "highway": "secondary", "maxspeed": NaN, "length": 34.953, "bridge": NaN, "tunnel": NaN, "access": NaN, "junction": NaN, "width": NaN, "est_width": NaN, "iri": 14.4399995803833}}, {"type": "Feature", "geometry": {"type": "LineString", "coordinates": [[-89.6397247, 15.9331616], [-89.6397374, 15.9329011]]}, "properties": {"osmid": "668699528", "oneway": "False", "lanes": NaN, "ref": "RD AV-10", "name": NaN, "highway": "secondary", "maxspeed": NaN, "length": 28.998, "bridge": NaN, "tunnel": NaN, "access": NaN, "junction": NaN, "width": NaN, "est_width": NaN, "iri": 14.4399995803833}}, {"type": "Feature", "geometry": {"type": "LineString", "coordinates": [[-89.6397374, 15.9329011], [-89.6395435, 15.9319416]]}, "properties": {"osmid": "668699528", "oneway": "False", "lanes": NaN, "ref": "RD AV-10", "name": NaN, "highway": "secondary", "maxspeed": NaN, "length": 108.687, "bridge": NaN, "tunnel": NaN, "access": NaN, "junction": NaN, "width": NaN, "est_width": NaN, "iri": 14.4399995803833}}, {"type": "Feature", "geometry": {"type": "LineString", "coordinates": [[-89.6395435, 15.9319416], [-89.6395778, 15.9312767]]}, "properties": {"osmid": "668699528", "oneway": "False", "lanes": NaN, "ref": "RD AV-10", "name": NaN, "highway": "secondary", "maxspeed": NaN, "length": 74.025, "bridge": NaN, "tunnel": NaN, "access": NaN, "junction": NaN, "width": NaN, "est_width": NaN, "iri": 14.4399995803833}}, {"type": "Feature", "geometry": {"type": "LineString", "coordinates": [[-89.6395778, 15.9312767], [-89.6394257, 15.9309453]]}, "properties": {"osmid": "668699528", "oneway": "False", "lanes": NaN, "ref": "RD AV-10", "name": NaN, "highway": "secondary", "maxspeed": NaN, "length": 40.279, "bridge": NaN, "tunnel": NaN, "access": NaN, "junction": NaN, "width": NaN, "est_width": NaN, "iri": 14.4399995803833}}, {"type": "Feature", "geometry": {"type": "LineString", "coordinates": [[-89.6394257, 15.9309453], [-89.6393056, 15.930486]]}, "properties": {"osmid": "668699528", "oneway": "False", "lanes": NaN, "ref": "RD AV-10", "name": NaN, "highway": "secondary", "maxspeed": NaN, "length": 52.662, "bridge": NaN, "tunnel": NaN, "access": NaN, "junction": NaN, "width": NaN, "est_width": NaN, "iri": 14.4399995803833}}, {"type": "Feature", "geometry": {"type": "LineString", "coordinates": [[-89.6393056, 15.930486], [-89.6392065, 15.9296702]]}, "properties": {"osmid": "668699528", "oneway": "False", "lanes": NaN, "ref": "RD AV-10", "name": NaN, "highway": "secondary", "maxspeed": NaN, "length": 91.33, "bridge": NaN, "tunnel": NaN, "access": NaN, "junction": NaN, "width": NaN, "est_width": NaN, "iri": 14.4399995803833}}, {"type": "Feature", "geometry": {"type": "LineString", "coordinates": [[-89.6392065, 15.9296702], [-89.6393921, 15.9294832]]}, "properties": {"osmid": "668699528", "oneway": "False", "lanes": NaN, "ref": "RD AV-10", "name": NaN, "highway": "secondary", "maxspeed": NaN, "length": 28.744, "bridge": NaN, "tunnel": NaN, "access": NaN, "junction": NaN, "width": NaN, "est_width": NaN, "iri": 14.4399995803833}}, {"type": "Feature", "geometry": {"type": "LineString", "coordinates": [[-89.6393921, 15.9294832], [-89.6397256, 15.929557]]}, "properties": {"osmid": "668699528", "oneway": "False", "lanes": NaN, "ref": "RD AV-10", "name": NaN, "highway": "secondary", "maxspeed": NaN, "length": 36.592, "bridge": NaN, "tunnel": NaN, "access": NaN, "junction": NaN, "width": NaN, "est_width": NaN, "iri": 14.4399995803833}}, {"type": "Feature", "geometry": {"type": "LineString", "coordinates": [[-89.6397256, 15.929557], [-89.6398117, 15.9294473]]}, "properties": {"osmid": "668699528", "oneway": "False", "lanes": NaN, "ref": "RD AV-10", "name": NaN, "highway": "secondary", "maxspeed": NaN, "length": 15.282, "bridge": NaN, "tunnel": NaN, "access": NaN, "junction": NaN, "width": NaN, "est_width": NaN, "iri": 14.4399995803833}}, {"type": "Feature", "geometry": {"type": "LineString", "coordinates": [[-89.6398117, 15.9294473], [-89.6398927, 15.9289045]]}, "properties": {"osmid": "668699528", "oneway": "False", "lanes": NaN, "ref": "RD AV-10", "name": NaN, "highway": "secondary", "maxspeed": NaN, "length": 60.975, "bridge": NaN, "tunnel": NaN, "access": NaN, "junction": NaN, "width": NaN, "est_width": NaN, "iri": 14.4399995803833}}, {"type": "Feature", "geometry": {"type": "LineString", "coordinates": [[-89.6398927, 15.9289045], [-89.6402333, 15.9285958]]}, "properties": {"osmid": "668699528", "oneway": "False", "lanes": NaN, "ref": "RD AV-10", "name": NaN, "highway": "secondary", "maxspeed": NaN, "length": 50.046, "bridge": NaN, "tunnel": NaN, "access": NaN, "junction": NaN, "width": NaN, "est_width": NaN, "iri": 14.4399995803833}}, {"type": "Feature", "geometry": {"type": "LineString", "coordinates": [[-89.6402333, 15.9285958], [-89.6405627, 15.9280547]]}, "properties": {"osmid": "668699528", "oneway": "False", "lanes": NaN, "ref": "RD AV-10", "name": NaN, "highway": "secondary", "maxspeed": NaN, "length": 69.719, "bridge": NaN, "tunnel": NaN, "access": NaN, "junction": NaN, "width": NaN, "est_width": NaN, "iri": 14.4399995803833}}, {"type": "Feature", "geometry": {"type": "LineString", "coordinates": [[-89.6405627, 15.9280547], [-89.6414377, 15.9271315]]}, "properties": {"osmid": "668699528", "oneway": "False", "lanes": NaN, "ref": "RD AV-10", "name": NaN, "highway": "secondary", "maxspeed": NaN, "length": 138.894, "bridge": NaN, "tunnel": NaN, "access": NaN, "junction": NaN, "width": NaN, "est_width": NaN, "iri": 14.4399995803833}}, {"type": "Feature", "geometry": {"type": "LineString", "coordinates": [[-89.6414377, 15.9271315], [-89.6421871, 15.9266671]]}, "properties": {"osmid": "668699528", "oneway": "False", "lanes": NaN, "ref": "RD AV-10", "name": NaN, "highway": "secondary", "maxspeed": NaN, "length": 95.329, "bridge": NaN, "tunnel": NaN, "access": NaN, "junction": NaN, "width": NaN, "est_width": NaN, "iri": 14.4399995803833}}, {"type": "Feature", "geometry": {"type": "LineString", "coordinates": [[-89.6421871, 15.9266671], [-89.6427717, 15.9262135]]}, "properties": {"osmid": "668699528", "oneway": "False", "lanes": NaN, "ref": "RD AV-10", "name": NaN, "highway": "secondary", "maxspeed": NaN, "length": 80.321, "bridge": NaN, "tunnel": NaN, "access": NaN, "junction": NaN, "width": NaN, "est_width": NaN, "iri": 14.4399995803833}}, {"type": "Feature", "geometry": {"type": "LineString", "coordinates": [[-89.6427717, 15.9262135], [-89.6441747, 15.9249612]]}, "properties": {"osmid": "668699528", "oneway": "False", "lanes": NaN, "ref": "RD AV-10", "name": NaN, "highway": "secondary", "maxspeed": NaN, "length": 204.685, "bridge": NaN, "tunnel": NaN, "access": NaN, "junction": NaN, "width": NaN, "est_width": NaN, "iri": 14.4399995803833}}, {"type": "Feature", "geometry": {"type": "LineString", "coordinates": [[-89.6441747, 15.9249612], [-89.6443905, 15.9247686]]}, "properties": {"osmid": "668699528", "oneway": "False", "lanes": NaN, "ref": "RD AV-10", "name": NaN, "highway": "secondary", "maxspeed": NaN, "length": 31.482, "bridge": NaN, "tunnel": NaN, "access": NaN, "junction": NaN, "width": NaN, "est_width": NaN, "iri": 14.4399995803833}}, {"type": "Feature", "geometry": {"type": "LineString", "coordinates": [[-89.6443905, 15.9247686], [-89.6450166, 15.9243223]]}, "properties": {"osmid": "668699528", "oneway": "False", "lanes": NaN, "ref": "RD AV-10", "name": NaN, "highway": "secondary", "maxspeed": NaN, "length": 83.335, "bridge": NaN, "tunnel": NaN, "access": NaN, "junction": NaN, "width": NaN, "est_width": NaN, "iri": 14.4399995803833}}, {"type": "Feature", "geometry": {"type": "LineString", "coordinates": [[-89.6450166, 15.9243223], [-89.6493621, 15.9224518]]}, "properties": {"osmid": "668699528", "oneway": "False", "lanes": NaN, "ref": "RD AV-10", "name": NaN, "highway": "secondary", "maxspeed": NaN, "length": 509.084, "bridge": NaN, "tunnel": NaN, "access": NaN, "junction": NaN, "width": NaN, "est_width": NaN, "iri": 14.4399995803833}}, {"type": "Feature", "geometry": {"type": "LineString", "coordinates": [[-89.6493621, 15.9224518], [-89.6533944, 15.9204406]]}, "properties": {"osmid": "668699528", "oneway": "False", "lanes": NaN, "ref": "RD AV-10", "name": NaN, "highway": "secondary", "maxspeed": NaN, "length": 485.718, "bridge": NaN, "tunnel": NaN, "access": NaN, "junction": NaN, "width": NaN, "est_width": NaN, "iri": 14.4399995803833}}, {"type": "Feature", "geometry": {"type": "LineString", "coordinates": [[-89.6533944, 15.9204406], [-89.6539201, 15.9201104]]}, "properties": {"osmid": "668699528", "oneway": "False", "lanes": NaN, "ref": "RD AV-10", "name": NaN, "highway": "secondary", "maxspeed": NaN, "length": 67.142, "bridge": NaN, "tunnel": NaN, "access": NaN, "junction": NaN, "width": NaN, "est_width": NaN, "iri": 14.4399995803833}}, {"type": "Feature", "geometry": {"type": "LineString", "coordinates": [[-89.6539201, 15.9201104], [-89.6548536, 15.9191304]]}, "properties": {"osmid": "668699528", "oneway": "False", "lanes": NaN, "ref": "RD AV-10", "name": NaN, "highway": "secondary", "maxspeed": NaN, "length": 147.779, "bridge": NaN, "tunnel": NaN, "access": NaN, "junction": NaN, "width": NaN, "est_width": NaN, "iri": 14.4399995803833}}, {"type": "Feature", "geometry": {"type": "LineString", "coordinates": [[-89.6548536, 15.9191304], [-89.6583621, 15.9161133]]}, "properties": {"osmid": "668699528", "oneway": "False", "lanes": NaN, "ref": "RD AV-10", "name": NaN, "highway": "secondary", "maxspeed": NaN, "length": 503.292, "bridge": NaN, "tunnel": NaN, "access": NaN, "junction": NaN, "width": NaN, "est_width": NaN, "iri": 14.4399995803833}}, {"type": "Feature", "geometry": {"type": "LineString", "coordinates": [[-89.6583621, 15.9161133], [-89.65894, 15.9154746]]}, "properties": {"osmid": "668699528", "oneway": "False", "lanes": NaN, "ref": "RD AV-10", "name": NaN, "highway": "secondary", "maxspeed": NaN, "length": 94.142, "bridge": NaN, "tunnel": NaN, "access": NaN, "junction": NaN, "width": NaN, "est_width": NaN, "iri": 14.4399995803833}}, {"type": "Feature", "geometry": {"type": "LineString", "coordinates": [[-89.65894, 15.9154746], [-89.6619027, 15.9104972]]}, "properties": {"osmid": "668699528", "oneway": "False", "lanes": NaN, "ref": "RD AV-10", "name": NaN, "highway": "secondary", "maxspeed": NaN, "length": 637.724, "bridge": NaN, "tunnel": NaN, "access": NaN, "junction": NaN, "width": NaN, "est_width": NaN, "iri": 14.4399995803833}}, {"type": "Feature", "geometry": {"type": "LineString", "coordinates": [[-89.6619027, 15.9104972], [-89.6626321, 15.9092505]]}, "properties": {"osmid": "668699528", "oneway": "False", "lanes": NaN, "ref": "RD AV-10", "name": NaN, "highway": "secondary", "maxspeed": NaN, "length": 159.064, "bridge": NaN, "tunnel": NaN, "access": NaN, "junction": NaN, "width": NaN, "est_width": NaN, "iri": 14.4399995803833}}, {"type": "Feature", "geometry": {"type": "LineString", "coordinates": [[-89.6626321, 15.9092505], [-89.6640696, 15.9067635]]}, "properties": {"osmid": "668699528", "oneway": "False", "lanes": NaN, "ref": "RD AV-10", "name": NaN, "highway": "secondary", "maxspeed": NaN, "length": 316.395, "bridge": NaN, "tunnel": NaN, "access": NaN, "junction": NaN, "width": NaN, "est_width": NaN, "iri": 14.4399995803833}}, {"type": "Feature", "geometry": {"type": "LineString", "coordinates": [[-89.6640696, 15.9067635], [-89.6645612, 15.9061502]]}, "properties": {"osmid": "668699528", "oneway": "False", "lanes": NaN, "ref": "RD AV-10", "name": NaN, "highway": "secondary", "maxspeed": NaN, "length": 86.107, "bridge": NaN, "tunnel": NaN, "access": NaN, "junction": NaN, "width": NaN, "est_width": NaN, "iri": 14.4399995803833}}, {"type": "Feature", "geometry": {"type": "LineString", "coordinates": [[-89.6645612, 15.9061502], [-89.666848, 15.9040438]]}, "properties": {"osmid": "668699528", "oneway": "False", "lanes": NaN, "ref": "RD AV-10", "name": NaN, "highway": "secondary", "maxspeed": NaN, "length": 338.619, "bridge": NaN, "tunnel": NaN, "access": NaN, "junction": NaN, "width": NaN, "est_width": NaN, "iri": 14.4399995803833}}, {"type": "Feature", "geometry": {"type": "LineString", "coordinates": [[-89.666848, 15.9040438], [-89.6671455, 15.9037015]]}, "properties": {"osmid": "668699528", "oneway": "False", "lanes": NaN, "ref": "RD AV-10", "name": NaN, "highway": "secondary", "maxspeed": NaN, "length": 49.607, "bridge": NaN, "tunnel": NaN, "access": NaN, "junction": NaN, "width": NaN, "est_width": NaN, "iri": 14.4399995803833}}, {"type": "Feature", "geometry": {"type": "LineString", "coordinates": [[-89.6671455, 15.9037015], [-89.6672747, 15.9033389]]}, "properties": {"osmid": "668699528", "oneway": "False", "lanes": NaN, "ref": "RD AV-10", "name": NaN, "highway": "secondary", "maxspeed": NaN, "length": 42.621, "bridge": NaN, "tunnel": NaN, "access": NaN, "junction": NaN, "width": NaN, "est_width": NaN, "iri": 14.4399995803833}}, {"type": "Feature", "geometry": {"type": "LineString", "coordinates": [[-89.6672747, 15.9033389], [-89.6673172, 15.9028901]]}, "properties": {"osmid": "668699528", "oneway": "False", "lanes": NaN, "ref": "RD AV-10", "name": NaN, "highway": "secondary", "maxspeed": NaN, "length": 50.111, "bridge": NaN, "tunnel": NaN, "access": NaN, "junction": NaN, "width": NaN, "est_width": NaN, "iri": 14.4399995803833}}, {"type": "Feature", "geometry": {"type": "LineString", "coordinates": [[-89.6673172, 15.9028901], [-89.6673939, 15.9016203]]}, "properties": {"osmid": "668699528", "oneway": "False", "lanes": NaN, "ref": "RD AV-10", "name": NaN, "highway": "secondary", "maxspeed": NaN, "length": 141.434, "bridge": NaN, "tunnel": NaN, "access": NaN, "junction": NaN, "width": NaN, "est_width": NaN, "iri": 14.4399995803833}}, {"type": "Feature", "geometry": {"type": "LineString", "coordinates": [[-89.6673939, 15.9016203], [-89.6674706, 15.901363]]}, "properties": {"osmid": "668699528", "oneway": "False", "lanes": NaN, "ref": "RD AV-10", "name": NaN, "highway": "secondary", "maxspeed": NaN, "length": 29.763, "bridge": NaN, "tunnel": NaN, "access": NaN, "junction": NaN, "width": NaN, "est_width": NaN, "iri": 14.4399995803833}}, {"type": "Feature", "geometry": {"type": "LineString", "coordinates": [[-89.6674706, 15.901363], [-89.6677101, 15.9011407]]}, "properties": {"osmid": "668699528", "oneway": "False", "lanes": NaN, "ref": "RD AV-10", "name": NaN, "highway": "secondary", "maxspeed": NaN, "length": 35.595, "bridge": NaN, "tunnel": NaN, "access": NaN, "junction": NaN, "width": NaN, "est_width": NaN, "iri": 14.4399995803833}}, {"type": "Feature", "geometry": {"type": "LineString", "coordinates": [[-89.6677101, 15.9011407], [-89.6692899, 15.9000684]]}, "properties": {"osmid": "668699528", "oneway": "False", "lanes": NaN, "ref": "RD AV-10", "name": NaN, "highway": "secondary", "maxspeed": NaN, "length": 206.783, "bridge": NaN, "tunnel": NaN, "access": NaN, "junction": NaN, "width": NaN, "est_width": NaN, "iri": 14.4399995803833}}, {"type": "Feature", "geometry": {"type": "LineString", "coordinates": [[-89.6692899, 15.9000684], [-89.6705118, 15.8991175]]}, "properties": {"osmid": "668699528", "oneway": "False", "lanes": NaN, "ref": "RD AV-10", "name": NaN, "highway": "secondary", "maxspeed": NaN, "length": 168.092, "bridge": NaN, "tunnel": NaN, "access": NaN, "junction": NaN, "width": NaN, "est_width": NaN, "iri": 14.4399995803833}}, {"type": "Feature", "geometry": {"type": "LineString", "coordinates": [[-89.6705118, 15.8991175], [-89.6722327, 15.8980248]]}, "properties": {"osmid": "668699528", "oneway": "False", "lanes": NaN, "ref": "RD AV-10", "name": NaN, "highway": "secondary", "maxspeed": NaN, "length": 220.527, "bridge": NaN, "tunnel": NaN, "access": NaN, "junction": NaN, "width": NaN, "est_width": NaN, "iri": 14.4399995803833}}, {"type": "Feature", "geometry": {"type": "LineString", "coordinates": [[-89.6722327, 15.8980248], [-89.6730711, 15.8973182]]}, "properties": {"osmid": "668699528", "oneway": "False", "lanes": NaN, "ref": "RD AV-10", "name": NaN, "highway": "secondary", "maxspeed": NaN, "length": 119.215, "bridge": NaN, "tunnel": NaN, "access": NaN, "junction": NaN, "width": NaN, "est_width": NaN, "iri": 14.4399995803833}}, {"type": "Feature", "geometry": {"type": "LineString", "coordinates": [[-89.6730711, 15.8973182], [-89.6734019, 15.897044]]}, "properties": {"osmid": "668699528", "oneway": "False", "lanes": NaN, "ref": "RD AV-10", "name": NaN, "highway": "secondary", "maxspeed": NaN, "length": 46.702, "bridge": NaN, "tunnel": NaN, "access": NaN, "junction": NaN, "width": NaN, "est_width": NaN, "iri": 14.4399995803833}}, {"type": "Feature", "geometry": {"type": "LineString", "coordinates": [[-89.6734019, 15.897044], [-89.6736182, 15.8967301]]}, "properties": {"osmid": "668699528", "oneway": "False", "lanes": NaN, "ref": "RD AV-10", "name": NaN, "highway": "secondary", "maxspeed": NaN, "length": 41.873, "bridge": NaN, "tunnel": NaN, "access": NaN, "junction": NaN, "width": NaN, "est_width": NaN, "iri": 14.4399995803833}}, {"type": "Feature", "geometry": {"type": "LineString", "coordinates": [[-89.6736182, 15.8967301], [-89.6737256, 15.8962657]]}, "properties": {"osmid": "668699528", "oneway": "False", "lanes": NaN, "ref": "RD AV-10", "name": NaN, "highway": "secondary", "maxspeed": NaN, "length": 52.901, "bridge": NaN, "tunnel": NaN, "access": NaN, "junction": NaN, "width": NaN, "est_width": NaN, "iri": 14.4399995803833}}, {"type": "Feature", "geometry": {"type": "LineString", "coordinates": [[-89.6737256, 15.8962657], [-89.6737334, 15.8959572]]}, "properties": {"osmid": "668699528", "oneway": "False", "lanes": NaN, "ref": "RD AV-10", "name": NaN, "highway": "secondary", "maxspeed": NaN, "length": 34.314, "bridge": NaN, "tunnel": NaN, "access": NaN, "junction": NaN, "width": NaN, "est_width": NaN, "iri": 14.4399995803833}}, {"type": "Feature", "geometry": {"type": "LineString", "coordinates": [[-89.6737334, 15.8959572], [-89.6736033, 15.8952221]]}, "properties": {"osmid": "668699528", "oneway": "False", "lanes": NaN, "ref": "RD AV-10", "name": NaN, "highway": "secondary", "maxspeed": NaN, "length": 82.915, "bridge": NaN, "tunnel": NaN, "access": NaN, "junction": NaN, "width": NaN, "est_width": NaN, "iri": 14.4399995803833}}, {"type": "Feature", "geometry": {"type": "LineString", "coordinates": [[-89.6736033, 15.8952221], [-89.6732456, 15.8941273]]}, "properties": {"osmid": "668699528", "oneway": "False", "lanes": NaN, "ref": "RD AV-10", "name": NaN, "highway": "secondary", "maxspeed": NaN, "length": 127.605, "bridge": NaN, "tunnel": NaN, "access": NaN, "junction": NaN, "width": NaN, "est_width": NaN, "iri": 14.4399995803833}}, {"type": "Feature", "geometry": {"type": "LineString", "coordinates": [[-89.6732456, 15.8941273], [-89.6729691, 15.8932593]]}, "properties": {"osmid": "668699528", "oneway": "False", "lanes": NaN, "ref": "RD AV-10", "name": NaN, "highway": "secondary", "maxspeed": NaN, "length": 100.945, "bridge": NaN, "tunnel": NaN, "access": NaN, "junction": NaN, "width": NaN, "est_width": NaN, "iri": 14.4399995803833}}, {"type": "Feature", "geometry": {"type": "LineString", "coordinates": [[-89.6729691, 15.8932593], [-89.6729854, 15.8930169]]}, "properties": {"osmid": "668699528", "oneway": "False", "lanes": NaN, "ref": "RD AV-10", "name": NaN, "highway": "secondary", "maxspeed": NaN, "length": 27.01, "bridge": NaN, "tunnel": NaN, "access": NaN, "junction": NaN, "width": NaN, "est_width": NaN, "iri": 14.4399995803833}}, {"type": "Feature", "geometry": {"type": "LineString", "coordinates": [[-89.6729854, 15.8930169], [-89.6730504, 15.8927822]]}, "properties": {"osmid": "668699528", "oneway": "False", "lanes": NaN, "ref": "RD AV-10", "name": NaN, "highway": "secondary", "maxspeed": NaN, "length": 27.007, "bridge": NaN, "tunnel": NaN, "access": NaN, "junction": NaN, "width": NaN, "est_width": NaN, "iri": 14.4399995803833}}, {"type": "Feature", "geometry": {"type": "LineString", "coordinates": [[-89.6730504, 15.8927822], [-89.6732618, 15.8925555]]}, "properties": {"osmid": "668699528", "oneway": "False", "lanes": NaN, "ref": "RD AV-10", "name": NaN, "highway": "secondary", "maxspeed": NaN, "length": 33.861, "bridge": NaN, "tunnel": NaN, "access": NaN, "junction": NaN, "width": NaN, "est_width": NaN, "iri": 14.4399995803833}}, {"type": "Feature", "geometry": {"type": "LineString", "coordinates": [[-89.6732618, 15.8925555], [-89.673709, 15.8923834]]}, "properties": {"osmid": "668699528", "oneway": "False", "lanes": NaN, "ref": "RD AV-10", "name": NaN, "highway": "secondary", "maxspeed": NaN, "length": 51.512, "bridge": NaN, "tunnel": NaN, "access": NaN, "junction": NaN, "width": NaN, "est_width": NaN, "iri": 14.4399995803833}}, {"type": "Feature", "geometry": {"type": "LineString", "coordinates": [[-89.673709, 15.8923834], [-89.6740587, 15.8923365]]}, "properties": {"osmid": "668699528", "oneway": "False", "lanes": NaN, "ref": "RD AV-10", "name": NaN, "highway": "secondary", "maxspeed": NaN, "length": 37.761, "bridge": NaN, "tunnel": NaN, "access": NaN, "junction": NaN, "width": NaN, "est_width": NaN, "iri": 14.4399995803833}}, {"type": "Feature", "geometry": {"type": "LineString", "coordinates": [[-89.6740587, 15.8923365], [-89.6743432, 15.8921801]]}, "properties": {"osmid": "668699528", "oneway": "False", "lanes": NaN, "ref": "RD AV-10", "name": NaN, "highway": "secondary", "maxspeed": NaN, "length": 35.045, "bridge": NaN, "tunnel": NaN, "access": NaN, "junction": NaN, "width": NaN, "est_width": NaN, "iri": 14.4399995803833}}, {"type": "Feature", "geometry": {"type": "LineString", "coordinates": [[-89.6743432, 15.8921801], [-89.6745709, 15.8919142]]}, "properties": {"osmid": "668699528", "oneway": "False", "lanes": NaN, "ref": "RD AV-10", "name": NaN, "highway": "secondary", "maxspeed": NaN, "length": 38.304, "bridge": NaN, "tunnel": NaN, "access": NaN, "junction": NaN, "width": NaN, "est_width": NaN, "iri": 14.4399995803833}}, {"type": "Feature", "geometry": {"type": "LineString", "coordinates": [[-89.6745709, 15.8919142], [-89.6749368, 15.8912495]]}, "properties": {"osmid": "668699528", "oneway": "False", "lanes": NaN, "ref": "RD AV-10", "name": NaN, "highway": "secondary", "maxspeed": NaN, "length": 83.631, "bridge": NaN, "tunnel": NaN, "access": NaN, "junction": NaN, "width": NaN, "est_width": NaN, "iri": 14.4399995803833}}, {"type": "Feature", "geometry": {"type": "LineString", "coordinates": [[-89.6749368, 15.8912495], [-89.675474, 15.8905007]]}, "properties": {"osmid": "668699528", "oneway": "False", "lanes": NaN, "ref": "RD AV-10", "name": NaN, "highway": "secondary", "maxspeed": NaN, "length": 101.16, "bridge": NaN, "tunnel": NaN, "access": NaN, "junction": NaN, "width": NaN, "est_width": NaN, "iri": 14.4399995803833}}, {"type": "Feature", "geometry": {"type": "LineString", "coordinates": [[-89.675474, 15.8905007], [-89.6756605, 15.8902407]]}, "properties": {"osmid": "668699528", "oneway": "False", "lanes": NaN, "ref": "RD AV-10", "name": NaN, "highway": "secondary", "maxspeed": NaN, "length": 35.123, "bridge": NaN, "tunnel": NaN, "access": NaN, "junction": NaN, "width": NaN, "est_width": NaN, "iri": 14.4399995803833}}, {"type": "Feature", "geometry": {"type": "LineString", "coordinates": [[-89.6756605, 15.8902407], [-89.6757662, 15.8900217]]}, "properties": {"osmid": "668699528", "oneway": "False", "lanes": NaN, "ref": "RD AV-10", "name": NaN, "highway": "secondary", "maxspeed": NaN, "length": 26.848, "bridge": NaN, "tunnel": NaN, "access": NaN, "junction": NaN, "width": NaN, "est_width": NaN, "iri": 14.4399995803833}}, {"type": "Feature", "geometry": {"type": "LineString", "coordinates": [[-89.6757662, 15.8900217], [-89.6758162, 15.8897602]]}, "properties": {"osmid": "668699528", "oneway": "False", "lanes": NaN, "ref": "RD AV-10", "name": NaN, "highway": "secondary", "maxspeed": NaN, "length": 29.565, "bridge": NaN, "tunnel": NaN, "access": NaN, "junction": NaN, "width": NaN, "est_width": NaN, "iri": 14.4399995803833}}, {"type": "Feature", "geometry": {"type": "LineString", "coordinates": [[-89.6758162, 15.8897602], [-89.6758255, 15.8894987]]}, "properties": {"osmid": "668699528", "oneway": "False", "lanes": NaN, "ref": "RD AV-10", "name": NaN, "highway": "secondary", "maxspeed": NaN, "length": 29.095, "bridge": NaN, "tunnel": NaN, "access": NaN, "junction": NaN, "width": NaN, "est_width": NaN, "iri": 14.4399995803833}}, {"type": "Feature", "geometry": {"type": "LineString", "coordinates": [[-89.6758255, 15.8894987], [-89.6757319, 15.8887121]]}, "properties": {"osmid": "668699528", "oneway": "False", "lanes": NaN, "ref": "RD AV-10", "name": NaN, "highway": "secondary", "maxspeed": NaN, "length": 88.037, "bridge": NaN, "tunnel": NaN, "access": NaN, "junction": NaN, "width": NaN, "est_width": NaN, "iri": 14.4399995803833}}, {"type": "Feature", "geometry": {"type": "LineString", "coordinates": [[-89.6757319, 15.8887121], [-89.6736842, 15.8886121]]}, "properties": {"osmid": "652071129", "oneway": "False", "lanes": NaN, "ref": NaN, "name": NaN, "highway": "unclassified", "maxspeed": NaN, "length": 219.277, "bridge": NaN, "tunnel": NaN, "access": NaN, "junction": NaN, "width": NaN, "est_width": NaN, "iri": 14.4399995803833}}]}