{"type": "FeatureCollection", "features": [{"type": "Feature", "geometry": {"type": "LineString", "coordinates": [[-89.5334925, 14.9668386], [-89.5336443, 14.9668814]]}, "properties": {"osmid": "326239827", "oneway": "True", "lanes": "2", "ref": NaN, "name": NaN, "highway": "tertiary", "maxspeed": NaN, "length": 16.987, "bridge": NaN, "tunnel": NaN, "access": NaN, "junction": NaN, "width": NaN, "est_width": NaN, "iri": 3.3199999332428}}, {"type": "Feature", "geometry": {"type": "LineString", "coordinates": [[-89.5336443, 14.9668814], [-89.5337572, 14.966889]]}, "properties": {"osmid": "326239827", "oneway": "True", "lanes": "2", "ref": NaN, "name": NaN, "highway": "tertiary", "maxspeed": NaN, "length": 12.157, "bridge": NaN, "tunnel": NaN, "access": NaN, "junction": NaN, "width": NaN, "est_width": NaN, "iri": 3.3199999332428}}, {"type": "Feature", "geometry": {"type": "LineString", "coordinates": [[-89.5337572, 14.966889], [-89.5339718, 14.9668942]]}, "properties": {"osmid": "326239827", "oneway": "True", "lanes": "2", "ref": NaN, "name": NaN, "highway": "tertiary", "maxspeed": NaN, "length": 23.06, "bridge": NaN, "tunnel": NaN, "access": NaN, "junction": NaN, "width": NaN, "est_width": NaN, "iri": 3.3199999332428}}, {"type": "Feature", "geometry": {"type": "LineString", "coordinates": [[-89.5339718, 14.9668942], [-89.534112, 14.9668671]]}, "properties": {"osmid": "326239827", "oneway": "True", "lanes": "2", "ref": NaN, "name": NaN, "highway": "tertiary", "maxspeed": NaN, "length": 15.359, "bridge": NaN, "tunnel": NaN, "access": NaN, "junction": NaN, "width": NaN, "est_width": NaN, "iri": 3.3199999332428}}, {"type": "Feature", "geometry": {"type": "LineString", "coordinates": [[-89.534112, 14.9668671], [-89.5341595, 14.9668579]]}, "properties": {"osmid": "326239827", "oneway": "True", "lanes": "2", "ref": NaN, "name": NaN, "highway": "tertiary", "maxspeed": NaN, "length": 5.204, "bridge": NaN, "tunnel": NaN, "access": NaN, "junction": NaN, "width": NaN, "est_width": NaN, "iri": 3.3199999332428}}, {"type": "Feature", "geometry": {"type": "LineString", "coordinates": [[-89.5341595, 14.9668579], [-89.5343628, 14.9668053]]}, "properties": {"osmid": "326239827", "oneway": "True", "lanes": "2", "ref": NaN, "name": NaN, "highway": "tertiary", "maxspeed": NaN, "length": 22.609, "bridge": NaN, "tunnel": NaN, "access": NaN, "junction": NaN, "width": NaN, "est_width": NaN, "iri": 3.3199999332428}}, {"type": "Feature", "geometry": {"type": "LineString", "coordinates": [[-89.5343628, 14.9668053], [-89.5344599, 14.9667802]]}, "properties": {"osmid": "326239827", "oneway": "True", "lanes": "2", "ref": NaN, "name": NaN, "highway": "tertiary", "maxspeed": NaN, "length": 10.798, "bridge": NaN, "tunnel": NaN, "access": NaN, "junction": NaN, "width": NaN, "est_width": NaN, "iri": 3.3199999332428}}, {"type": "Feature", "geometry": {"type": "LineString", "coordinates": [[-89.5344599, 14.9667802], [-89.5348338, 14.9666897]]}, "properties": {"osmid": "326239827", "oneway": "True", "lanes": "2", "ref": NaN, "name": NaN, "highway": "tertiary", "maxspeed": NaN, "length": 41.407, "bridge": NaN, "tunnel": NaN, "access": NaN, "junction": NaN, "width": NaN, "est_width": NaN, "iri": 3.3199999332428}}, {"type": "Feature", "geometry": {"type": "LineString", "coordinates": [[-89.5348338, 14.9666897], [-89.535027, 14.9666149]]}, "properties": {"osmid": "326239827", "oneway": "True", "lanes": "2", "ref": NaN, "name": NaN, "highway": "tertiary", "maxspeed": NaN, "length": 22.359, "bridge": NaN, "tunnel": NaN, "access": NaN, "junction": NaN, "width": NaN, "est_width": NaN, "iri": 3.3199999332428}}, {"type": "Feature", "geometry": {"type": "LineString", "coordinates": [[-89.535027, 14.9666149], [-89.5352753, 14.9664226]]}, "properties": {"osmid": "326239827", "oneway": "True", "lanes": "2", "ref": NaN, "name": NaN, "highway": "tertiary", "maxspeed": NaN, "length": 34.186, "bridge": NaN, "tunnel": NaN, "access": NaN, "junction": NaN, "width": NaN, "est_width": NaN, "iri": 3.3199999332428}}, {"type": "Feature", "geometry": {"type": "LineString", "coordinates": [[-89.5352753, 14.9664226], [-89.5356884, 14.9660909]]}, "properties": {"osmid": "326239827", "oneway": "True", "lanes": "2", "ref": NaN, "name": NaN, "highway": "tertiary", "maxspeed": NaN, "length": 57.703, "bridge": NaN, "tunnel": NaN, "access": NaN, "junction": NaN, "width": NaN, "est_width": NaN, "iri": 3.3199999332428}}, {"type": "Feature", "geometry": {"type": "LineString", "coordinates": [[-89.5356884, 14.9660909], [-89.5364662, 14.9655364]]}, "properties": {"osmid": "326239827", "oneway": "True", "lanes": "2", "ref": NaN, "name": NaN, "highway": "tertiary", "maxspeed": NaN, "length": 103.841, "bridge": NaN, "tunnel": NaN, "access": NaN, "junction": NaN, "width": NaN, "est_width": NaN, "iri": 3.3199999332428}}, {"type": "Feature", "geometry": {"type": "LineString", "coordinates": [[-89.5364662, 14.9655364], [-89.5366915, 14.9653159]]}, "properties": {"osmid": "326239827", "oneway": "True", "lanes": "2", "ref": NaN, "name": NaN, "highway": "tertiary", "maxspeed": NaN, "length": 34.452, "bridge": NaN, "tunnel": NaN, "access": NaN, "junction": NaN, "width": NaN, "est_width": NaN, "iri": 3.3199999332428}}, {"type": "Feature", "geometry": {"type": "LineString", "coordinates": [[-89.5366915, 14.9653159], [-89.5370198, 14.9650304]]}, "properties": {"osmid": "326239827", "oneway": "True", "lanes": "2", "ref": NaN, "name": NaN, "highway": "tertiary", "maxspeed": NaN, "length": 47.451, "bridge": NaN, "tunnel": NaN, "access": NaN, "junction": NaN, "width": NaN, "est_width": NaN, "iri": 3.3199999332428}}, {"type": "Feature", "geometry": {"type": "LineString", "coordinates": [[-89.5370198, 14.9650304], [-89.5375036, 14.9646711]]}, "properties": {"osmid": "326239827", "oneway": "True", "lanes": "2", "ref": NaN, "name": NaN, "highway": "tertiary", "maxspeed": NaN, "length": 65.553, "bridge": NaN, "tunnel": NaN, "access": NaN, "junction": NaN, "width": NaN, "est_width": NaN, "iri": 3.3199999332428}}, {"type": "Feature", "geometry": {"type": "LineString", "coordinates": [[-89.5375036, 14.9646711], [-89.5376931, 14.9646012]]}, "properties": {"osmid": "326239827", "oneway": "True", "lanes": "2", "ref": NaN, "name": NaN, "highway": "tertiary", "maxspeed": NaN, "length": 21.79, "bridge": NaN, "tunnel": NaN, "access": NaN, "junction": NaN, "width": NaN, "est_width": NaN, "iri": 3.3199999332428}}, {"type": "Feature", "geometry": {"type": "LineString", "coordinates": [[-89.5376931, 14.9646012], [-89.5380037, 14.9645061]]}, "properties": {"osmid": "326239827", "oneway": "True", "lanes": "2", "ref": NaN, "name": NaN, "highway": "tertiary", "maxspeed": NaN, "length": 35.002, "bridge": NaN, "tunnel": NaN, "access": NaN, "junction": NaN, "width": NaN, "est_width": NaN, "iri": 3.3199999332428}}, {"type": "Feature", "geometry": {"type": "LineString", "coordinates": [[-89.5380037, 14.9645061], [-89.5383757, 14.9644708]]}, "properties": {"osmid": "326239827", "oneway": "True", "lanes": "2", "ref": NaN, "name": NaN, "highway": "tertiary", "maxspeed": NaN, "length": 40.154, "bridge": NaN, "tunnel": NaN, "access": NaN, "junction": NaN, "width": NaN, "est_width": NaN, "iri": 3.3199999332428}}, {"type": "Feature", "geometry": {"type": "LineString", "coordinates": [[-89.5383757, 14.9644708], [-89.5386763, 14.9644377]]}, "properties": {"osmid": "326239827", "oneway": "True", "lanes": "2", "ref": NaN, "name": NaN, "highway": "tertiary", "maxspeed": NaN, "length": 32.501, "bridge": NaN, "tunnel": NaN, "access": NaN, "junction": NaN, "width": NaN, "est_width": NaN, "iri": 3.3199999332428}}, {"type": "Feature", "geometry": {"type": "LineString", "coordinates": [[-89.5386763, 14.9644377], [-89.5391377, 14.9643703]]}, "properties": {"osmid": "326239827", "oneway": "True", "lanes": "2", "ref": NaN, "name": NaN, "highway": "tertiary", "maxspeed": NaN, "length": 50.129, "bridge": NaN, "tunnel": NaN, "access": NaN, "junction": NaN, "width": NaN, "est_width": NaN, "iri": 3.3199999332428}}, {"type": "Feature", "geometry": {"type": "LineString", "coordinates": [[-89.5391377, 14.9643703], [-89.5395668, 14.9642874]]}, "properties": {"osmid": "326239827", "oneway": "True", "lanes": "2", "ref": NaN, "name": NaN, "highway": "tertiary", "maxspeed": NaN, "length": 47.008, "bridge": NaN, "tunnel": NaN, "access": NaN, "junction": NaN, "width": NaN, "est_width": NaN, "iri": 3.3199999332428}}, {"type": "Feature", "geometry": {"type": "LineString", "coordinates": [[-89.5395668, 14.9642874], [-89.5413478, 14.9639557]]}, "properties": {"osmid": "326239827", "oneway": "True", "lanes": "2", "ref": NaN, "name": NaN, "highway": "tertiary", "maxspeed": NaN, "length": 194.845, "bridge": NaN, "tunnel": NaN, "access": NaN, "junction": NaN, "width": NaN, "est_width": NaN, "iri": 3.3199999332428}}, {"type": "Feature", "geometry": {"type": "LineString", "coordinates": [[-89.5413478, 14.9639557], [-89.54144, 14.963937]]}, "properties": {"osmid": "326239827", "oneway": "True", "lanes": "2", "ref": NaN, "name": NaN, "highway": "tertiary", "maxspeed": NaN, "length": 10.12, "bridge": NaN, "tunnel": NaN, "access": NaN, "junction": NaN, "width": NaN, "est_width": NaN, "iri": 3.3199999332428}}, {"type": "Feature", "geometry": {"type": "LineString", "coordinates": [[-89.54144, 14.963937], [-89.5417759, 14.9638691]]}, "properties": {"osmid": "326239827", "oneway": "True", "lanes": "2", "ref": NaN, "name": NaN, "highway": "tertiary", "maxspeed": NaN, "length": 36.865, "bridge": NaN, "tunnel": NaN, "access": NaN, "junction": NaN, "width": NaN, "est_width": NaN, "iri": 3.3199999332428}}, {"type": "Feature", "geometry": {"type": "LineString", "coordinates": [[-89.5417759, 14.9638691], [-89.5418376, 14.9638558]]}, "properties": {"osmid": "875353112", "oneway": "True", "lanes": "2", "ref": NaN, "name": NaN, "highway": "tertiary", "maxspeed": NaN, "length": 6.791, "bridge": NaN, "tunnel": NaN, "access": NaN, "junction": NaN, "width": NaN, "est_width": NaN, "iri": 3.3199999332428}}, {"type": "Feature", "geometry": {"type": "LineString", "coordinates": [[-89.5418376, 14.9638558], [-89.5418752, 14.963849]]}, "properties": {"osmid": "326284062", "oneway": "True", "lanes": NaN, "ref": NaN, "name": NaN, "highway": "tertiary", "maxspeed": NaN, "length": 4.109, "bridge": NaN, "tunnel": NaN, "access": NaN, "junction": "roundabout", "width": NaN, "est_width": NaN, "iri": 3.3199999332428}}, {"type": "Feature", "geometry": {"type": "LineString", "coordinates": [[-89.5418752, 14.963849], [-89.5419092, 14.963832]]}, "properties": {"osmid": "326284062", "oneway": "True", "lanes": NaN, "ref": NaN, "name": NaN, "highway": "tertiary", "maxspeed": NaN, "length": 4.113, "bridge": NaN, "tunnel": NaN, "access": NaN, "junction": "roundabout", "width": NaN, "est_width": NaN, "iri": 3.3199999332428}}, {"type": "Feature", "geometry": {"type": "LineString", "coordinates": [[-89.5419092, 14.963832], [-89.5419412, 14.9638]]}, "properties": {"osmid": "326284062", "oneway": "True", "lanes": NaN, "ref": NaN, "name": NaN, "highway": "tertiary", "maxspeed": NaN, "length": 4.948, "bridge": NaN, "tunnel": NaN, "access": NaN, "junction": "roundabout", "width": NaN, "est_width": NaN, "iri": 3.3199999332428}}, {"type": "Feature", "geometry": {"type": "LineString", "coordinates": [[-89.5419412, 14.9638], [-89.5419598, 14.9637592]]}, "properties": {"osmid": "326284062", "oneway": "True", "lanes": NaN, "ref": NaN, "name": NaN, "highway": "tertiary", "maxspeed": NaN, "length": 4.957, "bridge": NaN, "tunnel": NaN, "access": NaN, "junction": "roundabout", "width": NaN, "est_width": NaN, "iri": 3.3199999332428}}, {"type": "Feature", "geometry": {"type": "LineString", "coordinates": [[-89.5419598, 14.9637592], [-89.5419625, 14.9637147]]}, "properties": {"osmid": "326284062", "oneway": "True", "lanes": NaN, "ref": NaN, "name": NaN, "highway": "tertiary", "maxspeed": NaN, "length": 4.957, "bridge": NaN, "tunnel": NaN, "access": NaN, "junction": "roundabout", "width": NaN, "est_width": NaN, "iri": 3.3199999332428}}, {"type": "Feature", "geometry": {"type": "LineString", "coordinates": [[-89.5419625, 14.9637147], [-89.5419491, 14.9636721]]}, "properties": {"osmid": "326284062", "oneway": "True", "lanes": NaN, "ref": NaN, "name": NaN, "highway": "tertiary", "maxspeed": NaN, "length": 4.951, "bridge": NaN, "tunnel": NaN, "access": NaN, "junction": "roundabout", "width": NaN, "est_width": NaN, "iri": 3.3199999332428}}, {"type": "Feature", "geometry": {"type": "LineString", "coordinates": [[-89.5419491, 14.9636721], [-89.5419609, 14.9636333]]}, "properties": {"osmid": "326284060", "oneway": "True", "lanes": "2", "ref": NaN, "name": NaN, "highway": "tertiary", "maxspeed": NaN, "length": 4.497, "bridge": NaN, "tunnel": NaN, "access": NaN, "junction": NaN, "width": NaN, "est_width": NaN, "iri": 3.3199999332428}}, {"type": "Feature", "geometry": {"type": "LineString", "coordinates": [[-89.5419609, 14.9636333], [-89.5419828, 14.963595]]}, "properties": {"osmid": "326284060", "oneway": "True", "lanes": "2", "ref": NaN, "name": NaN, "highway": "tertiary", "maxspeed": NaN, "length": 4.865, "bridge": NaN, "tunnel": NaN, "access": NaN, "junction": NaN, "width": NaN, "est_width": NaN, "iri": 3.3199999332428}}, {"type": "Feature", "geometry": {"type": "LineString", "coordinates": [[-89.5419828, 14.963595], [-89.5420104, 14.9635603]]}, "properties": {"osmid": "326284060", "oneway": "True", "lanes": "2", "ref": NaN, "name": NaN, "highway": "tertiary", "maxspeed": NaN, "length": 4.866, "bridge": NaN, "tunnel": NaN, "access": NaN, "junction": NaN, "width": NaN, "est_width": NaN, "iri": 3.3199999332428}}, {"type": "Feature", "geometry": {"type": "LineString", "coordinates": [[-89.5420104, 14.9635603], [-89.5420428, 14.9635298]]}, "properties": {"osmid": "326284060", "oneway": "True", "lanes": "2", "ref": NaN, "name": NaN, "highway": "tertiary", "maxspeed": NaN, "length": 4.86, "bridge": NaN, "tunnel": NaN, "access": NaN, "junction": NaN, "width": NaN, "est_width": NaN, "iri": 3.3199999332428}}, {"type": "Feature", "geometry": {"type": "LineString", "coordinates": [[-89.5420428, 14.9635298], [-89.5422264, 14.9634312]]}, "properties": {"osmid": "326284060", "oneway": "True", "lanes": "2", "ref": NaN, "name": NaN, "highway": "tertiary", "maxspeed": NaN, "length": 22.566, "bridge": NaN, "tunnel": NaN, "access": NaN, "junction": NaN, "width": NaN, "est_width": NaN, "iri": 3.3199999332428}}, {"type": "Feature", "geometry": {"type": "LineString", "coordinates": [[-89.5422264, 14.9634312], [-89.542655, 14.9632246]]}, "properties": {"osmid": "326284060", "oneway": "True", "lanes": "2", "ref": NaN, "name": NaN, "highway": "tertiary", "maxspeed": NaN, "length": 51.455, "bridge": NaN, "tunnel": NaN, "access": NaN, "junction": NaN, "width": NaN, "est_width": NaN, "iri": 3.3199999332428}}, {"type": "Feature", "geometry": {"type": "LineString", "coordinates": [[-89.542655, 14.9632246], [-89.5430053, 14.9630617]]}, "properties": {"osmid": "326284060", "oneway": "True", "lanes": "2", "ref": NaN, "name": NaN, "highway": "tertiary", "maxspeed": NaN, "length": 41.763, "bridge": NaN, "tunnel": NaN, "access": NaN, "junction": NaN, "width": NaN, "est_width": NaN, "iri": 3.3199999332428}}, {"type": "Feature", "geometry": {"type": "LineString", "coordinates": [[-89.5430053, 14.9630617], [-89.5432896, 14.9628907]]}, "properties": {"osmid": "326284060", "oneway": "True", "lanes": "2", "ref": NaN, "name": NaN, "highway": "tertiary", "maxspeed": NaN, "length": 35.976, "bridge": NaN, "tunnel": NaN, "access": NaN, "junction": NaN, "width": NaN, "est_width": NaN, "iri": 3.3199999332428}}, {"type": "Feature", "geometry": {"type": "LineString", "coordinates": [[-89.5432896, 14.9628907], [-89.5434264, 14.9627923]]}, "properties": {"osmid": "326284060", "oneway": "True", "lanes": "2", "ref": NaN, "name": NaN, "highway": "tertiary", "maxspeed": NaN, "length": 18.322, "bridge": NaN, "tunnel": NaN, "access": NaN, "junction": NaN, "width": NaN, "est_width": NaN, "iri": 3.3199999332428}}, {"type": "Feature", "geometry": {"type": "LineString", "coordinates": [[-89.5434264, 14.9627923], [-89.5438038, 14.9624951]]}, "properties": {"osmid": "326284060", "oneway": "True", "lanes": "2", "ref": NaN, "name": NaN, "highway": "tertiary", "maxspeed": NaN, "length": 52.305, "bridge": NaN, "tunnel": NaN, "access": NaN, "junction": NaN, "width": NaN, "est_width": NaN, "iri": 3.3199999332428}}, {"type": "Feature", "geometry": {"type": "LineString", "coordinates": [[-89.5438038, 14.9624951], [-89.5447879, 14.9617454]]}, "properties": {"osmid": "485229172", "oneway": "True", "lanes": "2", "ref": NaN, "name": NaN, "highway": "tertiary", "maxspeed": NaN, "length": 134.631, "bridge": "yes", "tunnel": NaN, "access": NaN, "junction": NaN, "width": NaN, "est_width": NaN, "iri": 3.3199999332428}}, {"type": "Feature", "geometry": {"type": "LineString", "coordinates": [[-89.5447879, 14.9617454], [-89.5453978, 14.9613152]]}, "properties": {"osmid": "485229170", "oneway": "True", "lanes": "2", "ref": NaN, "name": NaN, "highway": "tertiary", "maxspeed": NaN, "length": 81.123, "bridge": NaN, "tunnel": NaN, "access": NaN, "junction": NaN, "width": NaN, "est_width": NaN, "iri": 3.3199999332428}}, {"type": "Feature", "geometry": {"type": "LineString", "coordinates": [[-89.5453978, 14.9613152], [-89.54565, 14.9611442]]}, "properties": {"osmid": "485229170", "oneway": "True", "lanes": "2", "ref": NaN, "name": NaN, "highway": "tertiary", "maxspeed": NaN, "length": 33.099, "bridge": NaN, "tunnel": NaN, "access": NaN, "junction": NaN, "width": NaN, "est_width": NaN, "iri": 3.3199999332428}}, {"type": "Feature", "geometry": {"type": "LineString", "coordinates": [[-89.54565, 14.9611442], [-89.5458082, 14.9610613]]}, "properties": {"osmid": "485229170", "oneway": "True", "lanes": "2", "ref": NaN, "name": NaN, "highway": "tertiary", "maxspeed": NaN, "length": 19.334, "bridge": NaN, "tunnel": NaN, "access": NaN, "junction": NaN, "width": NaN, "est_width": NaN, "iri": 3.3199999332428}}, {"type": "Feature", "geometry": {"type": "LineString", "coordinates": [[-89.5458082, 14.9610613], [-89.5459665, 14.9609732]]}, "properties": {"osmid": "485229170", "oneway": "True", "lanes": "2", "ref": NaN, "name": NaN, "highway": "tertiary", "maxspeed": NaN, "length": 19.625, "bridge": NaN, "tunnel": NaN, "access": NaN, "junction": NaN, "width": NaN, "est_width": NaN, "iri": 3.3199999332428}}, {"type": "Feature", "geometry": {"type": "LineString", "coordinates": [[-89.5459665, 14.9609732], [-89.5462052, 14.9608462]]}, "properties": {"osmid": "485229170", "oneway": "True", "lanes": "2", "ref": NaN, "name": NaN, "highway": "tertiary", "maxspeed": NaN, "length": 29.274, "bridge": NaN, "tunnel": NaN, "access": NaN, "junction": NaN, "width": NaN, "est_width": NaN, "iri": 3.3199999332428}}, {"type": "Feature", "geometry": {"type": "LineString", "coordinates": [[-89.5462052, 14.9608462], [-89.5464798, 14.9607067]]}, "properties": {"osmid": "485229170", "oneway": "True", "lanes": "2", "ref": NaN, "name": NaN, "highway": "tertiary", "maxspeed": NaN, "length": 33.329, "bridge": NaN, "tunnel": NaN, "access": NaN, "junction": NaN, "width": NaN, "est_width": NaN, "iri": 3.3199999332428}}, {"type": "Feature", "geometry": {"type": "LineString", "coordinates": [[-89.5464798, 14.9607067], [-89.5465498, 14.9606732]]}, "properties": {"osmid": "485229170", "oneway": "True", "lanes": "2", "ref": NaN, "name": NaN, "highway": "tertiary", "maxspeed": NaN, "length": 8.392, "bridge": NaN, "tunnel": NaN, "access": NaN, "junction": NaN, "width": NaN, "est_width": NaN, "iri": 3.3199999332428}}, {"type": "Feature", "geometry": {"type": "LineString", "coordinates": [[-89.5465498, 14.9606732], [-89.546604, 14.9606468]]}, "properties": {"osmid": "485229170", "oneway": "True", "lanes": "2", "ref": NaN, "name": NaN, "highway": "tertiary", "maxspeed": NaN, "length": 6.521, "bridge": NaN, "tunnel": NaN, "access": NaN, "junction": NaN, "width": NaN, "est_width": NaN, "iri": 3.3199999332428}}, {"type": "Feature", "geometry": {"type": "LineString", "coordinates": [[-89.546604, 14.9606468], [-89.5466793, 14.9606271]]}, "properties": {"osmid": "326820243", "oneway": "True", "lanes": NaN, "ref": NaN, "name": NaN, "highway": "tertiary", "maxspeed": NaN, "length": 8.381, "bridge": NaN, "tunnel": NaN, "access": NaN, "junction": NaN, "width": NaN, "est_width": NaN, "iri": 3.3199999332428}}, {"type": "Feature", "geometry": {"type": "LineString", "coordinates": [[-89.5466793, 14.9606271], [-89.546757, 14.9606209]]}, "properties": {"osmid": "326820243", "oneway": "True", "lanes": NaN, "ref": NaN, "name": NaN, "highway": "tertiary", "maxspeed": NaN, "length": 8.375, "bridge": NaN, "tunnel": NaN, "access": NaN, "junction": NaN, "width": NaN, "est_width": NaN, "iri": 3.3199999332428}}, {"type": "Feature", "geometry": {"type": "LineString", "coordinates": [[-89.546757, 14.9606209], [-89.5468347, 14.9606286]]}, "properties": {"osmid": "326820243", "oneway": "True", "lanes": NaN, "ref": NaN, "name": NaN, "highway": "tertiary", "maxspeed": NaN, "length": 8.391, "bridge": NaN, "tunnel": NaN, "access": NaN, "junction": NaN, "width": NaN, "est_width": NaN, "iri": 3.3199999332428}}, {"type": "Feature", "geometry": {"type": "LineString", "coordinates": [[-89.5468347, 14.9606286], [-89.5469095, 14.9606498]]}, "properties": {"osmid": "326820243", "oneway": "True", "lanes": NaN, "ref": NaN, "name": NaN, "highway": "tertiary", "maxspeed": NaN, "length": 8.374, "bridge": NaN, "tunnel": NaN, "access": NaN, "junction": NaN, "width": NaN, "est_width": NaN, "iri": 3.3199999332428}}, {"type": "Feature", "geometry": {"type": "LineString", "coordinates": [[-89.5469095, 14.9606498], [-89.5469791, 14.9606839]]}, "properties": {"osmid": "326820243", "oneway": "True", "lanes": NaN, "ref": NaN, "name": NaN, "highway": "tertiary", "maxspeed": NaN, "length": 8.383, "bridge": NaN, "tunnel": NaN, "access": NaN, "junction": NaN, "width": NaN, "est_width": NaN, "iri": 3.3199999332428}}, {"type": "Feature", "geometry": {"type": "LineString", "coordinates": [[-89.5469791, 14.9606839], [-89.5470411, 14.9607297]]}, "properties": {"osmid": "326820243", "oneway": "True", "lanes": NaN, "ref": NaN, "name": NaN, "highway": "tertiary", "maxspeed": NaN, "length": 8.384, "bridge": NaN, "tunnel": NaN, "access": NaN, "junction": NaN, "width": NaN, "est_width": NaN, "iri": 3.3199999332428}}, {"type": "Feature", "geometry": {"type": "LineString", "coordinates": [[-89.5470411, 14.9607297], [-89.5472654, 14.9611039]]}, "properties": {"osmid": "868871866", "oneway": "False", "lanes": "3", "ref": "CA-10", "name": "CA-10", "highway": "trunk", "maxspeed": NaN, "length": 48.082, "bridge": NaN, "tunnel": NaN, "access": NaN, "junction": NaN, "width": NaN, "est_width": NaN, "iri": 3.3199999332428}}, {"type": "Feature", "geometry": {"type": "LineString", "coordinates": [[-89.5472654, 14.9611039], [-89.547381, 14.9612968]]}, "properties": {"osmid": "868871867", "oneway": "False", "lanes": "2", "ref": "CA-10", "name": "CA-10", "highway": "trunk", "maxspeed": NaN, "length": 24.785, "bridge": NaN, "tunnel": NaN, "access": NaN, "junction": NaN, "width": NaN, "est_width": NaN, "iri": 3.3199999332428}}, {"type": "Feature", "geometry": {"type": "LineString", "coordinates": [[-89.547381, 14.9612968], [-89.5475687, 14.9616541]]}, "properties": {"osmid": "389631589", "oneway": "False", "lanes": "2", "ref": "CA-10", "name": "CA-10", "highway": "trunk", "maxspeed": NaN, "length": 44.554, "bridge": NaN, "tunnel": NaN, "access": NaN, "junction": NaN, "width": NaN, "est_width": NaN, "iri": 3.3199999332428}}, {"type": "Feature", "geometry": {"type": "LineString", "coordinates": [[-89.5475687, 14.9616541], [-89.5476452, 14.9617862]]}, "properties": {"osmid": "389631589", "oneway": "False", "lanes": "2", "ref": "CA-10", "name": "CA-10", "highway": "trunk", "maxspeed": NaN, "length": 16.831, "bridge": NaN, "tunnel": NaN, "access": NaN, "junction": NaN, "width": NaN, "est_width": NaN, "iri": 3.3199999332428}}, {"type": "Feature", "geometry": {"type": "LineString", "coordinates": [[-89.5476452, 14.9617862], [-89.5477667, 14.9619934]]}, "properties": {"osmid": "389631589", "oneway": "False", "lanes": "2", "ref": "CA-10", "name": "CA-10", "highway": "trunk", "maxspeed": NaN, "length": 26.48, "bridge": NaN, "tunnel": NaN, "access": NaN, "junction": NaN, "width": NaN, "est_width": NaN, "iri": 3.3199999332428}}, {"type": "Feature", "geometry": {"type": "LineString", "coordinates": [[-89.5477667, 14.9619934], [-89.5479871, 14.9623693]]}, "properties": {"osmid": "389631589", "oneway": "False", "lanes": "2", "ref": "CA-10", "name": "CA-10", "highway": "trunk", "maxspeed": NaN, "length": 48.038, "bridge": NaN, "tunnel": NaN, "access": NaN, "junction": NaN, "width": NaN, "est_width": NaN, "iri": 3.3199999332428}}, {"type": "Feature", "geometry": {"type": "LineString", "coordinates": [[-89.5479871, 14.9623693], [-89.5482017, 14.962732]]}, "properties": {"osmid": "389631589", "oneway": "False", "lanes": "2", "ref": "CA-10", "name": "CA-10", "highway": "trunk", "maxspeed": NaN, "length": 46.454, "bridge": NaN, "tunnel": NaN, "access": NaN, "junction": NaN, "width": NaN, "est_width": NaN, "iri": 3.3199999332428}}, {"type": "Feature", "geometry": {"type": "LineString", "coordinates": [[-89.5482017, 14.962732], [-89.5492179, 14.9644516]]}, "properties": {"osmid": "389631589", "oneway": "False", "lanes": "2", "ref": "CA-10", "name": "CA-10", "highway": "trunk", "maxspeed": NaN, "length": 220.179, "bridge": NaN, "tunnel": NaN, "access": NaN, "junction": NaN, "width": NaN, "est_width": NaN, "iri": 3.3199999332428}}, {"type": "Feature", "geometry": {"type": "LineString", "coordinates": [[-89.5492179, 14.9644516], [-89.5506966, 14.9672775]]}, "properties": {"osmid": "389631589", "oneway": "False", "lanes": "2", "ref": "CA-10", "name": "CA-10", "highway": "trunk", "maxspeed": NaN, "length": 352.094, "bridge": NaN, "tunnel": NaN, "access": NaN, "junction": NaN, "width": NaN, "est_width": NaN, "iri": 3.3199999332428}}, {"type": "Feature", "geometry": {"type": "LineString", "coordinates": [[-89.5506966, 14.9672775], [-89.551571, 14.9687804]]}, "properties": {"osmid": "389631589", "oneway": "False", "lanes": "2", "ref": "CA-10", "name": "CA-10", "highway": "trunk", "maxspeed": NaN, "length": 191.704, "bridge": NaN, "tunnel": NaN, "access": NaN, "junction": NaN, "width": NaN, "est_width": NaN, "iri": 3.3199999332428}}, {"type": "Feature", "geometry": {"type": "LineString", "coordinates": [[-89.551571, 14.9687804], [-89.5535183, 14.9723096]]}, "properties": {"osmid": "389631589", "oneway": "False", "lanes": "2", "ref": "CA-10", "name": "CA-10", "highway": "trunk", "maxspeed": NaN, "length": 444.7, "bridge": NaN, "tunnel": NaN, "access": NaN, "junction": NaN, "width": NaN, "est_width": NaN, "iri": 3.3199999332428}}, {"type": "Feature", "geometry": {"type": "LineString", "coordinates": [[-89.5535183, 14.9723096], [-89.5583262, 14.980861]]}, "properties": {"osmid": "389631589", "oneway": "False", "lanes": "2", "ref": "CA-10", "name": "CA-10", "highway": "trunk", "maxspeed": NaN, "length": 1082.075, "bridge": NaN, "tunnel": NaN, "access": NaN, "junction": NaN, "width": NaN, "est_width": NaN, "iri": 3.3199999332428}}, {"type": "Feature", "geometry": {"type": "LineString", "coordinates": [[-89.5583262, 14.980861], [-89.5602436, 14.9842713]]}, "properties": {"osmid": "389631589", "oneway": "False", "lanes": "2", "ref": "CA-10", "name": "CA-10", "highway": "trunk", "maxspeed": NaN, "length": 431.529, "bridge": NaN, "tunnel": NaN, "access": NaN, "junction": NaN, "width": NaN, "est_width": NaN, "iri": 3.3199999332428}}, {"type": "Feature", "geometry": {"type": "LineString", "coordinates": [[-89.5602436, 14.9842713], [-89.5624298, 14.9882941]]}, "properties": {"osmid": "389631589", "oneway": "False", "lanes": "2", "ref": "CA-10", "name": "CA-10", "highway": "trunk", "maxspeed": NaN, "length": 505.208, "bridge": NaN, "tunnel": NaN, "access": NaN, "junction": NaN, "width": NaN, "est_width": NaN, "iri": 3.3199999332428}}, {"type": "Feature", "geometry": {"type": "LineString", "coordinates": [[-89.5624298, 14.9882941], [-89.5644146, 14.991824]]}, "properties": {"osmid": "389631589", "oneway": "False", "lanes": "2", "ref": "CA-10", "name": "CA-10", "highway": "trunk", "maxspeed": NaN, "length": 446.668, "bridge": NaN, "tunnel": NaN, "access": NaN, "junction": NaN, "width": NaN, "est_width": NaN, "iri": 3.3199999332428}}, {"type": "Feature", "geometry": {"type": "LineString", "coordinates": [[-89.5644146, 14.991824], [-89.5645948, 14.9921446]]}, "properties": {"osmid": "389631589", "oneway": "False", "lanes": "2", "ref": "CA-10", "name": "CA-10", "highway": "trunk", "maxspeed": NaN, "length": 40.565, "bridge": NaN, "tunnel": NaN, "access": NaN, "junction": NaN, "width": NaN, "est_width": NaN, "iri": 3.3199999332428}}, {"type": "Feature", "geometry": {"type": "LineString", "coordinates": [[-89.5645948, 14.9921446], [-89.5646238, 14.992196]]}, "properties": {"osmid": "389631589", "oneway": "False", "lanes": "2", "ref": "CA-10", "name": "CA-10", "highway": "trunk", "maxspeed": NaN, "length": 6.509, "bridge": NaN, "tunnel": NaN, "access": NaN, "junction": NaN, "width": NaN, "est_width": NaN, "iri": 3.3199999332428}}, {"type": "Feature", "geometry": {"type": "LineString", "coordinates": [[-89.5646238, 14.992196], [-89.5663768, 14.9953515]]}, "properties": {"osmid": "389631589", "oneway": "False", "lanes": "2", "ref": "CA-10", "name": "CA-10", "highway": "trunk", "maxspeed": NaN, "length": 398.204, "bridge": NaN, "tunnel": NaN, "access": NaN, "junction": NaN, "width": NaN, "est_width": NaN, "iri": 3.3199999332428}}, {"type": "Feature", "geometry": {"type": "LineString", "coordinates": [[-89.5663768, 14.9953515], [-89.5665592, 14.9956598]]}, "properties": {"osmid": "389631589", "oneway": "False", "lanes": "2", "ref": "CA-10", "name": "CA-10", "highway": "trunk", "maxspeed": NaN, "length": 39.485, "bridge": NaN, "tunnel": NaN, "access": NaN, "junction": NaN, "width": NaN, "est_width": NaN, "iri": 3.3199999332428}}, {"type": "Feature", "geometry": {"type": "LineString", "coordinates": [[-89.5665592, 14.9956598], [-89.5667149, 14.9959399]]}, "properties": {"osmid": "389631589", "oneway": "False", "lanes": "2", "ref": "CA-10", "name": "CA-10", "highway": "trunk", "maxspeed": NaN, "length": 35.352, "bridge": NaN, "tunnel": NaN, "access": NaN, "junction": NaN, "width": NaN, "est_width": NaN, "iri": 3.3199999332428}}, {"type": "Feature", "geometry": {"type": "LineString", "coordinates": [[-89.5667149, 14.9959399], [-89.567179, 14.9967746]]}, "properties": {"osmid": "389631589", "oneway": "False", "lanes": "2", "ref": "CA-10", "name": "CA-10", "highway": "trunk", "maxspeed": NaN, "length": 105.354, "bridge": NaN, "tunnel": NaN, "access": NaN, "junction": NaN, "width": NaN, "est_width": NaN, "iri": 3.3199999332428}}, {"type": "Feature", "geometry": {"type": "LineString", "coordinates": [[-89.567179, 14.9967746], [-89.5676716, 14.9976604]]}, "properties": {"osmid": "389631589", "oneway": "False", "lanes": "2", "ref": "CA-10", "name": "CA-10", "highway": "trunk", "maxspeed": NaN, "length": 111.808, "bridge": NaN, "tunnel": NaN, "access": NaN, "junction": NaN, "width": NaN, "est_width": NaN, "iri": 3.3199999332428}}, {"type": "Feature", "geometry": {"type": "LineString", "coordinates": [[-89.5676716, 14.9976604], [-89.5677298, 14.9977604]]}, "properties": {"osmid": "389631589", "oneway": "False", "lanes": "2", "ref": "CA-10", "name": "CA-10", "highway": "trunk", "maxspeed": NaN, "length": 12.756, "bridge": NaN, "tunnel": NaN, "access": NaN, "junction": NaN, "width": NaN, "est_width": NaN, "iri": 3.3199999332428}}, {"type": "Feature", "geometry": {"type": "LineString", "coordinates": [[-89.5677298, 14.9977604], [-89.5679688, 14.9982113]]}, "properties": {"osmid": "389631589", "oneway": "False", "lanes": "2", "ref": "CA-10", "name": "CA-10", "highway": "trunk", "maxspeed": NaN, "length": 56.327, "bridge": NaN, "tunnel": NaN, "access": NaN, "junction": NaN, "width": NaN, "est_width": NaN, "iri": 3.3199999332428}}, {"type": "Feature", "geometry": {"type": "LineString", "coordinates": [[-89.5679688, 14.9982113], [-89.5682551, 14.9986892]]}, "properties": {"osmid": "389631589", "oneway": "False", "lanes": "2", "ref": "CA-10", "name": "CA-10", "highway": "trunk", "maxspeed": NaN, "length": 61.396, "bridge": NaN, "tunnel": NaN, "access": NaN, "junction": NaN, "width": NaN, "est_width": NaN, "iri": 3.3199999332428}}, {"type": "Feature", "geometry": {"type": "LineString", "coordinates": [[-89.5682551, 14.9986892], [-89.5683088, 14.998784]]}, "properties": {"osmid": "406504583", "oneway": "False", "lanes": "2", "ref": "CA-10", "name": "CA-10", "highway": "trunk", "maxspeed": NaN, "length": 12.016, "bridge": "yes", "tunnel": NaN, "access": NaN, "junction": NaN, "width": NaN, "est_width": NaN, "iri": 3.3199999332428}}, {"type": "Feature", "geometry": {"type": "LineString", "coordinates": [[-89.5683088, 14.998784], [-89.568545, 14.9992045]]}, "properties": {"osmid": "406504584", "oneway": "False", "lanes": "2", "ref": "CA-10", "name": "CA-10", "highway": "trunk", "maxspeed": NaN, "length": 53.197, "bridge": NaN, "tunnel": NaN, "access": NaN, "junction": NaN, "width": NaN, "est_width": NaN, "iri": 3.3199999332428}}, {"type": "Feature", "geometry": {"type": "LineString", "coordinates": [[-89.568545, 14.9992045], [-89.5690718, 15.0001932]]}, "properties": {"osmid": "406504584", "oneway": "False", "lanes": "2", "ref": "CA-10", "name": "CA-10", "highway": "trunk", "maxspeed": NaN, "length": 123.645, "bridge": NaN, "tunnel": NaN, "access": NaN, "junction": NaN, "width": NaN, "est_width": NaN, "iri": 3.3199999332428}}, {"type": "Feature", "geometry": {"type": "LineString", "coordinates": [[-89.5690718, 15.0001932], [-89.5691339, 15.0002903]]}, "properties": {"osmid": "406504584", "oneway": "False", "lanes": "2", "ref": "CA-10", "name": "CA-10", "highway": "trunk", "maxspeed": NaN, "length": 12.691, "bridge": NaN, "tunnel": NaN, "access": NaN, "junction": NaN, "width": NaN, "est_width": NaN, "iri": 3.3199999332428}}, {"type": "Feature", "geometry": {"type": "LineString", "coordinates": [[-89.5691339, 15.0002903], [-89.569307, 15.0005612]]}, "properties": {"osmid": "406504584", "oneway": "False", "lanes": "2", "ref": "CA-10", "name": "CA-10", "highway": "trunk", "maxspeed": NaN, "length": 35.398, "bridge": NaN, "tunnel": NaN, "access": NaN, "junction": NaN, "width": NaN, "est_width": NaN, "iri": 3.3199999332428}}, {"type": "Feature", "geometry": {"type": "LineString", "coordinates": [[-89.569307, 15.0005612], [-89.5693872, 15.000704]]}, "properties": {"osmid": "406504584", "oneway": "False", "lanes": "2", "ref": "CA-10", "name": "CA-10", "highway": "trunk", "maxspeed": NaN, "length": 18.065, "bridge": NaN, "tunnel": NaN, "access": NaN, "junction": NaN, "width": NaN, "est_width": NaN, "iri": 3.3199999332428}}, {"type": "Feature", "geometry": {"type": "LineString", "coordinates": [[-89.5693872, 15.000704], [-89.570309, 15.0023955]]}, "properties": {"osmid": "406504584", "oneway": "False", "lanes": "2", "ref": "CA-10", "name": "CA-10", "highway": "trunk", "maxspeed": NaN, "length": 212.553, "bridge": NaN, "tunnel": NaN, "access": NaN, "junction": NaN, "width": NaN, "est_width": NaN, "iri": 3.3199999332428}}, {"type": "Feature", "geometry": {"type": "LineString", "coordinates": [[-89.570309, 15.0023955], [-89.571019, 15.0036268]]}, "properties": {"osmid": "406504584", "oneway": "False", "lanes": "2", "ref": "CA-10", "name": "CA-10", "highway": "trunk", "maxspeed": NaN, "length": 156.719, "bridge": NaN, "tunnel": NaN, "access": NaN, "junction": NaN, "width": NaN, "est_width": NaN, "iri": 3.3199999332428}}, {"type": "Feature", "geometry": {"type": "LineString", "coordinates": [[-89.571019, 15.0036268], [-89.5713761, 15.004271]]}, "properties": {"osmid": "406504584", "oneway": "False", "lanes": "2", "ref": "CA-10", "name": "CA-10", "highway": "trunk", "maxspeed": NaN, "length": 81.254, "bridge": NaN, "tunnel": NaN, "access": NaN, "junction": NaN, "width": NaN, "est_width": NaN, "iri": 3.3199999332428}}, {"type": "Feature", "geometry": {"type": "LineString", "coordinates": [[-89.5713761, 15.004271], [-89.5718257, 15.005082]]}, "properties": {"osmid": "406504584", "oneway": "False", "lanes": "2", "ref": "CA-10", "name": "CA-10", "highway": "trunk", "maxspeed": NaN, "length": 102.294, "bridge": NaN, "tunnel": NaN, "access": NaN, "junction": NaN, "width": NaN, "est_width": NaN, "iri": 3.3199999332428}}, {"type": "Feature", "geometry": {"type": "LineString", "coordinates": [[-89.5718257, 15.005082], [-89.5731882, 15.0075401]]}, "properties": {"osmid": "406504584", "oneway": "False", "lanes": "2", "ref": "CA-10", "name": "CA-10", "highway": "trunk", "maxspeed": NaN, "length": 310.037, "bridge": NaN, "tunnel": NaN, "access": NaN, "junction": NaN, "width": NaN, "est_width": NaN, "iri": 3.3199999332428}}, {"type": "Feature", "geometry": {"type": "LineString", "coordinates": [[-89.5731882, 15.0075401], [-89.5733818, 15.007888]]}, "properties": {"osmid": "389631588", "oneway": "False", "lanes": "2", "ref": "CA-10", "name": "CA-10", "highway": "trunk", "maxspeed": NaN, "length": 43.919, "bridge": "yes", "tunnel": NaN, "access": NaN, "junction": NaN, "width": NaN, "est_width": NaN, "iri": 3.3199999332428}}, {"type": "Feature", "geometry": {"type": "LineString", "coordinates": [[-89.5733818, 15.007888], [-89.5754065, 15.0115018]]}, "properties": {"osmid": "389631585", "oneway": "False", "lanes": "2", "ref": "CA-10", "name": "CA-10", "highway": "trunk", "maxspeed": NaN, "length": 456.902, "bridge": NaN, "tunnel": NaN, "access": NaN, "junction": NaN, "width": NaN, "est_width": NaN, "iri": 3.3199999332428}}, {"type": "Feature", "geometry": {"type": "LineString", "coordinates": [[-89.5754065, 15.0115018], [-89.5773058, 15.0149072]]}, "properties": {"osmid": "389631585", "oneway": "False", "lanes": "2", "ref": "CA-10", "name": "CA-10", "highway": "trunk", "maxspeed": NaN, "length": 430.111, "bridge": NaN, "tunnel": NaN, "access": NaN, "junction": NaN, "width": NaN, "est_width": NaN, "iri": 3.3199999332428}}, {"type": "Feature", "geometry": {"type": "LineString", "coordinates": [[-89.5773058, 15.0149072], [-89.5784786, 15.0169469]]}, "properties": {"osmid": "389631585", "oneway": "False", "lanes": "2", "ref": "CA-10", "name": "CA-10", "highway": "trunk", "maxspeed": NaN, "length": 259.433, "bridge": NaN, "tunnel": NaN, "access": NaN, "junction": NaN, "width": NaN, "est_width": NaN, "iri": 3.3199999332428}}, {"type": "Feature", "geometry": {"type": "LineString", "coordinates": [[-89.5784786, 15.0169469], [-89.5827779, 15.0246938]]}, "properties": {"osmid": "389631585", "oneway": "False", "lanes": "2", "ref": "CA-10", "name": "CA-10", "highway": "trunk", "maxspeed": NaN, "length": 977.359, "bridge": NaN, "tunnel": NaN, "access": NaN, "junction": NaN, "width": NaN, "est_width": NaN, "iri": 3.3199999332428}}, {"type": "Feature", "geometry": {"type": "LineString", "coordinates": [[-89.5827779, 15.0246938], [-89.5832103, 15.0254729]]}, "properties": {"osmid": "389631585", "oneway": "False", "lanes": "2", "ref": "CA-10", "name": "CA-10", "highway": "trunk", "maxspeed": NaN, "length": 98.293, "bridge": NaN, "tunnel": NaN, "access": NaN, "junction": NaN, "width": NaN, "est_width": NaN, "iri": 3.3199999332428}}, {"type": "Feature", "geometry": {"type": "LineString", "coordinates": [[-89.5832103, 15.0254729], [-89.5851461, 15.0289491]]}, "properties": {"osmid": "389631585", "oneway": "False", "lanes": "2", "ref": "CA-10", "name": "CA-10", "highway": "trunk", "maxspeed": NaN, "length": 438.895, "bridge": NaN, "tunnel": NaN, "access": NaN, "junction": NaN, "width": NaN, "est_width": NaN, "iri": 3.3199999332428}}, {"type": "Feature", "geometry": {"type": "LineString", "coordinates": [[-89.5851461, 15.0289491], [-89.5860172, 15.0305275]]}, "properties": {"osmid": "389631585", "oneway": "False", "lanes": "2", "ref": "CA-10", "name": "CA-10", "highway": "trunk", "maxspeed": NaN, "length": 198.885, "bridge": NaN, "tunnel": NaN, "access": NaN, "junction": NaN, "width": NaN, "est_width": NaN, "iri": 3.3199999332428}}, {"type": "Feature", "geometry": {"type": "LineString", "coordinates": [[-89.5860172, 15.0305275], [-89.5863822, 15.031545]]}, "properties": {"osmid": "389631585", "oneway": "False", "lanes": "2", "ref": "CA-10", "name": "CA-10", "highway": "trunk", "maxspeed": NaN, "length": 119.739, "bridge": NaN, "tunnel": NaN, "access": NaN, "junction": NaN, "width": NaN, "est_width": NaN, "iri": 3.3199999332428}}, {"type": "Feature", "geometry": {"type": "LineString", "coordinates": [[-89.5863822, 15.031545], [-89.5864885, 15.0319741]]}, "properties": {"osmid": "389631585", "oneway": "False", "lanes": "2", "ref": "CA-10", "name": "CA-10", "highway": "trunk", "maxspeed": NaN, "length": 49.06, "bridge": NaN, "tunnel": NaN, "access": NaN, "junction": NaN, "width": NaN, "est_width": NaN, "iri": 3.3199999332428}}, {"type": "Feature", "geometry": {"type": "LineString", "coordinates": [[-89.5864885, 15.0319741], [-89.5866767, 15.0327369]]}, "properties": {"osmid": "389631585", "oneway": "False", "lanes": "2", "ref": "CA-10", "name": "CA-10", "highway": "trunk", "maxspeed": NaN, "length": 87.194, "bridge": NaN, "tunnel": NaN, "access": NaN, "junction": NaN, "width": NaN, "est_width": NaN, "iri": 3.3199999332428}}, {"type": "Feature", "geometry": {"type": "LineString", "coordinates": [[-89.5866767, 15.0327369], [-89.5869111, 15.0342073]]}, "properties": {"osmid": "389631586", "oneway": "False", "lanes": "2", "ref": "CA-10", "name": "CA-10", "highway": "trunk", "maxspeed": NaN, "length": 165.428, "bridge": "yes", "tunnel": NaN, "access": NaN, "junction": NaN, "width": NaN, "est_width": NaN, "iri": 3.3199999332428}}, {"type": "Feature", "geometry": {"type": "LineString", "coordinates": [[-89.5869111, 15.0342073], [-89.5869249, 15.0344084]]}, "properties": {"osmid": "201129944", "oneway": "False", "lanes": "2", "ref": "CA-10", "name": "CA-10", "highway": "trunk", "maxspeed": NaN, "length": 22.41, "bridge": NaN, "tunnel": NaN, "access": NaN, "junction": NaN, "width": NaN, "est_width": NaN, "iri": 3.3199999332428}}, {"type": "Feature", "geometry": {"type": "LineString", "coordinates": [[-89.5869249, 15.0344084], [-89.5869406, 15.0347035]]}, "properties": {"osmid": "201129944", "oneway": "False", "lanes": "2", "ref": "CA-10", "name": "CA-10", "highway": "trunk", "maxspeed": NaN, "length": 32.857, "bridge": NaN, "tunnel": NaN, "access": NaN, "junction": NaN, "width": NaN, "est_width": NaN, "iri": 3.3199999332428}}, {"type": "Feature", "geometry": {"type": "LineString", "coordinates": [[-89.5869406, 15.0347035], [-89.5870993, 15.0350913]]}, "properties": {"osmid": "201129944", "oneway": "False", "lanes": "2", "ref": "CA-10", "name": "CA-10", "highway": "trunk", "maxspeed": NaN, "length": 46.367, "bridge": NaN, "tunnel": NaN, "access": NaN, "junction": NaN, "width": NaN, "est_width": NaN, "iri": 3.3199999332428}}, {"type": "Feature", "geometry": {"type": "LineString", "coordinates": [[-89.5870993, 15.0350913], [-89.5872913, 15.0354061]]}, "properties": {"osmid": "201129944", "oneway": "False", "lanes": "2", "ref": "CA-10", "name": "CA-10", "highway": "trunk", "maxspeed": NaN, "length": 40.625, "bridge": NaN, "tunnel": NaN, "access": NaN, "junction": NaN, "width": NaN, "est_width": NaN, "iri": 3.3199999332428}}, {"type": "Feature", "geometry": {"type": "LineString", "coordinates": [[-89.5872913, 15.0354061], [-89.5876357, 15.0357023]]}, "properties": {"osmid": "201129944", "oneway": "False", "lanes": "2", "ref": "CA-10", "name": "CA-10", "highway": "trunk", "maxspeed": NaN, "length": 49.524, "bridge": NaN, "tunnel": NaN, "access": NaN, "junction": NaN, "width": NaN, "est_width": NaN, "iri": 3.3199999332428}}, {"type": "Feature", "geometry": {"type": "LineString", "coordinates": [[-89.5876357, 15.0357023], [-89.5912592, 15.0377368]]}, "properties": {"osmid": "201129944", "oneway": "False", "lanes": "2", "ref": "CA-10", "name": "CA-10", "highway": "trunk", "maxspeed": NaN, "length": 450.103, "bridge": NaN, "tunnel": NaN, "access": NaN, "junction": NaN, "width": NaN, "est_width": NaN, "iri": 3.3199999332428}}, {"type": "Feature", "geometry": {"type": "LineString", "coordinates": [[-89.5912592, 15.0377368], [-89.5914787, 15.0379791]]}, "properties": {"osmid": "116670146", "oneway": "False", "lanes": "2", "ref": NaN, "name": NaN, "highway": "trunk", "maxspeed": NaN, "length": 35.798, "bridge": NaN, "tunnel": NaN, "access": NaN, "junction": NaN, "width": NaN, "est_width": NaN, "iri": 3.3199999332428}}, {"type": "Feature", "geometry": {"type": "LineString", "coordinates": [[-89.5914787, 15.0379791], [-89.5916018, 15.038226]]}, "properties": {"osmid": "116670146", "oneway": "False", "lanes": "2", "ref": NaN, "name": NaN, "highway": "trunk", "maxspeed": NaN, "length": 30.471, "bridge": NaN, "tunnel": NaN, "access": NaN, "junction": NaN, "width": NaN, "est_width": NaN, "iri": 3.3199999332428}}, {"type": "Feature", "geometry": {"type": "LineString", "coordinates": [[-89.5916018, 15.038226], [-89.5916389, 15.0384737]]}, "properties": {"osmid": "116670146", "oneway": "False", "lanes": "2", "ref": NaN, "name": NaN, "highway": "trunk", "maxspeed": NaN, "length": 27.83, "bridge": NaN, "tunnel": NaN, "access": NaN, "junction": NaN, "width": NaN, "est_width": NaN, "iri": 3.3199999332428}}, {"type": "Feature", "geometry": {"type": "LineString", "coordinates": [[-89.5916389, 15.0384737], [-89.5916376, 15.038566]]}, "properties": {"osmid": "116670146", "oneway": "False", "lanes": "2", "ref": NaN, "name": NaN, "highway": "trunk", "maxspeed": NaN, "length": 10.264, "bridge": NaN, "tunnel": NaN, "access": NaN, "junction": NaN, "width": NaN, "est_width": NaN, "iri": 3.3199999332428}}, {"type": "Feature", "geometry": {"type": "LineString", "coordinates": [[-89.5916376, 15.038566], [-89.5916317, 15.0386258]]}, "properties": {"osmid": "116670146", "oneway": "False", "lanes": "2", "ref": NaN, "name": NaN, "highway": "trunk", "maxspeed": NaN, "length": 6.68, "bridge": NaN, "tunnel": NaN, "access": NaN, "junction": NaN, "width": NaN, "est_width": NaN, "iri": 3.3199999332428}}, {"type": "Feature", "geometry": {"type": "LineString", "coordinates": [[-89.5916317, 15.0386258], [-89.5916232, 15.0386756]]}, "properties": {"osmid": "116670146", "oneway": "False", "lanes": "2", "ref": NaN, "name": NaN, "highway": "trunk", "maxspeed": NaN, "length": 5.612, "bridge": NaN, "tunnel": NaN, "access": NaN, "junction": NaN, "width": NaN, "est_width": NaN, "iri": 3.3199999332428}}, {"type": "Feature", "geometry": {"type": "LineString", "coordinates": [[-89.5916232, 15.0386756], [-89.5916038, 15.0387424]]}, "properties": {"osmid": "116670146", "oneway": "False", "lanes": "2", "ref": NaN, "name": NaN, "highway": "trunk", "maxspeed": NaN, "length": 7.714, "bridge": NaN, "tunnel": NaN, "access": NaN, "junction": NaN, "width": NaN, "est_width": NaN, "iri": 3.3199999332428}}, {"type": "Feature", "geometry": {"type": "LineString", "coordinates": [[-89.5916038, 15.0387424], [-89.5915866, 15.0387885]]}, "properties": {"osmid": "116670146", "oneway": "False", "lanes": "2", "ref": NaN, "name": NaN, "highway": "trunk", "maxspeed": NaN, "length": 5.449, "bridge": NaN, "tunnel": NaN, "access": NaN, "junction": NaN, "width": NaN, "est_width": NaN, "iri": 3.3199999332428}}, {"type": "Feature", "geometry": {"type": "LineString", "coordinates": [[-89.5915866, 15.0387885], [-89.5915649, 15.0388374]]}, "properties": {"osmid": "116670146", "oneway": "False", "lanes": "2", "ref": NaN, "name": NaN, "highway": "trunk", "maxspeed": NaN, "length": 5.916, "bridge": NaN, "tunnel": NaN, "access": NaN, "junction": NaN, "width": NaN, "est_width": NaN, "iri": 3.3199999332428}}, {"type": "Feature", "geometry": {"type": "LineString", "coordinates": [[-89.5915649, 15.0388374], [-89.5914867, 15.0389848]]}, "properties": {"osmid": "116670146", "oneway": "False", "lanes": "2", "ref": NaN, "name": NaN, "highway": "trunk", "maxspeed": NaN, "length": 18.416, "bridge": NaN, "tunnel": NaN, "access": NaN, "junction": NaN, "width": NaN, "est_width": NaN, "iri": 3.3199999332428}}, {"type": "Feature", "geometry": {"type": "LineString", "coordinates": [[-89.5914867, 15.0389848], [-89.5913069, 15.0391867]]}, "properties": {"osmid": "116670146", "oneway": "False", "lanes": "2", "ref": NaN, "name": NaN, "highway": "trunk", "maxspeed": NaN, "length": 29.611, "bridge": NaN, "tunnel": NaN, "access": NaN, "junction": NaN, "width": NaN, "est_width": NaN, "iri": 3.3199999332428}}, {"type": "Feature", "geometry": {"type": "LineString", "coordinates": [[-89.5913069, 15.0391867], [-89.5910377, 15.0393648]]}, "properties": {"osmid": "116670146", "oneway": "False", "lanes": "2", "ref": NaN, "name": NaN, "highway": "trunk", "maxspeed": NaN, "length": 35.041, "bridge": NaN, "tunnel": NaN, "access": NaN, "junction": NaN, "width": NaN, "est_width": NaN, "iri": 3.3199999332428}}, {"type": "Feature", "geometry": {"type": "LineString", "coordinates": [[-89.5910377, 15.0393648], [-89.5908804, 15.0394385]]}, "properties": {"osmid": "773652699", "oneway": "False", "lanes": "2", "ref": "CA-9", "name": "Carretera Presidente Coronel Jacobo \u00c1rbenz Guzm\u00e1n", "highway": "trunk", "maxspeed": "80", "length": 18.775, "bridge": NaN, "tunnel": NaN, "access": NaN, "junction": NaN, "width": NaN, "est_width": NaN, "iri": 3.3199999332428}}, {"type": "Feature", "geometry": {"type": "LineString", "coordinates": [[-89.5908804, 15.0394385], [-89.5892497, 15.0400105]]}, "properties": {"osmid": "773652699", "oneway": "False", "lanes": "2", "ref": "CA-9", "name": "Carretera Presidente Coronel Jacobo \u00c1rbenz Guzm\u00e1n", "highway": "trunk", "maxspeed": "80", "length": 186.308, "bridge": NaN, "tunnel": NaN, "access": NaN, "junction": NaN, "width": NaN, "est_width": NaN, "iri": 3.3199999332428}}, {"type": "Feature", "geometry": {"type": "LineString", "coordinates": [[-89.5892497, 15.0400105], [-89.5891413, 15.0400485]]}, "properties": {"osmid": "773652699", "oneway": "False", "lanes": "2", "ref": "CA-9", "name": "Carretera Presidente Coronel Jacobo \u00c1rbenz Guzm\u00e1n", "highway": "trunk", "maxspeed": "80", "length": 12.384, "bridge": NaN, "tunnel": NaN, "access": NaN, "junction": NaN, "width": NaN, "est_width": NaN, "iri": 3.3199999332428}}, {"type": "Feature", "geometry": {"type": "LineString", "coordinates": [[-89.5891413, 15.0400485], [-89.5885018, 15.040265]]}, "properties": {"osmid": "275510059", "oneway": "False", "lanes": "2", "ref": "CA-9", "name": "Carretera Presidente Coronel Jacobo \u00c1rbenz Guzm\u00e1n", "highway": "trunk", "maxspeed": NaN, "length": 72.771, "bridge": "yes", "tunnel": NaN, "access": NaN, "junction": NaN, "width": NaN, "est_width": NaN, "iri": 3.3199999332428}}, {"type": "Feature", "geometry": {"type": "LineString", "coordinates": [[-89.5885018, 15.040265], [-89.5875027, 15.0406069]]}, "properties": {"osmid": "275507166", "oneway": "False", "lanes": "2", "ref": "CA-9", "name": "Carretera Presidente Coronel Jacobo \u00c1rbenz Guzm\u00e1n", "highway": "trunk", "maxspeed": NaN, "length": 113.826, "bridge": NaN, "tunnel": NaN, "access": NaN, "junction": NaN, "width": NaN, "est_width": NaN, "iri": 3.3199999332428}}, {"type": "Feature", "geometry": {"type": "LineString", "coordinates": [[-89.5875027, 15.0406069], [-89.5870994, 15.0407619]]}, "properties": {"osmid": "275507166", "oneway": "False", "lanes": "2", "ref": "CA-9", "name": "Carretera Presidente Coronel Jacobo \u00c1rbenz Guzm\u00e1n", "highway": "trunk", "maxspeed": NaN, "length": 46.612, "bridge": NaN, "tunnel": NaN, "access": NaN, "junction": NaN, "width": NaN, "est_width": NaN, "iri": 3.3199999332428}}, {"type": "Feature", "geometry": {"type": "LineString", "coordinates": [[-89.5870994, 15.0407619], [-89.5867443, 15.0409606]]}, "properties": {"osmid": "275507166", "oneway": "False", "lanes": "2", "ref": "CA-9", "name": "Carretera Presidente Coronel Jacobo \u00c1rbenz Guzm\u00e1n", "highway": "trunk", "maxspeed": NaN, "length": 44.071, "bridge": NaN, "tunnel": NaN, "access": NaN, "junction": NaN, "width": NaN, "est_width": NaN, "iri": 3.3199999332428}}, {"type": "Feature", "geometry": {"type": "LineString", "coordinates": [[-89.5867443, 15.0409606], [-89.5866093, 15.0410482]]}, "properties": {"osmid": "275507166", "oneway": "False", "lanes": "2", "ref": "CA-9", "name": "Carretera Presidente Coronel Jacobo \u00c1rbenz Guzm\u00e1n", "highway": "trunk", "maxspeed": NaN, "length": 17.466, "bridge": NaN, "tunnel": NaN, "access": NaN, "junction": NaN, "width": NaN, "est_width": NaN, "iri": 3.3199999332428}}, {"type": "Feature", "geometry": {"type": "LineString", "coordinates": [[-89.5866093, 15.0410482], [-89.585251, 15.0419568]]}, "properties": {"osmid": "275507166", "oneway": "False", "lanes": "2", "ref": "CA-9", "name": "Carretera Presidente Coronel Jacobo \u00c1rbenz Guzm\u00e1n", "highway": "trunk", "maxspeed": NaN, "length": 177.435, "bridge": NaN, "tunnel": NaN, "access": NaN, "junction": NaN, "width": NaN, "est_width": NaN, "iri": 3.3199999332428}}, {"type": "Feature", "geometry": {"type": "LineString", "coordinates": [[-89.585251, 15.0419568], [-89.5850754, 15.0420626]]}, "properties": {"osmid": "275507166", "oneway": "False", "lanes": "2", "ref": "CA-9", "name": "Carretera Presidente Coronel Jacobo \u00c1rbenz Guzm\u00e1n", "highway": "trunk", "maxspeed": NaN, "length": 22.226, "bridge": NaN, "tunnel": NaN, "access": NaN, "junction": NaN, "width": NaN, "est_width": NaN, "iri": 3.3199999332428}}, {"type": "Feature", "geometry": {"type": "LineString", "coordinates": [[-89.5850754, 15.0420626], [-89.5848207, 15.0422084]]}, "properties": {"osmid": "275507166", "oneway": "False", "lanes": "2", "ref": "CA-9", "name": "Carretera Presidente Coronel Jacobo \u00c1rbenz Guzm\u00e1n", "highway": "trunk", "maxspeed": NaN, "length": 31.795, "bridge": NaN, "tunnel": NaN, "access": NaN, "junction": NaN, "width": NaN, "est_width": NaN, "iri": 3.3199999332428}}, {"type": "Feature", "geometry": {"type": "LineString", "coordinates": [[-89.5848207, 15.0422084], [-89.5844853, 15.0423748]]}, "properties": {"osmid": "275507166", "oneway": "False", "lanes": "2", "ref": "CA-9", "name": "Carretera Presidente Coronel Jacobo \u00c1rbenz Guzm\u00e1n", "highway": "trunk", "maxspeed": NaN, "length": 40.492, "bridge": NaN, "tunnel": NaN, "access": NaN, "junction": NaN, "width": NaN, "est_width": NaN, "iri": 3.3199999332428}}, {"type": "Feature", "geometry": {"type": "LineString", "coordinates": [[-89.5844853, 15.0423748], [-89.5840685, 15.0424726]]}, "properties": {"osmid": "275507166", "oneway": "False", "lanes": "2", "ref": "CA-9", "name": "Carretera Presidente Coronel Jacobo \u00c1rbenz Guzm\u00e1n", "highway": "trunk", "maxspeed": NaN, "length": 46.06, "bridge": NaN, "tunnel": NaN, "access": NaN, "junction": NaN, "width": NaN, "est_width": NaN, "iri": 3.3199999332428}}, {"type": "Feature", "geometry": {"type": "LineString", "coordinates": [[-89.5840685, 15.0424726], [-89.5824238, 15.0425595]]}, "properties": {"osmid": "275507166", "oneway": "False", "lanes": "2", "ref": "CA-9", "name": "Carretera Presidente Coronel Jacobo \u00c1rbenz Guzm\u00e1n", "highway": "trunk", "maxspeed": NaN, "length": 176.88, "bridge": NaN, "tunnel": NaN, "access": NaN, "junction": NaN, "width": NaN, "est_width": NaN, "iri": 3.3199999332428}}, {"type": "Feature", "geometry": {"type": "LineString", "coordinates": [[-89.5824238, 15.0425595], [-89.5796313, 15.0426851]]}, "properties": {"osmid": "275507166", "oneway": "False", "lanes": "2", "ref": "CA-9", "name": "Carretera Presidente Coronel Jacobo \u00c1rbenz Guzm\u00e1n", "highway": "trunk", "maxspeed": NaN, "length": 300.197, "bridge": NaN, "tunnel": NaN, "access": NaN, "junction": NaN, "width": NaN, "est_width": NaN, "iri": 3.3199999332428}}, {"type": "Feature", "geometry": {"type": "LineString", "coordinates": [[-89.5796313, 15.0426851], [-89.5780377, 15.0427455]]}, "properties": {"osmid": "275507166", "oneway": "False", "lanes": "2", "ref": "CA-9", "name": "Carretera Presidente Coronel Jacobo \u00c1rbenz Guzm\u00e1n", "highway": "trunk", "maxspeed": NaN, "length": 171.26, "bridge": NaN, "tunnel": NaN, "access": NaN, "junction": NaN, "width": NaN, "est_width": NaN, "iri": 3.3199999332428}}, {"type": "Feature", "geometry": {"type": "LineString", "coordinates": [[-89.5780377, 15.0427455], [-89.5773871, 15.0428014]]}, "properties": {"osmid": "275507166", "oneway": "False", "lanes": "2", "ref": "CA-9", "name": "Carretera Presidente Coronel Jacobo \u00c1rbenz Guzm\u00e1n", "highway": "trunk", "maxspeed": NaN, "length": 70.14, "bridge": NaN, "tunnel": NaN, "access": NaN, "junction": NaN, "width": NaN, "est_width": NaN, "iri": 3.3199999332428}}, {"type": "Feature", "geometry": {"type": "LineString", "coordinates": [[-89.5773871, 15.0428014], [-89.5768279, 15.0429525]]}, "properties": {"osmid": "275507166", "oneway": "False", "lanes": "2", "ref": "CA-9", "name": "Carretera Presidente Coronel Jacobo \u00c1rbenz Guzm\u00e1n", "highway": "trunk", "maxspeed": NaN, "length": 62.356, "bridge": NaN, "tunnel": NaN, "access": NaN, "junction": NaN, "width": NaN, "est_width": NaN, "iri": 3.3199999332428}}, {"type": "Feature", "geometry": {"type": "LineString", "coordinates": [[-89.5768279, 15.0429525], [-89.576392, 15.0431705]]}, "properties": {"osmid": "275507166", "oneway": "False", "lanes": "2", "ref": "CA-9", "name": "Carretera Presidente Coronel Jacobo \u00c1rbenz Guzm\u00e1n", "highway": "trunk", "maxspeed": NaN, "length": 52.713, "bridge": NaN, "tunnel": NaN, "access": NaN, "junction": NaN, "width": NaN, "est_width": NaN, "iri": 3.3199999332428}}, {"type": "Feature", "geometry": {"type": "LineString", "coordinates": [[-89.576392, 15.0431705], [-89.5750944, 15.0440163]]}, "properties": {"osmid": "275507166", "oneway": "False", "lanes": "2", "ref": "CA-9", "name": "Carretera Presidente Coronel Jacobo \u00c1rbenz Guzm\u00e1n", "highway": "trunk", "maxspeed": NaN, "length": 168.111, "bridge": NaN, "tunnel": NaN, "access": NaN, "junction": NaN, "width": NaN, "est_width": NaN, "iri": 3.3199999332428}}, {"type": "Feature", "geometry": {"type": "LineString", "coordinates": [[-89.5750944, 15.0440163], [-89.5715776, 15.0463108]]}, "properties": {"osmid": "275507166", "oneway": "False", "lanes": "2", "ref": "CA-9", "name": "Carretera Presidente Coronel Jacobo \u00c1rbenz Guzm\u00e1n", "highway": "trunk", "maxspeed": NaN, "length": 455.754, "bridge": NaN, "tunnel": NaN, "access": NaN, "junction": NaN, "width": NaN, "est_width": NaN, "iri": 3.3199999332428}}, {"type": "Feature", "geometry": {"type": "LineString", "coordinates": [[-89.5715776, 15.0463108], [-89.5670803, 15.04929]]}, "properties": {"osmid": "275507166", "oneway": "False", "lanes": "2", "ref": "CA-9", "name": "Carretera Presidente Coronel Jacobo \u00c1rbenz Guzm\u00e1n", "highway": "trunk", "maxspeed": NaN, "length": 585.63, "bridge": NaN, "tunnel": NaN, "access": NaN, "junction": NaN, "width": NaN, "est_width": NaN, "iri": 3.3199999332428}}, {"type": "Feature", "geometry": {"type": "LineString", "coordinates": [[-89.5670803, 15.04929], [-89.566751, 15.0495081]]}, "properties": {"osmid": "275507166", "oneway": "False", "lanes": "2", "ref": "CA-9", "name": "Carretera Presidente Coronel Jacobo \u00c1rbenz Guzm\u00e1n", "highway": "trunk", "maxspeed": NaN, "length": 42.878, "bridge": NaN, "tunnel": NaN, "access": NaN, "junction": NaN, "width": NaN, "est_width": NaN, "iri": 3.3199999332428}}, {"type": "Feature", "geometry": {"type": "LineString", "coordinates": [[-89.566751, 15.0495081], [-89.5658994, 15.0500655]]}, "properties": {"osmid": "275507166", "oneway": "False", "lanes": "2", "ref": "CA-9", "name": "Carretera Presidente Coronel Jacobo \u00c1rbenz Guzm\u00e1n", "highway": "trunk", "maxspeed": NaN, "length": 110.471, "bridge": NaN, "tunnel": NaN, "access": NaN, "junction": NaN, "width": NaN, "est_width": NaN, "iri": 3.3199999332428}}]}